case,stage,family,n,m,seed,source,arm,round,position,ns,width,prep_ns
1,calibration,sparse_uniform,2000,9049,42,0,grid_0.75,0,0,180600,38.211639159760225,5700
1,calibration,sparse_uniform,2000,9049,42,0,grid_1,0,1,182100,50.94885221301364,5700
1,calibration,sparse_uniform,2000,9049,42,0,grid_0.1,0,2,239300,5.0948852213013645,5700
1,calibration,sparse_uniform,2000,9049,42,0,grid_2,0,3,156200,101.89770442602727,5700
1,calibration,sparse_uniform,2000,9049,42,0,grid_16,0,4,164000,815.1816354082182,5700
1,calibration,sparse_uniform,2000,9049,42,0,grid_0.25,0,5,219900,12.73721305325341,5700
1,calibration,sparse_uniform,2000,9049,42,0,grid_0.5,0,6,195200,25.47442610650682,5700
1,calibration,sparse_uniform,2000,9049,42,0,grid_0.03125,0,7,298700,1.5921516316566762,5700
1,calibration,sparse_uniform,2000,9049,42,0,grid_1.5,0,8,169400,76.42327831952045,5700
1,calibration,sparse_uniform,2000,9049,42,0,grid_4,0,9,172600,203.79540885205455,5700
1,calibration,sparse_uniform,2000,9049,42,0,grid_8,0,10,184400,407.5908177041091,5700
1,calibration,sparse_uniform,2000,9049,42,0,grid_0.05,0,11,548400,2.5474426106506822,5700
1,calibration,sparse_uniform,2000,9049,42,0,grid_0.05,1,0,293700,2.5474426106506822,5700
1,calibration,sparse_uniform,2000,9049,42,0,grid_8,1,1,198300,407.5908177041091,5700
1,calibration,sparse_uniform,2000,9049,42,0,grid_4,1,2,168900,203.79540885205455,5700
1,calibration,sparse_uniform,2000,9049,42,0,grid_1.5,1,3,163600,76.42327831952045,5700
1,calibration,sparse_uniform,2000,9049,42,0,grid_0.03125,1,4,272100,1.5921516316566762,5700
1,calibration,sparse_uniform,2000,9049,42,0,grid_0.5,1,5,191600,25.47442610650682,5700
1,calibration,sparse_uniform,2000,9049,42,0,grid_0.25,1,6,275400,12.73721305325341,5700
1,calibration,sparse_uniform,2000,9049,42,0,grid_16,1,7,181400,815.1816354082182,5700
1,calibration,sparse_uniform,2000,9049,42,0,grid_2,1,8,340400,101.89770442602727,5700
1,calibration,sparse_uniform,2000,9049,42,0,grid_0.1,1,9,674500,5.0948852213013645,5700
1,calibration,sparse_uniform,2000,9049,42,0,grid_1,1,10,473900,50.94885221301364,5700
1,calibration,sparse_uniform,2000,9049,42,0,grid_0.75,1,11,189600,38.211639159760225,5700
1,calibration,sparse_uniform,2000,9049,42,0,grid_1,2,0,186300,50.94885221301364,5700
1,calibration,sparse_uniform,2000,9049,42,0,grid_0.75,2,1,185600,38.211639159760225,5700
1,calibration,sparse_uniform,2000,9049,42,0,grid_1.5,2,2,178300,76.42327831952045,5700
1,calibration,sparse_uniform,2000,9049,42,0,grid_4,2,3,166100,203.79540885205455,5700
1,calibration,sparse_uniform,2000,9049,42,0,grid_0.03125,2,4,279300,1.5921516316566762,5700
1,calibration,sparse_uniform,2000,9049,42,0,grid_0.05,2,5,291300,2.5474426106506822,5700
1,calibration,sparse_uniform,2000,9049,42,0,grid_0.25,2,6,221800,12.73721305325341,5700
1,calibration,sparse_uniform,2000,9049,42,0,grid_16,2,7,182200,815.1816354082182,5700
1,calibration,sparse_uniform,2000,9049,42,0,grid_0.1,2,8,229700,5.0948852213013645,5700
1,calibration,sparse_uniform,2000,9049,42,0,grid_0.5,2,9,192700,25.47442610650682,5700
1,calibration,sparse_uniform,2000,9049,42,0,grid_8,2,10,174400,407.5908177041091,5700
1,calibration,sparse_uniform,2000,9049,42,0,grid_2,2,11,158000,101.89770442602727,5700
1,calibration,sparse_uniform,2000,9049,42,0,grid_2,3,0,159200,101.89770442602727,5700
1,calibration,sparse_uniform,2000,9049,42,0,grid_8,3,1,176800,407.5908177041091,5700
1,calibration,sparse_uniform,2000,9049,42,0,grid_0.5,3,2,188000,25.47442610650682,5700
1,calibration,sparse_uniform,2000,9049,42,0,grid_0.1,3,3,229800,5.0948852213013645,5700
1,calibration,sparse_uniform,2000,9049,42,0,grid_16,3,4,176900,815.1816354082182,5700
1,calibration,sparse_uniform,2000,9049,42,0,grid_0.25,3,5,325600,12.73721305325341,5700
1,calibration,sparse_uniform,2000,9049,42,0,grid_0.05,3,6,319000,2.5474426106506822,5700
1,calibration,sparse_uniform,2000,9049,42,0,grid_0.03125,3,7,359600,1.5921516316566762,5700
1,calibration,sparse_uniform,2000,9049,42,0,grid_4,3,8,233100,203.79540885205455,5700
1,calibration,sparse_uniform,2000,9049,42,0,grid_1.5,3,9,221300,76.42327831952045,5700
1,calibration,sparse_uniform,2000,9049,42,0,grid_0.75,3,10,225500,38.211639159760225,5700
1,calibration,sparse_uniform,2000,9049,42,0,grid_1,3,11,212200,50.94885221301364,5700
1,calibration,sparse_uniform,2000,9049,42,0,grid_0.03125,4,0,292900,1.5921516316566762,5700
1,calibration,sparse_uniform,2000,9049,42,0,grid_0.1,4,1,243500,5.0948852213013645,5700
1,calibration,sparse_uniform,2000,9049,42,0,grid_4,4,2,167600,203.79540885205455,5700
1,calibration,sparse_uniform,2000,9049,42,0,grid_2,4,3,152700,101.89770442602727,5700
1,calibration,sparse_uniform,2000,9049,42,0,grid_0.5,4,4,187000,25.47442610650682,5700
1,calibration,sparse_uniform,2000,9049,42,0,grid_8,4,5,191900,407.5908177041091,5700
1,calibration,sparse_uniform,2000,9049,42,0,grid_0.05,4,6,248700,2.5474426106506822,5700
1,calibration,sparse_uniform,2000,9049,42,0,grid_0.75,4,7,179800,38.211639159760225,5700
1,calibration,sparse_uniform,2000,9049,42,0,grid_1.5,4,8,167400,76.42327831952045,5700
1,calibration,sparse_uniform,2000,9049,42,0,grid_0.25,4,9,206000,12.73721305325341,5700
1,calibration,sparse_uniform,2000,9049,42,0,grid_16,4,10,189800,815.1816354082182,5700
1,calibration,sparse_uniform,2000,9049,42,0,grid_1,4,11,217800,50.94885221301364,5700
1,calibration,sparse_uniform,2000,9049,42,0,grid_1,5,0,175200,50.94885221301364,5700
1,calibration,sparse_uniform,2000,9049,42,0,grid_16,5,1,191100,815.1816354082182,5700
1,calibration,sparse_uniform,2000,9049,42,0,grid_0.25,5,2,208400,12.73721305325341,5700
1,calibration,sparse_uniform,2000,9049,42,0,grid_1.5,5,3,207500,76.42327831952045,5700
1,calibration,sparse_uniform,2000,9049,42,0,grid_0.75,5,4,179800,38.211639159760225,5700
1,calibration,sparse_uniform,2000,9049,42,0,grid_0.05,5,5,255900,2.5474426106506822,5700
1,calibration,sparse_uniform,2000,9049,42,0,grid_8,5,6,217000,407.5908177041091,5700
1,calibration,sparse_uniform,2000,9049,42,0,grid_0.5,5,7,208000,25.47442610650682,5700
1,calibration,sparse_uniform,2000,9049,42,0,grid_2,5,8,161300,101.89770442602727,5700
1,calibration,sparse_uniform,2000,9049,42,0,grid_4,5,9,169300,203.79540885205455,5700
1,calibration,sparse_uniform,2000,9049,42,0,grid_0.1,5,10,239300,5.0948852213013645,5700
1,calibration,sparse_uniform,2000,9049,42,0,grid_0.03125,5,11,272400,1.5921516316566762,5700
1,laws,sparse_uniform,2000,9049,42,667,mean_degree,0,0,217700,11.26065912543124,5700
1,laws,sparse_uniform,2000,9049,42,667,selected_grid,0,1,338800,101.89770442602727,16447000
1,laws,sparse_uniform,2000,9049,42,667,degree4,0,2,341900,0,101000
1,laws,sparse_uniform,2000,9049,42,667,max_maxdegree,0,3,207700,12.498076516784975,20700
1,laws,sparse_uniform,2000,9049,42,667,mean_ring,0,4,169400,50.94885221301364,5700
1,laws,sparse_uniform,2000,9049,42,667,binary,0,5,292600,0,0
1,laws,sparse_uniform,2000,9049,42,667,caliber,0,6,250300,0,27200
1,laws,sparse_uniform,2000,9049,42,667,std_binary,0,7,282100,0,0
1,laws,sparse_uniform,2000,9049,42,667,fourary,0,8,293000,0,0
1,laws,sparse_uniform,2000,9049,42,667,mean_map,0,9,176000,50.94885221301364,5700
1,laws,sparse_uniform,2000,9049,42,667,mean_map,1,0,169200,50.94885221301364,5700
1,laws,sparse_uniform,2000,9049,42,667,fourary,1,1,276800,0,0
1,laws,sparse_uniform,2000,9049,42,667,std_binary,1,2,269000,0,0
1,laws,sparse_uniform,2000,9049,42,667,caliber,1,3,251100,0,27200
1,laws,sparse_uniform,2000,9049,42,667,binary,1,4,442100,0,0
1,laws,sparse_uniform,2000,9049,42,667,mean_ring,1,5,169700,50.94885221301364,5700
1,laws,sparse_uniform,2000,9049,42,667,max_maxdegree,1,6,215600,12.498076516784975,20700
1,laws,sparse_uniform,2000,9049,42,667,degree4,1,7,319800,0,101000
1,laws,sparse_uniform,2000,9049,42,667,selected_grid,1,8,170700,101.89770442602727,16447000
1,laws,sparse_uniform,2000,9049,42,667,mean_degree,1,9,215400,11.26065912543124,5700
1,laws,sparse_uniform,2000,9049,42,667,mean_degree,2,0,209600,11.26065912543124,5700
1,laws,sparse_uniform,2000,9049,42,667,max_maxdegree,2,1,211900,12.498076516784975,20700
1,laws,sparse_uniform,2000,9049,42,667,binary,2,2,288300,0,0
1,laws,sparse_uniform,2000,9049,42,667,degree4,2,3,321300,0,101000
1,laws,sparse_uniform,2000,9049,42,667,caliber,2,4,252500,0,27200
1,laws,sparse_uniform,2000,9049,42,667,selected_grid,2,5,166000,101.89770442602727,16447000
1,laws,sparse_uniform,2000,9049,42,667,std_binary,2,6,466100,0,0
1,laws,sparse_uniform,2000,9049,42,667,mean_map,2,7,182200,50.94885221301364,5700
1,laws,sparse_uniform,2000,9049,42,667,mean_ring,2,8,159700,50.94885221301364,5700
1,laws,sparse_uniform,2000,9049,42,667,fourary,2,9,283100,0,0
1,laws,sparse_uniform,2000,9049,42,667,fourary,3,0,280500,0,0
1,laws,sparse_uniform,2000,9049,42,667,mean_ring,3,1,152600,50.94885221301364,5700
1,laws,sparse_uniform,2000,9049,42,667,mean_map,3,2,166000,50.94885221301364,5700
1,laws,sparse_uniform,2000,9049,42,667,std_binary,3,3,277400,0,0
1,laws,sparse_uniform,2000,9049,42,667,selected_grid,3,4,160200,101.89770442602727,16447000
1,laws,sparse_uniform,2000,9049,42,667,caliber,3,5,257900,0,27200
1,laws,sparse_uniform,2000,9049,42,667,degree4,3,6,371500,0,101000
1,laws,sparse_uniform,2000,9049,42,667,binary,3,7,420900,0,0
1,laws,sparse_uniform,2000,9049,42,667,max_maxdegree,3,8,209500,12.498076516784975,20700
1,laws,sparse_uniform,2000,9049,42,667,mean_degree,3,9,234100,11.26065912543124,5700
1,laws,sparse_uniform,2000,9049,42,667,caliber,4,0,304500,0,27200
1,laws,sparse_uniform,2000,9049,42,667,mean_map,4,1,191900,50.94885221301364,5700
1,laws,sparse_uniform,2000,9049,42,667,fourary,4,2,298800,0,0
1,laws,sparse_uniform,2000,9049,42,667,max_maxdegree,4,3,206000,12.498076516784975,20700
1,laws,sparse_uniform,2000,9049,42,667,mean_ring,4,4,172600,50.94885221301364,5700
1,laws,sparse_uniform,2000,9049,42,667,mean_degree,4,5,208400,11.26065912543124,5700
1,laws,sparse_uniform,2000,9049,42,667,selected_grid,4,6,160400,101.89770442602727,16447000
1,laws,sparse_uniform,2000,9049,42,667,std_binary,4,7,279000,0,0
1,laws,sparse_uniform,2000,9049,42,667,degree4,4,8,331900,0,101000
1,laws,sparse_uniform,2000,9049,42,667,binary,4,9,292200,0,0
1,laws,sparse_uniform,2000,9049,42,667,binary,5,0,616700,0,0
1,laws,sparse_uniform,2000,9049,42,667,degree4,5,1,364800,0,101000
1,laws,sparse_uniform,2000,9049,42,667,std_binary,5,2,277900,0,0
1,laws,sparse_uniform,2000,9049,42,667,selected_grid,5,3,170100,101.89770442602727,16447000
1,laws,sparse_uniform,2000,9049,42,667,mean_degree,5,4,209700,11.26065912543124,5700
1,laws,sparse_uniform,2000,9049,42,667,mean_ring,5,5,165000,50.94885221301364,5700
1,laws,sparse_uniform,2000,9049,42,667,max_maxdegree,5,6,202800,12.498076516784975,20700
1,laws,sparse_uniform,2000,9049,42,667,fourary,5,7,298700,0,0
1,laws,sparse_uniform,2000,9049,42,667,mean_map,5,8,176700,50.94885221301364,5700
1,laws,sparse_uniform,2000,9049,42,667,caliber,5,9,263400,0,27200
1,laws,sparse_uniform,2000,9049,42,667,std_binary,6,0,286900,0,0
1,laws,sparse_uniform,2000,9049,42,667,mean_degree,6,1,208200,11.26065912543124,5700
1,laws,sparse_uniform,2000,9049,42,667,binary,6,2,298200,0,0
1,laws,sparse_uniform,2000,9049,42,667,selected_grid,6,3,163700,101.89770442602727,16447000
1,laws,sparse_uniform,2000,9049,42,667,max_maxdegree,6,4,211300,12.498076516784975,20700
1,laws,sparse_uniform,2000,9049,42,667,mean_map,6,5,215300,50.94885221301364,5700
1,laws,sparse_uniform,2000,9049,42,667,mean_ring,6,6,167800,50.94885221301364,5700
1,laws,sparse_uniform,2000,9049,42,667,fourary,6,7,293700,0,0
1,laws,sparse_uniform,2000,9049,42,667,caliber,6,8,263100,0,27200
1,laws,sparse_uniform,2000,9049,42,667,degree4,6,9,329500,0,101000
1,laws,sparse_uniform,2000,9049,42,667,degree4,7,0,315300,0,101000
1,laws,sparse_uniform,2000,9049,42,667,caliber,7,1,257100,0,27200
1,laws,sparse_uniform,2000,9049,42,667,fourary,7,2,306900,0,0
1,laws,sparse_uniform,2000,9049,42,667,mean_ring,7,3,162900,50.94885221301364,5700
1,laws,sparse_uniform,2000,9049,42,667,mean_map,7,4,177000,50.94885221301364,5700
1,laws,sparse_uniform,2000,9049,42,667,max_maxdegree,7,5,205000,12.498076516784975,20700
1,laws,sparse_uniform,2000,9049,42,667,selected_grid,7,6,171100,101.89770442602727,16447000
1,laws,sparse_uniform,2000,9049,42,667,binary,7,7,316600,0,0
1,laws,sparse_uniform,2000,9049,42,667,mean_degree,7,8,207800,11.26065912543124,5700
1,laws,sparse_uniform,2000,9049,42,667,std_binary,7,9,280900,0,0
1,laws,sparse_uniform,2000,9049,42,1333,mean_degree,0,0,207500,11.26065912543124,5700
1,laws,sparse_uniform,2000,9049,42,1333,mean_map,0,1,248700,50.94885221301364,5700
1,laws,sparse_uniform,2000,9049,42,1333,degree4,0,2,324400,0,101000
1,laws,sparse_uniform,2000,9049,42,1333,selected_grid,0,3,153500,101.89770442602727,16447000
1,laws,sparse_uniform,2000,9049,42,1333,mean_ring,0,4,162000,50.94885221301364,5700
1,laws,sparse_uniform,2000,9049,42,1333,binary,0,5,323600,0,0
1,laws,sparse_uniform,2000,9049,42,1333,caliber,0,6,256900,0,27200
1,laws,sparse_uniform,2000,9049,42,1333,fourary,0,7,309300,0,0
1,laws,sparse_uniform,2000,9049,42,1333,max_maxdegree,0,8,213400,12.498076516784975,20700
1,laws,sparse_uniform,2000,9049,42,1333,std_binary,0,9,288500,0,0
1,laws,sparse_uniform,2000,9049,42,1333,std_binary,1,0,290300,0,0
1,laws,sparse_uniform,2000,9049,42,1333,max_maxdegree,1,1,211300,12.498076516784975,20700
1,laws,sparse_uniform,2000,9049,42,1333,fourary,1,2,330200,0,0
1,laws,sparse_uniform,2000,9049,42,1333,caliber,1,3,257900,0,27200
1,laws,sparse_uniform,2000,9049,42,1333,binary,1,4,289800,0,0
1,laws,sparse_uniform,2000,9049,42,1333,mean_ring,1,5,173000,50.94885221301364,5700
1,laws,sparse_uniform,2000,9049,42,1333,selected_grid,1,6,170600,101.89770442602727,16447000
1,laws,sparse_uniform,2000,9049,42,1333,degree4,1,7,391800,0,101000
1,laws,sparse_uniform,2000,9049,42,1333,mean_map,1,8,194500,50.94885221301364,5700
1,laws,sparse_uniform,2000,9049,42,1333,mean_degree,1,9,210500,11.26065912543124,5700
1,laws,sparse_uniform,2000,9049,42,1333,degree4,2,0,465600,0,101000
1,laws,sparse_uniform,2000,9049,42,1333,mean_map,2,1,199000,50.94885221301364,5700
1,laws,sparse_uniform,2000,9049,42,1333,fourary,2,2,292800,0,0
1,laws,sparse_uniform,2000,9049,42,1333,max_maxdegree,2,3,230100,12.498076516784975,20700
1,laws,sparse_uniform,2000,9049,42,1333,binary,2,4,298500,0,0
1,laws,sparse_uniform,2000,9049,42,1333,selected_grid,2,5,158600,101.89770442602727,16447000
1,laws,sparse_uniform,2000,9049,42,1333,mean_degree,2,6,216000,11.26065912543124,5700
1,laws,sparse_uniform,2000,9049,42,1333,caliber,2,7,258700,0,27200
1,laws,sparse_uniform,2000,9049,42,1333,std_binary,2,8,298200,0,0
1,laws,sparse_uniform,2000,9049,42,1333,mean_ring,2,9,166200,50.94885221301364,5700
1,laws,sparse_uniform,2000,9049,42,1333,mean_ring,3,0,157200,50.94885221301364,5700
1,laws,sparse_uniform,2000,9049,42,1333,std_binary,3,1,341300,0,0
1,laws,sparse_uniform,2000,9049,42,1333,caliber,3,2,259700,0,27200
1,laws,sparse_uniform,2000,9049,42,1333,mean_degree,3,3,222100,11.26065912543124,5700
1,laws,sparse_uniform,2000,9049,42,1333,selected_grid,3,4,160900,101.89770442602727,16447000
1,laws,sparse_uniform,2000,9049,42,1333,binary,3,5,307200,0,0
1,laws,sparse_uniform,2000,9049,42,1333,max_maxdegree,3,6,216600,12.498076516784975,20700
1,laws,sparse_uniform,2000,9049,42,1333,fourary,3,7,303700,0,0
1,laws,sparse_uniform,2000,9049,42,1333,mean_map,3,8,190100,50.94885221301364,5700
1,laws,sparse_uniform,2000,9049,42,1333,degree4,3,9,333000,0,101000
1,laws,sparse_uniform,2000,9049,42,1333,degree4,4,0,320200,0,101000
1,laws,sparse_uniform,2000,9049,42,1333,mean_degree,4,1,223800,11.26065912543124,5700
1,laws,sparse_uniform,2000,9049,42,1333,fourary,4,2,287100,0,0
1,laws,sparse_uniform,2000,9049,42,1333,mean_map,4,3,173800,50.94885221301364,5700
1,laws,sparse_uniform,2000,9049,42,1333,caliber,4,4,259500,0,27200
1,laws,sparse_uniform,2000,9049,42,1333,std_binary,4,5,303300,0,0
1,laws,sparse_uniform,2000,9049,42,1333,mean_ring,4,6,172900,50.94885221301364,5700
1,laws,sparse_uniform,2000,9049,42,1333,binary,4,7,305300,0,0
1,laws,sparse_uniform,2000,9049,42,1333,max_maxdegree,4,8,220900,12.498076516784975,20700
1,laws,sparse_uniform,2000,9049,42,1333,selected_grid,4,9,169000,101.89770442602727,16447000
1,laws,sparse_uniform,2000,9049,42,1333,selected_grid,5,0,156800,101.89770442602727,16447000
1,laws,sparse_uniform,2000,9049,42,1333,max_maxdegree,5,1,209200,12.498076516784975,20700
1,laws,sparse_uniform,2000,9049,42,1333,binary,5,2,307000,0,0
1,laws,sparse_uniform,2000,9049,42,1333,mean_ring,5,3,191300,50.94885221301364,5700
1,laws,sparse_uniform,2000,9049,42,1333,std_binary,5,4,293000,0,0
1,laws,sparse_uniform,2000,9049,42,1333,caliber,5,5,258500,0,27200
1,laws,sparse_uniform,2000,9049,42,1333,mean_map,5,6,178500,50.94885221301364,5700
1,laws,sparse_uniform,2000,9049,42,1333,fourary,5,7,368200,0,0
1,laws,sparse_uniform,2000,9049,42,1333,mean_degree,5,8,219800,11.26065912543124,5700
1,laws,sparse_uniform,2000,9049,42,1333,degree4,5,9,330800,0,101000
1,laws,sparse_uniform,2000,9049,42,1333,degree4,6,0,318600,0,101000
1,laws,sparse_uniform,2000,9049,42,1333,mean_map,6,1,187500,50.94885221301364,5700
1,laws,sparse_uniform,2000,9049,42,1333,selected_grid,6,2,164400,101.89770442602727,16447000
1,laws,sparse_uniform,2000,9049,42,1333,fourary,6,3,284700,0,0
1,laws,sparse_uniform,2000,9049,42,1333,mean_degree,6,4,221400,11.26065912543124,5700
1,laws,sparse_uniform,2000,9049,42,1333,mean_ring,6,5,166500,50.94885221301364,5700
1,laws,sparse_uniform,2000,9049,42,1333,binary,6,6,297800,0,0
1,laws,sparse_uniform,2000,9049,42,1333,caliber,6,7,365300,0,27200
1,laws,sparse_uniform,2000,9049,42,1333,std_binary,6,8,285900,0,0
1,laws,sparse_uniform,2000,9049,42,1333,max_maxdegree,6,9,217200,12.498076516784975,20700
1,laws,sparse_uniform,2000,9049,42,1333,max_maxdegree,7,0,207000,12.498076516784975,20700
1,laws,sparse_uniform,2000,9049,42,1333,std_binary,7,1,273900,0,0
1,laws,sparse_uniform,2000,9049,42,1333,caliber,7,2,251900,0,27200
1,laws,sparse_uniform,2000,9049,42,1333,binary,7,3,296100,0,0
1,laws,sparse_uniform,2000,9049,42,1333,mean_ring,7,4,201600,50.94885221301364,5700
1,laws,sparse_uniform,2000,9049,42,1333,mean_degree,7,5,216600,11.26065912543124,5700
1,laws,sparse_uniform,2000,9049,42,1333,fourary,7,6,495700,0,0
1,laws,sparse_uniform,2000,9049,42,1333,selected_grid,7,7,198900,101.89770442602727,16447000
1,laws,sparse_uniform,2000,9049,42,1333,mean_map,7,8,223700,50.94885221301364,5700
1,laws,sparse_uniform,2000,9049,42,1333,degree4,7,9,353000,0,101000
2,calibration,sparse_near,2000,9049,42,0,grid_0.75,0,0,122100,37.50001161992514,7200
2,calibration,sparse_near,2000,9049,42,0,grid_1,0,1,160600,50.00001549323352,7200
2,calibration,sparse_near,2000,9049,42,0,grid_0.1,0,2,126800,5.000001549323352,7200
2,calibration,sparse_near,2000,9049,42,0,grid_2,0,3,109400,100.00003098646704,7200
2,calibration,sparse_near,2000,9049,42,0,grid_16,0,4,95300,800.0002478917363,7200
2,calibration,sparse_near,2000,9049,42,0,grid_0.25,0,5,132600,12.50000387330838,7200
2,calibration,sparse_near,2000,9049,42,0,grid_0.5,0,6,126000,25.00000774661676,7200
2,calibration,sparse_near,2000,9049,42,0,grid_0.03125,0,7,113500,1.5625004841635475,7200
2,calibration,sparse_near,2000,9049,42,0,grid_1.5,0,8,118200,75.00002323985028,7200
2,calibration,sparse_near,2000,9049,42,0,grid_4,0,9,113200,200.00006197293408,7200
2,calibration,sparse_near,2000,9049,42,0,grid_8,0,10,108600,400.00012394586815,7200
2,calibration,sparse_near,2000,9049,42,0,grid_0.05,0,11,108900,2.500000774661676,7200
2,calibration,sparse_near,2000,9049,42,0,grid_0.05,1,0,107600,2.500000774661676,7200
2,calibration,sparse_near,2000,9049,42,0,grid_8,1,1,105900,400.00012394586815,7200
2,calibration,sparse_near,2000,9049,42,0,grid_4,1,2,109900,200.00006197293408,7200
2,calibration,sparse_near,2000,9049,42,0,grid_1.5,1,3,118800,75.00002323985028,7200
2,calibration,sparse_near,2000,9049,42,0,grid_0.03125,1,4,122100,1.5625004841635475,7200
2,calibration,sparse_near,2000,9049,42,0,grid_0.5,1,5,120600,25.00000774661676,7200
2,calibration,sparse_near,2000,9049,42,0,grid_0.25,1,6,113100,12.50000387330838,7200
2,calibration,sparse_near,2000,9049,42,0,grid_16,1,7,104000,800.0002478917363,7200
2,calibration,sparse_near,2000,9049,42,0,grid_2,1,8,111900,100.00003098646704,7200
2,calibration,sparse_near,2000,9049,42,0,grid_0.1,1,9,112900,5.000001549323352,7200
2,calibration,sparse_near,2000,9049,42,0,grid_1,1,10,155700,50.00001549323352,7200
2,calibration,sparse_near,2000,9049,42,0,grid_0.75,1,11,122800,37.50001161992514,7200
2,calibration,sparse_near,2000,9049,42,0,grid_1,2,0,158600,50.00001549323352,7200
2,calibration,sparse_near,2000,9049,42,0,grid_0.75,2,1,118800,37.50001161992514,7200
2,calibration,sparse_near,2000,9049,42,0,grid_1.5,2,2,123000,75.00002323985028,7200
2,calibration,sparse_near,2000,9049,42,0,grid_4,2,3,116100,200.00006197293408,7200
2,calibration,sparse_near,2000,9049,42,0,grid_0.03125,2,4,124200,1.5625004841635475,7200
2,calibration,sparse_near,2000,9049,42,0,grid_0.05,2,5,120400,2.500000774661676,7200
2,calibration,sparse_near,2000,9049,42,0,grid_0.25,2,6,125300,12.50000387330838,7200
2,calibration,sparse_near,2000,9049,42,0,grid_16,2,7,117900,800.0002478917363,7200
2,calibration,sparse_near,2000,9049,42,0,grid_0.1,2,8,122400,5.000001549323352,7200
2,calibration,sparse_near,2000,9049,42,0,grid_0.5,2,9,118600,25.00000774661676,7200
2,calibration,sparse_near,2000,9049,42,0,grid_8,2,10,108300,400.00012394586815,7200
2,calibration,sparse_near,2000,9049,42,0,grid_2,2,11,116000,100.00003098646704,7200
2,calibration,sparse_near,2000,9049,42,0,grid_2,3,0,111300,100.00003098646704,7200
2,calibration,sparse_near,2000,9049,42,0,grid_8,3,1,102800,400.00012394586815,7200
2,calibration,sparse_near,2000,9049,42,0,grid_0.5,3,2,113000,25.00000774661676,7200
2,calibration,sparse_near,2000,9049,42,0,grid_0.1,3,3,112000,5.000001549323352,7200
2,calibration,sparse_near,2000,9049,42,0,grid_16,3,4,100200,800.0002478917363,7200
2,calibration,sparse_near,2000,9049,42,0,grid_0.25,3,5,109200,12.50000387330838,7200
2,calibration,sparse_near,2000,9049,42,0,grid_0.05,3,6,112400,2.500000774661676,7200
2,calibration,sparse_near,2000,9049,42,0,grid_0.03125,3,7,106900,1.5625004841635475,7200
2,calibration,sparse_near,2000,9049,42,0,grid_4,3,8,110000,200.00006197293408,7200
2,calibration,sparse_near,2000,9049,42,0,grid_1.5,3,9,114800,75.00002323985028,7200
2,calibration,sparse_near,2000,9049,42,0,grid_0.75,3,10,121100,37.50001161992514,7200
2,calibration,sparse_near,2000,9049,42,0,grid_1,3,11,154500,50.00001549323352,7200
2,calibration,sparse_near,2000,9049,42,0,grid_0.03125,4,0,129900,1.5625004841635475,7200
2,calibration,sparse_near,2000,9049,42,0,grid_0.1,4,1,119900,5.000001549323352,7200
2,calibration,sparse_near,2000,9049,42,0,grid_4,4,2,106400,200.00006197293408,7200
2,calibration,sparse_near,2000,9049,42,0,grid_2,4,3,110400,100.00003098646704,7200
2,calibration,sparse_near,2000,9049,42,0,grid_0.5,4,4,115800,25.00000774661676,7200
2,calibration,sparse_near,2000,9049,42,0,grid_8,4,5,104700,400.00012394586815,7200
2,calibration,sparse_near,2000,9049,42,0,grid_0.05,4,6,115400,2.500000774661676,7200
2,calibration,sparse_near,2000,9049,42,0,grid_0.75,4,7,117700,37.50001161992514,7200
2,calibration,sparse_near,2000,9049,42,0,grid_1.5,4,8,110000,75.00002323985028,7200
2,calibration,sparse_near,2000,9049,42,0,grid_0.25,4,9,115000,12.50000387330838,7200
2,calibration,sparse_near,2000,9049,42,0,grid_16,4,10,102400,800.0002478917363,7200
2,calibration,sparse_near,2000,9049,42,0,grid_1,4,11,152200,50.00001549323352,7200
2,calibration,sparse_near,2000,9049,42,0,grid_1,5,0,150400,50.00001549323352,7200
2,calibration,sparse_near,2000,9049,42,0,grid_16,5,1,116800,800.0002478917363,7200
2,calibration,sparse_near,2000,9049,42,0,grid_0.25,5,2,127700,12.50000387330838,7200
2,calibration,sparse_near,2000,9049,42,0,grid_1.5,5,3,122900,75.00002323985028,7200
2,calibration,sparse_near,2000,9049,42,0,grid_0.75,5,4,123700,37.50001161992514,7200
2,calibration,sparse_near,2000,9049,42,0,grid_0.05,5,5,134500,2.500000774661676,7200
2,calibration,sparse_near,2000,9049,42,0,grid_8,5,6,110900,400.00012394586815,7200
2,calibration,sparse_near,2000,9049,42,0,grid_0.5,5,7,127500,25.00000774661676,7200
2,calibration,sparse_near,2000,9049,42,0,grid_2,5,8,183400,100.00003098646704,7200
2,calibration,sparse_near,2000,9049,42,0,grid_4,5,9,153700,200.00006197293408,7200
2,calibration,sparse_near,2000,9049,42,0,grid_0.1,5,10,183200,5.000001549323352,7200
2,calibration,sparse_near,2000,9049,42,0,grid_0.03125,5,11,132800,1.5625004841635475,7200
2,laws,sparse_near,2000,9049,42,667,mean_degree,0,0,122600,11.050948280082556,7200
2,laws,sparse_near,2000,9049,42,667,selected_grid,0,1,109600,800.0002478917363,8809700
2,laws,sparse_near,2000,9049,42,667,degree4,0,2,237300,0,134900
2,laws,sparse_near,2000,9049,42,667,max_maxdegree,0,3,122800,6.251249379998284,19700
2,laws,sparse_near,2000,9049,42,667,mean_ring,0,4,156900,50.00001549323352,7200
2,laws,sparse_near,2000,9049,42,667,binary,0,5,228500,0,0
2,laws,sparse_near,2000,9049,42,667,caliber,0,6,230100,0,31500
2,laws,sparse_near,2000,9049,42,667,std_binary,0,7,767000,0,0
2,laws,sparse_near,2000,9049,42,667,fourary,0,8,215600,0,0
2,laws,sparse_near,2000,9049,42,667,mean_map,0,9,166200,50.00001549323352,7200
2,laws,sparse_near,2000,9049,42,667,mean_map,1,0,156400,50.00001549323352,7200
2,laws,sparse_near,2000,9049,42,667,fourary,1,1,210200,0,0
2,laws,sparse_near,2000,9049,42,667,std_binary,1,2,212100,0,0
2,laws,sparse_near,2000,9049,42,667,caliber,1,3,224400,0,31500
2,laws,sparse_near,2000,9049,42,667,binary,1,4,215800,0,0
2,laws,sparse_near,2000,9049,42,667,mean_ring,1,5,163700,50.00001549323352,7200
2,laws,sparse_near,2000,9049,42,667,max_maxdegree,1,6,128100,6.251249379998284,19700
2,laws,sparse_near,2000,9049,42,667,degree4,1,7,334900,0,134900
2,laws,sparse_near,2000,9049,42,667,selected_grid,1,8,119700,800.0002478917363,8809700
2,laws,sparse_near,2000,9049,42,667,mean_degree,1,9,118200,11.050948280082556,7200
2,laws,sparse_near,2000,9049,42,667,mean_degree,2,0,115500,11.050948280082556,7200
2,laws,sparse_near,2000,9049,42,667,max_maxdegree,2,1,109600,6.251249379998284,19700
2,laws,sparse_near,2000,9049,42,667,binary,2,2,214700,0,0
2,laws,sparse_near,2000,9049,42,667,degree4,2,3,245400,0,134900
2,laws,sparse_near,2000,9049,42,667,caliber,2,4,220300,0,31500
2,laws,sparse_near,2000,9049,42,667,selected_grid,2,5,116300,800.0002478917363,8809700
2,laws,sparse_near,2000,9049,42,667,std_binary,2,6,203900,0,0
2,laws,sparse_near,2000,9049,42,667,mean_map,2,7,165800,50.00001549323352,7200
2,laws,sparse_near,2000,9049,42,667,mean_ring,2,8,158400,50.00001549323352,7200
2,laws,sparse_near,2000,9049,42,667,fourary,2,9,336300,0,0
2,laws,sparse_near,2000,9049,42,667,fourary,3,0,215800,0,0
2,laws,sparse_near,2000,9049,42,667,mean_ring,3,1,157800,50.00001549323352,7200
2,laws,sparse_near,2000,9049,42,667,mean_map,3,2,161200,50.00001549323352,7200
2,laws,sparse_near,2000,9049,42,667,std_binary,3,3,229600,0,0
2,laws,sparse_near,2000,9049,42,667,selected_grid,3,4,116000,800.0002478917363,8809700
2,laws,sparse_near,2000,9049,42,667,caliber,3,5,219000,0,31500
2,laws,sparse_near,2000,9049,42,667,degree4,3,6,299700,0,134900
2,laws,sparse_near,2000,9049,42,667,binary,3,7,218100,0,0
2,laws,sparse_near,2000,9049,42,667,max_maxdegree,3,8,133600,6.251249379998284,19700
2,laws,sparse_near,2000,9049,42,667,mean_degree,3,9,118700,11.050948280082556,7200
2,laws,sparse_near,2000,9049,42,667,caliber,4,0,219600,0,31500
2,laws,sparse_near,2000,9049,42,667,mean_map,4,1,164200,50.00001549323352,7200
2,laws,sparse_near,2000,9049,42,667,fourary,4,2,224000,0,0
2,laws,sparse_near,2000,9049,42,667,max_maxdegree,4,3,192900,6.251249379998284,19700
2,laws,sparse_near,2000,9049,42,667,mean_ring,4,4,159000,50.00001549323352,7200
2,laws,sparse_near,2000,9049,42,667,mean_degree,4,5,118100,11.050948280082556,7200
2,laws,sparse_near,2000,9049,42,667,selected_grid,4,6,114700,800.0002478917363,8809700
2,laws,sparse_near,2000,9049,42,667,std_binary,4,7,210400,0,0
2,laws,sparse_near,2000,9049,42,667,degree4,4,8,247300,0,134900
2,laws,sparse_near,2000,9049,42,667,binary,4,9,211600,0,0
2,laws,sparse_near,2000,9049,42,667,binary,5,0,203200,0,0
2,laws,sparse_near,2000,9049,42,667,degree4,5,1,240300,0,134900
2,laws,sparse_near,2000,9049,42,667,std_binary,5,2,208700,0,0
2,laws,sparse_near,2000,9049,42,667,selected_grid,5,3,114300,800.0002478917363,8809700
2,laws,sparse_near,2000,9049,42,667,mean_degree,5,4,128900,11.050948280082556,7200
2,laws,sparse_near,2000,9049,42,667,mean_ring,5,5,161500,50.00001549323352,7200
2,laws,sparse_near,2000,9049,42,667,max_maxdegree,5,6,124900,6.251249379998284,19700
2,laws,sparse_near,2000,9049,42,667,fourary,5,7,212400,0,0
2,laws,sparse_near,2000,9049,42,667,mean_map,5,8,159600,50.00001549323352,7200
2,laws,sparse_near,2000,9049,42,667,caliber,5,9,218700,0,31500
2,laws,sparse_near,2000,9049,42,667,std_binary,6,0,205500,0,0
2,laws,sparse_near,2000,9049,42,667,mean_degree,6,1,121700,11.050948280082556,7200
2,laws,sparse_near,2000,9049,42,667,binary,6,2,213400,0,0
2,laws,sparse_near,2000,9049,42,667,selected_grid,6,3,115300,800.0002478917363,8809700
2,laws,sparse_near,2000,9049,42,667,max_maxdegree,6,4,118500,6.251249379998284,19700
2,laws,sparse_near,2000,9049,42,667,mean_map,6,5,161400,50.00001549323352,7200
2,laws,sparse_near,2000,9049,42,667,mean_ring,6,6,151000,50.00001549323352,7200
2,laws,sparse_near,2000,9049,42,667,fourary,6,7,233500,0,0
2,laws,sparse_near,2000,9049,42,667,caliber,6,8,337400,0,31500
2,laws,sparse_near,2000,9049,42,667,degree4,6,9,744000,0,134900
2,laws,sparse_near,2000,9049,42,667,degree4,7,0,335000,0,134900
2,laws,sparse_near,2000,9049,42,667,caliber,7,1,315700,0,31500
2,laws,sparse_near,2000,9049,42,667,fourary,7,2,267400,0,0
2,laws,sparse_near,2000,9049,42,667,mean_ring,7,3,309700,50.00001549323352,7200
2,laws,sparse_near,2000,9049,42,667,mean_map,7,4,274400,50.00001549323352,7200
2,laws,sparse_near,2000,9049,42,667,max_maxdegree,7,5,166000,6.251249379998284,19700
2,laws,sparse_near,2000,9049,42,667,selected_grid,7,6,148900,800.0002478917363,8809700
2,laws,sparse_near,2000,9049,42,667,binary,7,7,260700,0,0
2,laws,sparse_near,2000,9049,42,667,mean_degree,7,8,150300,11.050948280082556,7200
2,laws,sparse_near,2000,9049,42,667,std_binary,7,9,257900,0,0
2,laws,sparse_near,2000,9049,42,1333,mean_degree,0,0,126600,11.050948280082556,7200
2,laws,sparse_near,2000,9049,42,1333,mean_map,0,1,157400,50.00001549323352,7200
2,laws,sparse_near,2000,9049,42,1333,degree4,0,2,248300,0,134900
2,laws,sparse_near,2000,9049,42,1333,selected_grid,0,3,116100,800.0002478917363,8809700
2,laws,sparse_near,2000,9049,42,1333,mean_ring,0,4,156200,50.00001549323352,7200
2,laws,sparse_near,2000,9049,42,1333,binary,0,5,221400,0,0
2,laws,sparse_near,2000,9049,42,1333,caliber,0,6,310000,0,31500
2,laws,sparse_near,2000,9049,42,1333,fourary,0,7,214300,0,0
2,laws,sparse_near,2000,9049,42,1333,max_maxdegree,0,8,121100,6.251249379998284,19700
2,laws,sparse_near,2000,9049,42,1333,std_binary,0,9,208600,0,0
2,laws,sparse_near,2000,9049,42,1333,std_binary,1,0,200200,0,0
2,laws,sparse_near,2000,9049,42,1333,max_maxdegree,1,1,116900,6.251249379998284,19700
2,laws,sparse_near,2000,9049,42,1333,fourary,1,2,208700,0,0
2,laws,sparse_near,2000,9049,42,1333,caliber,1,3,218700,0,31500
2,laws,sparse_near,2000,9049,42,1333,binary,1,4,214600,0,0
2,laws,sparse_near,2000,9049,42,1333,mean_ring,1,5,163600,50.00001549323352,7200
2,laws,sparse_near,2000,9049,42,1333,selected_grid,1,6,114800,800.0002478917363,8809700
2,laws,sparse_near,2000,9049,42,1333,degree4,1,7,253800,0,134900
2,laws,sparse_near,2000,9049,42,1333,mean_map,1,8,156900,50.00001549323352,7200
2,laws,sparse_near,2000,9049,42,1333,mean_degree,1,9,128300,11.050948280082556,7200
2,laws,sparse_near,2000,9049,42,1333,degree4,2,0,245400,0,134900
2,laws,sparse_near,2000,9049,42,1333,mean_map,2,1,157300,50.00001549323352,7200
2,laws,sparse_near,2000,9049,42,1333,fourary,2,2,219300,0,0
2,laws,sparse_near,2000,9049,42,1333,max_maxdegree,2,3,121900,6.251249379998284,19700
2,laws,sparse_near,2000,9049,42,1333,binary,2,4,252700,0,0
2,laws,sparse_near,2000,9049,42,1333,selected_grid,2,5,145800,800.0002478917363,8809700
2,laws,sparse_near,2000,9049,42,1333,mean_degree,2,6,142000,11.050948280082556,7200
2,laws,sparse_near,2000,9049,42,1333,caliber,2,7,235400,0,31500
2,laws,sparse_near,2000,9049,42,1333,std_binary,2,8,220900,0,0
2,laws,sparse_near,2000,9049,42,1333,mean_ring,2,9,164900,50.00001549323352,7200
2,laws,sparse_near,2000,9049,42,1333,mean_ring,3,0,154400,50.00001549323352,7200
2,laws,sparse_near,2000,9049,42,1333,std_binary,3,1,205600,0,0
2,laws,sparse_near,2000,9049,42,1333,caliber,3,2,222400,0,31500
2,laws,sparse_near,2000,9049,42,1333,mean_degree,3,3,122000,11.050948280082556,7200
2,laws,sparse_near,2000,9049,42,1333,selected_grid,3,4,117100,800.0002478917363,8809700
2,laws,sparse_near,2000,9049,42,1333,binary,3,5,221500,0,0
2,laws,sparse_near,2000,9049,42,1333,max_maxdegree,3,6,121400,6.251249379998284,19700
2,laws,sparse_near,2000,9049,42,1333,fourary,3,7,225400,0,0
2,laws,sparse_near,2000,9049,42,1333,mean_map,3,8,159000,50.00001549323352,7200
2,laws,sparse_near,2000,9049,42,1333,degree4,3,9,254200,0,134900
2,laws,sparse_near,2000,9049,42,1333,degree4,4,0,239900,0,134900
2,laws,sparse_near,2000,9049,42,1333,mean_degree,4,1,122300,11.050948280082556,7200
2,laws,sparse_near,2000,9049,42,1333,fourary,4,2,210600,0,0
2,laws,sparse_near,2000,9049,42,1333,mean_map,4,3,152300,50.00001549323352,7200
2,laws,sparse_near,2000,9049,42,1333,caliber,4,4,220700,0,31500
2,laws,sparse_near,2000,9049,42,1333,std_binary,4,5,210400,0,0
2,laws,sparse_near,2000,9049,42,1333,mean_ring,4,6,151600,50.00001549323352,7200
2,laws,sparse_near,2000,9049,42,1333,binary,4,7,220000,0,0
2,laws,sparse_near,2000,9049,42,1333,max_maxdegree,4,8,121400,6.251249379998284,19700
2,laws,sparse_near,2000,9049,42,1333,selected_grid,4,9,144800,800.0002478917363,8809700
2,laws,sparse_near,2000,9049,42,1333,selected_grid,5,0,107300,800.0002478917363,8809700
2,laws,sparse_near,2000,9049,42,1333,max_maxdegree,5,1,115200,6.251249379998284,19700
2,laws,sparse_near,2000,9049,42,1333,binary,5,2,210000,0,0
2,laws,sparse_near,2000,9049,42,1333,mean_ring,5,3,151300,50.00001549323352,7200
2,laws,sparse_near,2000,9049,42,1333,std_binary,5,4,207000,0,0
2,laws,sparse_near,2000,9049,42,1333,caliber,5,5,222100,0,31500
2,laws,sparse_near,2000,9049,42,1333,mean_map,5,6,156000,50.00001549323352,7200
2,laws,sparse_near,2000,9049,42,1333,fourary,5,7,214600,0,0
2,laws,sparse_near,2000,9049,42,1333,mean_degree,5,8,132500,11.050948280082556,7200
2,laws,sparse_near,2000,9049,42,1333,degree4,5,9,252000,0,134900
2,laws,sparse_near,2000,9049,42,1333,degree4,6,0,243900,0,134900
2,laws,sparse_near,2000,9049,42,1333,mean_map,6,1,157200,50.00001549323352,7200
2,laws,sparse_near,2000,9049,42,1333,selected_grid,6,2,119400,800.0002478917363,8809700
2,laws,sparse_near,2000,9049,42,1333,fourary,6,3,216900,0,0
2,laws,sparse_near,2000,9049,42,1333,mean_degree,6,4,119900,11.050948280082556,7200
2,laws,sparse_near,2000,9049,42,1333,mean_ring,6,5,151400,50.00001549323352,7200
2,laws,sparse_near,2000,9049,42,1333,binary,6,6,226000,0,0
2,laws,sparse_near,2000,9049,42,1333,caliber,6,7,226500,0,31500
2,laws,sparse_near,2000,9049,42,1333,std_binary,6,8,213600,0,0
2,laws,sparse_near,2000,9049,42,1333,max_maxdegree,6,9,116000,6.251249379998284,19700
2,laws,sparse_near,2000,9049,42,1333,max_maxdegree,7,0,110700,6.251249379998284,19700
2,laws,sparse_near,2000,9049,42,1333,std_binary,7,1,217400,0,0
2,laws,sparse_near,2000,9049,42,1333,caliber,7,2,224200,0,31500
2,laws,sparse_near,2000,9049,42,1333,binary,7,3,217100,0,0
2,laws,sparse_near,2000,9049,42,1333,mean_ring,7,4,158900,50.00001549323352,7200
2,laws,sparse_near,2000,9049,42,1333,mean_degree,7,5,128000,11.050948280082556,7200
2,laws,sparse_near,2000,9049,42,1333,fourary,7,6,222600,0,0
2,laws,sparse_near,2000,9049,42,1333,selected_grid,7,7,113400,800.0002478917363,8809700
2,laws,sparse_near,2000,9049,42,1333,mean_map,7,8,163100,50.00001549323352,7200
2,laws,sparse_near,2000,9049,42,1333,degree4,7,9,257800,0,134900
3,calibration,sparse_skew,2000,9049,42,0,grid_0.75,0,0,228600,9.219552895443513,6000
3,calibration,sparse_skew,2000,9049,42,0,grid_1,0,1,250100,12.292737193924683,6000
3,calibration,sparse_skew,2000,9049,42,0,grid_0.1,0,2,316800,1.2292737193924683,6000
3,calibration,sparse_skew,2000,9049,42,0,grid_2,0,3,235300,24.585474387849366,6000
3,calibration,sparse_skew,2000,9049,42,0,grid_16,0,4,228700,196.68379510279493,6000
3,calibration,sparse_skew,2000,9049,42,0,grid_0.25,0,5,200100,3.073184298481171,6000
3,calibration,sparse_skew,2000,9049,42,0,grid_0.5,0,6,183800,6.146368596962342,6000
3,calibration,sparse_skew,2000,9049,42,0,grid_0.03125,0,7,284300,0.38414803731014635,6000
3,calibration,sparse_skew,2000,9049,42,0,grid_1.5,0,8,186700,18.439105790887027,6000
3,calibration,sparse_skew,2000,9049,42,0,grid_4,0,9,202500,49.17094877569873,6000
3,calibration,sparse_skew,2000,9049,42,0,grid_8,0,10,205300,98.34189755139747,6000
3,calibration,sparse_skew,2000,9049,42,0,grid_0.05,0,11,292100,0.6146368596962342,6000
3,calibration,sparse_skew,2000,9049,42,0,grid_0.05,1,0,243000,0.6146368596962342,6000
3,calibration,sparse_skew,2000,9049,42,0,grid_8,1,1,210900,98.34189755139747,6000
3,calibration,sparse_skew,2000,9049,42,0,grid_4,1,2,213500,49.17094877569873,6000
3,calibration,sparse_skew,2000,9049,42,0,grid_1.5,1,3,202800,18.439105790887027,6000
3,calibration,sparse_skew,2000,9049,42,0,grid_0.03125,1,4,261600,0.38414803731014635,6000
3,calibration,sparse_skew,2000,9049,42,0,grid_0.5,1,5,190800,6.146368596962342,6000
3,calibration,sparse_skew,2000,9049,42,0,grid_0.25,1,6,199000,3.073184298481171,6000
3,calibration,sparse_skew,2000,9049,42,0,grid_16,1,7,220000,196.68379510279493,6000
3,calibration,sparse_skew,2000,9049,42,0,grid_2,1,8,207300,24.585474387849366,6000
3,calibration,sparse_skew,2000,9049,42,0,grid_0.1,1,9,232200,1.2292737193924683,6000
3,calibration,sparse_skew,2000,9049,42,0,grid_1,1,10,180400,12.292737193924683,6000
3,calibration,sparse_skew,2000,9049,42,0,grid_0.75,1,11,171800,9.219552895443513,6000
3,calibration,sparse_skew,2000,9049,42,0,grid_1,2,0,176600,12.292737193924683,6000
3,calibration,sparse_skew,2000,9049,42,0,grid_0.75,2,1,169100,9.219552895443513,6000
3,calibration,sparse_skew,2000,9049,42,0,grid_1.5,2,2,184900,18.439105790887027,6000
3,calibration,sparse_skew,2000,9049,42,0,grid_4,2,3,203800,49.17094877569873,6000
3,calibration,sparse_skew,2000,9049,42,0,grid_0.03125,2,4,269000,0.38414803731014635,6000
3,calibration,sparse_skew,2000,9049,42,0,grid_0.05,2,5,255500,0.6146368596962342,6000
3,calibration,sparse_skew,2000,9049,42,0,grid_0.25,2,6,249300,3.073184298481171,6000
3,calibration,sparse_skew,2000,9049,42,0,grid_16,2,7,219500,196.68379510279493,6000
3,calibration,sparse_skew,2000,9049,42,0,grid_0.1,2,8,240900,1.2292737193924683,6000
3,calibration,sparse_skew,2000,9049,42,0,grid_0.5,2,9,185300,6.146368596962342,6000
3,calibration,sparse_skew,2000,9049,42,0,grid_8,2,10,212400,98.34189755139747,6000
3,calibration,sparse_skew,2000,9049,42,0,grid_2,2,11,211000,24.585474387849366,6000
3,calibration,sparse_skew,2000,9049,42,0,grid_2,3,0,216900,24.585474387849366,6000
3,calibration,sparse_skew,2000,9049,42,0,grid_8,3,1,215400,98.34189755139747,6000
3,calibration,sparse_skew,2000,9049,42,0,grid_0.5,3,2,186000,6.146368596962342,6000
3,calibration,sparse_skew,2000,9049,42,0,grid_0.1,3,3,234600,1.2292737193924683,6000
3,calibration,sparse_skew,2000,9049,42,0,grid_16,3,4,211300,196.68379510279493,6000
3,calibration,sparse_skew,2000,9049,42,0,grid_0.25,3,5,198600,3.073184298481171,6000
3,calibration,sparse_skew,2000,9049,42,0,grid_0.05,3,6,251500,0.6146368596962342,6000
3,calibration,sparse_skew,2000,9049,42,0,grid_0.03125,3,7,276500,0.38414803731014635,6000
3,calibration,sparse_skew,2000,9049,42,0,grid_4,3,8,208900,49.17094877569873,6000
3,calibration,sparse_skew,2000,9049,42,0,grid_1.5,3,9,190100,18.439105790887027,6000
3,calibration,sparse_skew,2000,9049,42,0,grid_0.75,3,10,176900,9.219552895443513,6000
3,calibration,sparse_skew,2000,9049,42,0,grid_1,3,11,179000,12.292737193924683,6000
3,calibration,sparse_skew,2000,9049,42,0,grid_0.03125,4,0,267600,0.38414803731014635,6000
3,calibration,sparse_skew,2000,9049,42,0,grid_0.1,4,1,228800,1.2292737193924683,6000
3,calibration,sparse_skew,2000,9049,42,0,grid_4,4,2,202500,49.17094877569873,6000
3,calibration,sparse_skew,2000,9049,42,0,grid_2,4,3,195600,24.585474387849366,6000
3,calibration,sparse_skew,2000,9049,42,0,grid_0.5,4,4,177900,6.146368596962342,6000
3,calibration,sparse_skew,2000,9049,42,0,grid_8,4,5,202700,98.34189755139747,6000
3,calibration,sparse_skew,2000,9049,42,0,grid_0.05,4,6,240700,0.6146368596962342,6000
3,calibration,sparse_skew,2000,9049,42,0,grid_0.75,4,7,177400,9.219552895443513,6000
3,calibration,sparse_skew,2000,9049,42,0,grid_1.5,4,8,196400,18.439105790887027,6000
3,calibration,sparse_skew,2000,9049,42,0,grid_0.25,4,9,203900,3.073184298481171,6000
3,calibration,sparse_skew,2000,9049,42,0,grid_16,4,10,218400,196.68379510279493,6000
3,calibration,sparse_skew,2000,9049,42,0,grid_1,4,11,183500,12.292737193924683,6000
3,calibration,sparse_skew,2000,9049,42,0,grid_1,5,0,181000,12.292737193924683,6000
3,calibration,sparse_skew,2000,9049,42,0,grid_16,5,1,215800,196.68379510279493,6000
3,calibration,sparse_skew,2000,9049,42,0,grid_0.25,5,2,199100,3.073184298481171,6000
3,calibration,sparse_skew,2000,9049,42,0,grid_1.5,5,3,193600,18.439105790887027,6000
3,calibration,sparse_skew,2000,9049,42,0,grid_0.75,5,4,173500,9.219552895443513,6000
3,calibration,sparse_skew,2000,9049,42,0,grid_0.05,5,5,256800,0.6146368596962342,6000
3,calibration,sparse_skew,2000,9049,42,0,grid_8,5,6,209100,98.34189755139747,6000
3,calibration,sparse_skew,2000,9049,42,0,grid_0.5,5,7,185000,6.146368596962342,6000
3,calibration,sparse_skew,2000,9049,42,0,grid_2,5,8,196900,24.585474387849366,6000
3,calibration,sparse_skew,2000,9049,42,0,grid_4,5,9,202500,49.17094877569873,6000
3,calibration,sparse_skew,2000,9049,42,0,grid_0.1,5,10,230900,1.2292737193924683,6000
3,calibration,sparse_skew,2000,9049,42,0,grid_0.03125,5,11,270200,0.38414803731014635,6000
3,laws,sparse_skew,2000,9049,42,667,mean_degree,0,0,225300,2.7169272171344203,6000
3,laws,sparse_skew,2000,9049,42,667,selected_grid,0,1,187500,9.219552895443513,15555400
3,laws,sparse_skew,2000,9049,42,667,degree4,0,2,346200,0,99400
3,laws,sparse_skew,2000,9049,42,667,max_maxdegree,0,3,186800,12.475469232723745,21700
3,laws,sparse_skew,2000,9049,42,667,mean_ring,0,4,177000,12.292737193924683,6000
3,laws,sparse_skew,2000,9049,42,667,binary,0,5,308900,0,0
3,laws,sparse_skew,2000,9049,42,667,caliber,0,6,298900,0,34200
3,laws,sparse_skew,2000,9049,42,667,std_binary,0,7,303900,0,0
3,laws,sparse_skew,2000,9049,42,667,fourary,0,8,305700,0,0
3,laws,sparse_skew,2000,9049,42,667,mean_map,0,9,176100,12.292737193924683,6000
3,laws,sparse_skew,2000,9049,42,667,mean_map,1,0,184900,12.292737193924683,6000
3,laws,sparse_skew,2000,9049,42,667,fourary,1,1,303200,0,0
3,laws,sparse_skew,2000,9049,42,667,std_binary,1,2,304900,0,0
3,laws,sparse_skew,2000,9049,42,667,caliber,1,3,303000,0,34200
3,laws,sparse_skew,2000,9049,42,667,binary,1,4,311900,0,0
3,laws,sparse_skew,2000,9049,42,667,mean_ring,1,5,181400,12.292737193924683,6000
3,laws,sparse_skew,2000,9049,42,667,max_maxdegree,1,6,185700,12.475469232723745,21700
3,laws,sparse_skew,2000,9049,42,667,degree4,1,7,361100,0,99400
3,laws,sparse_skew,2000,9049,42,667,selected_grid,1,8,187000,9.219552895443513,15555400
3,laws,sparse_skew,2000,9049,42,667,mean_degree,1,9,204000,2.7169272171344203,6000
3,laws,sparse_skew,2000,9049,42,667,mean_degree,2,0,191600,2.7169272171344203,6000
3,laws,sparse_skew,2000,9049,42,667,max_maxdegree,2,1,188000,12.475469232723745,21700
3,laws,sparse_skew,2000,9049,42,667,binary,2,2,309200,0,0
3,laws,sparse_skew,2000,9049,42,667,degree4,2,3,342300,0,99400
3,laws,sparse_skew,2000,9049,42,667,caliber,2,4,378400,0,34200
3,laws,sparse_skew,2000,9049,42,667,selected_grid,2,5,190400,9.219552895443513,15555400
3,laws,sparse_skew,2000,9049,42,667,std_binary,2,6,299400,0,0
3,laws,sparse_skew,2000,9049,42,667,mean_map,2,7,197800,12.292737193924683,6000
3,laws,sparse_skew,2000,9049,42,667,mean_ring,2,8,176100,12.292737193924683,6000
3,laws,sparse_skew,2000,9049,42,667,fourary,2,9,306700,0,0
3,laws,sparse_skew,2000,9049,42,667,fourary,3,0,298100,0,0
3,laws,sparse_skew,2000,9049,42,667,mean_ring,3,1,180900,12.292737193924683,6000
3,laws,sparse_skew,2000,9049,42,667,mean_map,3,2,176100,12.292737193924683,6000
3,laws,sparse_skew,2000,9049,42,667,std_binary,3,3,300700,0,0
3,laws,sparse_skew,2000,9049,42,667,selected_grid,3,4,175200,9.219552895443513,15555400
3,laws,sparse_skew,2000,9049,42,667,caliber,3,5,284200,0,34200
3,laws,sparse_skew,2000,9049,42,667,degree4,3,6,351600,0,99400
3,laws,sparse_skew,2000,9049,42,667,binary,3,7,313000,0,0
3,laws,sparse_skew,2000,9049,42,667,max_maxdegree,3,8,183000,12.475469232723745,21700
3,laws,sparse_skew,2000,9049,42,667,mean_degree,3,9,217600,2.7169272171344203,6000
3,laws,sparse_skew,2000,9049,42,667,caliber,4,0,286600,0,34200
3,laws,sparse_skew,2000,9049,42,667,mean_map,4,1,184000,12.292737193924683,6000
3,laws,sparse_skew,2000,9049,42,667,fourary,4,2,310800,0,0
3,laws,sparse_skew,2000,9049,42,667,max_maxdegree,4,3,188700,12.475469232723745,21700
3,laws,sparse_skew,2000,9049,42,667,mean_ring,4,4,186100,12.292737193924683,6000
3,laws,sparse_skew,2000,9049,42,667,mean_degree,4,5,192000,2.7169272171344203,6000
3,laws,sparse_skew,2000,9049,42,667,selected_grid,4,6,177500,9.219552895443513,15555400
3,laws,sparse_skew,2000,9049,42,667,std_binary,4,7,301100,0,0
3,laws,sparse_skew,2000,9049,42,667,degree4,4,8,347900,0,99400
3,laws,sparse_skew,2000,9049,42,667,binary,4,9,309100,0,0
3,laws,sparse_skew,2000,9049,42,667,binary,5,0,304200,0,0
3,laws,sparse_skew,2000,9049,42,667,degree4,5,1,344000,0,99400
3,laws,sparse_skew,2000,9049,42,667,std_binary,5,2,292900,0,0
3,laws,sparse_skew,2000,9049,42,667,selected_grid,5,3,177600,9.219552895443513,15555400
3,laws,sparse_skew,2000,9049,42,667,mean_degree,5,4,204700,2.7169272171344203,6000
3,laws,sparse_skew,2000,9049,42,667,mean_ring,5,5,199100,12.292737193924683,6000
3,laws,sparse_skew,2000,9049,42,667,max_maxdegree,5,6,231700,12.475469232723745,21700
3,laws,sparse_skew,2000,9049,42,667,fourary,5,7,307800,0,0
3,laws,sparse_skew,2000,9049,42,667,mean_map,5,8,184600,12.292737193924683,6000
3,laws,sparse_skew,2000,9049,42,667,caliber,5,9,279800,0,34200
3,laws,sparse_skew,2000,9049,42,667,std_binary,6,0,320000,0,0
3,laws,sparse_skew,2000,9049,42,667,mean_degree,6,1,246500,2.7169272171344203,6000
3,laws,sparse_skew,2000,9049,42,667,binary,6,2,319200,0,0
3,laws,sparse_skew,2000,9049,42,667,selected_grid,6,3,181300,9.219552895443513,15555400
3,laws,sparse_skew,2000,9049,42,667,max_maxdegree,6,4,183500,12.475469232723745,21700
3,laws,sparse_skew,2000,9049,42,667,mean_map,6,5,180700,12.292737193924683,6000
3,laws,sparse_skew,2000,9049,42,667,mean_ring,6,6,194000,12.292737193924683,6000
3,laws,sparse_skew,2000,9049,42,667,fourary,6,7,312600,0,0
3,laws,sparse_skew,2000,9049,42,667,caliber,6,8,283900,0,34200
3,laws,sparse_skew,2000,9049,42,667,degree4,6,9,349900,0,99400
3,laws,sparse_skew,2000,9049,42,667,degree4,7,0,336300,0,99400
3,laws,sparse_skew,2000,9049,42,667,caliber,7,1,280100,0,34200
3,laws,sparse_skew,2000,9049,42,667,fourary,7,2,299700,0,0
3,laws,sparse_skew,2000,9049,42,667,mean_ring,7,3,183500,12.292737193924683,6000
3,laws,sparse_skew,2000,9049,42,667,mean_map,7,4,188500,12.292737193924683,6000
3,laws,sparse_skew,2000,9049,42,667,max_maxdegree,7,5,181200,12.475469232723745,21700
3,laws,sparse_skew,2000,9049,42,667,selected_grid,7,6,175400,9.219552895443513,15555400
3,laws,sparse_skew,2000,9049,42,667,binary,7,7,307900,0,0
3,laws,sparse_skew,2000,9049,42,667,mean_degree,7,8,204400,2.7169272171344203,6000
3,laws,sparse_skew,2000,9049,42,667,std_binary,7,9,303900,0,0
3,laws,sparse_skew,2000,9049,42,1333,mean_degree,0,0,220600,2.7169272171344203,6000
3,laws,sparse_skew,2000,9049,42,1333,mean_map,0,1,175200,12.292737193924683,6000
3,laws,sparse_skew,2000,9049,42,1333,degree4,0,2,360800,0,99400
3,laws,sparse_skew,2000,9049,42,1333,selected_grid,0,3,201300,9.219552895443513,15555400
3,laws,sparse_skew,2000,9049,42,1333,mean_ring,0,4,208900,12.292737193924683,6000
3,laws,sparse_skew,2000,9049,42,1333,binary,0,5,381200,0,0
3,laws,sparse_skew,2000,9049,42,1333,caliber,0,6,307700,0,34200
3,laws,sparse_skew,2000,9049,42,1333,fourary,0,7,344000,0,0
3,laws,sparse_skew,2000,9049,42,1333,max_maxdegree,0,8,461400,12.475469232723745,21700
3,laws,sparse_skew,2000,9049,42,1333,std_binary,0,9,357000,0,0
3,laws,sparse_skew,2000,9049,42,1333,std_binary,1,0,337300,0,0
3,laws,sparse_skew,2000,9049,42,1333,max_maxdegree,1,1,177800,12.475469232723745,21700
3,laws,sparse_skew,2000,9049,42,1333,fourary,1,2,319400,0,0
3,laws,sparse_skew,2000,9049,42,1333,caliber,1,3,352500,0,34200
3,laws,sparse_skew,2000,9049,42,1333,binary,1,4,316900,0,0
3,laws,sparse_skew,2000,9049,42,1333,mean_ring,1,5,174200,12.292737193924683,6000
3,laws,sparse_skew,2000,9049,42,1333,selected_grid,1,6,259500,9.219552895443513,15555400
3,laws,sparse_skew,2000,9049,42,1333,degree4,1,7,372300,0,99400
3,laws,sparse_skew,2000,9049,42,1333,mean_map,1,8,187800,12.292737193924683,6000
3,laws,sparse_skew,2000,9049,42,1333,mean_degree,1,9,214100,2.7169272171344203,6000
3,laws,sparse_skew,2000,9049,42,1333,degree4,2,0,340200,0,99400
3,laws,sparse_skew,2000,9049,42,1333,mean_map,2,1,173800,12.292737193924683,6000
3,laws,sparse_skew,2000,9049,42,1333,fourary,2,2,309000,0,0
3,laws,sparse_skew,2000,9049,42,1333,max_maxdegree,2,3,188400,12.475469232723745,21700
3,laws,sparse_skew,2000,9049,42,1333,binary,2,4,308100,0,0
3,laws,sparse_skew,2000,9049,42,1333,selected_grid,2,5,169700,9.219552895443513,15555400
3,laws,sparse_skew,2000,9049,42,1333,mean_degree,2,6,210200,2.7169272171344203,6000
3,laws,sparse_skew,2000,9049,42,1333,caliber,2,7,291400,0,34200
3,laws,sparse_skew,2000,9049,42,1333,std_binary,2,8,310500,0,0
3,laws,sparse_skew,2000,9049,42,1333,mean_ring,2,9,179600,12.292737193924683,6000
3,laws,sparse_skew,2000,9049,42,1333,mean_ring,3,0,171900,12.292737193924683,6000
3,laws,sparse_skew,2000,9049,42,1333,std_binary,3,1,446200,0,0
3,laws,sparse_skew,2000,9049,42,1333,caliber,3,2,312200,0,34200
3,laws,sparse_skew,2000,9049,42,1333,mean_degree,3,3,220600,2.7169272171344203,6000
3,laws,sparse_skew,2000,9049,42,1333,selected_grid,3,4,173800,9.219552895443513,15555400
3,laws,sparse_skew,2000,9049,42,1333,binary,3,5,320300,0,0
3,laws,sparse_skew,2000,9049,42,1333,max_maxdegree,3,6,177200,12.475469232723745,21700
3,laws,sparse_skew,2000,9049,42,1333,fourary,3,7,319400,0,0
3,laws,sparse_skew,2000,9049,42,1333,mean_map,3,8,181400,12.292737193924683,6000
3,laws,sparse_skew,2000,9049,42,1333,degree4,3,9,357600,0,99400
3,laws,sparse_skew,2000,9049,42,1333,degree4,4,0,337800,0,99400
3,laws,sparse_skew,2000,9049,42,1333,mean_degree,4,1,214600,2.7169272171344203,6000
3,laws,sparse_skew,2000,9049,42,1333,fourary,4,2,316900,0,0
3,laws,sparse_skew,2000,9049,42,1333,mean_map,4,3,224100,12.292737193924683,6000
3,laws,sparse_skew,2000,9049,42,1333,caliber,4,4,294600,0,34200
3,laws,sparse_skew,2000,9049,42,1333,std_binary,4,5,313400,0,0
3,laws,sparse_skew,2000,9049,42,1333,mean_ring,4,6,201200,12.292737193924683,6000
3,laws,sparse_skew,2000,9049,42,1333,binary,4,7,454200,0,0
3,laws,sparse_skew,2000,9049,42,1333,max_maxdegree,4,8,185000,12.475469232723745,21700
3,laws,sparse_skew,2000,9049,42,1333,selected_grid,4,9,173500,9.219552895443513,15555400
3,laws,sparse_skew,2000,9049,42,1333,selected_grid,5,0,187100,9.219552895443513,15555400
3,laws,sparse_skew,2000,9049,42,1333,max_maxdegree,5,1,168800,12.475469232723745,21700
3,laws,sparse_skew,2000,9049,42,1333,binary,5,2,315100,0,0
3,laws,sparse_skew,2000,9049,42,1333,mean_ring,5,3,164500,12.292737193924683,6000
3,laws,sparse_skew,2000,9049,42,1333,std_binary,5,4,306900,0,0
3,laws,sparse_skew,2000,9049,42,1333,caliber,5,5,288000,0,34200
3,laws,sparse_skew,2000,9049,42,1333,mean_map,5,6,173700,12.292737193924683,6000
3,laws,sparse_skew,2000,9049,42,1333,fourary,5,7,322500,0,0
3,laws,sparse_skew,2000,9049,42,1333,mean_degree,5,8,222200,2.7169272171344203,6000
3,laws,sparse_skew,2000,9049,42,1333,degree4,5,9,352800,0,99400
3,laws,sparse_skew,2000,9049,42,1333,degree4,6,0,358200,0,99400
3,laws,sparse_skew,2000,9049,42,1333,mean_map,6,1,174000,12.292737193924683,6000
3,laws,sparse_skew,2000,9049,42,1333,selected_grid,6,2,177700,9.219552895443513,15555400
3,laws,sparse_skew,2000,9049,42,1333,fourary,6,3,306400,0,0
3,laws,sparse_skew,2000,9049,42,1333,mean_degree,6,4,219000,2.7169272171344203,6000
3,laws,sparse_skew,2000,9049,42,1333,mean_ring,6,5,170600,12.292737193924683,6000
3,laws,sparse_skew,2000,9049,42,1333,binary,6,6,308100,0,0
3,laws,sparse_skew,2000,9049,42,1333,caliber,6,7,287500,0,34200
3,laws,sparse_skew,2000,9049,42,1333,std_binary,6,8,328100,0,0
3,laws,sparse_skew,2000,9049,42,1333,max_maxdegree,6,9,172700,12.475469232723745,21700
3,laws,sparse_skew,2000,9049,42,1333,max_maxdegree,7,0,167100,12.475469232723745,21700
3,laws,sparse_skew,2000,9049,42,1333,std_binary,7,1,305000,0,0
3,laws,sparse_skew,2000,9049,42,1333,caliber,7,2,287300,0,34200
3,laws,sparse_skew,2000,9049,42,1333,binary,7,3,359200,0,0
3,laws,sparse_skew,2000,9049,42,1333,mean_ring,7,4,173300,12.292737193924683,6000
3,laws,sparse_skew,2000,9049,42,1333,mean_degree,7,5,208800,2.7169272171344203,6000
3,laws,sparse_skew,2000,9049,42,1333,fourary,7,6,333800,0,0
3,laws,sparse_skew,2000,9049,42,1333,selected_grid,7,7,170600,9.219552895443513,15555400
3,laws,sparse_skew,2000,9049,42,1333,mean_map,7,8,189900,12.292737193924683,6000
3,laws,sparse_skew,2000,9049,42,1333,degree4,7,9,354400,0,99400
4,calibration,sparse_bimodal,2000,9049,42,0,grid_0.75,0,0,104700,16.06113935241463,6000
4,calibration,sparse_bimodal,2000,9049,42,0,grid_1,0,1,106000,21.414852469886174,6000
4,calibration,sparse_bimodal,2000,9049,42,0,grid_0.1,0,2,126600,2.1414852469886174,6000
4,calibration,sparse_bimodal,2000,9049,42,0,grid_2,0,3,109600,42.82970493977235,6000
4,calibration,sparse_bimodal,2000,9049,42,0,grid_16,0,4,149500,342.6376395181788,6000
4,calibration,sparse_bimodal,2000,9049,42,0,grid_0.25,0,5,114000,5.3537131174715435,6000
4,calibration,sparse_bimodal,2000,9049,42,0,grid_0.5,0,6,103400,10.707426234943087,6000
4,calibration,sparse_bimodal,2000,9049,42,0,grid_0.03125,0,7,136900,0.6692141396839429,6000
4,calibration,sparse_bimodal,2000,9049,42,0,grid_1.5,0,8,213800,32.12227870482926,6000
4,calibration,sparse_bimodal,2000,9049,42,0,grid_4,0,9,138600,85.6594098795447,6000
4,calibration,sparse_bimodal,2000,9049,42,0,grid_8,0,10,156200,171.3188197590894,6000
4,calibration,sparse_bimodal,2000,9049,42,0,grid_0.05,0,11,143500,1.0707426234943087,6000
4,calibration,sparse_bimodal,2000,9049,42,0,grid_0.05,1,0,139700,1.0707426234943087,6000
4,calibration,sparse_bimodal,2000,9049,42,0,grid_8,1,1,148200,171.3188197590894,6000
4,calibration,sparse_bimodal,2000,9049,42,0,grid_4,1,2,122700,85.6594098795447,6000
4,calibration,sparse_bimodal,2000,9049,42,0,grid_1.5,1,3,115500,32.12227870482926,6000
4,calibration,sparse_bimodal,2000,9049,42,0,grid_0.03125,1,4,140200,0.6692141396839429,6000
4,calibration,sparse_bimodal,2000,9049,42,0,grid_0.5,1,5,123000,10.707426234943087,6000
4,calibration,sparse_bimodal,2000,9049,42,0,grid_0.25,1,6,125600,5.3537131174715435,6000
4,calibration,sparse_bimodal,2000,9049,42,0,grid_16,1,7,156300,342.6376395181788,6000
4,calibration,sparse_bimodal,2000,9049,42,0,grid_2,1,8,111500,42.82970493977235,6000
4,calibration,sparse_bimodal,2000,9049,42,0,grid_0.1,1,9,126000,2.1414852469886174,6000
4,calibration,sparse_bimodal,2000,9049,42,0,grid_1,1,10,108700,21.414852469886174,6000
4,calibration,sparse_bimodal,2000,9049,42,0,grid_0.75,1,11,100100,16.06113935241463,6000
4,calibration,sparse_bimodal,2000,9049,42,0,grid_1,2,0,95800,21.414852469886174,6000
4,calibration,sparse_bimodal,2000,9049,42,0,grid_0.75,2,1,92000,16.06113935241463,6000
4,calibration,sparse_bimodal,2000,9049,42,0,grid_1.5,2,2,89000,32.12227870482926,6000
4,calibration,sparse_bimodal,2000,9049,42,0,grid_4,2,3,86400,85.6594098795447,6000
4,calibration,sparse_bimodal,2000,9049,42,0,grid_0.03125,2,4,141600,0.6692141396839429,6000
4,calibration,sparse_bimodal,2000,9049,42,0,grid_0.05,2,5,139600,1.0707426234943087,6000
4,calibration,sparse_bimodal,2000,9049,42,0,grid_0.25,2,6,127500,5.3537131174715435,6000
4,calibration,sparse_bimodal,2000,9049,42,0,grid_16,2,7,152000,342.6376395181788,6000
4,calibration,sparse_bimodal,2000,9049,42,0,grid_0.1,2,8,126000,2.1414852469886174,6000
4,calibration,sparse_bimodal,2000,9049,42,0,grid_0.5,2,9,112200,10.707426234943087,6000
4,calibration,sparse_bimodal,2000,9049,42,0,grid_8,2,10,143500,171.3188197590894,6000
4,calibration,sparse_bimodal,2000,9049,42,0,grid_2,2,11,108600,42.82970493977235,6000
4,calibration,sparse_bimodal,2000,9049,42,0,grid_2,3,0,109800,42.82970493977235,6000
4,calibration,sparse_bimodal,2000,9049,42,0,grid_8,3,1,152300,171.3188197590894,6000
4,calibration,sparse_bimodal,2000,9049,42,0,grid_0.5,3,2,127000,10.707426234943087,6000
4,calibration,sparse_bimodal,2000,9049,42,0,grid_0.1,3,3,135200,2.1414852469886174,6000
4,calibration,sparse_bimodal,2000,9049,42,0,grid_16,3,4,150100,342.6376395181788,6000
4,calibration,sparse_bimodal,2000,9049,42,0,grid_0.25,3,5,123000,5.3537131174715435,6000
4,calibration,sparse_bimodal,2000,9049,42,0,grid_0.05,3,6,132500,1.0707426234943087,6000
4,calibration,sparse_bimodal,2000,9049,42,0,grid_0.03125,3,7,144100,0.6692141396839429,6000
4,calibration,sparse_bimodal,2000,9049,42,0,grid_4,3,8,111100,85.6594098795447,6000
4,calibration,sparse_bimodal,2000,9049,42,0,grid_1.5,3,9,106800,32.12227870482926,6000
4,calibration,sparse_bimodal,2000,9049,42,0,grid_0.75,3,10,101500,16.06113935241463,6000
4,calibration,sparse_bimodal,2000,9049,42,0,grid_1,3,11,97700,21.414852469886174,6000
4,calibration,sparse_bimodal,2000,9049,42,0,grid_0.03125,4,0,135900,0.6692141396839429,6000
4,calibration,sparse_bimodal,2000,9049,42,0,grid_0.1,4,1,131800,2.1414852469886174,6000
4,calibration,sparse_bimodal,2000,9049,42,0,grid_4,4,2,119200,85.6594098795447,6000
4,calibration,sparse_bimodal,2000,9049,42,0,grid_2,4,3,111700,42.82970493977235,6000
4,calibration,sparse_bimodal,2000,9049,42,0,grid_0.5,4,4,152200,10.707426234943087,6000
4,calibration,sparse_bimodal,2000,9049,42,0,grid_8,4,5,160600,171.3188197590894,6000
4,calibration,sparse_bimodal,2000,9049,42,0,grid_0.05,4,6,156800,1.0707426234943087,6000
4,calibration,sparse_bimodal,2000,9049,42,0,grid_0.75,4,7,126300,16.06113935241463,6000
4,calibration,sparse_bimodal,2000,9049,42,0,grid_1.5,4,8,111700,32.12227870482926,6000
4,calibration,sparse_bimodal,2000,9049,42,0,grid_0.25,4,9,120600,5.3537131174715435,6000
4,calibration,sparse_bimodal,2000,9049,42,0,grid_16,4,10,149400,342.6376395181788,6000
4,calibration,sparse_bimodal,2000,9049,42,0,grid_1,4,11,145900,21.414852469886174,6000
4,calibration,sparse_bimodal,2000,9049,42,0,grid_1,5,0,119400,21.414852469886174,6000
4,calibration,sparse_bimodal,2000,9049,42,0,grid_16,5,1,147400,342.6376395181788,6000
4,calibration,sparse_bimodal,2000,9049,42,0,grid_0.25,5,2,113500,5.3537131174715435,6000
4,calibration,sparse_bimodal,2000,9049,42,0,grid_1.5,5,3,129900,32.12227870482926,6000
4,calibration,sparse_bimodal,2000,9049,42,0,grid_0.75,5,4,135700,16.06113935241463,6000
4,calibration,sparse_bimodal,2000,9049,42,0,grid_0.05,5,5,143400,1.0707426234943087,6000
4,calibration,sparse_bimodal,2000,9049,42,0,grid_8,5,6,145700,171.3188197590894,6000
4,calibration,sparse_bimodal,2000,9049,42,0,grid_0.5,5,7,120300,10.707426234943087,6000
4,calibration,sparse_bimodal,2000,9049,42,0,grid_2,5,8,110700,42.82970493977235,6000
4,calibration,sparse_bimodal,2000,9049,42,0,grid_4,5,9,103600,85.6594098795447,6000
4,calibration,sparse_bimodal,2000,9049,42,0,grid_0.1,5,10,118500,2.1414852469886174,6000
4,calibration,sparse_bimodal,2000,9049,42,0,grid_0.03125,5,11,137300,0.6692141396839429,6000
4,laws,sparse_bimodal,2000,9049,42,667,mean_degree,0,0,134200,4.733087074789739,6000
4,laws,sparse_bimodal,2000,9049,42,667,selected_grid,0,1,117900,16.06113935241463,9249900
4,laws,sparse_bimodal,2000,9049,42,667,radix,0,2,107000,0,0
4,laws,sparse_bimodal,2000,9049,42,667,max_maxdegree,0,3,115400,12.5,21500
4,laws,sparse_bimodal,2000,9049,42,667,mean_ring,0,4,123700,21.414852469886174,6000
4,laws,sparse_bimodal,2000,9049,42,667,degree4,0,5,326400,0,103000
4,laws,sparse_bimodal,2000,9049,42,667,caliber,0,6,232700,0,29400
4,laws,sparse_bimodal,2000,9049,42,667,std_binary,0,7,245900,0,0
4,laws,sparse_bimodal,2000,9049,42,667,binary,0,8,293200,0,0
4,laws,sparse_bimodal,2000,9049,42,667,fourary,0,9,338100,0,0
4,laws,sparse_bimodal,2000,9049,42,667,mean_map,0,10,145300,21.414852469886174,6000
4,laws,sparse_bimodal,2000,9049,42,667,mean_map,1,0,134800,21.414852469886174,6000
4,laws,sparse_bimodal,2000,9049,42,667,fourary,1,1,310300,0,0
4,laws,sparse_bimodal,2000,9049,42,667,binary,1,2,297400,0,0
4,laws,sparse_bimodal,2000,9049,42,667,std_binary,1,3,250200,0,0
4,laws,sparse_bimodal,2000,9049,42,667,caliber,1,4,237400,0,29400
4,laws,sparse_bimodal,2000,9049,42,667,degree4,1,5,409300,0,103000
4,laws,sparse_bimodal,2000,9049,42,667,mean_ring,1,6,139200,21.414852469886174,6000
4,laws,sparse_bimodal,2000,9049,42,667,max_maxdegree,1,7,130800,12.5,21500
4,laws,sparse_bimodal,2000,9049,42,667,radix,1,8,108000,0,0
4,laws,sparse_bimodal,2000,9049,42,667,selected_grid,1,9,124500,16.06113935241463,9249900
4,laws,sparse_bimodal,2000,9049,42,667,mean_degree,1,10,126400,4.733087074789739,6000
4,laws,sparse_bimodal,2000,9049,42,667,selected_grid,2,0,112600,16.06113935241463,9249900
4,laws,sparse_bimodal,2000,9049,42,667,mean_ring,2,1,124000,21.414852469886174,6000
4,laws,sparse_bimodal,2000,9049,42,667,caliber,2,2,237500,0,29400
4,laws,sparse_bimodal,2000,9049,42,667,mean_degree,2,3,134600,4.733087074789739,6000
4,laws,sparse_bimodal,2000,9049,42,667,std_binary,2,4,258400,0,0
4,laws,sparse_bimodal,2000,9049,42,667,radix,2,5,109400,0,0
4,laws,sparse_bimodal,2000,9049,42,667,binary,2,6,292500,0,0
4,laws,sparse_bimodal,2000,9049,42,667,mean_map,2,7,125900,21.414852469886174,6000
4,laws,sparse_bimodal,2000,9049,42,667,degree4,2,8,316600,0,103000
4,laws,sparse_bimodal,2000,9049,42,667,fourary,2,9,314900,0,0
4,laws,sparse_bimodal,2000,9049,42,667,max_maxdegree,2,10,138100,12.5,21500
4,laws,sparse_bimodal,2000,9049,42,667,max_maxdegree,3,0,127400,12.5,21500
4,laws,sparse_bimodal,2000,9049,42,667,fourary,3,1,300400,0,0
4,laws,sparse_bimodal,2000,9049,42,667,degree4,3,2,451800,0,103000
4,laws,sparse_bimodal,2000,9049,42,667,mean_map,3,3,145100,21.414852469886174,6000
4,laws,sparse_bimodal,2000,9049,42,667,binary,3,4,292900,0,0
4,laws,sparse_bimodal,2000,9049,42,667,radix,3,5,111400,0,0
4,laws,sparse_bimodal,2000,9049,42,667,std_binary,3,6,247500,0,0
4,laws,sparse_bimodal,2000,9049,42,667,mean_degree,3,7,137200,4.733087074789739,6000
4,laws,sparse_bimodal,2000,9049,42,667,caliber,3,8,234100,0,29400
4,laws,sparse_bimodal,2000,9049,42,667,mean_ring,3,9,135400,21.414852469886174,6000
4,laws,sparse_bimodal,2000,9049,42,667,selected_grid,3,10,126500,16.06113935241463,9249900
4,laws,sparse_bimodal,2000,9049,42,667,std_binary,4,0,253400,0,0
4,laws,sparse_bimodal,2000,9049,42,667,max_maxdegree,4,1,124600,12.5,21500
4,laws,sparse_bimodal,2000,9049,42,667,fourary,4,2,383000,0,0
4,laws,sparse_bimodal,2000,9049,42,667,mean_map,4,3,123100,21.414852469886174,6000
4,laws,sparse_bimodal,2000,9049,42,667,radix,4,4,108700,0,0
4,laws,sparse_bimodal,2000,9049,42,667,mean_degree,4,5,129400,4.733087074789739,6000
4,laws,sparse_bimodal,2000,9049,42,667,selected_grid,4,6,118000,16.06113935241463,9249900
4,laws,sparse_bimodal,2000,9049,42,667,degree4,4,7,324700,0,103000
4,laws,sparse_bimodal,2000,9049,42,667,mean_ring,4,8,197100,21.414852469886174,6000
4,laws,sparse_bimodal,2000,9049,42,667,binary,4,9,304700,0,0
4,laws,sparse_bimodal,2000,9049,42,667,caliber,4,10,246000,0,29400
4,laws,sparse_bimodal,2000,9049,42,667,caliber,5,0,236300,0,29400
4,laws,sparse_bimodal,2000,9049,42,667,binary,5,1,292800,0,0
4,laws,sparse_bimodal,2000,9049,42,667,mean_ring,5,2,134300,21.414852469886174,6000
4,laws,sparse_bimodal,2000,9049,42,667,degree4,5,3,320200,0,103000
4,laws,sparse_bimodal,2000,9049,42,667,selected_grid,5,4,308300,16.06113935241463,9249900
4,laws,sparse_bimodal,2000,9049,42,667,mean_degree,5,5,140700,4.733087074789739,6000
4,laws,sparse_bimodal,2000,9049,42,667,radix,5,6,110200,0,0
4,laws,sparse_bimodal,2000,9049,42,667,mean_map,5,7,126700,21.414852469886174,6000
4,laws,sparse_bimodal,2000,9049,42,667,fourary,5,8,314600,0,0
4,laws,sparse_bimodal,2000,9049,42,667,max_maxdegree,5,9,120600,12.5,21500
4,laws,sparse_bimodal,2000,9049,42,667,std_binary,5,10,262400,0,0
4,laws,sparse_bimodal,2000,9049,42,667,mean_ring,6,0,133600,21.414852469886174,6000
4,laws,sparse_bimodal,2000,9049,42,667,selected_grid,6,1,126700,16.06113935241463,9249900
4,laws,sparse_bimodal,2000,9049,42,667,caliber,6,2,235600,0,29400
4,laws,sparse_bimodal,2000,9049,42,667,degree4,6,3,409400,0,103000
4,laws,sparse_bimodal,2000,9049,42,667,radix,6,4,111400,0,0
4,laws,sparse_bimodal,2000,9049,42,667,fourary,6,5,306100,0,0
4,laws,sparse_bimodal,2000,9049,42,667,mean_degree,6,6,138400,4.733087074789739,6000
4,laws,sparse_bimodal,2000,9049,42,667,max_maxdegree,6,7,126700,12.5,21500
4,laws,sparse_bimodal,2000,9049,42,667,std_binary,6,8,263900,0,0
4,laws,sparse_bimodal,2000,9049,42,667,mean_map,6,9,151400,21.414852469886174,6000
4,laws,sparse_bimodal,2000,9049,42,667,binary,6,10,297300,0,0
4,laws,sparse_bimodal,2000,9049,42,667,binary,7,0,294600,0,0
4,laws,sparse_bimodal,2000,9049,42,667,mean_map,7,1,135800,21.414852469886174,6000
4,laws,sparse_bimodal,2000,9049,42,667,std_binary,7,2,246300,0,0
4,laws,sparse_bimodal,2000,9049,42,667,max_maxdegree,7,3,134500,12.5,21500
4,laws,sparse_bimodal,2000,9049,42,667,mean_degree,7,4,138400,4.733087074789739,6000
4,laws,sparse_bimodal,2000,9049,42,667,fourary,7,5,317600,0,0
4,laws,sparse_bimodal,2000,9049,42,667,radix,7,6,129100,0,0
4,laws,sparse_bimodal,2000,9049,42,667,degree4,7,7,336200,0,103000
4,laws,sparse_bimodal,2000,9049,42,667,caliber,7,8,242200,0,29400
4,laws,sparse_bimodal,2000,9049,42,667,selected_grid,7,9,143700,16.06113935241463,9249900
4,laws,sparse_bimodal,2000,9049,42,667,mean_ring,7,10,136600,21.414852469886174,6000
4,laws,sparse_bimodal,2000,9049,42,1333,binary,0,0,446000,0,0
4,laws,sparse_bimodal,2000,9049,42,1333,radix,0,1,111200,0,0
4,laws,sparse_bimodal,2000,9049,42,1333,max_maxdegree,0,2,127200,12.5,21500
4,laws,sparse_bimodal,2000,9049,42,1333,mean_map,0,3,147200,21.414852469886174,6000
4,laws,sparse_bimodal,2000,9049,42,1333,mean_ring,0,4,126500,21.414852469886174,6000
4,laws,sparse_bimodal,2000,9049,42,1333,selected_grid,0,5,112300,16.06113935241463,9249900
4,laws,sparse_bimodal,2000,9049,42,1333,degree4,0,6,378000,0,103000
4,laws,sparse_bimodal,2000,9049,42,1333,mean_degree,0,7,154200,4.733087074789739,6000
4,laws,sparse_bimodal,2000,9049,42,1333,fourary,0,8,342700,0,0
4,laws,sparse_bimodal,2000,9049,42,1333,caliber,0,9,248800,0,29400
4,laws,sparse_bimodal,2000,9049,42,1333,std_binary,0,10,254500,0,0
4,laws,sparse_bimodal,2000,9049,42,1333,std_binary,1,0,277800,0,0
4,laws,sparse_bimodal,2000,9049,42,1333,caliber,1,1,243800,0,29400
4,laws,sparse_bimodal,2000,9049,42,1333,fourary,1,2,327200,0,0
4,laws,sparse_bimodal,2000,9049,42,1333,mean_degree,1,3,142500,4.733087074789739,6000
4,laws,sparse_bimodal,2000,9049,42,1333,degree4,1,4,681100,0,103000
4,laws,sparse_bimodal,2000,9049,42,1333,selected_grid,1,5,375600,16.06113935241463,9249900
4,laws,sparse_bimodal,2000,9049,42,1333,mean_ring,1,6,139800,21.414852469886174,6000
4,laws,sparse_bimodal,2000,9049,42,1333,mean_map,1,7,128700,21.414852469886174,6000
4,laws,sparse_bimodal,2000,9049,42,1333,max_maxdegree,1,8,118400,12.5,21500
4,laws,sparse_bimodal,2000,9049,42,1333,radix,1,9,113900,0,0
4,laws,sparse_bimodal,2000,9049,42,1333,binary,1,10,301700,0,0
4,laws,sparse_bimodal,2000,9049,42,1333,mean_ring,2,0,151700,21.414852469886174,6000
4,laws,sparse_bimodal,2000,9049,42,1333,mean_degree,2,1,141800,4.733087074789739,6000
4,laws,sparse_bimodal,2000,9049,42,1333,selected_grid,2,2,123500,16.06113935241463,9249900
4,laws,sparse_bimodal,2000,9049,42,1333,binary,2,3,386200,0,0
4,laws,sparse_bimodal,2000,9049,42,1333,caliber,2,4,250300,0,29400
4,laws,sparse_bimodal,2000,9049,42,1333,degree4,2,5,323300,0,103000
4,laws,sparse_bimodal,2000,9049,42,1333,fourary,2,6,359400,0,0
4,laws,sparse_bimodal,2000,9049,42,1333,radix,2,7,405100,0,0
4,laws,sparse_bimodal,2000,9049,42,1333,mean_map,2,8,153200,21.414852469886174,6000
4,laws,sparse_bimodal,2000,9049,42,1333,max_maxdegree,2,9,131900,12.5,21500
4,laws,sparse_bimodal,2000,9049,42,1333,std_binary,2,10,251100,0,0
4,laws,sparse_bimodal,2000,9049,42,1333,std_binary,3,0,248000,0,0
4,laws,sparse_bimodal,2000,9049,42,1333,max_maxdegree,3,1,132400,12.5,21500
4,laws,sparse_bimodal,2000,9049,42,1333,mean_map,3,2,125100,21.414852469886174,6000
4,laws,sparse_bimodal,2000,9049,42,1333,radix,3,3,111200,0,0
4,laws,sparse_bimodal,2000,9049,42,1333,fourary,3,4,433800,0,0
4,laws,sparse_bimodal,2000,9049,42,1333,degree4,3,5,343800,0,103000
4,laws,sparse_bimodal,2000,9049,42,1333,caliber,3,6,255100,0,29400
4,laws,sparse_bimodal,2000,9049,42,1333,binary,3,7,301600,0,0
4,laws,sparse_bimodal,2000,9049,42,1333,selected_grid,3,8,150800,16.06113935241463,9249900
4,laws,sparse_bimodal,2000,9049,42,1333,mean_degree,3,9,144000,4.733087074789739,6000
4,laws,sparse_bimodal,2000,9049,42,1333,mean_ring,3,10,137000,21.414852469886174,6000
4,laws,sparse_bimodal,2000,9049,42,1333,selected_grid,4,0,125900,16.06113935241463,9249900
4,laws,sparse_bimodal,2000,9049,42,1333,std_binary,4,1,247400,0,0
4,laws,sparse_bimodal,2000,9049,42,1333,mean_degree,4,2,140600,4.733087074789739,6000
4,laws,sparse_bimodal,2000,9049,42,1333,binary,4,3,302300,0,0
4,laws,sparse_bimodal,2000,9049,42,1333,caliber,4,4,251500,0,29400
4,laws,sparse_bimodal,2000,9049,42,1333,fourary,4,5,422200,0,0
4,laws,sparse_bimodal,2000,9049,42,1333,mean_ring,4,6,181100,21.414852469886174,6000
4,laws,sparse_bimodal,2000,9049,42,1333,max_maxdegree,4,7,149800,12.5,21500
4,laws,sparse_bimodal,2000,9049,42,1333,mean_map,4,8,131200,21.414852469886174,6000
4,laws,sparse_bimodal,2000,9049,42,1333,degree4,4,9,338200,0,103000
4,laws,sparse_bimodal,2000,9049,42,1333,radix,4,10,110700,0,0
4,laws,sparse_bimodal,2000,9049,42,1333,radix,5,0,97600,0,0
4,laws,sparse_bimodal,2000,9049,42,1333,degree4,5,1,318100,0,103000
4,laws,sparse_bimodal,2000,9049,42,1333,mean_map,5,2,132800,21.414852469886174,6000
4,laws,sparse_bimodal,2000,9049,42,1333,max_maxdegree,5,3,263100,12.5,21500
4,laws,sparse_bimodal,2000,9049,42,1333,mean_ring,5,4,140300,21.414852469886174,6000
4,laws,sparse_bimodal,2000,9049,42,1333,fourary,5,5,332900,0,0
4,laws,sparse_bimodal,2000,9049,42,1333,caliber,5,6,256800,0,29400
4,laws,sparse_bimodal,2000,9049,42,1333,binary,5,7,307800,0,0
4,laws,sparse_bimodal,2000,9049,42,1333,mean_degree,5,8,140100,4.733087074789739,6000
4,laws,sparse_bimodal,2000,9049,42,1333,std_binary,5,9,253400,0,0
4,laws,sparse_bimodal,2000,9049,42,1333,selected_grid,5,10,134200,16.06113935241463,9249900
4,laws,sparse_bimodal,2000,9049,42,1333,selected_grid,6,0,136200,16.06113935241463,9249900
4,laws,sparse_bimodal,2000,9049,42,1333,fourary,6,1,333400,0,0
4,laws,sparse_bimodal,2000,9049,42,1333,max_maxdegree,6,2,117900,12.5,21500
4,laws,sparse_bimodal,2000,9049,42,1333,caliber,6,3,251100,0,29400
4,laws,sparse_bimodal,2000,9049,42,1333,degree4,6,4,325800,0,103000
4,laws,sparse_bimodal,2000,9049,42,1333,radix,6,5,114800,0,0
4,laws,sparse_bimodal,2000,9049,42,1333,binary,6,6,341600,0,0
4,laws,sparse_bimodal,2000,9049,42,1333,mean_degree,6,7,765300,4.733087074789739,6000
4,laws,sparse_bimodal,2000,9049,42,1333,std_binary,6,8,655200,0,0
4,laws,sparse_bimodal,2000,9049,42,1333,mean_ring,6,9,137800,21.414852469886174,6000
4,laws,sparse_bimodal,2000,9049,42,1333,mean_map,6,10,131700,21.414852469886174,6000
4,laws,sparse_bimodal,2000,9049,42,1333,mean_map,7,0,133100,21.414852469886174,6000
4,laws,sparse_bimodal,2000,9049,42,1333,mean_ring,7,1,125700,21.414852469886174,6000
4,laws,sparse_bimodal,2000,9049,42,1333,std_binary,7,2,245100,0,0
4,laws,sparse_bimodal,2000,9049,42,1333,mean_degree,7,3,139700,4.733087074789739,6000
4,laws,sparse_bimodal,2000,9049,42,1333,binary,7,4,299700,0,0
4,laws,sparse_bimodal,2000,9049,42,1333,radix,7,5,110600,0,0
4,laws,sparse_bimodal,2000,9049,42,1333,degree4,7,6,339900,0,103000
4,laws,sparse_bimodal,2000,9049,42,1333,caliber,7,7,250100,0,29400
4,laws,sparse_bimodal,2000,9049,42,1333,max_maxdegree,7,8,128800,12.5,21500
4,laws,sparse_bimodal,2000,9049,42,1333,fourary,7,9,400800,0,0
4,laws,sparse_bimodal,2000,9049,42,1333,selected_grid,7,10,128300,16.06113935241463,9249900
5,calibration,sparse_zero,2000,9049,42,0,grid_0.75,0,0,348400,28.481862205147106,5800
5,calibration,sparse_zero,2000,9049,42,0,grid_1,0,1,388900,37.975816273529475,5800
5,calibration,sparse_zero,2000,9049,42,0,grid_0.1,0,2,289800,3.7975816273529475,5800
5,calibration,sparse_zero,2000,9049,42,0,grid_2,0,3,549800,75.95163254705895,5800
5,calibration,sparse_zero,2000,9049,42,0,grid_16,0,4,485900,607.6130603764716,5800
5,calibration,sparse_zero,2000,9049,42,0,grid_0.25,0,5,290200,9.493954068382369,5800
5,calibration,sparse_zero,2000,9049,42,0,grid_0.5,0,6,288400,18.987908136764737,5800
5,calibration,sparse_zero,2000,9049,42,0,grid_0.03125,0,7,341800,1.186744258547796,5800
5,calibration,sparse_zero,2000,9049,42,0,grid_1.5,0,8,457700,56.96372441029421,5800
5,calibration,sparse_zero,2000,9049,42,0,grid_4,0,9,494600,151.9032650941179,5800
5,calibration,sparse_zero,2000,9049,42,0,grid_8,0,10,486300,303.8065301882358,5800
5,calibration,sparse_zero,2000,9049,42,0,grid_0.05,0,11,366900,1.8987908136764737,5800
5,calibration,sparse_zero,2000,9049,42,0,grid_0.05,1,0,402400,1.8987908136764737,5800
5,calibration,sparse_zero,2000,9049,42,0,grid_8,1,1,473600,303.8065301882358,5800
5,calibration,sparse_zero,2000,9049,42,0,grid_4,1,2,613300,151.9032650941179,5800
5,calibration,sparse_zero,2000,9049,42,0,grid_1.5,1,3,413700,56.96372441029421,5800
5,calibration,sparse_zero,2000,9049,42,0,grid_0.03125,1,4,344400,1.186744258547796,5800
5,calibration,sparse_zero,2000,9049,42,0,grid_0.5,1,5,294000,18.987908136764737,5800
5,calibration,sparse_zero,2000,9049,42,0,grid_0.25,1,6,272800,9.493954068382369,5800
5,calibration,sparse_zero,2000,9049,42,0,grid_16,1,7,504000,607.6130603764716,5800
5,calibration,sparse_zero,2000,9049,42,0,grid_2,1,8,436600,75.95163254705895,5800
5,calibration,sparse_zero,2000,9049,42,0,grid_0.1,1,9,296300,3.7975816273529475,5800
5,calibration,sparse_zero,2000,9049,42,0,grid_1,1,10,363100,37.975816273529475,5800
5,calibration,sparse_zero,2000,9049,42,0,grid_0.75,1,11,329200,28.481862205147106,5800
5,calibration,sparse_zero,2000,9049,42,0,grid_1,2,0,356000,37.975816273529475,5800
5,calibration,sparse_zero,2000,9049,42,0,grid_0.75,2,1,311600,28.481862205147106,5800
5,calibration,sparse_zero,2000,9049,42,0,grid_1.5,2,2,412800,56.96372441029421,5800
5,calibration,sparse_zero,2000,9049,42,0,grid_4,2,3,524200,151.9032650941179,5800
5,calibration,sparse_zero,2000,9049,42,0,grid_0.03125,2,4,340600,1.186744258547796,5800
5,calibration,sparse_zero,2000,9049,42,0,grid_0.05,2,5,304100,1.8987908136764737,5800
5,calibration,sparse_zero,2000,9049,42,0,grid_0.25,2,6,284100,9.493954068382369,5800
5,calibration,sparse_zero,2000,9049,42,0,grid_16,2,7,488300,607.6130603764716,5800
5,calibration,sparse_zero,2000,9049,42,0,grid_0.1,2,8,282000,3.7975816273529475,5800
5,calibration,sparse_zero,2000,9049,42,0,grid_0.5,2,9,289300,18.987908136764737,5800
5,calibration,sparse_zero,2000,9049,42,0,grid_8,2,10,480100,303.8065301882358,5800
5,calibration,sparse_zero,2000,9049,42,0,grid_2,2,11,441200,75.95163254705895,5800
5,calibration,sparse_zero,2000,9049,42,0,grid_2,3,0,435800,75.95163254705895,5800
5,calibration,sparse_zero,2000,9049,42,0,grid_8,3,1,486700,303.8065301882358,5800
5,calibration,sparse_zero,2000,9049,42,0,grid_0.5,3,2,291800,18.987908136764737,5800
5,calibration,sparse_zero,2000,9049,42,0,grid_0.1,3,3,278300,3.7975816273529475,5800
5,calibration,sparse_zero,2000,9049,42,0,grid_16,3,4,495600,607.6130603764716,5800
5,calibration,sparse_zero,2000,9049,42,0,grid_0.25,3,5,283400,9.493954068382369,5800
5,calibration,sparse_zero,2000,9049,42,0,grid_0.05,3,6,311200,1.8987908136764737,5800
5,calibration,sparse_zero,2000,9049,42,0,grid_0.03125,3,7,369900,1.186744258547796,5800
5,calibration,sparse_zero,2000,9049,42,0,grid_4,3,8,460800,151.9032650941179,5800
5,calibration,sparse_zero,2000,9049,42,0,grid_1.5,3,9,675000,56.96372441029421,5800
5,calibration,sparse_zero,2000,9049,42,0,grid_0.75,3,10,328800,28.481862205147106,5800
5,calibration,sparse_zero,2000,9049,42,0,grid_1,3,11,365400,37.975816273529475,5800
5,calibration,sparse_zero,2000,9049,42,0,grid_0.03125,4,0,365400,1.186744258547796,5800
5,calibration,sparse_zero,2000,9049,42,0,grid_0.1,4,1,297800,3.7975816273529475,5800
5,calibration,sparse_zero,2000,9049,42,0,grid_4,4,2,606400,151.9032650941179,5800
5,calibration,sparse_zero,2000,9049,42,0,grid_2,4,3,438500,75.95163254705895,5800
5,calibration,sparse_zero,2000,9049,42,0,grid_0.5,4,4,293700,18.987908136764737,5800
5,calibration,sparse_zero,2000,9049,42,0,grid_8,4,5,473300,303.8065301882358,5800
5,calibration,sparse_zero,2000,9049,42,0,grid_0.05,4,6,330800,1.8987908136764737,5800
5,calibration,sparse_zero,2000,9049,42,0,grid_0.75,4,7,323700,28.481862205147106,5800
5,calibration,sparse_zero,2000,9049,42,0,grid_1.5,4,8,413600,56.96372441029421,5800
5,calibration,sparse_zero,2000,9049,42,0,grid_0.25,4,9,374400,9.493954068382369,5800
5,calibration,sparse_zero,2000,9049,42,0,grid_16,4,10,497900,607.6130603764716,5800
5,calibration,sparse_zero,2000,9049,42,0,grid_1,4,11,365800,37.975816273529475,5800
5,calibration,sparse_zero,2000,9049,42,0,grid_1,5,0,367000,37.975816273529475,5800
5,calibration,sparse_zero,2000,9049,42,0,grid_16,5,1,625100,607.6130603764716,5800
5,calibration,sparse_zero,2000,9049,42,0,grid_0.25,5,2,286800,9.493954068382369,5800
5,calibration,sparse_zero,2000,9049,42,0,grid_1.5,5,3,418800,56.96372441029421,5800
5,calibration,sparse_zero,2000,9049,42,0,grid_0.75,5,4,330000,28.481862205147106,5800
5,calibration,sparse_zero,2000,9049,42,0,grid_0.05,5,5,346400,1.8987908136764737,5800
5,calibration,sparse_zero,2000,9049,42,0,grid_8,5,6,492400,303.8065301882358,5800
5,calibration,sparse_zero,2000,9049,42,0,grid_0.5,5,7,290400,18.987908136764737,5800
5,calibration,sparse_zero,2000,9049,42,0,grid_2,5,8,436300,75.95163254705895,5800
5,calibration,sparse_zero,2000,9049,42,0,grid_4,5,9,760600,151.9032650941179,5800
5,calibration,sparse_zero,2000,9049,42,0,grid_0.1,5,10,1203700,3.7975816273529475,5800
5,calibration,sparse_zero,2000,9049,42,0,grid_0.03125,5,11,447200,1.186744258547796,5800
5,laws,sparse_zero,2000,9049,42,667,mean_degree,0,0,315300,8.393373029844065,5800
5,laws,sparse_zero,2000,9049,42,667,selected_grid,0,1,266000,9.493954068382369,29713400
5,laws,sparse_zero,2000,9049,42,667,degree4,0,2,471600,0,108900
5,laws,sparse_zero,2000,9049,42,667,max_maxdegree,0,3,287100,12.496930991504613,21900
5,laws,sparse_zero,2000,9049,42,667,mean_ring,0,4,416100,37.975816273529475,5800
5,laws,sparse_zero,2000,9049,42,667,binary,0,5,430600,0,0
5,laws,sparse_zero,2000,9049,42,667,caliber,0,6,303600,0,26700
5,laws,sparse_zero,2000,9049,42,667,std_binary,0,7,394900,0,0
5,laws,sparse_zero,2000,9049,42,667,fourary,0,8,410800,0,0
5,laws,sparse_zero,2000,9049,42,667,mean_map,0,9,455700,37.975816273529475,5800
5,laws,sparse_zero,2000,9049,42,667,mean_map,1,0,449000,37.975816273529475,5800
5,laws,sparse_zero,2000,9049,42,667,fourary,1,1,395800,0,0
5,laws,sparse_zero,2000,9049,42,667,std_binary,1,2,398900,0,0
5,laws,sparse_zero,2000,9049,42,667,caliber,1,3,301600,0,26700
5,laws,sparse_zero,2000,9049,42,667,binary,1,4,436600,0,0
5,laws,sparse_zero,2000,9049,42,667,mean_ring,1,5,578500,37.975816273529475,5800
5,laws,sparse_zero,2000,9049,42,667,max_maxdegree,1,6,293500,12.496930991504613,21900
5,laws,sparse_zero,2000,9049,42,667,degree4,1,7,476600,0,108900
5,laws,sparse_zero,2000,9049,42,667,selected_grid,1,8,253600,9.493954068382369,29713400
5,laws,sparse_zero,2000,9049,42,667,mean_degree,1,9,309900,8.393373029844065,5800
5,laws,sparse_zero,2000,9049,42,667,mean_degree,2,0,276100,8.393373029844065,5800
5,laws,sparse_zero,2000,9049,42,667,max_maxdegree,2,1,289000,12.496930991504613,21900
5,laws,sparse_zero,2000,9049,42,667,binary,2,2,421200,0,0
5,laws,sparse_zero,2000,9049,42,667,degree4,2,3,482900,0,108900
5,laws,sparse_zero,2000,9049,42,667,caliber,2,4,299000,0,26700
5,laws,sparse_zero,2000,9049,42,667,selected_grid,2,5,258200,9.493954068382369,29713400
5,laws,sparse_zero,2000,9049,42,667,std_binary,2,6,412800,0,0
5,laws,sparse_zero,2000,9049,42,667,mean_map,2,7,444000,37.975816273529475,5800
5,laws,sparse_zero,2000,9049,42,667,mean_ring,2,8,414500,37.975816273529475,5800
5,laws,sparse_zero,2000,9049,42,667,fourary,2,9,418600,0,0
5,laws,sparse_zero,2000,9049,42,667,fourary,3,0,433800,0,0
5,laws,sparse_zero,2000,9049,42,667,mean_ring,3,1,430100,37.975816273529475,5800
5,laws,sparse_zero,2000,9049,42,667,mean_map,3,2,435300,37.975816273529475,5800
5,laws,sparse_zero,2000,9049,42,667,std_binary,3,3,415400,0,0
5,laws,sparse_zero,2000,9049,42,667,selected_grid,3,4,265300,9.493954068382369,29713400
5,laws,sparse_zero,2000,9049,42,667,caliber,3,5,310100,0,26700
5,laws,sparse_zero,2000,9049,42,667,degree4,3,6,503700,0,108900
5,laws,sparse_zero,2000,9049,42,667,binary,3,7,474900,0,0
5,laws,sparse_zero,2000,9049,42,667,max_maxdegree,3,8,297500,12.496930991504613,21900
5,laws,sparse_zero,2000,9049,42,667,mean_degree,3,9,291900,8.393373029844065,5800
5,laws,sparse_zero,2000,9049,42,667,caliber,4,0,307200,0,26700
5,laws,sparse_zero,2000,9049,42,667,mean_map,4,1,429000,37.975816273529475,5800
5,laws,sparse_zero,2000,9049,42,667,fourary,4,2,416900,0,0
5,laws,sparse_zero,2000,9049,42,667,max_maxdegree,4,3,299900,12.496930991504613,21900
5,laws,sparse_zero,2000,9049,42,667,mean_ring,4,4,413700,37.975816273529475,5800
5,laws,sparse_zero,2000,9049,42,667,mean_degree,4,5,290900,8.393373029844065,5800
5,laws,sparse_zero,2000,9049,42,667,selected_grid,4,6,264700,9.493954068382369,29713400
5,laws,sparse_zero,2000,9049,42,667,std_binary,4,7,409200,0,0
5,laws,sparse_zero,2000,9049,42,667,degree4,4,8,499200,0,108900
5,laws,sparse_zero,2000,9049,42,667,binary,4,9,442000,0,0
5,laws,sparse_zero,2000,9049,42,667,binary,5,0,433500,0,0
5,laws,sparse_zero,2000,9049,42,667,degree4,5,1,474700,0,108900
5,laws,sparse_zero,2000,9049,42,667,std_binary,5,2,398600,0,0
5,laws,sparse_zero,2000,9049,42,667,selected_grid,5,3,270300,9.493954068382369,29713400
5,laws,sparse_zero,2000,9049,42,667,mean_degree,5,4,836500,8.393373029844065,5800
5,laws,sparse_zero,2000,9049,42,667,mean_ring,5,5,594400,37.975816273529475,5800
5,laws,sparse_zero,2000,9049,42,667,max_maxdegree,5,6,281600,12.496930991504613,21900
5,laws,sparse_zero,2000,9049,42,667,fourary,5,7,483000,0,0
5,laws,sparse_zero,2000,9049,42,667,mean_map,5,8,537500,37.975816273529475,5800
5,laws,sparse_zero,2000,9049,42,667,caliber,5,9,357700,0,26700
5,laws,sparse_zero,2000,9049,42,667,std_binary,6,0,404100,0,0
5,laws,sparse_zero,2000,9049,42,667,mean_degree,6,1,293700,8.393373029844065,5800
5,laws,sparse_zero,2000,9049,42,667,binary,6,2,426200,0,0
5,laws,sparse_zero,2000,9049,42,667,selected_grid,6,3,264100,9.493954068382369,29713400
5,laws,sparse_zero,2000,9049,42,667,max_maxdegree,6,4,295500,12.496930991504613,21900
5,laws,sparse_zero,2000,9049,42,667,mean_map,6,5,411700,37.975816273529475,5800
5,laws,sparse_zero,2000,9049,42,667,mean_ring,6,6,1209500,37.975816273529475,5800
5,laws,sparse_zero,2000,9049,42,667,fourary,6,7,557500,0,0
5,laws,sparse_zero,2000,9049,42,667,caliber,6,8,317200,0,26700
5,laws,sparse_zero,2000,9049,42,667,degree4,6,9,492400,0,108900
5,laws,sparse_zero,2000,9049,42,667,degree4,7,0,453400,0,108900
5,laws,sparse_zero,2000,9049,42,667,caliber,7,1,296800,0,26700
5,laws,sparse_zero,2000,9049,42,667,fourary,7,2,632700,0,0
5,laws,sparse_zero,2000,9049,42,667,mean_ring,7,3,808200,37.975816273529475,5800
5,laws,sparse_zero,2000,9049,42,667,mean_map,7,4,515900,37.975816273529475,5800
5,laws,sparse_zero,2000,9049,42,667,max_maxdegree,7,5,371000,12.496930991504613,21900
5,laws,sparse_zero,2000,9049,42,667,selected_grid,7,6,364800,9.493954068382369,29713400
5,laws,sparse_zero,2000,9049,42,667,binary,7,7,561300,0,0
5,laws,sparse_zero,2000,9049,42,667,mean_degree,7,8,378600,8.393373029844065,5800
5,laws,sparse_zero,2000,9049,42,667,std_binary,7,9,498600,0,0
5,laws,sparse_zero,2000,9049,42,1333,mean_degree,0,0,363500,8.393373029844065,5800
5,laws,sparse_zero,2000,9049,42,1333,mean_map,0,1,344700,37.975816273529475,5800
5,laws,sparse_zero,2000,9049,42,1333,degree4,0,2,498700,0,108900
5,laws,sparse_zero,2000,9049,42,1333,selected_grid,0,3,274200,9.493954068382369,29713400
5,laws,sparse_zero,2000,9049,42,1333,mean_ring,0,4,299000,37.975816273529475,5800
5,laws,sparse_zero,2000,9049,42,1333,binary,0,5,465000,0,0
5,laws,sparse_zero,2000,9049,42,1333,caliber,0,6,331400,0,26700
5,laws,sparse_zero,2000,9049,42,1333,fourary,0,7,541500,0,0
5,laws,sparse_zero,2000,9049,42,1333,max_maxdegree,0,8,306500,12.496930991504613,21900
5,laws,sparse_zero,2000,9049,42,1333,std_binary,0,9,490300,0,0
5,laws,sparse_zero,2000,9049,42,1333,std_binary,1,0,432200,0,0
5,laws,sparse_zero,2000,9049,42,1333,max_maxdegree,1,1,290700,12.496930991504613,21900
5,laws,sparse_zero,2000,9049,42,1333,fourary,1,2,436900,0,0
5,laws,sparse_zero,2000,9049,42,1333,caliber,1,3,320100,0,26700
5,laws,sparse_zero,2000,9049,42,1333,binary,1,4,451200,0,0
5,laws,sparse_zero,2000,9049,42,1333,mean_ring,1,5,324900,37.975816273529475,5800
5,laws,sparse_zero,2000,9049,42,1333,selected_grid,1,6,283800,9.493954068382369,29713400
5,laws,sparse_zero,2000,9049,42,1333,degree4,1,7,515700,0,108900
5,laws,sparse_zero,2000,9049,42,1333,mean_map,1,8,343600,37.975816273529475,5800
5,laws,sparse_zero,2000,9049,42,1333,mean_degree,1,9,343400,8.393373029844065,5800
5,laws,sparse_zero,2000,9049,42,1333,degree4,2,0,505500,0,108900
5,laws,sparse_zero,2000,9049,42,1333,mean_map,2,1,322700,37.975816273529475,5800
5,laws,sparse_zero,2000,9049,42,1333,fourary,2,2,449800,0,0
5,laws,sparse_zero,2000,9049,42,1333,max_maxdegree,2,3,304600,12.496930991504613,21900
5,laws,sparse_zero,2000,9049,42,1333,binary,2,4,448100,0,0
5,laws,sparse_zero,2000,9049,42,1333,selected_grid,2,5,279400,9.493954068382369,29713400
5,laws,sparse_zero,2000,9049,42,1333,mean_degree,2,6,326600,8.393373029844065,5800
5,laws,sparse_zero,2000,9049,42,1333,caliber,2,7,331600,0,26700
5,laws,sparse_zero,2000,9049,42,1333,std_binary,2,8,421500,0,0
5,laws,sparse_zero,2000,9049,42,1333,mean_ring,2,9,299900,37.975816273529475,5800
5,laws,sparse_zero,2000,9049,42,1333,mean_ring,3,0,288800,37.975816273529475,5800
5,laws,sparse_zero,2000,9049,42,1333,std_binary,3,1,401400,0,0
5,laws,sparse_zero,2000,9049,42,1333,caliber,3,2,317400,0,26700
5,laws,sparse_zero,2000,9049,42,1333,mean_degree,3,3,299800,8.393373029844065,5800
5,laws,sparse_zero,2000,9049,42,1333,selected_grid,3,4,275300,9.493954068382369,29713400
5,laws,sparse_zero,2000,9049,42,1333,binary,3,5,449300,0,0
5,laws,sparse_zero,2000,9049,42,1333,max_maxdegree,3,6,284200,12.496930991504613,21900
5,laws,sparse_zero,2000,9049,42,1333,fourary,3,7,446800,0,0
5,laws,sparse_zero,2000,9049,42,1333,mean_map,3,8,313400,37.975816273529475,5800
5,laws,sparse_zero,2000,9049,42,1333,degree4,3,9,609100,0,108900
5,laws,sparse_zero,2000,9049,42,1333,degree4,4,0,535800,0,108900
5,laws,sparse_zero,2000,9049,42,1333,mean_degree,4,1,313500,8.393373029844065,5800
5,laws,sparse_zero,2000,9049,42,1333,fourary,4,2,482600,0,0
5,laws,sparse_zero,2000,9049,42,1333,mean_map,4,3,331500,37.975816273529475,5800
5,laws,sparse_zero,2000,9049,42,1333,caliber,4,4,331100,0,26700
5,laws,sparse_zero,2000,9049,42,1333,std_binary,4,5,491200,0,0
5,laws,sparse_zero,2000,9049,42,1333,mean_ring,4,6,310600,37.975816273529475,5800
5,laws,sparse_zero,2000,9049,42,1333,binary,4,7,440900,0,0
5,laws,sparse_zero,2000,9049,42,1333,max_maxdegree,4,8,366400,12.496930991504613,21900
5,laws,sparse_zero,2000,9049,42,1333,selected_grid,4,9,271500,9.493954068382369,29713400
5,laws,sparse_zero,2000,9049,42,1333,selected_grid,5,0,258800,9.493954068382369,29713400
5,laws,sparse_zero,2000,9049,42,1333,max_maxdegree,5,1,281800,12.496930991504613,21900
5,laws,sparse_zero,2000,9049,42,1333,binary,5,2,447000,0,0
5,laws,sparse_zero,2000,9049,42,1333,mean_ring,5,3,297300,37.975816273529475,5800
5,laws,sparse_zero,2000,9049,42,1333,std_binary,5,4,431500,0,0
5,laws,sparse_zero,2000,9049,42,1333,caliber,5,5,653800,0,26700
5,laws,sparse_zero,2000,9049,42,1333,mean_map,5,6,418000,37.975816273529475,5800
5,laws,sparse_zero,2000,9049,42,1333,fourary,5,7,515600,0,0
5,laws,sparse_zero,2000,9049,42,1333,mean_degree,5,8,312700,8.393373029844065,5800
5,laws,sparse_zero,2000,9049,42,1333,degree4,5,9,585600,0,108900
5,laws,sparse_zero,2000,9049,42,1333,degree4,6,0,478500,0,108900
5,laws,sparse_zero,2000,9049,42,1333,mean_map,6,1,326000,37.975816273529475,5800
5,laws,sparse_zero,2000,9049,42,1333,selected_grid,6,2,277800,9.493954068382369,29713400
5,laws,sparse_zero,2000,9049,42,1333,fourary,6,3,485400,0,0
5,laws,sparse_zero,2000,9049,42,1333,mean_degree,6,4,332900,8.393373029844065,5800
5,laws,sparse_zero,2000,9049,42,1333,mean_ring,6,5,313600,37.975816273529475,5800
5,laws,sparse_zero,2000,9049,42,1333,binary,6,6,484700,0,0
5,laws,sparse_zero,2000,9049,42,1333,caliber,6,7,332100,0,26700
5,laws,sparse_zero,2000,9049,42,1333,std_binary,6,8,440900,0,0
5,laws,sparse_zero,2000,9049,42,1333,max_maxdegree,6,9,298000,12.496930991504613,21900
5,laws,sparse_zero,2000,9049,42,1333,max_maxdegree,7,0,287300,12.496930991504613,21900
5,laws,sparse_zero,2000,9049,42,1333,std_binary,7,1,440100,0,0
5,laws,sparse_zero,2000,9049,42,1333,caliber,7,2,350500,0,26700
5,laws,sparse_zero,2000,9049,42,1333,binary,7,3,482800,0,0
5,laws,sparse_zero,2000,9049,42,1333,mean_ring,7,4,323000,37.975816273529475,5800
5,laws,sparse_zero,2000,9049,42,1333,mean_degree,7,5,319100,8.393373029844065,5800
5,laws,sparse_zero,2000,9049,42,1333,fourary,7,6,457100,0,0
5,laws,sparse_zero,2000,9049,42,1333,selected_grid,7,7,290200,9.493954068382369,29713400
5,laws,sparse_zero,2000,9049,42,1333,mean_map,7,8,325000,37.975816273529475,5800
5,laws,sparse_zero,2000,9049,42,1333,degree4,7,9,546600,0,108900
6,calibration,sparse_integer,2000,9049,42,0,grid_0.75,0,0,216700,37.780970272958335,6700
6,calibration,sparse_integer,2000,9049,42,0,grid_1,0,1,204300,50.374627030611116,6700
6,calibration,sparse_integer,2000,9049,42,0,grid_0.1,0,2,283000,5.037462703061112,6700
6,calibration,sparse_integer,2000,9049,42,0,grid_2,0,3,186800,100.74925406122223,6700
6,calibration,sparse_integer,2000,9049,42,0,grid_16,0,4,214100,805.9940324897779,6700
6,calibration,sparse_integer,2000,9049,42,0,grid_0.25,0,5,306700,12.593656757652779,6700
6,calibration,sparse_integer,2000,9049,42,0,grid_0.5,0,6,291500,25.187313515305558,6700
6,calibration,sparse_integer,2000,9049,42,0,grid_0.03125,0,7,429100,1.5742070947065974,6700
6,calibration,sparse_integer,2000,9049,42,0,grid_1.5,0,8,250200,75.56194054591667,6700
6,calibration,sparse_integer,2000,9049,42,0,grid_4,0,9,257400,201.49850812244446,6700
6,calibration,sparse_integer,2000,9049,42,0,grid_8,0,10,235300,402.9970162448889,6700
6,calibration,sparse_integer,2000,9049,42,0,grid_0.05,0,11,313700,2.518731351530556,6700
6,calibration,sparse_integer,2000,9049,42,0,grid_0.05,1,0,339300,2.518731351530556,6700
6,calibration,sparse_integer,2000,9049,42,0,grid_8,1,1,265800,402.9970162448889,6700
6,calibration,sparse_integer,2000,9049,42,0,grid_4,1,2,214600,201.49850812244446,6700
6,calibration,sparse_integer,2000,9049,42,0,grid_1.5,1,3,198200,75.56194054591667,6700
6,calibration,sparse_integer,2000,9049,42,0,grid_0.03125,1,4,313400,1.5742070947065974,6700
6,calibration,sparse_integer,2000,9049,42,0,grid_0.5,1,5,233800,25.187313515305558,6700
6,calibration,sparse_integer,2000,9049,42,0,grid_0.25,1,6,242100,12.593656757652779,6700
6,calibration,sparse_integer,2000,9049,42,0,grid_16,1,7,212000,805.9940324897779,6700
6,calibration,sparse_integer,2000,9049,42,0,grid_2,1,8,198200,100.74925406122223,6700
6,calibration,sparse_integer,2000,9049,42,0,grid_0.1,1,9,279300,5.037462703061112,6700
6,calibration,sparse_integer,2000,9049,42,0,grid_1,1,10,209100,50.374627030611116,6700
6,calibration,sparse_integer,2000,9049,42,0,grid_0.75,1,11,213400,37.780970272958335,6700
6,calibration,sparse_integer,2000,9049,42,0,grid_1,2,0,202600,50.374627030611116,6700
6,calibration,sparse_integer,2000,9049,42,0,grid_0.75,2,1,209400,37.780970272958335,6700
6,calibration,sparse_integer,2000,9049,42,0,grid_1.5,2,2,202500,75.56194054591667,6700
6,calibration,sparse_integer,2000,9049,42,0,grid_4,2,3,213100,201.49850812244446,6700
6,calibration,sparse_integer,2000,9049,42,0,grid_0.03125,2,4,314900,1.5742070947065974,6700
6,calibration,sparse_integer,2000,9049,42,0,grid_0.05,2,5,300600,2.518731351530556,6700
6,calibration,sparse_integer,2000,9049,42,0,grid_0.25,2,6,242800,12.593656757652779,6700
6,calibration,sparse_integer,2000,9049,42,0,grid_16,2,7,209200,805.9940324897779,6700
6,calibration,sparse_integer,2000,9049,42,0,grid_0.1,2,8,269300,5.037462703061112,6700
6,calibration,sparse_integer,2000,9049,42,0,grid_0.5,2,9,229800,25.187313515305558,6700
6,calibration,sparse_integer,2000,9049,42,0,grid_8,2,10,205600,402.9970162448889,6700
6,calibration,sparse_integer,2000,9049,42,0,grid_2,2,11,187000,100.74925406122223,6700
6,calibration,sparse_integer,2000,9049,42,0,grid_2,3,0,179700,100.74925406122223,6700
6,calibration,sparse_integer,2000,9049,42,0,grid_8,3,1,209900,402.9970162448889,6700
6,calibration,sparse_integer,2000,9049,42,0,grid_0.5,3,2,238800,25.187313515305558,6700
6,calibration,sparse_integer,2000,9049,42,0,grid_0.1,3,3,288600,5.037462703061112,6700
6,calibration,sparse_integer,2000,9049,42,0,grid_16,3,4,218200,805.9940324897779,6700
6,calibration,sparse_integer,2000,9049,42,0,grid_0.25,3,5,254200,12.593656757652779,6700
6,calibration,sparse_integer,2000,9049,42,0,grid_0.05,3,6,311200,2.518731351530556,6700
6,calibration,sparse_integer,2000,9049,42,0,grid_0.03125,3,7,343500,1.5742070947065974,6700
6,calibration,sparse_integer,2000,9049,42,0,grid_4,3,8,215700,201.49850812244446,6700
6,calibration,sparse_integer,2000,9049,42,0,grid_1.5,3,9,209600,75.56194054591667,6700
6,calibration,sparse_integer,2000,9049,42,0,grid_0.75,3,10,228500,37.780970272958335,6700
6,calibration,sparse_integer,2000,9049,42,0,grid_1,3,11,209800,50.374627030611116,6700
6,calibration,sparse_integer,2000,9049,42,0,grid_0.03125,4,0,341100,1.5742070947065974,6700
6,calibration,sparse_integer,2000,9049,42,0,grid_0.1,4,1,334900,5.037462703061112,6700
6,calibration,sparse_integer,2000,9049,42,0,grid_4,4,2,220300,201.49850812244446,6700
6,calibration,sparse_integer,2000,9049,42,0,grid_2,4,3,199800,100.74925406122223,6700
6,calibration,sparse_integer,2000,9049,42,0,grid_0.5,4,4,235000,25.187313515305558,6700
6,calibration,sparse_integer,2000,9049,42,0,grid_8,4,5,234700,402.9970162448889,6700
6,calibration,sparse_integer,2000,9049,42,0,grid_0.05,4,6,311800,2.518731351530556,6700
6,calibration,sparse_integer,2000,9049,42,0,grid_0.75,4,7,240400,37.780970272958335,6700
6,calibration,sparse_integer,2000,9049,42,0,grid_1.5,4,8,225600,75.56194054591667,6700
6,calibration,sparse_integer,2000,9049,42,0,grid_0.25,4,9,255300,12.593656757652779,6700
6,calibration,sparse_integer,2000,9049,42,0,grid_16,4,10,229100,805.9940324897779,6700
6,calibration,sparse_integer,2000,9049,42,0,grid_1,4,11,222200,50.374627030611116,6700
6,calibration,sparse_integer,2000,9049,42,0,grid_1,5,0,216200,50.374627030611116,6700
6,calibration,sparse_integer,2000,9049,42,0,grid_16,5,1,221700,805.9940324897779,6700
6,calibration,sparse_integer,2000,9049,42,0,grid_0.25,5,2,252700,12.593656757652779,6700
6,calibration,sparse_integer,2000,9049,42,0,grid_1.5,5,3,211700,75.56194054591667,6700
6,calibration,sparse_integer,2000,9049,42,0,grid_0.75,5,4,239000,37.780970272958335,6700
6,calibration,sparse_integer,2000,9049,42,0,grid_0.05,5,5,313900,2.518731351530556,6700
6,calibration,sparse_integer,2000,9049,42,0,grid_8,5,6,224200,402.9970162448889,6700
6,calibration,sparse_integer,2000,9049,42,0,grid_0.5,5,7,236500,25.187313515305558,6700
6,calibration,sparse_integer,2000,9049,42,0,grid_2,5,8,197600,100.74925406122223,6700
6,calibration,sparse_integer,2000,9049,42,0,grid_4,5,9,219200,201.49850812244446,6700
6,calibration,sparse_integer,2000,9049,42,0,grid_0.1,5,10,669300,5.037462703061112,6700
6,calibration,sparse_integer,2000,9049,42,0,grid_0.03125,5,11,437500,1.5742070947065974,6700
6,laws,sparse_integer,2000,9049,42,667,mean_degree,0,0,261900,11.13374450892057,6700
6,laws,sparse_integer,2000,9049,42,667,selected_grid,0,1,201600,100.74925406122223,18376900
6,laws,sparse_integer,2000,9049,42,667,radix,0,2,240600,0,0
6,laws,sparse_integer,2000,9049,42,667,max_maxdegree,0,3,273300,12.5,24200
6,laws,sparse_integer,2000,9049,42,667,mean_ring,0,4,210200,50.374627030611116,6700
6,laws,sparse_integer,2000,9049,42,667,degree4,0,5,513000,0,117900
6,laws,sparse_integer,2000,9049,42,667,caliber,0,6,456900,0,26500
6,laws,sparse_integer,2000,9049,42,667,std_binary,0,7,411000,0,0
6,laws,sparse_integer,2000,9049,42,667,binary,0,8,446200,0,0
6,laws,sparse_integer,2000,9049,42,667,fourary,0,9,503400,0,0
6,laws,sparse_integer,2000,9049,42,667,mean_map,0,10,223300,50.374627030611116,6700
6,laws,sparse_integer,2000,9049,42,667,mean_map,1,0,224000,50.374627030611116,6700
6,laws,sparse_integer,2000,9049,42,667,fourary,1,1,445600,0,0
6,laws,sparse_integer,2000,9049,42,667,binary,1,2,560100,0,0
6,laws,sparse_integer,2000,9049,42,667,std_binary,1,3,544800,0,0
6,laws,sparse_integer,2000,9049,42,667,caliber,1,4,513500,0,26500
6,laws,sparse_integer,2000,9049,42,667,degree4,1,5,649700,0,117900
6,laws,sparse_integer,2000,9049,42,667,mean_ring,1,6,224400,50.374627030611116,6700
6,laws,sparse_integer,2000,9049,42,667,max_maxdegree,1,7,281200,12.5,24200
6,laws,sparse_integer,2000,9049,42,667,radix,1,8,310100,0,0
6,laws,sparse_integer,2000,9049,42,667,selected_grid,1,9,234800,100.74925406122223,18376900
6,laws,sparse_integer,2000,9049,42,667,mean_degree,1,10,273800,11.13374450892057,6700
6,laws,sparse_integer,2000,9049,42,667,selected_grid,2,0,202800,100.74925406122223,18376900
6,laws,sparse_integer,2000,9049,42,667,mean_ring,2,1,217000,50.374627030611116,6700
6,laws,sparse_integer,2000,9049,42,667,caliber,2,2,390600,0,26500
6,laws,sparse_integer,2000,9049,42,667,mean_degree,2,3,272700,11.13374450892057,6700
6,laws,sparse_integer,2000,9049,42,667,std_binary,2,4,449200,0,0
6,laws,sparse_integer,2000,9049,42,667,radix,2,5,254000,0,0
6,laws,sparse_integer,2000,9049,42,667,binary,2,6,465100,0,0
6,laws,sparse_integer,2000,9049,42,667,mean_map,2,7,275100,50.374627030611116,6700
6,laws,sparse_integer,2000,9049,42,667,degree4,2,8,540000,0,117900
6,laws,sparse_integer,2000,9049,42,667,fourary,2,9,488400,0,0
6,laws,sparse_integer,2000,9049,42,667,max_maxdegree,2,10,289800,12.5,24200
6,laws,sparse_integer,2000,9049,42,667,max_maxdegree,3,0,271100,12.5,24200
6,laws,sparse_integer,2000,9049,42,667,fourary,3,1,482200,0,0
6,laws,sparse_integer,2000,9049,42,667,degree4,3,2,531400,0,117900
6,laws,sparse_integer,2000,9049,42,667,mean_map,3,3,253400,50.374627030611116,6700
6,laws,sparse_integer,2000,9049,42,667,binary,3,4,468700,0,0
6,laws,sparse_integer,2000,9049,42,667,radix,3,5,268400,0,0
6,laws,sparse_integer,2000,9049,42,667,std_binary,3,6,461200,0,0
6,laws,sparse_integer,2000,9049,42,667,mean_degree,3,7,309000,11.13374450892057,6700
6,laws,sparse_integer,2000,9049,42,667,caliber,3,8,401400,0,26500
6,laws,sparse_integer,2000,9049,42,667,mean_ring,3,9,233400,50.374627030611116,6700
6,laws,sparse_integer,2000,9049,42,667,selected_grid,3,10,218900,100.74925406122223,18376900
6,laws,sparse_integer,2000,9049,42,667,std_binary,4,0,460100,0,0
6,laws,sparse_integer,2000,9049,42,667,max_maxdegree,4,1,315600,12.5,24200
6,laws,sparse_integer,2000,9049,42,667,fourary,4,2,674300,0,0
6,laws,sparse_integer,2000,9049,42,667,mean_map,4,3,325700,50.374627030611116,6700
6,laws,sparse_integer,2000,9049,42,667,radix,4,4,371200,0,0
6,laws,sparse_integer,2000,9049,42,667,mean_degree,4,5,414300,11.13374450892057,6700
6,laws,sparse_integer,2000,9049,42,667,selected_grid,4,6,282700,100.74925406122223,18376900
6,laws,sparse_integer,2000,9049,42,667,degree4,4,7,571600,0,117900
6,laws,sparse_integer,2000,9049,42,667,mean_ring,4,8,322300,50.374627030611116,6700
6,laws,sparse_integer,2000,9049,42,667,binary,4,9,475800,0,0
6,laws,sparse_integer,2000,9049,42,667,caliber,4,10,418100,0,26500
6,laws,sparse_integer,2000,9049,42,667,caliber,5,0,515100,0,26500
6,laws,sparse_integer,2000,9049,42,667,binary,5,1,478400,0,0
6,laws,sparse_integer,2000,9049,42,667,mean_ring,5,2,246500,50.374627030611116,6700
6,laws,sparse_integer,2000,9049,42,667,degree4,5,3,523000,0,117900
6,laws,sparse_integer,2000,9049,42,667,selected_grid,5,4,222000,100.74925406122223,18376900
6,laws,sparse_integer,2000,9049,42,667,mean_degree,5,5,314600,11.13374450892057,6700
6,laws,sparse_integer,2000,9049,42,667,radix,5,6,259800,0,0
6,laws,sparse_integer,2000,9049,42,667,mean_map,5,7,266000,50.374627030611116,6700
6,laws,sparse_integer,2000,9049,42,667,fourary,5,8,500700,0,0
6,laws,sparse_integer,2000,9049,42,667,max_maxdegree,5,9,286400,12.5,24200
6,laws,sparse_integer,2000,9049,42,667,std_binary,5,10,464200,0,0
6,laws,sparse_integer,2000,9049,42,667,mean_ring,6,0,236600,50.374627030611116,6700
6,laws,sparse_integer,2000,9049,42,667,selected_grid,6,1,231300,100.74925406122223,18376900
6,laws,sparse_integer,2000,9049,42,667,caliber,6,2,431000,0,26500
6,laws,sparse_integer,2000,9049,42,667,degree4,6,3,577900,0,117900
6,laws,sparse_integer,2000,9049,42,667,radix,6,4,278400,0,0
6,laws,sparse_integer,2000,9049,42,667,fourary,6,5,484200,0,0
6,laws,sparse_integer,2000,9049,42,667,mean_degree,6,6,294300,11.13374450892057,6700
6,laws,sparse_integer,2000,9049,42,667,max_maxdegree,6,7,281700,12.5,24200
6,laws,sparse_integer,2000,9049,42,667,std_binary,6,8,439300,0,0
6,laws,sparse_integer,2000,9049,42,667,mean_map,6,9,245900,50.374627030611116,6700
6,laws,sparse_integer,2000,9049,42,667,binary,6,10,487100,0,0
6,laws,sparse_integer,2000,9049,42,667,binary,7,0,496000,0,0
6,laws,sparse_integer,2000,9049,42,667,mean_map,7,1,244800,50.374627030611116,6700
6,laws,sparse_integer,2000,9049,42,667,std_binary,7,2,429400,0,0
6,laws,sparse_integer,2000,9049,42,667,max_maxdegree,7,3,282700,12.5,24200
6,laws,sparse_integer,2000,9049,42,667,mean_degree,7,4,283300,11.13374450892057,6700
6,laws,sparse_integer,2000,9049,42,667,fourary,7,5,500100,0,0
6,laws,sparse_integer,2000,9049,42,667,radix,7,6,249700,0,0
6,laws,sparse_integer,2000,9049,42,667,degree4,7,7,493400,0,117900
6,laws,sparse_integer,2000,9049,42,667,caliber,7,8,388400,0,26500
6,laws,sparse_integer,2000,9049,42,667,selected_grid,7,9,217900,100.74925406122223,18376900
6,laws,sparse_integer,2000,9049,42,667,mean_ring,7,10,246700,50.374627030611116,6700
6,laws,sparse_integer,2000,9049,42,1333,binary,0,0,439400,0,0
6,laws,sparse_integer,2000,9049,42,1333,radix,0,1,252600,0,0
6,laws,sparse_integer,2000,9049,42,1333,max_maxdegree,0,2,285300,12.5,24200
6,laws,sparse_integer,2000,9049,42,1333,mean_map,0,3,242100,50.374627030611116,6700
6,laws,sparse_integer,2000,9049,42,1333,mean_ring,0,4,213500,50.374627030611116,6700
6,laws,sparse_integer,2000,9049,42,1333,selected_grid,0,5,222100,100.74925406122223,18376900
6,laws,sparse_integer,2000,9049,42,1333,degree4,0,6,507400,0,117900
6,laws,sparse_integer,2000,9049,42,1333,mean_degree,0,7,294200,11.13374450892057,6700
6,laws,sparse_integer,2000,9049,42,1333,fourary,0,8,535800,0,0
6,laws,sparse_integer,2000,9049,42,1333,caliber,0,9,388700,0,26500
6,laws,sparse_integer,2000,9049,42,1333,std_binary,0,10,415200,0,0
6,laws,sparse_integer,2000,9049,42,1333,std_binary,1,0,404900,0,0
6,laws,sparse_integer,2000,9049,42,1333,caliber,1,1,377500,0,26500
6,laws,sparse_integer,2000,9049,42,1333,fourary,1,2,486800,0,0
6,laws,sparse_integer,2000,9049,42,1333,mean_degree,1,3,276200,11.13374450892057,6700
6,laws,sparse_integer,2000,9049,42,1333,degree4,1,4,488200,0,117900
6,laws,sparse_integer,2000,9049,42,1333,selected_grid,1,5,222300,100.74925406122223,18376900
6,laws,sparse_integer,2000,9049,42,1333,mean_ring,1,6,220400,50.374627030611116,6700
6,laws,sparse_integer,2000,9049,42,1333,mean_map,1,7,238600,50.374627030611116,6700
6,laws,sparse_integer,2000,9049,42,1333,max_maxdegree,1,8,277200,12.5,24200
6,laws,sparse_integer,2000,9049,42,1333,radix,1,9,252800,0,0
6,laws,sparse_integer,2000,9049,42,1333,binary,1,10,440900,0,0
6,laws,sparse_integer,2000,9049,42,1333,mean_ring,2,0,216800,50.374627030611116,6700
6,laws,sparse_integer,2000,9049,42,1333,mean_degree,2,1,284400,11.13374450892057,6700
6,laws,sparse_integer,2000,9049,42,1333,selected_grid,2,2,221500,100.74925406122223,18376900
6,laws,sparse_integer,2000,9049,42,1333,binary,2,3,449500,0,0
6,laws,sparse_integer,2000,9049,42,1333,caliber,2,4,380600,0,26500
6,laws,sparse_integer,2000,9049,42,1333,degree4,2,5,488100,0,117900
6,laws,sparse_integer,2000,9049,42,1333,fourary,2,6,469400,0,0
6,laws,sparse_integer,2000,9049,42,1333,radix,2,7,252900,0,0
6,laws,sparse_integer,2000,9049,42,1333,mean_map,2,8,249700,50.374627030611116,6700
6,laws,sparse_integer,2000,9049,42,1333,max_maxdegree,2,9,290300,12.5,24200
6,laws,sparse_integer,2000,9049,42,1333,std_binary,2,10,476600,0,0
6,laws,sparse_integer,2000,9049,42,1333,std_binary,3,0,425700,0,0
6,laws,sparse_integer,2000,9049,42,1333,max_maxdegree,3,1,302000,12.5,24200
6,laws,sparse_integer,2000,9049,42,1333,mean_map,3,2,240000,50.374627030611116,6700
6,laws,sparse_integer,2000,9049,42,1333,radix,3,3,252700,0,0
6,laws,sparse_integer,2000,9049,42,1333,fourary,3,4,511800,0,0
6,laws,sparse_integer,2000,9049,42,1333,degree4,3,5,493500,0,117900
6,laws,sparse_integer,2000,9049,42,1333,caliber,3,6,387600,0,26500
6,laws,sparse_integer,2000,9049,42,1333,binary,3,7,436900,0,0
6,laws,sparse_integer,2000,9049,42,1333,selected_grid,3,8,213900,100.74925406122223,18376900
6,laws,sparse_integer,2000,9049,42,1333,mean_degree,3,9,287500,11.13374450892057,6700
6,laws,sparse_integer,2000,9049,42,1333,mean_ring,3,10,306600,50.374627030611116,6700
6,laws,sparse_integer,2000,9049,42,1333,selected_grid,4,0,211700,100.74925406122223,18376900
6,laws,sparse_integer,2000,9049,42,1333,std_binary,4,1,424100,0,0
6,laws,sparse_integer,2000,9049,42,1333,mean_degree,4,2,263900,11.13374450892057,6700
6,laws,sparse_integer,2000,9049,42,1333,binary,4,3,433600,0,0
6,laws,sparse_integer,2000,9049,42,1333,caliber,4,4,386000,0,26500
6,laws,sparse_integer,2000,9049,42,1333,fourary,4,5,494500,0,0
6,laws,sparse_integer,2000,9049,42,1333,mean_ring,4,6,222800,50.374627030611116,6700
6,laws,sparse_integer,2000,9049,42,1333,max_maxdegree,4,7,264600,12.5,24200
6,laws,sparse_integer,2000,9049,42,1333,mean_map,4,8,235600,50.374627030611116,6700
6,laws,sparse_integer,2000,9049,42,1333,degree4,4,9,493100,0,117900
6,laws,sparse_integer,2000,9049,42,1333,radix,4,10,356000,0,0
6,laws,sparse_integer,2000,9049,42,1333,radix,5,0,355400,0,0
6,laws,sparse_integer,2000,9049,42,1333,degree4,5,1,947100,0,117900
6,laws,sparse_integer,2000,9049,42,1333,mean_map,5,2,238400,50.374627030611116,6700
6,laws,sparse_integer,2000,9049,42,1333,max_maxdegree,5,3,265200,12.5,24200
6,laws,sparse_integer,2000,9049,42,1333,mean_ring,5,4,207400,50.374627030611116,6700
6,laws,sparse_integer,2000,9049,42,1333,fourary,5,5,516500,0,0
6,laws,sparse_integer,2000,9049,42,1333,caliber,5,6,368100,0,26500
6,laws,sparse_integer,2000,9049,42,1333,binary,5,7,574000,0,0
6,laws,sparse_integer,2000,9049,42,1333,mean_degree,5,8,271500,11.13374450892057,6700
6,laws,sparse_integer,2000,9049,42,1333,std_binary,5,9,442300,0,0
6,laws,sparse_integer,2000,9049,42,1333,selected_grid,5,10,218100,100.74925406122223,18376900
6,laws,sparse_integer,2000,9049,42,1333,selected_grid,6,0,207100,100.74925406122223,18376900
6,laws,sparse_integer,2000,9049,42,1333,fourary,6,1,488000,0,0
6,laws,sparse_integer,2000,9049,42,1333,max_maxdegree,6,2,259000,12.5,24200
6,laws,sparse_integer,2000,9049,42,1333,caliber,6,3,377900,0,26500
6,laws,sparse_integer,2000,9049,42,1333,degree4,6,4,515500,0,117900
6,laws,sparse_integer,2000,9049,42,1333,radix,6,5,239400,0,0
6,laws,sparse_integer,2000,9049,42,1333,binary,6,6,451800,0,0
6,laws,sparse_integer,2000,9049,42,1333,mean_degree,6,7,288200,11.13374450892057,6700
6,laws,sparse_integer,2000,9049,42,1333,std_binary,6,8,457500,0,0
6,laws,sparse_integer,2000,9049,42,1333,mean_ring,6,9,243600,50.374627030611116,6700
6,laws,sparse_integer,2000,9049,42,1333,mean_map,6,10,227900,50.374627030611116,6700
6,laws,sparse_integer,2000,9049,42,1333,mean_map,7,0,218700,50.374627030611116,6700
6,laws,sparse_integer,2000,9049,42,1333,mean_ring,7,1,213700,50.374627030611116,6700
6,laws,sparse_integer,2000,9049,42,1333,std_binary,7,2,442000,0,0
6,laws,sparse_integer,2000,9049,42,1333,mean_degree,7,3,274200,11.13374450892057,6700
6,laws,sparse_integer,2000,9049,42,1333,binary,7,4,462500,0,0
6,laws,sparse_integer,2000,9049,42,1333,radix,7,5,241200,0,0
6,laws,sparse_integer,2000,9049,42,1333,degree4,7,6,495800,0,117900
6,laws,sparse_integer,2000,9049,42,1333,caliber,7,7,676500,0,26500
6,laws,sparse_integer,2000,9049,42,1333,max_maxdegree,7,8,346500,12.5,24200
6,laws,sparse_integer,2000,9049,42,1333,fourary,7,9,522700,0,0
6,laws,sparse_integer,2000,9049,42,1333,selected_grid,7,10,210400,100.74925406122223,18376900
7,calibration,sparse_shuffle,2000,9049,42,0,grid_0.75,0,0,233800,38.2116391597602,7800
7,calibration,sparse_shuffle,2000,9049,42,0,grid_1,0,1,225400,50.9488522130136,7800
7,calibration,sparse_shuffle,2000,9049,42,0,grid_0.1,0,2,306100,5.094885221301361,7800
7,calibration,sparse_shuffle,2000,9049,42,0,grid_2,0,3,199400,101.8977044260272,7800
7,calibration,sparse_shuffle,2000,9049,42,0,grid_16,0,4,241700,815.1816354082176,7800
7,calibration,sparse_shuffle,2000,9049,42,0,grid_0.25,0,5,263500,12.7372130532534,7800
7,calibration,sparse_shuffle,2000,9049,42,0,grid_0.5,0,6,243000,25.4744261065068,7800
7,calibration,sparse_shuffle,2000,9049,42,0,grid_0.03125,0,7,395300,1.592151631656675,7800
7,calibration,sparse_shuffle,2000,9049,42,0,grid_1.5,0,8,233800,76.4232783195204,7800
7,calibration,sparse_shuffle,2000,9049,42,0,grid_4,0,9,230300,203.7954088520544,7800
7,calibration,sparse_shuffle,2000,9049,42,0,grid_8,0,10,248700,407.5908177041088,7800
7,calibration,sparse_shuffle,2000,9049,42,0,grid_0.05,0,11,312600,2.5474426106506805,7800
7,calibration,sparse_shuffle,2000,9049,42,0,grid_0.05,1,0,322000,2.5474426106506805,7800
7,calibration,sparse_shuffle,2000,9049,42,0,grid_8,1,1,237000,407.5908177041088,7800
7,calibration,sparse_shuffle,2000,9049,42,0,grid_4,1,2,223600,203.7954088520544,7800
7,calibration,sparse_shuffle,2000,9049,42,0,grid_1.5,1,3,219900,76.4232783195204,7800
7,calibration,sparse_shuffle,2000,9049,42,0,grid_0.03125,1,4,339100,1.592151631656675,7800
7,calibration,sparse_shuffle,2000,9049,42,0,grid_0.5,1,5,250900,25.4744261065068,7800
7,calibration,sparse_shuffle,2000,9049,42,0,grid_0.25,1,6,260000,12.7372130532534,7800
7,calibration,sparse_shuffle,2000,9049,42,0,grid_16,1,7,259800,815.1816354082176,7800
7,calibration,sparse_shuffle,2000,9049,42,0,grid_2,1,8,198500,101.8977044260272,7800
7,calibration,sparse_shuffle,2000,9049,42,0,grid_0.1,1,9,292500,5.094885221301361,7800
7,calibration,sparse_shuffle,2000,9049,42,0,grid_1,1,10,224500,50.9488522130136,7800
7,calibration,sparse_shuffle,2000,9049,42,0,grid_0.75,1,11,227300,38.2116391597602,7800
7,calibration,sparse_shuffle,2000,9049,42,0,grid_1,2,0,218400,50.9488522130136,7800
7,calibration,sparse_shuffle,2000,9049,42,0,grid_0.75,2,1,224000,38.2116391597602,7800
7,calibration,sparse_shuffle,2000,9049,42,0,grid_1.5,2,2,227900,76.4232783195204,7800
7,calibration,sparse_shuffle,2000,9049,42,0,grid_4,2,3,231600,203.7954088520544,7800
7,calibration,sparse_shuffle,2000,9049,42,0,grid_0.03125,2,4,393800,1.592151631656675,7800
7,calibration,sparse_shuffle,2000,9049,42,0,grid_0.05,2,5,336600,2.5474426106506805,7800
7,calibration,sparse_shuffle,2000,9049,42,0,grid_0.25,2,6,276100,12.7372130532534,7800
7,calibration,sparse_shuffle,2000,9049,42,0,grid_16,2,7,263700,815.1816354082176,7800
7,calibration,sparse_shuffle,2000,9049,42,0,grid_0.1,2,8,300700,5.094885221301361,7800
7,calibration,sparse_shuffle,2000,9049,42,0,grid_0.5,2,9,248200,25.4744261065068,7800
7,calibration,sparse_shuffle,2000,9049,42,0,grid_8,2,10,241300,407.5908177041088,7800
7,calibration,sparse_shuffle,2000,9049,42,0,grid_2,2,11,213500,101.8977044260272,7800
7,calibration,sparse_shuffle,2000,9049,42,0,grid_2,3,0,192100,101.8977044260272,7800
7,calibration,sparse_shuffle,2000,9049,42,0,grid_8,3,1,237900,407.5908177041088,7800
7,calibration,sparse_shuffle,2000,9049,42,0,grid_0.5,3,2,236900,25.4744261065068,7800
7,calibration,sparse_shuffle,2000,9049,42,0,grid_0.1,3,3,306300,5.094885221301361,7800
7,calibration,sparse_shuffle,2000,9049,42,0,grid_16,3,4,237900,815.1816354082176,7800
7,calibration,sparse_shuffle,2000,9049,42,0,grid_0.25,3,5,255200,12.7372130532534,7800
7,calibration,sparse_shuffle,2000,9049,42,0,grid_0.05,3,6,306500,2.5474426106506805,7800
7,calibration,sparse_shuffle,2000,9049,42,0,grid_0.03125,3,7,350600,1.592151631656675,7800
7,calibration,sparse_shuffle,2000,9049,42,0,grid_4,3,8,223900,203.7954088520544,7800
7,calibration,sparse_shuffle,2000,9049,42,0,grid_1.5,3,9,222300,76.4232783195204,7800
7,calibration,sparse_shuffle,2000,9049,42,0,grid_0.75,3,10,224400,38.2116391597602,7800
7,calibration,sparse_shuffle,2000,9049,42,0,grid_1,3,11,225400,50.9488522130136,7800
7,calibration,sparse_shuffle,2000,9049,42,0,grid_0.03125,4,0,332500,1.592151631656675,7800
7,calibration,sparse_shuffle,2000,9049,42,0,grid_0.1,4,1,278800,5.094885221301361,7800
7,calibration,sparse_shuffle,2000,9049,42,0,grid_4,4,2,320500,203.7954088520544,7800
7,calibration,sparse_shuffle,2000,9049,42,0,grid_2,4,3,194100,101.8977044260272,7800
7,calibration,sparse_shuffle,2000,9049,42,0,grid_0.5,4,4,234600,25.4744261065068,7800
7,calibration,sparse_shuffle,2000,9049,42,0,grid_8,4,5,235800,407.5908177041088,7800
7,calibration,sparse_shuffle,2000,9049,42,0,grid_0.05,4,6,323500,2.5474426106506805,7800
7,calibration,sparse_shuffle,2000,9049,42,0,grid_0.75,4,7,229800,38.2116391597602,7800
7,calibration,sparse_shuffle,2000,9049,42,0,grid_1.5,4,8,226600,76.4232783195204,7800
7,calibration,sparse_shuffle,2000,9049,42,0,grid_0.25,4,9,257000,12.7372130532534,7800
7,calibration,sparse_shuffle,2000,9049,42,0,grid_16,4,10,241400,815.1816354082176,7800
7,calibration,sparse_shuffle,2000,9049,42,0,grid_1,4,11,225700,50.9488522130136,7800
7,calibration,sparse_shuffle,2000,9049,42,0,grid_1,5,0,214600,50.9488522130136,7800
7,calibration,sparse_shuffle,2000,9049,42,0,grid_16,5,1,235200,815.1816354082176,7800
7,calibration,sparse_shuffle,2000,9049,42,0,grid_0.25,5,2,277100,12.7372130532534,7800
7,calibration,sparse_shuffle,2000,9049,42,0,grid_1.5,5,3,217700,76.4232783195204,7800
7,calibration,sparse_shuffle,2000,9049,42,0,grid_0.75,5,4,225000,38.2116391597602,7800
7,calibration,sparse_shuffle,2000,9049,42,0,grid_0.05,5,5,311400,2.5474426106506805,7800
7,calibration,sparse_shuffle,2000,9049,42,0,grid_8,5,6,263300,407.5908177041088,7800
7,calibration,sparse_shuffle,2000,9049,42,0,grid_0.5,5,7,241300,25.4744261065068,7800
7,calibration,sparse_shuffle,2000,9049,42,0,grid_2,5,8,193700,101.8977044260272,7800
7,calibration,sparse_shuffle,2000,9049,42,0,grid_4,5,9,223600,203.7954088520544,7800
7,calibration,sparse_shuffle,2000,9049,42,0,grid_0.1,5,10,301600,5.094885221301361,7800
7,calibration,sparse_shuffle,2000,9049,42,0,grid_0.03125,5,11,332300,1.592151631656675,7800
7,laws,sparse_shuffle,2000,9049,42,667,mean_degree,0,0,273300,11.26065912543123,7800
7,laws,sparse_shuffle,2000,9049,42,667,selected_grid,0,1,208700,101.8977044260272,18624400
7,laws,sparse_shuffle,2000,9049,42,667,degree4,0,2,403700,0,121900
7,laws,sparse_shuffle,2000,9049,42,667,max_maxdegree,0,3,263000,12.498076516784975,25000
7,laws,sparse_shuffle,2000,9049,42,667,mean_ring,0,4,243200,50.9488522130136,7800
7,laws,sparse_shuffle,2000,9049,42,667,binary,0,5,377300,0,0
7,laws,sparse_shuffle,2000,9049,42,667,caliber,0,6,317100,0,28800
7,laws,sparse_shuffle,2000,9049,42,667,std_binary,0,7,368200,0,0
7,laws,sparse_shuffle,2000,9049,42,667,fourary,0,8,380800,0,0
7,laws,sparse_shuffle,2000,9049,42,667,mean_map,0,9,243200,50.9488522130136,7800
7,laws,sparse_shuffle,2000,9049,42,667,mean_map,1,0,238700,50.9488522130136,7800
7,laws,sparse_shuffle,2000,9049,42,667,fourary,1,1,360000,0,0
7,laws,sparse_shuffle,2000,9049,42,667,std_binary,1,2,339500,0,0
7,laws,sparse_shuffle,2000,9049,42,667,caliber,1,3,311000,0,28800
7,laws,sparse_shuffle,2000,9049,42,667,binary,1,4,357300,0,0
7,laws,sparse_shuffle,2000,9049,42,667,mean_ring,1,5,212800,50.9488522130136,7800
7,laws,sparse_shuffle,2000,9049,42,667,max_maxdegree,1,6,276500,12.498076516784975,25000
7,laws,sparse_shuffle,2000,9049,42,667,degree4,1,7,406400,0,121900
7,laws,sparse_shuffle,2000,9049,42,667,selected_grid,1,8,216800,101.8977044260272,18624400
7,laws,sparse_shuffle,2000,9049,42,667,mean_degree,1,9,258600,11.26065912543123,7800
7,laws,sparse_shuffle,2000,9049,42,667,mean_degree,2,0,252700,11.26065912543123,7800
7,laws,sparse_shuffle,2000,9049,42,667,max_maxdegree,2,1,259000,12.498076516784975,25000
7,laws,sparse_shuffle,2000,9049,42,667,binary,2,2,359800,0,0
7,laws,sparse_shuffle,2000,9049,42,667,degree4,2,3,406900,0,121900
7,laws,sparse_shuffle,2000,9049,42,667,caliber,2,4,316200,0,28800
7,laws,sparse_shuffle,2000,9049,42,667,selected_grid,2,5,204600,101.8977044260272,18624400
7,laws,sparse_shuffle,2000,9049,42,667,std_binary,2,6,355800,0,0
7,laws,sparse_shuffle,2000,9049,42,667,mean_map,2,7,222400,50.9488522130136,7800
7,laws,sparse_shuffle,2000,9049,42,667,mean_ring,2,8,201800,50.9488522130136,7800
7,laws,sparse_shuffle,2000,9049,42,667,fourary,2,9,347000,0,0
7,laws,sparse_shuffle,2000,9049,42,667,fourary,3,0,393900,0,0
7,laws,sparse_shuffle,2000,9049,42,667,mean_ring,3,1,204100,50.9488522130136,7800
7,laws,sparse_shuffle,2000,9049,42,667,mean_map,3,2,210900,50.9488522130136,7800
7,laws,sparse_shuffle,2000,9049,42,667,std_binary,3,3,346800,0,0
7,laws,sparse_shuffle,2000,9049,42,667,selected_grid,3,4,209500,101.8977044260272,18624400
7,laws,sparse_shuffle,2000,9049,42,667,caliber,3,5,323900,0,28800
7,laws,sparse_shuffle,2000,9049,42,667,degree4,3,6,419600,0,121900
7,laws,sparse_shuffle,2000,9049,42,667,binary,3,7,358600,0,0
7,laws,sparse_shuffle,2000,9049,42,667,max_maxdegree,3,8,274000,12.498076516784975,25000
7,laws,sparse_shuffle,2000,9049,42,667,mean_degree,3,9,265600,11.26065912543123,7800
7,laws,sparse_shuffle,2000,9049,42,667,caliber,4,0,370600,0,28800
7,laws,sparse_shuffle,2000,9049,42,667,mean_map,4,1,574600,50.9488522130136,7800
7,laws,sparse_shuffle,2000,9049,42,667,fourary,4,2,417800,0,0
7,laws,sparse_shuffle,2000,9049,42,667,max_maxdegree,4,3,268300,12.498076516784975,25000
7,laws,sparse_shuffle,2000,9049,42,667,mean_ring,4,4,215100,50.9488522130136,7800
7,laws,sparse_shuffle,2000,9049,42,667,mean_degree,4,5,260700,11.26065912543123,7800
7,laws,sparse_shuffle,2000,9049,42,667,selected_grid,4,6,229400,101.8977044260272,18624400
7,laws,sparse_shuffle,2000,9049,42,667,std_binary,4,7,355800,0,0
7,laws,sparse_shuffle,2000,9049,42,667,degree4,4,8,413900,0,121900
7,laws,sparse_shuffle,2000,9049,42,667,binary,4,9,508900,0,0
7,laws,sparse_shuffle,2000,9049,42,667,binary,5,0,346500,0,0
7,laws,sparse_shuffle,2000,9049,42,667,degree4,5,1,395400,0,121900
7,laws,sparse_shuffle,2000,9049,42,667,std_binary,5,2,340400,0,0
7,laws,sparse_shuffle,2000,9049,42,667,selected_grid,5,3,208400,101.8977044260272,18624400
7,laws,sparse_shuffle,2000,9049,42,667,mean_degree,5,4,345800,11.26065912543123,7800
7,laws,sparse_shuffle,2000,9049,42,667,mean_ring,5,5,209400,50.9488522130136,7800
7,laws,sparse_shuffle,2000,9049,42,667,max_maxdegree,5,6,257600,12.498076516784975,25000
7,laws,sparse_shuffle,2000,9049,42,667,fourary,5,7,378500,0,0
7,laws,sparse_shuffle,2000,9049,42,667,mean_map,5,8,231000,50.9488522130136,7800
7,laws,sparse_shuffle,2000,9049,42,667,caliber,5,9,338600,0,28800
7,laws,sparse_shuffle,2000,9049,42,667,std_binary,6,0,351700,0,0
7,laws,sparse_shuffle,2000,9049,42,667,mean_degree,6,1,271300,11.26065912543123,7800
7,laws,sparse_shuffle,2000,9049,42,667,binary,6,2,378900,0,0
7,laws,sparse_shuffle,2000,9049,42,667,selected_grid,6,3,222500,101.8977044260272,18624400
7,laws,sparse_shuffle,2000,9049,42,667,max_maxdegree,6,4,572900,12.498076516784975,25000
7,laws,sparse_shuffle,2000,9049,42,667,mean_map,6,5,235400,50.9488522130136,7800
7,laws,sparse_shuffle,2000,9049,42,667,mean_ring,6,6,207000,50.9488522130136,7800
7,laws,sparse_shuffle,2000,9049,42,667,fourary,6,7,353400,0,0
7,laws,sparse_shuffle,2000,9049,42,667,caliber,6,8,320000,0,28800
7,laws,sparse_shuffle,2000,9049,42,667,degree4,6,9,409800,0,121900
7,laws,sparse_shuffle,2000,9049,42,667,degree4,7,0,386300,0,121900
7,laws,sparse_shuffle,2000,9049,42,667,caliber,7,1,298700,0,28800
7,laws,sparse_shuffle,2000,9049,42,667,fourary,7,2,342600,0,0
7,laws,sparse_shuffle,2000,9049,42,667,mean_ring,7,3,207300,50.9488522130136,7800
7,laws,sparse_shuffle,2000,9049,42,667,mean_map,7,4,223000,50.9488522130136,7800
7,laws,sparse_shuffle,2000,9049,42,667,max_maxdegree,7,5,269700,12.498076516784975,25000
7,laws,sparse_shuffle,2000,9049,42,667,selected_grid,7,6,204100,101.8977044260272,18624400
7,laws,sparse_shuffle,2000,9049,42,667,binary,7,7,353100,0,0
7,laws,sparse_shuffle,2000,9049,42,667,mean_degree,7,8,257600,11.26065912543123,7800
7,laws,sparse_shuffle,2000,9049,42,667,std_binary,7,9,422500,0,0
7,laws,sparse_shuffle,2000,9049,42,1333,mean_degree,0,0,435700,11.26065912543123,7800
7,laws,sparse_shuffle,2000,9049,42,1333,mean_map,0,1,422200,50.9488522130136,7800
7,laws,sparse_shuffle,2000,9049,42,1333,degree4,0,2,540400,0,121900
7,laws,sparse_shuffle,2000,9049,42,1333,selected_grid,0,3,238800,101.8977044260272,18624400
7,laws,sparse_shuffle,2000,9049,42,1333,mean_ring,0,4,252800,50.9488522130136,7800
7,laws,sparse_shuffle,2000,9049,42,1333,binary,0,5,445600,0,0
7,laws,sparse_shuffle,2000,9049,42,1333,caliber,0,6,312400,0,28800
7,laws,sparse_shuffle,2000,9049,42,1333,fourary,0,7,357300,0,0
7,laws,sparse_shuffle,2000,9049,42,1333,max_maxdegree,0,8,260000,12.498076516784975,25000
7,laws,sparse_shuffle,2000,9049,42,1333,std_binary,0,9,356000,0,0
7,laws,sparse_shuffle,2000,9049,42,1333,std_binary,1,0,349200,0,0
7,laws,sparse_shuffle,2000,9049,42,1333,max_maxdegree,1,1,341100,12.498076516784975,25000
7,laws,sparse_shuffle,2000,9049,42,1333,fourary,1,2,363100,0,0
7,laws,sparse_shuffle,2000,9049,42,1333,caliber,1,3,345200,0,28800
7,laws,sparse_shuffle,2000,9049,42,1333,binary,1,4,369900,0,0
7,laws,sparse_shuffle,2000,9049,42,1333,mean_ring,1,5,280300,50.9488522130136,7800
7,laws,sparse_shuffle,2000,9049,42,1333,selected_grid,1,6,213000,101.8977044260272,18624400
7,laws,sparse_shuffle,2000,9049,42,1333,degree4,1,7,508400,0,121900
7,laws,sparse_shuffle,2000,9049,42,1333,mean_map,1,8,253400,50.9488522130136,7800
7,laws,sparse_shuffle,2000,9049,42,1333,mean_degree,1,9,280600,11.26065912543123,7800
7,laws,sparse_shuffle,2000,9049,42,1333,degree4,2,0,392300,0,121900
7,laws,sparse_shuffle,2000,9049,42,1333,mean_map,2,1,223300,50.9488522130136,7800
7,laws,sparse_shuffle,2000,9049,42,1333,fourary,2,2,422900,0,0
7,laws,sparse_shuffle,2000,9049,42,1333,max_maxdegree,2,3,261800,12.498076516784975,25000
7,laws,sparse_shuffle,2000,9049,42,1333,binary,2,4,384400,0,0
7,laws,sparse_shuffle,2000,9049,42,1333,selected_grid,2,5,198900,101.8977044260272,18624400
7,laws,sparse_shuffle,2000,9049,42,1333,mean_degree,2,6,265200,11.26065912543123,7800
7,laws,sparse_shuffle,2000,9049,42,1333,caliber,2,7,314700,0,28800
7,laws,sparse_shuffle,2000,9049,42,1333,std_binary,2,8,472800,0,0
7,laws,sparse_shuffle,2000,9049,42,1333,mean_ring,2,9,212200,50.9488522130136,7800
7,laws,sparse_shuffle,2000,9049,42,1333,mean_ring,3,0,200900,50.9488522130136,7800
7,laws,sparse_shuffle,2000,9049,42,1333,std_binary,3,1,367500,0,0
7,laws,sparse_shuffle,2000,9049,42,1333,caliber,3,2,312200,0,28800
7,laws,sparse_shuffle,2000,9049,42,1333,mean_degree,3,3,273200,11.26065912543123,7800
7,laws,sparse_shuffle,2000,9049,42,1333,selected_grid,3,4,201900,101.8977044260272,18624400
7,laws,sparse_shuffle,2000,9049,42,1333,binary,3,5,401000,0,0
7,laws,sparse_shuffle,2000,9049,42,1333,max_maxdegree,3,6,266200,12.498076516784975,25000
7,laws,sparse_shuffle,2000,9049,42,1333,fourary,3,7,377200,0,0
7,laws,sparse_shuffle,2000,9049,42,1333,mean_map,3,8,252200,50.9488522130136,7800
7,laws,sparse_shuffle,2000,9049,42,1333,degree4,3,9,410100,0,121900
7,laws,sparse_shuffle,2000,9049,42,1333,degree4,4,0,399300,0,121900
7,laws,sparse_shuffle,2000,9049,42,1333,mean_degree,4,1,294400,11.26065912543123,7800
7,laws,sparse_shuffle,2000,9049,42,1333,fourary,4,2,376000,0,0
7,laws,sparse_shuffle,2000,9049,42,1333,mean_map,4,3,223500,50.9488522130136,7800
7,laws,sparse_shuffle,2000,9049,42,1333,caliber,4,4,335500,0,28800
7,laws,sparse_shuffle,2000,9049,42,1333,std_binary,4,5,350600,0,0
7,laws,sparse_shuffle,2000,9049,42,1333,mean_ring,4,6,201800,50.9488522130136,7800
7,laws,sparse_shuffle,2000,9049,42,1333,binary,4,7,378600,0,0
7,laws,sparse_shuffle,2000,9049,42,1333,max_maxdegree,4,8,268700,12.498076516784975,25000
7,laws,sparse_shuffle,2000,9049,42,1333,selected_grid,4,9,200600,101.8977044260272,18624400
7,laws,sparse_shuffle,2000,9049,42,1333,selected_grid,5,0,192400,101.8977044260272,18624400
7,laws,sparse_shuffle,2000,9049,42,1333,max_maxdegree,5,1,275100,12.498076516784975,25000
7,laws,sparse_shuffle,2000,9049,42,1333,binary,5,2,366600,0,0
7,laws,sparse_shuffle,2000,9049,42,1333,mean_ring,5,3,209300,50.9488522130136,7800
7,laws,sparse_shuffle,2000,9049,42,1333,std_binary,5,4,402500,0,0
7,laws,sparse_shuffle,2000,9049,42,1333,caliber,5,5,363700,0,28800
7,laws,sparse_shuffle,2000,9049,42,1333,mean_map,5,6,242600,50.9488522130136,7800
7,laws,sparse_shuffle,2000,9049,42,1333,fourary,5,7,372600,0,0
7,laws,sparse_shuffle,2000,9049,42,1333,mean_degree,5,8,267500,11.26065912543123,7800
7,laws,sparse_shuffle,2000,9049,42,1333,degree4,5,9,394700,0,121900
7,laws,sparse_shuffle,2000,9049,42,1333,degree4,6,0,466500,0,121900
7,laws,sparse_shuffle,2000,9049,42,1333,mean_map,6,1,225900,50.9488522130136,7800
7,laws,sparse_shuffle,2000,9049,42,1333,selected_grid,6,2,193700,101.8977044260272,18624400
7,laws,sparse_shuffle,2000,9049,42,1333,fourary,6,3,374200,0,0
7,laws,sparse_shuffle,2000,9049,42,1333,mean_degree,6,4,265900,11.26065912543123,7800
7,laws,sparse_shuffle,2000,9049,42,1333,mean_ring,6,5,206500,50.9488522130136,7800
7,laws,sparse_shuffle,2000,9049,42,1333,binary,6,6,354700,0,0
7,laws,sparse_shuffle,2000,9049,42,1333,caliber,6,7,314800,0,28800
7,laws,sparse_shuffle,2000,9049,42,1333,std_binary,6,8,340100,0,0
7,laws,sparse_shuffle,2000,9049,42,1333,max_maxdegree,6,9,252800,12.498076516784975,25000
7,laws,sparse_shuffle,2000,9049,42,1333,max_maxdegree,7,0,250100,12.498076516784975,25000
7,laws,sparse_shuffle,2000,9049,42,1333,std_binary,7,1,338400,0,0
7,laws,sparse_shuffle,2000,9049,42,1333,caliber,7,2,303600,0,28800
7,laws,sparse_shuffle,2000,9049,42,1333,binary,7,3,376500,0,0
7,laws,sparse_shuffle,2000,9049,42,1333,mean_ring,7,4,252800,50.9488522130136,7800
7,laws,sparse_shuffle,2000,9049,42,1333,mean_degree,7,5,267000,11.26065912543123,7800
7,laws,sparse_shuffle,2000,9049,42,1333,fourary,7,6,357800,0,0
7,laws,sparse_shuffle,2000,9049,42,1333,selected_grid,7,7,210700,101.8977044260272,18624400
7,laws,sparse_shuffle,2000,9049,42,1333,mean_map,7,8,217100,50.9488522130136,7800
7,laws,sparse_shuffle,2000,9049,42,1333,degree4,7,9,406700,0,121900
8,calibration,sparse_scale,2000,9049,42,0,grid_0.75,0,0,212300,39128.71849959447,6300
8,calibration,sparse_scale,2000,9049,42,0,grid_1,0,1,281600,52171.624666125965,6300
8,calibration,sparse_scale,2000,9049,42,0,grid_0.1,0,2,292900,5217.162466612597,6300
8,calibration,sparse_scale,2000,9049,42,0,grid_2,0,3,510000,104343.24933225193,6300
8,calibration,sparse_scale,2000,9049,42,0,grid_16,0,4,261600,834745.9946580154,6300
8,calibration,sparse_scale,2000,9049,42,0,grid_0.25,0,5,305700,13042.906166531491,6300
8,calibration,sparse_scale,2000,9049,42,0,grid_0.5,0,6,249100,26085.812333062982,6300
8,calibration,sparse_scale,2000,9049,42,0,grid_0.03125,0,7,357500,1630.3632708164364,6300
8,calibration,sparse_scale,2000,9049,42,0,grid_1.5,0,8,354300,78257.43699918894,6300
8,calibration,sparse_scale,2000,9049,42,0,grid_4,0,9,263800,208686.49866450386,6300
8,calibration,sparse_scale,2000,9049,42,0,grid_8,0,10,220300,417372.9973290077,6300
8,calibration,sparse_scale,2000,9049,42,0,grid_0.05,0,11,309800,2608.5812333062986,6300
8,calibration,sparse_scale,2000,9049,42,0,grid_0.05,1,0,294800,2608.5812333062986,6300
8,calibration,sparse_scale,2000,9049,42,0,grid_8,1,1,213900,417372.9973290077,6300
8,calibration,sparse_scale,2000,9049,42,0,grid_4,1,2,211800,208686.49866450386,6300
8,calibration,sparse_scale,2000,9049,42,0,grid_1.5,1,3,210700,78257.43699918894,6300
8,calibration,sparse_scale,2000,9049,42,0,grid_0.03125,1,4,338600,1630.3632708164364,6300
8,calibration,sparse_scale,2000,9049,42,0,grid_0.5,1,5,238300,26085.812333062982,6300
8,calibration,sparse_scale,2000,9049,42,0,grid_0.25,1,6,255900,13042.906166531491,6300
8,calibration,sparse_scale,2000,9049,42,0,grid_16,1,7,265200,834745.9946580154,6300
8,calibration,sparse_scale,2000,9049,42,0,grid_2,1,8,308700,104343.24933225193,6300
8,calibration,sparse_scale,2000,9049,42,0,grid_0.1,1,9,357500,5217.162466612597,6300
8,calibration,sparse_scale,2000,9049,42,0,grid_1,1,10,270900,52171.624666125965,6300
8,calibration,sparse_scale,2000,9049,42,0,grid_0.75,1,11,290700,39128.71849959447,6300
8,calibration,sparse_scale,2000,9049,42,0,grid_1,2,0,293700,52171.624666125965,6300
8,calibration,sparse_scale,2000,9049,42,0,grid_0.75,2,1,247100,39128.71849959447,6300
8,calibration,sparse_scale,2000,9049,42,0,grid_1.5,2,2,203700,78257.43699918894,6300
8,calibration,sparse_scale,2000,9049,42,0,grid_4,2,3,208800,208686.49866450386,6300
8,calibration,sparse_scale,2000,9049,42,0,grid_0.03125,2,4,332800,1630.3632708164364,6300
8,calibration,sparse_scale,2000,9049,42,0,grid_0.05,2,5,307100,2608.5812333062986,6300
8,calibration,sparse_scale,2000,9049,42,0,grid_0.25,2,6,255100,13042.906166531491,6300
8,calibration,sparse_scale,2000,9049,42,0,grid_16,2,7,233600,834745.9946580154,6300
8,calibration,sparse_scale,2000,9049,42,0,grid_0.1,2,8,296800,5217.162466612597,6300
8,calibration,sparse_scale,2000,9049,42,0,grid_0.5,2,9,244800,26085.812333062982,6300
8,calibration,sparse_scale,2000,9049,42,0,grid_8,2,10,225700,417372.9973290077,6300
8,calibration,sparse_scale,2000,9049,42,0,grid_2,2,11,200400,104343.24933225193,6300
8,calibration,sparse_scale,2000,9049,42,0,grid_2,3,0,190700,104343.24933225193,6300
8,calibration,sparse_scale,2000,9049,42,0,grid_8,3,1,222800,417372.9973290077,6300
8,calibration,sparse_scale,2000,9049,42,0,grid_0.5,3,2,237300,26085.812333062982,6300
8,calibration,sparse_scale,2000,9049,42,0,grid_0.1,3,3,305600,5217.162466612597,6300
8,calibration,sparse_scale,2000,9049,42,0,grid_16,3,4,250800,834745.9946580154,6300
8,calibration,sparse_scale,2000,9049,42,0,grid_0.25,3,5,268900,13042.906166531491,6300
8,calibration,sparse_scale,2000,9049,42,0,grid_0.05,3,6,335800,2608.5812333062986,6300
8,calibration,sparse_scale,2000,9049,42,0,grid_0.03125,3,7,356800,1630.3632708164364,6300
8,calibration,sparse_scale,2000,9049,42,0,grid_4,3,8,222900,208686.49866450386,6300
8,calibration,sparse_scale,2000,9049,42,0,grid_1.5,3,9,220200,78257.43699918894,6300
8,calibration,sparse_scale,2000,9049,42,0,grid_0.75,3,10,240200,39128.71849959447,6300
8,calibration,sparse_scale,2000,9049,42,0,grid_1,3,11,222600,52171.624666125965,6300
8,calibration,sparse_scale,2000,9049,42,0,grid_0.03125,4,0,356400,1630.3632708164364,6300
8,calibration,sparse_scale,2000,9049,42,0,grid_0.1,4,1,307900,5217.162466612597,6300
8,calibration,sparse_scale,2000,9049,42,0,grid_4,4,2,216500,208686.49866450386,6300
8,calibration,sparse_scale,2000,9049,42,0,grid_2,4,3,197600,104343.24933225193,6300
8,calibration,sparse_scale,2000,9049,42,0,grid_0.5,4,4,247100,26085.812333062982,6300
8,calibration,sparse_scale,2000,9049,42,0,grid_8,4,5,224900,417372.9973290077,6300
8,calibration,sparse_scale,2000,9049,42,0,grid_0.05,4,6,321700,2608.5812333062986,6300
8,calibration,sparse_scale,2000,9049,42,0,grid_0.75,4,7,234900,39128.71849959447,6300
8,calibration,sparse_scale,2000,9049,42,0,grid_1.5,4,8,217500,78257.43699918894,6300
8,calibration,sparse_scale,2000,9049,42,0,grid_0.25,4,9,264400,13042.906166531491,6300
8,calibration,sparse_scale,2000,9049,42,0,grid_16,4,10,231500,834745.9946580154,6300
8,calibration,sparse_scale,2000,9049,42,0,grid_1,4,11,228500,52171.624666125965,6300
8,calibration,sparse_scale,2000,9049,42,0,grid_1,5,0,219500,52171.624666125965,6300
8,calibration,sparse_scale,2000,9049,42,0,grid_16,5,1,226500,834745.9946580154,6300
8,calibration,sparse_scale,2000,9049,42,0,grid_0.25,5,2,271000,13042.906166531491,6300
8,calibration,sparse_scale,2000,9049,42,0,grid_1.5,5,3,223700,78257.43699918894,6300
8,calibration,sparse_scale,2000,9049,42,0,grid_0.75,5,4,234200,39128.71849959447,6300
8,calibration,sparse_scale,2000,9049,42,0,grid_0.05,5,5,324600,2608.5812333062986,6300
8,calibration,sparse_scale,2000,9049,42,0,grid_8,5,6,234700,417372.9973290077,6300
8,calibration,sparse_scale,2000,9049,42,0,grid_0.5,5,7,246800,26085.812333062982,6300
8,calibration,sparse_scale,2000,9049,42,0,grid_2,5,8,195200,104343.24933225193,6300
8,calibration,sparse_scale,2000,9049,42,0,grid_4,5,9,207500,208686.49866450386,6300
8,calibration,sparse_scale,2000,9049,42,0,grid_0.1,5,10,293900,5217.162466612597,6300
8,calibration,sparse_scale,2000,9049,42,0,grid_0.03125,5,11,338500,1630.3632708164364,6300
8,laws,sparse_scale,2000,9049,42,667,mean_degree,0,0,257400,11530.914944441589,6300
8,laws,sparse_scale,2000,9049,42,667,selected_grid,0,1,194100,104343.24933225193,19269900
8,laws,sparse_scale,2000,9049,42,667,degree4,0,2,398800,0,113800
8,laws,sparse_scale,2000,9049,42,667,max_maxdegree,0,3,261100,12798.030353187814,24600
8,laws,sparse_scale,2000,9049,42,667,mean_ring,0,4,214900,52171.624666125965,6300
8,laws,sparse_scale,2000,9049,42,667,binary,0,5,387700,0,0
8,laws,sparse_scale,2000,9049,42,667,caliber,0,6,324100,0,26200
8,laws,sparse_scale,2000,9049,42,667,std_binary,0,7,355000,0,0
8,laws,sparse_scale,2000,9049,42,667,fourary,0,8,362200,0,0
8,laws,sparse_scale,2000,9049,42,667,mean_map,0,9,235900,52171.624666125965,6300
8,laws,sparse_scale,2000,9049,42,667,mean_map,1,0,228700,52171.624666125965,6300
8,laws,sparse_scale,2000,9049,42,667,fourary,1,1,375600,0,0
8,laws,sparse_scale,2000,9049,42,667,std_binary,1,2,343100,0,0
8,laws,sparse_scale,2000,9049,42,667,caliber,1,3,321400,0,26200
8,laws,sparse_scale,2000,9049,42,667,binary,1,4,403400,0,0
8,laws,sparse_scale,2000,9049,42,667,mean_ring,1,5,221100,52171.624666125965,6300
8,laws,sparse_scale,2000,9049,42,667,max_maxdegree,1,6,258300,12798.030353187814,24600
8,laws,sparse_scale,2000,9049,42,667,degree4,1,7,402700,0,113800
8,laws,sparse_scale,2000,9049,42,667,selected_grid,1,8,197100,104343.24933225193,19269900
8,laws,sparse_scale,2000,9049,42,667,mean_degree,1,9,256600,11530.914944441589,6300
8,laws,sparse_scale,2000,9049,42,667,mean_degree,2,0,245400,11530.914944441589,6300
8,laws,sparse_scale,2000,9049,42,667,max_maxdegree,2,1,249400,12798.030353187814,24600
8,laws,sparse_scale,2000,9049,42,667,binary,2,2,386500,0,0
8,laws,sparse_scale,2000,9049,42,667,degree4,2,3,777400,0,113800
8,laws,sparse_scale,2000,9049,42,667,caliber,2,4,414000,0,26200
8,laws,sparse_scale,2000,9049,42,667,selected_grid,2,5,261900,104343.24933225193,19269900
8,laws,sparse_scale,2000,9049,42,667,std_binary,2,6,365400,0,0
8,laws,sparse_scale,2000,9049,42,667,mean_map,2,7,241600,52171.624666125965,6300
8,laws,sparse_scale,2000,9049,42,667,mean_ring,2,8,210700,52171.624666125965,6300
8,laws,sparse_scale,2000,9049,42,667,fourary,2,9,366300,0,0
8,laws,sparse_scale,2000,9049,42,667,fourary,3,0,362100,0,0
8,laws,sparse_scale,2000,9049,42,667,mean_ring,3,1,285600,52171.624666125965,6300
8,laws,sparse_scale,2000,9049,42,667,mean_map,3,2,218100,52171.624666125965,6300
8,laws,sparse_scale,2000,9049,42,667,std_binary,3,3,394500,0,0
8,laws,sparse_scale,2000,9049,42,667,selected_grid,3,4,213700,104343.24933225193,19269900
8,laws,sparse_scale,2000,9049,42,667,caliber,3,5,325900,0,26200
8,laws,sparse_scale,2000,9049,42,667,degree4,3,6,418600,0,113800
8,laws,sparse_scale,2000,9049,42,667,binary,3,7,400900,0,0
8,laws,sparse_scale,2000,9049,42,667,max_maxdegree,3,8,285900,12798.030353187814,24600
8,laws,sparse_scale,2000,9049,42,667,mean_degree,3,9,275900,11530.914944441589,6300
8,laws,sparse_scale,2000,9049,42,667,caliber,4,0,321000,0,26200
8,laws,sparse_scale,2000,9049,42,667,mean_map,4,1,230900,52171.624666125965,6300
8,laws,sparse_scale,2000,9049,42,667,fourary,4,2,361500,0,0
8,laws,sparse_scale,2000,9049,42,667,max_maxdegree,4,3,268400,12798.030353187814,24600
8,laws,sparse_scale,2000,9049,42,667,mean_ring,4,4,212000,52171.624666125965,6300
8,laws,sparse_scale,2000,9049,42,667,mean_degree,4,5,270500,11530.914944441589,6300
8,laws,sparse_scale,2000,9049,42,667,selected_grid,4,6,210500,104343.24933225193,19269900
8,laws,sparse_scale,2000,9049,42,667,std_binary,4,7,366300,0,0
8,laws,sparse_scale,2000,9049,42,667,degree4,4,8,419000,0,113800
8,laws,sparse_scale,2000,9049,42,667,binary,4,9,378500,0,0
8,laws,sparse_scale,2000,9049,42,667,binary,5,0,371700,0,0
8,laws,sparse_scale,2000,9049,42,667,degree4,5,1,393700,0,113800
8,laws,sparse_scale,2000,9049,42,667,std_binary,5,2,340700,0,0
8,laws,sparse_scale,2000,9049,42,667,selected_grid,5,3,252700,104343.24933225193,19269900
8,laws,sparse_scale,2000,9049,42,667,mean_degree,5,4,279400,11530.914944441589,6300
8,laws,sparse_scale,2000,9049,42,667,mean_ring,5,5,226700,52171.624666125965,6300
8,laws,sparse_scale,2000,9049,42,667,max_maxdegree,5,6,262100,12798.030353187814,24600
8,laws,sparse_scale,2000,9049,42,667,fourary,5,7,362100,0,0
8,laws,sparse_scale,2000,9049,42,667,mean_map,5,8,228500,52171.624666125965,6300
8,laws,sparse_scale,2000,9049,42,667,caliber,5,9,317100,0,26200
8,laws,sparse_scale,2000,9049,42,667,std_binary,6,0,354900,0,0
8,laws,sparse_scale,2000,9049,42,667,mean_degree,6,1,260100,11530.914944441589,6300
8,laws,sparse_scale,2000,9049,42,667,binary,6,2,360100,0,0
8,laws,sparse_scale,2000,9049,42,667,selected_grid,6,3,197400,104343.24933225193,19269900
8,laws,sparse_scale,2000,9049,42,667,max_maxdegree,6,4,256700,12798.030353187814,24600
8,laws,sparse_scale,2000,9049,42,667,mean_map,6,5,230900,52171.624666125965,6300
8,laws,sparse_scale,2000,9049,42,667,mean_ring,6,6,202000,52171.624666125965,6300
8,laws,sparse_scale,2000,9049,42,667,fourary,6,7,362700,0,0
8,laws,sparse_scale,2000,9049,42,667,caliber,6,8,314600,0,26200
8,laws,sparse_scale,2000,9049,42,667,degree4,6,9,403200,0,113800
8,laws,sparse_scale,2000,9049,42,667,degree4,7,0,398500,0,113800
8,laws,sparse_scale,2000,9049,42,667,caliber,7,1,314700,0,26200
8,laws,sparse_scale,2000,9049,42,667,fourary,7,2,345400,0,0
8,laws,sparse_scale,2000,9049,42,667,mean_ring,7,3,199300,52171.624666125965,6300
8,laws,sparse_scale,2000,9049,42,667,mean_map,7,4,210900,52171.624666125965,6300
8,laws,sparse_scale,2000,9049,42,667,max_maxdegree,7,5,257300,12798.030353187814,24600
8,laws,sparse_scale,2000,9049,42,667,selected_grid,7,6,190900,104343.24933225193,19269900
8,laws,sparse_scale,2000,9049,42,667,binary,7,7,351300,0,0
8,laws,sparse_scale,2000,9049,42,667,mean_degree,7,8,251500,11530.914944441589,6300
8,laws,sparse_scale,2000,9049,42,667,std_binary,7,9,344900,0,0
8,laws,sparse_scale,2000,9049,42,1333,mean_degree,0,0,261600,11530.914944441589,6300
8,laws,sparse_scale,2000,9049,42,1333,mean_map,0,1,228700,52171.624666125965,6300
8,laws,sparse_scale,2000,9049,42,1333,degree4,0,2,373100,0,113800
8,laws,sparse_scale,2000,9049,42,1333,selected_grid,0,3,178400,104343.24933225193,19269900
8,laws,sparse_scale,2000,9049,42,1333,mean_ring,0,4,218900,52171.624666125965,6300
8,laws,sparse_scale,2000,9049,42,1333,binary,0,5,354500,0,0
8,laws,sparse_scale,2000,9049,42,1333,caliber,0,6,301200,0,26200
8,laws,sparse_scale,2000,9049,42,1333,fourary,0,7,342000,0,0
8,laws,sparse_scale,2000,9049,42,1333,max_maxdegree,0,8,261700,12798.030353187814,24600
8,laws,sparse_scale,2000,9049,42,1333,std_binary,0,9,344500,0,0
8,laws,sparse_scale,2000,9049,42,1333,std_binary,1,0,337100,0,0
8,laws,sparse_scale,2000,9049,42,1333,max_maxdegree,1,1,245300,12798.030353187814,24600
8,laws,sparse_scale,2000,9049,42,1333,fourary,1,2,353300,0,0
8,laws,sparse_scale,2000,9049,42,1333,caliber,1,3,303800,0,26200
8,laws,sparse_scale,2000,9049,42,1333,binary,1,4,353700,0,0
8,laws,sparse_scale,2000,9049,42,1333,mean_ring,1,5,193900,52171.624666125965,6300
8,laws,sparse_scale,2000,9049,42,1333,selected_grid,1,6,182200,104343.24933225193,19269900
8,laws,sparse_scale,2000,9049,42,1333,degree4,1,7,385800,0,113800
8,laws,sparse_scale,2000,9049,42,1333,mean_map,1,8,235500,52171.624666125965,6300
8,laws,sparse_scale,2000,9049,42,1333,mean_degree,1,9,332400,11530.914944441589,6300
8,laws,sparse_scale,2000,9049,42,1333,degree4,2,0,492400,0,113800
8,laws,sparse_scale,2000,9049,42,1333,mean_map,2,1,267600,52171.624666125965,6300
8,laws,sparse_scale,2000,9049,42,1333,fourary,2,2,480500,0,0
8,laws,sparse_scale,2000,9049,42,1333,max_maxdegree,2,3,332700,12798.030353187814,24600
8,laws,sparse_scale,2000,9049,42,1333,binary,2,4,442900,0,0
8,laws,sparse_scale,2000,9049,42,1333,selected_grid,2,5,214600,104343.24933225193,19269900
8,laws,sparse_scale,2000,9049,42,1333,mean_degree,2,6,311300,11530.914944441589,6300
8,laws,sparse_scale,2000,9049,42,1333,caliber,2,7,304300,0,26200
8,laws,sparse_scale,2000,9049,42,1333,std_binary,2,8,860200,0,0
8,laws,sparse_scale,2000,9049,42,1333,mean_ring,2,9,308900,52171.624666125965,6300
8,laws,sparse_scale,2000,9049,42,1333,mean_ring,3,0,253100,52171.624666125965,6300
8,laws,sparse_scale,2000,9049,42,1333,std_binary,3,1,391600,0,0
8,laws,sparse_scale,2000,9049,42,1333,caliber,3,2,327400,0,26200
8,laws,sparse_scale,2000,9049,42,1333,mean_degree,3,3,264200,11530.914944441589,6300
8,laws,sparse_scale,2000,9049,42,1333,selected_grid,3,4,196500,104343.24933225193,19269900
8,laws,sparse_scale,2000,9049,42,1333,binary,3,5,351800,0,0
8,laws,sparse_scale,2000,9049,42,1333,max_maxdegree,3,6,260400,12798.030353187814,24600
8,laws,sparse_scale,2000,9049,42,1333,fourary,3,7,343700,0,0
8,laws,sparse_scale,2000,9049,42,1333,mean_map,3,8,218200,52171.624666125965,6300
8,laws,sparse_scale,2000,9049,42,1333,degree4,3,9,393700,0,113800
8,laws,sparse_scale,2000,9049,42,1333,degree4,4,0,436600,0,113800
8,laws,sparse_scale,2000,9049,42,1333,mean_degree,4,1,986500,11530.914944441589,6300
8,laws,sparse_scale,2000,9049,42,1333,fourary,4,2,360400,0,0
8,laws,sparse_scale,2000,9049,42,1333,mean_map,4,3,292700,52171.624666125965,6300
8,laws,sparse_scale,2000,9049,42,1333,caliber,4,4,323100,0,26200
8,laws,sparse_scale,2000,9049,42,1333,std_binary,4,5,360900,0,0
8,laws,sparse_scale,2000,9049,42,1333,mean_ring,4,6,230600,52171.624666125965,6300
8,laws,sparse_scale,2000,9049,42,1333,binary,4,7,1424900,0,0
8,laws,sparse_scale,2000,9049,42,1333,max_maxdegree,4,8,267200,12798.030353187814,24600
8,laws,sparse_scale,2000,9049,42,1333,selected_grid,4,9,206300,104343.24933225193,19269900
8,laws,sparse_scale,2000,9049,42,1333,selected_grid,5,0,185000,104343.24933225193,19269900
8,laws,sparse_scale,2000,9049,42,1333,max_maxdegree,5,1,250200,12798.030353187814,24600
8,laws,sparse_scale,2000,9049,42,1333,binary,5,2,372900,0,0
8,laws,sparse_scale,2000,9049,42,1333,mean_ring,5,3,204600,52171.624666125965,6300
8,laws,sparse_scale,2000,9049,42,1333,std_binary,5,4,426900,0,0
8,laws,sparse_scale,2000,9049,42,1333,caliber,5,5,318800,0,26200
8,laws,sparse_scale,2000,9049,42,1333,mean_map,5,6,222000,52171.624666125965,6300
8,laws,sparse_scale,2000,9049,42,1333,fourary,5,7,387200,0,0
8,laws,sparse_scale,2000,9049,42,1333,mean_degree,5,8,268100,11530.914944441589,6300
8,laws,sparse_scale,2000,9049,42,1333,degree4,5,9,470300,0,113800
8,laws,sparse_scale,2000,9049,42,1333,degree4,6,0,407700,0,113800
8,laws,sparse_scale,2000,9049,42,1333,mean_map,6,1,229400,52171.624666125965,6300
8,laws,sparse_scale,2000,9049,42,1333,selected_grid,6,2,294800,104343.24933225193,19269900
8,laws,sparse_scale,2000,9049,42,1333,fourary,6,3,442800,0,0
8,laws,sparse_scale,2000,9049,42,1333,mean_degree,6,4,323500,11530.914944441589,6300
8,laws,sparse_scale,2000,9049,42,1333,mean_ring,6,5,255200,52171.624666125965,6300
8,laws,sparse_scale,2000,9049,42,1333,binary,6,6,452400,0,0
8,laws,sparse_scale,2000,9049,42,1333,caliber,6,7,405600,0,26200
8,laws,sparse_scale,2000,9049,42,1333,std_binary,6,8,450200,0,0
8,laws,sparse_scale,2000,9049,42,1333,max_maxdegree,6,9,262000,12798.030353187814,24600
8,laws,sparse_scale,2000,9049,42,1333,max_maxdegree,7,0,248600,12798.030353187814,24600
8,laws,sparse_scale,2000,9049,42,1333,std_binary,7,1,339400,0,0
8,laws,sparse_scale,2000,9049,42,1333,caliber,7,2,331200,0,26200
8,laws,sparse_scale,2000,9049,42,1333,binary,7,3,383800,0,0
8,laws,sparse_scale,2000,9049,42,1333,mean_ring,7,4,246600,52171.624666125965,6300
8,laws,sparse_scale,2000,9049,42,1333,mean_degree,7,5,333200,11530.914944441589,6300
8,laws,sparse_scale,2000,9049,42,1333,fourary,7,6,453000,0,0
8,laws,sparse_scale,2000,9049,42,1333,selected_grid,7,7,224500,104343.24933225193,19269900
8,laws,sparse_scale,2000,9049,42,1333,mean_map,7,8,227300,52171.624666125965,6300
8,laws,sparse_scale,2000,9049,42,1333,degree4,7,9,426900,0,113800
9,calibration,clustered_uniform,2000,51918,42,0,grid_0.75,0,0,504300,7.248031327969123,36000
9,calibration,clustered_uniform,2000,51918,42,0,grid_1,0,1,472200,9.664041770625497,36000
9,calibration,clustered_uniform,2000,51918,42,0,grid_0.1,0,2,569000,0.9664041770625498,36000
9,calibration,clustered_uniform,2000,51918,42,0,grid_2,0,3,492900,19.328083541250994,36000
9,calibration,clustered_uniform,2000,51918,42,0,grid_16,0,4,456200,154.62466833000795,36000
9,calibration,clustered_uniform,2000,51918,42,0,grid_0.25,0,5,516800,2.416010442656374,36000
9,calibration,clustered_uniform,2000,51918,42,0,grid_0.5,0,6,649800,4.832020885312748,36000
9,calibration,clustered_uniform,2000,51918,42,0,grid_0.03125,0,7,756700,0.3020013053320468,36000
9,calibration,clustered_uniform,2000,51918,42,0,grid_1.5,0,8,473100,14.496062655938246,36000
9,calibration,clustered_uniform,2000,51918,42,0,grid_4,0,9,460400,38.65616708250199,36000
9,calibration,clustered_uniform,2000,51918,42,0,grid_8,0,10,499300,77.31233416500397,36000
9,calibration,clustered_uniform,2000,51918,42,0,grid_0.05,0,11,654100,0.4832020885312749,36000
9,calibration,clustered_uniform,2000,51918,42,0,grid_0.05,1,0,874400,0.4832020885312749,36000
9,calibration,clustered_uniform,2000,51918,42,0,grid_8,1,1,503200,77.31233416500397,36000
9,calibration,clustered_uniform,2000,51918,42,0,grid_4,1,2,444700,38.65616708250199,36000
9,calibration,clustered_uniform,2000,51918,42,0,grid_1.5,1,3,650500,14.496062655938246,36000
9,calibration,clustered_uniform,2000,51918,42,0,grid_0.03125,1,4,719600,0.3020013053320468,36000
9,calibration,clustered_uniform,2000,51918,42,0,grid_0.5,1,5,513500,4.832020885312748,36000
9,calibration,clustered_uniform,2000,51918,42,0,grid_0.25,1,6,626200,2.416010442656374,36000
9,calibration,clustered_uniform,2000,51918,42,0,grid_16,1,7,526000,154.62466833000795,36000
9,calibration,clustered_uniform,2000,51918,42,0,grid_2,1,8,477200,19.328083541250994,36000
9,calibration,clustered_uniform,2000,51918,42,0,grid_0.1,1,9,605800,0.9664041770625498,36000
9,calibration,clustered_uniform,2000,51918,42,0,grid_1,1,10,495200,9.664041770625497,36000
9,calibration,clustered_uniform,2000,51918,42,0,grid_0.75,1,11,525700,7.248031327969123,36000
9,calibration,clustered_uniform,2000,51918,42,0,grid_1,2,0,487200,9.664041770625497,36000
9,calibration,clustered_uniform,2000,51918,42,0,grid_0.75,2,1,498000,7.248031327969123,36000
9,calibration,clustered_uniform,2000,51918,42,0,grid_1.5,2,2,463700,14.496062655938246,36000
9,calibration,clustered_uniform,2000,51918,42,0,grid_4,2,3,468800,38.65616708250199,36000
9,calibration,clustered_uniform,2000,51918,42,0,grid_0.03125,2,4,706800,0.3020013053320468,36000
9,calibration,clustered_uniform,2000,51918,42,0,grid_0.05,2,5,660200,0.4832020885312749,36000
9,calibration,clustered_uniform,2000,51918,42,0,grid_0.25,2,6,632900,2.416010442656374,36000
9,calibration,clustered_uniform,2000,51918,42,0,grid_16,2,7,456700,154.62466833000795,36000
9,calibration,clustered_uniform,2000,51918,42,0,grid_0.1,2,8,564500,0.9664041770625498,36000
9,calibration,clustered_uniform,2000,51918,42,0,grid_0.5,2,9,469600,4.832020885312748,36000
9,calibration,clustered_uniform,2000,51918,42,0,grid_8,2,10,505600,77.31233416500397,36000
9,calibration,clustered_uniform,2000,51918,42,0,grid_2,2,11,446400,19.328083541250994,36000
9,calibration,clustered_uniform,2000,51918,42,0,grid_2,3,0,451300,19.328083541250994,36000
9,calibration,clustered_uniform,2000,51918,42,0,grid_8,3,1,472100,77.31233416500397,36000
9,calibration,clustered_uniform,2000,51918,42,0,grid_0.5,3,2,475000,4.832020885312748,36000
9,calibration,clustered_uniform,2000,51918,42,0,grid_0.1,3,3,550000,0.9664041770625498,36000
9,calibration,clustered_uniform,2000,51918,42,0,grid_16,3,4,462800,154.62466833000795,36000
9,calibration,clustered_uniform,2000,51918,42,0,grid_0.25,3,5,493500,2.416010442656374,36000
9,calibration,clustered_uniform,2000,51918,42,0,grid_0.05,3,6,643600,0.4832020885312749,36000
9,calibration,clustered_uniform,2000,51918,42,0,grid_0.03125,3,7,682200,0.3020013053320468,36000
9,calibration,clustered_uniform,2000,51918,42,0,grid_4,3,8,460800,38.65616708250199,36000
9,calibration,clustered_uniform,2000,51918,42,0,grid_1.5,3,9,604200,14.496062655938246,36000
9,calibration,clustered_uniform,2000,51918,42,0,grid_0.75,3,10,611300,7.248031327969123,36000
9,calibration,clustered_uniform,2000,51918,42,0,grid_1,3,11,599800,9.664041770625497,36000
9,calibration,clustered_uniform,2000,51918,42,0,grid_0.03125,4,0,795600,0.3020013053320468,36000
9,calibration,clustered_uniform,2000,51918,42,0,grid_0.1,4,1,546100,0.9664041770625498,36000
9,calibration,clustered_uniform,2000,51918,42,0,grid_4,4,2,761400,38.65616708250199,36000
9,calibration,clustered_uniform,2000,51918,42,0,grid_2,4,3,468900,19.328083541250994,36000
9,calibration,clustered_uniform,2000,51918,42,0,grid_0.5,4,4,472200,4.832020885312748,36000
9,calibration,clustered_uniform,2000,51918,42,0,grid_8,4,5,637900,77.31233416500397,36000
9,calibration,clustered_uniform,2000,51918,42,0,grid_0.05,4,6,654900,0.4832020885312749,36000
9,calibration,clustered_uniform,2000,51918,42,0,grid_0.75,4,7,480400,7.248031327969123,36000
9,calibration,clustered_uniform,2000,51918,42,0,grid_1.5,4,8,447400,14.496062655938246,36000
9,calibration,clustered_uniform,2000,51918,42,0,grid_0.25,4,9,519400,2.416010442656374,36000
9,calibration,clustered_uniform,2000,51918,42,0,grid_16,4,10,447200,154.62466833000795,36000
9,calibration,clustered_uniform,2000,51918,42,0,grid_1,4,11,450600,9.664041770625497,36000
9,calibration,clustered_uniform,2000,51918,42,0,grid_1,5,0,448100,9.664041770625497,36000
9,calibration,clustered_uniform,2000,51918,42,0,grid_16,5,1,443400,154.62466833000795,36000
9,calibration,clustered_uniform,2000,51918,42,0,grid_0.25,5,2,491500,2.416010442656374,36000
9,calibration,clustered_uniform,2000,51918,42,0,grid_1.5,5,3,476200,14.496062655938246,36000
9,calibration,clustered_uniform,2000,51918,42,0,grid_0.75,5,4,469900,7.248031327969123,36000
9,calibration,clustered_uniform,2000,51918,42,0,grid_0.05,5,5,638000,0.4832020885312749,36000
9,calibration,clustered_uniform,2000,51918,42,0,grid_8,5,6,499100,77.31233416500397,36000
9,calibration,clustered_uniform,2000,51918,42,0,grid_0.5,5,7,464100,4.832020885312748,36000
9,calibration,clustered_uniform,2000,51918,42,0,grid_2,5,8,549800,19.328083541250994,36000
9,calibration,clustered_uniform,2000,51918,42,0,grid_4,5,9,442100,38.65616708250199,36000
9,calibration,clustered_uniform,2000,51918,42,0,grid_0.1,5,10,564200,0.9664041770625498,36000
9,calibration,clustered_uniform,2000,51918,42,0,grid_0.03125,5,11,710900,0.3020013053320468,36000
9,laws,clustered_uniform,2000,51918,42,667,mean_degree,0,0,806000,0.3722809727117954,36000
9,laws,clustered_uniform,2000,51918,42,667,selected_grid,0,1,459500,154.62466833000795,39370100
9,laws,clustered_uniform,2000,51918,42,667,degree4,0,2,665200,0,131700
9,laws,clustered_uniform,2000,51918,42,667,max_maxdegree,0,3,663500,2.56234036640506,58800
9,laws,clustered_uniform,2000,51918,42,667,mean_ring,0,4,432600,9.664041770625497,36000
9,laws,clustered_uniform,2000,51918,42,667,binary,0,5,657900,0,0
9,laws,clustered_uniform,2000,51918,42,667,caliber,0,6,679700,0,72800
9,laws,clustered_uniform,2000,51918,42,667,std_binary,0,7,718600,0,0
9,laws,clustered_uniform,2000,51918,42,667,fourary,0,8,634300,0,0
9,laws,clustered_uniform,2000,51918,42,667,mean_map,0,9,659300,9.664041770625497,36000
9,laws,clustered_uniform,2000,51918,42,667,mean_map,1,0,470700,9.664041770625497,36000
9,laws,clustered_uniform,2000,51918,42,667,fourary,1,1,658600,0,0
9,laws,clustered_uniform,2000,51918,42,667,std_binary,1,2,720500,0,0
9,laws,clustered_uniform,2000,51918,42,667,caliber,1,3,741500,0,72800
9,laws,clustered_uniform,2000,51918,42,667,binary,1,4,755600,0,0
9,laws,clustered_uniform,2000,51918,42,667,mean_ring,1,5,481500,9.664041770625497,36000
9,laws,clustered_uniform,2000,51918,42,667,max_maxdegree,1,6,526800,2.56234036640506,58800
9,laws,clustered_uniform,2000,51918,42,667,degree4,1,7,691100,0,131700
9,laws,clustered_uniform,2000,51918,42,667,selected_grid,1,8,429000,154.62466833000795,39370100
9,laws,clustered_uniform,2000,51918,42,667,mean_degree,1,9,653300,0.3722809727117954,36000
9,laws,clustered_uniform,2000,51918,42,667,mean_degree,2,0,642300,0.3722809727117954,36000
9,laws,clustered_uniform,2000,51918,42,667,max_maxdegree,2,1,501300,2.56234036640506,58800
9,laws,clustered_uniform,2000,51918,42,667,binary,2,2,652600,0,0
9,laws,clustered_uniform,2000,51918,42,667,degree4,2,3,639200,0,131700
9,laws,clustered_uniform,2000,51918,42,667,caliber,2,4,614900,0,72800
9,laws,clustered_uniform,2000,51918,42,667,selected_grid,2,5,425400,154.62466833000795,39370100
9,laws,clustered_uniform,2000,51918,42,667,std_binary,2,6,719600,0,0
9,laws,clustered_uniform,2000,51918,42,667,mean_map,2,7,573800,9.664041770625497,36000
9,laws,clustered_uniform,2000,51918,42,667,mean_ring,2,8,439000,9.664041770625497,36000
9,laws,clustered_uniform,2000,51918,42,667,fourary,2,9,649800,0,0
9,laws,clustered_uniform,2000,51918,42,667,fourary,3,0,696600,0,0
9,laws,clustered_uniform,2000,51918,42,667,mean_ring,3,1,419500,9.664041770625497,36000
9,laws,clustered_uniform,2000,51918,42,667,mean_map,3,2,428400,9.664041770625497,36000
9,laws,clustered_uniform,2000,51918,42,667,std_binary,3,3,678100,0,0
9,laws,clustered_uniform,2000,51918,42,667,selected_grid,3,4,430700,154.62466833000795,39370100
9,laws,clustered_uniform,2000,51918,42,667,caliber,3,5,660300,0,72800
9,laws,clustered_uniform,2000,51918,42,667,degree4,3,6,702000,0,131700
9,laws,clustered_uniform,2000,51918,42,667,binary,3,7,826700,0,0
9,laws,clustered_uniform,2000,51918,42,667,max_maxdegree,3,8,517600,2.56234036640506,58800
9,laws,clustered_uniform,2000,51918,42,667,mean_degree,3,9,718800,0.3722809727117954,36000
9,laws,clustered_uniform,2000,51918,42,667,caliber,4,0,1077700,0,72800
9,laws,clustered_uniform,2000,51918,42,667,mean_map,4,1,574100,9.664041770625497,36000
9,laws,clustered_uniform,2000,51918,42,667,fourary,4,2,669000,0,0
9,laws,clustered_uniform,2000,51918,42,667,max_maxdegree,4,3,552300,2.56234036640506,58800
9,laws,clustered_uniform,2000,51918,42,667,mean_ring,4,4,528000,9.664041770625497,36000
9,laws,clustered_uniform,2000,51918,42,667,mean_degree,4,5,715600,0.3722809727117954,36000
9,laws,clustered_uniform,2000,51918,42,667,selected_grid,4,6,460300,154.62466833000795,39370100
9,laws,clustered_uniform,2000,51918,42,667,std_binary,4,7,707300,0,0
9,laws,clustered_uniform,2000,51918,42,667,degree4,4,8,837100,0,131700
9,laws,clustered_uniform,2000,51918,42,667,binary,4,9,651900,0,0
9,laws,clustered_uniform,2000,51918,42,667,binary,5,0,648900,0,0
9,laws,clustered_uniform,2000,51918,42,667,degree4,5,1,663800,0,131700
9,laws,clustered_uniform,2000,51918,42,667,std_binary,5,2,701200,0,0
9,laws,clustered_uniform,2000,51918,42,667,selected_grid,5,3,448200,154.62466833000795,39370100
9,laws,clustered_uniform,2000,51918,42,667,mean_degree,5,4,1220300,0.3722809727117954,36000
9,laws,clustered_uniform,2000,51918,42,667,mean_ring,5,5,444900,9.664041770625497,36000
9,laws,clustered_uniform,2000,51918,42,667,max_maxdegree,5,6,590400,2.56234036640506,58800
9,laws,clustered_uniform,2000,51918,42,667,fourary,5,7,659600,0,0
9,laws,clustered_uniform,2000,51918,42,667,mean_map,5,8,454200,9.664041770625497,36000
9,laws,clustered_uniform,2000,51918,42,667,caliber,5,9,657500,0,72800
9,laws,clustered_uniform,2000,51918,42,667,std_binary,6,0,693100,0,0
9,laws,clustered_uniform,2000,51918,42,667,mean_degree,6,1,675800,0.3722809727117954,36000
9,laws,clustered_uniform,2000,51918,42,667,binary,6,2,643700,0,0
9,laws,clustered_uniform,2000,51918,42,667,selected_grid,6,3,446000,154.62466833000795,39370100
9,laws,clustered_uniform,2000,51918,42,667,max_maxdegree,6,4,507600,2.56234036640506,58800
9,laws,clustered_uniform,2000,51918,42,667,mean_map,6,5,443300,9.664041770625497,36000
9,laws,clustered_uniform,2000,51918,42,667,mean_ring,6,6,520400,9.664041770625497,36000
9,laws,clustered_uniform,2000,51918,42,667,fourary,6,7,648700,0,0
9,laws,clustered_uniform,2000,51918,42,667,caliber,6,8,601200,0,72800
9,laws,clustered_uniform,2000,51918,42,667,degree4,6,9,672200,0,131700
9,laws,clustered_uniform,2000,51918,42,667,degree4,7,0,636900,0,131700
9,laws,clustered_uniform,2000,51918,42,667,caliber,7,1,601200,0,72800
9,laws,clustered_uniform,2000,51918,42,667,fourary,7,2,636200,0,0
9,laws,clustered_uniform,2000,51918,42,667,mean_ring,7,3,454400,9.664041770625497,36000
9,laws,clustered_uniform,2000,51918,42,667,mean_map,7,4,482600,9.664041770625497,36000
9,laws,clustered_uniform,2000,51918,42,667,max_maxdegree,7,5,517300,2.56234036640506,58800
9,laws,clustered_uniform,2000,51918,42,667,selected_grid,7,6,456300,154.62466833000795,39370100
9,laws,clustered_uniform,2000,51918,42,667,binary,7,7,628800,0,0
9,laws,clustered_uniform,2000,51918,42,667,mean_degree,7,8,669800,0.3722809727117954,36000
9,laws,clustered_uniform,2000,51918,42,667,std_binary,7,9,714700,0,0
9,laws,clustered_uniform,2000,51918,42,1333,mean_degree,0,0,659900,0.3722809727117954,36000
9,laws,clustered_uniform,2000,51918,42,1333,mean_map,0,1,462100,9.664041770625497,36000
9,laws,clustered_uniform,2000,51918,42,1333,degree4,0,2,665900,0,131700
9,laws,clustered_uniform,2000,51918,42,1333,selected_grid,0,3,453600,154.62466833000795,39370100
9,laws,clustered_uniform,2000,51918,42,1333,mean_ring,0,4,427600,9.664041770625497,36000
9,laws,clustered_uniform,2000,51918,42,1333,binary,0,5,651700,0,0
9,laws,clustered_uniform,2000,51918,42,1333,caliber,0,6,648700,0,72800
9,laws,clustered_uniform,2000,51918,42,1333,fourary,0,7,745600,0,0
9,laws,clustered_uniform,2000,51918,42,1333,max_maxdegree,0,8,521000,2.56234036640506,58800
9,laws,clustered_uniform,2000,51918,42,1333,std_binary,0,9,736100,0,0
9,laws,clustered_uniform,2000,51918,42,1333,std_binary,1,0,682400,0,0
9,laws,clustered_uniform,2000,51918,42,1333,max_maxdegree,1,1,513600,2.56234036640506,58800
9,laws,clustered_uniform,2000,51918,42,1333,fourary,1,2,655700,0,0
9,laws,clustered_uniform,2000,51918,42,1333,caliber,1,3,649300,0,72800
9,laws,clustered_uniform,2000,51918,42,1333,binary,1,4,664100,0,0
9,laws,clustered_uniform,2000,51918,42,1333,mean_ring,1,5,450600,9.664041770625497,36000
9,laws,clustered_uniform,2000,51918,42,1333,selected_grid,1,6,509500,154.62466833000795,39370100
9,laws,clustered_uniform,2000,51918,42,1333,degree4,1,7,674000,0,131700
9,laws,clustered_uniform,2000,51918,42,1333,mean_map,1,8,458400,9.664041770625497,36000
9,laws,clustered_uniform,2000,51918,42,1333,mean_degree,1,9,678400,0.3722809727117954,36000
9,laws,clustered_uniform,2000,51918,42,1333,degree4,2,0,680300,0,131700
9,laws,clustered_uniform,2000,51918,42,1333,mean_map,2,1,454100,9.664041770625497,36000
9,laws,clustered_uniform,2000,51918,42,1333,fourary,2,2,817900,0,0
9,laws,clustered_uniform,2000,51918,42,1333,max_maxdegree,2,3,557600,2.56234036640506,58800
9,laws,clustered_uniform,2000,51918,42,1333,binary,2,4,656300,0,0
9,laws,clustered_uniform,2000,51918,42,1333,selected_grid,2,5,432600,154.62466833000795,39370100
9,laws,clustered_uniform,2000,51918,42,1333,mean_degree,2,6,682000,0.3722809727117954,36000
9,laws,clustered_uniform,2000,51918,42,1333,caliber,2,7,634800,0,72800
9,laws,clustered_uniform,2000,51918,42,1333,std_binary,2,8,683700,0,0
9,laws,clustered_uniform,2000,51918,42,1333,mean_ring,2,9,440600,9.664041770625497,36000
9,laws,clustered_uniform,2000,51918,42,1333,mean_ring,3,0,430300,9.664041770625497,36000
9,laws,clustered_uniform,2000,51918,42,1333,std_binary,3,1,694000,0,0
9,laws,clustered_uniform,2000,51918,42,1333,caliber,3,2,638700,0,72800
9,laws,clustered_uniform,2000,51918,42,1333,mean_degree,3,3,673900,0.3722809727117954,36000
9,laws,clustered_uniform,2000,51918,42,1333,selected_grid,3,4,624300,154.62466833000795,39370100
9,laws,clustered_uniform,2000,51918,42,1333,binary,3,5,664000,0,0
9,laws,clustered_uniform,2000,51918,42,1333,max_maxdegree,3,6,521100,2.56234036640506,58800
9,laws,clustered_uniform,2000,51918,42,1333,fourary,3,7,677100,0,0
9,laws,clustered_uniform,2000,51918,42,1333,mean_map,3,8,484100,9.664041770625497,36000
9,laws,clustered_uniform,2000,51918,42,1333,degree4,3,9,678000,0,131700
9,laws,clustered_uniform,2000,51918,42,1333,degree4,4,0,1072700,0,131700
9,laws,clustered_uniform,2000,51918,42,1333,mean_degree,4,1,696200,0.3722809727117954,36000
9,laws,clustered_uniform,2000,51918,42,1333,fourary,4,2,745800,0,0
9,laws,clustered_uniform,2000,51918,42,1333,mean_map,4,3,490500,9.664041770625497,36000
9,laws,clustered_uniform,2000,51918,42,1333,caliber,4,4,643700,0,72800
9,laws,clustered_uniform,2000,51918,42,1333,std_binary,4,5,736400,0,0
9,laws,clustered_uniform,2000,51918,42,1333,mean_ring,4,6,448000,9.664041770625497,36000
9,laws,clustered_uniform,2000,51918,42,1333,binary,4,7,686000,0,0
9,laws,clustered_uniform,2000,51918,42,1333,max_maxdegree,4,8,533300,2.56234036640506,58800
9,laws,clustered_uniform,2000,51918,42,1333,selected_grid,4,9,610000,154.62466833000795,39370100
9,laws,clustered_uniform,2000,51918,42,1333,selected_grid,5,0,432300,154.62466833000795,39370100
9,laws,clustered_uniform,2000,51918,42,1333,max_maxdegree,5,1,512200,2.56234036640506,58800
9,laws,clustered_uniform,2000,51918,42,1333,binary,5,2,692400,0,0
9,laws,clustered_uniform,2000,51918,42,1333,mean_ring,5,3,443100,9.664041770625497,36000
9,laws,clustered_uniform,2000,51918,42,1333,std_binary,5,4,687300,0,0
9,laws,clustered_uniform,2000,51918,42,1333,caliber,5,5,646700,0,72800
9,laws,clustered_uniform,2000,51918,42,1333,mean_map,5,6,631700,9.664041770625497,36000
9,laws,clustered_uniform,2000,51918,42,1333,fourary,5,7,666400,0,0
9,laws,clustered_uniform,2000,51918,42,1333,mean_degree,5,8,674500,0.3722809727117954,36000
9,laws,clustered_uniform,2000,51918,42,1333,degree4,5,9,705600,0,131700
9,laws,clustered_uniform,2000,51918,42,1333,degree4,6,0,721400,0,131700
9,laws,clustered_uniform,2000,51918,42,1333,mean_map,6,1,587000,9.664041770625497,36000
9,laws,clustered_uniform,2000,51918,42,1333,selected_grid,6,2,455900,154.62466833000795,39370100
9,laws,clustered_uniform,2000,51918,42,1333,fourary,6,3,808100,0,0
9,laws,clustered_uniform,2000,51918,42,1333,mean_degree,6,4,671000,0.3722809727117954,36000
9,laws,clustered_uniform,2000,51918,42,1333,mean_ring,6,5,444200,9.664041770625497,36000
9,laws,clustered_uniform,2000,51918,42,1333,binary,6,6,767000,0,0
9,laws,clustered_uniform,2000,51918,42,1333,caliber,6,7,679900,0,72800
9,laws,clustered_uniform,2000,51918,42,1333,std_binary,6,8,685800,0,0
9,laws,clustered_uniform,2000,51918,42,1333,max_maxdegree,6,9,522000,2.56234036640506,58800
9,laws,clustered_uniform,2000,51918,42,1333,max_maxdegree,7,0,473500,2.56234036640506,58800
9,laws,clustered_uniform,2000,51918,42,1333,std_binary,7,1,785200,0,0
9,laws,clustered_uniform,2000,51918,42,1333,caliber,7,2,801500,0,72800
9,laws,clustered_uniform,2000,51918,42,1333,binary,7,3,907900,0,0
9,laws,clustered_uniform,2000,51918,42,1333,mean_ring,7,4,438700,9.664041770625497,36000
9,laws,clustered_uniform,2000,51918,42,1333,mean_degree,7,5,736300,0.3722809727117954,36000
9,laws,clustered_uniform,2000,51918,42,1333,fourary,7,6,712300,0,0
9,laws,clustered_uniform,2000,51918,42,1333,selected_grid,7,7,431800,154.62466833000795,39370100
9,laws,clustered_uniform,2000,51918,42,1333,mean_map,7,8,465400,9.664041770625497,36000
9,laws,clustered_uniform,2000,51918,42,1333,degree4,7,9,682900,0,131700
10,calibration,clustered_near,2000,51918,42,0,grid_0.75,0,0,342600,37.500023942660405,34900
10,calibration,clustered_near,2000,51918,42,0,grid_1,0,1,378400,50.00003192354721,34900
10,calibration,clustered_near,2000,51918,42,0,grid_0.1,0,2,409300,5.000003192354722,34900
10,calibration,clustered_near,2000,51918,42,0,grid_2,0,3,352300,100.00006384709442,34900
10,calibration,clustered_near,2000,51918,42,0,grid_16,0,4,394800,800.0005107767554,34900
10,calibration,clustered_near,2000,51918,42,0,grid_0.25,0,5,339100,12.500007980886803,34900
10,calibration,clustered_near,2000,51918,42,0,grid_0.5,0,6,322700,25.000015961773606,34900
10,calibration,clustered_near,2000,51918,42,0,grid_0.03125,0,7,331000,1.5625009976108504,34900
10,calibration,clustered_near,2000,51918,42,0,grid_1.5,0,8,316900,75.00004788532081,34900
10,calibration,clustered_near,2000,51918,42,0,grid_4,0,9,311700,200.00012769418885,34900
10,calibration,clustered_near,2000,51918,42,0,grid_8,0,10,307900,400.0002553883777,34900
10,calibration,clustered_near,2000,51918,42,0,grid_0.05,0,11,350300,2.500001596177361,34900
10,calibration,clustered_near,2000,51918,42,0,grid_0.05,1,0,331200,2.500001596177361,34900
10,calibration,clustered_near,2000,51918,42,0,grid_8,1,1,310600,400.0002553883777,34900
10,calibration,clustered_near,2000,51918,42,0,grid_4,1,2,310900,200.00012769418885,34900
10,calibration,clustered_near,2000,51918,42,0,grid_1.5,1,3,322300,75.00004788532081,34900
10,calibration,clustered_near,2000,51918,42,0,grid_0.03125,1,4,318100,1.5625009976108504,34900
10,calibration,clustered_near,2000,51918,42,0,grid_0.5,1,5,319400,25.000015961773606,34900
10,calibration,clustered_near,2000,51918,42,0,grid_0.25,1,6,358700,12.500007980886803,34900
10,calibration,clustered_near,2000,51918,42,0,grid_16,1,7,337300,800.0005107767554,34900
10,calibration,clustered_near,2000,51918,42,0,grid_2,1,8,314800,100.00006384709442,34900
10,calibration,clustered_near,2000,51918,42,0,grid_0.1,1,9,342400,5.000003192354722,34900
10,calibration,clustered_near,2000,51918,42,0,grid_1,1,10,365600,50.00003192354721,34900
10,calibration,clustered_near,2000,51918,42,0,grid_0.75,1,11,324200,37.500023942660405,34900
10,calibration,clustered_near,2000,51918,42,0,grid_1,2,0,417300,50.00003192354721,34900
10,calibration,clustered_near,2000,51918,42,0,grid_0.75,2,1,354500,37.500023942660405,34900
10,calibration,clustered_near,2000,51918,42,0,grid_1.5,2,2,340200,75.00004788532081,34900
10,calibration,clustered_near,2000,51918,42,0,grid_4,2,3,340100,200.00012769418885,34900
10,calibration,clustered_near,2000,51918,42,0,grid_0.03125,2,4,349600,1.5625009976108504,34900
10,calibration,clustered_near,2000,51918,42,0,grid_0.05,2,5,355200,2.500001596177361,34900
10,calibration,clustered_near,2000,51918,42,0,grid_0.25,2,6,336300,12.500007980886803,34900
10,calibration,clustered_near,2000,51918,42,0,grid_16,2,7,326600,800.0005107767554,34900
10,calibration,clustered_near,2000,51918,42,0,grid_0.1,2,8,339200,5.000003192354722,34900
10,calibration,clustered_near,2000,51918,42,0,grid_0.5,2,9,322800,25.000015961773606,34900
10,calibration,clustered_near,2000,51918,42,0,grid_8,2,10,375100,400.0002553883777,34900
10,calibration,clustered_near,2000,51918,42,0,grid_2,2,11,345700,100.00006384709442,34900
10,calibration,clustered_near,2000,51918,42,0,grid_2,3,0,314700,100.00006384709442,34900
10,calibration,clustered_near,2000,51918,42,0,grid_8,3,1,302900,400.0002553883777,34900
10,calibration,clustered_near,2000,51918,42,0,grid_0.5,3,2,314200,25.000015961773606,34900
10,calibration,clustered_near,2000,51918,42,0,grid_0.1,3,3,310700,5.000003192354722,34900
10,calibration,clustered_near,2000,51918,42,0,grid_16,3,4,325900,800.0005107767554,34900
10,calibration,clustered_near,2000,51918,42,0,grid_0.25,3,5,318900,12.500007980886803,34900
10,calibration,clustered_near,2000,51918,42,0,grid_0.05,3,6,313900,2.500001596177361,34900
10,calibration,clustered_near,2000,51918,42,0,grid_0.03125,3,7,308900,1.5625009976108504,34900
10,calibration,clustered_near,2000,51918,42,0,grid_4,3,8,313400,200.00012769418885,34900
10,calibration,clustered_near,2000,51918,42,0,grid_1.5,3,9,312900,75.00004788532081,34900
10,calibration,clustered_near,2000,51918,42,0,grid_0.75,3,10,329200,37.500023942660405,34900
10,calibration,clustered_near,2000,51918,42,0,grid_1,3,11,366600,50.00003192354721,34900
10,calibration,clustered_near,2000,51918,42,0,grid_0.03125,4,0,320300,1.5625009976108504,34900
10,calibration,clustered_near,2000,51918,42,0,grid_0.1,4,1,317900,5.000003192354722,34900
10,calibration,clustered_near,2000,51918,42,0,grid_4,4,2,318800,200.00012769418885,34900
10,calibration,clustered_near,2000,51918,42,0,grid_2,4,3,320200,100.00006384709442,34900
10,calibration,clustered_near,2000,51918,42,0,grid_0.5,4,4,334900,25.000015961773606,34900
10,calibration,clustered_near,2000,51918,42,0,grid_8,4,5,321000,400.0002553883777,34900
10,calibration,clustered_near,2000,51918,42,0,grid_0.05,4,6,1320800,2.500001596177361,34900
10,calibration,clustered_near,2000,51918,42,0,grid_0.75,4,7,979400,37.500023942660405,34900
10,calibration,clustered_near,2000,51918,42,0,grid_1.5,4,8,343000,75.00004788532081,34900
10,calibration,clustered_near,2000,51918,42,0,grid_0.25,4,9,347900,12.500007980886803,34900
10,calibration,clustered_near,2000,51918,42,0,grid_16,4,10,333100,800.0005107767554,34900
10,calibration,clustered_near,2000,51918,42,0,grid_1,4,11,385000,50.00003192354721,34900
10,calibration,clustered_near,2000,51918,42,0,grid_1,5,0,391800,50.00003192354721,34900
10,calibration,clustered_near,2000,51918,42,0,grid_16,5,1,330600,800.0005107767554,34900
10,calibration,clustered_near,2000,51918,42,0,grid_0.25,5,2,342500,12.500007980886803,34900
10,calibration,clustered_near,2000,51918,42,0,grid_1.5,5,3,313100,75.00004788532081,34900
10,calibration,clustered_near,2000,51918,42,0,grid_0.75,5,4,319800,37.500023942660405,34900
10,calibration,clustered_near,2000,51918,42,0,grid_0.05,5,5,320400,2.500001596177361,34900
10,calibration,clustered_near,2000,51918,42,0,grid_8,5,6,456500,400.0002553883777,34900
10,calibration,clustered_near,2000,51918,42,0,grid_0.5,5,7,584900,25.000015961773606,34900
10,calibration,clustered_near,2000,51918,42,0,grid_2,5,8,357200,100.00006384709442,34900
10,calibration,clustered_near,2000,51918,42,0,grid_4,5,9,432100,200.00012769418885,34900
10,calibration,clustered_near,2000,51918,42,0,grid_0.1,5,10,358400,5.000003192354722,34900
10,calibration,clustered_near,2000,51918,42,0,grid_0.03125,5,11,346800,1.5625009976108504,34900
10,laws,clustered_near,2000,51918,42,667,mean_degree,0,0,314900,1.9261154868657195,34900
10,laws,clustered_near,2000,51918,42,667,selected_grid,0,1,299500,400.0002553883777,26480100
10,laws,clustered_near,2000,51918,42,667,degree4,0,2,361600,0,169200
10,laws,clustered_near,2000,51918,42,667,max_maxdegree,0,3,314600,1.2823076903686346,58200
10,laws,clustered_near,2000,51918,42,667,mean_ring,0,4,359400,50.00003192354721,34900
10,laws,clustered_near,2000,51918,42,667,binary,0,5,340200,0,0
10,laws,clustered_near,2000,51918,42,667,caliber,0,6,392800,0,84600
10,laws,clustered_near,2000,51918,42,667,std_binary,0,7,372800,0,0
10,laws,clustered_near,2000,51918,42,667,fourary,0,8,348400,0,0
10,laws,clustered_near,2000,51918,42,667,mean_map,0,9,363800,50.00003192354721,34900
10,laws,clustered_near,2000,51918,42,667,mean_map,1,0,356300,50.00003192354721,34900
10,laws,clustered_near,2000,51918,42,667,fourary,1,1,335100,0,0
10,laws,clustered_near,2000,51918,42,667,std_binary,1,2,371000,0,0
10,laws,clustered_near,2000,51918,42,667,caliber,1,3,387500,0,84600
10,laws,clustered_near,2000,51918,42,667,binary,1,4,362800,0,0
10,laws,clustered_near,2000,51918,42,667,mean_ring,1,5,372300,50.00003192354721,34900
10,laws,clustered_near,2000,51918,42,667,max_maxdegree,1,6,327700,1.2823076903686346,58200
10,laws,clustered_near,2000,51918,42,667,degree4,1,7,355200,0,169200
10,laws,clustered_near,2000,51918,42,667,selected_grid,1,8,320700,400.0002553883777,26480100
10,laws,clustered_near,2000,51918,42,667,mean_degree,1,9,328100,1.9261154868657195,34900
10,laws,clustered_near,2000,51918,42,667,mean_degree,2,0,318800,1.9261154868657195,34900
10,laws,clustered_near,2000,51918,42,667,max_maxdegree,2,1,300500,1.2823076903686346,58200
10,laws,clustered_near,2000,51918,42,667,binary,2,2,1327100,0,0
10,laws,clustered_near,2000,51918,42,667,degree4,2,3,376200,0,169200
10,laws,clustered_near,2000,51918,42,667,caliber,2,4,406700,0,84600
10,laws,clustered_near,2000,51918,42,667,selected_grid,2,5,449600,400.0002553883777,26480100
10,laws,clustered_near,2000,51918,42,667,std_binary,2,6,372100,0,0
10,laws,clustered_near,2000,51918,42,667,mean_map,2,7,387100,50.00003192354721,34900
10,laws,clustered_near,2000,51918,42,667,mean_ring,2,8,371800,50.00003192354721,34900
10,laws,clustered_near,2000,51918,42,667,fourary,2,9,340500,0,0
10,laws,clustered_near,2000,51918,42,667,fourary,3,0,340500,0,0
10,laws,clustered_near,2000,51918,42,667,mean_ring,3,1,381300,50.00003192354721,34900
10,laws,clustered_near,2000,51918,42,667,mean_map,3,2,375300,50.00003192354721,34900
10,laws,clustered_near,2000,51918,42,667,std_binary,3,3,370100,0,0
10,laws,clustered_near,2000,51918,42,667,selected_grid,3,4,325100,400.0002553883777,26480100
10,laws,clustered_near,2000,51918,42,667,caliber,3,5,424600,0,84600
10,laws,clustered_near,2000,51918,42,667,degree4,3,6,354400,0,169200
10,laws,clustered_near,2000,51918,42,667,binary,3,7,338500,0,0
10,laws,clustered_near,2000,51918,42,667,max_maxdegree,3,8,339100,1.2823076903686346,58200
10,laws,clustered_near,2000,51918,42,667,mean_degree,3,9,334000,1.9261154868657195,34900
10,laws,clustered_near,2000,51918,42,667,caliber,4,0,388000,0,84600
10,laws,clustered_near,2000,51918,42,667,mean_map,4,1,397100,50.00003192354721,34900
10,laws,clustered_near,2000,51918,42,667,fourary,4,2,342100,0,0
10,laws,clustered_near,2000,51918,42,667,max_maxdegree,4,3,340000,1.2823076903686346,58200
10,laws,clustered_near,2000,51918,42,667,mean_ring,4,4,382000,50.00003192354721,34900
10,laws,clustered_near,2000,51918,42,667,mean_degree,4,5,334000,1.9261154868657195,34900
10,laws,clustered_near,2000,51918,42,667,selected_grid,4,6,329600,400.0002553883777,26480100
10,laws,clustered_near,2000,51918,42,667,std_binary,4,7,376200,0,0
10,laws,clustered_near,2000,51918,42,667,degree4,4,8,394500,0,169200
10,laws,clustered_near,2000,51918,42,667,binary,4,9,336300,0,0
10,laws,clustered_near,2000,51918,42,667,binary,5,0,331500,0,0
10,laws,clustered_near,2000,51918,42,667,degree4,5,1,361800,0,169200
10,laws,clustered_near,2000,51918,42,667,std_binary,5,2,369900,0,0
10,laws,clustered_near,2000,51918,42,667,selected_grid,5,3,336200,400.0002553883777,26480100
10,laws,clustered_near,2000,51918,42,667,mean_degree,5,4,424100,1.9261154868657195,34900
10,laws,clustered_near,2000,51918,42,667,mean_ring,5,5,359200,50.00003192354721,34900
10,laws,clustered_near,2000,51918,42,667,max_maxdegree,5,6,315100,1.2823076903686346,58200
10,laws,clustered_near,2000,51918,42,667,fourary,5,7,342600,0,0
10,laws,clustered_near,2000,51918,42,667,mean_map,5,8,355900,50.00003192354721,34900
10,laws,clustered_near,2000,51918,42,667,caliber,5,9,386800,0,84600
10,laws,clustered_near,2000,51918,42,667,std_binary,6,0,364300,0,0
10,laws,clustered_near,2000,51918,42,667,mean_degree,6,1,312400,1.9261154868657195,34900
10,laws,clustered_near,2000,51918,42,667,binary,6,2,344400,0,0
10,laws,clustered_near,2000,51918,42,667,selected_grid,6,3,309700,400.0002553883777,26480100
10,laws,clustered_near,2000,51918,42,667,max_maxdegree,6,4,311400,1.2823076903686346,58200
10,laws,clustered_near,2000,51918,42,667,mean_map,6,5,400700,50.00003192354721,34900
10,laws,clustered_near,2000,51918,42,667,mean_ring,6,6,529300,50.00003192354721,34900
10,laws,clustered_near,2000,51918,42,667,fourary,6,7,370200,0,0
10,laws,clustered_near,2000,51918,42,667,caliber,6,8,410000,0,84600
10,laws,clustered_near,2000,51918,42,667,degree4,6,9,364400,0,169200
10,laws,clustered_near,2000,51918,42,667,degree4,7,0,412700,0,169200
10,laws,clustered_near,2000,51918,42,667,caliber,7,1,395600,0,84600
10,laws,clustered_near,2000,51918,42,667,fourary,7,2,387900,0,0
10,laws,clustered_near,2000,51918,42,667,mean_ring,7,3,475300,50.00003192354721,34900
10,laws,clustered_near,2000,51918,42,667,mean_map,7,4,391800,50.00003192354721,34900
10,laws,clustered_near,2000,51918,42,667,max_maxdegree,7,5,355500,1.2823076903686346,58200
10,laws,clustered_near,2000,51918,42,667,selected_grid,7,6,311900,400.0002553883777,26480100
10,laws,clustered_near,2000,51918,42,667,binary,7,7,355800,0,0
10,laws,clustered_near,2000,51918,42,667,mean_degree,7,8,356900,1.9261154868657195,34900
10,laws,clustered_near,2000,51918,42,667,std_binary,7,9,400700,0,0
10,laws,clustered_near,2000,51918,42,1333,mean_degree,0,0,366100,1.9261154868657195,34900
10,laws,clustered_near,2000,51918,42,1333,mean_map,0,1,392800,50.00003192354721,34900
10,laws,clustered_near,2000,51918,42,1333,degree4,0,2,379700,0,169200
10,laws,clustered_near,2000,51918,42,1333,selected_grid,0,3,328000,400.0002553883777,26480100
10,laws,clustered_near,2000,51918,42,1333,mean_ring,0,4,360900,50.00003192354721,34900
10,laws,clustered_near,2000,51918,42,1333,binary,0,5,372300,0,0
10,laws,clustered_near,2000,51918,42,1333,caliber,0,6,410300,0,84600
10,laws,clustered_near,2000,51918,42,1333,fourary,0,7,368000,0,0
10,laws,clustered_near,2000,51918,42,1333,max_maxdegree,0,8,488700,1.2823076903686346,58200
10,laws,clustered_near,2000,51918,42,1333,std_binary,0,9,403500,0,0
10,laws,clustered_near,2000,51918,42,1333,std_binary,1,0,386800,0,0
10,laws,clustered_near,2000,51918,42,1333,max_maxdegree,1,1,353800,1.2823076903686346,58200
10,laws,clustered_near,2000,51918,42,1333,fourary,1,2,363500,0,0
10,laws,clustered_near,2000,51918,42,1333,caliber,1,3,432100,0,84600
10,laws,clustered_near,2000,51918,42,1333,binary,1,4,369100,0,0
10,laws,clustered_near,2000,51918,42,1333,mean_ring,1,5,369100,50.00003192354721,34900
10,laws,clustered_near,2000,51918,42,1333,selected_grid,1,6,322400,400.0002553883777,26480100
10,laws,clustered_near,2000,51918,42,1333,degree4,1,7,428800,0,169200
10,laws,clustered_near,2000,51918,42,1333,mean_map,1,8,515800,50.00003192354721,34900
10,laws,clustered_near,2000,51918,42,1333,mean_degree,1,9,391600,1.9261154868657195,34900
10,laws,clustered_near,2000,51918,42,1333,degree4,2,0,419100,0,169200
10,laws,clustered_near,2000,51918,42,1333,mean_map,2,1,399600,50.00003192354721,34900
10,laws,clustered_near,2000,51918,42,1333,fourary,2,2,377400,0,0
10,laws,clustered_near,2000,51918,42,1333,max_maxdegree,2,3,360200,1.2823076903686346,58200
10,laws,clustered_near,2000,51918,42,1333,binary,2,4,407000,0,0
10,laws,clustered_near,2000,51918,42,1333,selected_grid,2,5,368000,400.0002553883777,26480100
10,laws,clustered_near,2000,51918,42,1333,mean_degree,2,6,355700,1.9261154868657195,34900
10,laws,clustered_near,2000,51918,42,1333,caliber,2,7,410400,0,84600
10,laws,clustered_near,2000,51918,42,1333,std_binary,2,8,388400,0,0
10,laws,clustered_near,2000,51918,42,1333,mean_ring,2,9,392800,50.00003192354721,34900
10,laws,clustered_near,2000,51918,42,1333,mean_ring,3,0,375000,50.00003192354721,34900
10,laws,clustered_near,2000,51918,42,1333,std_binary,3,1,384200,0,0
10,laws,clustered_near,2000,51918,42,1333,caliber,3,2,405200,0,84600
10,laws,clustered_near,2000,51918,42,1333,mean_degree,3,3,401900,1.9261154868657195,34900
10,laws,clustered_near,2000,51918,42,1333,selected_grid,3,4,348800,400.0002553883777,26480100
10,laws,clustered_near,2000,51918,42,1333,binary,3,5,397400,0,0
10,laws,clustered_near,2000,51918,42,1333,max_maxdegree,3,6,322000,1.2823076903686346,58200
10,laws,clustered_near,2000,51918,42,1333,fourary,3,7,577300,0,0
10,laws,clustered_near,2000,51918,42,1333,mean_map,3,8,398800,50.00003192354721,34900
10,laws,clustered_near,2000,51918,42,1333,degree4,3,9,373700,0,169200
10,laws,clustered_near,2000,51918,42,1333,degree4,4,0,349300,0,169200
10,laws,clustered_near,2000,51918,42,1333,mean_degree,4,1,381000,1.9261154868657195,34900
10,laws,clustered_near,2000,51918,42,1333,fourary,4,2,359000,0,0
10,laws,clustered_near,2000,51918,42,1333,mean_map,4,3,378500,50.00003192354721,34900
10,laws,clustered_near,2000,51918,42,1333,caliber,4,4,422000,0,84600
10,laws,clustered_near,2000,51918,42,1333,std_binary,4,5,431100,0,0
10,laws,clustered_near,2000,51918,42,1333,mean_ring,4,6,434600,50.00003192354721,34900
10,laws,clustered_near,2000,51918,42,1333,binary,4,7,478100,0,0
10,laws,clustered_near,2000,51918,42,1333,max_maxdegree,4,8,444100,1.2823076903686346,58200
10,laws,clustered_near,2000,51918,42,1333,selected_grid,4,9,345200,400.0002553883777,26480100
10,laws,clustered_near,2000,51918,42,1333,selected_grid,5,0,324700,400.0002553883777,26480100
10,laws,clustered_near,2000,51918,42,1333,max_maxdegree,5,1,330000,1.2823076903686346,58200
10,laws,clustered_near,2000,51918,42,1333,binary,5,2,371000,0,0
10,laws,clustered_near,2000,51918,42,1333,mean_ring,5,3,365000,50.00003192354721,34900
10,laws,clustered_near,2000,51918,42,1333,std_binary,5,4,397400,0,0
10,laws,clustered_near,2000,51918,42,1333,caliber,5,5,421900,0,84600
10,laws,clustered_near,2000,51918,42,1333,mean_map,5,6,379500,50.00003192354721,34900
10,laws,clustered_near,2000,51918,42,1333,fourary,5,7,372300,0,0
10,laws,clustered_near,2000,51918,42,1333,mean_degree,5,8,328800,1.9261154868657195,34900
10,laws,clustered_near,2000,51918,42,1333,degree4,5,9,391300,0,169200
10,laws,clustered_near,2000,51918,42,1333,degree4,6,0,397900,0,169200
10,laws,clustered_near,2000,51918,42,1333,mean_map,6,1,378400,50.00003192354721,34900
10,laws,clustered_near,2000,51918,42,1333,selected_grid,6,2,1083000,400.0002553883777,26480100
10,laws,clustered_near,2000,51918,42,1333,fourary,6,3,370800,0,0
10,laws,clustered_near,2000,51918,42,1333,mean_degree,6,4,495700,1.9261154868657195,34900
10,laws,clustered_near,2000,51918,42,1333,mean_ring,6,5,396700,50.00003192354721,34900
10,laws,clustered_near,2000,51918,42,1333,binary,6,6,369500,0,0
10,laws,clustered_near,2000,51918,42,1333,caliber,6,7,408500,0,84600
10,laws,clustered_near,2000,51918,42,1333,std_binary,6,8,397000,0,0
10,laws,clustered_near,2000,51918,42,1333,max_maxdegree,6,9,367200,1.2823076903686346,58200
10,laws,clustered_near,2000,51918,42,1333,max_maxdegree,7,0,350000,1.2823076903686346,58200
10,laws,clustered_near,2000,51918,42,1333,std_binary,7,1,391800,0,0
10,laws,clustered_near,2000,51918,42,1333,caliber,7,2,403800,0,84600
10,laws,clustered_near,2000,51918,42,1333,binary,7,3,365300,0,0
10,laws,clustered_near,2000,51918,42,1333,mean_ring,7,4,405300,50.00003192354721,34900
10,laws,clustered_near,2000,51918,42,1333,mean_degree,7,5,360700,1.9261154868657195,34900
10,laws,clustered_near,2000,51918,42,1333,fourary,7,6,369900,0,0
10,laws,clustered_near,2000,51918,42,1333,selected_grid,7,7,363100,400.0002553883777,26480100
10,laws,clustered_near,2000,51918,42,1333,mean_map,7,8,391500,50.00003192354721,34900
10,laws,clustered_near,2000,51918,42,1333,degree4,7,9,388900,0,169200
11,calibration,clustered_skew,2000,51918,42,0,grid_0.75,0,0,391300,9.069052341363722,34900
11,calibration,clustered_skew,2000,51918,42,0,grid_1,0,1,391800,12.092069788484963,34900
11,calibration,clustered_skew,2000,51918,42,0,grid_0.1,0,2,421400,1.2092069788484965,34900
11,calibration,clustered_skew,2000,51918,42,0,grid_2,0,3,402400,24.184139576969926,34900
11,calibration,clustered_skew,2000,51918,42,0,grid_16,0,4,399900,193.4731166157594,34900
11,calibration,clustered_skew,2000,51918,42,0,grid_0.25,0,5,424900,3.0230174471212408,34900
11,calibration,clustered_skew,2000,51918,42,0,grid_0.5,0,6,392300,6.0460348942424815,34900
11,calibration,clustered_skew,2000,51918,42,0,grid_0.03125,0,7,506600,0.3778771808901551,34900
11,calibration,clustered_skew,2000,51918,42,0,grid_1.5,0,8,426500,18.138104682727445,34900
11,calibration,clustered_skew,2000,51918,42,0,grid_4,0,9,454000,48.36827915393985,34900
11,calibration,clustered_skew,2000,51918,42,0,grid_8,0,10,413700,96.7365583078797,34900
11,calibration,clustered_skew,2000,51918,42,0,grid_0.05,0,11,466900,0.6046034894242482,34900
11,calibration,clustered_skew,2000,51918,42,0,grid_0.05,1,0,540100,0.6046034894242482,34900
11,calibration,clustered_skew,2000,51918,42,0,grid_8,1,1,1029900,96.7365583078797,34900
11,calibration,clustered_skew,2000,51918,42,0,grid_4,1,2,568600,48.36827915393985,34900
11,calibration,clustered_skew,2000,51918,42,0,grid_1.5,1,3,481400,18.138104682727445,34900
11,calibration,clustered_skew,2000,51918,42,0,grid_0.03125,1,4,649200,0.3778771808901551,34900
11,calibration,clustered_skew,2000,51918,42,0,grid_0.5,1,5,394500,6.0460348942424815,34900
11,calibration,clustered_skew,2000,51918,42,0,grid_0.25,1,6,401700,3.0230174471212408,34900
11,calibration,clustered_skew,2000,51918,42,0,grid_16,1,7,411400,193.4731166157594,34900
11,calibration,clustered_skew,2000,51918,42,0,grid_2,1,8,419000,24.184139576969926,34900
11,calibration,clustered_skew,2000,51918,42,0,grid_0.1,1,9,488400,1.2092069788484965,34900
11,calibration,clustered_skew,2000,51918,42,0,grid_1,1,10,396900,12.092069788484963,34900
11,calibration,clustered_skew,2000,51918,42,0,grid_0.75,1,11,391200,9.069052341363722,34900
11,calibration,clustered_skew,2000,51918,42,0,grid_1,2,0,392700,12.092069788484963,34900
11,calibration,clustered_skew,2000,51918,42,0,grid_0.75,2,1,399000,9.069052341363722,34900
11,calibration,clustered_skew,2000,51918,42,0,grid_1.5,2,2,411000,18.138104682727445,34900
11,calibration,clustered_skew,2000,51918,42,0,grid_4,2,3,418100,48.36827915393985,34900
11,calibration,clustered_skew,2000,51918,42,0,grid_0.03125,2,4,509100,0.3778771808901551,34900
11,calibration,clustered_skew,2000,51918,42,0,grid_0.05,2,5,487200,0.6046034894242482,34900
11,calibration,clustered_skew,2000,51918,42,0,grid_0.25,2,6,424300,3.0230174471212408,34900
11,calibration,clustered_skew,2000,51918,42,0,grid_16,2,7,436800,193.4731166157594,34900
11,calibration,clustered_skew,2000,51918,42,0,grid_0.1,2,8,437300,1.2092069788484965,34900
11,calibration,clustered_skew,2000,51918,42,0,grid_0.5,2,9,436100,6.0460348942424815,34900
11,calibration,clustered_skew,2000,51918,42,0,grid_8,2,10,518400,96.7365583078797,34900
11,calibration,clustered_skew,2000,51918,42,0,grid_2,2,11,499000,24.184139576969926,34900
11,calibration,clustered_skew,2000,51918,42,0,grid_2,3,0,440000,24.184139576969926,34900
11,calibration,clustered_skew,2000,51918,42,0,grid_8,3,1,425800,96.7365583078797,34900
11,calibration,clustered_skew,2000,51918,42,0,grid_0.5,3,2,411000,6.0460348942424815,34900
11,calibration,clustered_skew,2000,51918,42,0,grid_0.1,3,3,447100,1.2092069788484965,34900
11,calibration,clustered_skew,2000,51918,42,0,grid_16,3,4,415500,193.4731166157594,34900
11,calibration,clustered_skew,2000,51918,42,0,grid_0.25,3,5,414000,3.0230174471212408,34900
11,calibration,clustered_skew,2000,51918,42,0,grid_0.05,3,6,480500,0.6046034894242482,34900
11,calibration,clustered_skew,2000,51918,42,0,grid_0.03125,3,7,521200,0.3778771808901551,34900
11,calibration,clustered_skew,2000,51918,42,0,grid_4,3,8,434500,48.36827915393985,34900
11,calibration,clustered_skew,2000,51918,42,0,grid_1.5,3,9,565200,18.138104682727445,34900
11,calibration,clustered_skew,2000,51918,42,0,grid_0.75,3,10,391200,9.069052341363722,34900
11,calibration,clustered_skew,2000,51918,42,0,grid_1,3,11,390000,12.092069788484963,34900
11,calibration,clustered_skew,2000,51918,42,0,grid_0.03125,4,0,493600,0.3778771808901551,34900
11,calibration,clustered_skew,2000,51918,42,0,grid_0.1,4,1,529100,1.2092069788484965,34900
11,calibration,clustered_skew,2000,51918,42,0,grid_4,4,2,427000,48.36827915393985,34900
11,calibration,clustered_skew,2000,51918,42,0,grid_2,4,3,405800,24.184139576969926,34900
11,calibration,clustered_skew,2000,51918,42,0,grid_0.5,4,4,387000,6.0460348942424815,34900
11,calibration,clustered_skew,2000,51918,42,0,grid_8,4,5,419300,96.7365583078797,34900
11,calibration,clustered_skew,2000,51918,42,0,grid_0.05,4,6,519400,0.6046034894242482,34900
11,calibration,clustered_skew,2000,51918,42,0,grid_0.75,4,7,399100,9.069052341363722,34900
11,calibration,clustered_skew,2000,51918,42,0,grid_1.5,4,8,408500,18.138104682727445,34900
11,calibration,clustered_skew,2000,51918,42,0,grid_0.25,4,9,407100,3.0230174471212408,34900
11,calibration,clustered_skew,2000,51918,42,0,grid_16,4,10,416800,193.4731166157594,34900
11,calibration,clustered_skew,2000,51918,42,0,grid_1,4,11,392800,12.092069788484963,34900
11,calibration,clustered_skew,2000,51918,42,0,grid_1,5,0,421900,12.092069788484963,34900
11,calibration,clustered_skew,2000,51918,42,0,grid_16,5,1,516600,193.4731166157594,34900
11,calibration,clustered_skew,2000,51918,42,0,grid_0.25,5,2,416800,3.0230174471212408,34900
11,calibration,clustered_skew,2000,51918,42,0,grid_1.5,5,3,408200,18.138104682727445,34900
11,calibration,clustered_skew,2000,51918,42,0,grid_0.75,5,4,393400,9.069052341363722,34900
11,calibration,clustered_skew,2000,51918,42,0,grid_0.05,5,5,478800,0.6046034894242482,34900
11,calibration,clustered_skew,2000,51918,42,0,grid_8,5,6,429300,96.7365583078797,34900
11,calibration,clustered_skew,2000,51918,42,0,grid_0.5,5,7,410300,6.0460348942424815,34900
11,calibration,clustered_skew,2000,51918,42,0,grid_2,5,8,467300,24.184139576969926,34900
11,calibration,clustered_skew,2000,51918,42,0,grid_4,5,9,439800,48.36827915393985,34900
11,calibration,clustered_skew,2000,51918,42,0,grid_0.1,5,10,464900,1.2092069788484965,34900
11,calibration,clustered_skew,2000,51918,42,0,grid_0.03125,5,11,521400,0.3778771808901551,34900
11,laws,clustered_skew,2000,51918,42,667,mean_degree,0,0,525100,0.46581416034843265,34900
11,laws,clustered_skew,2000,51918,42,667,selected_grid,0,1,415800,9.069052341363722,32676800
11,laws,clustered_skew,2000,51918,42,667,degree4,0,2,517400,0,114800
11,laws,clustered_skew,2000,51918,42,667,max_maxdegree,0,3,410000,2.5640257784332223,57500
11,laws,clustered_skew,2000,51918,42,667,mean_ring,0,4,425600,12.092069788484963,34900
11,laws,clustered_skew,2000,51918,42,667,binary,0,5,507100,0,0
11,laws,clustered_skew,2000,51918,42,667,caliber,0,6,550600,0,70000
11,laws,clustered_skew,2000,51918,42,667,std_binary,0,7,566400,0,0
11,laws,clustered_skew,2000,51918,42,667,fourary,0,8,531800,0,0
11,laws,clustered_skew,2000,51918,42,667,mean_map,0,9,407200,12.092069788484963,34900
11,laws,clustered_skew,2000,51918,42,667,mean_map,1,0,400000,12.092069788484963,34900
11,laws,clustered_skew,2000,51918,42,667,fourary,1,1,482100,0,0
11,laws,clustered_skew,2000,51918,42,667,std_binary,1,2,543900,0,0
11,laws,clustered_skew,2000,51918,42,667,caliber,1,3,551600,0,70000
11,laws,clustered_skew,2000,51918,42,667,binary,1,4,510900,0,0
11,laws,clustered_skew,2000,51918,42,667,mean_ring,1,5,417400,12.092069788484963,34900
11,laws,clustered_skew,2000,51918,42,667,max_maxdegree,1,6,420500,2.5640257784332223,57500
11,laws,clustered_skew,2000,51918,42,667,degree4,1,7,534200,0,114800
11,laws,clustered_skew,2000,51918,42,667,selected_grid,1,8,427900,9.069052341363722,32676800
11,laws,clustered_skew,2000,51918,42,667,mean_degree,1,9,546200,0.46581416034843265,34900
11,laws,clustered_skew,2000,51918,42,667,mean_degree,2,0,479100,0.46581416034843265,34900
11,laws,clustered_skew,2000,51918,42,667,max_maxdegree,2,1,425600,2.5640257784332223,57500
11,laws,clustered_skew,2000,51918,42,667,binary,2,2,523500,0,0
11,laws,clustered_skew,2000,51918,42,667,degree4,2,3,520700,0,114800
11,laws,clustered_skew,2000,51918,42,667,caliber,2,4,553800,0,70000
11,laws,clustered_skew,2000,51918,42,667,selected_grid,2,5,423800,9.069052341363722,32676800
11,laws,clustered_skew,2000,51918,42,667,std_binary,2,6,535900,0,0
11,laws,clustered_skew,2000,51918,42,667,mean_map,2,7,414300,12.092069788484963,34900
11,laws,clustered_skew,2000,51918,42,667,mean_ring,2,8,418200,12.092069788484963,34900
11,laws,clustered_skew,2000,51918,42,667,fourary,2,9,556000,0,0
11,laws,clustered_skew,2000,51918,42,667,fourary,3,0,537000,0,0
11,laws,clustered_skew,2000,51918,42,667,mean_ring,3,1,427600,12.092069788484963,34900
11,laws,clustered_skew,2000,51918,42,667,mean_map,3,2,421900,12.092069788484963,34900
11,laws,clustered_skew,2000,51918,42,667,std_binary,3,3,565500,0,0
11,laws,clustered_skew,2000,51918,42,667,selected_grid,3,4,405100,9.069052341363722,32676800
11,laws,clustered_skew,2000,51918,42,667,caliber,3,5,566000,0,70000
11,laws,clustered_skew,2000,51918,42,667,degree4,3,6,544600,0,114800
11,laws,clustered_skew,2000,51918,42,667,binary,3,7,515800,0,0
11,laws,clustered_skew,2000,51918,42,667,max_maxdegree,3,8,419400,2.5640257784332223,57500
11,laws,clustered_skew,2000,51918,42,667,mean_degree,3,9,539300,0.46581416034843265,34900
11,laws,clustered_skew,2000,51918,42,667,caliber,4,0,558500,0,70000
11,laws,clustered_skew,2000,51918,42,667,mean_map,4,1,406700,12.092069788484963,34900
11,laws,clustered_skew,2000,51918,42,667,fourary,4,2,485900,0,0
11,laws,clustered_skew,2000,51918,42,667,max_maxdegree,4,3,405900,2.5640257784332223,57500
11,laws,clustered_skew,2000,51918,42,667,mean_ring,4,4,402600,12.092069788484963,34900
11,laws,clustered_skew,2000,51918,42,667,mean_degree,4,5,488200,0.46581416034843265,34900
11,laws,clustered_skew,2000,51918,42,667,selected_grid,4,6,403600,9.069052341363722,32676800
11,laws,clustered_skew,2000,51918,42,667,std_binary,4,7,539900,0,0
11,laws,clustered_skew,2000,51918,42,667,degree4,4,8,521800,0,114800
11,laws,clustered_skew,2000,51918,42,667,binary,4,9,503100,0,0
11,laws,clustered_skew,2000,51918,42,667,binary,5,0,503400,0,0
11,laws,clustered_skew,2000,51918,42,667,degree4,5,1,495600,0,114800
11,laws,clustered_skew,2000,51918,42,667,std_binary,5,2,529300,0,0
11,laws,clustered_skew,2000,51918,42,667,selected_grid,5,3,409400,9.069052341363722,32676800
11,laws,clustered_skew,2000,51918,42,667,mean_degree,5,4,494500,0.46581416034843265,34900
11,laws,clustered_skew,2000,51918,42,667,mean_ring,5,5,547100,12.092069788484963,34900
11,laws,clustered_skew,2000,51918,42,667,max_maxdegree,5,6,414200,2.5640257784332223,57500
11,laws,clustered_skew,2000,51918,42,667,fourary,5,7,496900,0,0
11,laws,clustered_skew,2000,51918,42,667,mean_map,5,8,405300,12.092069788484963,34900
11,laws,clustered_skew,2000,51918,42,667,caliber,5,9,532900,0,70000
11,laws,clustered_skew,2000,51918,42,667,std_binary,6,0,566600,0,0
11,laws,clustered_skew,2000,51918,42,667,mean_degree,6,1,494200,0.46581416034843265,34900
11,laws,clustered_skew,2000,51918,42,667,binary,6,2,500700,0,0
11,laws,clustered_skew,2000,51918,42,667,selected_grid,6,3,512500,9.069052341363722,32676800
11,laws,clustered_skew,2000,51918,42,667,max_maxdegree,6,4,443100,2.5640257784332223,57500
11,laws,clustered_skew,2000,51918,42,667,mean_map,6,5,427300,12.092069788484963,34900
11,laws,clustered_skew,2000,51918,42,667,mean_ring,6,6,418200,12.092069788484963,34900
11,laws,clustered_skew,2000,51918,42,667,fourary,6,7,498500,0,0
11,laws,clustered_skew,2000,51918,42,667,caliber,6,8,533400,0,70000
11,laws,clustered_skew,2000,51918,42,667,degree4,6,9,537600,0,114800
11,laws,clustered_skew,2000,51918,42,667,degree4,7,0,517200,0,114800
11,laws,clustered_skew,2000,51918,42,667,caliber,7,1,524100,0,70000
11,laws,clustered_skew,2000,51918,42,667,fourary,7,2,466600,0,0
11,laws,clustered_skew,2000,51918,42,667,mean_ring,7,3,386100,12.092069788484963,34900
11,laws,clustered_skew,2000,51918,42,667,mean_map,7,4,382100,12.092069788484963,34900
11,laws,clustered_skew,2000,51918,42,667,max_maxdegree,7,5,382200,2.5640257784332223,57500
11,laws,clustered_skew,2000,51918,42,667,selected_grid,7,6,386600,9.069052341363722,32676800
11,laws,clustered_skew,2000,51918,42,667,binary,7,7,477500,0,0
11,laws,clustered_skew,2000,51918,42,667,mean_degree,7,8,462500,0.46581416034843265,34900
11,laws,clustered_skew,2000,51918,42,667,std_binary,7,9,506700,0,0
11,laws,clustered_skew,2000,51918,42,1333,mean_degree,0,0,468900,0.46581416034843265,34900
11,laws,clustered_skew,2000,51918,42,1333,mean_map,0,1,407100,12.092069788484963,34900
11,laws,clustered_skew,2000,51918,42,1333,degree4,0,2,481700,0,114800
11,laws,clustered_skew,2000,51918,42,1333,selected_grid,0,3,433900,9.069052341363722,32676800
11,laws,clustered_skew,2000,51918,42,1333,mean_ring,0,4,395700,12.092069788484963,34900
11,laws,clustered_skew,2000,51918,42,1333,binary,0,5,491800,0,0
11,laws,clustered_skew,2000,51918,42,1333,caliber,0,6,522900,0,70000
11,laws,clustered_skew,2000,51918,42,1333,fourary,0,7,471300,0,0
11,laws,clustered_skew,2000,51918,42,1333,max_maxdegree,0,8,392600,2.5640257784332223,57500
11,laws,clustered_skew,2000,51918,42,1333,std_binary,0,9,507500,0,0
11,laws,clustered_skew,2000,51918,42,1333,std_binary,1,0,497200,0,0
11,laws,clustered_skew,2000,51918,42,1333,max_maxdegree,1,1,398100,2.5640257784332223,57500
11,laws,clustered_skew,2000,51918,42,1333,fourary,1,2,478200,0,0
11,laws,clustered_skew,2000,51918,42,1333,caliber,1,3,526500,0,70000
11,laws,clustered_skew,2000,51918,42,1333,binary,1,4,498400,0,0
11,laws,clustered_skew,2000,51918,42,1333,mean_ring,1,5,416900,12.092069788484963,34900
11,laws,clustered_skew,2000,51918,42,1333,selected_grid,1,6,402200,9.069052341363722,32676800
11,laws,clustered_skew,2000,51918,42,1333,degree4,1,7,496500,0,114800
11,laws,clustered_skew,2000,51918,42,1333,mean_map,1,8,419200,12.092069788484963,34900
11,laws,clustered_skew,2000,51918,42,1333,mean_degree,1,9,491100,0.46581416034843265,34900
11,laws,clustered_skew,2000,51918,42,1333,degree4,2,0,504500,0,114800
11,laws,clustered_skew,2000,51918,42,1333,mean_map,2,1,407800,12.092069788484963,34900
11,laws,clustered_skew,2000,51918,42,1333,fourary,2,2,484400,0,0
11,laws,clustered_skew,2000,51918,42,1333,max_maxdegree,2,3,412800,2.5640257784332223,57500
11,laws,clustered_skew,2000,51918,42,1333,binary,2,4,486900,0,0
11,laws,clustered_skew,2000,51918,42,1333,selected_grid,2,5,398700,9.069052341363722,32676800
11,laws,clustered_skew,2000,51918,42,1333,mean_degree,2,6,465700,0.46581416034843265,34900
11,laws,clustered_skew,2000,51918,42,1333,caliber,2,7,582300,0,70000
11,laws,clustered_skew,2000,51918,42,1333,std_binary,2,8,560000,0,0
11,laws,clustered_skew,2000,51918,42,1333,mean_ring,2,9,443900,12.092069788484963,34900
11,laws,clustered_skew,2000,51918,42,1333,mean_ring,3,0,522300,12.092069788484963,34900
11,laws,clustered_skew,2000,51918,42,1333,std_binary,3,1,587100,0,0
11,laws,clustered_skew,2000,51918,42,1333,caliber,3,2,600000,0,70000
11,laws,clustered_skew,2000,51918,42,1333,mean_degree,3,3,500100,0.46581416034843265,34900
11,laws,clustered_skew,2000,51918,42,1333,selected_grid,3,4,419200,9.069052341363722,32676800
11,laws,clustered_skew,2000,51918,42,1333,binary,3,5,511900,0,0
11,laws,clustered_skew,2000,51918,42,1333,max_maxdegree,3,6,574500,2.5640257784332223,57500
11,laws,clustered_skew,2000,51918,42,1333,fourary,3,7,480000,0,0
11,laws,clustered_skew,2000,51918,42,1333,mean_map,3,8,416600,12.092069788484963,34900
11,laws,clustered_skew,2000,51918,42,1333,degree4,3,9,500100,0,114800
11,laws,clustered_skew,2000,51918,42,1333,degree4,4,0,514300,0,114800
11,laws,clustered_skew,2000,51918,42,1333,mean_degree,4,1,481600,0.46581416034843265,34900
11,laws,clustered_skew,2000,51918,42,1333,fourary,4,2,520500,0,0
11,laws,clustered_skew,2000,51918,42,1333,mean_map,4,3,441000,12.092069788484963,34900
11,laws,clustered_skew,2000,51918,42,1333,caliber,4,4,530100,0,70000
11,laws,clustered_skew,2000,51918,42,1333,std_binary,4,5,513400,0,0
11,laws,clustered_skew,2000,51918,42,1333,mean_ring,4,6,443400,12.092069788484963,34900
11,laws,clustered_skew,2000,51918,42,1333,binary,4,7,601800,0,0
11,laws,clustered_skew,2000,51918,42,1333,max_maxdegree,4,8,426400,2.5640257784332223,57500
11,laws,clustered_skew,2000,51918,42,1333,selected_grid,4,9,386000,9.069052341363722,32676800
11,laws,clustered_skew,2000,51918,42,1333,selected_grid,5,0,381800,9.069052341363722,32676800
11,laws,clustered_skew,2000,51918,42,1333,max_maxdegree,5,1,398800,2.5640257784332223,57500
11,laws,clustered_skew,2000,51918,42,1333,binary,5,2,861100,0,0
11,laws,clustered_skew,2000,51918,42,1333,mean_ring,5,3,444100,12.092069788484963,34900
11,laws,clustered_skew,2000,51918,42,1333,std_binary,5,4,513300,0,0
11,laws,clustered_skew,2000,51918,42,1333,caliber,5,5,645300,0,70000
11,laws,clustered_skew,2000,51918,42,1333,mean_map,5,6,414000,12.092069788484963,34900
11,laws,clustered_skew,2000,51918,42,1333,fourary,5,7,478600,0,0
11,laws,clustered_skew,2000,51918,42,1333,mean_degree,5,8,483500,0.46581416034843265,34900
11,laws,clustered_skew,2000,51918,42,1333,degree4,5,9,503400,0,114800
11,laws,clustered_skew,2000,51918,42,1333,degree4,6,0,497400,0,114800
11,laws,clustered_skew,2000,51918,42,1333,mean_map,6,1,423000,12.092069788484963,34900
11,laws,clustered_skew,2000,51918,42,1333,selected_grid,6,2,435000,9.069052341363722,32676800
11,laws,clustered_skew,2000,51918,42,1333,fourary,6,3,498700,0,0
11,laws,clustered_skew,2000,51918,42,1333,mean_degree,6,4,482300,0.46581416034843265,34900
11,laws,clustered_skew,2000,51918,42,1333,mean_ring,6,5,421100,12.092069788484963,34900
11,laws,clustered_skew,2000,51918,42,1333,binary,6,6,1070500,0,0
11,laws,clustered_skew,2000,51918,42,1333,caliber,6,7,536700,0,70000
11,laws,clustered_skew,2000,51918,42,1333,std_binary,6,8,509000,0,0
11,laws,clustered_skew,2000,51918,42,1333,max_maxdegree,6,9,541400,2.5640257784332223,57500
11,laws,clustered_skew,2000,51918,42,1333,max_maxdegree,7,0,430600,2.5640257784332223,57500
11,laws,clustered_skew,2000,51918,42,1333,std_binary,7,1,523300,0,0
11,laws,clustered_skew,2000,51918,42,1333,caliber,7,2,529400,0,70000
11,laws,clustered_skew,2000,51918,42,1333,binary,7,3,502100,0,0
11,laws,clustered_skew,2000,51918,42,1333,mean_ring,7,4,418200,12.092069788484963,34900
11,laws,clustered_skew,2000,51918,42,1333,mean_degree,7,5,471000,0.46581416034843265,34900
11,laws,clustered_skew,2000,51918,42,1333,fourary,7,6,493200,0,0
11,laws,clustered_skew,2000,51918,42,1333,selected_grid,7,7,404500,9.069052341363722,32676800
11,laws,clustered_skew,2000,51918,42,1333,mean_map,7,8,409800,12.092069788484963,34900
11,laws,clustered_skew,2000,51918,42,1333,degree4,7,9,515100,0,114800
12,calibration,clustered_bimodal,2000,51918,42,0,grid_0.75,0,0,330700,15.74215589968797,36000
12,calibration,clustered_bimodal,2000,51918,42,0,grid_1,0,1,344000,20.98954119958396,36000
12,calibration,clustered_bimodal,2000,51918,42,0,grid_0.1,0,2,341400,2.098954119958396,36000
12,calibration,clustered_bimodal,2000,51918,42,0,grid_2,0,3,337500,41.97908239916792,36000
12,calibration,clustered_bimodal,2000,51918,42,0,grid_16,0,4,326200,335.8326591933434,36000
12,calibration,clustered_bimodal,2000,51918,42,0,grid_0.25,0,5,326700,5.24738529989599,36000
12,calibration,clustered_bimodal,2000,51918,42,0,grid_0.5,0,6,327600,10.49477059979198,36000
12,calibration,clustered_bimodal,2000,51918,42,0,grid_0.03125,0,7,339000,0.6559231624869988,36000
12,calibration,clustered_bimodal,2000,51918,42,0,grid_1.5,0,8,325300,31.48431179937594,36000
12,calibration,clustered_bimodal,2000,51918,42,0,grid_4,0,9,320400,83.95816479833584,36000
12,calibration,clustered_bimodal,2000,51918,42,0,grid_8,0,10,380900,167.9163295966717,36000
12,calibration,clustered_bimodal,2000,51918,42,0,grid_0.05,0,11,408300,1.049477059979198,36000
12,calibration,clustered_bimodal,2000,51918,42,0,grid_0.05,1,0,417000,1.049477059979198,36000
12,calibration,clustered_bimodal,2000,51918,42,0,grid_8,1,1,383100,167.9163295966717,36000
12,calibration,clustered_bimodal,2000,51918,42,0,grid_4,1,2,475100,83.95816479833584,36000
12,calibration,clustered_bimodal,2000,51918,42,0,grid_1.5,1,3,367000,31.48431179937594,36000
12,calibration,clustered_bimodal,2000,51918,42,0,grid_0.03125,1,4,388600,0.6559231624869988,36000
12,calibration,clustered_bimodal,2000,51918,42,0,grid_0.5,1,5,427900,10.49477059979198,36000
12,calibration,clustered_bimodal,2000,51918,42,0,grid_0.25,1,6,872200,5.24738529989599,36000
12,calibration,clustered_bimodal,2000,51918,42,0,grid_16,1,7,387300,335.8326591933434,36000
12,calibration,clustered_bimodal,2000,51918,42,0,grid_2,1,8,376200,41.97908239916792,36000
12,calibration,clustered_bimodal,2000,51918,42,0,grid_0.1,1,9,350300,2.098954119958396,36000
12,calibration,clustered_bimodal,2000,51918,42,0,grid_1,1,10,339100,20.98954119958396,36000
12,calibration,clustered_bimodal,2000,51918,42,0,grid_0.75,1,11,335800,15.74215589968797,36000
12,calibration,clustered_bimodal,2000,51918,42,0,grid_1,2,0,1314700,20.98954119958396,36000
12,calibration,clustered_bimodal,2000,51918,42,0,grid_0.75,2,1,350200,15.74215589968797,36000
12,calibration,clustered_bimodal,2000,51918,42,0,grid_1.5,2,2,356300,31.48431179937594,36000
12,calibration,clustered_bimodal,2000,51918,42,0,grid_4,2,3,342400,83.95816479833584,36000
12,calibration,clustered_bimodal,2000,51918,42,0,grid_0.03125,2,4,341200,0.6559231624869988,36000
12,calibration,clustered_bimodal,2000,51918,42,0,grid_0.05,2,5,348800,1.049477059979198,36000
12,calibration,clustered_bimodal,2000,51918,42,0,grid_0.25,2,6,334000,5.24738529989599,36000
12,calibration,clustered_bimodal,2000,51918,42,0,grid_16,2,7,340700,335.8326591933434,36000
12,calibration,clustered_bimodal,2000,51918,42,0,grid_0.1,2,8,471500,2.098954119958396,36000
12,calibration,clustered_bimodal,2000,51918,42,0,grid_0.5,2,9,388900,10.49477059979198,36000
12,calibration,clustered_bimodal,2000,51918,42,0,grid_8,2,10,386500,167.9163295966717,36000
12,calibration,clustered_bimodal,2000,51918,42,0,grid_2,2,11,338200,41.97908239916792,36000
12,calibration,clustered_bimodal,2000,51918,42,0,grid_2,3,0,337200,41.97908239916792,36000
12,calibration,clustered_bimodal,2000,51918,42,0,grid_8,3,1,385700,167.9163295966717,36000
12,calibration,clustered_bimodal,2000,51918,42,0,grid_0.5,3,2,351000,10.49477059979198,36000
12,calibration,clustered_bimodal,2000,51918,42,0,grid_0.1,3,3,355900,2.098954119958396,36000
12,calibration,clustered_bimodal,2000,51918,42,0,grid_16,3,4,339700,335.8326591933434,36000
12,calibration,clustered_bimodal,2000,51918,42,0,grid_0.25,3,5,340200,5.24738529989599,36000
12,calibration,clustered_bimodal,2000,51918,42,0,grid_0.05,3,6,363800,1.049477059979198,36000
12,calibration,clustered_bimodal,2000,51918,42,0,grid_0.03125,3,7,336700,0.6559231624869988,36000
12,calibration,clustered_bimodal,2000,51918,42,0,grid_4,3,8,340800,83.95816479833584,36000
12,calibration,clustered_bimodal,2000,51918,42,0,grid_1.5,3,9,342200,31.48431179937594,36000
12,calibration,clustered_bimodal,2000,51918,42,0,grid_0.75,3,10,332500,15.74215589968797,36000
12,calibration,clustered_bimodal,2000,51918,42,0,grid_1,3,11,338500,20.98954119958396,36000
12,calibration,clustered_bimodal,2000,51918,42,0,grid_0.03125,4,0,364700,0.6559231624869988,36000
12,calibration,clustered_bimodal,2000,51918,42,0,grid_0.1,4,1,347100,2.098954119958396,36000
12,calibration,clustered_bimodal,2000,51918,42,0,grid_4,4,2,335600,83.95816479833584,36000
12,calibration,clustered_bimodal,2000,51918,42,0,grid_2,4,3,339800,41.97908239916792,36000
12,calibration,clustered_bimodal,2000,51918,42,0,grid_0.5,4,4,334200,10.49477059979198,36000
12,calibration,clustered_bimodal,2000,51918,42,0,grid_8,4,5,347100,167.9163295966717,36000
12,calibration,clustered_bimodal,2000,51918,42,0,grid_0.05,4,6,357500,1.049477059979198,36000
12,calibration,clustered_bimodal,2000,51918,42,0,grid_0.75,4,7,337400,15.74215589968797,36000
12,calibration,clustered_bimodal,2000,51918,42,0,grid_1.5,4,8,334800,31.48431179937594,36000
12,calibration,clustered_bimodal,2000,51918,42,0,grid_0.25,4,9,337800,5.24738529989599,36000
12,calibration,clustered_bimodal,2000,51918,42,0,grid_16,4,10,341700,335.8326591933434,36000
12,calibration,clustered_bimodal,2000,51918,42,0,grid_1,4,11,340100,20.98954119958396,36000
12,calibration,clustered_bimodal,2000,51918,42,0,grid_1,5,0,337000,20.98954119958396,36000
12,calibration,clustered_bimodal,2000,51918,42,0,grid_16,5,1,337400,335.8326591933434,36000
12,calibration,clustered_bimodal,2000,51918,42,0,grid_0.25,5,2,329400,5.24738529989599,36000
12,calibration,clustered_bimodal,2000,51918,42,0,grid_1.5,5,3,456600,31.48431179937594,36000
12,calibration,clustered_bimodal,2000,51918,42,0,grid_0.75,5,4,350600,15.74215589968797,36000
12,calibration,clustered_bimodal,2000,51918,42,0,grid_0.05,5,5,355800,1.049477059979198,36000
12,calibration,clustered_bimodal,2000,51918,42,0,grid_8,5,6,340200,167.9163295966717,36000
12,calibration,clustered_bimodal,2000,51918,42,0,grid_0.5,5,7,343500,10.49477059979198,36000
12,calibration,clustered_bimodal,2000,51918,42,0,grid_2,5,8,444100,41.97908239916792,36000
12,calibration,clustered_bimodal,2000,51918,42,0,grid_4,5,9,348600,83.95816479833584,36000
12,calibration,clustered_bimodal,2000,51918,42,0,grid_0.1,5,10,348400,2.098954119958396,36000
12,calibration,clustered_bimodal,2000,51918,42,0,grid_0.03125,5,11,344800,0.6559231624869988,36000
12,laws,clustered_bimodal,2000,51918,42,667,mean_degree,0,0,390500,0.8085650910891776,36000
12,laws,clustered_bimodal,2000,51918,42,667,selected_grid,0,1,376900,5.24738529989599,27287200
12,laws,clustered_bimodal,2000,51918,42,667,radix,0,2,302300,0,0
12,laws,clustered_bimodal,2000,51918,42,667,max_maxdegree,0,3,381600,2.5641025641025643,59000
12,laws,clustered_bimodal,2000,51918,42,667,mean_ring,0,4,386300,20.98954119958396,36000
12,laws,clustered_bimodal,2000,51918,42,667,degree4,0,5,408700,0,180400
12,laws,clustered_bimodal,2000,51918,42,667,caliber,0,6,379500,0,106900
12,laws,clustered_bimodal,2000,51918,42,667,std_binary,0,7,721500,0,0
12,laws,clustered_bimodal,2000,51918,42,667,binary,0,8,476200,0,0
12,laws,clustered_bimodal,2000,51918,42,667,fourary,0,9,396200,0,0
12,laws,clustered_bimodal,2000,51918,42,667,mean_map,0,10,353400,20.98954119958396,36000
12,laws,clustered_bimodal,2000,51918,42,667,mean_map,1,0,428200,20.98954119958396,36000
12,laws,clustered_bimodal,2000,51918,42,667,fourary,1,1,412900,0,0
12,laws,clustered_bimodal,2000,51918,42,667,binary,1,2,367300,0,0
12,laws,clustered_bimodal,2000,51918,42,667,std_binary,1,3,355900,0,0
12,laws,clustered_bimodal,2000,51918,42,667,caliber,1,4,395500,0,106900
12,laws,clustered_bimodal,2000,51918,42,667,degree4,1,5,395300,0,180400
12,laws,clustered_bimodal,2000,51918,42,667,mean_ring,1,6,415300,20.98954119958396,36000
12,laws,clustered_bimodal,2000,51918,42,667,max_maxdegree,1,7,406100,2.5641025641025643,59000
12,laws,clustered_bimodal,2000,51918,42,667,radix,1,8,292200,0,0
12,laws,clustered_bimodal,2000,51918,42,667,selected_grid,1,9,368500,5.24738529989599,27287200
12,laws,clustered_bimodal,2000,51918,42,667,mean_degree,1,10,356200,0.8085650910891776,36000
12,laws,clustered_bimodal,2000,51918,42,667,selected_grid,2,0,359600,5.24738529989599,27287200
12,laws,clustered_bimodal,2000,51918,42,667,mean_ring,2,1,372900,20.98954119958396,36000
12,laws,clustered_bimodal,2000,51918,42,667,caliber,2,2,382700,0,106900
12,laws,clustered_bimodal,2000,51918,42,667,mean_degree,2,3,343700,0.8085650910891776,36000
12,laws,clustered_bimodal,2000,51918,42,667,std_binary,2,4,375100,0,0
12,laws,clustered_bimodal,2000,51918,42,667,radix,2,5,281400,0,0
12,laws,clustered_bimodal,2000,51918,42,667,binary,2,6,380400,0,0
12,laws,clustered_bimodal,2000,51918,42,667,mean_map,2,7,367200,20.98954119958396,36000
12,laws,clustered_bimodal,2000,51918,42,667,degree4,2,8,381600,0,180400
12,laws,clustered_bimodal,2000,51918,42,667,fourary,2,9,459700,0,0
12,laws,clustered_bimodal,2000,51918,42,667,max_maxdegree,2,10,371400,2.5641025641025643,59000
12,laws,clustered_bimodal,2000,51918,42,667,max_maxdegree,3,0,359800,2.5641025641025643,59000
12,laws,clustered_bimodal,2000,51918,42,667,fourary,3,1,406500,0,0
12,laws,clustered_bimodal,2000,51918,42,667,degree4,3,2,698500,0,180400
12,laws,clustered_bimodal,2000,51918,42,667,mean_map,3,3,362500,20.98954119958396,36000
12,laws,clustered_bimodal,2000,51918,42,667,binary,3,4,366200,0,0
12,laws,clustered_bimodal,2000,51918,42,667,radix,3,5,274000,0,0
12,laws,clustered_bimodal,2000,51918,42,667,std_binary,3,6,356100,0,0
12,laws,clustered_bimodal,2000,51918,42,667,mean_degree,3,7,362700,0.8085650910891776,36000
12,laws,clustered_bimodal,2000,51918,42,667,caliber,3,8,398100,0,106900
12,laws,clustered_bimodal,2000,51918,42,667,mean_ring,3,9,375200,20.98954119958396,36000
12,laws,clustered_bimodal,2000,51918,42,667,selected_grid,3,10,363700,5.24738529989599,27287200
12,laws,clustered_bimodal,2000,51918,42,667,std_binary,4,0,372400,0,0
12,laws,clustered_bimodal,2000,51918,42,667,max_maxdegree,4,1,370600,2.5641025641025643,59000
12,laws,clustered_bimodal,2000,51918,42,667,fourary,4,2,393500,0,0
12,laws,clustered_bimodal,2000,51918,42,667,mean_map,4,3,349500,20.98954119958396,36000
12,laws,clustered_bimodal,2000,51918,42,667,radix,4,4,276500,0,0
12,laws,clustered_bimodal,2000,51918,42,667,mean_degree,4,5,345500,0.8085650910891776,36000
12,laws,clustered_bimodal,2000,51918,42,667,selected_grid,4,6,464300,5.24738529989599,27287200
12,laws,clustered_bimodal,2000,51918,42,667,degree4,4,7,379600,0,180400
12,laws,clustered_bimodal,2000,51918,42,667,mean_ring,4,8,349200,20.98954119958396,36000
12,laws,clustered_bimodal,2000,51918,42,667,binary,4,9,363300,0,0
12,laws,clustered_bimodal,2000,51918,42,667,caliber,4,10,512700,0,106900
12,laws,clustered_bimodal,2000,51918,42,667,caliber,5,0,387300,0,106900
12,laws,clustered_bimodal,2000,51918,42,667,binary,5,1,376500,0,0
12,laws,clustered_bimodal,2000,51918,42,667,mean_ring,5,2,383000,20.98954119958396,36000
12,laws,clustered_bimodal,2000,51918,42,667,degree4,5,3,453000,0,180400
12,laws,clustered_bimodal,2000,51918,42,667,selected_grid,5,4,402700,5.24738529989599,27287200
12,laws,clustered_bimodal,2000,51918,42,667,mean_degree,5,5,388600,0.8085650910891776,36000
12,laws,clustered_bimodal,2000,51918,42,667,radix,5,6,325400,0,0
12,laws,clustered_bimodal,2000,51918,42,667,mean_map,5,7,423300,20.98954119958396,36000
12,laws,clustered_bimodal,2000,51918,42,667,fourary,5,8,513400,0,0
12,laws,clustered_bimodal,2000,51918,42,667,max_maxdegree,5,9,439000,2.5641025641025643,59000
12,laws,clustered_bimodal,2000,51918,42,667,std_binary,5,10,398600,0,0
12,laws,clustered_bimodal,2000,51918,42,667,mean_ring,6,0,399800,20.98954119958396,36000
12,laws,clustered_bimodal,2000,51918,42,667,selected_grid,6,1,394400,5.24738529989599,27287200
12,laws,clustered_bimodal,2000,51918,42,667,caliber,6,2,494100,0,106900
12,laws,clustered_bimodal,2000,51918,42,667,degree4,6,3,385300,0,180400
12,laws,clustered_bimodal,2000,51918,42,667,radix,6,4,279000,0,0
12,laws,clustered_bimodal,2000,51918,42,667,fourary,6,5,426200,0,0
12,laws,clustered_bimodal,2000,51918,42,667,mean_degree,6,6,341200,0.8085650910891776,36000
12,laws,clustered_bimodal,2000,51918,42,667,max_maxdegree,6,7,423200,2.5641025641025643,59000
12,laws,clustered_bimodal,2000,51918,42,667,std_binary,6,8,363700,0,0
12,laws,clustered_bimodal,2000,51918,42,667,mean_map,6,9,869300,20.98954119958396,36000
12,laws,clustered_bimodal,2000,51918,42,667,binary,6,10,393000,0,0
12,laws,clustered_bimodal,2000,51918,42,667,binary,7,0,362300,0,0
12,laws,clustered_bimodal,2000,51918,42,667,mean_map,7,1,349900,20.98954119958396,36000
12,laws,clustered_bimodal,2000,51918,42,667,std_binary,7,2,373300,0,0
12,laws,clustered_bimodal,2000,51918,42,667,max_maxdegree,7,3,429900,2.5641025641025643,59000
12,laws,clustered_bimodal,2000,51918,42,667,mean_degree,7,4,363800,0.8085650910891776,36000
12,laws,clustered_bimodal,2000,51918,42,667,fourary,7,5,465800,0,0
12,laws,clustered_bimodal,2000,51918,42,667,radix,7,6,327900,0,0
12,laws,clustered_bimodal,2000,51918,42,667,degree4,7,7,411900,0,180400
12,laws,clustered_bimodal,2000,51918,42,667,caliber,7,8,373300,0,106900
12,laws,clustered_bimodal,2000,51918,42,667,selected_grid,7,9,474600,5.24738529989599,27287200
12,laws,clustered_bimodal,2000,51918,42,667,mean_ring,7,10,881400,20.98954119958396,36000
12,laws,clustered_bimodal,2000,51918,42,1333,binary,0,0,380500,0,0
12,laws,clustered_bimodal,2000,51918,42,1333,radix,0,1,282300,0,0
12,laws,clustered_bimodal,2000,51918,42,1333,max_maxdegree,0,2,373200,2.5641025641025643,59000
12,laws,clustered_bimodal,2000,51918,42,1333,mean_map,0,3,390400,20.98954119958396,36000
12,laws,clustered_bimodal,2000,51918,42,1333,mean_ring,0,4,375800,20.98954119958396,36000
12,laws,clustered_bimodal,2000,51918,42,1333,selected_grid,0,5,362300,5.24738529989599,27287200
12,laws,clustered_bimodal,2000,51918,42,1333,degree4,0,6,388400,0,180400
12,laws,clustered_bimodal,2000,51918,42,1333,mean_degree,0,7,354800,0.8085650910891776,36000
12,laws,clustered_bimodal,2000,51918,42,1333,fourary,0,8,461100,0,0
12,laws,clustered_bimodal,2000,51918,42,1333,caliber,0,9,384200,0,106900
12,laws,clustered_bimodal,2000,51918,42,1333,std_binary,0,10,374800,0,0
12,laws,clustered_bimodal,2000,51918,42,1333,std_binary,1,0,358700,0,0
12,laws,clustered_bimodal,2000,51918,42,1333,caliber,1,1,358600,0,106900
12,laws,clustered_bimodal,2000,51918,42,1333,fourary,1,2,436500,0,0
12,laws,clustered_bimodal,2000,51918,42,1333,mean_degree,1,3,373300,0.8085650910891776,36000
12,laws,clustered_bimodal,2000,51918,42,1333,degree4,1,4,392300,0,180400
12,laws,clustered_bimodal,2000,51918,42,1333,selected_grid,1,5,381200,5.24738529989599,27287200
12,laws,clustered_bimodal,2000,51918,42,1333,mean_ring,1,6,419900,20.98954119958396,36000
12,laws,clustered_bimodal,2000,51918,42,1333,mean_map,1,7,383600,20.98954119958396,36000
12,laws,clustered_bimodal,2000,51918,42,1333,max_maxdegree,1,8,365200,2.5641025641025643,59000
12,laws,clustered_bimodal,2000,51918,42,1333,radix,1,9,294900,0,0
12,laws,clustered_bimodal,2000,51918,42,1333,binary,1,10,382700,0,0
12,laws,clustered_bimodal,2000,51918,42,1333,mean_ring,2,0,365500,20.98954119958396,36000
12,laws,clustered_bimodal,2000,51918,42,1333,mean_degree,2,1,353000,0.8085650910891776,36000
12,laws,clustered_bimodal,2000,51918,42,1333,selected_grid,2,2,370400,5.24738529989599,27287200
12,laws,clustered_bimodal,2000,51918,42,1333,binary,2,3,383000,0,0
12,laws,clustered_bimodal,2000,51918,42,1333,caliber,2,4,369100,0,106900
12,laws,clustered_bimodal,2000,51918,42,1333,degree4,2,5,381600,0,180400
12,laws,clustered_bimodal,2000,51918,42,1333,fourary,2,6,451100,0,0
12,laws,clustered_bimodal,2000,51918,42,1333,radix,2,7,334800,0,0
12,laws,clustered_bimodal,2000,51918,42,1333,mean_map,2,8,391700,20.98954119958396,36000
12,laws,clustered_bimodal,2000,51918,42,1333,max_maxdegree,2,9,390500,2.5641025641025643,59000
12,laws,clustered_bimodal,2000,51918,42,1333,std_binary,2,10,369500,0,0
12,laws,clustered_bimodal,2000,51918,42,1333,std_binary,3,0,424600,0,0
12,laws,clustered_bimodal,2000,51918,42,1333,max_maxdegree,3,1,360000,2.5641025641025643,59000
12,laws,clustered_bimodal,2000,51918,42,1333,mean_map,3,2,345600,20.98954119958396,36000
12,laws,clustered_bimodal,2000,51918,42,1333,radix,3,3,272900,0,0
12,laws,clustered_bimodal,2000,51918,42,1333,fourary,3,4,398000,0,0
12,laws,clustered_bimodal,2000,51918,42,1333,degree4,3,5,375700,0,180400
12,laws,clustered_bimodal,2000,51918,42,1333,caliber,3,6,352000,0,106900
12,laws,clustered_bimodal,2000,51918,42,1333,binary,3,7,361400,0,0
12,laws,clustered_bimodal,2000,51918,42,1333,selected_grid,3,8,354600,5.24738529989599,27287200
12,laws,clustered_bimodal,2000,51918,42,1333,mean_degree,3,9,333200,0.8085650910891776,36000
12,laws,clustered_bimodal,2000,51918,42,1333,mean_ring,3,10,362000,20.98954119958396,36000
12,laws,clustered_bimodal,2000,51918,42,1333,selected_grid,4,0,345800,5.24738529989599,27287200
12,laws,clustered_bimodal,2000,51918,42,1333,std_binary,4,1,363700,0,0
12,laws,clustered_bimodal,2000,51918,42,1333,mean_degree,4,2,336100,0.8085650910891776,36000
12,laws,clustered_bimodal,2000,51918,42,1333,binary,4,3,446100,0,0
12,laws,clustered_bimodal,2000,51918,42,1333,caliber,4,4,414300,0,106900
12,laws,clustered_bimodal,2000,51918,42,1333,fourary,4,5,406300,0,0
12,laws,clustered_bimodal,2000,51918,42,1333,mean_ring,4,6,381100,20.98954119958396,36000
12,laws,clustered_bimodal,2000,51918,42,1333,max_maxdegree,4,7,398500,2.5641025641025643,59000
12,laws,clustered_bimodal,2000,51918,42,1333,mean_map,4,8,375600,20.98954119958396,36000
12,laws,clustered_bimodal,2000,51918,42,1333,degree4,4,9,372200,0,180400
12,laws,clustered_bimodal,2000,51918,42,1333,radix,4,10,272300,0,0
12,laws,clustered_bimodal,2000,51918,42,1333,radix,5,0,270200,0,0
12,laws,clustered_bimodal,2000,51918,42,1333,degree4,5,1,363800,0,180400
12,laws,clustered_bimodal,2000,51918,42,1333,mean_map,5,2,347500,20.98954119958396,36000
12,laws,clustered_bimodal,2000,51918,42,1333,max_maxdegree,5,3,357300,2.5641025641025643,59000
12,laws,clustered_bimodal,2000,51918,42,1333,mean_ring,5,4,345200,20.98954119958396,36000
12,laws,clustered_bimodal,2000,51918,42,1333,fourary,5,5,802500,0,0
12,laws,clustered_bimodal,2000,51918,42,1333,caliber,5,6,437400,0,106900
12,laws,clustered_bimodal,2000,51918,42,1333,binary,5,7,446900,0,0
12,laws,clustered_bimodal,2000,51918,42,1333,mean_degree,5,8,357400,0.8085650910891776,36000
12,laws,clustered_bimodal,2000,51918,42,1333,std_binary,5,9,354100,0,0
12,laws,clustered_bimodal,2000,51918,42,1333,selected_grid,5,10,351900,5.24738529989599,27287200
12,laws,clustered_bimodal,2000,51918,42,1333,selected_grid,6,0,349800,5.24738529989599,27287200
12,laws,clustered_bimodal,2000,51918,42,1333,fourary,6,1,393700,0,0
12,laws,clustered_bimodal,2000,51918,42,1333,max_maxdegree,6,2,366800,2.5641025641025643,59000
12,laws,clustered_bimodal,2000,51918,42,1333,caliber,6,3,386600,0,106900
12,laws,clustered_bimodal,2000,51918,42,1333,degree4,6,4,397100,0,180400
12,laws,clustered_bimodal,2000,51918,42,1333,radix,6,5,283400,0,0
12,laws,clustered_bimodal,2000,51918,42,1333,binary,6,6,402600,0,0
12,laws,clustered_bimodal,2000,51918,42,1333,mean_degree,6,7,355900,0.8085650910891776,36000
12,laws,clustered_bimodal,2000,51918,42,1333,std_binary,6,8,383000,0,0
12,laws,clustered_bimodal,2000,51918,42,1333,mean_ring,6,9,363700,20.98954119958396,36000
12,laws,clustered_bimodal,2000,51918,42,1333,mean_map,6,10,359800,20.98954119958396,36000
12,laws,clustered_bimodal,2000,51918,42,1333,mean_map,7,0,356600,20.98954119958396,36000
12,laws,clustered_bimodal,2000,51918,42,1333,mean_ring,7,1,360400,20.98954119958396,36000
12,laws,clustered_bimodal,2000,51918,42,1333,std_binary,7,2,372500,0,0
12,laws,clustered_bimodal,2000,51918,42,1333,mean_degree,7,3,341700,0.8085650910891776,36000
12,laws,clustered_bimodal,2000,51918,42,1333,binary,7,4,367900,0,0
12,laws,clustered_bimodal,2000,51918,42,1333,radix,7,5,273000,0,0
12,laws,clustered_bimodal,2000,51918,42,1333,degree4,7,6,370200,0,180400
12,laws,clustered_bimodal,2000,51918,42,1333,caliber,7,7,354900,0,106900
12,laws,clustered_bimodal,2000,51918,42,1333,max_maxdegree,7,8,375600,2.5641025641025643,59000
12,laws,clustered_bimodal,2000,51918,42,1333,fourary,7,9,387200,0,0
12,laws,clustered_bimodal,2000,51918,42,1333,selected_grid,7,10,348300,5.24738529989599,27287200
13,calibration,clustered_zero,2000,51918,42,0,grid_0.75,0,0,459700,28.39292252839582,37200
13,calibration,clustered_zero,2000,51918,42,0,grid_1,0,1,479400,37.85723003786109,37200
13,calibration,clustered_zero,2000,51918,42,0,grid_0.1,0,2,393400,3.7857230037861096,37200
13,calibration,clustered_zero,2000,51918,42,0,grid_2,0,3,548100,75.71446007572219,37200
13,calibration,clustered_zero,2000,51918,42,0,grid_16,0,4,523200,605.7156806057775,37200
13,calibration,clustered_zero,2000,51918,42,0,grid_0.25,0,5,396800,9.464307509465273,37200
13,calibration,clustered_zero,2000,51918,42,0,grid_0.5,0,6,448900,18.928615018930547,37200
13,calibration,clustered_zero,2000,51918,42,0,grid_0.03125,0,7,365700,1.1830384386831592,37200
13,calibration,clustered_zero,2000,51918,42,0,grid_1.5,0,8,510800,56.78584505679164,37200
13,calibration,clustered_zero,2000,51918,42,0,grid_4,0,9,497900,151.42892015144437,37200
13,calibration,clustered_zero,2000,51918,42,0,grid_8,0,10,1959800,302.85784030288875,37200
13,calibration,clustered_zero,2000,51918,42,0,grid_0.05,0,11,401000,1.8928615018930548,37200
13,calibration,clustered_zero,2000,51918,42,0,grid_0.05,1,0,351600,1.8928615018930548,37200
13,calibration,clustered_zero,2000,51918,42,0,grid_8,1,1,518100,302.85784030288875,37200
13,calibration,clustered_zero,2000,51918,42,0,grid_4,1,2,493700,151.42892015144437,37200
13,calibration,clustered_zero,2000,51918,42,0,grid_1.5,1,3,1066600,56.78584505679164,37200
13,calibration,clustered_zero,2000,51918,42,0,grid_0.03125,1,4,381000,1.1830384386831592,37200
13,calibration,clustered_zero,2000,51918,42,0,grid_0.5,1,5,449500,18.928615018930547,37200
13,calibration,clustered_zero,2000,51918,42,0,grid_0.25,1,6,397500,9.464307509465273,37200
13,calibration,clustered_zero,2000,51918,42,0,grid_16,1,7,511400,605.7156806057775,37200
13,calibration,clustered_zero,2000,51918,42,0,grid_2,1,8,530600,75.71446007572219,37200
13,calibration,clustered_zero,2000,51918,42,0,grid_0.1,1,9,381000,3.7857230037861096,37200
13,calibration,clustered_zero,2000,51918,42,0,grid_1,1,10,491800,37.85723003786109,37200
13,calibration,clustered_zero,2000,51918,42,0,grid_0.75,1,11,541700,28.39292252839582,37200
13,calibration,clustered_zero,2000,51918,42,0,grid_1,2,0,486400,37.85723003786109,37200
13,calibration,clustered_zero,2000,51918,42,0,grid_0.75,2,1,458400,28.39292252839582,37200
13,calibration,clustered_zero,2000,51918,42,0,grid_1.5,2,2,538000,56.78584505679164,37200
13,calibration,clustered_zero,2000,51918,42,0,grid_4,2,3,513000,151.42892015144437,37200
13,calibration,clustered_zero,2000,51918,42,0,grid_0.03125,2,4,368700,1.1830384386831592,37200
13,calibration,clustered_zero,2000,51918,42,0,grid_0.05,2,5,365800,1.8928615018930548,37200
13,calibration,clustered_zero,2000,51918,42,0,grid_0.25,2,6,397500,9.464307509465273,37200
13,calibration,clustered_zero,2000,51918,42,0,grid_16,2,7,584700,605.7156806057775,37200
13,calibration,clustered_zero,2000,51918,42,0,grid_0.1,2,8,408900,3.7857230037861096,37200
13,calibration,clustered_zero,2000,51918,42,0,grid_0.5,2,9,444100,18.928615018930547,37200
13,calibration,clustered_zero,2000,51918,42,0,grid_8,2,10,505300,302.85784030288875,37200
13,calibration,clustered_zero,2000,51918,42,0,grid_2,2,11,619300,75.71446007572219,37200
13,calibration,clustered_zero,2000,51918,42,0,grid_2,3,0,530200,75.71446007572219,37200
13,calibration,clustered_zero,2000,51918,42,0,grid_8,3,1,515700,302.85784030288875,37200
13,calibration,clustered_zero,2000,51918,42,0,grid_0.5,3,2,456400,18.928615018930547,37200
13,calibration,clustered_zero,2000,51918,42,0,grid_0.1,3,3,389200,3.7857230037861096,37200
13,calibration,clustered_zero,2000,51918,42,0,grid_16,3,4,502200,605.7156806057775,37200
13,calibration,clustered_zero,2000,51918,42,0,grid_0.25,3,5,452700,9.464307509465273,37200
13,calibration,clustered_zero,2000,51918,42,0,grid_0.05,3,6,374300,1.8928615018930548,37200
13,calibration,clustered_zero,2000,51918,42,0,grid_0.03125,3,7,360600,1.1830384386831592,37200
13,calibration,clustered_zero,2000,51918,42,0,grid_4,3,8,514400,151.42892015144437,37200
13,calibration,clustered_zero,2000,51918,42,0,grid_1.5,3,9,547600,56.78584505679164,37200
13,calibration,clustered_zero,2000,51918,42,0,grid_0.75,3,10,465000,28.39292252839582,37200
13,calibration,clustered_zero,2000,51918,42,0,grid_1,3,11,483100,37.85723003786109,37200
13,calibration,clustered_zero,2000,51918,42,0,grid_0.03125,4,0,363100,1.1830384386831592,37200
13,calibration,clustered_zero,2000,51918,42,0,grid_0.1,4,1,379900,3.7857230037861096,37200
13,calibration,clustered_zero,2000,51918,42,0,grid_4,4,2,528100,151.42892015144437,37200
13,calibration,clustered_zero,2000,51918,42,0,grid_2,4,3,541200,75.71446007572219,37200
13,calibration,clustered_zero,2000,51918,42,0,grid_0.5,4,4,445200,18.928615018930547,37200
13,calibration,clustered_zero,2000,51918,42,0,grid_8,4,5,515600,302.85784030288875,37200
13,calibration,clustered_zero,2000,51918,42,0,grid_0.05,4,6,375200,1.8928615018930548,37200
13,calibration,clustered_zero,2000,51918,42,0,grid_0.75,4,7,464100,28.39292252839582,37200
13,calibration,clustered_zero,2000,51918,42,0,grid_1.5,4,8,506300,56.78584505679164,37200
13,calibration,clustered_zero,2000,51918,42,0,grid_0.25,4,9,402000,9.464307509465273,37200
13,calibration,clustered_zero,2000,51918,42,0,grid_16,4,10,518300,605.7156806057775,37200
13,calibration,clustered_zero,2000,51918,42,0,grid_1,4,11,480800,37.85723003786109,37200
13,calibration,clustered_zero,2000,51918,42,0,grid_1,5,0,477100,37.85723003786109,37200
13,calibration,clustered_zero,2000,51918,42,0,grid_16,5,1,503400,605.7156806057775,37200
13,calibration,clustered_zero,2000,51918,42,0,grid_0.25,5,2,404400,9.464307509465273,37200
13,calibration,clustered_zero,2000,51918,42,0,grid_1.5,5,3,502300,56.78584505679164,37200
13,calibration,clustered_zero,2000,51918,42,0,grid_0.75,5,4,470500,28.39292252839582,37200
13,calibration,clustered_zero,2000,51918,42,0,grid_0.05,5,5,358700,1.8928615018930548,37200
13,calibration,clustered_zero,2000,51918,42,0,grid_8,5,6,505700,302.85784030288875,37200
13,calibration,clustered_zero,2000,51918,42,0,grid_0.5,5,7,427200,18.928615018930547,37200
13,calibration,clustered_zero,2000,51918,42,0,grid_2,5,8,512100,75.71446007572219,37200
13,calibration,clustered_zero,2000,51918,42,0,grid_4,5,9,517500,151.42892015144437,37200
13,calibration,clustered_zero,2000,51918,42,0,grid_0.1,5,10,377800,3.7857230037861096,37200
13,calibration,clustered_zero,2000,51918,42,0,grid_0.03125,5,11,371400,1.1830384386831592,37200
13,laws,clustered_zero,2000,51918,42,667,mean_degree,0,0,358000,1.4583470102030547,37200
13,laws,clustered_zero,2000,51918,42,667,selected_grid,0,1,374700,1.1830384386831592,35463200
13,laws,clustered_zero,2000,51918,42,667,degree4,0,2,765400,0,166200
13,laws,clustered_zero,2000,51918,42,667,max_maxdegree,0,3,377100,2.563986703483692,61200
13,laws,clustered_zero,2000,51918,42,667,mean_ring,0,4,497000,37.85723003786109,37200
13,laws,clustered_zero,2000,51918,42,667,binary,0,5,745000,0,0
13,laws,clustered_zero,2000,51918,42,667,caliber,0,6,458600,0,67900
13,laws,clustered_zero,2000,51918,42,667,std_binary,0,7,735700,0,0
13,laws,clustered_zero,2000,51918,42,667,fourary,0,8,774600,0,0
13,laws,clustered_zero,2000,51918,42,667,mean_map,0,9,503900,37.85723003786109,37200
13,laws,clustered_zero,2000,51918,42,667,mean_map,1,0,478200,37.85723003786109,37200
13,laws,clustered_zero,2000,51918,42,667,fourary,1,1,838300,0,0
13,laws,clustered_zero,2000,51918,42,667,std_binary,1,2,753900,0,0
13,laws,clustered_zero,2000,51918,42,667,caliber,1,3,460000,0,67900
13,laws,clustered_zero,2000,51918,42,667,binary,1,4,873400,0,0
13,laws,clustered_zero,2000,51918,42,667,mean_ring,1,5,532500,37.85723003786109,37200
13,laws,clustered_zero,2000,51918,42,667,max_maxdegree,1,6,393400,2.563986703483692,61200
13,laws,clustered_zero,2000,51918,42,667,degree4,1,7,768000,0,166200
13,laws,clustered_zero,2000,51918,42,667,selected_grid,1,8,366600,1.1830384386831592,35463200
13,laws,clustered_zero,2000,51918,42,667,mean_degree,1,9,354200,1.4583470102030547,37200
13,laws,clustered_zero,2000,51918,42,667,mean_degree,2,0,356300,1.4583470102030547,37200
13,laws,clustered_zero,2000,51918,42,667,max_maxdegree,2,1,364400,2.563986703483692,61200
13,laws,clustered_zero,2000,51918,42,667,binary,2,2,754000,0,0
13,laws,clustered_zero,2000,51918,42,667,degree4,2,3,752300,0,166200
13,laws,clustered_zero,2000,51918,42,667,caliber,2,4,472200,0,67900
13,laws,clustered_zero,2000,51918,42,667,selected_grid,2,5,416100,1.1830384386831592,35463200
13,laws,clustered_zero,2000,51918,42,667,std_binary,2,6,764300,0,0
13,laws,clustered_zero,2000,51918,42,667,mean_map,2,7,497000,37.85723003786109,37200
13,laws,clustered_zero,2000,51918,42,667,mean_ring,2,8,491600,37.85723003786109,37200
13,laws,clustered_zero,2000,51918,42,667,fourary,2,9,803100,0,0
13,laws,clustered_zero,2000,51918,42,667,fourary,3,0,706500,0,0
13,laws,clustered_zero,2000,51918,42,667,mean_ring,3,1,487800,37.85723003786109,37200
13,laws,clustered_zero,2000,51918,42,667,mean_map,3,2,488500,37.85723003786109,37200
13,laws,clustered_zero,2000,51918,42,667,std_binary,3,3,725200,0,0
13,laws,clustered_zero,2000,51918,42,667,selected_grid,3,4,403500,1.1830384386831592,35463200
13,laws,clustered_zero,2000,51918,42,667,caliber,3,5,456900,0,67900
13,laws,clustered_zero,2000,51918,42,667,degree4,3,6,781600,0,166200
13,laws,clustered_zero,2000,51918,42,667,binary,3,7,819700,0,0
13,laws,clustered_zero,2000,51918,42,667,max_maxdegree,3,8,577000,2.563986703483692,61200
13,laws,clustered_zero,2000,51918,42,667,mean_degree,3,9,368300,1.4583470102030547,37200
13,laws,clustered_zero,2000,51918,42,667,caliber,4,0,451000,0,67900
13,laws,clustered_zero,2000,51918,42,667,mean_map,4,1,521800,37.85723003786109,37200
13,laws,clustered_zero,2000,51918,42,667,fourary,4,2,1235800,0,0
13,laws,clustered_zero,2000,51918,42,667,max_maxdegree,4,3,478200,2.563986703483692,61200
13,laws,clustered_zero,2000,51918,42,667,mean_ring,4,4,694400,37.85723003786109,37200
13,laws,clustered_zero,2000,51918,42,667,mean_degree,4,5,394000,1.4583470102030547,37200
13,laws,clustered_zero,2000,51918,42,667,selected_grid,4,6,382200,1.1830384386831592,35463200
13,laws,clustered_zero,2000,51918,42,667,std_binary,4,7,777200,0,0
13,laws,clustered_zero,2000,51918,42,667,degree4,4,8,778900,0,166200
13,laws,clustered_zero,2000,51918,42,667,binary,4,9,801900,0,0
13,laws,clustered_zero,2000,51918,42,667,binary,5,0,780800,0,0
13,laws,clustered_zero,2000,51918,42,667,degree4,5,1,756000,0,166200
13,laws,clustered_zero,2000,51918,42,667,std_binary,5,2,739600,0,0
13,laws,clustered_zero,2000,51918,42,667,selected_grid,5,3,372200,1.1830384386831592,35463200
13,laws,clustered_zero,2000,51918,42,667,mean_degree,5,4,361400,1.4583470102030547,37200
13,laws,clustered_zero,2000,51918,42,667,mean_ring,5,5,483200,37.85723003786109,37200
13,laws,clustered_zero,2000,51918,42,667,max_maxdegree,5,6,386800,2.563986703483692,61200
13,laws,clustered_zero,2000,51918,42,667,fourary,5,7,777600,0,0
13,laws,clustered_zero,2000,51918,42,667,mean_map,5,8,486200,37.85723003786109,37200
13,laws,clustered_zero,2000,51918,42,667,caliber,5,9,460600,0,67900
13,laws,clustered_zero,2000,51918,42,667,std_binary,6,0,770900,0,0
13,laws,clustered_zero,2000,51918,42,667,mean_degree,6,1,364900,1.4583470102030547,37200
13,laws,clustered_zero,2000,51918,42,667,binary,6,2,751300,0,0
13,laws,clustered_zero,2000,51918,42,667,selected_grid,6,3,382000,1.1830384386831592,35463200
13,laws,clustered_zero,2000,51918,42,667,max_maxdegree,6,4,369200,2.563986703483692,61200
13,laws,clustered_zero,2000,51918,42,667,mean_map,6,5,483200,37.85723003786109,37200
13,laws,clustered_zero,2000,51918,42,667,mean_ring,6,6,611700,37.85723003786109,37200
13,laws,clustered_zero,2000,51918,42,667,fourary,6,7,754100,0,0
13,laws,clustered_zero,2000,51918,42,667,caliber,6,8,464100,0,67900
13,laws,clustered_zero,2000,51918,42,667,degree4,6,9,788300,0,166200
13,laws,clustered_zero,2000,51918,42,667,degree4,7,0,756100,0,166200
13,laws,clustered_zero,2000,51918,42,667,caliber,7,1,454200,0,67900
13,laws,clustered_zero,2000,51918,42,667,fourary,7,2,705900,0,0
13,laws,clustered_zero,2000,51918,42,667,mean_ring,7,3,511000,37.85723003786109,37200
13,laws,clustered_zero,2000,51918,42,667,mean_map,7,4,512400,37.85723003786109,37200
13,laws,clustered_zero,2000,51918,42,667,max_maxdegree,7,5,383600,2.563986703483692,61200
13,laws,clustered_zero,2000,51918,42,667,selected_grid,7,6,737900,1.1830384386831592,35463200
13,laws,clustered_zero,2000,51918,42,667,binary,7,7,754200,0,0
13,laws,clustered_zero,2000,51918,42,667,mean_degree,7,8,384500,1.4583470102030547,37200
13,laws,clustered_zero,2000,51918,42,667,std_binary,7,9,769700,0,0
13,laws,clustered_zero,2000,51918,42,1333,mean_degree,0,0,386500,1.4583470102030547,37200
13,laws,clustered_zero,2000,51918,42,1333,mean_map,0,1,493200,37.85723003786109,37200
13,laws,clustered_zero,2000,51918,42,1333,degree4,0,2,780300,0,166200
13,laws,clustered_zero,2000,51918,42,1333,selected_grid,0,3,373900,1.1830384386831592,35463200
13,laws,clustered_zero,2000,51918,42,1333,mean_ring,0,4,615400,37.85723003786109,37200
13,laws,clustered_zero,2000,51918,42,1333,binary,0,5,769300,0,0
13,laws,clustered_zero,2000,51918,42,1333,caliber,0,6,465400,0,67900
13,laws,clustered_zero,2000,51918,42,1333,fourary,0,7,801000,0,0
13,laws,clustered_zero,2000,51918,42,1333,max_maxdegree,0,8,393100,2.563986703483692,61200
13,laws,clustered_zero,2000,51918,42,1333,std_binary,0,9,794300,0,0
13,laws,clustered_zero,2000,51918,42,1333,std_binary,1,0,749800,0,0
13,laws,clustered_zero,2000,51918,42,1333,max_maxdegree,1,1,372100,2.563986703483692,61200
13,laws,clustered_zero,2000,51918,42,1333,fourary,1,2,749800,0,0
13,laws,clustered_zero,2000,51918,42,1333,caliber,1,3,486800,0,67900
13,laws,clustered_zero,2000,51918,42,1333,binary,1,4,797200,0,0
13,laws,clustered_zero,2000,51918,42,1333,mean_ring,1,5,552200,37.85723003786109,37200
13,laws,clustered_zero,2000,51918,42,1333,selected_grid,1,6,371400,1.1830384386831592,35463200
13,laws,clustered_zero,2000,51918,42,1333,degree4,1,7,784500,0,166200
13,laws,clustered_zero,2000,51918,42,1333,mean_map,1,8,499800,37.85723003786109,37200
13,laws,clustered_zero,2000,51918,42,1333,mean_degree,1,9,371800,1.4583470102030547,37200
13,laws,clustered_zero,2000,51918,42,1333,degree4,2,0,763200,0,166200
13,laws,clustered_zero,2000,51918,42,1333,mean_map,2,1,493000,37.85723003786109,37200
13,laws,clustered_zero,2000,51918,42,1333,fourary,2,2,809600,0,0
13,laws,clustered_zero,2000,51918,42,1333,max_maxdegree,2,3,415700,2.563986703483692,61200
13,laws,clustered_zero,2000,51918,42,1333,binary,2,4,772900,0,0
13,laws,clustered_zero,2000,51918,42,1333,selected_grid,2,5,408800,1.1830384386831592,35463200
13,laws,clustered_zero,2000,51918,42,1333,mean_degree,2,6,390200,1.4583470102030547,37200
13,laws,clustered_zero,2000,51918,42,1333,caliber,2,7,475800,0,67900
13,laws,clustered_zero,2000,51918,42,1333,std_binary,2,8,740500,0,0
13,laws,clustered_zero,2000,51918,42,1333,mean_ring,2,9,618100,37.85723003786109,37200
13,laws,clustered_zero,2000,51918,42,1333,mean_ring,3,0,514300,37.85723003786109,37200
13,laws,clustered_zero,2000,51918,42,1333,std_binary,3,1,746700,0,0
13,laws,clustered_zero,2000,51918,42,1333,caliber,3,2,472300,0,67900
13,laws,clustered_zero,2000,51918,42,1333,mean_degree,3,3,395800,1.4583470102030547,37200
13,laws,clustered_zero,2000,51918,42,1333,selected_grid,3,4,482900,1.1830384386831592,35463200
13,laws,clustered_zero,2000,51918,42,1333,binary,3,5,801700,0,0
13,laws,clustered_zero,2000,51918,42,1333,max_maxdegree,3,6,375700,2.563986703483692,61200
13,laws,clustered_zero,2000,51918,42,1333,fourary,3,7,852100,0,0
13,laws,clustered_zero,2000,51918,42,1333,mean_map,3,8,540000,37.85723003786109,37200
13,laws,clustered_zero,2000,51918,42,1333,degree4,3,9,784400,0,166200
13,laws,clustered_zero,2000,51918,42,1333,degree4,4,0,770500,0,166200
13,laws,clustered_zero,2000,51918,42,1333,mean_degree,4,1,399400,1.4583470102030547,37200
13,laws,clustered_zero,2000,51918,42,1333,fourary,4,2,756400,0,0
13,laws,clustered_zero,2000,51918,42,1333,mean_map,4,3,590300,37.85723003786109,37200
13,laws,clustered_zero,2000,51918,42,1333,caliber,4,4,445000,0,67900
13,laws,clustered_zero,2000,51918,42,1333,std_binary,4,5,724500,0,0
13,laws,clustered_zero,2000,51918,42,1333,mean_ring,4,6,613000,37.85723003786109,37200
13,laws,clustered_zero,2000,51918,42,1333,binary,4,7,725200,0,0
13,laws,clustered_zero,2000,51918,42,1333,max_maxdegree,4,8,370400,2.563986703483692,61200
13,laws,clustered_zero,2000,51918,42,1333,selected_grid,4,9,366000,1.1830384386831592,35463200
13,laws,clustered_zero,2000,51918,42,1333,selected_grid,5,0,350600,1.1830384386831592,35463200
13,laws,clustered_zero,2000,51918,42,1333,max_maxdegree,5,1,411700,2.563986703483692,61200
13,laws,clustered_zero,2000,51918,42,1333,binary,5,2,793400,0,0
13,laws,clustered_zero,2000,51918,42,1333,mean_ring,5,3,511400,37.85723003786109,37200
13,laws,clustered_zero,2000,51918,42,1333,std_binary,5,4,894900,0,0
13,laws,clustered_zero,2000,51918,42,1333,caliber,5,5,503800,0,67900
13,laws,clustered_zero,2000,51918,42,1333,mean_map,5,6,505500,37.85723003786109,37200
13,laws,clustered_zero,2000,51918,42,1333,fourary,5,7,759400,0,0
13,laws,clustered_zero,2000,51918,42,1333,mean_degree,5,8,394900,1.4583470102030547,37200
13,laws,clustered_zero,2000,51918,42,1333,degree4,5,9,777300,0,166200
13,laws,clustered_zero,2000,51918,42,1333,degree4,6,0,740000,0,166200
13,laws,clustered_zero,2000,51918,42,1333,mean_map,6,1,519300,37.85723003786109,37200
13,laws,clustered_zero,2000,51918,42,1333,selected_grid,6,2,391400,1.1830384386831592,35463200
13,laws,clustered_zero,2000,51918,42,1333,fourary,6,3,755400,0,0
13,laws,clustered_zero,2000,51918,42,1333,mean_degree,6,4,1442100,1.4583470102030547,37200
13,laws,clustered_zero,2000,51918,42,1333,mean_ring,6,5,501500,37.85723003786109,37200
13,laws,clustered_zero,2000,51918,42,1333,binary,6,6,780700,0,0
13,laws,clustered_zero,2000,51918,42,1333,caliber,6,7,587000,0,67900
13,laws,clustered_zero,2000,51918,42,1333,std_binary,6,8,730200,0,0
13,laws,clustered_zero,2000,51918,42,1333,max_maxdegree,6,9,369600,2.563986703483692,61200
13,laws,clustered_zero,2000,51918,42,1333,max_maxdegree,7,0,350400,2.563986703483692,61200
13,laws,clustered_zero,2000,51918,42,1333,std_binary,7,1,741300,0,0
13,laws,clustered_zero,2000,51918,42,1333,caliber,7,2,540100,0,67900
13,laws,clustered_zero,2000,51918,42,1333,binary,7,3,1744300,0,0
13,laws,clustered_zero,2000,51918,42,1333,mean_ring,7,4,694700,37.85723003786109,37200
13,laws,clustered_zero,2000,51918,42,1333,mean_degree,7,5,385600,1.4583470102030547,37200
13,laws,clustered_zero,2000,51918,42,1333,fourary,7,6,830300,0,0
13,laws,clustered_zero,2000,51918,42,1333,selected_grid,7,7,472000,1.1830384386831592,35463200
13,laws,clustered_zero,2000,51918,42,1333,mean_map,7,8,513400,37.85723003786109,37200
13,laws,clustered_zero,2000,51918,42,1333,degree4,7,9,812900,0,166200
14,calibration,clustered_integer,2000,51918,42,0,grid_0.75,0,0,529200,38.032647636657806,38600
14,calibration,clustered_integer,2000,51918,42,0,grid_1,0,1,507800,50.710196848877075,38600
14,calibration,clustered_integer,2000,51918,42,0,grid_0.1,0,2,587200,5.071019684887708,38600
14,calibration,clustered_integer,2000,51918,42,0,grid_2,0,3,698300,101.42039369775415,38600
14,calibration,clustered_integer,2000,51918,42,0,grid_16,0,4,778300,811.3631495820332,38600
14,calibration,clustered_integer,2000,51918,42,0,grid_0.25,0,5,506000,12.677549212219269,38600
14,calibration,clustered_integer,2000,51918,42,0,grid_0.5,0,6,1612400,25.355098424438538,38600
14,calibration,clustered_integer,2000,51918,42,0,grid_0.03125,0,7,688900,1.5846936515274086,38600
14,calibration,clustered_integer,2000,51918,42,0,grid_1.5,0,8,637500,76.06529527331561,38600
14,calibration,clustered_integer,2000,51918,42,0,grid_4,0,9,747700,202.8407873955083,38600
14,calibration,clustered_integer,2000,51918,42,0,grid_8,0,10,755200,405.6815747910166,38600
14,calibration,clustered_integer,2000,51918,42,0,grid_0.05,0,11,688200,2.535509842443854,38600
14,calibration,clustered_integer,2000,51918,42,0,grid_0.05,1,0,751200,2.535509842443854,38600
14,calibration,clustered_integer,2000,51918,42,0,grid_8,1,1,1154700,405.6815747910166,38600
14,calibration,clustered_integer,2000,51918,42,0,grid_4,1,2,786200,202.8407873955083,38600
14,calibration,clustered_integer,2000,51918,42,0,grid_1.5,1,3,749400,76.06529527331561,38600
14,calibration,clustered_integer,2000,51918,42,0,grid_0.03125,1,4,811400,1.5846936515274086,38600
14,calibration,clustered_integer,2000,51918,42,0,grid_0.5,1,5,542600,25.355098424438538,38600
14,calibration,clustered_integer,2000,51918,42,0,grid_0.25,1,6,612900,12.677549212219269,38600
14,calibration,clustered_integer,2000,51918,42,0,grid_16,1,7,781300,811.3631495820332,38600
14,calibration,clustered_integer,2000,51918,42,0,grid_2,1,8,710600,101.42039369775415,38600
14,calibration,clustered_integer,2000,51918,42,0,grid_0.1,1,9,677000,5.071019684887708,38600
14,calibration,clustered_integer,2000,51918,42,0,grid_1,1,10,541300,50.710196848877075,38600
14,calibration,clustered_integer,2000,51918,42,0,grid_0.75,1,11,1209300,38.032647636657806,38600
14,calibration,clustered_integer,2000,51918,42,0,grid_1,2,0,529000,50.710196848877075,38600
14,calibration,clustered_integer,2000,51918,42,0,grid_0.75,2,1,540100,38.032647636657806,38600
14,calibration,clustered_integer,2000,51918,42,0,grid_1.5,2,2,672200,76.06529527331561,38600
14,calibration,clustered_integer,2000,51918,42,0,grid_4,2,3,779700,202.8407873955083,38600
14,calibration,clustered_integer,2000,51918,42,0,grid_0.03125,2,4,699800,1.5846936515274086,38600
14,calibration,clustered_integer,2000,51918,42,0,grid_0.05,2,5,657700,2.535509842443854,38600
14,calibration,clustered_integer,2000,51918,42,0,grid_0.25,2,6,553400,12.677549212219269,38600
14,calibration,clustered_integer,2000,51918,42,0,grid_16,2,7,855900,811.3631495820332,38600
14,calibration,clustered_integer,2000,51918,42,0,grid_0.1,2,8,708700,5.071019684887708,38600
14,calibration,clustered_integer,2000,51918,42,0,grid_0.5,2,9,549700,25.355098424438538,38600
14,calibration,clustered_integer,2000,51918,42,0,grid_8,2,10,868000,405.6815747910166,38600
14,calibration,clustered_integer,2000,51918,42,0,grid_2,2,11,685000,101.42039369775415,38600
14,calibration,clustered_integer,2000,51918,42,0,grid_2,3,0,668900,101.42039369775415,38600
14,calibration,clustered_integer,2000,51918,42,0,grid_8,3,1,938900,405.6815747910166,38600
14,calibration,clustered_integer,2000,51918,42,0,grid_0.5,3,2,501200,25.355098424438538,38600
14,calibration,clustered_integer,2000,51918,42,0,grid_0.1,3,3,601100,5.071019684887708,38600
14,calibration,clustered_integer,2000,51918,42,0,grid_16,3,4,750000,811.3631495820332,38600
14,calibration,clustered_integer,2000,51918,42,0,grid_0.25,3,5,615700,12.677549212219269,38600
14,calibration,clustered_integer,2000,51918,42,0,grid_0.05,3,6,635500,2.535509842443854,38600
14,calibration,clustered_integer,2000,51918,42,0,grid_0.03125,3,7,652400,1.5846936515274086,38600
14,calibration,clustered_integer,2000,51918,42,0,grid_4,3,8,1620300,202.8407873955083,38600
14,calibration,clustered_integer,2000,51918,42,0,grid_1.5,3,9,660100,76.06529527331561,38600
14,calibration,clustered_integer,2000,51918,42,0,grid_0.75,3,10,566600,38.032647636657806,38600
14,calibration,clustered_integer,2000,51918,42,0,grid_1,3,11,517600,50.710196848877075,38600
14,calibration,clustered_integer,2000,51918,42,0,grid_0.03125,4,0,692500,1.5846936515274086,38600
14,calibration,clustered_integer,2000,51918,42,0,grid_0.1,4,1,591000,5.071019684887708,38600
14,calibration,clustered_integer,2000,51918,42,0,grid_4,4,2,749600,202.8407873955083,38600
14,calibration,clustered_integer,2000,51918,42,0,grid_2,4,3,710200,101.42039369775415,38600
14,calibration,clustered_integer,2000,51918,42,0,grid_0.5,4,4,493000,25.355098424438538,38600
14,calibration,clustered_integer,2000,51918,42,0,grid_8,4,5,754400,405.6815747910166,38600
14,calibration,clustered_integer,2000,51918,42,0,grid_0.05,4,6,626600,2.535509842443854,38600
14,calibration,clustered_integer,2000,51918,42,0,grid_0.75,4,7,542400,38.032647636657806,38600
14,calibration,clustered_integer,2000,51918,42,0,grid_1.5,4,8,658900,76.06529527331561,38600
14,calibration,clustered_integer,2000,51918,42,0,grid_0.25,4,9,614600,12.677549212219269,38600
14,calibration,clustered_integer,2000,51918,42,0,grid_16,4,10,758500,811.3631495820332,38600
14,calibration,clustered_integer,2000,51918,42,0,grid_1,4,11,534100,50.710196848877075,38600
14,calibration,clustered_integer,2000,51918,42,0,grid_1,5,0,519300,50.710196848877075,38600
14,calibration,clustered_integer,2000,51918,42,0,grid_16,5,1,734900,811.3631495820332,38600
14,calibration,clustered_integer,2000,51918,42,0,grid_0.25,5,2,878300,12.677549212219269,38600
14,calibration,clustered_integer,2000,51918,42,0,grid_1.5,5,3,625200,76.06529527331561,38600
14,calibration,clustered_integer,2000,51918,42,0,grid_0.75,5,4,530000,38.032647636657806,38600
14,calibration,clustered_integer,2000,51918,42,0,grid_0.05,5,5,641200,2.535509842443854,38600
14,calibration,clustered_integer,2000,51918,42,0,grid_8,5,6,757700,405.6815747910166,38600
14,calibration,clustered_integer,2000,51918,42,0,grid_0.5,5,7,481800,25.355098424438538,38600
14,calibration,clustered_integer,2000,51918,42,0,grid_2,5,8,664800,101.42039369775415,38600
14,calibration,clustered_integer,2000,51918,42,0,grid_4,5,9,740000,202.8407873955083,38600
14,calibration,clustered_integer,2000,51918,42,0,grid_0.1,5,10,744000,5.071019684887708,38600
14,calibration,clustered_integer,2000,51918,42,0,grid_0.03125,5,11,680000,1.5846936515274086,38600
14,laws,clustered_integer,2000,51918,42,667,mean_degree,0,0,687100,1.9534726626170915,38600
14,laws,clustered_integer,2000,51918,42,667,selected_grid,0,1,504400,25.355098424438538,50774700
14,laws,clustered_integer,2000,51918,42,667,radix,0,2,488300,0,0
14,laws,clustered_integer,2000,51918,42,667,max_maxdegree,0,3,619600,2.5641025641025643,63100
14,laws,clustered_integer,2000,51918,42,667,mean_ring,0,4,614200,50.710196848877075,38600
14,laws,clustered_integer,2000,51918,42,667,degree4,0,5,1002700,0,122900
14,laws,clustered_integer,2000,51918,42,667,caliber,0,6,1327300,0,70400
14,laws,clustered_integer,2000,51918,42,667,std_binary,0,7,871300,0,0
14,laws,clustered_integer,2000,51918,42,667,binary,0,8,871700,0,0
14,laws,clustered_integer,2000,51918,42,667,fourary,0,9,1221000,0,0
14,laws,clustered_integer,2000,51918,42,667,mean_map,0,10,554600,50.710196848877075,38600
14,laws,clustered_integer,2000,51918,42,667,mean_map,1,0,586000,50.710196848877075,38600
14,laws,clustered_integer,2000,51918,42,667,fourary,1,1,979900,0,0
14,laws,clustered_integer,2000,51918,42,667,binary,1,2,909300,0,0
14,laws,clustered_integer,2000,51918,42,667,std_binary,1,3,884800,0,0
14,laws,clustered_integer,2000,51918,42,667,caliber,1,4,830400,0,70400
14,laws,clustered_integer,2000,51918,42,667,degree4,1,5,906000,0,122900
14,laws,clustered_integer,2000,51918,42,667,mean_ring,1,6,628000,50.710196848877075,38600
14,laws,clustered_integer,2000,51918,42,667,max_maxdegree,1,7,1632600,2.5641025641025643,63100
14,laws,clustered_integer,2000,51918,42,667,radix,1,8,476300,0,0
14,laws,clustered_integer,2000,51918,42,667,selected_grid,1,9,486100,25.355098424438538,50774700
14,laws,clustered_integer,2000,51918,42,667,mean_degree,1,10,617500,1.9534726626170915,38600
14,laws,clustered_integer,2000,51918,42,667,selected_grid,2,0,473900,25.355098424438538,50774700
14,laws,clustered_integer,2000,51918,42,667,mean_ring,2,1,540600,50.710196848877075,38600
14,laws,clustered_integer,2000,51918,42,667,caliber,2,2,888400,0,70400
14,laws,clustered_integer,2000,51918,42,667,mean_degree,2,3,603400,1.9534726626170915,38600
14,laws,clustered_integer,2000,51918,42,667,std_binary,2,4,961700,0,0
14,laws,clustered_integer,2000,51918,42,667,radix,2,5,452800,0,0
14,laws,clustered_integer,2000,51918,42,667,binary,2,6,858400,0,0
14,laws,clustered_integer,2000,51918,42,667,mean_map,2,7,528200,50.710196848877075,38600
14,laws,clustered_integer,2000,51918,42,667,degree4,2,8,889100,0,122900
14,laws,clustered_integer,2000,51918,42,667,fourary,2,9,1055100,0,0
14,laws,clustered_integer,2000,51918,42,667,max_maxdegree,2,10,674200,2.5641025641025643,63100
14,laws,clustered_integer,2000,51918,42,667,max_maxdegree,3,0,609000,2.5641025641025643,63100
14,laws,clustered_integer,2000,51918,42,667,fourary,3,1,935500,0,0
14,laws,clustered_integer,2000,51918,42,667,degree4,3,2,917500,0,122900
14,laws,clustered_integer,2000,51918,42,667,mean_map,3,3,533000,50.710196848877075,38600
14,laws,clustered_integer,2000,51918,42,667,binary,3,4,859700,0,0
14,laws,clustered_integer,2000,51918,42,667,radix,3,5,446500,0,0
14,laws,clustered_integer,2000,51918,42,667,std_binary,3,6,845000,0,0
14,laws,clustered_integer,2000,51918,42,667,mean_degree,3,7,684300,1.9534726626170915,38600
14,laws,clustered_integer,2000,51918,42,667,caliber,3,8,839900,0,70400
14,laws,clustered_integer,2000,51918,42,667,mean_ring,3,9,562800,50.710196848877075,38600
14,laws,clustered_integer,2000,51918,42,667,selected_grid,3,10,610900,25.355098424438538,50774700
14,laws,clustered_integer,2000,51918,42,667,std_binary,4,0,861300,0,0
14,laws,clustered_integer,2000,51918,42,667,max_maxdegree,4,1,685800,2.5641025641025643,63100
14,laws,clustered_integer,2000,51918,42,667,fourary,4,2,978800,0,0
14,laws,clustered_integer,2000,51918,42,667,mean_map,4,3,505400,50.710196848877075,38600
14,laws,clustered_integer,2000,51918,42,667,radix,4,4,480700,0,0
14,laws,clustered_integer,2000,51918,42,667,mean_degree,4,5,626800,1.9534726626170915,38600
14,laws,clustered_integer,2000,51918,42,667,selected_grid,4,6,547900,25.355098424438538,50774700
14,laws,clustered_integer,2000,51918,42,667,degree4,4,7,963700,0,122900
14,laws,clustered_integer,2000,51918,42,667,mean_ring,4,8,945500,50.710196848877075,38600
14,laws,clustered_integer,2000,51918,42,667,binary,4,9,990100,0,0
14,laws,clustered_integer,2000,51918,42,667,caliber,4,10,825200,0,70400
14,laws,clustered_integer,2000,51918,42,667,caliber,5,0,777900,0,70400
14,laws,clustered_integer,2000,51918,42,667,binary,5,1,893400,0,0
14,laws,clustered_integer,2000,51918,42,667,mean_ring,5,2,546000,50.710196848877075,38600
14,laws,clustered_integer,2000,51918,42,667,degree4,5,3,901200,0,122900
14,laws,clustered_integer,2000,51918,42,667,selected_grid,5,4,618600,25.355098424438538,50774700
14,laws,clustered_integer,2000,51918,42,667,mean_degree,5,5,777700,1.9534726626170915,38600
14,laws,clustered_integer,2000,51918,42,667,radix,5,6,567500,0,0
14,laws,clustered_integer,2000,51918,42,667,mean_map,5,7,638300,50.710196848877075,38600
14,laws,clustered_integer,2000,51918,42,667,fourary,5,8,1151700,0,0
14,laws,clustered_integer,2000,51918,42,667,max_maxdegree,5,9,640700,2.5641025641025643,63100
14,laws,clustered_integer,2000,51918,42,667,std_binary,5,10,998900,0,0
14,laws,clustered_integer,2000,51918,42,667,mean_ring,6,0,518900,50.710196848877075,38600
14,laws,clustered_integer,2000,51918,42,667,selected_grid,6,1,491300,25.355098424438538,50774700
14,laws,clustered_integer,2000,51918,42,667,caliber,6,2,873300,0,70400
14,laws,clustered_integer,2000,51918,42,667,degree4,6,3,930400,0,122900
14,laws,clustered_integer,2000,51918,42,667,radix,6,4,467600,0,0
14,laws,clustered_integer,2000,51918,42,667,fourary,6,5,1006200,0,0
14,laws,clustered_integer,2000,51918,42,667,mean_degree,6,6,656300,1.9534726626170915,38600
14,laws,clustered_integer,2000,51918,42,667,max_maxdegree,6,7,777800,2.5641025641025643,63100
14,laws,clustered_integer,2000,51918,42,667,std_binary,6,8,946400,0,0
14,laws,clustered_integer,2000,51918,42,667,mean_map,6,9,537100,50.710196848877075,38600
14,laws,clustered_integer,2000,51918,42,667,binary,6,10,1110900,0,0
14,laws,clustered_integer,2000,51918,42,667,binary,7,0,864800,0,0
14,laws,clustered_integer,2000,51918,42,667,mean_map,7,1,546800,50.710196848877075,38600
14,laws,clustered_integer,2000,51918,42,667,std_binary,7,2,874200,0,0
14,laws,clustered_integer,2000,51918,42,667,max_maxdegree,7,3,709500,2.5641025641025643,63100
14,laws,clustered_integer,2000,51918,42,667,mean_degree,7,4,702800,1.9534726626170915,38600
14,laws,clustered_integer,2000,51918,42,667,fourary,7,5,1105400,0,0
14,laws,clustered_integer,2000,51918,42,667,radix,7,6,454100,0,0
14,laws,clustered_integer,2000,51918,42,667,degree4,7,7,1039600,0,122900
14,laws,clustered_integer,2000,51918,42,667,caliber,7,8,811500,0,70400
14,laws,clustered_integer,2000,51918,42,667,selected_grid,7,9,772200,25.355098424438538,50774700
14,laws,clustered_integer,2000,51918,42,667,mean_ring,7,10,513900,50.710196848877075,38600
14,laws,clustered_integer,2000,51918,42,1333,binary,0,0,1175400,0,0
14,laws,clustered_integer,2000,51918,42,1333,radix,0,1,623500,0,0
14,laws,clustered_integer,2000,51918,42,1333,max_maxdegree,0,2,814200,2.5641025641025643,63100
14,laws,clustered_integer,2000,51918,42,1333,mean_map,0,3,550900,50.710196848877075,38600
14,laws,clustered_integer,2000,51918,42,1333,mean_ring,0,4,515500,50.710196848877075,38600
14,laws,clustered_integer,2000,51918,42,1333,selected_grid,0,5,515000,25.355098424438538,50774700
14,laws,clustered_integer,2000,51918,42,1333,degree4,0,6,1011000,0,122900
14,laws,clustered_integer,2000,51918,42,1333,mean_degree,0,7,674200,1.9534726626170915,38600
14,laws,clustered_integer,2000,51918,42,1333,fourary,0,8,1180900,0,0
14,laws,clustered_integer,2000,51918,42,1333,caliber,0,9,842100,0,70400
14,laws,clustered_integer,2000,51918,42,1333,std_binary,0,10,921000,0,0
14,laws,clustered_integer,2000,51918,42,1333,std_binary,1,0,875700,0,0
14,laws,clustered_integer,2000,51918,42,1333,caliber,1,1,1063300,0,70400
14,laws,clustered_integer,2000,51918,42,1333,fourary,1,2,1016200,0,0
14,laws,clustered_integer,2000,51918,42,1333,mean_degree,1,3,685900,1.9534726626170915,38600
14,laws,clustered_integer,2000,51918,42,1333,degree4,1,4,1079500,0,122900
14,laws,clustered_integer,2000,51918,42,1333,selected_grid,1,5,503200,25.355098424438538,50774700
14,laws,clustered_integer,2000,51918,42,1333,mean_ring,1,6,538200,50.710196848877075,38600
14,laws,clustered_integer,2000,51918,42,1333,mean_map,1,7,535600,50.710196848877075,38600
14,laws,clustered_integer,2000,51918,42,1333,max_maxdegree,1,8,683000,2.5641025641025643,63100
14,laws,clustered_integer,2000,51918,42,1333,radix,1,9,693800,0,0
14,laws,clustered_integer,2000,51918,42,1333,binary,1,10,976700,0,0
14,laws,clustered_integer,2000,51918,42,1333,mean_ring,2,0,544100,50.710196848877075,38600
14,laws,clustered_integer,2000,51918,42,1333,mean_degree,2,1,722500,1.9534726626170915,38600
14,laws,clustered_integer,2000,51918,42,1333,selected_grid,2,2,535600,25.355098424438538,50774700
14,laws,clustered_integer,2000,51918,42,1333,binary,2,3,1109900,0,0
14,laws,clustered_integer,2000,51918,42,1333,caliber,2,4,892700,0,70400
14,laws,clustered_integer,2000,51918,42,1333,degree4,2,5,1047200,0,122900
14,laws,clustered_integer,2000,51918,42,1333,fourary,2,6,1033500,0,0
14,laws,clustered_integer,2000,51918,42,1333,radix,2,7,512200,0,0
14,laws,clustered_integer,2000,51918,42,1333,mean_map,2,8,561500,50.710196848877075,38600
14,laws,clustered_integer,2000,51918,42,1333,max_maxdegree,2,9,687200,2.5641025641025643,63100
14,laws,clustered_integer,2000,51918,42,1333,std_binary,2,10,941800,0,0
14,laws,clustered_integer,2000,51918,42,1333,std_binary,3,0,998400,0,0
14,laws,clustered_integer,2000,51918,42,1333,max_maxdegree,3,1,696100,2.5641025641025643,63100
14,laws,clustered_integer,2000,51918,42,1333,mean_map,3,2,541700,50.710196848877075,38600
14,laws,clustered_integer,2000,51918,42,1333,radix,3,3,486100,0,0
14,laws,clustered_integer,2000,51918,42,1333,fourary,3,4,1181400,0,0
14,laws,clustered_integer,2000,51918,42,1333,degree4,3,5,1100000,0,122900
14,laws,clustered_integer,2000,51918,42,1333,caliber,3,6,963800,0,70400
14,laws,clustered_integer,2000,51918,42,1333,binary,3,7,1088200,0,0
14,laws,clustered_integer,2000,51918,42,1333,selected_grid,3,8,515700,25.355098424438538,50774700
14,laws,clustered_integer,2000,51918,42,1333,mean_degree,3,9,711700,1.9534726626170915,38600
14,laws,clustered_integer,2000,51918,42,1333,mean_ring,3,10,541700,50.710196848877075,38600
14,laws,clustered_integer,2000,51918,42,1333,selected_grid,4,0,495400,25.355098424438538,50774700
14,laws,clustered_integer,2000,51918,42,1333,std_binary,4,1,918200,0,0
14,laws,clustered_integer,2000,51918,42,1333,mean_degree,4,2,693800,1.9534726626170915,38600
14,laws,clustered_integer,2000,51918,42,1333,binary,4,3,953300,0,0
14,laws,clustered_integer,2000,51918,42,1333,caliber,4,4,863500,0,70400
14,laws,clustered_integer,2000,51918,42,1333,fourary,4,5,981400,0,0
14,laws,clustered_integer,2000,51918,42,1333,mean_ring,4,6,540800,50.710196848877075,38600
14,laws,clustered_integer,2000,51918,42,1333,max_maxdegree,4,7,659700,2.5641025641025643,63100
14,laws,clustered_integer,2000,51918,42,1333,mean_map,4,8,556500,50.710196848877075,38600
14,laws,clustered_integer,2000,51918,42,1333,degree4,4,9,1024800,0,122900
14,laws,clustered_integer,2000,51918,42,1333,radix,4,10,535300,0,0
14,laws,clustered_integer,2000,51918,42,1333,radix,5,0,591700,0,0
14,laws,clustered_integer,2000,51918,42,1333,degree4,5,1,987800,0,122900
14,laws,clustered_integer,2000,51918,42,1333,mean_map,5,2,680400,50.710196848877075,38600
14,laws,clustered_integer,2000,51918,42,1333,max_maxdegree,5,3,656600,2.5641025641025643,63100
14,laws,clustered_integer,2000,51918,42,1333,mean_ring,5,4,610500,50.710196848877075,38600
14,laws,clustered_integer,2000,51918,42,1333,fourary,5,5,2450400,0,0
14,laws,clustered_integer,2000,51918,42,1333,caliber,5,6,1374400,0,70400
14,laws,clustered_integer,2000,51918,42,1333,binary,5,7,982900,0,0
14,laws,clustered_integer,2000,51918,42,1333,mean_degree,5,8,705400,1.9534726626170915,38600
14,laws,clustered_integer,2000,51918,42,1333,std_binary,5,9,999200,0,0
14,laws,clustered_integer,2000,51918,42,1333,selected_grid,5,10,569100,25.355098424438538,50774700
14,laws,clustered_integer,2000,51918,42,1333,selected_grid,6,0,533000,25.355098424438538,50774700
14,laws,clustered_integer,2000,51918,42,1333,fourary,6,1,1026300,0,0
14,laws,clustered_integer,2000,51918,42,1333,max_maxdegree,6,2,677300,2.5641025641025643,63100
14,laws,clustered_integer,2000,51918,42,1333,caliber,6,3,937500,0,70400
14,laws,clustered_integer,2000,51918,42,1333,degree4,6,4,1052700,0,122900
14,laws,clustered_integer,2000,51918,42,1333,radix,6,5,517500,0,0
14,laws,clustered_integer,2000,51918,42,1333,binary,6,6,1021300,0,0
14,laws,clustered_integer,2000,51918,42,1333,mean_degree,6,7,885700,1.9534726626170915,38600
14,laws,clustered_integer,2000,51918,42,1333,std_binary,6,8,1210500,0,0
14,laws,clustered_integer,2000,51918,42,1333,mean_ring,6,9,540800,50.710196848877075,38600
14,laws,clustered_integer,2000,51918,42,1333,mean_map,6,10,569500,50.710196848877075,38600
14,laws,clustered_integer,2000,51918,42,1333,mean_map,7,0,661200,50.710196848877075,38600
14,laws,clustered_integer,2000,51918,42,1333,mean_ring,7,1,527000,50.710196848877075,38600
14,laws,clustered_integer,2000,51918,42,1333,std_binary,7,2,964400,0,0
14,laws,clustered_integer,2000,51918,42,1333,mean_degree,7,3,841500,1.9534726626170915,38600
14,laws,clustered_integer,2000,51918,42,1333,binary,7,4,988000,0,0
14,laws,clustered_integer,2000,51918,42,1333,radix,7,5,554400,0,0
14,laws,clustered_integer,2000,51918,42,1333,degree4,7,6,1011700,0,122900
14,laws,clustered_integer,2000,51918,42,1333,caliber,7,7,930100,0,70400
14,laws,clustered_integer,2000,51918,42,1333,max_maxdegree,7,8,662500,2.5641025641025643,63100
14,laws,clustered_integer,2000,51918,42,1333,fourary,7,9,1161000,0,0
14,laws,clustered_integer,2000,51918,42,1333,selected_grid,7,10,506300,25.355098424438538,50774700
15,calibration,clustered_shuffle,2000,51918,42,0,grid_0.75,0,0,500600,7.248031327969093,38600
15,calibration,clustered_shuffle,2000,51918,42,0,grid_1,0,1,502300,9.664041770625458,38600
15,calibration,clustered_shuffle,2000,51918,42,0,grid_0.1,0,2,555700,0.9664041770625458,38600
15,calibration,clustered_shuffle,2000,51918,42,0,grid_2,0,3,544500,19.328083541250916,38600
15,calibration,clustered_shuffle,2000,51918,42,0,grid_16,0,4,510200,154.62466833000732,38600
15,calibration,clustered_shuffle,2000,51918,42,0,grid_0.25,0,5,527900,2.4160104426563644,38600
15,calibration,clustered_shuffle,2000,51918,42,0,grid_0.5,0,6,503600,4.832020885312729,38600
15,calibration,clustered_shuffle,2000,51918,42,0,grid_0.03125,0,7,652400,0.30200130533204556,38600
15,calibration,clustered_shuffle,2000,51918,42,0,grid_1.5,0,8,519300,14.496062655938186,38600
15,calibration,clustered_shuffle,2000,51918,42,0,grid_4,0,9,577000,38.65616708250183,38600
15,calibration,clustered_shuffle,2000,51918,42,0,grid_8,0,10,527200,77.31233416500366,38600
15,calibration,clustered_shuffle,2000,51918,42,0,grid_0.05,0,11,631300,0.4832020885312729,38600
15,calibration,clustered_shuffle,2000,51918,42,0,grid_0.05,1,0,591200,0.4832020885312729,38600
15,calibration,clustered_shuffle,2000,51918,42,0,grid_8,1,1,554700,77.31233416500366,38600
15,calibration,clustered_shuffle,2000,51918,42,0,grid_4,1,2,561000,38.65616708250183,38600
15,calibration,clustered_shuffle,2000,51918,42,0,grid_1.5,1,3,527700,14.496062655938186,38600
15,calibration,clustered_shuffle,2000,51918,42,0,grid_0.03125,1,4,634700,0.30200130533204556,38600
15,calibration,clustered_shuffle,2000,51918,42,0,grid_0.5,1,5,486800,4.832020885312729,38600
15,calibration,clustered_shuffle,2000,51918,42,0,grid_0.25,1,6,515700,2.4160104426563644,38600
15,calibration,clustered_shuffle,2000,51918,42,0,grid_16,1,7,510000,154.62466833000732,38600
15,calibration,clustered_shuffle,2000,51918,42,0,grid_2,1,8,519400,19.328083541250916,38600
15,calibration,clustered_shuffle,2000,51918,42,0,grid_0.1,1,9,540700,0.9664041770625458,38600
15,calibration,clustered_shuffle,2000,51918,42,0,grid_1,1,10,510300,9.664041770625458,38600
15,calibration,clustered_shuffle,2000,51918,42,0,grid_0.75,1,11,497100,7.248031327969093,38600
15,calibration,clustered_shuffle,2000,51918,42,0,grid_1,2,0,487400,9.664041770625458,38600
15,calibration,clustered_shuffle,2000,51918,42,0,grid_0.75,2,1,488700,7.248031327969093,38600
15,calibration,clustered_shuffle,2000,51918,42,0,grid_1.5,2,2,513700,14.496062655938186,38600
15,calibration,clustered_shuffle,2000,51918,42,0,grid_4,2,3,538900,38.65616708250183,38600
15,calibration,clustered_shuffle,2000,51918,42,0,grid_0.03125,2,4,644100,0.30200130533204556,38600
15,calibration,clustered_shuffle,2000,51918,42,0,grid_0.05,2,5,603900,0.4832020885312729,38600
15,calibration,clustered_shuffle,2000,51918,42,0,grid_0.25,2,6,512400,2.4160104426563644,38600
15,calibration,clustered_shuffle,2000,51918,42,0,grid_16,2,7,500400,154.62466833000732,38600
15,calibration,clustered_shuffle,2000,51918,42,0,grid_0.1,2,8,519800,0.9664041770625458,38600
15,calibration,clustered_shuffle,2000,51918,42,0,grid_0.5,2,9,505100,4.832020885312729,38600
15,calibration,clustered_shuffle,2000,51918,42,0,grid_8,2,10,513800,77.31233416500366,38600
15,calibration,clustered_shuffle,2000,51918,42,0,grid_2,2,11,530500,19.328083541250916,38600
15,calibration,clustered_shuffle,2000,51918,42,0,grid_2,3,0,527800,19.328083541250916,38600
15,calibration,clustered_shuffle,2000,51918,42,0,grid_8,3,1,549000,77.31233416500366,38600
15,calibration,clustered_shuffle,2000,51918,42,0,grid_0.5,3,2,482000,4.832020885312729,38600
15,calibration,clustered_shuffle,2000,51918,42,0,grid_0.1,3,3,534500,0.9664041770625458,38600
15,calibration,clustered_shuffle,2000,51918,42,0,grid_16,3,4,523400,154.62466833000732,38600
15,calibration,clustered_shuffle,2000,51918,42,0,grid_0.25,3,5,525300,2.4160104426563644,38600
15,calibration,clustered_shuffle,2000,51918,42,0,grid_0.05,3,6,633000,0.4832020885312729,38600
15,calibration,clustered_shuffle,2000,51918,42,0,grid_0.03125,3,7,626200,0.30200130533204556,38600
15,calibration,clustered_shuffle,2000,51918,42,0,grid_4,3,8,529800,38.65616708250183,38600
15,calibration,clustered_shuffle,2000,51918,42,0,grid_1.5,3,9,574100,14.496062655938186,38600
15,calibration,clustered_shuffle,2000,51918,42,0,grid_0.75,3,10,486100,7.248031327969093,38600
15,calibration,clustered_shuffle,2000,51918,42,0,grid_1,3,11,480100,9.664041770625458,38600
15,calibration,clustered_shuffle,2000,51918,42,0,grid_0.03125,4,0,642100,0.30200130533204556,38600
15,calibration,clustered_shuffle,2000,51918,42,0,grid_0.1,4,1,536800,0.9664041770625458,38600
15,calibration,clustered_shuffle,2000,51918,42,0,grid_4,4,2,518100,38.65616708250183,38600
15,calibration,clustered_shuffle,2000,51918,42,0,grid_2,4,3,528500,19.328083541250916,38600
15,calibration,clustered_shuffle,2000,51918,42,0,grid_0.5,4,4,476900,4.832020885312729,38600
15,calibration,clustered_shuffle,2000,51918,42,0,grid_8,4,5,508800,77.31233416500366,38600
15,calibration,clustered_shuffle,2000,51918,42,0,grid_0.05,4,6,603100,0.4832020885312729,38600
15,calibration,clustered_shuffle,2000,51918,42,0,grid_0.75,4,7,484200,7.248031327969093,38600
15,calibration,clustered_shuffle,2000,51918,42,0,grid_1.5,4,8,498300,14.496062655938186,38600
15,calibration,clustered_shuffle,2000,51918,42,0,grid_0.25,4,9,494100,2.4160104426563644,38600
15,calibration,clustered_shuffle,2000,51918,42,0,grid_16,4,10,494600,154.62466833000732,38600
15,calibration,clustered_shuffle,2000,51918,42,0,grid_1,4,11,481500,9.664041770625458,38600
15,calibration,clustered_shuffle,2000,51918,42,0,grid_1,5,0,479300,9.664041770625458,38600
15,calibration,clustered_shuffle,2000,51918,42,0,grid_16,5,1,506900,154.62466833000732,38600
15,calibration,clustered_shuffle,2000,51918,42,0,grid_0.25,5,2,480500,2.4160104426563644,38600
15,calibration,clustered_shuffle,2000,51918,42,0,grid_1.5,5,3,488200,14.496062655938186,38600
15,calibration,clustered_shuffle,2000,51918,42,0,grid_0.75,5,4,496000,7.248031327969093,38600
15,calibration,clustered_shuffle,2000,51918,42,0,grid_0.05,5,5,569300,0.4832020885312729,38600
15,calibration,clustered_shuffle,2000,51918,42,0,grid_8,5,6,499900,77.31233416500366,38600
15,calibration,clustered_shuffle,2000,51918,42,0,grid_0.5,5,7,446800,4.832020885312729,38600
15,calibration,clustered_shuffle,2000,51918,42,0,grid_2,5,8,511300,19.328083541250916,38600
15,calibration,clustered_shuffle,2000,51918,42,0,grid_4,5,9,497900,38.65616708250183,38600
15,calibration,clustered_shuffle,2000,51918,42,0,grid_0.1,5,10,523100,0.9664041770625458,38600
15,calibration,clustered_shuffle,2000,51918,42,0,grid_0.03125,5,11,632400,0.30200130533204556,38600
15,laws,clustered_shuffle,2000,51918,42,667,mean_degree,0,0,594800,0.3722809727117939,38600
15,laws,clustered_shuffle,2000,51918,42,667,selected_grid,0,1,539100,4.832020885312729,38362000
15,laws,clustered_shuffle,2000,51918,42,667,degree4,0,2,678400,0,128700
15,laws,clustered_shuffle,2000,51918,42,667,max_maxdegree,0,3,479700,2.56234036640506,63900
15,laws,clustered_shuffle,2000,51918,42,667,mean_ring,0,4,507300,9.664041770625458,38600
15,laws,clustered_shuffle,2000,51918,42,667,binary,0,5,671100,0,0
15,laws,clustered_shuffle,2000,51918,42,667,caliber,0,6,630900,0,72000
15,laws,clustered_shuffle,2000,51918,42,667,std_binary,0,7,695400,0,0
15,laws,clustered_shuffle,2000,51918,42,667,fourary,0,8,662000,0,0
15,laws,clustered_shuffle,2000,51918,42,667,mean_map,0,9,479900,9.664041770625458,38600
15,laws,clustered_shuffle,2000,51918,42,667,mean_map,1,0,451200,9.664041770625458,38600
15,laws,clustered_shuffle,2000,51918,42,667,fourary,1,1,677100,0,0
15,laws,clustered_shuffle,2000,51918,42,667,std_binary,1,2,659900,0,0
15,laws,clustered_shuffle,2000,51918,42,667,caliber,1,3,625700,0,72000
15,laws,clustered_shuffle,2000,51918,42,667,binary,1,4,674400,0,0
15,laws,clustered_shuffle,2000,51918,42,667,mean_ring,1,5,458000,9.664041770625458,38600
15,laws,clustered_shuffle,2000,51918,42,667,max_maxdegree,1,6,472600,2.56234036640506,63900
15,laws,clustered_shuffle,2000,51918,42,667,degree4,1,7,677500,0,128700
15,laws,clustered_shuffle,2000,51918,42,667,selected_grid,1,8,456300,4.832020885312729,38362000
15,laws,clustered_shuffle,2000,51918,42,667,mean_degree,1,9,600900,0.3722809727117939,38600
15,laws,clustered_shuffle,2000,51918,42,667,mean_degree,2,0,567000,0.3722809727117939,38600
15,laws,clustered_shuffle,2000,51918,42,667,max_maxdegree,2,1,471200,2.56234036640506,63900
15,laws,clustered_shuffle,2000,51918,42,667,binary,2,2,653400,0,0
15,laws,clustered_shuffle,2000,51918,42,667,degree4,2,3,674800,0,128700
15,laws,clustered_shuffle,2000,51918,42,667,caliber,2,4,638000,0,72000
15,laws,clustered_shuffle,2000,51918,42,667,selected_grid,2,5,450200,4.832020885312729,38362000
15,laws,clustered_shuffle,2000,51918,42,667,std_binary,2,6,703300,0,0
15,laws,clustered_shuffle,2000,51918,42,667,mean_map,2,7,460100,9.664041770625458,38600
15,laws,clustered_shuffle,2000,51918,42,667,mean_ring,2,8,454800,9.664041770625458,38600
15,laws,clustered_shuffle,2000,51918,42,667,fourary,2,9,637100,0,0
15,laws,clustered_shuffle,2000,51918,42,667,fourary,3,0,619300,0,0
15,laws,clustered_shuffle,2000,51918,42,667,mean_ring,3,1,455900,9.664041770625458,38600
15,laws,clustered_shuffle,2000,51918,42,667,mean_map,3,2,455900,9.664041770625458,38600
15,laws,clustered_shuffle,2000,51918,42,667,std_binary,3,3,670400,0,0
15,laws,clustered_shuffle,2000,51918,42,667,selected_grid,3,4,521000,4.832020885312729,38362000
15,laws,clustered_shuffle,2000,51918,42,667,caliber,3,5,635600,0,72000
15,laws,clustered_shuffle,2000,51918,42,667,degree4,3,6,657800,0,128700
15,laws,clustered_shuffle,2000,51918,42,667,binary,3,7,1102600,0,0
15,laws,clustered_shuffle,2000,51918,42,667,max_maxdegree,3,8,486200,2.56234036640506,63900
15,laws,clustered_shuffle,2000,51918,42,667,mean_degree,3,9,590300,0.3722809727117939,38600
15,laws,clustered_shuffle,2000,51918,42,667,caliber,4,0,649900,0,72000
15,laws,clustered_shuffle,2000,51918,42,667,mean_map,4,1,465400,9.664041770625458,38600
15,laws,clustered_shuffle,2000,51918,42,667,fourary,4,2,633400,0,0
15,laws,clustered_shuffle,2000,51918,42,667,max_maxdegree,4,3,472300,2.56234036640506,63900
15,laws,clustered_shuffle,2000,51918,42,667,mean_ring,4,4,464600,9.664041770625458,38600
15,laws,clustered_shuffle,2000,51918,42,667,mean_degree,4,5,583600,0.3722809727117939,38600
15,laws,clustered_shuffle,2000,51918,42,667,selected_grid,4,6,450900,4.832020885312729,38362000
15,laws,clustered_shuffle,2000,51918,42,667,std_binary,4,7,694300,0,0
15,laws,clustered_shuffle,2000,51918,42,667,degree4,4,8,690000,0,128700
15,laws,clustered_shuffle,2000,51918,42,667,binary,4,9,641900,0,0
15,laws,clustered_shuffle,2000,51918,42,667,binary,5,0,633100,0,0
15,laws,clustered_shuffle,2000,51918,42,667,degree4,5,1,680500,0,128700
15,laws,clustered_shuffle,2000,51918,42,667,std_binary,5,2,1061000,0,0
15,laws,clustered_shuffle,2000,51918,42,667,selected_grid,5,3,466100,4.832020885312729,38362000
15,laws,clustered_shuffle,2000,51918,42,667,mean_degree,5,4,615500,0.3722809727117939,38600
15,laws,clustered_shuffle,2000,51918,42,667,mean_ring,5,5,500000,9.664041770625458,38600
15,laws,clustered_shuffle,2000,51918,42,667,max_maxdegree,5,6,516100,2.56234036640506,63900
15,laws,clustered_shuffle,2000,51918,42,667,fourary,5,7,662500,0,0
15,laws,clustered_shuffle,2000,51918,42,667,mean_map,5,8,464900,9.664041770625458,38600
15,laws,clustered_shuffle,2000,51918,42,667,caliber,5,9,640100,0,72000
15,laws,clustered_shuffle,2000,51918,42,667,std_binary,6,0,681400,0,0
15,laws,clustered_shuffle,2000,51918,42,667,mean_degree,6,1,595600,0.3722809727117939,38600
15,laws,clustered_shuffle,2000,51918,42,667,binary,6,2,653300,0,0
15,laws,clustered_shuffle,2000,51918,42,667,selected_grid,6,3,614600,4.832020885312729,38362000
15,laws,clustered_shuffle,2000,51918,42,667,max_maxdegree,6,4,505100,2.56234036640506,63900
15,laws,clustered_shuffle,2000,51918,42,667,mean_map,6,5,489900,9.664041770625458,38600
15,laws,clustered_shuffle,2000,51918,42,667,mean_ring,6,6,477200,9.664041770625458,38600
15,laws,clustered_shuffle,2000,51918,42,667,fourary,6,7,649900,0,0
15,laws,clustered_shuffle,2000,51918,42,667,caliber,6,8,627200,0,72000
15,laws,clustered_shuffle,2000,51918,42,667,degree4,6,9,729800,0,128700
15,laws,clustered_shuffle,2000,51918,42,667,degree4,7,0,663900,0,128700
15,laws,clustered_shuffle,2000,51918,42,667,caliber,7,1,624900,0,72000
15,laws,clustered_shuffle,2000,51918,42,667,fourary,7,2,636700,0,0
15,laws,clustered_shuffle,2000,51918,42,667,mean_ring,7,3,476800,9.664041770625458,38600
15,laws,clustered_shuffle,2000,51918,42,667,mean_map,7,4,462700,9.664041770625458,38600
15,laws,clustered_shuffle,2000,51918,42,667,max_maxdegree,7,5,482400,2.56234036640506,63900
15,laws,clustered_shuffle,2000,51918,42,667,selected_grid,7,6,453500,4.832020885312729,38362000
15,laws,clustered_shuffle,2000,51918,42,667,binary,7,7,658000,0,0
15,laws,clustered_shuffle,2000,51918,42,667,mean_degree,7,8,579700,0.3722809727117939,38600
15,laws,clustered_shuffle,2000,51918,42,667,std_binary,7,9,683500,0,0
15,laws,clustered_shuffle,2000,51918,42,1333,mean_degree,0,0,633100,0.3722809727117939,38600
15,laws,clustered_shuffle,2000,51918,42,1333,mean_map,0,1,465900,9.664041770625458,38600
15,laws,clustered_shuffle,2000,51918,42,1333,degree4,0,2,796200,0,128700
15,laws,clustered_shuffle,2000,51918,42,1333,selected_grid,0,3,471900,4.832020885312729,38362000
15,laws,clustered_shuffle,2000,51918,42,1333,mean_ring,0,4,458800,9.664041770625458,38600
15,laws,clustered_shuffle,2000,51918,42,1333,binary,0,5,673900,0,0
15,laws,clustered_shuffle,2000,51918,42,1333,caliber,0,6,633200,0,72000
15,laws,clustered_shuffle,2000,51918,42,1333,fourary,0,7,663900,0,0
15,laws,clustered_shuffle,2000,51918,42,1333,max_maxdegree,0,8,489900,2.56234036640506,63900
15,laws,clustered_shuffle,2000,51918,42,1333,std_binary,0,9,684700,0,0
15,laws,clustered_shuffle,2000,51918,42,1333,std_binary,1,0,689500,0,0
15,laws,clustered_shuffle,2000,51918,42,1333,max_maxdegree,1,1,516400,2.56234036640506,63900
15,laws,clustered_shuffle,2000,51918,42,1333,fourary,1,2,677100,0,0
15,laws,clustered_shuffle,2000,51918,42,1333,caliber,1,3,651400,0,72000
15,laws,clustered_shuffle,2000,51918,42,1333,binary,1,4,657600,0,0
15,laws,clustered_shuffle,2000,51918,42,1333,mean_ring,1,5,469000,9.664041770625458,38600
15,laws,clustered_shuffle,2000,51918,42,1333,selected_grid,1,6,455500,4.832020885312729,38362000
15,laws,clustered_shuffle,2000,51918,42,1333,degree4,1,7,724300,0,128700
15,laws,clustered_shuffle,2000,51918,42,1333,mean_map,1,8,561700,9.664041770625458,38600
15,laws,clustered_shuffle,2000,51918,42,1333,mean_degree,1,9,611500,0.3722809727117939,38600
15,laws,clustered_shuffle,2000,51918,42,1333,degree4,2,0,690700,0,128700
15,laws,clustered_shuffle,2000,51918,42,1333,mean_map,2,1,459900,9.664041770625458,38600
15,laws,clustered_shuffle,2000,51918,42,1333,fourary,2,2,656600,0,0
15,laws,clustered_shuffle,2000,51918,42,1333,max_maxdegree,2,3,477700,2.56234036640506,63900
15,laws,clustered_shuffle,2000,51918,42,1333,binary,2,4,654700,0,0
15,laws,clustered_shuffle,2000,51918,42,1333,selected_grid,2,5,449200,4.832020885312729,38362000
15,laws,clustered_shuffle,2000,51918,42,1333,mean_degree,2,6,586300,0.3722809727117939,38600
15,laws,clustered_shuffle,2000,51918,42,1333,caliber,2,7,652900,0,72000
15,laws,clustered_shuffle,2000,51918,42,1333,std_binary,2,8,677500,0,0
15,laws,clustered_shuffle,2000,51918,42,1333,mean_ring,2,9,457500,9.664041770625458,38600
15,laws,clustered_shuffle,2000,51918,42,1333,mean_ring,3,0,451000,9.664041770625458,38600
15,laws,clustered_shuffle,2000,51918,42,1333,std_binary,3,1,684900,0,0
15,laws,clustered_shuffle,2000,51918,42,1333,caliber,3,2,635300,0,72000
15,laws,clustered_shuffle,2000,51918,42,1333,mean_degree,3,3,588300,0.3722809727117939,38600
15,laws,clustered_shuffle,2000,51918,42,1333,selected_grid,3,4,435500,4.832020885312729,38362000
15,laws,clustered_shuffle,2000,51918,42,1333,binary,3,5,636000,0,0
15,laws,clustered_shuffle,2000,51918,42,1333,max_maxdegree,3,6,455300,2.56234036640506,63900
15,laws,clustered_shuffle,2000,51918,42,1333,fourary,3,7,613100,0,0
15,laws,clustered_shuffle,2000,51918,42,1333,mean_map,3,8,470800,9.664041770625458,38600
15,laws,clustered_shuffle,2000,51918,42,1333,degree4,3,9,720900,0,128700
15,laws,clustered_shuffle,2000,51918,42,1333,degree4,4,0,683900,0,128700
15,laws,clustered_shuffle,2000,51918,42,1333,mean_degree,4,1,587300,0.3722809727117939,38600
15,laws,clustered_shuffle,2000,51918,42,1333,fourary,4,2,1085800,0,0
15,laws,clustered_shuffle,2000,51918,42,1333,mean_map,4,3,486600,9.664041770625458,38600
15,laws,clustered_shuffle,2000,51918,42,1333,caliber,4,4,639800,0,72000
15,laws,clustered_shuffle,2000,51918,42,1333,std_binary,4,5,755000,0,0
15,laws,clustered_shuffle,2000,51918,42,1333,mean_ring,4,6,1391000,9.664041770625458,38600
15,laws,clustered_shuffle,2000,51918,42,1333,binary,4,7,653000,0,0
15,laws,clustered_shuffle,2000,51918,42,1333,max_maxdegree,4,8,485600,2.56234036640506,63900
15,laws,clustered_shuffle,2000,51918,42,1333,selected_grid,4,9,447100,4.832020885312729,38362000
15,laws,clustered_shuffle,2000,51918,42,1333,selected_grid,5,0,486500,4.832020885312729,38362000
15,laws,clustered_shuffle,2000,51918,42,1333,max_maxdegree,5,1,492100,2.56234036640506,63900
15,laws,clustered_shuffle,2000,51918,42,1333,binary,5,2,1619300,0,0
15,laws,clustered_shuffle,2000,51918,42,1333,mean_ring,5,3,461500,9.664041770625458,38600
15,laws,clustered_shuffle,2000,51918,42,1333,std_binary,5,4,694900,0,0
15,laws,clustered_shuffle,2000,51918,42,1333,caliber,5,5,654500,0,72000
15,laws,clustered_shuffle,2000,51918,42,1333,mean_map,5,6,504400,9.664041770625458,38600
15,laws,clustered_shuffle,2000,51918,42,1333,fourary,5,7,643900,0,0
15,laws,clustered_shuffle,2000,51918,42,1333,mean_degree,5,8,605100,0.3722809727117939,38600
15,laws,clustered_shuffle,2000,51918,42,1333,degree4,5,9,686200,0,128700
15,laws,clustered_shuffle,2000,51918,42,1333,degree4,6,0,677800,0,128700
15,laws,clustered_shuffle,2000,51918,42,1333,mean_map,6,1,480900,9.664041770625458,38600
15,laws,clustered_shuffle,2000,51918,42,1333,selected_grid,6,2,458500,4.832020885312729,38362000
15,laws,clustered_shuffle,2000,51918,42,1333,fourary,6,3,645500,0,0
15,laws,clustered_shuffle,2000,51918,42,1333,mean_degree,6,4,597300,0.3722809727117939,38600
15,laws,clustered_shuffle,2000,51918,42,1333,mean_ring,6,5,467200,9.664041770625458,38600
15,laws,clustered_shuffle,2000,51918,42,1333,binary,6,6,649700,0,0
15,laws,clustered_shuffle,2000,51918,42,1333,caliber,6,7,641000,0,72000
15,laws,clustered_shuffle,2000,51918,42,1333,std_binary,6,8,682200,0,0
15,laws,clustered_shuffle,2000,51918,42,1333,max_maxdegree,6,9,541300,2.56234036640506,63900
15,laws,clustered_shuffle,2000,51918,42,1333,max_maxdegree,7,0,493500,2.56234036640506,63900
15,laws,clustered_shuffle,2000,51918,42,1333,std_binary,7,1,789700,0,0
15,laws,clustered_shuffle,2000,51918,42,1333,caliber,7,2,959000,0,72000
15,laws,clustered_shuffle,2000,51918,42,1333,binary,7,3,800700,0,0
15,laws,clustered_shuffle,2000,51918,42,1333,mean_ring,7,4,573000,9.664041770625458,38600
15,laws,clustered_shuffle,2000,51918,42,1333,mean_degree,7,5,657000,0.3722809727117939,38600
15,laws,clustered_shuffle,2000,51918,42,1333,fourary,7,6,659700,0,0
15,laws,clustered_shuffle,2000,51918,42,1333,selected_grid,7,7,528800,4.832020885312729,38362000
15,laws,clustered_shuffle,2000,51918,42,1333,mean_map,7,8,909300,9.664041770625458,38600
15,laws,clustered_shuffle,2000,51918,42,1333,degree4,7,9,1068900,0,128700
16,calibration,clustered_scale,2000,51918,42,0,grid_0.75,0,0,534000,7421.984079840382,37600
16,calibration,clustered_scale,2000,51918,42,0,grid_1,0,1,528900,9895.978773120509,37600
16,calibration,clustered_scale,2000,51918,42,0,grid_0.1,0,2,633000,989.597877312051,37600
16,calibration,clustered_scale,2000,51918,42,0,grid_2,0,3,499000,19791.957546241018,37600
16,calibration,clustered_scale,2000,51918,42,0,grid_16,0,4,953500,158335.66036992814,37600
16,calibration,clustered_scale,2000,51918,42,0,grid_0.25,0,5,617700,2473.994693280127,37600
16,calibration,clustered_scale,2000,51918,42,0,grid_0.5,0,6,582100,4947.989386560254,37600
16,calibration,clustered_scale,2000,51918,42,0,grid_0.03125,0,7,764500,309.2493366600159,37600
16,calibration,clustered_scale,2000,51918,42,0,grid_1.5,0,8,491600,14843.968159680764,37600
16,calibration,clustered_scale,2000,51918,42,0,grid_4,0,9,506000,39583.915092482035,37600
16,calibration,clustered_scale,2000,51918,42,0,grid_8,0,10,555800,79167.83018496407,37600
16,calibration,clustered_scale,2000,51918,42,0,grid_0.05,0,11,721100,494.7989386560255,37600
16,calibration,clustered_scale,2000,51918,42,0,grid_0.05,1,0,779400,494.7989386560255,37600
16,calibration,clustered_scale,2000,51918,42,0,grid_8,1,1,654500,79167.83018496407,37600
16,calibration,clustered_scale,2000,51918,42,0,grid_4,1,2,561200,39583.915092482035,37600
16,calibration,clustered_scale,2000,51918,42,0,grid_1.5,1,3,529400,14843.968159680764,37600
16,calibration,clustered_scale,2000,51918,42,0,grid_0.03125,1,4,841300,309.2493366600159,37600
16,calibration,clustered_scale,2000,51918,42,0,grid_0.5,1,5,945000,4947.989386560254,37600
16,calibration,clustered_scale,2000,51918,42,0,grid_0.25,1,6,601400,2473.994693280127,37600
16,calibration,clustered_scale,2000,51918,42,0,grid_16,1,7,521600,158335.66036992814,37600
16,calibration,clustered_scale,2000,51918,42,0,grid_2,1,8,532600,19791.957546241018,37600
16,calibration,clustered_scale,2000,51918,42,0,grid_0.1,1,9,646900,989.597877312051,37600
16,calibration,clustered_scale,2000,51918,42,0,grid_1,1,10,692200,9895.978773120509,37600
16,calibration,clustered_scale,2000,51918,42,0,grid_0.75,1,11,546800,7421.984079840382,37600
16,calibration,clustered_scale,2000,51918,42,0,grid_1,2,0,529900,9895.978773120509,37600
16,calibration,clustered_scale,2000,51918,42,0,grid_0.75,2,1,701000,7421.984079840382,37600
16,calibration,clustered_scale,2000,51918,42,0,grid_1.5,2,2,490400,14843.968159680764,37600
16,calibration,clustered_scale,2000,51918,42,0,grid_4,2,3,480800,39583.915092482035,37600
16,calibration,clustered_scale,2000,51918,42,0,grid_0.03125,2,4,797000,309.2493366600159,37600
16,calibration,clustered_scale,2000,51918,42,0,grid_0.05,2,5,706900,494.7989386560255,37600
16,calibration,clustered_scale,2000,51918,42,0,grid_0.25,2,6,585000,2473.994693280127,37600
16,calibration,clustered_scale,2000,51918,42,0,grid_16,2,7,569000,158335.66036992814,37600
16,calibration,clustered_scale,2000,51918,42,0,grid_0.1,2,8,695800,989.597877312051,37600
16,calibration,clustered_scale,2000,51918,42,0,grid_0.5,2,9,599200,4947.989386560254,37600
16,calibration,clustered_scale,2000,51918,42,0,grid_8,2,10,559100,79167.83018496407,37600
16,calibration,clustered_scale,2000,51918,42,0,grid_2,2,11,526400,19791.957546241018,37600
16,calibration,clustered_scale,2000,51918,42,0,grid_2,3,0,482900,19791.957546241018,37600
16,calibration,clustered_scale,2000,51918,42,0,grid_8,3,1,925800,79167.83018496407,37600
16,calibration,clustered_scale,2000,51918,42,0,grid_0.5,3,2,543200,4947.989386560254,37600
16,calibration,clustered_scale,2000,51918,42,0,grid_0.1,3,3,624000,989.597877312051,37600
16,calibration,clustered_scale,2000,51918,42,0,grid_16,3,4,532900,158335.66036992814,37600
16,calibration,clustered_scale,2000,51918,42,0,grid_0.25,3,5,570000,2473.994693280127,37600
16,calibration,clustered_scale,2000,51918,42,0,grid_0.05,3,6,731600,494.7989386560255,37600
16,calibration,clustered_scale,2000,51918,42,0,grid_0.03125,3,7,840500,309.2493366600159,37600
16,calibration,clustered_scale,2000,51918,42,0,grid_4,3,8,484700,39583.915092482035,37600
16,calibration,clustered_scale,2000,51918,42,0,grid_1.5,3,9,657900,14843.968159680764,37600
16,calibration,clustered_scale,2000,51918,42,0,grid_0.75,3,10,598700,7421.984079840382,37600
16,calibration,clustered_scale,2000,51918,42,0,grid_1,3,11,507300,9895.978773120509,37600
16,calibration,clustered_scale,2000,51918,42,0,grid_0.03125,4,0,755800,309.2493366600159,37600
16,calibration,clustered_scale,2000,51918,42,0,grid_0.1,4,1,637500,989.597877312051,37600
16,calibration,clustered_scale,2000,51918,42,0,grid_4,4,2,488700,39583.915092482035,37600
16,calibration,clustered_scale,2000,51918,42,0,grid_2,4,3,478800,19791.957546241018,37600
16,calibration,clustered_scale,2000,51918,42,0,grid_0.5,4,4,791300,4947.989386560254,37600
16,calibration,clustered_scale,2000,51918,42,0,grid_8,4,5,588800,79167.83018496407,37600
16,calibration,clustered_scale,2000,51918,42,0,grid_0.05,4,6,752300,494.7989386560255,37600
16,calibration,clustered_scale,2000,51918,42,0,grid_0.75,4,7,555500,7421.984079840382,37600
16,calibration,clustered_scale,2000,51918,42,0,grid_1.5,4,8,543300,14843.968159680764,37600
16,calibration,clustered_scale,2000,51918,42,0,grid_0.25,4,9,584100,2473.994693280127,37600
16,calibration,clustered_scale,2000,51918,42,0,grid_16,4,10,546800,158335.66036992814,37600
16,calibration,clustered_scale,2000,51918,42,0,grid_1,4,11,528200,9895.978773120509,37600
16,calibration,clustered_scale,2000,51918,42,0,grid_1,5,0,551200,9895.978773120509,37600
16,calibration,clustered_scale,2000,51918,42,0,grid_16,5,1,510300,158335.66036992814,37600
16,calibration,clustered_scale,2000,51918,42,0,grid_0.25,5,2,576000,2473.994693280127,37600
16,calibration,clustered_scale,2000,51918,42,0,grid_1.5,5,3,487500,14843.968159680764,37600
16,calibration,clustered_scale,2000,51918,42,0,grid_0.75,5,4,572800,7421.984079840382,37600
16,calibration,clustered_scale,2000,51918,42,0,grid_0.05,5,5,723000,494.7989386560255,37600
16,calibration,clustered_scale,2000,51918,42,0,grid_8,5,6,537900,79167.83018496407,37600
16,calibration,clustered_scale,2000,51918,42,0,grid_0.5,5,7,610900,4947.989386560254,37600
16,calibration,clustered_scale,2000,51918,42,0,grid_2,5,8,486200,19791.957546241018,37600
16,calibration,clustered_scale,2000,51918,42,0,grid_4,5,9,495700,39583.915092482035,37600
16,calibration,clustered_scale,2000,51918,42,0,grid_0.1,5,10,603600,989.597877312051,37600
16,calibration,clustered_scale,2000,51918,42,0,grid_0.03125,5,11,770000,309.2493366600159,37600
16,laws,clustered_scale,2000,51918,42,667,mean_degree,0,0,741300,381.2157160568785,37600
16,laws,clustered_scale,2000,51918,42,667,selected_grid,0,1,455700,39583.915092482035,44316300
16,laws,clustered_scale,2000,51918,42,667,degree4,0,2,696500,0,193200
16,laws,clustered_scale,2000,51918,42,667,max_maxdegree,0,3,531500,2623.8365351987813,120600
16,laws,clustered_scale,2000,51918,42,667,mean_ring,0,4,467800,9895.978773120509,37600
16,laws,clustered_scale,2000,51918,42,667,binary,0,5,704100,0,0
16,laws,clustered_scale,2000,51918,42,667,caliber,0,6,1673300,0,99200
16,laws,clustered_scale,2000,51918,42,667,std_binary,0,7,790100,0,0
16,laws,clustered_scale,2000,51918,42,667,fourary,0,8,709300,0,0
16,laws,clustered_scale,2000,51918,42,667,mean_map,0,9,499300,9895.978773120509,37600
16,laws,clustered_scale,2000,51918,42,667,mean_map,1,0,477900,9895.978773120509,37600
16,laws,clustered_scale,2000,51918,42,667,fourary,1,1,696700,0,0
16,laws,clustered_scale,2000,51918,42,667,std_binary,1,2,750600,0,0
16,laws,clustered_scale,2000,51918,42,667,caliber,1,3,743800,0,99200
16,laws,clustered_scale,2000,51918,42,667,binary,1,4,723400,0,0
16,laws,clustered_scale,2000,51918,42,667,mean_ring,1,5,485800,9895.978773120509,37600
16,laws,clustered_scale,2000,51918,42,667,max_maxdegree,1,6,576100,2623.8365351987813,120600
16,laws,clustered_scale,2000,51918,42,667,degree4,1,7,721000,0,193200
16,laws,clustered_scale,2000,51918,42,667,selected_grid,1,8,471100,39583.915092482035,44316300
16,laws,clustered_scale,2000,51918,42,667,mean_degree,1,9,711600,381.2157160568785,37600
16,laws,clustered_scale,2000,51918,42,667,mean_degree,2,0,676600,381.2157160568785,37600
16,laws,clustered_scale,2000,51918,42,667,max_maxdegree,2,1,544600,2623.8365351987813,120600
16,laws,clustered_scale,2000,51918,42,667,binary,2,2,760400,0,0
16,laws,clustered_scale,2000,51918,42,667,degree4,2,3,784100,0,193200
16,laws,clustered_scale,2000,51918,42,667,caliber,2,4,723200,0,99200
16,laws,clustered_scale,2000,51918,42,667,selected_grid,2,5,469400,39583.915092482035,44316300
16,laws,clustered_scale,2000,51918,42,667,std_binary,2,6,747500,0,0
16,laws,clustered_scale,2000,51918,42,667,mean_map,2,7,495100,9895.978773120509,37600
16,laws,clustered_scale,2000,51918,42,667,mean_ring,2,8,462400,9895.978773120509,37600
16,laws,clustered_scale,2000,51918,42,667,fourary,2,9,728000,0,0
16,laws,clustered_scale,2000,51918,42,667,fourary,3,0,710200,0,0
16,laws,clustered_scale,2000,51918,42,667,mean_ring,3,1,453300,9895.978773120509,37600
16,laws,clustered_scale,2000,51918,42,667,mean_map,3,2,468400,9895.978773120509,37600
16,laws,clustered_scale,2000,51918,42,667,std_binary,3,3,748200,0,0
16,laws,clustered_scale,2000,51918,42,667,selected_grid,3,4,471800,39583.915092482035,44316300
16,laws,clustered_scale,2000,51918,42,667,caliber,3,5,678500,0,99200
16,laws,clustered_scale,2000,51918,42,667,degree4,3,6,757500,0,193200
16,laws,clustered_scale,2000,51918,42,667,binary,3,7,760200,0,0
16,laws,clustered_scale,2000,51918,42,667,max_maxdegree,3,8,617500,2623.8365351987813,120600
16,laws,clustered_scale,2000,51918,42,667,mean_degree,3,9,941100,381.2157160568785,37600
16,laws,clustered_scale,2000,51918,42,667,caliber,4,0,840500,0,99200
16,laws,clustered_scale,2000,51918,42,667,mean_map,4,1,606800,9895.978773120509,37600
16,laws,clustered_scale,2000,51918,42,667,fourary,4,2,1194000,0,0
16,laws,clustered_scale,2000,51918,42,667,max_maxdegree,4,3,662400,2623.8365351987813,120600
16,laws,clustered_scale,2000,51918,42,667,mean_ring,4,4,475800,9895.978773120509,37600
16,laws,clustered_scale,2000,51918,42,667,mean_degree,4,5,777400,381.2157160568785,37600
16,laws,clustered_scale,2000,51918,42,667,selected_grid,4,6,478000,39583.915092482035,44316300
16,laws,clustered_scale,2000,51918,42,667,std_binary,4,7,767800,0,0
16,laws,clustered_scale,2000,51918,42,667,degree4,4,8,727700,0,193200
16,laws,clustered_scale,2000,51918,42,667,binary,4,9,702200,0,0
16,laws,clustered_scale,2000,51918,42,667,binary,5,0,695300,0,0
16,laws,clustered_scale,2000,51918,42,667,degree4,5,1,737700,0,193200
16,laws,clustered_scale,2000,51918,42,667,std_binary,5,2,764100,0,0
16,laws,clustered_scale,2000,51918,42,667,selected_grid,5,3,467800,39583.915092482035,44316300
16,laws,clustered_scale,2000,51918,42,667,mean_degree,5,4,940100,381.2157160568785,37600
16,laws,clustered_scale,2000,51918,42,667,mean_ring,5,5,505300,9895.978773120509,37600
16,laws,clustered_scale,2000,51918,42,667,max_maxdegree,5,6,566400,2623.8365351987813,120600
16,laws,clustered_scale,2000,51918,42,667,fourary,5,7,746200,0,0
16,laws,clustered_scale,2000,51918,42,667,mean_map,5,8,501900,9895.978773120509,37600
16,laws,clustered_scale,2000,51918,42,667,caliber,5,9,683700,0,99200
16,laws,clustered_scale,2000,51918,42,667,std_binary,6,0,810700,0,0
16,laws,clustered_scale,2000,51918,42,667,mean_degree,6,1,769200,381.2157160568785,37600
16,laws,clustered_scale,2000,51918,42,667,binary,6,2,715700,0,0
16,laws,clustered_scale,2000,51918,42,667,selected_grid,6,3,462400,39583.915092482035,44316300
16,laws,clustered_scale,2000,51918,42,667,max_maxdegree,6,4,575600,2623.8365351987813,120600
16,laws,clustered_scale,2000,51918,42,667,mean_map,6,5,494800,9895.978773120509,37600
16,laws,clustered_scale,2000,51918,42,667,mean_ring,6,6,488800,9895.978773120509,37600
16,laws,clustered_scale,2000,51918,42,667,fourary,6,7,701200,0,0
16,laws,clustered_scale,2000,51918,42,667,caliber,6,8,802100,0,99200
16,laws,clustered_scale,2000,51918,42,667,degree4,6,9,741900,0,193200
16,laws,clustered_scale,2000,51918,42,667,degree4,7,0,689200,0,193200
16,laws,clustered_scale,2000,51918,42,667,caliber,7,1,645000,0,99200
16,laws,clustered_scale,2000,51918,42,667,fourary,7,2,675500,0,0
16,laws,clustered_scale,2000,51918,42,667,mean_ring,7,3,449200,9895.978773120509,37600
16,laws,clustered_scale,2000,51918,42,667,mean_map,7,4,494300,9895.978773120509,37600
16,laws,clustered_scale,2000,51918,42,667,max_maxdegree,7,5,519500,2623.8365351987813,120600
16,laws,clustered_scale,2000,51918,42,667,selected_grid,7,6,447500,39583.915092482035,44316300
16,laws,clustered_scale,2000,51918,42,667,binary,7,7,671700,0,0
16,laws,clustered_scale,2000,51918,42,667,mean_degree,7,8,707100,381.2157160568785,37600
16,laws,clustered_scale,2000,51918,42,667,std_binary,7,9,722700,0,0
16,laws,clustered_scale,2000,51918,42,1333,mean_degree,0,0,748200,381.2157160568785,37600
16,laws,clustered_scale,2000,51918,42,1333,mean_map,0,1,491900,9895.978773120509,37600
16,laws,clustered_scale,2000,51918,42,1333,degree4,0,2,760900,0,193200
16,laws,clustered_scale,2000,51918,42,1333,selected_grid,0,3,497500,39583.915092482035,44316300
16,laws,clustered_scale,2000,51918,42,1333,mean_ring,0,4,741500,9895.978773120509,37600
16,laws,clustered_scale,2000,51918,42,1333,binary,0,5,671200,0,0
16,laws,clustered_scale,2000,51918,42,1333,caliber,0,6,657600,0,99200
16,laws,clustered_scale,2000,51918,42,1333,fourary,0,7,864800,0,0
16,laws,clustered_scale,2000,51918,42,1333,max_maxdegree,0,8,566200,2623.8365351987813,120600
16,laws,clustered_scale,2000,51918,42,1333,std_binary,0,9,728100,0,0
16,laws,clustered_scale,2000,51918,42,1333,std_binary,1,0,720100,0,0
16,laws,clustered_scale,2000,51918,42,1333,max_maxdegree,1,1,553700,2623.8365351987813,120600
16,laws,clustered_scale,2000,51918,42,1333,fourary,1,2,679600,0,0
16,laws,clustered_scale,2000,51918,42,1333,caliber,1,3,800300,0,99200
16,laws,clustered_scale,2000,51918,42,1333,binary,1,4,691600,0,0
16,laws,clustered_scale,2000,51918,42,1333,mean_ring,1,5,453600,9895.978773120509,37600
16,laws,clustered_scale,2000,51918,42,1333,selected_grid,1,6,462700,39583.915092482035,44316300
16,laws,clustered_scale,2000,51918,42,1333,degree4,1,7,713200,0,193200
16,laws,clustered_scale,2000,51918,42,1333,mean_map,1,8,467100,9895.978773120509,37600
16,laws,clustered_scale,2000,51918,42,1333,mean_degree,1,9,727300,381.2157160568785,37600
16,laws,clustered_scale,2000,51918,42,1333,degree4,2,0,676400,0,193200
16,laws,clustered_scale,2000,51918,42,1333,mean_map,2,1,517700,9895.978773120509,37600
16,laws,clustered_scale,2000,51918,42,1333,fourary,2,2,896300,0,0
16,laws,clustered_scale,2000,51918,42,1333,max_maxdegree,2,3,633000,2623.8365351987813,120600
16,laws,clustered_scale,2000,51918,42,1333,binary,2,4,714300,0,0
16,laws,clustered_scale,2000,51918,42,1333,selected_grid,2,5,453300,39583.915092482035,44316300
16,laws,clustered_scale,2000,51918,42,1333,mean_degree,2,6,705100,381.2157160568785,37600
16,laws,clustered_scale,2000,51918,42,1333,caliber,2,7,688700,0,99200
16,laws,clustered_scale,2000,51918,42,1333,std_binary,2,8,817700,0,0
16,laws,clustered_scale,2000,51918,42,1333,mean_ring,2,9,455300,9895.978773120509,37600
16,laws,clustered_scale,2000,51918,42,1333,mean_ring,3,0,442300,9895.978773120509,37600
16,laws,clustered_scale,2000,51918,42,1333,std_binary,3,1,716800,0,0
16,laws,clustered_scale,2000,51918,42,1333,caliber,3,2,652100,0,99200
16,laws,clustered_scale,2000,51918,42,1333,mean_degree,3,3,709600,381.2157160568785,37600
16,laws,clustered_scale,2000,51918,42,1333,selected_grid,3,4,470400,39583.915092482035,44316300
16,laws,clustered_scale,2000,51918,42,1333,binary,3,5,683700,0,0
16,laws,clustered_scale,2000,51918,42,1333,max_maxdegree,3,6,535500,2623.8365351987813,120600
16,laws,clustered_scale,2000,51918,42,1333,fourary,3,7,716800,0,0
16,laws,clustered_scale,2000,51918,42,1333,mean_map,3,8,466900,9895.978773120509,37600
16,laws,clustered_scale,2000,51918,42,1333,degree4,3,9,690300,0,193200
16,laws,clustered_scale,2000,51918,42,1333,degree4,4,0,687400,0,193200
16,laws,clustered_scale,2000,51918,42,1333,mean_degree,4,1,704800,381.2157160568785,37600
16,laws,clustered_scale,2000,51918,42,1333,fourary,4,2,678800,0,0
16,laws,clustered_scale,2000,51918,42,1333,mean_map,4,3,468500,9895.978773120509,37600
16,laws,clustered_scale,2000,51918,42,1333,caliber,4,4,665300,0,99200
16,laws,clustered_scale,2000,51918,42,1333,std_binary,4,5,740300,0,0
16,laws,clustered_scale,2000,51918,42,1333,mean_ring,4,6,468000,9895.978773120509,37600
16,laws,clustered_scale,2000,51918,42,1333,binary,4,7,692300,0,0
16,laws,clustered_scale,2000,51918,42,1333,max_maxdegree,4,8,508700,2623.8365351987813,120600
16,laws,clustered_scale,2000,51918,42,1333,selected_grid,4,9,452400,39583.915092482035,44316300
16,laws,clustered_scale,2000,51918,42,1333,selected_grid,5,0,442500,39583.915092482035,44316300
16,laws,clustered_scale,2000,51918,42,1333,max_maxdegree,5,1,525600,2623.8365351987813,120600
16,laws,clustered_scale,2000,51918,42,1333,binary,5,2,670000,0,0
16,laws,clustered_scale,2000,51918,42,1333,mean_ring,5,3,447000,9895.978773120509,37600
16,laws,clustered_scale,2000,51918,42,1333,std_binary,5,4,694500,0,0
16,laws,clustered_scale,2000,51918,42,1333,caliber,5,5,702600,0,99200
16,laws,clustered_scale,2000,51918,42,1333,mean_map,5,6,487500,9895.978773120509,37600
16,laws,clustered_scale,2000,51918,42,1333,fourary,5,7,666300,0,0
16,laws,clustered_scale,2000,51918,42,1333,mean_degree,5,8,691800,381.2157160568785,37600
16,laws,clustered_scale,2000,51918,42,1333,degree4,5,9,684100,0,193200
16,laws,clustered_scale,2000,51918,42,1333,degree4,6,0,869700,0,193200
16,laws,clustered_scale,2000,51918,42,1333,mean_map,6,1,497100,9895.978773120509,37600
16,laws,clustered_scale,2000,51918,42,1333,selected_grid,6,2,463200,39583.915092482035,44316300
16,laws,clustered_scale,2000,51918,42,1333,fourary,6,3,1022900,0,0
16,laws,clustered_scale,2000,51918,42,1333,mean_degree,6,4,689100,381.2157160568785,37600
16,laws,clustered_scale,2000,51918,42,1333,mean_ring,6,5,455100,9895.978773120509,37600
16,laws,clustered_scale,2000,51918,42,1333,binary,6,6,653600,0,0
16,laws,clustered_scale,2000,51918,42,1333,caliber,6,7,637700,0,99200
16,laws,clustered_scale,2000,51918,42,1333,std_binary,6,8,717600,0,0
16,laws,clustered_scale,2000,51918,42,1333,max_maxdegree,6,9,567100,2623.8365351987813,120600
16,laws,clustered_scale,2000,51918,42,1333,max_maxdegree,7,0,515000,2623.8365351987813,120600
16,laws,clustered_scale,2000,51918,42,1333,std_binary,7,1,706200,0,0
16,laws,clustered_scale,2000,51918,42,1333,caliber,7,2,660000,0,99200
16,laws,clustered_scale,2000,51918,42,1333,binary,7,3,666500,0,0
16,laws,clustered_scale,2000,51918,42,1333,mean_ring,7,4,450700,9895.978773120509,37600
16,laws,clustered_scale,2000,51918,42,1333,mean_degree,7,5,700200,381.2157160568785,37600
16,laws,clustered_scale,2000,51918,42,1333,fourary,7,6,664200,0,0
16,laws,clustered_scale,2000,51918,42,1333,selected_grid,7,7,438800,39583.915092482035,44316300
16,laws,clustered_scale,2000,51918,42,1333,mean_map,7,8,452400,9895.978773120509,37600
16,laws,clustered_scale,2000,51918,42,1333,degree4,7,9,691800,0,193200
17,calibration,sparse_uniform,2000,9015,1729,0,grid_1.5,0,0,200400,74.79813112322678,6700
17,calibration,sparse_uniform,2000,9015,1729,0,grid_2,0,1,184300,99.73084149763571,6700
17,calibration,sparse_uniform,2000,9015,1729,0,grid_0.25,0,2,245500,12.466355187204464,6700
17,calibration,sparse_uniform,2000,9015,1729,0,grid_0.75,0,3,212000,37.39906556161339,6700
17,calibration,sparse_uniform,2000,9015,1729,0,grid_0.05,0,4,395700,2.493271037440893,6700
17,calibration,sparse_uniform,2000,9015,1729,0,grid_0.5,0,5,228800,24.932710374408927,6700
17,calibration,sparse_uniform,2000,9015,1729,0,grid_0.1,0,6,272200,4.986542074881786,6700
17,calibration,sparse_uniform,2000,9015,1729,0,grid_16,0,7,248100,797.8467319810857,6700
17,calibration,sparse_uniform,2000,9015,1729,0,grid_0.03125,0,8,342500,1.558294398400558,6700
17,calibration,sparse_uniform,2000,9015,1729,0,grid_4,0,9,192200,199.46168299527142,6700
17,calibration,sparse_uniform,2000,9015,1729,0,grid_8,0,10,240600,398.92336599054283,6700
17,calibration,sparse_uniform,2000,9015,1729,0,grid_1,0,11,298500,49.865420748817854,6700
17,calibration,sparse_uniform,2000,9015,1729,0,grid_1,1,0,520800,49.865420748817854,6700
17,calibration,sparse_uniform,2000,9015,1729,0,grid_8,1,1,320400,398.92336599054283,6700
17,calibration,sparse_uniform,2000,9015,1729,0,grid_4,1,2,245300,199.46168299527142,6700
17,calibration,sparse_uniform,2000,9015,1729,0,grid_0.03125,1,3,447300,1.558294398400558,6700
17,calibration,sparse_uniform,2000,9015,1729,0,grid_16,1,4,254800,797.8467319810857,6700
17,calibration,sparse_uniform,2000,9015,1729,0,grid_0.1,1,5,334300,4.986542074881786,6700
17,calibration,sparse_uniform,2000,9015,1729,0,grid_0.5,1,6,247700,24.932710374408927,6700
17,calibration,sparse_uniform,2000,9015,1729,0,grid_0.05,1,7,308700,2.493271037440893,6700
17,calibration,sparse_uniform,2000,9015,1729,0,grid_0.75,1,8,221000,37.39906556161339,6700
17,calibration,sparse_uniform,2000,9015,1729,0,grid_0.25,1,9,253200,12.466355187204464,6700
17,calibration,sparse_uniform,2000,9015,1729,0,grid_2,1,10,199800,99.73084149763571,6700
17,calibration,sparse_uniform,2000,9015,1729,0,grid_1.5,1,11,213800,74.79813112322678,6700
17,calibration,sparse_uniform,2000,9015,1729,0,grid_0.75,2,0,227700,37.39906556161339,6700
17,calibration,sparse_uniform,2000,9015,1729,0,grid_0.05,2,1,298600,2.493271037440893,6700
17,calibration,sparse_uniform,2000,9015,1729,0,grid_1.5,2,2,212500,74.79813112322678,6700
17,calibration,sparse_uniform,2000,9015,1729,0,grid_16,2,3,260400,797.8467319810857,6700
17,calibration,sparse_uniform,2000,9015,1729,0,grid_0.5,2,4,229900,24.932710374408927,6700
17,calibration,sparse_uniform,2000,9015,1729,0,grid_0.1,2,5,285700,4.986542074881786,6700
17,calibration,sparse_uniform,2000,9015,1729,0,grid_1,2,6,222100,49.865420748817854,6700
17,calibration,sparse_uniform,2000,9015,1729,0,grid_0.03125,2,7,349100,1.558294398400558,6700
17,calibration,sparse_uniform,2000,9015,1729,0,grid_2,2,8,199400,99.73084149763571,6700
17,calibration,sparse_uniform,2000,9015,1729,0,grid_8,2,9,257700,398.92336599054283,6700
17,calibration,sparse_uniform,2000,9015,1729,0,grid_0.25,2,10,254500,12.466355187204464,6700
17,calibration,sparse_uniform,2000,9015,1729,0,grid_4,2,11,196800,199.46168299527142,6700
17,calibration,sparse_uniform,2000,9015,1729,0,grid_4,3,0,188900,199.46168299527142,6700
17,calibration,sparse_uniform,2000,9015,1729,0,grid_0.25,3,1,249700,12.466355187204464,6700
17,calibration,sparse_uniform,2000,9015,1729,0,grid_8,3,2,257100,398.92336599054283,6700
17,calibration,sparse_uniform,2000,9015,1729,0,grid_2,3,3,200900,99.73084149763571,6700
17,calibration,sparse_uniform,2000,9015,1729,0,grid_0.03125,3,4,376000,1.558294398400558,6700
17,calibration,sparse_uniform,2000,9015,1729,0,grid_1,3,5,221500,49.865420748817854,6700
17,calibration,sparse_uniform,2000,9015,1729,0,grid_0.1,3,6,283500,4.986542074881786,6700
17,calibration,sparse_uniform,2000,9015,1729,0,grid_0.5,3,7,234100,24.932710374408927,6700
17,calibration,sparse_uniform,2000,9015,1729,0,grid_16,3,8,258200,797.8467319810857,6700
17,calibration,sparse_uniform,2000,9015,1729,0,grid_1.5,3,9,230700,74.79813112322678,6700
17,calibration,sparse_uniform,2000,9015,1729,0,grid_0.05,3,10,308500,2.493271037440893,6700
17,calibration,sparse_uniform,2000,9015,1729,0,grid_0.75,3,11,231400,37.39906556161339,6700
17,calibration,sparse_uniform,2000,9015,1729,0,grid_0.03125,4,0,334700,1.558294398400558,6700
17,calibration,sparse_uniform,2000,9015,1729,0,grid_0.05,4,1,307400,2.493271037440893,6700
17,calibration,sparse_uniform,2000,9015,1729,0,grid_0.75,4,2,227300,37.39906556161339,6700
17,calibration,sparse_uniform,2000,9015,1729,0,grid_0.25,4,3,252900,12.466355187204464,6700
17,calibration,sparse_uniform,2000,9015,1729,0,grid_0.1,4,4,280900,4.986542074881786,6700
17,calibration,sparse_uniform,2000,9015,1729,0,grid_4,4,5,203100,199.46168299527142,6700
17,calibration,sparse_uniform,2000,9015,1729,0,grid_16,4,6,256900,797.8467319810857,6700
17,calibration,sparse_uniform,2000,9015,1729,0,grid_1.5,4,7,221100,74.79813112322678,6700
17,calibration,sparse_uniform,2000,9015,1729,0,grid_1,4,8,215700,49.865420748817854,6700
17,calibration,sparse_uniform,2000,9015,1729,0,grid_0.5,4,9,226400,24.932710374408927,6700
17,calibration,sparse_uniform,2000,9015,1729,0,grid_8,4,10,246700,398.92336599054283,6700
17,calibration,sparse_uniform,2000,9015,1729,0,grid_2,4,11,188200,99.73084149763571,6700
17,calibration,sparse_uniform,2000,9015,1729,0,grid_2,5,0,180500,99.73084149763571,6700
17,calibration,sparse_uniform,2000,9015,1729,0,grid_8,5,1,265100,398.92336599054283,6700
17,calibration,sparse_uniform,2000,9015,1729,0,grid_0.5,5,2,275700,24.932710374408927,6700
17,calibration,sparse_uniform,2000,9015,1729,0,grid_1,5,3,259600,49.865420748817854,6700
17,calibration,sparse_uniform,2000,9015,1729,0,grid_1.5,5,4,227900,74.79813112322678,6700
17,calibration,sparse_uniform,2000,9015,1729,0,grid_16,5,5,236700,797.8467319810857,6700
17,calibration,sparse_uniform,2000,9015,1729,0,grid_4,5,6,185900,199.46168299527142,6700
17,calibration,sparse_uniform,2000,9015,1729,0,grid_0.1,5,7,278000,4.986542074881786,6700
17,calibration,sparse_uniform,2000,9015,1729,0,grid_0.25,5,8,353700,12.466355187204464,6700
17,calibration,sparse_uniform,2000,9015,1729,0,grid_0.75,5,9,317200,37.39906556161339,6700
17,calibration,sparse_uniform,2000,9015,1729,0,grid_0.05,5,10,879100,2.493271037440893,6700
17,calibration,sparse_uniform,2000,9015,1729,0,grid_0.03125,5,11,472900,1.558294398400558,6700
17,laws,sparse_uniform,2000,9015,1729,667,std_binary,0,0,346400,0,0
17,laws,sparse_uniform,2000,9015,1729,667,caliber,0,1,320600,0,27700
17,laws,sparse_uniform,2000,9015,1729,667,fourary,0,2,345000,0,0
17,laws,sparse_uniform,2000,9015,1729,667,degree4,0,3,383700,0,129400
17,laws,sparse_uniform,2000,9015,1729,667,mean_degree,0,4,263800,11.062766666404404,6700
17,laws,sparse_uniform,2000,9015,1729,667,binary,0,5,350900,0,0
17,laws,sparse_uniform,2000,9015,1729,667,mean_ring,0,6,202500,49.865420748817854,6700
17,laws,sparse_uniform,2000,9015,1729,667,selected_grid,0,7,206200,99.73084149763571,19641800
17,laws,sparse_uniform,2000,9015,1729,667,max_maxdegree,0,8,250400,12.498843048861685,24400
17,laws,sparse_uniform,2000,9015,1729,667,mean_map,0,9,213600,49.865420748817854,6700
17,laws,sparse_uniform,2000,9015,1729,667,mean_map,1,0,202900,49.865420748817854,6700
17,laws,sparse_uniform,2000,9015,1729,667,max_maxdegree,1,1,289900,12.498843048861685,24400
17,laws,sparse_uniform,2000,9015,1729,667,selected_grid,1,2,200100,99.73084149763571,19641800
17,laws,sparse_uniform,2000,9015,1729,667,mean_ring,1,3,210400,49.865420748817854,6700
17,laws,sparse_uniform,2000,9015,1729,667,binary,1,4,350000,0,0
17,laws,sparse_uniform,2000,9015,1729,667,mean_degree,1,5,253100,11.062766666404404,6700
17,laws,sparse_uniform,2000,9015,1729,667,degree4,1,6,408400,0,129400
17,laws,sparse_uniform,2000,9015,1729,667,fourary,1,7,351100,0,0
17,laws,sparse_uniform,2000,9015,1729,667,caliber,1,8,303400,0,27700
17,laws,sparse_uniform,2000,9015,1729,667,std_binary,1,9,353700,0,0
17,laws,sparse_uniform,2000,9015,1729,667,fourary,2,0,342200,0,0
17,laws,sparse_uniform,2000,9015,1729,667,mean_map,2,1,219900,49.865420748817854,6700
17,laws,sparse_uniform,2000,9015,1729,667,mean_ring,2,2,212600,49.865420748817854,6700
17,laws,sparse_uniform,2000,9015,1729,667,degree4,2,3,486500,0,129400
17,laws,sparse_uniform,2000,9015,1729,667,selected_grid,2,4,207100,99.73084149763571,19641800
17,laws,sparse_uniform,2000,9015,1729,667,std_binary,2,5,358900,0,0
17,laws,sparse_uniform,2000,9015,1729,667,mean_degree,2,6,244700,11.062766666404404,6700
17,laws,sparse_uniform,2000,9015,1729,667,binary,2,7,376800,0,0
17,laws,sparse_uniform,2000,9015,1729,667,max_maxdegree,2,8,260800,12.498843048861685,24400
17,laws,sparse_uniform,2000,9015,1729,667,caliber,2,9,377800,0,27700
17,laws,sparse_uniform,2000,9015,1729,667,caliber,3,0,310000,0,27700
17,laws,sparse_uniform,2000,9015,1729,667,max_maxdegree,3,1,534500,12.498843048861685,24400
17,laws,sparse_uniform,2000,9015,1729,667,binary,3,2,483900,0,0
17,laws,sparse_uniform,2000,9015,1729,667,mean_degree,3,3,293600,11.062766666404404,6700
17,laws,sparse_uniform,2000,9015,1729,667,std_binary,3,4,347400,0,0
17,laws,sparse_uniform,2000,9015,1729,667,selected_grid,3,5,208200,99.73084149763571,19641800
17,laws,sparse_uniform,2000,9015,1729,667,degree4,3,6,400300,0,129400
17,laws,sparse_uniform,2000,9015,1729,667,mean_ring,3,7,201000,49.865420748817854,6700
17,laws,sparse_uniform,2000,9015,1729,667,mean_map,3,8,208400,49.865420748817854,6700
17,laws,sparse_uniform,2000,9015,1729,667,fourary,3,9,429400,0,0
17,laws,sparse_uniform,2000,9015,1729,667,max_maxdegree,4,0,246600,12.498843048861685,24400
17,laws,sparse_uniform,2000,9015,1729,667,fourary,4,1,352900,0,0
17,laws,sparse_uniform,2000,9015,1729,667,std_binary,4,2,346300,0,0
17,laws,sparse_uniform,2000,9015,1729,667,caliber,4,3,317000,0,27700
17,laws,sparse_uniform,2000,9015,1729,667,mean_map,4,4,245400,49.865420748817854,6700
17,laws,sparse_uniform,2000,9015,1729,667,selected_grid,4,5,212100,99.73084149763571,19641800
17,laws,sparse_uniform,2000,9015,1729,667,binary,4,6,366600,0,0
17,laws,sparse_uniform,2000,9015,1729,667,mean_degree,4,7,259000,11.062766666404404,6700
17,laws,sparse_uniform,2000,9015,1729,667,degree4,4,8,414600,0,129400
17,laws,sparse_uniform,2000,9015,1729,667,mean_ring,4,9,199600,49.865420748817854,6700
17,laws,sparse_uniform,2000,9015,1729,667,mean_ring,5,0,189400,49.865420748817854,6700
17,laws,sparse_uniform,2000,9015,1729,667,degree4,5,1,388900,0,129400
17,laws,sparse_uniform,2000,9015,1729,667,mean_degree,5,2,248500,11.062766666404404,6700
17,laws,sparse_uniform,2000,9015,1729,667,binary,5,3,352900,0,0
17,laws,sparse_uniform,2000,9015,1729,667,selected_grid,5,4,228400,99.73084149763571,19641800
17,laws,sparse_uniform,2000,9015,1729,667,mean_map,5,5,275500,49.865420748817854,6700
17,laws,sparse_uniform,2000,9015,1729,667,caliber,5,6,377800,0,27700
17,laws,sparse_uniform,2000,9015,1729,667,std_binary,5,7,348400,0,0
17,laws,sparse_uniform,2000,9015,1729,667,fourary,5,8,346000,0,0
17,laws,sparse_uniform,2000,9015,1729,667,max_maxdegree,5,9,257300,12.498843048861685,24400
17,laws,sparse_uniform,2000,9015,1729,667,caliber,6,0,396700,0,27700
17,laws,sparse_uniform,2000,9015,1729,667,max_maxdegree,6,1,252600,12.498843048861685,24400
17,laws,sparse_uniform,2000,9015,1729,667,degree4,6,2,389300,0,129400
17,laws,sparse_uniform,2000,9015,1729,667,mean_ring,6,3,201900,49.865420748817854,6700
17,laws,sparse_uniform,2000,9015,1729,667,binary,6,4,373200,0,0
17,laws,sparse_uniform,2000,9015,1729,667,std_binary,6,5,371700,0,0
17,laws,sparse_uniform,2000,9015,1729,667,selected_grid,6,6,222900,99.73084149763571,19641800
17,laws,sparse_uniform,2000,9015,1729,667,fourary,6,7,383800,0,0
17,laws,sparse_uniform,2000,9015,1729,667,mean_map,6,8,246800,49.865420748817854,6700
17,laws,sparse_uniform,2000,9015,1729,667,mean_degree,6,9,257800,11.062766666404404,6700
17,laws,sparse_uniform,2000,9015,1729,667,mean_degree,7,0,254200,11.062766666404404,6700
17,laws,sparse_uniform,2000,9015,1729,667,mean_map,7,1,220500,49.865420748817854,6700
17,laws,sparse_uniform,2000,9015,1729,667,fourary,7,2,360900,0,0
17,laws,sparse_uniform,2000,9015,1729,667,selected_grid,7,3,206700,99.73084149763571,19641800
17,laws,sparse_uniform,2000,9015,1729,667,std_binary,7,4,383100,0,0
17,laws,sparse_uniform,2000,9015,1729,667,binary,7,5,361100,0,0
17,laws,sparse_uniform,2000,9015,1729,667,mean_ring,7,6,201400,49.865420748817854,6700
17,laws,sparse_uniform,2000,9015,1729,667,degree4,7,7,410900,0,129400
17,laws,sparse_uniform,2000,9015,1729,667,max_maxdegree,7,8,268200,12.498843048861685,24400
17,laws,sparse_uniform,2000,9015,1729,667,caliber,7,9,327300,0,27700
17,laws,sparse_uniform,2000,9015,1729,1333,std_binary,0,0,358600,0,0
17,laws,sparse_uniform,2000,9015,1729,1333,caliber,0,1,318500,0,27700
17,laws,sparse_uniform,2000,9015,1729,1333,max_maxdegree,0,2,259900,12.498843048861685,24400
17,laws,sparse_uniform,2000,9015,1729,1333,mean_degree,0,3,264100,11.062766666404404,6700
17,laws,sparse_uniform,2000,9015,1729,1333,mean_ring,0,4,218300,49.865420748817854,6700
17,laws,sparse_uniform,2000,9015,1729,1333,fourary,0,5,367400,0,0
17,laws,sparse_uniform,2000,9015,1729,1333,degree4,0,6,401400,0,129400
17,laws,sparse_uniform,2000,9015,1729,1333,binary,0,7,372200,0,0
17,laws,sparse_uniform,2000,9015,1729,1333,selected_grid,0,8,194400,99.73084149763571,19641800
17,laws,sparse_uniform,2000,9015,1729,1333,mean_map,0,9,220200,49.865420748817854,6700
17,laws,sparse_uniform,2000,9015,1729,1333,mean_map,1,0,210900,49.865420748817854,6700
17,laws,sparse_uniform,2000,9015,1729,1333,selected_grid,1,1,190100,99.73084149763571,19641800
17,laws,sparse_uniform,2000,9015,1729,1333,binary,1,2,370900,0,0
17,laws,sparse_uniform,2000,9015,1729,1333,degree4,1,3,401700,0,129400
17,laws,sparse_uniform,2000,9015,1729,1333,fourary,1,4,359100,0,0
17,laws,sparse_uniform,2000,9015,1729,1333,mean_ring,1,5,201800,49.865420748817854,6700
17,laws,sparse_uniform,2000,9015,1729,1333,mean_degree,1,6,265400,11.062766666404404,6700
17,laws,sparse_uniform,2000,9015,1729,1333,max_maxdegree,1,7,257300,12.498843048861685,24400
17,laws,sparse_uniform,2000,9015,1729,1333,caliber,1,8,325800,0,27700
17,laws,sparse_uniform,2000,9015,1729,1333,std_binary,1,9,361100,0,0
17,laws,sparse_uniform,2000,9015,1729,1333,max_maxdegree,2,0,256300,12.498843048861685,24400
17,laws,sparse_uniform,2000,9015,1729,1333,std_binary,2,1,346600,0,0
17,laws,sparse_uniform,2000,9015,1729,1333,selected_grid,2,2,203100,99.73084149763571,19641800
17,laws,sparse_uniform,2000,9015,1729,1333,mean_ring,2,3,203200,49.865420748817854,6700
17,laws,sparse_uniform,2000,9015,1729,1333,fourary,2,4,366500,0,0
17,laws,sparse_uniform,2000,9015,1729,1333,binary,2,5,405100,0,0
17,laws,sparse_uniform,2000,9015,1729,1333,mean_degree,2,6,277600,11.062766666404404,6700
17,laws,sparse_uniform,2000,9015,1729,1333,degree4,2,7,454100,0,129400
17,laws,sparse_uniform,2000,9015,1729,1333,caliber,2,8,323200,0,27700
17,laws,sparse_uniform,2000,9015,1729,1333,mean_map,2,9,237600,49.865420748817854,6700
17,laws,sparse_uniform,2000,9015,1729,1333,mean_map,3,0,218500,49.865420748817854,6700
17,laws,sparse_uniform,2000,9015,1729,1333,caliber,3,1,329400,0,27700
17,laws,sparse_uniform,2000,9015,1729,1333,degree4,3,2,417100,0,129400
17,laws,sparse_uniform,2000,9015,1729,1333,mean_degree,3,3,265700,11.062766666404404,6700
17,laws,sparse_uniform,2000,9015,1729,1333,binary,3,4,410100,0,0
17,laws,sparse_uniform,2000,9015,1729,1333,fourary,3,5,747600,0,0
17,laws,sparse_uniform,2000,9015,1729,1333,mean_ring,3,6,291800,49.865420748817854,6700
17,laws,sparse_uniform,2000,9015,1729,1333,selected_grid,3,7,285000,99.73084149763571,19641800
17,laws,sparse_uniform,2000,9015,1729,1333,std_binary,3,8,497300,0,0
17,laws,sparse_uniform,2000,9015,1729,1333,max_maxdegree,3,9,263700,12.498843048861685,24400
17,laws,sparse_uniform,2000,9015,1729,1333,mean_degree,4,0,258600,11.062766666404404,6700
17,laws,sparse_uniform,2000,9015,1729,1333,std_binary,4,1,353800,0,0
17,laws,sparse_uniform,2000,9015,1729,1333,fourary,4,2,367100,0,0
17,laws,sparse_uniform,2000,9015,1729,1333,selected_grid,4,3,212800,99.73084149763571,19641800
17,laws,sparse_uniform,2000,9015,1729,1333,binary,4,4,373700,0,0
17,laws,sparse_uniform,2000,9015,1729,1333,max_maxdegree,4,5,274700,12.498843048861685,24400
17,laws,sparse_uniform,2000,9015,1729,1333,degree4,4,6,419500,0,129400
17,laws,sparse_uniform,2000,9015,1729,1333,mean_map,4,7,225400,49.865420748817854,6700
17,laws,sparse_uniform,2000,9015,1729,1333,caliber,4,8,324500,0,27700
17,laws,sparse_uniform,2000,9015,1729,1333,mean_ring,4,9,213000,49.865420748817854,6700
17,laws,sparse_uniform,2000,9015,1729,1333,mean_ring,5,0,208400,49.865420748817854,6700
17,laws,sparse_uniform,2000,9015,1729,1333,caliber,5,1,340100,0,27700
17,laws,sparse_uniform,2000,9015,1729,1333,mean_map,5,2,222300,49.865420748817854,6700
17,laws,sparse_uniform,2000,9015,1729,1333,degree4,5,3,412500,0,129400
17,laws,sparse_uniform,2000,9015,1729,1333,max_maxdegree,5,4,264500,12.498843048861685,24400
17,laws,sparse_uniform,2000,9015,1729,1333,binary,5,5,377500,0,0
17,laws,sparse_uniform,2000,9015,1729,1333,selected_grid,5,6,214700,99.73084149763571,19641800
17,laws,sparse_uniform,2000,9015,1729,1333,fourary,5,7,398000,0,0
17,laws,sparse_uniform,2000,9015,1729,1333,std_binary,5,8,379600,0,0
17,laws,sparse_uniform,2000,9015,1729,1333,mean_degree,5,9,276000,11.062766666404404,6700
17,laws,sparse_uniform,2000,9015,1729,1333,fourary,6,0,368700,0,0
17,laws,sparse_uniform,2000,9015,1729,1333,binary,6,1,368200,0,0
17,laws,sparse_uniform,2000,9015,1729,1333,max_maxdegree,6,2,251300,12.498843048861685,24400
17,laws,sparse_uniform,2000,9015,1729,1333,std_binary,6,3,368600,0,0
17,laws,sparse_uniform,2000,9015,1729,1333,mean_map,6,4,231800,49.865420748817854,6700
17,laws,sparse_uniform,2000,9015,1729,1333,degree4,6,5,412500,0,129400
17,laws,sparse_uniform,2000,9015,1729,1333,mean_ring,6,6,370000,49.865420748817854,6700
17,laws,sparse_uniform,2000,9015,1729,1333,selected_grid,6,7,235100,99.73084149763571,19641800
17,laws,sparse_uniform,2000,9015,1729,1333,mean_degree,6,8,283400,11.062766666404404,6700
17,laws,sparse_uniform,2000,9015,1729,1333,caliber,6,9,327800,0,27700
17,laws,sparse_uniform,2000,9015,1729,1333,caliber,7,0,321200,0,27700
17,laws,sparse_uniform,2000,9015,1729,1333,mean_degree,7,1,254300,11.062766666404404,6700
17,laws,sparse_uniform,2000,9015,1729,1333,selected_grid,7,2,195400,99.73084149763571,19641800
17,laws,sparse_uniform,2000,9015,1729,1333,mean_ring,7,3,214100,49.865420748817854,6700
17,laws,sparse_uniform,2000,9015,1729,1333,degree4,7,4,413600,0,129400
17,laws,sparse_uniform,2000,9015,1729,1333,mean_map,7,5,217500,49.865420748817854,6700
17,laws,sparse_uniform,2000,9015,1729,1333,std_binary,7,6,365000,0,0
17,laws,sparse_uniform,2000,9015,1729,1333,max_maxdegree,7,7,256800,12.498843048861685,24400
17,laws,sparse_uniform,2000,9015,1729,1333,binary,7,8,372300,0,0
17,laws,sparse_uniform,2000,9015,1729,1333,fourary,7,9,374100,0,0
18,calibration,sparse_near,2000,9015,1729,0,grid_1.5,0,0,128200,75.00000390080132,8200
18,calibration,sparse_near,2000,9015,1729,0,grid_2,0,1,125500,100.00000520106843,8200
18,calibration,sparse_near,2000,9015,1729,0,grid_0.25,0,2,157100,12.500000650133554,8200
18,calibration,sparse_near,2000,9015,1729,0,grid_0.75,0,3,150600,37.50000195040066,8200
18,calibration,sparse_near,2000,9015,1729,0,grid_0.05,0,4,150600,2.500000130026711,8200
18,calibration,sparse_near,2000,9015,1729,0,grid_0.5,0,5,140900,25.000001300267108,8200
18,calibration,sparse_near,2000,9015,1729,0,grid_0.1,0,6,131800,5.000000260053422,8200
18,calibration,sparse_near,2000,9015,1729,0,grid_16,0,7,135500,800.0000416085475,8200
18,calibration,sparse_near,2000,9015,1729,0,grid_0.03125,0,8,128700,1.5625000812666943,8200
18,calibration,sparse_near,2000,9015,1729,0,grid_4,0,9,138400,200.00001040213687,8200
18,calibration,sparse_near,2000,9015,1729,0,grid_8,0,10,130200,400.00002080427373,8200
18,calibration,sparse_near,2000,9015,1729,0,grid_1,0,11,197700,50.000002600534216,8200
18,calibration,sparse_near,2000,9015,1729,0,grid_1,1,0,190300,50.000002600534216,8200
18,calibration,sparse_near,2000,9015,1729,0,grid_8,1,1,139400,400.00002080427373,8200
18,calibration,sparse_near,2000,9015,1729,0,grid_4,1,2,137400,200.00001040213687,8200
18,calibration,sparse_near,2000,9015,1729,0,grid_0.03125,1,3,157100,1.5625000812666943,8200
18,calibration,sparse_near,2000,9015,1729,0,grid_16,1,4,127100,800.0000416085475,8200
18,calibration,sparse_near,2000,9015,1729,0,grid_0.1,1,5,156900,5.000000260053422,8200
18,calibration,sparse_near,2000,9015,1729,0,grid_0.5,1,6,151400,25.000001300267108,8200
18,calibration,sparse_near,2000,9015,1729,0,grid_0.05,1,7,153200,2.500000130026711,8200
18,calibration,sparse_near,2000,9015,1729,0,grid_0.75,1,8,153500,37.50000195040066,8200
18,calibration,sparse_near,2000,9015,1729,0,grid_0.25,1,9,150500,12.500000650133554,8200
18,calibration,sparse_near,2000,9015,1729,0,grid_2,1,10,163000,100.00000520106843,8200
18,calibration,sparse_near,2000,9015,1729,0,grid_1.5,1,11,186800,75.00000390080132,8200
18,calibration,sparse_near,2000,9015,1729,0,grid_0.75,2,0,189800,37.50000195040066,8200
18,calibration,sparse_near,2000,9015,1729,0,grid_0.05,2,1,146700,2.500000130026711,8200
18,calibration,sparse_near,2000,9015,1729,0,grid_1.5,2,2,136600,75.00000390080132,8200
18,calibration,sparse_near,2000,9015,1729,0,grid_16,2,3,135800,800.0000416085475,8200
18,calibration,sparse_near,2000,9015,1729,0,grid_0.5,2,4,142200,25.000001300267108,8200
18,calibration,sparse_near,2000,9015,1729,0,grid_0.1,2,5,141200,5.000000260053422,8200
18,calibration,sparse_near,2000,9015,1729,0,grid_1,2,6,197300,50.000002600534216,8200
18,calibration,sparse_near,2000,9015,1729,0,grid_0.03125,2,7,147600,1.5625000812666943,8200
18,calibration,sparse_near,2000,9015,1729,0,grid_2,2,8,143600,100.00000520106843,8200
18,calibration,sparse_near,2000,9015,1729,0,grid_8,2,9,138600,400.00002080427373,8200
18,calibration,sparse_near,2000,9015,1729,0,grid_0.25,2,10,143800,12.500000650133554,8200
18,calibration,sparse_near,2000,9015,1729,0,grid_4,2,11,134500,200.00001040213687,8200
18,calibration,sparse_near,2000,9015,1729,0,grid_4,3,0,127400,200.00001040213687,8200
18,calibration,sparse_near,2000,9015,1729,0,grid_0.25,3,1,141900,12.500000650133554,8200
18,calibration,sparse_near,2000,9015,1729,0,grid_8,3,2,129600,400.00002080427373,8200
18,calibration,sparse_near,2000,9015,1729,0,grid_2,3,3,132000,100.00000520106843,8200
18,calibration,sparse_near,2000,9015,1729,0,grid_0.03125,3,4,140000,1.5625000812666943,8200
18,calibration,sparse_near,2000,9015,1729,0,grid_1,3,5,188200,50.000002600534216,8200
18,calibration,sparse_near,2000,9015,1729,0,grid_0.1,3,6,141800,5.000000260053422,8200
18,calibration,sparse_near,2000,9015,1729,0,grid_0.5,3,7,142200,25.000001300267108,8200
18,calibration,sparse_near,2000,9015,1729,0,grid_16,3,8,131600,800.0000416085475,8200
18,calibration,sparse_near,2000,9015,1729,0,grid_1.5,3,9,139400,75.00000390080132,8200
18,calibration,sparse_near,2000,9015,1729,0,grid_0.05,3,10,134400,2.500000130026711,8200
18,calibration,sparse_near,2000,9015,1729,0,grid_0.75,3,11,144700,37.50000195040066,8200
18,calibration,sparse_near,2000,9015,1729,0,grid_0.03125,4,0,134000,1.5625000812666943,8200
18,calibration,sparse_near,2000,9015,1729,0,grid_0.05,4,1,130700,2.500000130026711,8200
18,calibration,sparse_near,2000,9015,1729,0,grid_0.75,4,2,168400,37.50000195040066,8200
18,calibration,sparse_near,2000,9015,1729,0,grid_0.25,4,3,181800,12.500000650133554,8200
18,calibration,sparse_near,2000,9015,1729,0,grid_0.1,4,4,169500,5.000000260053422,8200
18,calibration,sparse_near,2000,9015,1729,0,grid_4,4,5,174100,200.00001040213687,8200
18,calibration,sparse_near,2000,9015,1729,0,grid_16,4,6,166200,800.0000416085475,8200
18,calibration,sparse_near,2000,9015,1729,0,grid_1.5,4,7,144600,75.00000390080132,8200
18,calibration,sparse_near,2000,9015,1729,0,grid_1,4,8,257300,50.000002600534216,8200
18,calibration,sparse_near,2000,9015,1729,0,grid_0.5,4,9,160100,25.000001300267108,8200
18,calibration,sparse_near,2000,9015,1729,0,grid_8,4,10,142300,400.00002080427373,8200
18,calibration,sparse_near,2000,9015,1729,0,grid_2,4,11,145700,100.00000520106843,8200
18,calibration,sparse_near,2000,9015,1729,0,grid_2,5,0,149400,100.00000520106843,8200
18,calibration,sparse_near,2000,9015,1729,0,grid_8,5,1,136500,400.00002080427373,8200
18,calibration,sparse_near,2000,9015,1729,0,grid_0.5,5,2,154300,25.000001300267108,8200
18,calibration,sparse_near,2000,9015,1729,0,grid_1,5,3,205300,50.000002600534216,8200
18,calibration,sparse_near,2000,9015,1729,0,grid_1.5,5,4,136900,75.00000390080132,8200
18,calibration,sparse_near,2000,9015,1729,0,grid_16,5,5,128300,800.0000416085475,8200
18,calibration,sparse_near,2000,9015,1729,0,grid_4,5,6,139400,200.00001040213687,8200
18,calibration,sparse_near,2000,9015,1729,0,grid_0.1,5,7,220400,5.000000260053422,8200
18,calibration,sparse_near,2000,9015,1729,0,grid_0.25,5,8,203000,12.500000650133554,8200
18,calibration,sparse_near,2000,9015,1729,0,grid_0.75,5,9,196600,37.50000195040066,8200
18,calibration,sparse_near,2000,9015,1729,0,grid_0.05,5,10,197300,2.500000130026711,8200
18,calibration,sparse_near,2000,9015,1729,0,grid_0.03125,5,11,190100,1.5625000812666943,8200
18,laws,sparse_near,2000,9015,1729,667,std_binary,0,0,255300,0,0
18,laws,sparse_near,2000,9015,1729,667,caliber,0,1,302600,0,28000
18,laws,sparse_near,2000,9015,1729,667,fourary,0,2,261800,0,0
18,laws,sparse_near,2000,9015,1729,667,degree4,0,3,299300,0,126100
18,laws,sparse_near,2000,9015,1729,667,mean_degree,0,4,150000,11.09262398237032,8200
18,laws,sparse_near,2000,9015,1729,667,binary,0,5,262800,0,0
18,laws,sparse_near,2000,9015,1729,667,mean_ring,0,6,218500,50.000002600534216,8200
18,laws,sparse_near,2000,9015,1729,667,selected_grid,0,7,142800,800.0000416085475,11179500
18,laws,sparse_near,2000,9015,1729,667,max_maxdegree,0,8,146900,6.2512499902314556,23800
18,laws,sparse_near,2000,9015,1729,667,mean_map,0,9,228000,50.000002600534216,8200
18,laws,sparse_near,2000,9015,1729,667,mean_map,1,0,207400,50.000002600534216,8200
18,laws,sparse_near,2000,9015,1729,667,max_maxdegree,1,1,143500,6.2512499902314556,23800
18,laws,sparse_near,2000,9015,1729,667,selected_grid,1,2,137400,800.0000416085475,11179500
18,laws,sparse_near,2000,9015,1729,667,mean_ring,1,3,183900,50.000002600534216,8200
18,laws,sparse_near,2000,9015,1729,667,binary,1,4,263900,0,0
18,laws,sparse_near,2000,9015,1729,667,mean_degree,1,5,139900,11.09262398237032,8200
18,laws,sparse_near,2000,9015,1729,667,degree4,1,6,299200,0,126100
18,laws,sparse_near,2000,9015,1729,667,fourary,1,7,268800,0,0
18,laws,sparse_near,2000,9015,1729,667,caliber,1,8,272800,0,28000
18,laws,sparse_near,2000,9015,1729,667,std_binary,1,9,264800,0,0
18,laws,sparse_near,2000,9015,1729,667,fourary,2,0,267000,0,0
18,laws,sparse_near,2000,9015,1729,667,mean_map,2,1,202900,50.000002600534216,8200
18,laws,sparse_near,2000,9015,1729,667,mean_ring,2,2,183600,50.000002600534216,8200
18,laws,sparse_near,2000,9015,1729,667,degree4,2,3,307800,0,126100
18,laws,sparse_near,2000,9015,1729,667,selected_grid,2,4,134700,800.0000416085475,11179500
18,laws,sparse_near,2000,9015,1729,667,std_binary,2,5,257700,0,0
18,laws,sparse_near,2000,9015,1729,667,mean_degree,2,6,145800,11.09262398237032,8200
18,laws,sparse_near,2000,9015,1729,667,binary,2,7,271700,0,0
18,laws,sparse_near,2000,9015,1729,667,max_maxdegree,2,8,145000,6.2512499902314556,23800
18,laws,sparse_near,2000,9015,1729,667,caliber,2,9,264100,0,28000
18,laws,sparse_near,2000,9015,1729,667,caliber,3,0,258900,0,28000
18,laws,sparse_near,2000,9015,1729,667,max_maxdegree,3,1,139700,6.2512499902314556,23800
18,laws,sparse_near,2000,9015,1729,667,binary,3,2,256500,0,0
18,laws,sparse_near,2000,9015,1729,667,mean_degree,3,3,135700,11.09262398237032,8200
18,laws,sparse_near,2000,9015,1729,667,std_binary,3,4,248000,0,0
18,laws,sparse_near,2000,9015,1729,667,selected_grid,3,5,141200,800.0000416085475,11179500
18,laws,sparse_near,2000,9015,1729,667,degree4,3,6,300200,0,126100
18,laws,sparse_near,2000,9015,1729,667,mean_ring,3,7,198400,50.000002600534216,8200
18,laws,sparse_near,2000,9015,1729,667,mean_map,3,8,193700,50.000002600534216,8200
18,laws,sparse_near,2000,9015,1729,667,fourary,3,9,262400,0,0
18,laws,sparse_near,2000,9015,1729,667,max_maxdegree,4,0,146900,6.2512499902314556,23800
18,laws,sparse_near,2000,9015,1729,667,fourary,4,1,256000,0,0
18,laws,sparse_near,2000,9015,1729,667,std_binary,4,2,269600,0,0
18,laws,sparse_near,2000,9015,1729,667,caliber,4,3,264400,0,28000
18,laws,sparse_near,2000,9015,1729,667,mean_map,4,4,195600,50.000002600534216,8200
18,laws,sparse_near,2000,9015,1729,667,selected_grid,4,5,138300,800.0000416085475,11179500
18,laws,sparse_near,2000,9015,1729,667,binary,4,6,283800,0,0
18,laws,sparse_near,2000,9015,1729,667,mean_degree,4,7,176700,11.09262398237032,8200
18,laws,sparse_near,2000,9015,1729,667,degree4,4,8,351200,0,126100
18,laws,sparse_near,2000,9015,1729,667,mean_ring,4,9,184300,50.000002600534216,8200
18,laws,sparse_near,2000,9015,1729,667,mean_ring,5,0,172100,50.000002600534216,8200
18,laws,sparse_near,2000,9015,1729,667,degree4,5,1,293200,0,126100
18,laws,sparse_near,2000,9015,1729,667,mean_degree,5,2,146800,11.09262398237032,8200
18,laws,sparse_near,2000,9015,1729,667,binary,5,3,270600,0,0
18,laws,sparse_near,2000,9015,1729,667,selected_grid,5,4,137400,800.0000416085475,11179500
18,laws,sparse_near,2000,9015,1729,667,mean_map,5,5,206000,50.000002600534216,8200
18,laws,sparse_near,2000,9015,1729,667,caliber,5,6,277600,0,28000
18,laws,sparse_near,2000,9015,1729,667,std_binary,5,7,254500,0,0
18,laws,sparse_near,2000,9015,1729,667,fourary,5,8,267700,0,0
18,laws,sparse_near,2000,9015,1729,667,max_maxdegree,5,9,142900,6.2512499902314556,23800
18,laws,sparse_near,2000,9015,1729,667,caliber,6,0,256400,0,28000
18,laws,sparse_near,2000,9015,1729,667,max_maxdegree,6,1,142300,6.2512499902314556,23800
18,laws,sparse_near,2000,9015,1729,667,degree4,6,2,312300,0,126100
18,laws,sparse_near,2000,9015,1729,667,mean_ring,6,3,200500,50.000002600534216,8200
18,laws,sparse_near,2000,9015,1729,667,binary,6,4,290400,0,0
18,laws,sparse_near,2000,9015,1729,667,std_binary,6,5,281400,0,0
18,laws,sparse_near,2000,9015,1729,667,selected_grid,6,6,151900,800.0000416085475,11179500
18,laws,sparse_near,2000,9015,1729,667,fourary,6,7,280200,0,0
18,laws,sparse_near,2000,9015,1729,667,mean_map,6,8,1068600,50.000002600534216,8200
18,laws,sparse_near,2000,9015,1729,667,mean_degree,6,9,153400,11.09262398237032,8200
18,laws,sparse_near,2000,9015,1729,667,mean_degree,7,0,142900,11.09262398237032,8200
18,laws,sparse_near,2000,9015,1729,667,mean_map,7,1,186700,50.000002600534216,8200
18,laws,sparse_near,2000,9015,1729,667,fourary,7,2,293900,0,0
18,laws,sparse_near,2000,9015,1729,667,selected_grid,7,3,143300,800.0000416085475,11179500
18,laws,sparse_near,2000,9015,1729,667,std_binary,7,4,264400,0,0
18,laws,sparse_near,2000,9015,1729,667,binary,7,5,271000,0,0
18,laws,sparse_near,2000,9015,1729,667,mean_ring,7,6,199700,50.000002600534216,8200
18,laws,sparse_near,2000,9015,1729,667,degree4,7,7,305700,0,126100
18,laws,sparse_near,2000,9015,1729,667,max_maxdegree,7,8,157900,6.2512499902314556,23800
18,laws,sparse_near,2000,9015,1729,667,caliber,7,9,272900,0,28000
18,laws,sparse_near,2000,9015,1729,1333,std_binary,0,0,267800,0,0
18,laws,sparse_near,2000,9015,1729,1333,caliber,0,1,268600,0,28000
18,laws,sparse_near,2000,9015,1729,1333,max_maxdegree,0,2,144100,6.2512499902314556,23800
18,laws,sparse_near,2000,9015,1729,1333,mean_degree,0,3,140200,11.09262398237032,8200
18,laws,sparse_near,2000,9015,1729,1333,mean_ring,0,4,185000,50.000002600534216,8200
18,laws,sparse_near,2000,9015,1729,1333,fourary,0,5,265300,0,0
18,laws,sparse_near,2000,9015,1729,1333,degree4,0,6,292800,0,126100
18,laws,sparse_near,2000,9015,1729,1333,binary,0,7,269300,0,0
18,laws,sparse_near,2000,9015,1729,1333,selected_grid,0,8,163300,800.0000416085475,11179500
18,laws,sparse_near,2000,9015,1729,1333,mean_map,0,9,246700,50.000002600534216,8200
18,laws,sparse_near,2000,9015,1729,1333,mean_map,1,0,238200,50.000002600534216,8200
18,laws,sparse_near,2000,9015,1729,1333,selected_grid,1,1,174300,800.0000416085475,11179500
18,laws,sparse_near,2000,9015,1729,1333,binary,1,2,379300,0,0
18,laws,sparse_near,2000,9015,1729,1333,degree4,1,3,388600,0,126100
18,laws,sparse_near,2000,9015,1729,1333,fourary,1,4,276800,0,0
18,laws,sparse_near,2000,9015,1729,1333,mean_ring,1,5,217500,50.000002600534216,8200
18,laws,sparse_near,2000,9015,1729,1333,mean_degree,1,6,146000,11.09262398237032,8200
18,laws,sparse_near,2000,9015,1729,1333,max_maxdegree,1,7,139000,6.2512499902314556,23800
18,laws,sparse_near,2000,9015,1729,1333,caliber,1,8,313100,0,28000
18,laws,sparse_near,2000,9015,1729,1333,std_binary,1,9,269400,0,0
18,laws,sparse_near,2000,9015,1729,1333,max_maxdegree,2,0,133100,6.2512499902314556,23800
18,laws,sparse_near,2000,9015,1729,1333,std_binary,2,1,249700,0,0
18,laws,sparse_near,2000,9015,1729,1333,selected_grid,2,2,159800,800.0000416085475,11179500
18,laws,sparse_near,2000,9015,1729,1333,mean_ring,2,3,189200,50.000002600534216,8200
18,laws,sparse_near,2000,9015,1729,1333,fourary,2,4,253400,0,0
18,laws,sparse_near,2000,9015,1729,1333,binary,2,5,260300,0,0
18,laws,sparse_near,2000,9015,1729,1333,mean_degree,2,6,148400,11.09262398237032,8200
18,laws,sparse_near,2000,9015,1729,1333,degree4,2,7,312400,0,126100
18,laws,sparse_near,2000,9015,1729,1333,caliber,2,8,660200,0,28000
18,laws,sparse_near,2000,9015,1729,1333,mean_map,2,9,345900,50.000002600534216,8200
18,laws,sparse_near,2000,9015,1729,1333,mean_map,3,0,217800,50.000002600534216,8200
18,laws,sparse_near,2000,9015,1729,1333,caliber,3,1,273000,0,28000
18,laws,sparse_near,2000,9015,1729,1333,degree4,3,2,435000,0,126100
18,laws,sparse_near,2000,9015,1729,1333,mean_degree,3,3,157800,11.09262398237032,8200
18,laws,sparse_near,2000,9015,1729,1333,binary,3,4,261700,0,0
18,laws,sparse_near,2000,9015,1729,1333,fourary,3,5,255200,0,0
18,laws,sparse_near,2000,9015,1729,1333,mean_ring,3,6,184500,50.000002600534216,8200
18,laws,sparse_near,2000,9015,1729,1333,selected_grid,3,7,135300,800.0000416085475,11179500
18,laws,sparse_near,2000,9015,1729,1333,std_binary,3,8,324100,0,0
18,laws,sparse_near,2000,9015,1729,1333,max_maxdegree,3,9,155700,6.2512499902314556,23800
18,laws,sparse_near,2000,9015,1729,1333,mean_degree,4,0,141400,11.09262398237032,8200
18,laws,sparse_near,2000,9015,1729,1333,std_binary,4,1,247900,0,0
18,laws,sparse_near,2000,9015,1729,1333,fourary,4,2,272900,0,0
18,laws,sparse_near,2000,9015,1729,1333,selected_grid,4,3,137800,800.0000416085475,11179500
18,laws,sparse_near,2000,9015,1729,1333,binary,4,4,268200,0,0
18,laws,sparse_near,2000,9015,1729,1333,max_maxdegree,4,5,148200,6.2512499902314556,23800
18,laws,sparse_near,2000,9015,1729,1333,degree4,4,6,303000,0,126100
18,laws,sparse_near,2000,9015,1729,1333,mean_map,4,7,214700,50.000002600534216,8200
18,laws,sparse_near,2000,9015,1729,1333,caliber,4,8,273600,0,28000
18,laws,sparse_near,2000,9015,1729,1333,mean_ring,4,9,193200,50.000002600534216,8200
18,laws,sparse_near,2000,9015,1729,1333,mean_ring,5,0,179400,50.000002600534216,8200
18,laws,sparse_near,2000,9015,1729,1333,caliber,5,1,276800,0,28000
18,laws,sparse_near,2000,9015,1729,1333,mean_map,5,2,198300,50.000002600534216,8200
18,laws,sparse_near,2000,9015,1729,1333,degree4,5,3,300500,0,126100
18,laws,sparse_near,2000,9015,1729,1333,max_maxdegree,5,4,148600,6.2512499902314556,23800
18,laws,sparse_near,2000,9015,1729,1333,binary,5,5,285000,0,0
18,laws,sparse_near,2000,9015,1729,1333,selected_grid,5,6,141100,800.0000416085475,11179500
18,laws,sparse_near,2000,9015,1729,1333,fourary,5,7,258300,0,0
18,laws,sparse_near,2000,9015,1729,1333,std_binary,5,8,254900,0,0
18,laws,sparse_near,2000,9015,1729,1333,mean_degree,5,9,143500,11.09262398237032,8200
18,laws,sparse_near,2000,9015,1729,1333,fourary,6,0,276700,0,0
18,laws,sparse_near,2000,9015,1729,1333,binary,6,1,257900,0,0
18,laws,sparse_near,2000,9015,1729,1333,max_maxdegree,6,2,141200,6.2512499902314556,23800
18,laws,sparse_near,2000,9015,1729,1333,std_binary,6,3,251300,0,0
18,laws,sparse_near,2000,9015,1729,1333,mean_map,6,4,190000,50.000002600534216,8200
18,laws,sparse_near,2000,9015,1729,1333,degree4,6,5,343100,0,126100
18,laws,sparse_near,2000,9015,1729,1333,mean_ring,6,6,181200,50.000002600534216,8200
18,laws,sparse_near,2000,9015,1729,1333,selected_grid,6,7,136100,800.0000416085475,11179500
18,laws,sparse_near,2000,9015,1729,1333,mean_degree,6,8,140000,11.09262398237032,8200
18,laws,sparse_near,2000,9015,1729,1333,caliber,6,9,290200,0,28000
18,laws,sparse_near,2000,9015,1729,1333,caliber,7,0,266700,0,28000
18,laws,sparse_near,2000,9015,1729,1333,mean_degree,7,1,139800,11.09262398237032,8200
18,laws,sparse_near,2000,9015,1729,1333,selected_grid,7,2,144100,800.0000416085475,11179500
18,laws,sparse_near,2000,9015,1729,1333,mean_ring,7,3,184400,50.000002600534216,8200
18,laws,sparse_near,2000,9015,1729,1333,degree4,7,4,294900,0,126100
18,laws,sparse_near,2000,9015,1729,1333,mean_map,7,5,183000,50.000002600534216,8200
18,laws,sparse_near,2000,9015,1729,1333,std_binary,7,6,244900,0,0
18,laws,sparse_near,2000,9015,1729,1333,max_maxdegree,7,7,161100,6.2512499902314556,23800
18,laws,sparse_near,2000,9015,1729,1333,binary,7,8,265600,0,0
18,laws,sparse_near,2000,9015,1729,1333,fourary,7,9,282000,0,0
19,calibration,sparse_skew,2000,9015,1729,0,grid_1.5,0,0,204600,17.828709580783897,7100
19,calibration,sparse_skew,2000,9015,1729,0,grid_2,0,1,252700,23.77161277437853,7100
19,calibration,sparse_skew,2000,9015,1729,0,grid_0.25,0,2,233900,2.971451596797316,7100
19,calibration,sparse_skew,2000,9015,1729,0,grid_0.75,0,3,203800,8.914354790391949,7100
19,calibration,sparse_skew,2000,9015,1729,0,grid_0.05,0,4,295600,0.5942903193594632,7100
19,calibration,sparse_skew,2000,9015,1729,0,grid_0.5,0,5,212800,5.942903193594632,7100
19,calibration,sparse_skew,2000,9015,1729,0,grid_0.1,0,6,273300,1.1885806387189264,7100
19,calibration,sparse_skew,2000,9015,1729,0,grid_16,0,7,251000,190.17290219502823,7100
19,calibration,sparse_skew,2000,9015,1729,0,grid_0.03125,0,8,325900,0.3714314495996645,7100
19,calibration,sparse_skew,2000,9015,1729,0,grid_4,0,9,193900,47.54322554875706,7100
19,calibration,sparse_skew,2000,9015,1729,0,grid_8,0,10,238400,95.08645109751411,7100
19,calibration,sparse_skew,2000,9015,1729,0,grid_1,0,11,203100,11.885806387189264,7100
19,calibration,sparse_skew,2000,9015,1729,0,grid_1,1,0,199100,11.885806387189264,7100
19,calibration,sparse_skew,2000,9015,1729,0,grid_8,1,1,240400,95.08645109751411,7100
19,calibration,sparse_skew,2000,9015,1729,0,grid_4,1,2,191600,47.54322554875706,7100
19,calibration,sparse_skew,2000,9015,1729,0,grid_0.03125,1,3,307400,0.3714314495996645,7100
19,calibration,sparse_skew,2000,9015,1729,0,grid_16,1,4,249900,190.17290219502823,7100
19,calibration,sparse_skew,2000,9015,1729,0,grid_0.1,1,5,285300,1.1885806387189264,7100
19,calibration,sparse_skew,2000,9015,1729,0,grid_0.5,1,6,217600,5.942903193594632,7100
19,calibration,sparse_skew,2000,9015,1729,0,grid_0.05,1,7,288700,0.5942903193594632,7100
19,calibration,sparse_skew,2000,9015,1729,0,grid_0.75,1,8,210800,8.914354790391949,7100
19,calibration,sparse_skew,2000,9015,1729,0,grid_0.25,1,9,229200,2.971451596797316,7100
19,calibration,sparse_skew,2000,9015,1729,0,grid_2,1,10,207600,23.77161277437853,7100
19,calibration,sparse_skew,2000,9015,1729,0,grid_1.5,1,11,221000,17.828709580783897,7100
19,calibration,sparse_skew,2000,9015,1729,0,grid_0.75,2,0,235000,8.914354790391949,7100
19,calibration,sparse_skew,2000,9015,1729,0,grid_0.05,2,1,292000,0.5942903193594632,7100
19,calibration,sparse_skew,2000,9015,1729,0,grid_1.5,2,2,210900,17.828709580783897,7100
19,calibration,sparse_skew,2000,9015,1729,0,grid_16,2,3,313000,190.17290219502823,7100
19,calibration,sparse_skew,2000,9015,1729,0,grid_0.5,2,4,229500,5.942903193594632,7100
19,calibration,sparse_skew,2000,9015,1729,0,grid_0.1,2,5,291600,1.1885806387189264,7100
19,calibration,sparse_skew,2000,9015,1729,0,grid_1,2,6,213600,11.885806387189264,7100
19,calibration,sparse_skew,2000,9015,1729,0,grid_0.03125,2,7,327800,0.3714314495996645,7100
19,calibration,sparse_skew,2000,9015,1729,0,grid_2,2,8,197900,23.77161277437853,7100
19,calibration,sparse_skew,2000,9015,1729,0,grid_8,2,9,247400,95.08645109751411,7100
19,calibration,sparse_skew,2000,9015,1729,0,grid_0.25,2,10,228500,2.971451596797316,7100
19,calibration,sparse_skew,2000,9015,1729,0,grid_4,2,11,196600,47.54322554875706,7100
19,calibration,sparse_skew,2000,9015,1729,0,grid_4,3,0,192100,47.54322554875706,7100
19,calibration,sparse_skew,2000,9015,1729,0,grid_0.25,3,1,227300,2.971451596797316,7100
19,calibration,sparse_skew,2000,9015,1729,0,grid_8,3,2,242900,95.08645109751411,7100
19,calibration,sparse_skew,2000,9015,1729,0,grid_2,3,3,199600,23.77161277437853,7100
19,calibration,sparse_skew,2000,9015,1729,0,grid_0.03125,3,4,312900,0.3714314495996645,7100
19,calibration,sparse_skew,2000,9015,1729,0,grid_1,3,5,205200,11.885806387189264,7100
19,calibration,sparse_skew,2000,9015,1729,0,grid_0.1,3,6,280100,1.1885806387189264,7100
19,calibration,sparse_skew,2000,9015,1729,0,grid_0.5,3,7,211900,5.942903193594632,7100
19,calibration,sparse_skew,2000,9015,1729,0,grid_16,3,8,282000,190.17290219502823,7100
19,calibration,sparse_skew,2000,9015,1729,0,grid_1.5,3,9,225100,17.828709580783897,7100
19,calibration,sparse_skew,2000,9015,1729,0,grid_0.05,3,10,284300,0.5942903193594632,7100
19,calibration,sparse_skew,2000,9015,1729,0,grid_0.75,3,11,214600,8.914354790391949,7100
19,calibration,sparse_skew,2000,9015,1729,0,grid_0.03125,4,0,297600,0.3714314495996645,7100
19,calibration,sparse_skew,2000,9015,1729,0,grid_0.05,4,1,270500,0.5942903193594632,7100
19,calibration,sparse_skew,2000,9015,1729,0,grid_0.75,4,2,192600,8.914354790391949,7100
19,calibration,sparse_skew,2000,9015,1729,0,grid_0.25,4,3,242100,2.971451596797316,7100
19,calibration,sparse_skew,2000,9015,1729,0,grid_0.1,4,4,333600,1.1885806387189264,7100
19,calibration,sparse_skew,2000,9015,1729,0,grid_4,4,5,244500,47.54322554875706,7100
19,calibration,sparse_skew,2000,9015,1729,0,grid_16,4,6,326700,190.17290219502823,7100
19,calibration,sparse_skew,2000,9015,1729,0,grid_1.5,4,7,279100,17.828709580783897,7100
19,calibration,sparse_skew,2000,9015,1729,0,grid_1,4,8,274400,11.885806387189264,7100
19,calibration,sparse_skew,2000,9015,1729,0,grid_0.5,4,9,310600,5.942903193594632,7100
19,calibration,sparse_skew,2000,9015,1729,0,grid_8,4,10,320500,95.08645109751411,7100
19,calibration,sparse_skew,2000,9015,1729,0,grid_2,4,11,217600,23.77161277437853,7100
19,calibration,sparse_skew,2000,9015,1729,0,grid_2,5,0,198900,23.77161277437853,7100
19,calibration,sparse_skew,2000,9015,1729,0,grid_8,5,1,235800,95.08645109751411,7100
19,calibration,sparse_skew,2000,9015,1729,0,grid_0.5,5,2,224300,5.942903193594632,7100
19,calibration,sparse_skew,2000,9015,1729,0,grid_1,5,3,241300,11.885806387189264,7100
19,calibration,sparse_skew,2000,9015,1729,0,grid_1.5,5,4,225300,17.828709580783897,7100
19,calibration,sparse_skew,2000,9015,1729,0,grid_16,5,5,653200,190.17290219502823,7100
19,calibration,sparse_skew,2000,9015,1729,0,grid_4,5,6,238700,47.54322554875706,7100
19,calibration,sparse_skew,2000,9015,1729,0,grid_0.1,5,7,392100,1.1885806387189264,7100
19,calibration,sparse_skew,2000,9015,1729,0,grid_0.25,5,8,292600,2.971451596797316,7100
19,calibration,sparse_skew,2000,9015,1729,0,grid_0.75,5,9,217400,8.914354790391949,7100
19,calibration,sparse_skew,2000,9015,1729,0,grid_0.05,5,10,315800,0.5942903193594632,7100
19,calibration,sparse_skew,2000,9015,1729,0,grid_0.03125,5,11,307000,0.3714314495996645,7100
19,laws,sparse_skew,2000,9015,1729,667,std_binary,0,0,374100,0,0
19,laws,sparse_skew,2000,9015,1729,667,caliber,0,1,344500,0,27300
19,laws,sparse_skew,2000,9015,1729,667,fourary,0,2,389100,0,0
19,laws,sparse_skew,2000,9015,1729,667,degree4,0,3,409600,0,119000
19,laws,sparse_skew,2000,9015,1729,667,mean_degree,0,4,256200,2.6368954824601807,7100
19,laws,sparse_skew,2000,9015,1729,667,binary,0,5,381100,0,0
19,laws,sparse_skew,2000,9015,1729,667,mean_ring,0,6,203400,11.885806387189264,7100
19,laws,sparse_skew,2000,9015,1729,667,selected_grid,0,7,239400,47.54322554875706,18543800
19,laws,sparse_skew,2000,9015,1729,667,max_maxdegree,0,8,214100,12.499613170930166,32700
19,laws,sparse_skew,2000,9015,1729,667,mean_map,0,9,199500,11.885806387189264,7100
19,laws,sparse_skew,2000,9015,1729,667,mean_map,1,0,190100,11.885806387189264,7100
19,laws,sparse_skew,2000,9015,1729,667,max_maxdegree,1,1,193300,12.499613170930166,32700
19,laws,sparse_skew,2000,9015,1729,667,selected_grid,1,2,233600,47.54322554875706,18543800
19,laws,sparse_skew,2000,9015,1729,667,mean_ring,1,3,186700,11.885806387189264,7100
19,laws,sparse_skew,2000,9015,1729,667,binary,1,4,360800,0,0
19,laws,sparse_skew,2000,9015,1729,667,mean_degree,1,5,241800,2.6368954824601807,7100
19,laws,sparse_skew,2000,9015,1729,667,degree4,1,6,457700,0,119000
19,laws,sparse_skew,2000,9015,1729,667,fourary,1,7,375300,0,0
19,laws,sparse_skew,2000,9015,1729,667,caliber,1,8,335800,0,27300
19,laws,sparse_skew,2000,9015,1729,667,std_binary,1,9,367700,0,0
19,laws,sparse_skew,2000,9015,1729,667,fourary,2,0,370600,0,0
19,laws,sparse_skew,2000,9015,1729,667,mean_map,2,1,205900,11.885806387189264,7100
19,laws,sparse_skew,2000,9015,1729,667,mean_ring,2,2,205500,11.885806387189264,7100
19,laws,sparse_skew,2000,9015,1729,667,degree4,2,3,385600,0,119000
19,laws,sparse_skew,2000,9015,1729,667,selected_grid,2,4,231500,47.54322554875706,18543800
19,laws,sparse_skew,2000,9015,1729,667,std_binary,2,5,344100,0,0
19,laws,sparse_skew,2000,9015,1729,667,mean_degree,2,6,231300,2.6368954824601807,7100
19,laws,sparse_skew,2000,9015,1729,667,binary,2,7,354400,0,0
19,laws,sparse_skew,2000,9015,1729,667,max_maxdegree,2,8,253500,12.499613170930166,32700
19,laws,sparse_skew,2000,9015,1729,667,caliber,2,9,335500,0,27300
19,laws,sparse_skew,2000,9015,1729,667,caliber,3,0,320300,0,27300
19,laws,sparse_skew,2000,9015,1729,667,max_maxdegree,3,1,208000,12.499613170930166,32700
19,laws,sparse_skew,2000,9015,1729,667,binary,3,2,352700,0,0
19,laws,sparse_skew,2000,9015,1729,667,mean_degree,3,3,232500,2.6368954824601807,7100
19,laws,sparse_skew,2000,9015,1729,667,std_binary,3,4,366300,0,0
19,laws,sparse_skew,2000,9015,1729,667,selected_grid,3,5,235100,47.54322554875706,18543800
19,laws,sparse_skew,2000,9015,1729,667,degree4,3,6,410200,0,119000
19,laws,sparse_skew,2000,9015,1729,667,mean_ring,3,7,208600,11.885806387189264,7100
19,laws,sparse_skew,2000,9015,1729,667,mean_map,3,8,202500,11.885806387189264,7100
19,laws,sparse_skew,2000,9015,1729,667,fourary,3,9,360200,0,0
19,laws,sparse_skew,2000,9015,1729,667,max_maxdegree,4,0,207200,12.499613170930166,32700
19,laws,sparse_skew,2000,9015,1729,667,fourary,4,1,397300,0,0
19,laws,sparse_skew,2000,9015,1729,667,std_binary,4,2,357500,0,0
19,laws,sparse_skew,2000,9015,1729,667,caliber,4,3,328000,0,27300
19,laws,sparse_skew,2000,9015,1729,667,mean_map,4,4,200100,11.885806387189264,7100
19,laws,sparse_skew,2000,9015,1729,667,selected_grid,4,5,243600,47.54322554875706,18543800
19,laws,sparse_skew,2000,9015,1729,667,binary,4,6,353200,0,0
19,laws,sparse_skew,2000,9015,1729,667,mean_degree,4,7,229000,2.6368954824601807,7100
19,laws,sparse_skew,2000,9015,1729,667,degree4,4,8,404500,0,119000
19,laws,sparse_skew,2000,9015,1729,667,mean_ring,4,9,196400,11.885806387189264,7100
19,laws,sparse_skew,2000,9015,1729,667,mean_ring,5,0,187700,11.885806387189264,7100
19,laws,sparse_skew,2000,9015,1729,667,degree4,5,1,388900,0,119000
19,laws,sparse_skew,2000,9015,1729,667,mean_degree,5,2,223300,2.6368954824601807,7100
19,laws,sparse_skew,2000,9015,1729,667,binary,5,3,347000,0,0
19,laws,sparse_skew,2000,9015,1729,667,selected_grid,5,4,240600,47.54322554875706,18543800
19,laws,sparse_skew,2000,9015,1729,667,mean_map,5,5,210200,11.885806387189264,7100
19,laws,sparse_skew,2000,9015,1729,667,caliber,5,6,358800,0,27300
19,laws,sparse_skew,2000,9015,1729,667,std_binary,5,7,437800,0,0
19,laws,sparse_skew,2000,9015,1729,667,fourary,5,8,407100,0,0
19,laws,sparse_skew,2000,9015,1729,667,max_maxdegree,5,9,205300,12.499613170930166,32700
19,laws,sparse_skew,2000,9015,1729,667,caliber,6,0,323200,0,27300
19,laws,sparse_skew,2000,9015,1729,667,max_maxdegree,6,1,313800,12.499613170930166,32700
19,laws,sparse_skew,2000,9015,1729,667,degree4,6,2,593000,0,119000
19,laws,sparse_skew,2000,9015,1729,667,mean_ring,6,3,204500,11.885806387189264,7100
19,laws,sparse_skew,2000,9015,1729,667,binary,6,4,359400,0,0
19,laws,sparse_skew,2000,9015,1729,667,std_binary,6,5,390900,0,0
19,laws,sparse_skew,2000,9015,1729,667,selected_grid,6,6,238300,47.54322554875706,18543800
19,laws,sparse_skew,2000,9015,1729,667,fourary,6,7,886600,0,0
19,laws,sparse_skew,2000,9015,1729,667,mean_map,6,8,437500,11.885806387189264,7100
19,laws,sparse_skew,2000,9015,1729,667,mean_degree,6,9,241400,2.6368954824601807,7100
19,laws,sparse_skew,2000,9015,1729,667,mean_degree,7,0,225400,2.6368954824601807,7100
19,laws,sparse_skew,2000,9015,1729,667,mean_map,7,1,212600,11.885806387189264,7100
19,laws,sparse_skew,2000,9015,1729,667,fourary,7,2,389500,0,0
19,laws,sparse_skew,2000,9015,1729,667,selected_grid,7,3,348700,47.54322554875706,18543800
19,laws,sparse_skew,2000,9015,1729,667,std_binary,7,4,365100,0,0
19,laws,sparse_skew,2000,9015,1729,667,binary,7,5,683300,0,0
19,laws,sparse_skew,2000,9015,1729,667,mean_ring,7,6,274100,11.885806387189264,7100
19,laws,sparse_skew,2000,9015,1729,667,degree4,7,7,441200,0,119000
19,laws,sparse_skew,2000,9015,1729,667,max_maxdegree,7,8,209500,12.499613170930166,32700
19,laws,sparse_skew,2000,9015,1729,667,caliber,7,9,392700,0,27300
19,laws,sparse_skew,2000,9015,1729,1333,std_binary,0,0,353100,0,0
19,laws,sparse_skew,2000,9015,1729,1333,caliber,0,1,328300,0,27300
19,laws,sparse_skew,2000,9015,1729,1333,max_maxdegree,0,2,373600,12.499613170930166,32700
19,laws,sparse_skew,2000,9015,1729,1333,mean_degree,0,3,327000,2.6368954824601807,7100
19,laws,sparse_skew,2000,9015,1729,1333,mean_ring,0,4,275000,11.885806387189264,7100
19,laws,sparse_skew,2000,9015,1729,1333,fourary,0,5,484600,0,0
19,laws,sparse_skew,2000,9015,1729,1333,degree4,0,6,513500,0,119000
19,laws,sparse_skew,2000,9015,1729,1333,binary,0,7,415400,0,0
19,laws,sparse_skew,2000,9015,1729,1333,selected_grid,0,8,243500,47.54322554875706,18543800
19,laws,sparse_skew,2000,9015,1729,1333,mean_map,0,9,226100,11.885806387189264,7100
19,laws,sparse_skew,2000,9015,1729,1333,mean_map,1,0,219600,11.885806387189264,7100
19,laws,sparse_skew,2000,9015,1729,1333,selected_grid,1,1,235000,47.54322554875706,18543800
19,laws,sparse_skew,2000,9015,1729,1333,binary,1,2,364500,0,0
19,laws,sparse_skew,2000,9015,1729,1333,degree4,1,3,661000,0,119000
19,laws,sparse_skew,2000,9015,1729,1333,fourary,1,4,369300,0,0
19,laws,sparse_skew,2000,9015,1729,1333,mean_ring,1,5,224700,11.885806387189264,7100
19,laws,sparse_skew,2000,9015,1729,1333,mean_degree,1,6,258700,2.6368954824601807,7100
19,laws,sparse_skew,2000,9015,1729,1333,max_maxdegree,1,7,220000,12.499613170930166,32700
19,laws,sparse_skew,2000,9015,1729,1333,caliber,1,8,332600,0,27300
19,laws,sparse_skew,2000,9015,1729,1333,std_binary,1,9,376300,0,0
19,laws,sparse_skew,2000,9015,1729,1333,max_maxdegree,2,0,217500,12.499613170930166,32700
19,laws,sparse_skew,2000,9015,1729,1333,std_binary,2,1,345600,0,0
19,laws,sparse_skew,2000,9015,1729,1333,selected_grid,2,2,231200,47.54322554875706,18543800
19,laws,sparse_skew,2000,9015,1729,1333,mean_ring,2,3,225300,11.885806387189264,7100
19,laws,sparse_skew,2000,9015,1729,1333,fourary,2,4,358500,0,0
19,laws,sparse_skew,2000,9015,1729,1333,binary,2,5,355500,0,0
19,laws,sparse_skew,2000,9015,1729,1333,mean_degree,2,6,233000,2.6368954824601807,7100
19,laws,sparse_skew,2000,9015,1729,1333,degree4,2,7,415700,0,119000
19,laws,sparse_skew,2000,9015,1729,1333,caliber,2,8,332600,0,27300
19,laws,sparse_skew,2000,9015,1729,1333,mean_map,2,9,221300,11.885806387189264,7100
19,laws,sparse_skew,2000,9015,1729,1333,mean_map,3,0,252300,11.885806387189264,7100
19,laws,sparse_skew,2000,9015,1729,1333,caliber,3,1,365600,0,27300
19,laws,sparse_skew,2000,9015,1729,1333,degree4,3,2,401700,0,119000
19,laws,sparse_skew,2000,9015,1729,1333,mean_degree,3,3,251600,2.6368954824601807,7100
19,laws,sparse_skew,2000,9015,1729,1333,binary,3,4,360100,0,0
19,laws,sparse_skew,2000,9015,1729,1333,fourary,3,5,377100,0,0
19,laws,sparse_skew,2000,9015,1729,1333,mean_ring,3,6,224500,11.885806387189264,7100
19,laws,sparse_skew,2000,9015,1729,1333,selected_grid,3,7,240200,47.54322554875706,18543800
19,laws,sparse_skew,2000,9015,1729,1333,std_binary,3,8,363200,0,0
19,laws,sparse_skew,2000,9015,1729,1333,max_maxdegree,3,9,225600,12.499613170930166,32700
19,laws,sparse_skew,2000,9015,1729,1333,mean_degree,4,0,235800,2.6368954824601807,7100
19,laws,sparse_skew,2000,9015,1729,1333,std_binary,4,1,354800,0,0
19,laws,sparse_skew,2000,9015,1729,1333,fourary,4,2,369300,0,0
19,laws,sparse_skew,2000,9015,1729,1333,selected_grid,4,3,231600,47.54322554875706,18543800
19,laws,sparse_skew,2000,9015,1729,1333,binary,4,4,362600,0,0
19,laws,sparse_skew,2000,9015,1729,1333,max_maxdegree,4,5,224700,12.499613170930166,32700
19,laws,sparse_skew,2000,9015,1729,1333,degree4,4,6,407400,0,119000
19,laws,sparse_skew,2000,9015,1729,1333,mean_map,4,7,218700,11.885806387189264,7100
19,laws,sparse_skew,2000,9015,1729,1333,caliber,4,8,344600,0,27300
19,laws,sparse_skew,2000,9015,1729,1333,mean_ring,4,9,215900,11.885806387189264,7100
19,laws,sparse_skew,2000,9015,1729,1333,mean_ring,5,0,208800,11.885806387189264,7100
19,laws,sparse_skew,2000,9015,1729,1333,caliber,5,1,331100,0,27300
19,laws,sparse_skew,2000,9015,1729,1333,mean_map,5,2,219300,11.885806387189264,7100
19,laws,sparse_skew,2000,9015,1729,1333,degree4,5,3,408100,0,119000
19,laws,sparse_skew,2000,9015,1729,1333,max_maxdegree,5,4,222300,12.499613170930166,32700
19,laws,sparse_skew,2000,9015,1729,1333,binary,5,5,365200,0,0
19,laws,sparse_skew,2000,9015,1729,1333,selected_grid,5,6,230800,47.54322554875706,18543800
19,laws,sparse_skew,2000,9015,1729,1333,fourary,5,7,357300,0,0
19,laws,sparse_skew,2000,9015,1729,1333,std_binary,5,8,351700,0,0
19,laws,sparse_skew,2000,9015,1729,1333,mean_degree,5,9,235500,2.6368954824601807,7100
19,laws,sparse_skew,2000,9015,1729,1333,fourary,6,0,360400,0,0
19,laws,sparse_skew,2000,9015,1729,1333,binary,6,1,356500,0,0
19,laws,sparse_skew,2000,9015,1729,1333,max_maxdegree,6,2,215900,12.499613170930166,32700
19,laws,sparse_skew,2000,9015,1729,1333,std_binary,6,3,353000,0,0
19,laws,sparse_skew,2000,9015,1729,1333,mean_map,6,4,211000,11.885806387189264,7100
19,laws,sparse_skew,2000,9015,1729,1333,degree4,6,5,398300,0,119000
19,laws,sparse_skew,2000,9015,1729,1333,mean_ring,6,6,210500,11.885806387189264,7100
19,laws,sparse_skew,2000,9015,1729,1333,selected_grid,6,7,231200,47.54322554875706,18543800
19,laws,sparse_skew,2000,9015,1729,1333,mean_degree,6,8,236600,2.6368954824601807,7100
19,laws,sparse_skew,2000,9015,1729,1333,caliber,6,9,337800,0,27300
19,laws,sparse_skew,2000,9015,1729,1333,caliber,7,0,324400,0,27300
19,laws,sparse_skew,2000,9015,1729,1333,mean_degree,7,1,244700,2.6368954824601807,7100
19,laws,sparse_skew,2000,9015,1729,1333,selected_grid,7,2,226500,47.54322554875706,18543800
19,laws,sparse_skew,2000,9015,1729,1333,mean_ring,7,3,207400,11.885806387189264,7100
19,laws,sparse_skew,2000,9015,1729,1333,degree4,7,4,400100,0,119000
19,laws,sparse_skew,2000,9015,1729,1333,mean_map,7,5,213200,11.885806387189264,7100
19,laws,sparse_skew,2000,9015,1729,1333,std_binary,7,6,352300,0,0
19,laws,sparse_skew,2000,9015,1729,1333,max_maxdegree,7,7,216700,12.499613170930166,32700
19,laws,sparse_skew,2000,9015,1729,1333,binary,7,8,357400,0,0
19,laws,sparse_skew,2000,9015,1729,1333,fourary,7,9,359200,0,0
20,calibration,sparse_bimodal,2000,9015,1729,0,grid_1.5,0,0,116500,31.727121464226286,7100
20,calibration,sparse_bimodal,2000,9015,1729,0,grid_2,0,1,111000,42.302828618968384,7100
20,calibration,sparse_bimodal,2000,9015,1729,0,grid_0.25,0,2,128800,5.287853577371048,7100
20,calibration,sparse_bimodal,2000,9015,1729,0,grid_0.75,0,3,119100,15.863560732113143,7100
20,calibration,sparse_bimodal,2000,9015,1729,0,grid_0.05,0,4,138800,1.0575707154742096,7100
20,calibration,sparse_bimodal,2000,9015,1729,0,grid_0.5,0,5,114500,10.575707154742096,7100
20,calibration,sparse_bimodal,2000,9015,1729,0,grid_0.1,0,6,119500,2.115141430948419,7100
20,calibration,sparse_bimodal,2000,9015,1729,0,grid_16,0,7,178500,338.4226289517471,7100
20,calibration,sparse_bimodal,2000,9015,1729,0,grid_0.03125,0,8,162400,0.660981697171381,7100
20,calibration,sparse_bimodal,2000,9015,1729,0,grid_4,0,9,136400,84.60565723793677,7100
20,calibration,sparse_bimodal,2000,9015,1729,0,grid_8,0,10,139400,169.21131447587354,7100
20,calibration,sparse_bimodal,2000,9015,1729,0,grid_1,0,11,138600,21.151414309484192,7100
20,calibration,sparse_bimodal,2000,9015,1729,0,grid_1,1,0,127500,21.151414309484192,7100
20,calibration,sparse_bimodal,2000,9015,1729,0,grid_8,1,1,139200,169.21131447587354,7100
20,calibration,sparse_bimodal,2000,9015,1729,0,grid_4,1,2,120800,84.60565723793677,7100
20,calibration,sparse_bimodal,2000,9015,1729,0,grid_0.03125,1,3,150800,0.660981697171381,7100
20,calibration,sparse_bimodal,2000,9015,1729,0,grid_16,1,4,181000,338.4226289517471,7100
20,calibration,sparse_bimodal,2000,9015,1729,0,grid_0.1,1,5,142700,2.115141430948419,7100
20,calibration,sparse_bimodal,2000,9015,1729,0,grid_0.5,1,6,133800,10.575707154742096,7100
20,calibration,sparse_bimodal,2000,9015,1729,0,grid_0.05,1,7,144500,1.0575707154742096,7100
20,calibration,sparse_bimodal,2000,9015,1729,0,grid_0.75,1,8,116300,15.863560732113143,7100
20,calibration,sparse_bimodal,2000,9015,1729,0,grid_0.25,1,9,115300,5.287853577371048,7100
20,calibration,sparse_bimodal,2000,9015,1729,0,grid_2,1,10,103300,42.302828618968384,7100
20,calibration,sparse_bimodal,2000,9015,1729,0,grid_1.5,1,11,102800,31.727121464226286,7100
20,calibration,sparse_bimodal,2000,9015,1729,0,grid_0.75,2,0,95700,15.863560732113143,7100
20,calibration,sparse_bimodal,2000,9015,1729,0,grid_0.05,2,1,124300,1.0575707154742096,7100
20,calibration,sparse_bimodal,2000,9015,1729,0,grid_1.5,2,2,109900,31.727121464226286,7100
20,calibration,sparse_bimodal,2000,9015,1729,0,grid_16,2,3,178000,338.4226289517471,7100
20,calibration,sparse_bimodal,2000,9015,1729,0,grid_0.5,2,4,119700,10.575707154742096,7100
20,calibration,sparse_bimodal,2000,9015,1729,0,grid_0.1,2,5,125900,2.115141430948419,7100
20,calibration,sparse_bimodal,2000,9015,1729,0,grid_1,2,6,110700,21.151414309484192,7100
20,calibration,sparse_bimodal,2000,9015,1729,0,grid_0.03125,2,7,154600,0.660981697171381,7100
20,calibration,sparse_bimodal,2000,9015,1729,0,grid_2,2,8,127800,42.302828618968384,7100
20,calibration,sparse_bimodal,2000,9015,1729,0,grid_8,2,9,138400,169.21131447587354,7100
20,calibration,sparse_bimodal,2000,9015,1729,0,grid_0.25,2,10,170800,5.287853577371048,7100
20,calibration,sparse_bimodal,2000,9015,1729,0,grid_4,2,11,288400,84.60565723793677,7100
20,calibration,sparse_bimodal,2000,9015,1729,0,grid_4,3,0,143800,84.60565723793677,7100
20,calibration,sparse_bimodal,2000,9015,1729,0,grid_0.25,3,1,144200,5.287853577371048,7100
20,calibration,sparse_bimodal,2000,9015,1729,0,grid_8,3,2,155000,169.21131447587354,7100
20,calibration,sparse_bimodal,2000,9015,1729,0,grid_2,3,3,151400,42.302828618968384,7100
20,calibration,sparse_bimodal,2000,9015,1729,0,grid_0.03125,3,4,172700,0.660981697171381,7100
20,calibration,sparse_bimodal,2000,9015,1729,0,grid_1,3,5,130200,21.151414309484192,7100
20,calibration,sparse_bimodal,2000,9015,1729,0,grid_0.1,3,6,152200,2.115141430948419,7100
20,calibration,sparse_bimodal,2000,9015,1729,0,grid_0.5,3,7,123300,10.575707154742096,7100
20,calibration,sparse_bimodal,2000,9015,1729,0,grid_16,3,8,178900,338.4226289517471,7100
20,calibration,sparse_bimodal,2000,9015,1729,0,grid_1.5,3,9,116200,31.727121464226286,7100
20,calibration,sparse_bimodal,2000,9015,1729,0,grid_0.05,3,10,170200,1.0575707154742096,7100
20,calibration,sparse_bimodal,2000,9015,1729,0,grid_0.75,3,11,131500,15.863560732113143,7100
20,calibration,sparse_bimodal,2000,9015,1729,0,grid_0.03125,4,0,160200,0.660981697171381,7100
20,calibration,sparse_bimodal,2000,9015,1729,0,grid_0.05,4,1,144100,1.0575707154742096,7100
20,calibration,sparse_bimodal,2000,9015,1729,0,grid_0.75,4,2,465500,15.863560732113143,7100
20,calibration,sparse_bimodal,2000,9015,1729,0,grid_0.25,4,3,175900,5.287853577371048,7100
20,calibration,sparse_bimodal,2000,9015,1729,0,grid_0.1,4,4,183900,2.115141430948419,7100
20,calibration,sparse_bimodal,2000,9015,1729,0,grid_4,4,5,140800,84.60565723793677,7100
20,calibration,sparse_bimodal,2000,9015,1729,0,grid_16,4,6,179200,338.4226289517471,7100
20,calibration,sparse_bimodal,2000,9015,1729,0,grid_1.5,4,7,117400,31.727121464226286,7100
20,calibration,sparse_bimodal,2000,9015,1729,0,grid_1,4,8,122500,21.151414309484192,7100
20,calibration,sparse_bimodal,2000,9015,1729,0,grid_0.5,4,9,113700,10.575707154742096,7100
20,calibration,sparse_bimodal,2000,9015,1729,0,grid_8,4,10,145400,169.21131447587354,7100
20,calibration,sparse_bimodal,2000,9015,1729,0,grid_2,4,11,137700,42.302828618968384,7100
20,calibration,sparse_bimodal,2000,9015,1729,0,grid_2,5,0,126500,42.302828618968384,7100
20,calibration,sparse_bimodal,2000,9015,1729,0,grid_8,5,1,132900,169.21131447587354,7100
20,calibration,sparse_bimodal,2000,9015,1729,0,grid_0.5,5,2,128200,10.575707154742096,7100
20,calibration,sparse_bimodal,2000,9015,1729,0,grid_1,5,3,121500,21.151414309484192,7100
20,calibration,sparse_bimodal,2000,9015,1729,0,grid_1.5,5,4,111300,31.727121464226286,7100
20,calibration,sparse_bimodal,2000,9015,1729,0,grid_16,5,5,178800,338.4226289517471,7100
20,calibration,sparse_bimodal,2000,9015,1729,0,grid_4,5,6,137000,84.60565723793677,7100
20,calibration,sparse_bimodal,2000,9015,1729,0,grid_0.1,5,7,148700,2.115141430948419,7100
20,calibration,sparse_bimodal,2000,9015,1729,0,grid_0.25,5,8,134400,5.287853577371048,7100
20,calibration,sparse_bimodal,2000,9015,1729,0,grid_0.75,5,9,119300,15.863560732113143,7100
20,calibration,sparse_bimodal,2000,9015,1729,0,grid_0.05,5,10,140000,1.0575707154742096,7100
20,calibration,sparse_bimodal,2000,9015,1729,0,grid_0.03125,5,11,182300,0.660981697171381,7100
20,laws,sparse_bimodal,2000,9015,1729,667,radix,0,0,114300,0,0
20,laws,sparse_bimodal,2000,9015,1729,667,max_maxdegree,0,1,142300,12.5,24100
20,laws,sparse_bimodal,2000,9015,1729,667,std_binary,0,2,278000,0,0
20,laws,sparse_bimodal,2000,9015,1729,667,caliber,0,3,282300,0,27700
20,laws,sparse_bimodal,2000,9015,1729,667,degree4,0,4,381200,0,119200
20,laws,sparse_bimodal,2000,9015,1729,667,mean_ring,0,5,263500,21.151414309484192,7100
20,laws,sparse_bimodal,2000,9015,1729,667,binary,0,6,757700,0,0
20,laws,sparse_bimodal,2000,9015,1729,667,selected_grid,0,7,154300,31.727121464226286,10509100
20,laws,sparse_bimodal,2000,9015,1729,667,mean_map,0,8,141100,21.151414309484192,7100
20,laws,sparse_bimodal,2000,9015,1729,667,fourary,0,9,412800,0,0
20,laws,sparse_bimodal,2000,9015,1729,667,mean_degree,0,10,157600,4.692493468548905,7100
20,laws,sparse_bimodal,2000,9015,1729,667,mean_degree,1,0,146600,4.692493468548905,7100
20,laws,sparse_bimodal,2000,9015,1729,667,fourary,1,1,349700,0,0
20,laws,sparse_bimodal,2000,9015,1729,667,mean_map,1,2,139500,21.151414309484192,7100
20,laws,sparse_bimodal,2000,9015,1729,667,selected_grid,1,3,130600,31.727121464226286,10509100
20,laws,sparse_bimodal,2000,9015,1729,667,binary,1,4,348000,0,0
20,laws,sparse_bimodal,2000,9015,1729,667,mean_ring,1,5,160000,21.151414309484192,7100
20,laws,sparse_bimodal,2000,9015,1729,667,degree4,1,6,388600,0,119200
20,laws,sparse_bimodal,2000,9015,1729,667,caliber,1,7,328900,0,27700
20,laws,sparse_bimodal,2000,9015,1729,667,std_binary,1,8,287700,0,0
20,laws,sparse_bimodal,2000,9015,1729,667,max_maxdegree,1,9,155400,12.5,24100
20,laws,sparse_bimodal,2000,9015,1729,667,radix,1,10,122400,0,0
20,laws,sparse_bimodal,2000,9015,1729,667,mean_ring,2,0,152200,21.151414309484192,7100
20,laws,sparse_bimodal,2000,9015,1729,667,mean_degree,2,1,153900,4.692493468548905,7100
20,laws,sparse_bimodal,2000,9015,1729,667,binary,2,2,348800,0,0
20,laws,sparse_bimodal,2000,9015,1729,667,degree4,2,3,374800,0,119200
20,laws,sparse_bimodal,2000,9015,1729,667,selected_grid,2,4,164400,31.727121464226286,10509100
20,laws,sparse_bimodal,2000,9015,1729,667,radix,2,5,122400,0,0
20,laws,sparse_bimodal,2000,9015,1729,667,fourary,2,6,380800,0,0
20,laws,sparse_bimodal,2000,9015,1729,667,caliber,2,7,277600,0,27700
20,laws,sparse_bimodal,2000,9015,1729,667,mean_map,2,8,163300,21.151414309484192,7100
20,laws,sparse_bimodal,2000,9015,1729,667,std_binary,2,9,286500,0,0
20,laws,sparse_bimodal,2000,9015,1729,667,max_maxdegree,2,10,149100,12.5,24100
20,laws,sparse_bimodal,2000,9015,1729,667,max_maxdegree,3,0,139300,12.5,24100
20,laws,sparse_bimodal,2000,9015,1729,667,std_binary,3,1,277700,0,0
20,laws,sparse_bimodal,2000,9015,1729,667,mean_map,3,2,242400,21.151414309484192,7100
20,laws,sparse_bimodal,2000,9015,1729,667,caliber,3,3,283000,0,27700
20,laws,sparse_bimodal,2000,9015,1729,667,fourary,3,4,390500,0,0
20,laws,sparse_bimodal,2000,9015,1729,667,radix,3,5,120000,0,0
20,laws,sparse_bimodal,2000,9015,1729,667,selected_grid,3,6,192700,31.727121464226286,10509100
20,laws,sparse_bimodal,2000,9015,1729,667,degree4,3,7,366100,0,119200
20,laws,sparse_bimodal,2000,9015,1729,667,binary,3,8,338000,0,0
20,laws,sparse_bimodal,2000,9015,1729,667,mean_degree,3,9,152500,4.692493468548905,7100
20,laws,sparse_bimodal,2000,9015,1729,667,mean_ring,3,10,161400,21.151414309484192,7100
20,laws,sparse_bimodal,2000,9015,1729,667,std_binary,4,0,278800,0,0
20,laws,sparse_bimodal,2000,9015,1729,667,mean_degree,4,1,150800,4.692493468548905,7100
20,laws,sparse_bimodal,2000,9015,1729,667,fourary,4,2,361200,0,0
20,laws,sparse_bimodal,2000,9015,1729,667,max_maxdegree,4,3,157200,12.5,24100
20,laws,sparse_bimodal,2000,9015,1729,667,binary,4,4,342200,0,0
20,laws,sparse_bimodal,2000,9015,1729,667,mean_ring,4,5,145900,21.151414309484192,7100
20,laws,sparse_bimodal,2000,9015,1729,667,mean_map,4,6,137700,21.151414309484192,7100
20,laws,sparse_bimodal,2000,9015,1729,667,caliber,4,7,275600,0,27700
20,laws,sparse_bimodal,2000,9015,1729,667,selected_grid,4,8,177000,31.727121464226286,10509100
20,laws,sparse_bimodal,2000,9015,1729,667,degree4,4,9,455500,0,119200
20,laws,sparse_bimodal,2000,9015,1729,667,radix,4,10,163400,0,0
20,laws,sparse_bimodal,2000,9015,1729,667,radix,5,0,156400,0,0
20,laws,sparse_bimodal,2000,9015,1729,667,degree4,5,1,457300,0,119200
20,laws,sparse_bimodal,2000,9015,1729,667,selected_grid,5,2,152800,31.727121464226286,10509100
20,laws,sparse_bimodal,2000,9015,1729,667,caliber,5,3,275400,0,27700
20,laws,sparse_bimodal,2000,9015,1729,667,mean_map,5,4,145700,21.151414309484192,7100
20,laws,sparse_bimodal,2000,9015,1729,667,mean_ring,5,5,151000,21.151414309484192,7100
20,laws,sparse_bimodal,2000,9015,1729,667,binary,5,6,336200,0,0
20,laws,sparse_bimodal,2000,9015,1729,667,max_maxdegree,5,7,213800,12.5,24100
20,laws,sparse_bimodal,2000,9015,1729,667,fourary,5,8,357200,0,0
20,laws,sparse_bimodal,2000,9015,1729,667,mean_degree,5,9,152000,4.692493468548905,7100
20,laws,sparse_bimodal,2000,9015,1729,667,std_binary,5,10,282000,0,0
20,laws,sparse_bimodal,2000,9015,1729,667,degree4,6,0,369800,0,119200
20,laws,sparse_bimodal,2000,9015,1729,667,mean_degree,6,1,147700,4.692493468548905,7100
20,laws,sparse_bimodal,2000,9015,1729,667,caliber,6,2,280500,0,27700
20,laws,sparse_bimodal,2000,9015,1729,667,fourary,6,3,351700,0,0
20,laws,sparse_bimodal,2000,9015,1729,667,radix,6,4,121800,0,0
20,laws,sparse_bimodal,2000,9015,1729,667,std_binary,6,5,276200,0,0
20,laws,sparse_bimodal,2000,9015,1729,667,mean_map,6,6,140900,21.151414309484192,7100
20,laws,sparse_bimodal,2000,9015,1729,667,max_maxdegree,6,7,133300,12.5,24100
20,laws,sparse_bimodal,2000,9015,1729,667,mean_ring,6,8,147000,21.151414309484192,7100
20,laws,sparse_bimodal,2000,9015,1729,667,binary,6,9,333200,0,0
20,laws,sparse_bimodal,2000,9015,1729,667,selected_grid,6,10,144500,31.727121464226286,10509100
20,laws,sparse_bimodal,2000,9015,1729,667,selected_grid,7,0,138600,31.727121464226286,10509100
20,laws,sparse_bimodal,2000,9015,1729,667,binary,7,1,339800,0,0
20,laws,sparse_bimodal,2000,9015,1729,667,mean_ring,7,2,140400,21.151414309484192,7100
20,laws,sparse_bimodal,2000,9015,1729,667,max_maxdegree,7,3,191400,12.5,24100
20,laws,sparse_bimodal,2000,9015,1729,667,mean_map,7,4,126100,21.151414309484192,7100
20,laws,sparse_bimodal,2000,9015,1729,667,std_binary,7,5,278600,0,0
20,laws,sparse_bimodal,2000,9015,1729,667,radix,7,6,119400,0,0
20,laws,sparse_bimodal,2000,9015,1729,667,fourary,7,7,357300,0,0
20,laws,sparse_bimodal,2000,9015,1729,667,caliber,7,8,302200,0,27700
20,laws,sparse_bimodal,2000,9015,1729,667,mean_degree,7,9,172700,4.692493468548905,7100
20,laws,sparse_bimodal,2000,9015,1729,667,degree4,7,10,384100,0,119200
20,laws,sparse_bimodal,2000,9015,1729,1333,std_binary,0,0,283200,0,0
20,laws,sparse_bimodal,2000,9015,1729,1333,caliber,0,1,292400,0,27700
20,laws,sparse_bimodal,2000,9015,1729,1333,max_maxdegree,0,2,146700,12.5,24100
20,laws,sparse_bimodal,2000,9015,1729,1333,mean_degree,0,3,148900,4.692493468548905,7100
20,laws,sparse_bimodal,2000,9015,1729,1333,selected_grid,0,4,131500,31.727121464226286,10509100
20,laws,sparse_bimodal,2000,9015,1729,1333,fourary,0,5,363600,0,0
20,laws,sparse_bimodal,2000,9015,1729,1333,degree4,0,6,386900,0,119200
20,laws,sparse_bimodal,2000,9015,1729,1333,binary,0,7,332100,0,0
20,laws,sparse_bimodal,2000,9015,1729,1333,radix,0,8,118400,0,0
20,laws,sparse_bimodal,2000,9015,1729,1333,mean_map,0,9,148500,21.151414309484192,7100
20,laws,sparse_bimodal,2000,9015,1729,1333,mean_ring,0,10,145700,21.151414309484192,7100
20,laws,sparse_bimodal,2000,9015,1729,1333,mean_ring,1,0,177400,21.151414309484192,7100
20,laws,sparse_bimodal,2000,9015,1729,1333,mean_map,1,1,146200,21.151414309484192,7100
20,laws,sparse_bimodal,2000,9015,1729,1333,radix,1,2,116600,0,0
20,laws,sparse_bimodal,2000,9015,1729,1333,binary,1,3,339300,0,0
20,laws,sparse_bimodal,2000,9015,1729,1333,degree4,1,4,377700,0,119200
20,laws,sparse_bimodal,2000,9015,1729,1333,fourary,1,5,377200,0,0
20,laws,sparse_bimodal,2000,9015,1729,1333,selected_grid,1,6,164500,31.727121464226286,10509100
20,laws,sparse_bimodal,2000,9015,1729,1333,mean_degree,1,7,159300,4.692493468548905,7100
20,laws,sparse_bimodal,2000,9015,1729,1333,max_maxdegree,1,8,143400,12.5,24100
20,laws,sparse_bimodal,2000,9015,1729,1333,caliber,1,9,319900,0,27700
20,laws,sparse_bimodal,2000,9015,1729,1333,std_binary,1,10,272900,0,0
20,laws,sparse_bimodal,2000,9015,1729,1333,mean_degree,2,0,164400,4.692493468548905,7100
20,laws,sparse_bimodal,2000,9015,1729,1333,radix,2,1,119700,0,0
20,laws,sparse_bimodal,2000,9015,1729,1333,selected_grid,2,2,149800,31.727121464226286,10509100
20,laws,sparse_bimodal,2000,9015,1729,1333,fourary,2,3,372400,0,0
20,laws,sparse_bimodal,2000,9015,1729,1333,std_binary,2,4,263300,0,0
20,laws,sparse_bimodal,2000,9015,1729,1333,mean_map,2,5,143000,21.151414309484192,7100
20,laws,sparse_bimodal,2000,9015,1729,1333,degree4,2,6,381800,0,119200
20,laws,sparse_bimodal,2000,9015,1729,1333,max_maxdegree,2,7,142700,12.5,24100
20,laws,sparse_bimodal,2000,9015,1729,1333,binary,2,8,331900,0,0
20,laws,sparse_bimodal,2000,9015,1729,1333,caliber,2,9,276100,0,27700
20,laws,sparse_bimodal,2000,9015,1729,1333,mean_ring,2,10,151200,21.151414309484192,7100
20,laws,sparse_bimodal,2000,9015,1729,1333,mean_ring,3,0,144200,21.151414309484192,7100
20,laws,sparse_bimodal,2000,9015,1729,1333,caliber,3,1,277200,0,27700
20,laws,sparse_bimodal,2000,9015,1729,1333,binary,3,2,330200,0,0
20,laws,sparse_bimodal,2000,9015,1729,1333,max_maxdegree,3,3,150800,12.5,24100
20,laws,sparse_bimodal,2000,9015,1729,1333,degree4,3,4,367200,0,119200
20,laws,sparse_bimodal,2000,9015,1729,1333,mean_map,3,5,142100,21.151414309484192,7100
20,laws,sparse_bimodal,2000,9015,1729,1333,std_binary,3,6,272800,0,0
20,laws,sparse_bimodal,2000,9015,1729,1333,fourary,3,7,412100,0,0
20,laws,sparse_bimodal,2000,9015,1729,1333,selected_grid,3,8,151100,31.727121464226286,10509100
20,laws,sparse_bimodal,2000,9015,1729,1333,radix,3,9,128300,0,0
20,laws,sparse_bimodal,2000,9015,1729,1333,mean_degree,3,10,164200,4.692493468548905,7100
20,laws,sparse_bimodal,2000,9015,1729,1333,caliber,4,0,286500,0,27700
20,laws,sparse_bimodal,2000,9015,1729,1333,radix,4,1,126100,0,0
20,laws,sparse_bimodal,2000,9015,1729,1333,std_binary,4,2,266900,0,0
20,laws,sparse_bimodal,2000,9015,1729,1333,binary,4,3,332300,0,0
20,laws,sparse_bimodal,2000,9015,1729,1333,fourary,4,4,392300,0,0
20,laws,sparse_bimodal,2000,9015,1729,1333,mean_ring,4,5,171600,21.151414309484192,7100
20,laws,sparse_bimodal,2000,9015,1729,1333,mean_map,4,6,160700,21.151414309484192,7100
20,laws,sparse_bimodal,2000,9015,1729,1333,degree4,4,7,395600,0,119200
20,laws,sparse_bimodal,2000,9015,1729,1333,selected_grid,4,8,158000,31.727121464226286,10509100
20,laws,sparse_bimodal,2000,9015,1729,1333,mean_degree,4,9,159000,4.692493468548905,7100
20,laws,sparse_bimodal,2000,9015,1729,1333,max_maxdegree,4,10,143100,12.5,24100
20,laws,sparse_bimodal,2000,9015,1729,1333,max_maxdegree,5,0,139300,12.5,24100
20,laws,sparse_bimodal,2000,9015,1729,1333,mean_degree,5,1,139300,4.692493468548905,7100
20,laws,sparse_bimodal,2000,9015,1729,1333,selected_grid,5,2,122400,31.727121464226286,10509100
20,laws,sparse_bimodal,2000,9015,1729,1333,degree4,5,3,376600,0,119200
20,laws,sparse_bimodal,2000,9015,1729,1333,mean_map,5,4,142200,21.151414309484192,7100
20,laws,sparse_bimodal,2000,9015,1729,1333,mean_ring,5,5,143300,21.151414309484192,7100
20,laws,sparse_bimodal,2000,9015,1729,1333,fourary,5,6,365000,0,0
20,laws,sparse_bimodal,2000,9015,1729,1333,binary,5,7,327800,0,0
20,laws,sparse_bimodal,2000,9015,1729,1333,std_binary,5,8,271700,0,0
20,laws,sparse_bimodal,2000,9015,1729,1333,radix,5,9,119000,0,0
20,laws,sparse_bimodal,2000,9015,1729,1333,caliber,5,10,279900,0,27700
20,laws,sparse_bimodal,2000,9015,1729,1333,std_binary,6,0,302900,0,0
20,laws,sparse_bimodal,2000,9015,1729,1333,fourary,6,1,357300,0,0
20,laws,sparse_bimodal,2000,9015,1729,1333,caliber,6,2,284500,0,27700
20,laws,sparse_bimodal,2000,9015,1729,1333,selected_grid,6,3,167600,31.727121464226286,10509100
20,laws,sparse_bimodal,2000,9015,1729,1333,mean_map,6,4,155100,21.151414309484192,7100
20,laws,sparse_bimodal,2000,9015,1729,1333,mean_ring,6,5,156800,21.151414309484192,7100
20,laws,sparse_bimodal,2000,9015,1729,1333,radix,6,6,122000,0,0
20,laws,sparse_bimodal,2000,9015,1729,1333,max_maxdegree,6,7,145800,12.5,24100
20,laws,sparse_bimodal,2000,9015,1729,1333,binary,6,8,376000,0,0
20,laws,sparse_bimodal,2000,9015,1729,1333,degree4,6,9,368500,0,119200
20,laws,sparse_bimodal,2000,9015,1729,1333,mean_degree,6,10,160500,4.692493468548905,7100
20,laws,sparse_bimodal,2000,9015,1729,1333,mean_degree,7,0,148500,4.692493468548905,7100
20,laws,sparse_bimodal,2000,9015,1729,1333,degree4,7,1,359200,0,119200
20,laws,sparse_bimodal,2000,9015,1729,1333,binary,7,2,321600,0,0
20,laws,sparse_bimodal,2000,9015,1729,1333,max_maxdegree,7,3,146800,12.5,24100
20,laws,sparse_bimodal,2000,9015,1729,1333,radix,7,4,118300,0,0
20,laws,sparse_bimodal,2000,9015,1729,1333,mean_ring,7,5,146100,21.151414309484192,7100
20,laws,sparse_bimodal,2000,9015,1729,1333,mean_map,7,6,137400,21.151414309484192,7100
20,laws,sparse_bimodal,2000,9015,1729,1333,selected_grid,7,7,125500,31.727121464226286,10509100
20,laws,sparse_bimodal,2000,9015,1729,1333,caliber,7,8,280100,0,27700
20,laws,sparse_bimodal,2000,9015,1729,1333,fourary,7,9,387700,0,0
20,laws,sparse_bimodal,2000,9015,1729,1333,std_binary,7,10,278800,0,0
21,calibration,sparse_zero,2000,9015,1729,0,grid_1.5,0,0,406900,56.7854315070623,6400
21,calibration,sparse_zero,2000,9015,1729,0,grid_2,0,1,330600,75.71390867608307,6400
21,calibration,sparse_zero,2000,9015,1729,0,grid_0.25,0,2,691000,9.464238584510383,6400
21,calibration,sparse_zero,2000,9015,1729,0,grid_0.75,0,3,358600,28.39271575353115,6400
21,calibration,sparse_zero,2000,9015,1729,0,grid_0.05,0,4,427700,1.8928477169020768,6400
21,calibration,sparse_zero,2000,9015,1729,0,grid_0.5,0,5,340200,18.928477169020766,6400
21,calibration,sparse_zero,2000,9015,1729,0,grid_0.1,0,6,339400,3.7856954338041535,6400
21,calibration,sparse_zero,2000,9015,1729,0,grid_16,0,7,511900,605.7112694086645,6400
21,calibration,sparse_zero,2000,9015,1729,0,grid_0.03125,0,8,381500,1.183029823063798,6400
21,calibration,sparse_zero,2000,9015,1729,0,grid_4,0,9,328300,151.42781735216613,6400
21,calibration,sparse_zero,2000,9015,1729,0,grid_8,0,10,525700,302.85563470433226,6400
21,calibration,sparse_zero,2000,9015,1729,0,grid_1,0,11,328800,37.85695433804153,6400
21,calibration,sparse_zero,2000,9015,1729,0,grid_1,1,0,316700,37.85695433804153,6400
21,calibration,sparse_zero,2000,9015,1729,0,grid_8,1,1,517400,302.85563470433226,6400
21,calibration,sparse_zero,2000,9015,1729,0,grid_4,1,2,309400,151.42781735216613,6400
21,calibration,sparse_zero,2000,9015,1729,0,grid_0.03125,1,3,419000,1.183029823063798,6400
21,calibration,sparse_zero,2000,9015,1729,0,grid_16,1,4,518100,605.7112694086645,6400
21,calibration,sparse_zero,2000,9015,1729,0,grid_0.1,1,5,323000,3.7856954338041535,6400
21,calibration,sparse_zero,2000,9015,1729,0,grid_0.5,1,6,374600,18.928477169020766,6400
21,calibration,sparse_zero,2000,9015,1729,0,grid_0.05,1,7,407900,1.8928477169020768,6400
21,calibration,sparse_zero,2000,9015,1729,0,grid_0.75,1,8,292900,28.39271575353115,6400
21,calibration,sparse_zero,2000,9015,1729,0,grid_0.25,1,9,299700,9.464238584510383,6400
21,calibration,sparse_zero,2000,9015,1729,0,grid_2,1,10,330500,75.71390867608307,6400
21,calibration,sparse_zero,2000,9015,1729,0,grid_1.5,1,11,549600,56.7854315070623,6400
21,calibration,sparse_zero,2000,9015,1729,0,grid_0.75,2,0,290500,28.39271575353115,6400
21,calibration,sparse_zero,2000,9015,1729,0,grid_0.05,2,1,368100,1.8928477169020768,6400
21,calibration,sparse_zero,2000,9015,1729,0,grid_1.5,2,2,388400,56.7854315070623,6400
21,calibration,sparse_zero,2000,9015,1729,0,grid_16,2,3,583000,605.7112694086645,6400
21,calibration,sparse_zero,2000,9015,1729,0,grid_0.5,2,4,322600,18.928477169020766,6400
21,calibration,sparse_zero,2000,9015,1729,0,grid_0.1,2,5,316600,3.7856954338041535,6400
21,calibration,sparse_zero,2000,9015,1729,0,grid_1,2,6,331400,37.85695433804153,6400
21,calibration,sparse_zero,2000,9015,1729,0,grid_0.03125,2,7,380800,1.183029823063798,6400
21,calibration,sparse_zero,2000,9015,1729,0,grid_2,2,8,332100,75.71390867608307,6400
21,calibration,sparse_zero,2000,9015,1729,0,grid_8,2,9,578900,302.85563470433226,6400
21,calibration,sparse_zero,2000,9015,1729,0,grid_0.25,2,10,387300,9.464238584510383,6400
21,calibration,sparse_zero,2000,9015,1729,0,grid_4,2,11,407300,151.42781735216613,6400
21,calibration,sparse_zero,2000,9015,1729,0,grid_4,3,0,566400,151.42781735216613,6400
21,calibration,sparse_zero,2000,9015,1729,0,grid_0.25,3,1,511400,9.464238584510383,6400
21,calibration,sparse_zero,2000,9015,1729,0,grid_8,3,2,515400,302.85563470433226,6400
21,calibration,sparse_zero,2000,9015,1729,0,grid_2,3,3,340900,75.71390867608307,6400
21,calibration,sparse_zero,2000,9015,1729,0,grid_0.03125,3,4,384900,1.183029823063798,6400
21,calibration,sparse_zero,2000,9015,1729,0,grid_1,3,5,326400,37.85695433804153,6400
21,calibration,sparse_zero,2000,9015,1729,0,grid_0.1,3,6,324300,3.7856954338041535,6400
21,calibration,sparse_zero,2000,9015,1729,0,grid_0.5,3,7,493500,18.928477169020766,6400
21,calibration,sparse_zero,2000,9015,1729,0,grid_16,3,8,566400,605.7112694086645,6400
21,calibration,sparse_zero,2000,9015,1729,0,grid_1.5,3,9,398200,56.7854315070623,6400
21,calibration,sparse_zero,2000,9015,1729,0,grid_0.05,3,10,369500,1.8928477169020768,6400
21,calibration,sparse_zero,2000,9015,1729,0,grid_0.75,3,11,402400,28.39271575353115,6400
21,calibration,sparse_zero,2000,9015,1729,0,grid_0.03125,4,0,507100,1.183029823063798,6400
21,calibration,sparse_zero,2000,9015,1729,0,grid_0.05,4,1,454900,1.8928477169020768,6400
21,calibration,sparse_zero,2000,9015,1729,0,grid_0.75,4,2,452300,28.39271575353115,6400
21,calibration,sparse_zero,2000,9015,1729,0,grid_0.25,4,3,311300,9.464238584510383,6400
21,calibration,sparse_zero,2000,9015,1729,0,grid_0.1,4,4,319300,3.7856954338041535,6400
21,calibration,sparse_zero,2000,9015,1729,0,grid_4,4,5,390100,151.42781735216613,6400
21,calibration,sparse_zero,2000,9015,1729,0,grid_16,4,6,511900,605.7112694086645,6400
21,calibration,sparse_zero,2000,9015,1729,0,grid_1.5,4,7,385700,56.7854315070623,6400
21,calibration,sparse_zero,2000,9015,1729,0,grid_1,4,8,321900,37.85695433804153,6400
21,calibration,sparse_zero,2000,9015,1729,0,grid_0.5,4,9,339700,18.928477169020766,6400
21,calibration,sparse_zero,2000,9015,1729,0,grid_8,4,10,509900,302.85563470433226,6400
21,calibration,sparse_zero,2000,9015,1729,0,grid_2,4,11,327200,75.71390867608307,6400
21,calibration,sparse_zero,2000,9015,1729,0,grid_2,5,0,311900,75.71390867608307,6400
21,calibration,sparse_zero,2000,9015,1729,0,grid_8,5,1,482900,302.85563470433226,6400
21,calibration,sparse_zero,2000,9015,1729,0,grid_0.5,5,2,364300,18.928477169020766,6400
21,calibration,sparse_zero,2000,9015,1729,0,grid_1,5,3,315000,37.85695433804153,6400
21,calibration,sparse_zero,2000,9015,1729,0,grid_1.5,5,4,375500,56.7854315070623,6400
21,calibration,sparse_zero,2000,9015,1729,0,grid_16,5,5,493800,605.7112694086645,6400
21,calibration,sparse_zero,2000,9015,1729,0,grid_4,5,6,300100,151.42781735216613,6400
21,calibration,sparse_zero,2000,9015,1729,0,grid_0.1,5,7,323800,3.7856954338041535,6400
21,calibration,sparse_zero,2000,9015,1729,0,grid_0.25,5,8,305900,9.464238584510383,6400
21,calibration,sparse_zero,2000,9015,1729,0,grid_0.75,5,9,446900,28.39271575353115,6400
21,calibration,sparse_zero,2000,9015,1729,0,grid_0.05,5,10,357700,1.8928477169020768,6400
21,calibration,sparse_zero,2000,9015,1729,0,grid_0.03125,5,11,374300,1.183029823063798,6400
21,laws,sparse_zero,2000,9015,1729,667,std_binary,0,0,485200,0,0
21,laws,sparse_zero,2000,9015,1729,667,caliber,0,1,343100,0,28300
21,laws,sparse_zero,2000,9015,1729,667,fourary,0,2,511800,0,0
21,laws,sparse_zero,2000,9015,1729,667,degree4,0,3,574200,0,129300
21,laws,sparse_zero,2000,9015,1729,667,mean_degree,0,4,303600,8.398658754973162,6400
21,laws,sparse_zero,2000,9015,1729,667,binary,0,5,459200,0,0
21,laws,sparse_zero,2000,9015,1729,667,mean_ring,0,6,273400,37.85695433804153,6400
21,laws,sparse_zero,2000,9015,1729,667,selected_grid,0,7,311900,3.7856954338041535,28906600
21,laws,sparse_zero,2000,9015,1729,667,max_maxdegree,0,8,301300,12.499380917535033,31500
21,laws,sparse_zero,2000,9015,1729,667,mean_map,0,9,302700,37.85695433804153,6400
21,laws,sparse_zero,2000,9015,1729,667,mean_map,1,0,291300,37.85695433804153,6400
21,laws,sparse_zero,2000,9015,1729,667,max_maxdegree,1,1,300700,12.499380917535033,31500
21,laws,sparse_zero,2000,9015,1729,667,selected_grid,1,2,327200,3.7856954338041535,28906600
21,laws,sparse_zero,2000,9015,1729,667,mean_ring,1,3,282400,37.85695433804153,6400
21,laws,sparse_zero,2000,9015,1729,667,binary,1,4,590500,0,0
21,laws,sparse_zero,2000,9015,1729,667,mean_degree,1,5,790000,8.398658754973162,6400
21,laws,sparse_zero,2000,9015,1729,667,degree4,1,6,608600,0,129300
21,laws,sparse_zero,2000,9015,1729,667,fourary,1,7,479200,0,0
21,laws,sparse_zero,2000,9015,1729,667,caliber,1,8,324100,0,28300
21,laws,sparse_zero,2000,9015,1729,667,std_binary,1,9,445200,0,0
21,laws,sparse_zero,2000,9015,1729,667,fourary,2,0,430000,0,0
21,laws,sparse_zero,2000,9015,1729,667,mean_map,2,1,334700,37.85695433804153,6400
21,laws,sparse_zero,2000,9015,1729,667,mean_ring,2,2,306200,37.85695433804153,6400
21,laws,sparse_zero,2000,9015,1729,667,degree4,2,3,552000,0,129300
21,laws,sparse_zero,2000,9015,1729,667,selected_grid,2,4,458200,3.7856954338041535,28906600
21,laws,sparse_zero,2000,9015,1729,667,std_binary,2,5,480700,0,0
21,laws,sparse_zero,2000,9015,1729,667,mean_degree,2,6,326000,8.398658754973162,6400
21,laws,sparse_zero,2000,9015,1729,667,binary,2,7,497100,0,0
21,laws,sparse_zero,2000,9015,1729,667,max_maxdegree,2,8,308000,12.499380917535033,31500
21,laws,sparse_zero,2000,9015,1729,667,caliber,2,9,354200,0,28300
21,laws,sparse_zero,2000,9015,1729,667,caliber,3,0,334300,0,28300
21,laws,sparse_zero,2000,9015,1729,667,max_maxdegree,3,1,306600,12.499380917535033,31500
21,laws,sparse_zero,2000,9015,1729,667,binary,3,2,473500,0,0
21,laws,sparse_zero,2000,9015,1729,667,mean_degree,3,3,309500,8.398658754973162,6400
21,laws,sparse_zero,2000,9015,1729,667,std_binary,3,4,478300,0,0
21,laws,sparse_zero,2000,9015,1729,667,selected_grid,3,5,329200,3.7856954338041535,28906600
21,laws,sparse_zero,2000,9015,1729,667,degree4,3,6,555800,0,129300
21,laws,sparse_zero,2000,9015,1729,667,mean_ring,3,7,363400,37.85695433804153,6400
21,laws,sparse_zero,2000,9015,1729,667,mean_map,3,8,304100,37.85695433804153,6400
21,laws,sparse_zero,2000,9015,1729,667,fourary,3,9,519900,0,0
21,laws,sparse_zero,2000,9015,1729,667,max_maxdegree,4,0,380300,12.499380917535033,31500
21,laws,sparse_zero,2000,9015,1729,667,fourary,4,1,464500,0,0
21,laws,sparse_zero,2000,9015,1729,667,std_binary,4,2,458800,0,0
21,laws,sparse_zero,2000,9015,1729,667,caliber,4,3,359000,0,28300
21,laws,sparse_zero,2000,9015,1729,667,mean_map,4,4,356600,37.85695433804153,6400
21,laws,sparse_zero,2000,9015,1729,667,selected_grid,4,5,356800,3.7856954338041535,28906600
21,laws,sparse_zero,2000,9015,1729,667,binary,4,6,507000,0,0
21,laws,sparse_zero,2000,9015,1729,667,mean_degree,4,7,350700,8.398658754973162,6400
21,laws,sparse_zero,2000,9015,1729,667,degree4,4,8,568600,0,129300
21,laws,sparse_zero,2000,9015,1729,667,mean_ring,4,9,277700,37.85695433804153,6400
21,laws,sparse_zero,2000,9015,1729,667,mean_ring,5,0,262100,37.85695433804153,6400
21,laws,sparse_zero,2000,9015,1729,667,degree4,5,1,516800,0,129300
21,laws,sparse_zero,2000,9015,1729,667,mean_degree,5,2,355100,8.398658754973162,6400
21,laws,sparse_zero,2000,9015,1729,667,binary,5,3,475400,0,0
21,laws,sparse_zero,2000,9015,1729,667,selected_grid,5,4,344400,3.7856954338041535,28906600
21,laws,sparse_zero,2000,9015,1729,667,mean_map,5,5,407100,37.85695433804153,6400
21,laws,sparse_zero,2000,9015,1729,667,caliber,5,6,342600,0,28300
21,laws,sparse_zero,2000,9015,1729,667,std_binary,5,7,431000,0,0
21,laws,sparse_zero,2000,9015,1729,667,fourary,5,8,624900,0,0
21,laws,sparse_zero,2000,9015,1729,667,max_maxdegree,5,9,312500,12.499380917535033,31500
21,laws,sparse_zero,2000,9015,1729,667,caliber,6,0,325700,0,28300
21,laws,sparse_zero,2000,9015,1729,667,max_maxdegree,6,1,293800,12.499380917535033,31500
21,laws,sparse_zero,2000,9015,1729,667,degree4,6,2,535400,0,129300
21,laws,sparse_zero,2000,9015,1729,667,mean_ring,6,3,747400,37.85695433804153,6400
21,laws,sparse_zero,2000,9015,1729,667,binary,6,4,511500,0,0
21,laws,sparse_zero,2000,9015,1729,667,std_binary,6,5,428200,0,0
21,laws,sparse_zero,2000,9015,1729,667,selected_grid,6,6,378400,3.7856954338041535,28906600
21,laws,sparse_zero,2000,9015,1729,667,fourary,6,7,454300,0,0
21,laws,sparse_zero,2000,9015,1729,667,mean_map,6,8,319400,37.85695433804153,6400
21,laws,sparse_zero,2000,9015,1729,667,mean_degree,6,9,309300,8.398658754973162,6400
21,laws,sparse_zero,2000,9015,1729,667,mean_degree,7,0,295800,8.398658754973162,6400
21,laws,sparse_zero,2000,9015,1729,667,mean_map,7,1,381000,37.85695433804153,6400
21,laws,sparse_zero,2000,9015,1729,667,fourary,7,2,455800,0,0
21,laws,sparse_zero,2000,9015,1729,667,selected_grid,7,3,326900,3.7856954338041535,28906600
21,laws,sparse_zero,2000,9015,1729,667,std_binary,7,4,465400,0,0
21,laws,sparse_zero,2000,9015,1729,667,binary,7,5,517000,0,0
21,laws,sparse_zero,2000,9015,1729,667,mean_ring,7,6,306200,37.85695433804153,6400
21,laws,sparse_zero,2000,9015,1729,667,degree4,7,7,596600,0,129300
21,laws,sparse_zero,2000,9015,1729,667,max_maxdegree,7,8,325800,12.499380917535033,31500
21,laws,sparse_zero,2000,9015,1729,667,caliber,7,9,353400,0,28300
21,laws,sparse_zero,2000,9015,1729,1333,std_binary,0,0,499000,0,0
21,laws,sparse_zero,2000,9015,1729,1333,caliber,0,1,398000,0,28300
21,laws,sparse_zero,2000,9015,1729,1333,max_maxdegree,0,2,308000,12.499380917535033,31500
21,laws,sparse_zero,2000,9015,1729,1333,mean_degree,0,3,304600,8.398658754973162,6400
21,laws,sparse_zero,2000,9015,1729,1333,mean_ring,0,4,376900,37.85695433804153,6400
21,laws,sparse_zero,2000,9015,1729,1333,fourary,0,5,442300,0,0
21,laws,sparse_zero,2000,9015,1729,1333,degree4,0,6,536200,0,129300
21,laws,sparse_zero,2000,9015,1729,1333,binary,0,7,476000,0,0
21,laws,sparse_zero,2000,9015,1729,1333,selected_grid,0,8,328800,3.7856954338041535,28906600
21,laws,sparse_zero,2000,9015,1729,1333,mean_map,0,9,400500,37.85695433804153,6400
21,laws,sparse_zero,2000,9015,1729,1333,mean_map,1,0,391700,37.85695433804153,6400
21,laws,sparse_zero,2000,9015,1729,1333,selected_grid,1,1,316400,3.7856954338041535,28906600
21,laws,sparse_zero,2000,9015,1729,1333,binary,1,2,479400,0,0
21,laws,sparse_zero,2000,9015,1729,1333,degree4,1,3,518600,0,129300
21,laws,sparse_zero,2000,9015,1729,1333,fourary,1,4,445300,0,0
21,laws,sparse_zero,2000,9015,1729,1333,mean_ring,1,5,402400,37.85695433804153,6400
21,laws,sparse_zero,2000,9015,1729,1333,mean_degree,1,6,326800,8.398658754973162,6400
21,laws,sparse_zero,2000,9015,1729,1333,max_maxdegree,1,7,309800,12.499380917535033,31500
21,laws,sparse_zero,2000,9015,1729,1333,caliber,1,8,334800,0,28300
21,laws,sparse_zero,2000,9015,1729,1333,std_binary,1,9,430300,0,0
21,laws,sparse_zero,2000,9015,1729,1333,max_maxdegree,2,0,298000,12.499380917535033,31500
21,laws,sparse_zero,2000,9015,1729,1333,std_binary,2,1,425900,0,0
21,laws,sparse_zero,2000,9015,1729,1333,selected_grid,2,2,318200,3.7856954338041535,28906600
21,laws,sparse_zero,2000,9015,1729,1333,mean_ring,2,3,401400,37.85695433804153,6400
21,laws,sparse_zero,2000,9015,1729,1333,fourary,2,4,478700,0,0
21,laws,sparse_zero,2000,9015,1729,1333,binary,2,5,468300,0,0
21,laws,sparse_zero,2000,9015,1729,1333,mean_degree,2,6,309400,8.398658754973162,6400
21,laws,sparse_zero,2000,9015,1729,1333,degree4,2,7,708400,0,129300
21,laws,sparse_zero,2000,9015,1729,1333,caliber,2,8,334300,0,28300
21,laws,sparse_zero,2000,9015,1729,1333,mean_map,2,9,414300,37.85695433804153,6400
21,laws,sparse_zero,2000,9015,1729,1333,mean_map,3,0,383300,37.85695433804153,6400
21,laws,sparse_zero,2000,9015,1729,1333,caliber,3,1,388500,0,28300
21,laws,sparse_zero,2000,9015,1729,1333,degree4,3,2,576000,0,129300
21,laws,sparse_zero,2000,9015,1729,1333,mean_degree,3,3,307400,8.398658754973162,6400
21,laws,sparse_zero,2000,9015,1729,1333,binary,3,4,462600,0,0
21,laws,sparse_zero,2000,9015,1729,1333,fourary,3,5,473600,0,0
21,laws,sparse_zero,2000,9015,1729,1333,mean_ring,3,6,399000,37.85695433804153,6400
21,laws,sparse_zero,2000,9015,1729,1333,selected_grid,3,7,670300,3.7856954338041535,28906600
21,laws,sparse_zero,2000,9015,1729,1333,std_binary,3,8,496500,0,0
21,laws,sparse_zero,2000,9015,1729,1333,max_maxdegree,3,9,306400,12.499380917535033,31500
21,laws,sparse_zero,2000,9015,1729,1333,mean_degree,4,0,311700,8.398658754973162,6400
21,laws,sparse_zero,2000,9015,1729,1333,std_binary,4,1,471100,0,0
21,laws,sparse_zero,2000,9015,1729,1333,fourary,4,2,476100,0,0
21,laws,sparse_zero,2000,9015,1729,1333,selected_grid,4,3,311000,3.7856954338041535,28906600
21,laws,sparse_zero,2000,9015,1729,1333,binary,4,4,480500,0,0
21,laws,sparse_zero,2000,9015,1729,1333,max_maxdegree,4,5,308800,12.499380917535033,31500
21,laws,sparse_zero,2000,9015,1729,1333,degree4,4,6,621700,0,129300
21,laws,sparse_zero,2000,9015,1729,1333,mean_map,4,7,439200,37.85695433804153,6400
21,laws,sparse_zero,2000,9015,1729,1333,caliber,4,8,346300,0,28300
21,laws,sparse_zero,2000,9015,1729,1333,mean_ring,4,9,440100,37.85695433804153,6400
21,laws,sparse_zero,2000,9015,1729,1333,mean_ring,5,0,416700,37.85695433804153,6400
21,laws,sparse_zero,2000,9015,1729,1333,caliber,5,1,357000,0,28300
21,laws,sparse_zero,2000,9015,1729,1333,mean_map,5,2,405100,37.85695433804153,6400
21,laws,sparse_zero,2000,9015,1729,1333,degree4,5,3,560800,0,129300
21,laws,sparse_zero,2000,9015,1729,1333,max_maxdegree,5,4,319600,12.499380917535033,31500
21,laws,sparse_zero,2000,9015,1729,1333,binary,5,5,501900,0,0
21,laws,sparse_zero,2000,9015,1729,1333,selected_grid,5,6,334900,3.7856954338041535,28906600
21,laws,sparse_zero,2000,9015,1729,1333,fourary,5,7,523600,0,0
21,laws,sparse_zero,2000,9015,1729,1333,std_binary,5,8,454000,0,0
21,laws,sparse_zero,2000,9015,1729,1333,mean_degree,5,9,320400,8.398658754973162,6400
21,laws,sparse_zero,2000,9015,1729,1333,fourary,6,0,467800,0,0
21,laws,sparse_zero,2000,9015,1729,1333,binary,6,1,544100,0,0
21,laws,sparse_zero,2000,9015,1729,1333,max_maxdegree,6,2,309600,12.499380917535033,31500
21,laws,sparse_zero,2000,9015,1729,1333,std_binary,6,3,432000,0,0
21,laws,sparse_zero,2000,9015,1729,1333,mean_map,6,4,410900,37.85695433804153,6400
21,laws,sparse_zero,2000,9015,1729,1333,degree4,6,5,553600,0,129300
21,laws,sparse_zero,2000,9015,1729,1333,mean_ring,6,6,473700,37.85695433804153,6400
21,laws,sparse_zero,2000,9015,1729,1333,selected_grid,6,7,350200,3.7856954338041535,28906600
21,laws,sparse_zero,2000,9015,1729,1333,mean_degree,6,8,320700,8.398658754973162,6400
21,laws,sparse_zero,2000,9015,1729,1333,caliber,6,9,350800,0,28300
21,laws,sparse_zero,2000,9015,1729,1333,caliber,7,0,391200,0,28300
21,laws,sparse_zero,2000,9015,1729,1333,mean_degree,7,1,349800,8.398658754973162,6400
21,laws,sparse_zero,2000,9015,1729,1333,selected_grid,7,2,320500,3.7856954338041535,28906600
21,laws,sparse_zero,2000,9015,1729,1333,mean_ring,7,3,393700,37.85695433804153,6400
21,laws,sparse_zero,2000,9015,1729,1333,degree4,7,4,540300,0,129300
21,laws,sparse_zero,2000,9015,1729,1333,mean_map,7,5,416700,37.85695433804153,6400
21,laws,sparse_zero,2000,9015,1729,1333,std_binary,7,6,470600,0,0
21,laws,sparse_zero,2000,9015,1729,1333,max_maxdegree,7,7,313000,12.499380917535033,31500
21,laws,sparse_zero,2000,9015,1729,1333,binary,7,8,490500,0,0
21,laws,sparse_zero,2000,9015,1729,1333,fourary,7,9,525300,0,0
22,calibration,sparse_integer,2000,9015,1729,0,grid_1.5,0,0,202500,76.12728785357737,7600
22,calibration,sparse_integer,2000,9015,1729,0,grid_2,0,1,193200,101.5030504714365,7600
22,calibration,sparse_integer,2000,9015,1729,0,grid_0.25,0,2,269500,12.687881308929562,7600
22,calibration,sparse_integer,2000,9015,1729,0,grid_0.75,0,3,224400,38.063643926788686,7600
22,calibration,sparse_integer,2000,9015,1729,0,grid_0.05,0,4,350400,2.5375762617859126,7600
22,calibration,sparse_integer,2000,9015,1729,0,grid_0.5,0,5,234000,25.375762617859124,7600
22,calibration,sparse_integer,2000,9015,1729,0,grid_0.1,0,6,292700,5.075152523571825,7600
22,calibration,sparse_integer,2000,9015,1729,0,grid_16,0,7,246000,812.024403771492,7600
22,calibration,sparse_integer,2000,9015,1729,0,grid_0.03125,0,8,337300,1.5859851636161952,7600
22,calibration,sparse_integer,2000,9015,1729,0,grid_4,0,9,235500,203.006100942873,7600
22,calibration,sparse_integer,2000,9015,1729,0,grid_8,0,10,289600,406.012201885746,7600
22,calibration,sparse_integer,2000,9015,1729,0,grid_1,0,11,213200,50.75152523571825,7600
22,calibration,sparse_integer,2000,9015,1729,0,grid_1,1,0,205900,50.75152523571825,7600
22,calibration,sparse_integer,2000,9015,1729,0,grid_8,1,1,230300,406.012201885746,7600
22,calibration,sparse_integer,2000,9015,1729,0,grid_4,1,2,222700,203.006100942873,7600
22,calibration,sparse_integer,2000,9015,1729,0,grid_0.03125,1,3,335400,1.5859851636161952,7600
22,calibration,sparse_integer,2000,9015,1729,0,grid_16,1,4,240200,812.024403771492,7600
22,calibration,sparse_integer,2000,9015,1729,0,grid_0.1,1,5,288000,5.075152523571825,7600
22,calibration,sparse_integer,2000,9015,1729,0,grid_0.5,1,6,238600,25.375762617859124,7600
22,calibration,sparse_integer,2000,9015,1729,0,grid_0.05,1,7,319500,2.5375762617859126,7600
22,calibration,sparse_integer,2000,9015,1729,0,grid_0.75,1,8,288000,38.063643926788686,7600
22,calibration,sparse_integer,2000,9015,1729,0,grid_0.25,1,9,249800,12.687881308929562,7600
22,calibration,sparse_integer,2000,9015,1729,0,grid_2,1,10,195300,101.5030504714365,7600
22,calibration,sparse_integer,2000,9015,1729,0,grid_1.5,1,11,205300,76.12728785357737,7600
22,calibration,sparse_integer,2000,9015,1729,0,grid_0.75,2,0,219900,38.063643926788686,7600
22,calibration,sparse_integer,2000,9015,1729,0,grid_0.05,2,1,407800,2.5375762617859126,7600
22,calibration,sparse_integer,2000,9015,1729,0,grid_1.5,2,2,431100,76.12728785357737,7600
22,calibration,sparse_integer,2000,9015,1729,0,grid_16,2,3,230800,812.024403771492,7600
22,calibration,sparse_integer,2000,9015,1729,0,grid_0.5,2,4,224500,25.375762617859124,7600
22,calibration,sparse_integer,2000,9015,1729,0,grid_0.1,2,5,427500,5.075152523571825,7600
22,calibration,sparse_integer,2000,9015,1729,0,grid_1,2,6,213100,50.75152523571825,7600
22,calibration,sparse_integer,2000,9015,1729,0,grid_0.03125,2,7,1081000,1.5859851636161952,7600
22,calibration,sparse_integer,2000,9015,1729,0,grid_2,2,8,245900,101.5030504714365,7600
22,calibration,sparse_integer,2000,9015,1729,0,grid_8,2,9,312400,406.012201885746,7600
22,calibration,sparse_integer,2000,9015,1729,0,grid_0.25,2,10,379900,12.687881308929562,7600
22,calibration,sparse_integer,2000,9015,1729,0,grid_4,2,11,262700,203.006100942873,7600
22,calibration,sparse_integer,2000,9015,1729,0,grid_4,3,0,217900,203.006100942873,7600
22,calibration,sparse_integer,2000,9015,1729,0,grid_0.25,3,1,247700,12.687881308929562,7600
22,calibration,sparse_integer,2000,9015,1729,0,grid_8,3,2,244100,406.012201885746,7600
22,calibration,sparse_integer,2000,9015,1729,0,grid_2,3,3,194100,101.5030504714365,7600
22,calibration,sparse_integer,2000,9015,1729,0,grid_0.03125,3,4,335900,1.5859851636161952,7600
22,calibration,sparse_integer,2000,9015,1729,0,grid_1,3,5,222500,50.75152523571825,7600
22,calibration,sparse_integer,2000,9015,1729,0,grid_0.1,3,6,286600,5.075152523571825,7600
22,calibration,sparse_integer,2000,9015,1729,0,grid_0.5,3,7,236400,25.375762617859124,7600
22,calibration,sparse_integer,2000,9015,1729,0,grid_16,3,8,235900,812.024403771492,7600
22,calibration,sparse_integer,2000,9015,1729,0,grid_1.5,3,9,202300,76.12728785357737,7600
22,calibration,sparse_integer,2000,9015,1729,0,grid_0.05,3,10,362900,2.5375762617859126,7600
22,calibration,sparse_integer,2000,9015,1729,0,grid_0.75,3,11,287400,38.063643926788686,7600
22,calibration,sparse_integer,2000,9015,1729,0,grid_0.03125,4,0,430600,1.5859851636161952,7600
22,calibration,sparse_integer,2000,9015,1729,0,grid_0.05,4,1,335600,2.5375762617859126,7600
22,calibration,sparse_integer,2000,9015,1729,0,grid_0.75,4,2,227200,38.063643926788686,7600
22,calibration,sparse_integer,2000,9015,1729,0,grid_0.25,4,3,253300,12.687881308929562,7600
22,calibration,sparse_integer,2000,9015,1729,0,grid_0.1,4,4,299600,5.075152523571825,7600
22,calibration,sparse_integer,2000,9015,1729,0,grid_4,4,5,232100,203.006100942873,7600
22,calibration,sparse_integer,2000,9015,1729,0,grid_16,4,6,248000,812.024403771492,7600
22,calibration,sparse_integer,2000,9015,1729,0,grid_1.5,4,7,214400,76.12728785357737,7600
22,calibration,sparse_integer,2000,9015,1729,0,grid_1,4,8,213200,50.75152523571825,7600
22,calibration,sparse_integer,2000,9015,1729,0,grid_0.5,4,9,235700,25.375762617859124,7600
22,calibration,sparse_integer,2000,9015,1729,0,grid_8,4,10,242400,406.012201885746,7600
22,calibration,sparse_integer,2000,9015,1729,0,grid_2,4,11,198600,101.5030504714365,7600
22,calibration,sparse_integer,2000,9015,1729,0,grid_2,5,0,197600,101.5030504714365,7600
22,calibration,sparse_integer,2000,9015,1729,0,grid_8,5,1,245800,406.012201885746,7600
22,calibration,sparse_integer,2000,9015,1729,0,grid_0.5,5,2,230500,25.375762617859124,7600
22,calibration,sparse_integer,2000,9015,1729,0,grid_1,5,3,214600,50.75152523571825,7600
22,calibration,sparse_integer,2000,9015,1729,0,grid_1.5,5,4,203800,76.12728785357737,7600
22,calibration,sparse_integer,2000,9015,1729,0,grid_16,5,5,230700,812.024403771492,7600
22,calibration,sparse_integer,2000,9015,1729,0,grid_4,5,6,212700,203.006100942873,7600
22,calibration,sparse_integer,2000,9015,1729,0,grid_0.1,5,7,284400,5.075152523571825,7600
22,calibration,sparse_integer,2000,9015,1729,0,grid_0.25,5,8,253700,12.687881308929562,7600
22,calibration,sparse_integer,2000,9015,1729,0,grid_0.75,5,9,235600,38.063643926788686,7600
22,calibration,sparse_integer,2000,9015,1729,0,grid_0.05,5,10,318400,2.5375762617859126,7600
22,calibration,sparse_integer,2000,9015,1729,0,grid_0.03125,5,11,355700,1.5859851636161952,7600
22,laws,sparse_integer,2000,9015,1729,667,radix,0,0,240000,0,0
22,laws,sparse_integer,2000,9015,1729,667,max_maxdegree,0,1,256900,12.5,25500
22,laws,sparse_integer,2000,9015,1729,667,std_binary,0,2,409400,0,0
22,laws,sparse_integer,2000,9015,1729,667,caliber,0,3,357200,0,27300
22,laws,sparse_integer,2000,9015,1729,667,degree4,0,4,449000,0,181200
22,laws,sparse_integer,2000,9015,1729,667,mean_ring,0,5,211700,50.75152523571825,7600
22,laws,sparse_integer,2000,9015,1729,667,binary,0,6,411600,0,0
22,laws,sparse_integer,2000,9015,1729,667,selected_grid,0,7,208000,101.5030504714365,19823500
22,laws,sparse_integer,2000,9015,1729,667,mean_map,0,8,224100,50.75152523571825,7600
22,laws,sparse_integer,2000,9015,1729,667,fourary,0,9,485700,0,0
22,laws,sparse_integer,2000,9015,1729,667,mean_degree,0,10,280600,11.259351133825456,7600
22,laws,sparse_integer,2000,9015,1729,667,mean_degree,1,0,259300,11.259351133825456,7600
22,laws,sparse_integer,2000,9015,1729,667,fourary,1,1,446000,0,0
22,laws,sparse_integer,2000,9015,1729,667,mean_map,1,2,221800,50.75152523571825,7600
22,laws,sparse_integer,2000,9015,1729,667,selected_grid,1,3,209600,101.5030504714365,19823500
22,laws,sparse_integer,2000,9015,1729,667,binary,1,4,429400,0,0
22,laws,sparse_integer,2000,9015,1729,667,mean_ring,1,5,198100,50.75152523571825,7600
22,laws,sparse_integer,2000,9015,1729,667,degree4,1,6,477600,0,181200
22,laws,sparse_integer,2000,9015,1729,667,caliber,1,7,352600,0,27300
22,laws,sparse_integer,2000,9015,1729,667,std_binary,1,8,390400,0,0
22,laws,sparse_integer,2000,9015,1729,667,max_maxdegree,1,9,260500,12.5,25500
22,laws,sparse_integer,2000,9015,1729,667,radix,1,10,235100,0,0
22,laws,sparse_integer,2000,9015,1729,667,mean_ring,2,0,217100,50.75152523571825,7600
22,laws,sparse_integer,2000,9015,1729,667,mean_degree,2,1,266800,11.259351133825456,7600
22,laws,sparse_integer,2000,9015,1729,667,binary,2,2,408500,0,0
22,laws,sparse_integer,2000,9015,1729,667,degree4,2,3,448100,0,181200
22,laws,sparse_integer,2000,9015,1729,667,selected_grid,2,4,225200,101.5030504714365,19823500
22,laws,sparse_integer,2000,9015,1729,667,radix,2,5,228500,0,0
22,laws,sparse_integer,2000,9015,1729,667,fourary,2,6,501400,0,0
22,laws,sparse_integer,2000,9015,1729,667,caliber,2,7,365100,0,27300
22,laws,sparse_integer,2000,9015,1729,667,mean_map,2,8,300200,50.75152523571825,7600
22,laws,sparse_integer,2000,9015,1729,667,std_binary,2,9,453200,0,0
22,laws,sparse_integer,2000,9015,1729,667,max_maxdegree,2,10,271100,12.5,25500
22,laws,sparse_integer,2000,9015,1729,667,max_maxdegree,3,0,270100,12.5,25500
22,laws,sparse_integer,2000,9015,1729,667,std_binary,3,1,379700,0,0
22,laws,sparse_integer,2000,9015,1729,667,mean_map,3,2,227400,50.75152523571825,7600
22,laws,sparse_integer,2000,9015,1729,667,caliber,3,3,356300,0,27300
22,laws,sparse_integer,2000,9015,1729,667,fourary,3,4,461100,0,0
22,laws,sparse_integer,2000,9015,1729,667,radix,3,5,409600,0,0
22,laws,sparse_integer,2000,9015,1729,667,selected_grid,3,6,204500,101.5030504714365,19823500
22,laws,sparse_integer,2000,9015,1729,667,degree4,3,7,463100,0,181200
22,laws,sparse_integer,2000,9015,1729,667,binary,3,8,803400,0,0
22,laws,sparse_integer,2000,9015,1729,667,mean_degree,3,9,327200,11.259351133825456,7600
22,laws,sparse_integer,2000,9015,1729,667,mean_ring,3,10,225000,50.75152523571825,7600
22,laws,sparse_integer,2000,9015,1729,667,std_binary,4,0,399700,0,0
22,laws,sparse_integer,2000,9015,1729,667,mean_degree,4,1,269000,11.259351133825456,7600
22,laws,sparse_integer,2000,9015,1729,667,fourary,4,2,509400,0,0
22,laws,sparse_integer,2000,9015,1729,667,max_maxdegree,4,3,256000,12.5,25500
22,laws,sparse_integer,2000,9015,1729,667,binary,4,4,470700,0,0
22,laws,sparse_integer,2000,9015,1729,667,mean_ring,4,5,260400,50.75152523571825,7600
22,laws,sparse_integer,2000,9015,1729,667,mean_map,4,6,224500,50.75152523571825,7600
22,laws,sparse_integer,2000,9015,1729,667,caliber,4,7,372900,0,27300
22,laws,sparse_integer,2000,9015,1729,667,selected_grid,4,8,202000,101.5030504714365,19823500
22,laws,sparse_integer,2000,9015,1729,667,degree4,4,9,483100,0,181200
22,laws,sparse_integer,2000,9015,1729,667,radix,4,10,244800,0,0
22,laws,sparse_integer,2000,9015,1729,667,radix,5,0,230700,0,0
22,laws,sparse_integer,2000,9015,1729,667,degree4,5,1,448400,0,181200
22,laws,sparse_integer,2000,9015,1729,667,selected_grid,5,2,208500,101.5030504714365,19823500
22,laws,sparse_integer,2000,9015,1729,667,caliber,5,3,341200,0,27300
22,laws,sparse_integer,2000,9015,1729,667,mean_map,5,4,221200,50.75152523571825,7600
22,laws,sparse_integer,2000,9015,1729,667,mean_ring,5,5,212400,50.75152523571825,7600
22,laws,sparse_integer,2000,9015,1729,667,binary,5,6,408900,0,0
22,laws,sparse_integer,2000,9015,1729,667,max_maxdegree,5,7,269700,12.5,25500
22,laws,sparse_integer,2000,9015,1729,667,fourary,5,8,518000,0,0
22,laws,sparse_integer,2000,9015,1729,667,mean_degree,5,9,288600,11.259351133825456,7600
22,laws,sparse_integer,2000,9015,1729,667,std_binary,5,10,444500,0,0
22,laws,sparse_integer,2000,9015,1729,667,degree4,6,0,446400,0,181200
22,laws,sparse_integer,2000,9015,1729,667,mean_degree,6,1,271300,11.259351133825456,7600
22,laws,sparse_integer,2000,9015,1729,667,caliber,6,2,338800,0,27300
22,laws,sparse_integer,2000,9015,1729,667,fourary,6,3,519000,0,0
22,laws,sparse_integer,2000,9015,1729,667,radix,6,4,240700,0,0
22,laws,sparse_integer,2000,9015,1729,667,std_binary,6,5,415700,0,0
22,laws,sparse_integer,2000,9015,1729,667,mean_map,6,6,212300,50.75152523571825,7600
22,laws,sparse_integer,2000,9015,1729,667,max_maxdegree,6,7,253900,12.5,25500
22,laws,sparse_integer,2000,9015,1729,667,mean_ring,6,8,195700,50.75152523571825,7600
22,laws,sparse_integer,2000,9015,1729,667,binary,6,9,437800,0,0
22,laws,sparse_integer,2000,9015,1729,667,selected_grid,6,10,208900,101.5030504714365,19823500
22,laws,sparse_integer,2000,9015,1729,667,selected_grid,7,0,195400,101.5030504714365,19823500
22,laws,sparse_integer,2000,9015,1729,667,binary,7,1,406400,0,0
22,laws,sparse_integer,2000,9015,1729,667,mean_ring,7,2,196500,50.75152523571825,7600
22,laws,sparse_integer,2000,9015,1729,667,max_maxdegree,7,3,253500,12.5,25500
22,laws,sparse_integer,2000,9015,1729,667,mean_map,7,4,212000,50.75152523571825,7600
22,laws,sparse_integer,2000,9015,1729,667,std_binary,7,5,409200,0,0
22,laws,sparse_integer,2000,9015,1729,667,radix,7,6,246800,0,0
22,laws,sparse_integer,2000,9015,1729,667,fourary,7,7,549700,0,0
22,laws,sparse_integer,2000,9015,1729,667,caliber,7,8,431600,0,27300
22,laws,sparse_integer,2000,9015,1729,667,mean_degree,7,9,334100,11.259351133825456,7600
22,laws,sparse_integer,2000,9015,1729,667,degree4,7,10,528000,0,181200
22,laws,sparse_integer,2000,9015,1729,1333,std_binary,0,0,384300,0,0
22,laws,sparse_integer,2000,9015,1729,1333,caliber,0,1,344500,0,27300
22,laws,sparse_integer,2000,9015,1729,1333,max_maxdegree,0,2,313000,12.5,25500
22,laws,sparse_integer,2000,9015,1729,1333,mean_degree,0,3,363600,11.259351133825456,7600
22,laws,sparse_integer,2000,9015,1729,1333,selected_grid,0,4,247100,101.5030504714365,19823500
22,laws,sparse_integer,2000,9015,1729,1333,fourary,0,5,485700,0,0
22,laws,sparse_integer,2000,9015,1729,1333,degree4,0,6,449800,0,181200
22,laws,sparse_integer,2000,9015,1729,1333,binary,0,7,420600,0,0
22,laws,sparse_integer,2000,9015,1729,1333,radix,0,8,228000,0,0
22,laws,sparse_integer,2000,9015,1729,1333,mean_map,0,9,212300,50.75152523571825,7600
22,laws,sparse_integer,2000,9015,1729,1333,mean_ring,0,10,198300,50.75152523571825,7600
22,laws,sparse_integer,2000,9015,1729,1333,mean_ring,1,0,187700,50.75152523571825,7600
22,laws,sparse_integer,2000,9015,1729,1333,mean_map,1,1,197700,50.75152523571825,7600
22,laws,sparse_integer,2000,9015,1729,1333,radix,1,2,244400,0,0
22,laws,sparse_integer,2000,9015,1729,1333,binary,1,3,482400,0,0
22,laws,sparse_integer,2000,9015,1729,1333,degree4,1,4,567300,0,181200
22,laws,sparse_integer,2000,9015,1729,1333,fourary,1,5,578200,0,0
22,laws,sparse_integer,2000,9015,1729,1333,selected_grid,1,6,257900,101.5030504714365,19823500
22,laws,sparse_integer,2000,9015,1729,1333,mean_degree,1,7,334600,11.259351133825456,7600
22,laws,sparse_integer,2000,9015,1729,1333,max_maxdegree,1,8,324200,12.5,25500
22,laws,sparse_integer,2000,9015,1729,1333,caliber,1,9,407200,0,27300
22,laws,sparse_integer,2000,9015,1729,1333,std_binary,1,10,374700,0,0
22,laws,sparse_integer,2000,9015,1729,1333,mean_degree,2,0,262200,11.259351133825456,7600
22,laws,sparse_integer,2000,9015,1729,1333,radix,2,1,594600,0,0
22,laws,sparse_integer,2000,9015,1729,1333,selected_grid,2,2,239400,101.5030504714365,19823500
22,laws,sparse_integer,2000,9015,1729,1333,fourary,2,3,555000,0,0
22,laws,sparse_integer,2000,9015,1729,1333,std_binary,2,4,518800,0,0
22,laws,sparse_integer,2000,9015,1729,1333,mean_map,2,5,272700,50.75152523571825,7600
22,laws,sparse_integer,2000,9015,1729,1333,degree4,2,6,526100,0,181200
22,laws,sparse_integer,2000,9015,1729,1333,max_maxdegree,2,7,261600,12.5,25500
22,laws,sparse_integer,2000,9015,1729,1333,binary,2,8,414300,0,0
22,laws,sparse_integer,2000,9015,1729,1333,caliber,2,9,438800,0,27300
22,laws,sparse_integer,2000,9015,1729,1333,mean_ring,2,10,219600,50.75152523571825,7600
22,laws,sparse_integer,2000,9015,1729,1333,mean_ring,3,0,204800,50.75152523571825,7600
22,laws,sparse_integer,2000,9015,1729,1333,caliber,3,1,363200,0,27300
22,laws,sparse_integer,2000,9015,1729,1333,binary,3,2,414200,0,0
22,laws,sparse_integer,2000,9015,1729,1333,max_maxdegree,3,3,260100,12.5,25500
22,laws,sparse_integer,2000,9015,1729,1333,degree4,3,4,475700,0,181200
22,laws,sparse_integer,2000,9015,1729,1333,mean_map,3,5,216000,50.75152523571825,7600
22,laws,sparse_integer,2000,9015,1729,1333,std_binary,3,6,379300,0,0
22,laws,sparse_integer,2000,9015,1729,1333,fourary,3,7,467300,0,0
22,laws,sparse_integer,2000,9015,1729,1333,selected_grid,3,8,205000,101.5030504714365,19823500
22,laws,sparse_integer,2000,9015,1729,1333,radix,3,9,239200,0,0
22,laws,sparse_integer,2000,9015,1729,1333,mean_degree,3,10,281300,11.259351133825456,7600
22,laws,sparse_integer,2000,9015,1729,1333,caliber,4,0,389300,0,27300
22,laws,sparse_integer,2000,9015,1729,1333,radix,4,1,234800,0,0
22,laws,sparse_integer,2000,9015,1729,1333,std_binary,4,2,392700,0,0
22,laws,sparse_integer,2000,9015,1729,1333,binary,4,3,464300,0,0
22,laws,sparse_integer,2000,9015,1729,1333,fourary,4,4,450400,0,0
22,laws,sparse_integer,2000,9015,1729,1333,mean_ring,4,5,235000,50.75152523571825,7600
22,laws,sparse_integer,2000,9015,1729,1333,mean_map,4,6,240600,50.75152523571825,7600
22,laws,sparse_integer,2000,9015,1729,1333,degree4,4,7,521300,0,181200
22,laws,sparse_integer,2000,9015,1729,1333,selected_grid,4,8,198900,101.5030504714365,19823500
22,laws,sparse_integer,2000,9015,1729,1333,mean_degree,4,9,261900,11.259351133825456,7600
22,laws,sparse_integer,2000,9015,1729,1333,max_maxdegree,4,10,255400,12.5,25500
22,laws,sparse_integer,2000,9015,1729,1333,max_maxdegree,5,0,264800,12.5,25500
22,laws,sparse_integer,2000,9015,1729,1333,mean_degree,5,1,255500,11.259351133825456,7600
22,laws,sparse_integer,2000,9015,1729,1333,selected_grid,5,2,206500,101.5030504714365,19823500
22,laws,sparse_integer,2000,9015,1729,1333,degree4,5,3,465000,0,181200
22,laws,sparse_integer,2000,9015,1729,1333,mean_map,5,4,222400,50.75152523571825,7600
22,laws,sparse_integer,2000,9015,1729,1333,mean_ring,5,5,199400,50.75152523571825,7600
22,laws,sparse_integer,2000,9015,1729,1333,fourary,5,6,479500,0,0
22,laws,sparse_integer,2000,9015,1729,1333,binary,5,7,431800,0,0
22,laws,sparse_integer,2000,9015,1729,1333,std_binary,5,8,410700,0,0
22,laws,sparse_integer,2000,9015,1729,1333,radix,5,9,235700,0,0
22,laws,sparse_integer,2000,9015,1729,1333,caliber,5,10,445700,0,27300
22,laws,sparse_integer,2000,9015,1729,1333,std_binary,6,0,387300,0,0
22,laws,sparse_integer,2000,9015,1729,1333,fourary,6,1,450300,0,0
22,laws,sparse_integer,2000,9015,1729,1333,caliber,6,2,341800,0,27300
22,laws,sparse_integer,2000,9015,1729,1333,selected_grid,6,3,223500,101.5030504714365,19823500
22,laws,sparse_integer,2000,9015,1729,1333,mean_map,6,4,234000,50.75152523571825,7600
22,laws,sparse_integer,2000,9015,1729,1333,mean_ring,6,5,198800,50.75152523571825,7600
22,laws,sparse_integer,2000,9015,1729,1333,radix,6,6,235300,0,0
22,laws,sparse_integer,2000,9015,1729,1333,max_maxdegree,6,7,257900,12.5,25500
22,laws,sparse_integer,2000,9015,1729,1333,binary,6,8,479600,0,0
22,laws,sparse_integer,2000,9015,1729,1333,degree4,6,9,464900,0,181200
22,laws,sparse_integer,2000,9015,1729,1333,mean_degree,6,10,939800,11.259351133825456,7600
22,laws,sparse_integer,2000,9015,1729,1333,mean_degree,7,0,502600,11.259351133825456,7600
22,laws,sparse_integer,2000,9015,1729,1333,degree4,7,1,443900,0,181200
22,laws,sparse_integer,2000,9015,1729,1333,binary,7,2,409600,0,0
22,laws,sparse_integer,2000,9015,1729,1333,max_maxdegree,7,3,260300,12.5,25500
22,laws,sparse_integer,2000,9015,1729,1333,radix,7,4,235400,0,0
22,laws,sparse_integer,2000,9015,1729,1333,mean_ring,7,5,226600,50.75152523571825,7600
22,laws,sparse_integer,2000,9015,1729,1333,mean_map,7,6,327900,50.75152523571825,7600
22,laws,sparse_integer,2000,9015,1729,1333,selected_grid,7,7,204600,101.5030504714365,19823500
22,laws,sparse_integer,2000,9015,1729,1333,caliber,7,8,387600,0,27300
22,laws,sparse_integer,2000,9015,1729,1333,fourary,7,9,475100,0,0
22,laws,sparse_integer,2000,9015,1729,1333,std_binary,7,10,399600,0,0
23,calibration,sparse_shuffle,2000,9015,1729,0,grid_1.5,0,0,200700,74.7981311232261,8800
23,calibration,sparse_shuffle,2000,9015,1729,0,grid_2,0,1,178600,99.7308414976348,8800
23,calibration,sparse_shuffle,2000,9015,1729,0,grid_0.25,0,2,247700,12.46635518720435,8800
23,calibration,sparse_shuffle,2000,9015,1729,0,grid_0.75,0,3,235200,37.39906556161305,8800
23,calibration,sparse_shuffle,2000,9015,1729,0,grid_0.05,0,4,301000,2.49327103744087,8800
23,calibration,sparse_shuffle,2000,9015,1729,0,grid_0.5,0,5,229800,24.9327103744087,8800
23,calibration,sparse_shuffle,2000,9015,1729,0,grid_0.1,0,6,277500,4.98654207488174,8800
23,calibration,sparse_shuffle,2000,9015,1729,0,grid_16,0,7,250200,797.8467319810784,8800
23,calibration,sparse_shuffle,2000,9015,1729,0,grid_0.03125,0,8,324100,1.5582943984005437,8800
23,calibration,sparse_shuffle,2000,9015,1729,0,grid_4,0,9,203500,199.4616829952696,8800
23,calibration,sparse_shuffle,2000,9015,1729,0,grid_8,0,10,226500,398.9233659905392,8800
23,calibration,sparse_shuffle,2000,9015,1729,0,grid_1,0,11,211500,49.8654207488174,8800
23,calibration,sparse_shuffle,2000,9015,1729,0,grid_1,1,0,204400,49.8654207488174,8800
23,calibration,sparse_shuffle,2000,9015,1729,0,grid_8,1,1,275400,398.9233659905392,8800
23,calibration,sparse_shuffle,2000,9015,1729,0,grid_4,1,2,214400,199.4616829952696,8800
23,calibration,sparse_shuffle,2000,9015,1729,0,grid_0.03125,1,3,370400,1.5582943984005437,8800
23,calibration,sparse_shuffle,2000,9015,1729,0,grid_16,1,4,233000,797.8467319810784,8800
23,calibration,sparse_shuffle,2000,9015,1729,0,grid_0.1,1,5,281900,4.98654207488174,8800
23,calibration,sparse_shuffle,2000,9015,1729,0,grid_0.5,1,6,248600,24.9327103744087,8800
23,calibration,sparse_shuffle,2000,9015,1729,0,grid_0.05,1,7,301700,2.49327103744087,8800
23,calibration,sparse_shuffle,2000,9015,1729,0,grid_0.75,1,8,246100,37.39906556161305,8800
23,calibration,sparse_shuffle,2000,9015,1729,0,grid_0.25,1,9,282800,12.46635518720435,8800
23,calibration,sparse_shuffle,2000,9015,1729,0,grid_2,1,10,189300,99.7308414976348,8800
23,calibration,sparse_shuffle,2000,9015,1729,0,grid_1.5,1,11,222600,74.7981311232261,8800
23,calibration,sparse_shuffle,2000,9015,1729,0,grid_0.75,2,0,300800,37.39906556161305,8800
23,calibration,sparse_shuffle,2000,9015,1729,0,grid_0.05,2,1,307700,2.49327103744087,8800
23,calibration,sparse_shuffle,2000,9015,1729,0,grid_1.5,2,2,216700,74.7981311232261,8800
23,calibration,sparse_shuffle,2000,9015,1729,0,grid_16,2,3,238200,797.8467319810784,8800
23,calibration,sparse_shuffle,2000,9015,1729,0,grid_0.5,2,4,1612200,24.9327103744087,8800
23,calibration,sparse_shuffle,2000,9015,1729,0,grid_0.1,2,5,344300,4.98654207488174,8800
23,calibration,sparse_shuffle,2000,9015,1729,0,grid_1,2,6,217400,49.8654207488174,8800
23,calibration,sparse_shuffle,2000,9015,1729,0,grid_0.03125,2,7,327300,1.5582943984005437,8800
23,calibration,sparse_shuffle,2000,9015,1729,0,grid_2,2,8,244100,99.7308414976348,8800
23,calibration,sparse_shuffle,2000,9015,1729,0,grid_8,2,9,292100,398.9233659905392,8800
23,calibration,sparse_shuffle,2000,9015,1729,0,grid_0.25,2,10,247100,12.46635518720435,8800
23,calibration,sparse_shuffle,2000,9015,1729,0,grid_4,2,11,178500,199.4616829952696,8800
23,calibration,sparse_shuffle,2000,9015,1729,0,grid_4,3,0,167900,199.4616829952696,8800
23,calibration,sparse_shuffle,2000,9015,1729,0,grid_0.25,3,1,229300,12.46635518720435,8800
23,calibration,sparse_shuffle,2000,9015,1729,0,grid_8,3,2,219100,398.9233659905392,8800
23,calibration,sparse_shuffle,2000,9015,1729,0,grid_2,3,3,177200,99.7308414976348,8800
23,calibration,sparse_shuffle,2000,9015,1729,0,grid_0.03125,3,4,458500,1.5582943984005437,8800
23,calibration,sparse_shuffle,2000,9015,1729,0,grid_1,3,5,953700,49.8654207488174,8800
23,calibration,sparse_shuffle,2000,9015,1729,0,grid_0.1,3,6,269600,4.98654207488174,8800
23,calibration,sparse_shuffle,2000,9015,1729,0,grid_0.5,3,7,226000,24.9327103744087,8800
23,calibration,sparse_shuffle,2000,9015,1729,0,grid_16,3,8,231200,797.8467319810784,8800
23,calibration,sparse_shuffle,2000,9015,1729,0,grid_1.5,3,9,207200,74.7981311232261,8800
23,calibration,sparse_shuffle,2000,9015,1729,0,grid_0.05,3,10,295100,2.49327103744087,8800
23,calibration,sparse_shuffle,2000,9015,1729,0,grid_0.75,3,11,216000,37.39906556161305,8800
23,calibration,sparse_shuffle,2000,9015,1729,0,grid_0.03125,4,0,317300,1.5582943984005437,8800
23,calibration,sparse_shuffle,2000,9015,1729,0,grid_0.05,4,1,291500,2.49327103744087,8800
23,calibration,sparse_shuffle,2000,9015,1729,0,grid_0.75,4,2,217800,37.39906556161305,8800
23,calibration,sparse_shuffle,2000,9015,1729,0,grid_0.25,4,3,239800,12.46635518720435,8800
23,calibration,sparse_shuffle,2000,9015,1729,0,grid_0.1,4,4,274300,4.98654207488174,8800
23,calibration,sparse_shuffle,2000,9015,1729,0,grid_4,4,5,217300,199.4616829952696,8800
23,calibration,sparse_shuffle,2000,9015,1729,0,grid_16,4,6,240800,797.8467319810784,8800
23,calibration,sparse_shuffle,2000,9015,1729,0,grid_1.5,4,7,227300,74.7981311232261,8800
23,calibration,sparse_shuffle,2000,9015,1729,0,grid_1,4,8,207900,49.8654207488174,8800
23,calibration,sparse_shuffle,2000,9015,1729,0,grid_0.5,4,9,229900,24.9327103744087,8800
23,calibration,sparse_shuffle,2000,9015,1729,0,grid_8,4,10,280000,398.9233659905392,8800
23,calibration,sparse_shuffle,2000,9015,1729,0,grid_2,4,11,181400,99.7308414976348,8800
23,calibration,sparse_shuffle,2000,9015,1729,0,grid_2,5,0,181900,99.7308414976348,8800
23,calibration,sparse_shuffle,2000,9015,1729,0,grid_8,5,1,217800,398.9233659905392,8800
23,calibration,sparse_shuffle,2000,9015,1729,0,grid_0.5,5,2,227900,24.9327103744087,8800
23,calibration,sparse_shuffle,2000,9015,1729,0,grid_1,5,3,208300,49.8654207488174,8800
23,calibration,sparse_shuffle,2000,9015,1729,0,grid_1.5,5,4,224400,74.7981311232261,8800
23,calibration,sparse_shuffle,2000,9015,1729,0,grid_16,5,5,220000,797.8467319810784,8800
23,calibration,sparse_shuffle,2000,9015,1729,0,grid_4,5,6,181800,199.4616829952696,8800
23,calibration,sparse_shuffle,2000,9015,1729,0,grid_0.1,5,7,637700,4.98654207488174,8800
23,calibration,sparse_shuffle,2000,9015,1729,0,grid_0.25,5,8,291000,12.46635518720435,8800
23,calibration,sparse_shuffle,2000,9015,1729,0,grid_0.75,5,9,247100,37.39906556161305,8800
23,calibration,sparse_shuffle,2000,9015,1729,0,grid_0.05,5,10,300700,2.49327103744087,8800
23,calibration,sparse_shuffle,2000,9015,1729,0,grid_0.03125,5,11,341700,1.5582943984005437,8800
23,laws,sparse_shuffle,2000,9015,1729,667,std_binary,0,0,327000,0,0
23,laws,sparse_shuffle,2000,9015,1729,667,caliber,0,1,299200,0,29300
23,laws,sparse_shuffle,2000,9015,1729,667,fourary,0,2,333400,0,0
23,laws,sparse_shuffle,2000,9015,1729,667,degree4,0,3,365100,0,117500
23,laws,sparse_shuffle,2000,9015,1729,667,mean_degree,0,4,256300,11.062766666404302,8800
23,laws,sparse_shuffle,2000,9015,1729,667,binary,0,5,476800,0,0
23,laws,sparse_shuffle,2000,9015,1729,667,mean_ring,0,6,240800,49.8654207488174,8800
23,laws,sparse_shuffle,2000,9015,1729,667,selected_grid,0,7,188800,99.7308414976348,20448700
23,laws,sparse_shuffle,2000,9015,1729,667,max_maxdegree,0,8,238500,12.498843048861685,25100
23,laws,sparse_shuffle,2000,9015,1729,667,mean_map,0,9,203400,49.8654207488174,8800
23,laws,sparse_shuffle,2000,9015,1729,667,mean_map,1,0,195200,49.8654207488174,8800
23,laws,sparse_shuffle,2000,9015,1729,667,max_maxdegree,1,1,231900,12.498843048861685,25100
23,laws,sparse_shuffle,2000,9015,1729,667,selected_grid,1,2,180500,99.7308414976348,20448700
23,laws,sparse_shuffle,2000,9015,1729,667,mean_ring,1,3,184300,49.8654207488174,8800
23,laws,sparse_shuffle,2000,9015,1729,667,binary,1,4,407300,0,0
23,laws,sparse_shuffle,2000,9015,1729,667,mean_degree,1,5,263900,11.062766666404302,8800
23,laws,sparse_shuffle,2000,9015,1729,667,degree4,1,6,383100,0,117500
23,laws,sparse_shuffle,2000,9015,1729,667,fourary,1,7,329800,0,0
23,laws,sparse_shuffle,2000,9015,1729,667,caliber,1,8,299700,0,29300
23,laws,sparse_shuffle,2000,9015,1729,667,std_binary,1,9,332900,0,0
23,laws,sparse_shuffle,2000,9015,1729,667,fourary,2,0,334900,0,0
23,laws,sparse_shuffle,2000,9015,1729,667,mean_map,2,1,216900,49.8654207488174,8800
23,laws,sparse_shuffle,2000,9015,1729,667,mean_ring,2,2,200400,49.8654207488174,8800
23,laws,sparse_shuffle,2000,9015,1729,667,degree4,2,3,383800,0,117500
23,laws,sparse_shuffle,2000,9015,1729,667,selected_grid,2,4,211500,99.7308414976348,20448700
23,laws,sparse_shuffle,2000,9015,1729,667,std_binary,2,5,327500,0,0
23,laws,sparse_shuffle,2000,9015,1729,667,mean_degree,2,6,252800,11.062766666404302,8800
23,laws,sparse_shuffle,2000,9015,1729,667,binary,2,7,342100,0,0
23,laws,sparse_shuffle,2000,9015,1729,667,max_maxdegree,2,8,239700,12.498843048861685,25100
23,laws,sparse_shuffle,2000,9015,1729,667,caliber,2,9,297500,0,29300
23,laws,sparse_shuffle,2000,9015,1729,667,caliber,3,0,290600,0,29300
23,laws,sparse_shuffle,2000,9015,1729,667,max_maxdegree,3,1,227300,12.498843048861685,25100
23,laws,sparse_shuffle,2000,9015,1729,667,binary,3,2,332300,0,0
23,laws,sparse_shuffle,2000,9015,1729,667,mean_degree,3,3,236700,11.062766666404302,8800
23,laws,sparse_shuffle,2000,9015,1729,667,std_binary,3,4,330700,0,0
23,laws,sparse_shuffle,2000,9015,1729,667,selected_grid,3,5,189000,99.7308414976348,20448700
23,laws,sparse_shuffle,2000,9015,1729,667,degree4,3,6,376500,0,117500
23,laws,sparse_shuffle,2000,9015,1729,667,mean_ring,3,7,189600,49.8654207488174,8800
23,laws,sparse_shuffle,2000,9015,1729,667,mean_map,3,8,202000,49.8654207488174,8800
23,laws,sparse_shuffle,2000,9015,1729,667,fourary,3,9,357800,0,0
23,laws,sparse_shuffle,2000,9015,1729,667,max_maxdegree,4,0,236900,12.498843048861685,25100
23,laws,sparse_shuffle,2000,9015,1729,667,fourary,4,1,331600,0,0
23,laws,sparse_shuffle,2000,9015,1729,667,std_binary,4,2,326900,0,0
23,laws,sparse_shuffle,2000,9015,1729,667,caliber,4,3,402700,0,29300
23,laws,sparse_shuffle,2000,9015,1729,667,mean_map,4,4,222400,49.8654207488174,8800
23,laws,sparse_shuffle,2000,9015,1729,667,selected_grid,4,5,221300,99.7308414976348,20448700
23,laws,sparse_shuffle,2000,9015,1729,667,binary,4,6,367200,0,0
23,laws,sparse_shuffle,2000,9015,1729,667,mean_degree,4,7,251100,11.062766666404302,8800
23,laws,sparse_shuffle,2000,9015,1729,667,degree4,4,8,382800,0,117500
23,laws,sparse_shuffle,2000,9015,1729,667,mean_ring,4,9,200500,49.8654207488174,8800
23,laws,sparse_shuffle,2000,9015,1729,667,mean_ring,5,0,189600,49.8654207488174,8800
23,laws,sparse_shuffle,2000,9015,1729,667,degree4,5,1,366800,0,117500
23,laws,sparse_shuffle,2000,9015,1729,667,mean_degree,5,2,245400,11.062766666404302,8800
23,laws,sparse_shuffle,2000,9015,1729,667,binary,5,3,339900,0,0
23,laws,sparse_shuffle,2000,9015,1729,667,selected_grid,5,4,184100,99.7308414976348,20448700
23,laws,sparse_shuffle,2000,9015,1729,667,mean_map,5,5,211300,49.8654207488174,8800
23,laws,sparse_shuffle,2000,9015,1729,667,caliber,5,6,294500,0,29300
23,laws,sparse_shuffle,2000,9015,1729,667,std_binary,5,7,333400,0,0
23,laws,sparse_shuffle,2000,9015,1729,667,fourary,5,8,327000,0,0
23,laws,sparse_shuffle,2000,9015,1729,667,max_maxdegree,5,9,240600,12.498843048861685,25100
23,laws,sparse_shuffle,2000,9015,1729,667,caliber,6,0,293800,0,29300
23,laws,sparse_shuffle,2000,9015,1729,667,max_maxdegree,6,1,225000,12.498843048861685,25100
23,laws,sparse_shuffle,2000,9015,1729,667,degree4,6,2,373600,0,117500
23,laws,sparse_shuffle,2000,9015,1729,667,mean_ring,6,3,190100,49.8654207488174,8800
23,laws,sparse_shuffle,2000,9015,1729,667,binary,6,4,343100,0,0
23,laws,sparse_shuffle,2000,9015,1729,667,std_binary,6,5,330100,0,0
23,laws,sparse_shuffle,2000,9015,1729,667,selected_grid,6,6,202200,99.7308414976348,20448700
23,laws,sparse_shuffle,2000,9015,1729,667,fourary,6,7,329600,0,0
23,laws,sparse_shuffle,2000,9015,1729,667,mean_map,6,8,299700,49.8654207488174,8800
23,laws,sparse_shuffle,2000,9015,1729,667,mean_degree,6,9,241700,11.062766666404302,8800
23,laws,sparse_shuffle,2000,9015,1729,667,mean_degree,7,0,228900,11.062766666404302,8800
23,laws,sparse_shuffle,2000,9015,1729,667,mean_map,7,1,201300,49.8654207488174,8800
23,laws,sparse_shuffle,2000,9015,1729,667,fourary,7,2,333800,0,0
23,laws,sparse_shuffle,2000,9015,1729,667,selected_grid,7,3,179200,99.7308414976348,20448700
23,laws,sparse_shuffle,2000,9015,1729,667,std_binary,7,4,343000,0,0
23,laws,sparse_shuffle,2000,9015,1729,667,binary,7,5,359900,0,0
23,laws,sparse_shuffle,2000,9015,1729,667,mean_ring,7,6,200300,49.8654207488174,8800
23,laws,sparse_shuffle,2000,9015,1729,667,degree4,7,7,375000,0,117500
23,laws,sparse_shuffle,2000,9015,1729,667,max_maxdegree,7,8,242400,12.498843048861685,25100
23,laws,sparse_shuffle,2000,9015,1729,667,caliber,7,9,335100,0,29300
23,laws,sparse_shuffle,2000,9015,1729,1333,std_binary,0,0,342300,0,0
23,laws,sparse_shuffle,2000,9015,1729,1333,caliber,0,1,309100,0,29300
23,laws,sparse_shuffle,2000,9015,1729,1333,max_maxdegree,0,2,259200,12.498843048861685,25100
23,laws,sparse_shuffle,2000,9015,1729,1333,mean_degree,0,3,252700,11.062766666404302,8800
23,laws,sparse_shuffle,2000,9015,1729,1333,mean_ring,0,4,212600,49.8654207488174,8800
23,laws,sparse_shuffle,2000,9015,1729,1333,fourary,0,5,396400,0,0
23,laws,sparse_shuffle,2000,9015,1729,1333,degree4,0,6,399000,0,117500
23,laws,sparse_shuffle,2000,9015,1729,1333,binary,0,7,399800,0,0
23,laws,sparse_shuffle,2000,9015,1729,1333,selected_grid,0,8,211400,99.7308414976348,20448700
23,laws,sparse_shuffle,2000,9015,1729,1333,mean_map,0,9,212800,49.8654207488174,8800
23,laws,sparse_shuffle,2000,9015,1729,1333,mean_map,1,0,203200,49.8654207488174,8800
23,laws,sparse_shuffle,2000,9015,1729,1333,selected_grid,1,1,193600,99.7308414976348,20448700
23,laws,sparse_shuffle,2000,9015,1729,1333,binary,1,2,357700,0,0
23,laws,sparse_shuffle,2000,9015,1729,1333,degree4,1,3,420400,0,117500
23,laws,sparse_shuffle,2000,9015,1729,1333,fourary,1,4,354700,0,0
23,laws,sparse_shuffle,2000,9015,1729,1333,mean_ring,1,5,204200,49.8654207488174,8800
23,laws,sparse_shuffle,2000,9015,1729,1333,mean_degree,1,6,263500,11.062766666404302,8800
23,laws,sparse_shuffle,2000,9015,1729,1333,max_maxdegree,1,7,259200,12.498843048861685,25100
23,laws,sparse_shuffle,2000,9015,1729,1333,caliber,1,8,327600,0,29300
23,laws,sparse_shuffle,2000,9015,1729,1333,std_binary,1,9,378400,0,0
23,laws,sparse_shuffle,2000,9015,1729,1333,max_maxdegree,2,0,303900,12.498843048861685,25100
23,laws,sparse_shuffle,2000,9015,1729,1333,std_binary,2,1,368500,0,0
23,laws,sparse_shuffle,2000,9015,1729,1333,selected_grid,2,2,231500,99.7308414976348,20448700
23,laws,sparse_shuffle,2000,9015,1729,1333,mean_ring,2,3,199900,49.8654207488174,8800
23,laws,sparse_shuffle,2000,9015,1729,1333,fourary,2,4,352600,0,0
23,laws,sparse_shuffle,2000,9015,1729,1333,binary,2,5,412400,0,0
23,laws,sparse_shuffle,2000,9015,1729,1333,mean_degree,2,6,295900,11.062766666404302,8800
23,laws,sparse_shuffle,2000,9015,1729,1333,degree4,2,7,559100,0,117500
23,laws,sparse_shuffle,2000,9015,1729,1333,caliber,2,8,399900,0,29300
23,laws,sparse_shuffle,2000,9015,1729,1333,mean_map,2,9,225600,49.8654207488174,8800
23,laws,sparse_shuffle,2000,9015,1729,1333,mean_map,3,0,452400,49.8654207488174,8800
23,laws,sparse_shuffle,2000,9015,1729,1333,caliber,3,1,358100,0,29300
23,laws,sparse_shuffle,2000,9015,1729,1333,degree4,3,2,414200,0,117500
23,laws,sparse_shuffle,2000,9015,1729,1333,mean_degree,3,3,276000,11.062766666404302,8800
23,laws,sparse_shuffle,2000,9015,1729,1333,binary,3,4,371300,0,0
23,laws,sparse_shuffle,2000,9015,1729,1333,fourary,3,5,372200,0,0
23,laws,sparse_shuffle,2000,9015,1729,1333,mean_ring,3,6,229400,49.8654207488174,8800
23,laws,sparse_shuffle,2000,9015,1729,1333,selected_grid,3,7,222600,99.7308414976348,20448700
23,laws,sparse_shuffle,2000,9015,1729,1333,std_binary,3,8,366800,0,0
23,laws,sparse_shuffle,2000,9015,1729,1333,max_maxdegree,3,9,267300,12.498843048861685,25100
23,laws,sparse_shuffle,2000,9015,1729,1333,mean_degree,4,0,266800,11.062766666404302,8800
23,laws,sparse_shuffle,2000,9015,1729,1333,std_binary,4,1,355800,0,0
23,laws,sparse_shuffle,2000,9015,1729,1333,fourary,4,2,378200,0,0
23,laws,sparse_shuffle,2000,9015,1729,1333,selected_grid,4,3,215000,99.7308414976348,20448700
23,laws,sparse_shuffle,2000,9015,1729,1333,binary,4,4,480200,0,0
23,laws,sparse_shuffle,2000,9015,1729,1333,max_maxdegree,4,5,261900,12.498843048861685,25100
23,laws,sparse_shuffle,2000,9015,1729,1333,degree4,4,6,444500,0,117500
23,laws,sparse_shuffle,2000,9015,1729,1333,mean_map,4,7,223900,49.8654207488174,8800
23,laws,sparse_shuffle,2000,9015,1729,1333,caliber,4,8,327200,0,29300
23,laws,sparse_shuffle,2000,9015,1729,1333,mean_ring,4,9,216300,49.8654207488174,8800
23,laws,sparse_shuffle,2000,9015,1729,1333,mean_ring,5,0,195500,49.8654207488174,8800
23,laws,sparse_shuffle,2000,9015,1729,1333,caliber,5,1,314200,0,29300
23,laws,sparse_shuffle,2000,9015,1729,1333,mean_map,5,2,209600,49.8654207488174,8800
23,laws,sparse_shuffle,2000,9015,1729,1333,degree4,5,3,434200,0,117500
23,laws,sparse_shuffle,2000,9015,1729,1333,max_maxdegree,5,4,265700,12.498843048861685,25100
23,laws,sparse_shuffle,2000,9015,1729,1333,binary,5,5,370100,0,0
23,laws,sparse_shuffle,2000,9015,1729,1333,selected_grid,5,6,214000,99.7308414976348,20448700
23,laws,sparse_shuffle,2000,9015,1729,1333,fourary,5,7,364800,0,0
23,laws,sparse_shuffle,2000,9015,1729,1333,std_binary,5,8,361500,0,0
23,laws,sparse_shuffle,2000,9015,1729,1333,mean_degree,5,9,255800,11.062766666404302,8800
23,laws,sparse_shuffle,2000,9015,1729,1333,fourary,6,0,361500,0,0
23,laws,sparse_shuffle,2000,9015,1729,1333,binary,6,1,403100,0,0
23,laws,sparse_shuffle,2000,9015,1729,1333,max_maxdegree,6,2,261500,12.498843048861685,25100
23,laws,sparse_shuffle,2000,9015,1729,1333,std_binary,6,3,351800,0,0
23,laws,sparse_shuffle,2000,9015,1729,1333,mean_map,6,4,234200,49.8654207488174,8800
23,laws,sparse_shuffle,2000,9015,1729,1333,degree4,6,5,434000,0,117500
23,laws,sparse_shuffle,2000,9015,1729,1333,mean_ring,6,6,212500,49.8654207488174,8800
23,laws,sparse_shuffle,2000,9015,1729,1333,selected_grid,6,7,230200,99.7308414976348,20448700
23,laws,sparse_shuffle,2000,9015,1729,1333,mean_degree,6,8,338600,11.062766666404302,8800
23,laws,sparse_shuffle,2000,9015,1729,1333,caliber,6,9,406800,0,29300
23,laws,sparse_shuffle,2000,9015,1729,1333,caliber,7,0,326700,0,29300
23,laws,sparse_shuffle,2000,9015,1729,1333,mean_degree,7,1,263500,11.062766666404302,8800
23,laws,sparse_shuffle,2000,9015,1729,1333,selected_grid,7,2,211200,99.7308414976348,20448700
23,laws,sparse_shuffle,2000,9015,1729,1333,mean_ring,7,3,256900,49.8654207488174,8800
23,laws,sparse_shuffle,2000,9015,1729,1333,degree4,7,4,414100,0,117500
23,laws,sparse_shuffle,2000,9015,1729,1333,mean_map,7,5,230700,49.8654207488174,8800
23,laws,sparse_shuffle,2000,9015,1729,1333,std_binary,7,6,359100,0,0
23,laws,sparse_shuffle,2000,9015,1729,1333,max_maxdegree,7,7,339900,12.498843048861685,25100
23,laws,sparse_shuffle,2000,9015,1729,1333,binary,7,8,369100,0,0
23,laws,sparse_shuffle,2000,9015,1729,1333,fourary,7,9,357100,0,0
24,calibration,sparse_scale,2000,9015,1729,0,grid_1.5,0,0,226300,76593.28627018422,7900
24,calibration,sparse_scale,2000,9015,1729,0,grid_2,0,1,203400,102124.38169357897,7900
24,calibration,sparse_scale,2000,9015,1729,0,grid_0.25,0,2,265200,12765.54771169737,7900
24,calibration,sparse_scale,2000,9015,1729,0,grid_0.75,0,3,231700,38296.64313509211,7900
24,calibration,sparse_scale,2000,9015,1729,0,grid_0.05,0,4,356300,2553.1095423394745,7900
24,calibration,sparse_scale,2000,9015,1729,0,grid_0.5,0,5,246700,25531.09542339474,7900
24,calibration,sparse_scale,2000,9015,1729,0,grid_0.1,0,6,304700,5106.219084678949,7900
24,calibration,sparse_scale,2000,9015,1729,0,grid_16,0,7,298900,816995.0535486317,7900
24,calibration,sparse_scale,2000,9015,1729,0,grid_0.03125,0,8,365300,1595.6934639621713,7900
24,calibration,sparse_scale,2000,9015,1729,0,grid_4,0,9,206900,204248.76338715793,7900
24,calibration,sparse_scale,2000,9015,1729,0,grid_8,0,10,265800,408497.52677431586,7900
24,calibration,sparse_scale,2000,9015,1729,0,grid_1,0,11,223400,51062.19084678948,7900
24,calibration,sparse_scale,2000,9015,1729,0,grid_1,1,0,214000,51062.19084678948,7900
24,calibration,sparse_scale,2000,9015,1729,0,grid_8,1,1,260300,408497.52677431586,7900
24,calibration,sparse_scale,2000,9015,1729,0,grid_4,1,2,210900,204248.76338715793,7900
24,calibration,sparse_scale,2000,9015,1729,0,grid_0.03125,1,3,347500,1595.6934639621713,7900
24,calibration,sparse_scale,2000,9015,1729,0,grid_16,1,4,261100,816995.0535486317,7900
24,calibration,sparse_scale,2000,9015,1729,0,grid_0.1,1,5,349000,5106.219084678949,7900
24,calibration,sparse_scale,2000,9015,1729,0,grid_0.5,1,6,256400,25531.09542339474,7900
24,calibration,sparse_scale,2000,9015,1729,0,grid_0.05,1,7,317900,2553.1095423394745,7900
24,calibration,sparse_scale,2000,9015,1729,0,grid_0.75,1,8,234700,38296.64313509211,7900
24,calibration,sparse_scale,2000,9015,1729,0,grid_0.25,1,9,273800,12765.54771169737,7900
24,calibration,sparse_scale,2000,9015,1729,0,grid_2,1,10,204700,102124.38169357897,7900
24,calibration,sparse_scale,2000,9015,1729,0,grid_1.5,1,11,223800,76593.28627018422,7900
24,calibration,sparse_scale,2000,9015,1729,0,grid_0.75,2,0,241800,38296.64313509211,7900
24,calibration,sparse_scale,2000,9015,1729,0,grid_0.05,2,1,335000,2553.1095423394745,7900
24,calibration,sparse_scale,2000,9015,1729,0,grid_1.5,2,2,225400,76593.28627018422,7900
24,calibration,sparse_scale,2000,9015,1729,0,grid_16,2,3,270200,816995.0535486317,7900
24,calibration,sparse_scale,2000,9015,1729,0,grid_0.5,2,4,245800,25531.09542339474,7900
24,calibration,sparse_scale,2000,9015,1729,0,grid_0.1,2,5,310000,5106.219084678949,7900
24,calibration,sparse_scale,2000,9015,1729,0,grid_1,2,6,228100,51062.19084678948,7900
24,calibration,sparse_scale,2000,9015,1729,0,grid_0.03125,2,7,356000,1595.6934639621713,7900
24,calibration,sparse_scale,2000,9015,1729,0,grid_2,2,8,214200,102124.38169357897,7900
24,calibration,sparse_scale,2000,9015,1729,0,grid_8,2,9,271700,408497.52677431586,7900
24,calibration,sparse_scale,2000,9015,1729,0,grid_0.25,2,10,264900,12765.54771169737,7900
24,calibration,sparse_scale,2000,9015,1729,0,grid_4,2,11,203000,204248.76338715793,7900
24,calibration,sparse_scale,2000,9015,1729,0,grid_4,3,0,200500,204248.76338715793,7900
24,calibration,sparse_scale,2000,9015,1729,0,grid_0.25,3,1,266400,12765.54771169737,7900
24,calibration,sparse_scale,2000,9015,1729,0,grid_8,3,2,265300,408497.52677431586,7900
24,calibration,sparse_scale,2000,9015,1729,0,grid_2,3,3,200800,102124.38169357897,7900
24,calibration,sparse_scale,2000,9015,1729,0,grid_0.03125,3,4,351900,1595.6934639621713,7900
24,calibration,sparse_scale,2000,9015,1729,0,grid_1,3,5,228400,51062.19084678948,7900
24,calibration,sparse_scale,2000,9015,1729,0,grid_0.1,3,6,299000,5106.219084678949,7900
24,calibration,sparse_scale,2000,9015,1729,0,grid_0.5,3,7,241600,25531.09542339474,7900
24,calibration,sparse_scale,2000,9015,1729,0,grid_16,3,8,273700,816995.0535486317,7900
24,calibration,sparse_scale,2000,9015,1729,0,grid_1.5,3,9,218900,76593.28627018422,7900
24,calibration,sparse_scale,2000,9015,1729,0,grid_0.05,3,10,321400,2553.1095423394745,7900
24,calibration,sparse_scale,2000,9015,1729,0,grid_0.75,3,11,238700,38296.64313509211,7900
24,calibration,sparse_scale,2000,9015,1729,0,grid_0.03125,4,0,355800,1595.6934639621713,7900
24,calibration,sparse_scale,2000,9015,1729,0,grid_0.05,4,1,314200,2553.1095423394745,7900
24,calibration,sparse_scale,2000,9015,1729,0,grid_0.75,4,2,223100,38296.64313509211,7900
24,calibration,sparse_scale,2000,9015,1729,0,grid_0.25,4,3,267100,12765.54771169737,7900
24,calibration,sparse_scale,2000,9015,1729,0,grid_0.1,4,4,295700,5106.219084678949,7900
24,calibration,sparse_scale,2000,9015,1729,0,grid_4,4,5,211300,204248.76338715793,7900
24,calibration,sparse_scale,2000,9015,1729,0,grid_16,4,6,262000,816995.0535486317,7900
24,calibration,sparse_scale,2000,9015,1729,0,grid_1.5,4,7,238900,76593.28627018422,7900
24,calibration,sparse_scale,2000,9015,1729,0,grid_1,4,8,225700,51062.19084678948,7900
24,calibration,sparse_scale,2000,9015,1729,0,grid_0.5,4,9,242000,25531.09542339474,7900
24,calibration,sparse_scale,2000,9015,1729,0,grid_8,4,10,263700,408497.52677431586,7900
24,calibration,sparse_scale,2000,9015,1729,0,grid_2,4,11,204100,102124.38169357897,7900
24,calibration,sparse_scale,2000,9015,1729,0,grid_2,5,0,201900,102124.38169357897,7900
24,calibration,sparse_scale,2000,9015,1729,0,grid_8,5,1,258700,408497.52677431586,7900
24,calibration,sparse_scale,2000,9015,1729,0,grid_0.5,5,2,230900,25531.09542339474,7900
24,calibration,sparse_scale,2000,9015,1729,0,grid_1,5,3,225300,51062.19084678948,7900
24,calibration,sparse_scale,2000,9015,1729,0,grid_1.5,5,4,222300,76593.28627018422,7900
24,calibration,sparse_scale,2000,9015,1729,0,grid_16,5,5,261000,816995.0535486317,7900
24,calibration,sparse_scale,2000,9015,1729,0,grid_4,5,6,204800,204248.76338715793,7900
24,calibration,sparse_scale,2000,9015,1729,0,grid_0.1,5,7,297300,5106.219084678949,7900
24,calibration,sparse_scale,2000,9015,1729,0,grid_0.25,5,8,273400,12765.54771169737,7900
24,calibration,sparse_scale,2000,9015,1729,0,grid_0.75,5,9,228000,38296.64313509211,7900
24,calibration,sparse_scale,2000,9015,1729,0,grid_0.05,5,10,355500,2553.1095423394745,7900
24,calibration,sparse_scale,2000,9015,1729,0,grid_0.03125,5,11,345500,1595.6934639621713,7900
24,laws,sparse_scale,2000,9015,1729,667,std_binary,0,0,402300,0,0
24,laws,sparse_scale,2000,9015,1729,667,caliber,0,1,317500,0,27600
24,laws,sparse_scale,2000,9015,1729,667,fourary,0,2,356100,0,0
24,laws,sparse_scale,2000,9015,1729,667,degree4,0,3,473400,0,194300
24,laws,sparse_scale,2000,9015,1729,667,mean_degree,0,4,846900,11328.27306639811,7900
24,laws,sparse_scale,2000,9015,1729,667,binary,0,5,487500,0,0
24,laws,sparse_scale,2000,9015,1729,667,mean_ring,0,6,301300,51062.19084678948,7900
24,laws,sparse_scale,2000,9015,1729,667,selected_grid,0,7,321100,102124.38169357897,18906500
24,laws,sparse_scale,2000,9015,1729,667,max_maxdegree,0,8,367400,12798.815282034366,23700
24,laws,sparse_scale,2000,9015,1729,667,mean_map,0,9,235500,51062.19084678948,7900
24,laws,sparse_scale,2000,9015,1729,667,mean_map,1,0,222300,51062.19084678948,7900
24,laws,sparse_scale,2000,9015,1729,667,max_maxdegree,1,1,258200,12798.815282034366,23700
24,laws,sparse_scale,2000,9015,1729,667,selected_grid,1,2,236600,102124.38169357897,18906500
24,laws,sparse_scale,2000,9015,1729,667,mean_ring,1,3,210600,51062.19084678948,7900
24,laws,sparse_scale,2000,9015,1729,667,binary,1,4,378200,0,0
24,laws,sparse_scale,2000,9015,1729,667,mean_degree,1,5,273600,11328.27306639811,7900
24,laws,sparse_scale,2000,9015,1729,667,degree4,1,6,449300,0,194300
24,laws,sparse_scale,2000,9015,1729,667,fourary,1,7,383900,0,0
24,laws,sparse_scale,2000,9015,1729,667,caliber,1,8,345500,0,27600
24,laws,sparse_scale,2000,9015,1729,667,std_binary,1,9,362600,0,0
24,laws,sparse_scale,2000,9015,1729,667,fourary,2,0,362500,0,0
24,laws,sparse_scale,2000,9015,1729,667,mean_map,2,1,251000,51062.19084678948,7900
24,laws,sparse_scale,2000,9015,1729,667,mean_ring,2,2,213800,51062.19084678948,7900
24,laws,sparse_scale,2000,9015,1729,667,degree4,2,3,414000,0,194300
24,laws,sparse_scale,2000,9015,1729,667,selected_grid,2,4,211800,102124.38169357897,18906500
24,laws,sparse_scale,2000,9015,1729,667,std_binary,2,5,364900,0,0
24,laws,sparse_scale,2000,9015,1729,667,mean_degree,2,6,405000,11328.27306639811,7900
24,laws,sparse_scale,2000,9015,1729,667,binary,2,7,413300,0,0
24,laws,sparse_scale,2000,9015,1729,667,max_maxdegree,2,8,270600,12798.815282034366,23700
24,laws,sparse_scale,2000,9015,1729,667,caliber,2,9,346800,0,27600
24,laws,sparse_scale,2000,9015,1729,667,caliber,3,0,329600,0,27600
24,laws,sparse_scale,2000,9015,1729,667,max_maxdegree,3,1,257700,12798.815282034366,23700
24,laws,sparse_scale,2000,9015,1729,667,binary,3,2,383400,0,0
24,laws,sparse_scale,2000,9015,1729,667,mean_degree,3,3,264900,11328.27306639811,7900
24,laws,sparse_scale,2000,9015,1729,667,std_binary,3,4,383000,0,0
24,laws,sparse_scale,2000,9015,1729,667,selected_grid,3,5,210400,102124.38169357897,18906500
24,laws,sparse_scale,2000,9015,1729,667,degree4,3,6,423800,0,194300
24,laws,sparse_scale,2000,9015,1729,667,mean_ring,3,7,215500,51062.19084678948,7900
24,laws,sparse_scale,2000,9015,1729,667,mean_map,3,8,232200,51062.19084678948,7900
24,laws,sparse_scale,2000,9015,1729,667,fourary,3,9,383900,0,0
24,laws,sparse_scale,2000,9015,1729,667,max_maxdegree,4,0,265400,12798.815282034366,23700
24,laws,sparse_scale,2000,9015,1729,667,fourary,4,1,374200,0,0
24,laws,sparse_scale,2000,9015,1729,667,std_binary,4,2,366900,0,0
24,laws,sparse_scale,2000,9015,1729,667,caliber,4,3,331300,0,27600
24,laws,sparse_scale,2000,9015,1729,667,mean_map,4,4,226500,51062.19084678948,7900
24,laws,sparse_scale,2000,9015,1729,667,selected_grid,4,5,227700,102124.38169357897,18906500
24,laws,sparse_scale,2000,9015,1729,667,binary,4,6,377600,0,0
24,laws,sparse_scale,2000,9015,1729,667,mean_degree,4,7,265400,11328.27306639811,7900
24,laws,sparse_scale,2000,9015,1729,667,degree4,4,8,419600,0,194300
24,laws,sparse_scale,2000,9015,1729,667,mean_ring,4,9,209200,51062.19084678948,7900
24,laws,sparse_scale,2000,9015,1729,667,mean_ring,5,0,202100,51062.19084678948,7900
24,laws,sparse_scale,2000,9015,1729,667,degree4,5,1,418600,0,194300
24,laws,sparse_scale,2000,9015,1729,667,mean_degree,5,2,273800,11328.27306639811,7900
24,laws,sparse_scale,2000,9015,1729,667,binary,5,3,384100,0,0
24,laws,sparse_scale,2000,9015,1729,667,selected_grid,5,4,210500,102124.38169357897,18906500
24,laws,sparse_scale,2000,9015,1729,667,mean_map,5,5,223300,51062.19084678948,7900
24,laws,sparse_scale,2000,9015,1729,667,caliber,5,6,328800,0,27600
24,laws,sparse_scale,2000,9015,1729,667,std_binary,5,7,365000,0,0
24,laws,sparse_scale,2000,9015,1729,667,fourary,5,8,382300,0,0
24,laws,sparse_scale,2000,9015,1729,667,max_maxdegree,5,9,275200,12798.815282034366,23700
24,laws,sparse_scale,2000,9015,1729,667,caliber,6,0,325600,0,27600
24,laws,sparse_scale,2000,9015,1729,667,max_maxdegree,6,1,280700,12798.815282034366,23700
24,laws,sparse_scale,2000,9015,1729,667,degree4,6,2,414100,0,194300
24,laws,sparse_scale,2000,9015,1729,667,mean_ring,6,3,211500,51062.19084678948,7900
24,laws,sparse_scale,2000,9015,1729,667,binary,6,4,382300,0,0
24,laws,sparse_scale,2000,9015,1729,667,std_binary,6,5,354700,0,0
24,laws,sparse_scale,2000,9015,1729,667,selected_grid,6,6,212400,102124.38169357897,18906500
24,laws,sparse_scale,2000,9015,1729,667,fourary,6,7,390300,0,0
24,laws,sparse_scale,2000,9015,1729,667,mean_map,6,8,225700,51062.19084678948,7900
24,laws,sparse_scale,2000,9015,1729,667,mean_degree,6,9,262800,11328.27306639811,7900
24,laws,sparse_scale,2000,9015,1729,667,mean_degree,7,0,251100,11328.27306639811,7900
24,laws,sparse_scale,2000,9015,1729,667,mean_map,7,1,221500,51062.19084678948,7900
24,laws,sparse_scale,2000,9015,1729,667,fourary,7,2,368700,0,0
24,laws,sparse_scale,2000,9015,1729,667,selected_grid,7,3,202100,102124.38169357897,18906500
24,laws,sparse_scale,2000,9015,1729,667,std_binary,7,4,349500,0,0
24,laws,sparse_scale,2000,9015,1729,667,binary,7,5,359200,0,0
24,laws,sparse_scale,2000,9015,1729,667,mean_ring,7,6,203000,51062.19084678948,7900
24,laws,sparse_scale,2000,9015,1729,667,degree4,7,7,406000,0,194300
24,laws,sparse_scale,2000,9015,1729,667,max_maxdegree,7,8,270100,12798.815282034366,23700
24,laws,sparse_scale,2000,9015,1729,667,caliber,7,9,323400,0,27600
24,laws,sparse_scale,2000,9015,1729,1333,std_binary,0,0,357300,0,0
24,laws,sparse_scale,2000,9015,1729,1333,caliber,0,1,333100,0,27600
24,laws,sparse_scale,2000,9015,1729,1333,max_maxdegree,0,2,293900,12798.815282034366,23700
24,laws,sparse_scale,2000,9015,1729,1333,mean_degree,0,3,256000,11328.27306639811,7900
24,laws,sparse_scale,2000,9015,1729,1333,mean_ring,0,4,204700,51062.19084678948,7900
24,laws,sparse_scale,2000,9015,1729,1333,fourary,0,5,788200,0,0
24,laws,sparse_scale,2000,9015,1729,1333,degree4,0,6,506200,0,194300
24,laws,sparse_scale,2000,9015,1729,1333,binary,0,7,390300,0,0
24,laws,sparse_scale,2000,9015,1729,1333,selected_grid,0,8,274300,102124.38169357897,18906500
24,laws,sparse_scale,2000,9015,1729,1333,mean_map,0,9,228200,51062.19084678948,7900
24,laws,sparse_scale,2000,9015,1729,1333,mean_map,1,0,219800,51062.19084678948,7900
24,laws,sparse_scale,2000,9015,1729,1333,selected_grid,1,1,203500,102124.38169357897,18906500
24,laws,sparse_scale,2000,9015,1729,1333,binary,1,2,379400,0,0
24,laws,sparse_scale,2000,9015,1729,1333,degree4,1,3,423200,0,194300
24,laws,sparse_scale,2000,9015,1729,1333,fourary,1,4,381300,0,0
24,laws,sparse_scale,2000,9015,1729,1333,mean_ring,1,5,213500,51062.19084678948,7900
24,laws,sparse_scale,2000,9015,1729,1333,mean_degree,1,6,275800,11328.27306639811,7900
24,laws,sparse_scale,2000,9015,1729,1333,max_maxdegree,1,7,267500,12798.815282034366,23700
24,laws,sparse_scale,2000,9015,1729,1333,caliber,1,8,335100,0,27600
24,laws,sparse_scale,2000,9015,1729,1333,std_binary,1,9,376100,0,0
24,laws,sparse_scale,2000,9015,1729,1333,max_maxdegree,2,0,261300,12798.815282034366,23700
24,laws,sparse_scale,2000,9015,1729,1333,std_binary,2,1,366200,0,0
24,laws,sparse_scale,2000,9015,1729,1333,selected_grid,2,2,207700,102124.38169357897,18906500
24,laws,sparse_scale,2000,9015,1729,1333,mean_ring,2,3,207100,51062.19084678948,7900
24,laws,sparse_scale,2000,9015,1729,1333,fourary,2,4,376900,0,0
24,laws,sparse_scale,2000,9015,1729,1333,binary,2,5,464800,0,0
24,laws,sparse_scale,2000,9015,1729,1333,mean_degree,2,6,337700,11328.27306639811,7900
24,laws,sparse_scale,2000,9015,1729,1333,degree4,2,7,531200,0,194300
24,laws,sparse_scale,2000,9015,1729,1333,caliber,2,8,410000,0,27600
24,laws,sparse_scale,2000,9015,1729,1333,mean_map,2,9,271000,51062.19084678948,7900
24,laws,sparse_scale,2000,9015,1729,1333,mean_map,3,0,224700,51062.19084678948,7900
24,laws,sparse_scale,2000,9015,1729,1333,caliber,3,1,570500,0,27600
24,laws,sparse_scale,2000,9015,1729,1333,degree4,3,2,512700,0,194300
24,laws,sparse_scale,2000,9015,1729,1333,mean_degree,3,3,339700,11328.27306639811,7900
24,laws,sparse_scale,2000,9015,1729,1333,binary,3,4,526500,0,0
24,laws,sparse_scale,2000,9015,1729,1333,fourary,3,5,400700,0,0
24,laws,sparse_scale,2000,9015,1729,1333,mean_ring,3,6,204500,51062.19084678948,7900
24,laws,sparse_scale,2000,9015,1729,1333,selected_grid,3,7,196600,102124.38169357897,18906500
24,laws,sparse_scale,2000,9015,1729,1333,std_binary,3,8,357100,0,0
24,laws,sparse_scale,2000,9015,1729,1333,max_maxdegree,3,9,274400,12798.815282034366,23700
24,laws,sparse_scale,2000,9015,1729,1333,mean_degree,4,0,267100,11328.27306639811,7900
24,laws,sparse_scale,2000,9015,1729,1333,std_binary,4,1,351900,0,0
24,laws,sparse_scale,2000,9015,1729,1333,fourary,4,2,406400,0,0
24,laws,sparse_scale,2000,9015,1729,1333,selected_grid,4,3,191900,102124.38169357897,18906500
24,laws,sparse_scale,2000,9015,1729,1333,binary,4,4,387200,0,0
24,laws,sparse_scale,2000,9015,1729,1333,max_maxdegree,4,5,273100,12798.815282034366,23700
24,laws,sparse_scale,2000,9015,1729,1333,degree4,4,6,417300,0,194300
24,laws,sparse_scale,2000,9015,1729,1333,mean_map,4,7,220000,51062.19084678948,7900
24,laws,sparse_scale,2000,9015,1729,1333,caliber,4,8,329800,0,27600
24,laws,sparse_scale,2000,9015,1729,1333,mean_ring,4,9,206600,51062.19084678948,7900
24,laws,sparse_scale,2000,9015,1729,1333,mean_ring,5,0,200300,51062.19084678948,7900
24,laws,sparse_scale,2000,9015,1729,1333,caliber,5,1,323600,0,27600
24,laws,sparse_scale,2000,9015,1729,1333,mean_map,5,2,228600,51062.19084678948,7900
24,laws,sparse_scale,2000,9015,1729,1333,degree4,5,3,400000,0,194300
24,laws,sparse_scale,2000,9015,1729,1333,max_maxdegree,5,4,255600,12798.815282034366,23700
24,laws,sparse_scale,2000,9015,1729,1333,binary,5,5,493800,0,0
24,laws,sparse_scale,2000,9015,1729,1333,selected_grid,5,6,210400,102124.38169357897,18906500
24,laws,sparse_scale,2000,9015,1729,1333,fourary,5,7,371500,0,0
24,laws,sparse_scale,2000,9015,1729,1333,std_binary,5,8,373700,0,0
24,laws,sparse_scale,2000,9015,1729,1333,mean_degree,5,9,258600,11328.27306639811,7900
24,laws,sparse_scale,2000,9015,1729,1333,fourary,6,0,376100,0,0
24,laws,sparse_scale,2000,9015,1729,1333,binary,6,1,372900,0,0
24,laws,sparse_scale,2000,9015,1729,1333,max_maxdegree,6,2,244800,12798.815282034366,23700
24,laws,sparse_scale,2000,9015,1729,1333,std_binary,6,3,369800,0,0
24,laws,sparse_scale,2000,9015,1729,1333,mean_map,6,4,236600,51062.19084678948,7900
24,laws,sparse_scale,2000,9015,1729,1333,degree4,6,5,404200,0,194300
24,laws,sparse_scale,2000,9015,1729,1333,mean_ring,6,6,203100,51062.19084678948,7900
24,laws,sparse_scale,2000,9015,1729,1333,selected_grid,6,7,203100,102124.38169357897,18906500
24,laws,sparse_scale,2000,9015,1729,1333,mean_degree,6,8,263100,11328.27306639811,7900
24,laws,sparse_scale,2000,9015,1729,1333,caliber,6,9,320600,0,27600
24,laws,sparse_scale,2000,9015,1729,1333,caliber,7,0,309500,0,27600
24,laws,sparse_scale,2000,9015,1729,1333,mean_degree,7,1,258600,11328.27306639811,7900
24,laws,sparse_scale,2000,9015,1729,1333,selected_grid,7,2,189100,102124.38169357897,18906500
24,laws,sparse_scale,2000,9015,1729,1333,mean_ring,7,3,196100,51062.19084678948,7900
24,laws,sparse_scale,2000,9015,1729,1333,degree4,7,4,418300,0,194300
24,laws,sparse_scale,2000,9015,1729,1333,mean_map,7,5,216700,51062.19084678948,7900
24,laws,sparse_scale,2000,9015,1729,1333,std_binary,7,6,359000,0,0
24,laws,sparse_scale,2000,9015,1729,1333,max_maxdegree,7,7,256700,12798.815282034366,23700
24,laws,sparse_scale,2000,9015,1729,1333,binary,7,8,376400,0,0
24,laws,sparse_scale,2000,9015,1729,1333,fourary,7,9,362700,0,0
25,calibration,clustered_uniform,2000,52192,1729,0,grid_1.5,0,0,455700,14.49143094151902,36300
25,calibration,clustered_uniform,2000,52192,1729,0,grid_2,0,1,478800,19.32190792202536,36300
25,calibration,clustered_uniform,2000,52192,1729,0,grid_0.25,0,2,551600,2.41523849025317,36300
25,calibration,clustered_uniform,2000,52192,1729,0,grid_0.75,0,3,486900,7.24571547075951,36300
25,calibration,clustered_uniform,2000,52192,1729,0,grid_0.05,0,4,658700,0.483047698050634,36300
25,calibration,clustered_uniform,2000,52192,1729,0,grid_0.5,0,5,493600,4.83047698050634,36300
25,calibration,clustered_uniform,2000,52192,1729,0,grid_0.1,0,6,578200,0.966095396101268,36300
25,calibration,clustered_uniform,2000,52192,1729,0,grid_16,0,7,498100,154.57526337620288,36300
25,calibration,clustered_uniform,2000,52192,1729,0,grid_0.03125,0,8,717000,0.30190481128164626,36300
25,calibration,clustered_uniform,2000,52192,1729,0,grid_4,0,9,471500,38.64381584405072,36300
25,calibration,clustered_uniform,2000,52192,1729,0,grid_8,0,10,493700,77.28763168810144,36300
25,calibration,clustered_uniform,2000,52192,1729,0,grid_1,0,11,473300,9.66095396101268,36300
25,calibration,clustered_uniform,2000,52192,1729,0,grid_1,1,0,467400,9.66095396101268,36300
25,calibration,clustered_uniform,2000,52192,1729,0,grid_8,1,1,535900,77.28763168810144,36300
25,calibration,clustered_uniform,2000,52192,1729,0,grid_4,1,2,452000,38.64381584405072,36300
25,calibration,clustered_uniform,2000,52192,1729,0,grid_0.03125,1,3,732700,0.30190481128164626,36300
25,calibration,clustered_uniform,2000,52192,1729,0,grid_16,1,4,506500,154.57526337620288,36300
25,calibration,clustered_uniform,2000,52192,1729,0,grid_0.1,1,5,703400,0.966095396101268,36300
25,calibration,clustered_uniform,2000,52192,1729,0,grid_0.5,1,6,513300,4.83047698050634,36300
25,calibration,clustered_uniform,2000,52192,1729,0,grid_0.05,1,7,647900,0.483047698050634,36300
25,calibration,clustered_uniform,2000,52192,1729,0,grid_0.75,1,8,511600,7.24571547075951,36300
25,calibration,clustered_uniform,2000,52192,1729,0,grid_0.25,1,9,517600,2.41523849025317,36300
25,calibration,clustered_uniform,2000,52192,1729,0,grid_2,1,10,459000,19.32190792202536,36300
25,calibration,clustered_uniform,2000,52192,1729,0,grid_1.5,1,11,445400,14.49143094151902,36300
25,calibration,clustered_uniform,2000,52192,1729,0,grid_0.75,2,0,477500,7.24571547075951,36300
25,calibration,clustered_uniform,2000,52192,1729,0,grid_0.05,2,1,663300,0.483047698050634,36300
25,calibration,clustered_uniform,2000,52192,1729,0,grid_1.5,2,2,452400,14.49143094151902,36300
25,calibration,clustered_uniform,2000,52192,1729,0,grid_16,2,3,484800,154.57526337620288,36300
25,calibration,clustered_uniform,2000,52192,1729,0,grid_0.5,2,4,483400,4.83047698050634,36300
25,calibration,clustered_uniform,2000,52192,1729,0,grid_0.1,2,5,595500,0.966095396101268,36300
25,calibration,clustered_uniform,2000,52192,1729,0,grid_1,2,6,468000,9.66095396101268,36300
25,calibration,clustered_uniform,2000,52192,1729,0,grid_0.03125,2,7,816000,0.30190481128164626,36300
25,calibration,clustered_uniform,2000,52192,1729,0,grid_2,2,8,609000,19.32190792202536,36300
25,calibration,clustered_uniform,2000,52192,1729,0,grid_8,2,9,522300,77.28763168810144,36300
25,calibration,clustered_uniform,2000,52192,1729,0,grid_0.25,2,10,545600,2.41523849025317,36300
25,calibration,clustered_uniform,2000,52192,1729,0,grid_4,2,11,490000,38.64381584405072,36300
25,calibration,clustered_uniform,2000,52192,1729,0,grid_4,3,0,466900,38.64381584405072,36300
25,calibration,clustered_uniform,2000,52192,1729,0,grid_0.25,3,1,591300,2.41523849025317,36300
25,calibration,clustered_uniform,2000,52192,1729,0,grid_8,3,2,513600,77.28763168810144,36300
25,calibration,clustered_uniform,2000,52192,1729,0,grid_2,3,3,476800,19.32190792202536,36300
25,calibration,clustered_uniform,2000,52192,1729,0,grid_0.03125,3,4,727000,0.30190481128164626,36300
25,calibration,clustered_uniform,2000,52192,1729,0,grid_1,3,5,778000,9.66095396101268,36300
25,calibration,clustered_uniform,2000,52192,1729,0,grid_0.1,3,6,643800,0.966095396101268,36300
25,calibration,clustered_uniform,2000,52192,1729,0,grid_0.5,3,7,501100,4.83047698050634,36300
25,calibration,clustered_uniform,2000,52192,1729,0,grid_16,3,8,479800,154.57526337620288,36300
25,calibration,clustered_uniform,2000,52192,1729,0,grid_1.5,3,9,451000,14.49143094151902,36300
25,calibration,clustered_uniform,2000,52192,1729,0,grid_0.05,3,10,670800,0.483047698050634,36300
25,calibration,clustered_uniform,2000,52192,1729,0,grid_0.75,3,11,479900,7.24571547075951,36300
25,calibration,clustered_uniform,2000,52192,1729,0,grid_0.03125,4,0,713600,0.30190481128164626,36300
25,calibration,clustered_uniform,2000,52192,1729,0,grid_0.05,4,1,684900,0.483047698050634,36300
25,calibration,clustered_uniform,2000,52192,1729,0,grid_0.75,4,2,480000,7.24571547075951,36300
25,calibration,clustered_uniform,2000,52192,1729,0,grid_0.25,4,3,523300,2.41523849025317,36300
25,calibration,clustered_uniform,2000,52192,1729,0,grid_0.1,4,4,598600,0.966095396101268,36300
25,calibration,clustered_uniform,2000,52192,1729,0,grid_4,4,5,454100,38.64381584405072,36300
25,calibration,clustered_uniform,2000,52192,1729,0,grid_16,4,6,484200,154.57526337620288,36300
25,calibration,clustered_uniform,2000,52192,1729,0,grid_1.5,4,7,461600,14.49143094151902,36300
25,calibration,clustered_uniform,2000,52192,1729,0,grid_1,4,8,467100,9.66095396101268,36300
25,calibration,clustered_uniform,2000,52192,1729,0,grid_0.5,4,9,486100,4.83047698050634,36300
25,calibration,clustered_uniform,2000,52192,1729,0,grid_8,4,10,500100,77.28763168810144,36300
25,calibration,clustered_uniform,2000,52192,1729,0,grid_2,4,11,468000,19.32190792202536,36300
25,calibration,clustered_uniform,2000,52192,1729,0,grid_2,5,0,453400,19.32190792202536,36300
25,calibration,clustered_uniform,2000,52192,1729,0,grid_8,5,1,506500,77.28763168810144,36300
25,calibration,clustered_uniform,2000,52192,1729,0,grid_0.5,5,2,636000,4.83047698050634,36300
25,calibration,clustered_uniform,2000,52192,1729,0,grid_1,5,3,510700,9.66095396101268,36300
25,calibration,clustered_uniform,2000,52192,1729,0,grid_1.5,5,4,489600,14.49143094151902,36300
25,calibration,clustered_uniform,2000,52192,1729,0,grid_16,5,5,503700,154.57526337620288,36300
25,calibration,clustered_uniform,2000,52192,1729,0,grid_4,5,6,472600,38.64381584405072,36300
25,calibration,clustered_uniform,2000,52192,1729,0,grid_0.1,5,7,591200,0.966095396101268,36300
25,calibration,clustered_uniform,2000,52192,1729,0,grid_0.25,5,8,537300,2.41523849025317,36300
25,calibration,clustered_uniform,2000,52192,1729,0,grid_0.75,5,9,504800,7.24571547075951,36300
25,calibration,clustered_uniform,2000,52192,1729,0,grid_0.05,5,10,653700,0.483047698050634,36300
25,calibration,clustered_uniform,2000,52192,1729,0,grid_0.03125,5,11,784200,0.30190481128164626,36300
25,laws,clustered_uniform,2000,52192,1729,667,std_binary,0,0,734100,0,0
25,laws,clustered_uniform,2000,52192,1729,667,caliber,0,1,683500,0,100100
25,laws,clustered_uniform,2000,52192,1729,667,fourary,0,2,873300,0,0
25,laws,clustered_uniform,2000,52192,1729,667,degree4,0,3,704900,0,163100
25,laws,clustered_uniform,2000,52192,1729,667,mean_degree,0,4,739800,0.37020822965253986,36300
25,laws,clustered_uniform,2000,52192,1729,667,binary,0,5,725100,0,0
25,laws,clustered_uniform,2000,52192,1729,667,mean_ring,0,6,480300,9.66095396101268,36300
25,laws,clustered_uniform,2000,52192,1729,667,selected_grid,0,7,611800,14.49143094151902,39338800
25,laws,clustered_uniform,2000,52192,1729,667,max_maxdegree,0,8,547700,2.438973698544646,68600
25,laws,clustered_uniform,2000,52192,1729,667,mean_map,0,9,486700,9.66095396101268,36300
25,laws,clustered_uniform,2000,52192,1729,667,mean_map,1,0,472000,9.66095396101268,36300
25,laws,clustered_uniform,2000,52192,1729,667,max_maxdegree,1,1,563400,2.438973698544646,68600
25,laws,clustered_uniform,2000,52192,1729,667,selected_grid,1,2,476000,14.49143094151902,39338800
25,laws,clustered_uniform,2000,52192,1729,667,mean_ring,1,3,467300,9.66095396101268,36300
25,laws,clustered_uniform,2000,52192,1729,667,binary,1,4,743500,0,0
25,laws,clustered_uniform,2000,52192,1729,667,mean_degree,1,5,738600,0.37020822965253986,36300
25,laws,clustered_uniform,2000,52192,1729,667,degree4,1,6,905900,0,163100
25,laws,clustered_uniform,2000,52192,1729,667,fourary,1,7,723500,0,0
25,laws,clustered_uniform,2000,52192,1729,667,caliber,1,8,728000,0,100100
25,laws,clustered_uniform,2000,52192,1729,667,std_binary,1,9,751600,0,0
25,laws,clustered_uniform,2000,52192,1729,667,fourary,2,0,789300,0,0
25,laws,clustered_uniform,2000,52192,1729,667,mean_map,2,1,526300,9.66095396101268,36300
25,laws,clustered_uniform,2000,52192,1729,667,mean_ring,2,2,469600,9.66095396101268,36300
25,laws,clustered_uniform,2000,52192,1729,667,degree4,2,3,1540600,0,163100
25,laws,clustered_uniform,2000,52192,1729,667,selected_grid,2,4,590800,14.49143094151902,39338800
25,laws,clustered_uniform,2000,52192,1729,667,std_binary,2,5,746100,0,0
25,laws,clustered_uniform,2000,52192,1729,667,mean_degree,2,6,763900,0.37020822965253986,36300
25,laws,clustered_uniform,2000,52192,1729,667,binary,2,7,721600,0,0
25,laws,clustered_uniform,2000,52192,1729,667,max_maxdegree,2,8,561400,2.438973698544646,68600
25,laws,clustered_uniform,2000,52192,1729,667,caliber,2,9,700500,0,100100
25,laws,clustered_uniform,2000,52192,1729,667,caliber,3,0,675300,0,100100
25,laws,clustered_uniform,2000,52192,1729,667,max_maxdegree,3,1,529500,2.438973698544646,68600
25,laws,clustered_uniform,2000,52192,1729,667,binary,3,2,735100,0,0
25,laws,clustered_uniform,2000,52192,1729,667,mean_degree,3,3,717000,0.37020822965253986,36300
25,laws,clustered_uniform,2000,52192,1729,667,std_binary,3,4,756600,0,0
25,laws,clustered_uniform,2000,52192,1729,667,selected_grid,3,5,486700,14.49143094151902,39338800
25,laws,clustered_uniform,2000,52192,1729,667,degree4,3,6,747900,0,163100
25,laws,clustered_uniform,2000,52192,1729,667,mean_ring,3,7,576200,9.66095396101268,36300
25,laws,clustered_uniform,2000,52192,1729,667,mean_map,3,8,509700,9.66095396101268,36300
25,laws,clustered_uniform,2000,52192,1729,667,fourary,3,9,720100,0,0
25,laws,clustered_uniform,2000,52192,1729,667,max_maxdegree,4,0,598600,2.438973698544646,68600
25,laws,clustered_uniform,2000,52192,1729,667,fourary,4,1,702600,0,0
25,laws,clustered_uniform,2000,52192,1729,667,std_binary,4,2,754800,0,0
25,laws,clustered_uniform,2000,52192,1729,667,caliber,4,3,700700,0,100100
25,laws,clustered_uniform,2000,52192,1729,667,mean_map,4,4,487000,9.66095396101268,36300
25,laws,clustered_uniform,2000,52192,1729,667,selected_grid,4,5,649400,14.49143094151902,39338800
25,laws,clustered_uniform,2000,52192,1729,667,binary,4,6,742200,0,0
25,laws,clustered_uniform,2000,52192,1729,667,mean_degree,4,7,727700,0.37020822965253986,36300
25,laws,clustered_uniform,2000,52192,1729,667,degree4,4,8,761900,0,163100
25,laws,clustered_uniform,2000,52192,1729,667,mean_ring,4,9,866900,9.66095396101268,36300
25,laws,clustered_uniform,2000,52192,1729,667,mean_ring,5,0,572800,9.66095396101268,36300
25,laws,clustered_uniform,2000,52192,1729,667,degree4,5,1,818200,0,163100
25,laws,clustered_uniform,2000,52192,1729,667,mean_degree,5,2,817900,0.37020822965253986,36300
25,laws,clustered_uniform,2000,52192,1729,667,binary,5,3,717500,0,0
25,laws,clustered_uniform,2000,52192,1729,667,selected_grid,5,4,472500,14.49143094151902,39338800
25,laws,clustered_uniform,2000,52192,1729,667,mean_map,5,5,492400,9.66095396101268,36300
25,laws,clustered_uniform,2000,52192,1729,667,caliber,5,6,691600,0,100100
25,laws,clustered_uniform,2000,52192,1729,667,std_binary,5,7,751800,0,0
25,laws,clustered_uniform,2000,52192,1729,667,fourary,5,8,718800,0,0
25,laws,clustered_uniform,2000,52192,1729,667,max_maxdegree,5,9,549000,2.438973698544646,68600
25,laws,clustered_uniform,2000,52192,1729,667,caliber,6,0,690000,0,100100
25,laws,clustered_uniform,2000,52192,1729,667,max_maxdegree,6,1,520800,2.438973698544646,68600
25,laws,clustered_uniform,2000,52192,1729,667,degree4,6,2,748400,0,163100
25,laws,clustered_uniform,2000,52192,1729,667,mean_ring,6,3,462100,9.66095396101268,36300
25,laws,clustered_uniform,2000,52192,1729,667,binary,6,4,718800,0,0
25,laws,clustered_uniform,2000,52192,1729,667,std_binary,6,5,755400,0,0
25,laws,clustered_uniform,2000,52192,1729,667,selected_grid,6,6,469400,14.49143094151902,39338800
25,laws,clustered_uniform,2000,52192,1729,667,fourary,6,7,701500,0,0
25,laws,clustered_uniform,2000,52192,1729,667,mean_map,6,8,676700,9.66095396101268,36300
25,laws,clustered_uniform,2000,52192,1729,667,mean_degree,6,9,730300,0.37020822965253986,36300
25,laws,clustered_uniform,2000,52192,1729,667,mean_degree,7,0,776600,0.37020822965253986,36300
25,laws,clustered_uniform,2000,52192,1729,667,mean_map,7,1,518400,9.66095396101268,36300
25,laws,clustered_uniform,2000,52192,1729,667,fourary,7,2,847900,0,0
25,laws,clustered_uniform,2000,52192,1729,667,selected_grid,7,3,506900,14.49143094151902,39338800
25,laws,clustered_uniform,2000,52192,1729,667,std_binary,7,4,743900,0,0
25,laws,clustered_uniform,2000,52192,1729,667,binary,7,5,718800,0,0
25,laws,clustered_uniform,2000,52192,1729,667,mean_ring,7,6,491600,9.66095396101268,36300
25,laws,clustered_uniform,2000,52192,1729,667,degree4,7,7,763900,0,163100
25,laws,clustered_uniform,2000,52192,1729,667,max_maxdegree,7,8,570900,2.438973698544646,68600
25,laws,clustered_uniform,2000,52192,1729,667,caliber,7,9,694100,0,100100
25,laws,clustered_uniform,2000,52192,1729,1333,std_binary,0,0,795900,0,0
25,laws,clustered_uniform,2000,52192,1729,1333,caliber,0,1,744100,0,100100
25,laws,clustered_uniform,2000,52192,1729,1333,max_maxdegree,0,2,620500,2.438973698544646,68600
25,laws,clustered_uniform,2000,52192,1729,1333,mean_degree,0,3,795600,0.37020822965253986,36300
25,laws,clustered_uniform,2000,52192,1729,1333,mean_ring,0,4,504300,9.66095396101268,36300
25,laws,clustered_uniform,2000,52192,1729,1333,fourary,0,5,807900,0,0
25,laws,clustered_uniform,2000,52192,1729,1333,degree4,0,6,778600,0,163100
25,laws,clustered_uniform,2000,52192,1729,1333,binary,0,7,721300,0,0
25,laws,clustered_uniform,2000,52192,1729,1333,selected_grid,0,8,506300,14.49143094151902,39338800
25,laws,clustered_uniform,2000,52192,1729,1333,mean_map,0,9,503700,9.66095396101268,36300
25,laws,clustered_uniform,2000,52192,1729,1333,mean_map,1,0,519600,9.66095396101268,36300
25,laws,clustered_uniform,2000,52192,1729,1333,selected_grid,1,1,484400,14.49143094151902,39338800
25,laws,clustered_uniform,2000,52192,1729,1333,binary,1,2,827100,0,0
25,laws,clustered_uniform,2000,52192,1729,1333,degree4,1,3,853600,0,163100
25,laws,clustered_uniform,2000,52192,1729,1333,fourary,1,4,761200,0,0
25,laws,clustered_uniform,2000,52192,1729,1333,mean_ring,1,5,490700,9.66095396101268,36300
25,laws,clustered_uniform,2000,52192,1729,1333,mean_degree,1,6,920800,0.37020822965253986,36300
25,laws,clustered_uniform,2000,52192,1729,1333,max_maxdegree,1,7,1413000,2.438973698544646,68600
25,laws,clustered_uniform,2000,52192,1729,1333,caliber,1,8,718200,0,100100
25,laws,clustered_uniform,2000,52192,1729,1333,std_binary,1,9,754600,0,0
25,laws,clustered_uniform,2000,52192,1729,1333,max_maxdegree,2,0,560000,2.438973698544646,68600
25,laws,clustered_uniform,2000,52192,1729,1333,std_binary,2,1,737000,0,0
25,laws,clustered_uniform,2000,52192,1729,1333,selected_grid,2,2,483600,14.49143094151902,39338800
25,laws,clustered_uniform,2000,52192,1729,1333,mean_ring,2,3,480500,9.66095396101268,36300
25,laws,clustered_uniform,2000,52192,1729,1333,fourary,2,4,780800,0,0
25,laws,clustered_uniform,2000,52192,1729,1333,binary,2,5,830600,0,0
25,laws,clustered_uniform,2000,52192,1729,1333,mean_degree,2,6,768800,0.37020822965253986,36300
25,laws,clustered_uniform,2000,52192,1729,1333,degree4,2,7,797800,0,163100
25,laws,clustered_uniform,2000,52192,1729,1333,caliber,2,8,746000,0,100100
25,laws,clustered_uniform,2000,52192,1729,1333,mean_map,2,9,529500,9.66095396101268,36300
25,laws,clustered_uniform,2000,52192,1729,1333,mean_map,3,0,524400,9.66095396101268,36300
25,laws,clustered_uniform,2000,52192,1729,1333,caliber,3,1,719600,0,100100
25,laws,clustered_uniform,2000,52192,1729,1333,degree4,3,2,750600,0,163100
25,laws,clustered_uniform,2000,52192,1729,1333,mean_degree,3,3,762500,0.37020822965253986,36300
25,laws,clustered_uniform,2000,52192,1729,1333,binary,3,4,725100,0,0
25,laws,clustered_uniform,2000,52192,1729,1333,fourary,3,5,760700,0,0
25,laws,clustered_uniform,2000,52192,1729,1333,mean_ring,3,6,517000,9.66095396101268,36300
25,laws,clustered_uniform,2000,52192,1729,1333,selected_grid,3,7,495800,14.49143094151902,39338800
25,laws,clustered_uniform,2000,52192,1729,1333,std_binary,3,8,793900,0,0
25,laws,clustered_uniform,2000,52192,1729,1333,max_maxdegree,3,9,624200,2.438973698544646,68600
25,laws,clustered_uniform,2000,52192,1729,1333,mean_degree,4,0,847600,0.37020822965253986,36300
25,laws,clustered_uniform,2000,52192,1729,1333,std_binary,4,1,774000,0,0
25,laws,clustered_uniform,2000,52192,1729,1333,fourary,4,2,752900,0,0
25,laws,clustered_uniform,2000,52192,1729,1333,selected_grid,4,3,492200,14.49143094151902,39338800
25,laws,clustered_uniform,2000,52192,1729,1333,binary,4,4,716500,0,0
25,laws,clustered_uniform,2000,52192,1729,1333,max_maxdegree,4,5,584400,2.438973698544646,68600
25,laws,clustered_uniform,2000,52192,1729,1333,degree4,4,6,747600,0,163100
25,laws,clustered_uniform,2000,52192,1729,1333,mean_map,4,7,496300,9.66095396101268,36300
25,laws,clustered_uniform,2000,52192,1729,1333,caliber,4,8,685700,0,100100
25,laws,clustered_uniform,2000,52192,1729,1333,mean_ring,4,9,484100,9.66095396101268,36300
25,laws,clustered_uniform,2000,52192,1729,1333,mean_ring,5,0,462600,9.66095396101268,36300
25,laws,clustered_uniform,2000,52192,1729,1333,caliber,5,1,698700,0,100100
25,laws,clustered_uniform,2000,52192,1729,1333,mean_map,5,2,497900,9.66095396101268,36300
25,laws,clustered_uniform,2000,52192,1729,1333,degree4,5,3,733900,0,163100
25,laws,clustered_uniform,2000,52192,1729,1333,max_maxdegree,5,4,572100,2.438973698544646,68600
25,laws,clustered_uniform,2000,52192,1729,1333,binary,5,5,790300,0,0
25,laws,clustered_uniform,2000,52192,1729,1333,selected_grid,5,6,526900,14.49143094151902,39338800
25,laws,clustered_uniform,2000,52192,1729,1333,fourary,5,7,694200,0,0
25,laws,clustered_uniform,2000,52192,1729,1333,std_binary,5,8,784700,0,0
25,laws,clustered_uniform,2000,52192,1729,1333,mean_degree,5,9,758800,0.37020822965253986,36300
25,laws,clustered_uniform,2000,52192,1729,1333,fourary,6,0,731500,0,0
25,laws,clustered_uniform,2000,52192,1729,1333,binary,6,1,732300,0,0
25,laws,clustered_uniform,2000,52192,1729,1333,max_maxdegree,6,2,589100,2.438973698544646,68600
25,laws,clustered_uniform,2000,52192,1729,1333,std_binary,6,3,1167200,0,0
25,laws,clustered_uniform,2000,52192,1729,1333,mean_map,6,4,620200,9.66095396101268,36300
25,laws,clustered_uniform,2000,52192,1729,1333,degree4,6,5,737500,0,163100
25,laws,clustered_uniform,2000,52192,1729,1333,mean_ring,6,6,476300,9.66095396101268,36300
25,laws,clustered_uniform,2000,52192,1729,1333,selected_grid,6,7,473600,14.49143094151902,39338800
25,laws,clustered_uniform,2000,52192,1729,1333,mean_degree,6,8,751400,0.37020822965253986,36300
25,laws,clustered_uniform,2000,52192,1729,1333,caliber,6,9,691300,0,100100
25,laws,clustered_uniform,2000,52192,1729,1333,caliber,7,0,679700,0,100100
25,laws,clustered_uniform,2000,52192,1729,1333,mean_degree,7,1,744500,0.37020822965253986,36300
25,laws,clustered_uniform,2000,52192,1729,1333,selected_grid,7,2,477000,14.49143094151902,39338800
25,laws,clustered_uniform,2000,52192,1729,1333,mean_ring,7,3,467500,9.66095396101268,36300
25,laws,clustered_uniform,2000,52192,1729,1333,degree4,7,4,766500,0,163100
25,laws,clustered_uniform,2000,52192,1729,1333,mean_map,7,5,490800,9.66095396101268,36300
25,laws,clustered_uniform,2000,52192,1729,1333,std_binary,7,6,742100,0,0
25,laws,clustered_uniform,2000,52192,1729,1333,max_maxdegree,7,7,591100,2.438973698544646,68600
25,laws,clustered_uniform,2000,52192,1729,1333,binary,7,8,707700,0,0
25,laws,clustered_uniform,2000,52192,1729,1333,fourary,7,9,723200,0,0
26,calibration,clustered_near,2000,52192,1729,0,grid_1.5,0,0,334200,74.99994503536306,37400
26,calibration,clustered_near,2000,52192,1729,0,grid_2,0,1,340700,99.9999267138174,37400
26,calibration,clustered_near,2000,52192,1729,0,grid_0.25,0,2,351600,12.499990839227175,37400
26,calibration,clustered_near,2000,52192,1729,0,grid_0.75,0,3,336900,37.49997251768153,37400
26,calibration,clustered_near,2000,52192,1729,0,grid_0.05,0,4,346400,2.499998167845435,37400
26,calibration,clustered_near,2000,52192,1729,0,grid_0.5,0,5,327200,24.99998167845435,37400
26,calibration,clustered_near,2000,52192,1729,0,grid_0.1,0,6,338800,4.99999633569087,37400
26,calibration,clustered_near,2000,52192,1729,0,grid_16,0,7,331600,799.9994137105392,37400
26,calibration,clustered_near,2000,52192,1729,0,grid_0.03125,0,8,319500,1.562498854903397,37400
26,calibration,clustered_near,2000,52192,1729,0,grid_4,0,9,330600,199.9998534276348,37400
26,calibration,clustered_near,2000,52192,1729,0,grid_8,0,10,324400,399.9997068552696,37400
26,calibration,clustered_near,2000,52192,1729,0,grid_1,0,11,369300,49.9999633569087,37400
26,calibration,clustered_near,2000,52192,1729,0,grid_1,1,0,361300,49.9999633569087,37400
26,calibration,clustered_near,2000,52192,1729,0,grid_8,1,1,326900,399.9997068552696,37400
26,calibration,clustered_near,2000,52192,1729,0,grid_4,1,2,328100,199.9998534276348,37400
26,calibration,clustered_near,2000,52192,1729,0,grid_0.03125,1,3,341200,1.562498854903397,37400
26,calibration,clustered_near,2000,52192,1729,0,grid_16,1,4,322800,799.9994137105392,37400
26,calibration,clustered_near,2000,52192,1729,0,grid_0.1,1,5,338500,4.99999633569087,37400
26,calibration,clustered_near,2000,52192,1729,0,grid_0.5,1,6,336800,24.99998167845435,37400
26,calibration,clustered_near,2000,52192,1729,0,grid_0.05,1,7,364100,2.499998167845435,37400
26,calibration,clustered_near,2000,52192,1729,0,grid_0.75,1,8,344800,37.49997251768153,37400
26,calibration,clustered_near,2000,52192,1729,0,grid_0.25,1,9,341300,12.499990839227175,37400
26,calibration,clustered_near,2000,52192,1729,0,grid_2,1,10,333400,99.9999267138174,37400
26,calibration,clustered_near,2000,52192,1729,0,grid_1.5,1,11,326600,74.99994503536306,37400
26,calibration,clustered_near,2000,52192,1729,0,grid_0.75,2,0,335100,37.49997251768153,37400
26,calibration,clustered_near,2000,52192,1729,0,grid_0.05,2,1,322800,2.499998167845435,37400
26,calibration,clustered_near,2000,52192,1729,0,grid_1.5,2,2,330700,74.99994503536306,37400
26,calibration,clustered_near,2000,52192,1729,0,grid_16,2,3,716900,799.9994137105392,37400
26,calibration,clustered_near,2000,52192,1729,0,grid_0.5,2,4,371000,24.99998167845435,37400
26,calibration,clustered_near,2000,52192,1729,0,grid_0.1,2,5,337700,4.99999633569087,37400
26,calibration,clustered_near,2000,52192,1729,0,grid_1,2,6,397000,49.9999633569087,37400
26,calibration,clustered_near,2000,52192,1729,0,grid_0.03125,2,7,340900,1.562498854903397,37400
26,calibration,clustered_near,2000,52192,1729,0,grid_2,2,8,371200,99.9999267138174,37400
26,calibration,clustered_near,2000,52192,1729,0,grid_8,2,9,350100,399.9997068552696,37400
26,calibration,clustered_near,2000,52192,1729,0,grid_0.25,2,10,347000,12.499990839227175,37400
26,calibration,clustered_near,2000,52192,1729,0,grid_4,2,11,331200,199.9998534276348,37400
26,calibration,clustered_near,2000,52192,1729,0,grid_4,3,0,421000,199.9998534276348,37400
26,calibration,clustered_near,2000,52192,1729,0,grid_0.25,3,1,344800,12.499990839227175,37400
26,calibration,clustered_near,2000,52192,1729,0,grid_8,3,2,337300,399.9997068552696,37400
26,calibration,clustered_near,2000,52192,1729,0,grid_2,3,3,337300,99.9999267138174,37400
26,calibration,clustered_near,2000,52192,1729,0,grid_0.03125,3,4,341600,1.562498854903397,37400
26,calibration,clustered_near,2000,52192,1729,0,grid_1,3,5,396800,49.9999633569087,37400
26,calibration,clustered_near,2000,52192,1729,0,grid_0.1,3,6,341600,4.99999633569087,37400
26,calibration,clustered_near,2000,52192,1729,0,grid_0.5,3,7,337900,24.99998167845435,37400
26,calibration,clustered_near,2000,52192,1729,0,grid_16,3,8,353800,799.9994137105392,37400
26,calibration,clustered_near,2000,52192,1729,0,grid_1.5,3,9,332700,74.99994503536306,37400
26,calibration,clustered_near,2000,52192,1729,0,grid_0.05,3,10,353400,2.499998167845435,37400
26,calibration,clustered_near,2000,52192,1729,0,grid_0.75,3,11,356400,37.49997251768153,37400
26,calibration,clustered_near,2000,52192,1729,0,grid_0.03125,4,0,344500,1.562498854903397,37400
26,calibration,clustered_near,2000,52192,1729,0,grid_0.05,4,1,338100,2.499998167845435,37400
26,calibration,clustered_near,2000,52192,1729,0,grid_0.75,4,2,342400,37.49997251768153,37400
26,calibration,clustered_near,2000,52192,1729,0,grid_0.25,4,3,332900,12.499990839227175,37400
26,calibration,clustered_near,2000,52192,1729,0,grid_0.1,4,4,336200,4.99999633569087,37400
26,calibration,clustered_near,2000,52192,1729,0,grid_4,4,5,352400,199.9998534276348,37400
26,calibration,clustered_near,2000,52192,1729,0,grid_16,4,6,327200,799.9994137105392,37400
26,calibration,clustered_near,2000,52192,1729,0,grid_1.5,4,7,330900,74.99994503536306,37400
26,calibration,clustered_near,2000,52192,1729,0,grid_1,4,8,378600,49.9999633569087,37400
26,calibration,clustered_near,2000,52192,1729,0,grid_0.5,4,9,343700,24.99998167845435,37400
26,calibration,clustered_near,2000,52192,1729,0,grid_8,4,10,330000,399.9997068552696,37400
26,calibration,clustered_near,2000,52192,1729,0,grid_2,4,11,337300,99.9999267138174,37400
26,calibration,clustered_near,2000,52192,1729,0,grid_2,5,0,326800,99.9999267138174,37400
26,calibration,clustered_near,2000,52192,1729,0,grid_8,5,1,319900,399.9997068552696,37400
26,calibration,clustered_near,2000,52192,1729,0,grid_0.5,5,2,343100,24.99998167845435,37400
26,calibration,clustered_near,2000,52192,1729,0,grid_1,5,3,380200,49.9999633569087,37400
26,calibration,clustered_near,2000,52192,1729,0,grid_1.5,5,4,335300,74.99994503536306,37400
26,calibration,clustered_near,2000,52192,1729,0,grid_16,5,5,374300,799.9994137105392,37400
26,calibration,clustered_near,2000,52192,1729,0,grid_4,5,6,329200,199.9998534276348,37400
26,calibration,clustered_near,2000,52192,1729,0,grid_0.1,5,7,349500,4.99999633569087,37400
26,calibration,clustered_near,2000,52192,1729,0,grid_0.25,5,8,336000,12.499990839227175,37400
26,calibration,clustered_near,2000,52192,1729,0,grid_0.75,5,9,331700,37.49997251768153,37400
26,calibration,clustered_near,2000,52192,1729,0,grid_0.05,5,10,349100,2.499998167845435,37400
26,calibration,clustered_near,2000,52192,1729,0,grid_0.03125,5,11,321500,1.562498854903397,37400
26,laws,clustered_near,2000,52192,1729,667,std_binary,0,0,404200,0,0
26,laws,clustered_near,2000,52192,1729,667,caliber,0,1,563300,0,69500
26,laws,clustered_near,2000,52192,1729,667,fourary,0,2,376500,0,0
26,laws,clustered_near,2000,52192,1729,667,degree4,0,3,400800,0,120400
26,laws,clustered_near,2000,52192,1729,667,mean_degree,0,4,337700,1.9160010483180832,37400
26,laws,clustered_near,2000,52192,1729,667,binary,0,5,392000,0,0
26,laws,clustered_near,2000,52192,1729,667,mean_ring,0,6,379600,49.9999633569087,37400
26,laws,clustered_near,2000,52192,1729,667,selected_grid,0,7,332200,399.9997068552696,25231000
26,laws,clustered_near,2000,52192,1729,667,max_maxdegree,0,8,346900,1.2197560718071587,62600
26,laws,clustered_near,2000,52192,1729,667,mean_map,0,9,379600,49.9999633569087,37400
26,laws,clustered_near,2000,52192,1729,667,mean_map,1,0,373000,49.9999633569087,37400
26,laws,clustered_near,2000,52192,1729,667,max_maxdegree,1,1,352300,1.2197560718071587,62600
26,laws,clustered_near,2000,52192,1729,667,selected_grid,1,2,368100,399.9997068552696,25231000
26,laws,clustered_near,2000,52192,1729,667,mean_ring,1,3,368100,49.9999633569087,37400
26,laws,clustered_near,2000,52192,1729,667,binary,1,4,400700,0,0
26,laws,clustered_near,2000,52192,1729,667,mean_degree,1,5,332300,1.9160010483180832,37400
26,laws,clustered_near,2000,52192,1729,667,degree4,1,6,386000,0,120400
26,laws,clustered_near,2000,52192,1729,667,fourary,1,7,374100,0,0
26,laws,clustered_near,2000,52192,1729,667,caliber,1,8,448900,0,69500
26,laws,clustered_near,2000,52192,1729,667,std_binary,1,9,790700,0,0
26,laws,clustered_near,2000,52192,1729,667,fourary,2,0,419200,0,0
26,laws,clustered_near,2000,52192,1729,667,mean_map,2,1,393900,49.9999633569087,37400
26,laws,clustered_near,2000,52192,1729,667,mean_ring,2,2,371600,49.9999633569087,37400
26,laws,clustered_near,2000,52192,1729,667,degree4,2,3,385800,0,120400
26,laws,clustered_near,2000,52192,1729,667,selected_grid,2,4,340800,399.9997068552696,25231000
26,laws,clustered_near,2000,52192,1729,667,std_binary,2,5,402400,0,0
26,laws,clustered_near,2000,52192,1729,667,mean_degree,2,6,334200,1.9160010483180832,37400
26,laws,clustered_near,2000,52192,1729,667,binary,2,7,510500,0,0
26,laws,clustered_near,2000,52192,1729,667,max_maxdegree,2,8,339400,1.2197560718071587,62600
26,laws,clustered_near,2000,52192,1729,667,caliber,2,9,416800,0,69500
26,laws,clustered_near,2000,52192,1729,667,caliber,3,0,502600,0,69500
26,laws,clustered_near,2000,52192,1729,667,max_maxdegree,3,1,338500,1.2197560718071587,62600
26,laws,clustered_near,2000,52192,1729,667,binary,3,2,377200,0,0
26,laws,clustered_near,2000,52192,1729,667,mean_degree,3,3,333600,1.9160010483180832,37400
26,laws,clustered_near,2000,52192,1729,667,std_binary,3,4,406800,0,0
26,laws,clustered_near,2000,52192,1729,667,selected_grid,3,5,341300,399.9997068552696,25231000
26,laws,clustered_near,2000,52192,1729,667,degree4,3,6,386000,0,120400
26,laws,clustered_near,2000,52192,1729,667,mean_ring,3,7,377500,49.9999633569087,37400
26,laws,clustered_near,2000,52192,1729,667,mean_map,3,8,385300,49.9999633569087,37400
26,laws,clustered_near,2000,52192,1729,667,fourary,3,9,377200,0,0
26,laws,clustered_near,2000,52192,1729,667,max_maxdegree,4,0,344200,1.2197560718071587,62600
26,laws,clustered_near,2000,52192,1729,667,fourary,4,1,443300,0,0
26,laws,clustered_near,2000,52192,1729,667,std_binary,4,2,463200,0,0
26,laws,clustered_near,2000,52192,1729,667,caliber,4,3,525400,0,69500
26,laws,clustered_near,2000,52192,1729,667,mean_map,4,4,389100,49.9999633569087,37400
26,laws,clustered_near,2000,52192,1729,667,selected_grid,4,5,328400,399.9997068552696,25231000
26,laws,clustered_near,2000,52192,1729,667,binary,4,6,383200,0,0
26,laws,clustered_near,2000,52192,1729,667,mean_degree,4,7,505100,1.9160010483180832,37400
26,laws,clustered_near,2000,52192,1729,667,degree4,4,8,394800,0,120400
26,laws,clustered_near,2000,52192,1729,667,mean_ring,4,9,386500,49.9999633569087,37400
26,laws,clustered_near,2000,52192,1729,667,mean_ring,5,0,370300,49.9999633569087,37400
26,laws,clustered_near,2000,52192,1729,667,degree4,5,1,400000,0,120400
26,laws,clustered_near,2000,52192,1729,667,mean_degree,5,2,336800,1.9160010483180832,37400
26,laws,clustered_near,2000,52192,1729,667,binary,5,3,459900,0,0
26,laws,clustered_near,2000,52192,1729,667,selected_grid,5,4,410100,399.9997068552696,25231000
26,laws,clustered_near,2000,52192,1729,667,mean_map,5,5,386100,49.9999633569087,37400
26,laws,clustered_near,2000,52192,1729,667,caliber,5,6,419900,0,69500
26,laws,clustered_near,2000,52192,1729,667,std_binary,5,7,404300,0,0
26,laws,clustered_near,2000,52192,1729,667,fourary,5,8,372500,0,0
26,laws,clustered_near,2000,52192,1729,667,max_maxdegree,5,9,347900,1.2197560718071587,62600
26,laws,clustered_near,2000,52192,1729,667,caliber,6,0,414200,0,69500
26,laws,clustered_near,2000,52192,1729,667,max_maxdegree,6,1,335500,1.2197560718071587,62600
26,laws,clustered_near,2000,52192,1729,667,degree4,6,2,387400,0,120400
26,laws,clustered_near,2000,52192,1729,667,mean_ring,6,3,378700,49.9999633569087,37400
26,laws,clustered_near,2000,52192,1729,667,binary,6,4,378900,0,0
26,laws,clustered_near,2000,52192,1729,667,std_binary,6,5,404900,0,0
26,laws,clustered_near,2000,52192,1729,667,selected_grid,6,6,334500,399.9997068552696,25231000
26,laws,clustered_near,2000,52192,1729,667,fourary,6,7,375900,0,0
26,laws,clustered_near,2000,52192,1729,667,mean_map,6,8,382700,49.9999633569087,37400
26,laws,clustered_near,2000,52192,1729,667,mean_degree,6,9,344600,1.9160010483180832,37400
26,laws,clustered_near,2000,52192,1729,667,mean_degree,7,0,874000,1.9160010483180832,37400
26,laws,clustered_near,2000,52192,1729,667,mean_map,7,1,399000,49.9999633569087,37400
26,laws,clustered_near,2000,52192,1729,667,fourary,7,2,405500,0,0
26,laws,clustered_near,2000,52192,1729,667,selected_grid,7,3,329100,399.9997068552696,25231000
26,laws,clustered_near,2000,52192,1729,667,std_binary,7,4,413100,0,0
26,laws,clustered_near,2000,52192,1729,667,binary,7,5,379500,0,0
26,laws,clustered_near,2000,52192,1729,667,mean_ring,7,6,376700,49.9999633569087,37400
26,laws,clustered_near,2000,52192,1729,667,degree4,7,7,391400,0,120400
26,laws,clustered_near,2000,52192,1729,667,max_maxdegree,7,8,338000,1.2197560718071587,62600
26,laws,clustered_near,2000,52192,1729,667,caliber,7,9,414100,0,69500
26,laws,clustered_near,2000,52192,1729,1333,std_binary,0,0,435600,0,0
26,laws,clustered_near,2000,52192,1729,1333,caliber,0,1,413700,0,69500
26,laws,clustered_near,2000,52192,1729,1333,max_maxdegree,0,2,365300,1.2197560718071587,62600
26,laws,clustered_near,2000,52192,1729,1333,mean_degree,0,3,339600,1.9160010483180832,37400
26,laws,clustered_near,2000,52192,1729,1333,mean_ring,0,4,382100,49.9999633569087,37400
26,laws,clustered_near,2000,52192,1729,1333,fourary,0,5,395200,0,0
26,laws,clustered_near,2000,52192,1729,1333,degree4,0,6,396400,0,120400
26,laws,clustered_near,2000,52192,1729,1333,binary,0,7,381900,0,0
26,laws,clustered_near,2000,52192,1729,1333,selected_grid,0,8,361900,399.9997068552696,25231000
26,laws,clustered_near,2000,52192,1729,1333,mean_map,0,9,477000,49.9999633569087,37400
26,laws,clustered_near,2000,52192,1729,1333,mean_map,1,0,421600,49.9999633569087,37400
26,laws,clustered_near,2000,52192,1729,1333,selected_grid,1,1,395100,399.9997068552696,25231000
26,laws,clustered_near,2000,52192,1729,1333,binary,1,2,385500,0,0
26,laws,clustered_near,2000,52192,1729,1333,degree4,1,3,389800,0,120400
26,laws,clustered_near,2000,52192,1729,1333,fourary,1,4,414700,0,0
26,laws,clustered_near,2000,52192,1729,1333,mean_ring,1,5,405100,49.9999633569087,37400
26,laws,clustered_near,2000,52192,1729,1333,mean_degree,1,6,342300,1.9160010483180832,37400
26,laws,clustered_near,2000,52192,1729,1333,max_maxdegree,1,7,335800,1.2197560718071587,62600
26,laws,clustered_near,2000,52192,1729,1333,caliber,1,8,441500,0,69500
26,laws,clustered_near,2000,52192,1729,1333,std_binary,1,9,404900,0,0
26,laws,clustered_near,2000,52192,1729,1333,max_maxdegree,2,0,355600,1.2197560718071587,62600
26,laws,clustered_near,2000,52192,1729,1333,std_binary,2,1,392600,0,0
26,laws,clustered_near,2000,52192,1729,1333,selected_grid,2,2,337800,399.9997068552696,25231000
26,laws,clustered_near,2000,52192,1729,1333,mean_ring,2,3,397700,49.9999633569087,37400
26,laws,clustered_near,2000,52192,1729,1333,fourary,2,4,364900,0,0
26,laws,clustered_near,2000,52192,1729,1333,binary,2,5,388900,0,0
26,laws,clustered_near,2000,52192,1729,1333,mean_degree,2,6,336500,1.9160010483180832,37400
26,laws,clustered_near,2000,52192,1729,1333,degree4,2,7,377700,0,120400
26,laws,clustered_near,2000,52192,1729,1333,caliber,2,8,427300,0,69500
26,laws,clustered_near,2000,52192,1729,1333,mean_map,2,9,403200,49.9999633569087,37400
26,laws,clustered_near,2000,52192,1729,1333,mean_map,3,0,370800,49.9999633569087,37400
26,laws,clustered_near,2000,52192,1729,1333,caliber,3,1,509900,0,69500
26,laws,clustered_near,2000,52192,1729,1333,degree4,3,2,379800,0,120400
26,laws,clustered_near,2000,52192,1729,1333,mean_degree,3,3,357500,1.9160010483180832,37400
26,laws,clustered_near,2000,52192,1729,1333,binary,3,4,364700,0,0
26,laws,clustered_near,2000,52192,1729,1333,fourary,3,5,359800,0,0
26,laws,clustered_near,2000,52192,1729,1333,mean_ring,3,6,393300,49.9999633569087,37400
26,laws,clustered_near,2000,52192,1729,1333,selected_grid,3,7,331000,399.9997068552696,25231000
26,laws,clustered_near,2000,52192,1729,1333,std_binary,3,8,403500,0,0
26,laws,clustered_near,2000,52192,1729,1333,max_maxdegree,3,9,333100,1.2197560718071587,62600
26,laws,clustered_near,2000,52192,1729,1333,mean_degree,4,0,331500,1.9160010483180832,37400
26,laws,clustered_near,2000,52192,1729,1333,std_binary,4,1,419500,0,0
26,laws,clustered_near,2000,52192,1729,1333,fourary,4,2,361300,0,0
26,laws,clustered_near,2000,52192,1729,1333,selected_grid,4,3,342300,399.9997068552696,25231000
26,laws,clustered_near,2000,52192,1729,1333,binary,4,4,389700,0,0
26,laws,clustered_near,2000,52192,1729,1333,max_maxdegree,4,5,338800,1.2197560718071587,62600
26,laws,clustered_near,2000,52192,1729,1333,degree4,4,6,399600,0,120400
26,laws,clustered_near,2000,52192,1729,1333,mean_map,4,7,383000,49.9999633569087,37400
26,laws,clustered_near,2000,52192,1729,1333,caliber,4,8,415400,0,69500
26,laws,clustered_near,2000,52192,1729,1333,mean_ring,4,9,377100,49.9999633569087,37400
26,laws,clustered_near,2000,52192,1729,1333,mean_ring,5,0,364600,49.9999633569087,37400
26,laws,clustered_near,2000,52192,1729,1333,caliber,5,1,425800,0,69500
26,laws,clustered_near,2000,52192,1729,1333,mean_map,5,2,446600,49.9999633569087,37400
26,laws,clustered_near,2000,52192,1729,1333,degree4,5,3,474400,0,120400
26,laws,clustered_near,2000,52192,1729,1333,max_maxdegree,5,4,389600,1.2197560718071587,62600
26,laws,clustered_near,2000,52192,1729,1333,binary,5,5,395700,0,0
26,laws,clustered_near,2000,52192,1729,1333,selected_grid,5,6,364300,399.9997068552696,25231000
26,laws,clustered_near,2000,52192,1729,1333,fourary,5,7,363100,0,0
26,laws,clustered_near,2000,52192,1729,1333,std_binary,5,8,502900,0,0
26,laws,clustered_near,2000,52192,1729,1333,mean_degree,5,9,354500,1.9160010483180832,37400
26,laws,clustered_near,2000,52192,1729,1333,fourary,6,0,405900,0,0
26,laws,clustered_near,2000,52192,1729,1333,binary,6,1,383100,0,0
26,laws,clustered_near,2000,52192,1729,1333,max_maxdegree,6,2,336600,1.2197560718071587,62600
26,laws,clustered_near,2000,52192,1729,1333,std_binary,6,3,418200,0,0
26,laws,clustered_near,2000,52192,1729,1333,mean_map,6,4,396800,49.9999633569087,37400
26,laws,clustered_near,2000,52192,1729,1333,degree4,6,5,392600,0,120400
26,laws,clustered_near,2000,52192,1729,1333,mean_ring,6,6,381000,49.9999633569087,37400
26,laws,clustered_near,2000,52192,1729,1333,selected_grid,6,7,334700,399.9997068552696,25231000
26,laws,clustered_near,2000,52192,1729,1333,mean_degree,6,8,354800,1.9160010483180832,37400
26,laws,clustered_near,2000,52192,1729,1333,caliber,6,9,418000,0,69500
26,laws,clustered_near,2000,52192,1729,1333,caliber,7,0,403700,0,69500
26,laws,clustered_near,2000,52192,1729,1333,mean_degree,7,1,385200,1.9160010483180832,37400
26,laws,clustered_near,2000,52192,1729,1333,selected_grid,7,2,333200,399.9997068552696,25231000
26,laws,clustered_near,2000,52192,1729,1333,mean_ring,7,3,378700,49.9999633569087,37400
26,laws,clustered_near,2000,52192,1729,1333,degree4,7,4,384000,0,120400
26,laws,clustered_near,2000,52192,1729,1333,mean_map,7,5,375000,49.9999633569087,37400
26,laws,clustered_near,2000,52192,1729,1333,std_binary,7,6,429000,0,0
26,laws,clustered_near,2000,52192,1729,1333,max_maxdegree,7,7,351400,1.2197560718071587,62600
26,laws,clustered_near,2000,52192,1729,1333,binary,7,8,943500,0,0
26,laws,clustered_near,2000,52192,1729,1333,fourary,7,9,520700,0,0
27,calibration,clustered_skew,2000,52192,1729,0,grid_1.5,0,0,489800,17.933701381965438,37400
27,calibration,clustered_skew,2000,52192,1729,0,grid_2,0,1,503500,23.911601842620584,37400
27,calibration,clustered_skew,2000,52192,1729,0,grid_0.25,0,2,492200,2.988950230327573,37400
27,calibration,clustered_skew,2000,52192,1729,0,grid_0.75,0,3,604700,8.966850690982719,37400
27,calibration,clustered_skew,2000,52192,1729,0,grid_0.05,0,4,479100,0.5977900460655147,37400
27,calibration,clustered_skew,2000,52192,1729,0,grid_0.5,0,5,404700,5.977900460655146,37400
27,calibration,clustered_skew,2000,52192,1729,0,grid_0.1,0,6,437700,1.1955800921310293,37400
27,calibration,clustered_skew,2000,52192,1729,0,grid_16,0,7,439300,191.29281474096467,37400
27,calibration,clustered_skew,2000,52192,1729,0,grid_0.03125,0,8,502300,0.3736187787909466,37400
27,calibration,clustered_skew,2000,52192,1729,0,grid_4,0,9,437800,47.82320368524117,37400
27,calibration,clustered_skew,2000,52192,1729,0,grid_8,0,10,424700,95.64640737048234,37400
27,calibration,clustered_skew,2000,52192,1729,0,grid_1,0,11,424800,11.955800921310292,37400
27,calibration,clustered_skew,2000,52192,1729,0,grid_1,1,0,404200,11.955800921310292,37400
27,calibration,clustered_skew,2000,52192,1729,0,grid_8,1,1,534500,95.64640737048234,37400
27,calibration,clustered_skew,2000,52192,1729,0,grid_4,1,2,438300,47.82320368524117,37400
27,calibration,clustered_skew,2000,52192,1729,0,grid_0.03125,1,3,502900,0.3736187787909466,37400
27,calibration,clustered_skew,2000,52192,1729,0,grid_16,1,4,424600,191.29281474096467,37400
27,calibration,clustered_skew,2000,52192,1729,0,grid_0.1,1,5,532700,1.1955800921310293,37400
27,calibration,clustered_skew,2000,52192,1729,0,grid_0.5,1,6,399800,5.977900460655146,37400
27,calibration,clustered_skew,2000,52192,1729,0,grid_0.05,1,7,480100,0.5977900460655147,37400
27,calibration,clustered_skew,2000,52192,1729,0,grid_0.75,1,8,405000,8.966850690982719,37400
27,calibration,clustered_skew,2000,52192,1729,0,grid_0.25,1,9,417100,2.988950230327573,37400
27,calibration,clustered_skew,2000,52192,1729,0,grid_2,1,10,436700,23.911601842620584,37400
27,calibration,clustered_skew,2000,52192,1729,0,grid_1.5,1,11,416400,17.933701381965438,37400
27,calibration,clustered_skew,2000,52192,1729,0,grid_0.75,2,0,408500,8.966850690982719,37400
27,calibration,clustered_skew,2000,52192,1729,0,grid_0.05,2,1,472200,0.5977900460655147,37400
27,calibration,clustered_skew,2000,52192,1729,0,grid_1.5,2,2,467900,17.933701381965438,37400
27,calibration,clustered_skew,2000,52192,1729,0,grid_16,2,3,464700,191.29281474096467,37400
27,calibration,clustered_skew,2000,52192,1729,0,grid_0.5,2,4,394500,5.977900460655146,37400
27,calibration,clustered_skew,2000,52192,1729,0,grid_0.1,2,5,477800,1.1955800921310293,37400
27,calibration,clustered_skew,2000,52192,1729,0,grid_1,2,6,421100,11.955800921310292,37400
27,calibration,clustered_skew,2000,52192,1729,0,grid_0.03125,2,7,507200,0.3736187787909466,37400
27,calibration,clustered_skew,2000,52192,1729,0,grid_2,2,8,428500,23.911601842620584,37400
27,calibration,clustered_skew,2000,52192,1729,0,grid_8,2,9,828900,95.64640737048234,37400
27,calibration,clustered_skew,2000,52192,1729,0,grid_0.25,2,10,424400,2.988950230327573,37400
27,calibration,clustered_skew,2000,52192,1729,0,grid_4,2,11,451700,47.82320368524117,37400
27,calibration,clustered_skew,2000,52192,1729,0,grid_4,3,0,442700,47.82320368524117,37400
27,calibration,clustered_skew,2000,52192,1729,0,grid_0.25,3,1,410000,2.988950230327573,37400
27,calibration,clustered_skew,2000,52192,1729,0,grid_8,3,2,490400,95.64640737048234,37400
27,calibration,clustered_skew,2000,52192,1729,0,grid_2,3,3,472000,23.911601842620584,37400
27,calibration,clustered_skew,2000,52192,1729,0,grid_0.03125,3,4,518100,0.3736187787909466,37400
27,calibration,clustered_skew,2000,52192,1729,0,grid_1,3,5,413000,11.955800921310292,37400
27,calibration,clustered_skew,2000,52192,1729,0,grid_0.1,3,6,424000,1.1955800921310293,37400
27,calibration,clustered_skew,2000,52192,1729,0,grid_0.5,3,7,396600,5.977900460655146,37400
27,calibration,clustered_skew,2000,52192,1729,0,grid_16,3,8,425800,191.29281474096467,37400
27,calibration,clustered_skew,2000,52192,1729,0,grid_1.5,3,9,426400,17.933701381965438,37400
27,calibration,clustered_skew,2000,52192,1729,0,grid_0.05,3,10,471600,0.5977900460655147,37400
27,calibration,clustered_skew,2000,52192,1729,0,grid_0.75,3,11,402200,8.966850690982719,37400
27,calibration,clustered_skew,2000,52192,1729,0,grid_0.03125,4,0,566900,0.3736187787909466,37400
27,calibration,clustered_skew,2000,52192,1729,0,grid_0.05,4,1,479500,0.5977900460655147,37400
27,calibration,clustered_skew,2000,52192,1729,0,grid_0.75,4,2,409000,8.966850690982719,37400
27,calibration,clustered_skew,2000,52192,1729,0,grid_0.25,4,3,413900,2.988950230327573,37400
27,calibration,clustered_skew,2000,52192,1729,0,grid_0.1,4,4,438800,1.1955800921310293,37400
27,calibration,clustered_skew,2000,52192,1729,0,grid_4,4,5,439200,47.82320368524117,37400
27,calibration,clustered_skew,2000,52192,1729,0,grid_16,4,6,427800,191.29281474096467,37400
27,calibration,clustered_skew,2000,52192,1729,0,grid_1.5,4,7,421600,17.933701381965438,37400
27,calibration,clustered_skew,2000,52192,1729,0,grid_1,4,8,411400,11.955800921310292,37400
27,calibration,clustered_skew,2000,52192,1729,0,grid_0.5,4,9,524400,5.977900460655146,37400
27,calibration,clustered_skew,2000,52192,1729,0,grid_8,4,10,525700,95.64640737048234,37400
27,calibration,clustered_skew,2000,52192,1729,0,grid_2,4,11,461500,23.911601842620584,37400
27,calibration,clustered_skew,2000,52192,1729,0,grid_2,5,0,437700,23.911601842620584,37400
27,calibration,clustered_skew,2000,52192,1729,0,grid_8,5,1,423300,95.64640737048234,37400
27,calibration,clustered_skew,2000,52192,1729,0,grid_0.5,5,2,391900,5.977900460655146,37400
27,calibration,clustered_skew,2000,52192,1729,0,grid_1,5,3,406700,11.955800921310292,37400
27,calibration,clustered_skew,2000,52192,1729,0,grid_1.5,5,4,421300,17.933701381965438,37400
27,calibration,clustered_skew,2000,52192,1729,0,grid_16,5,5,425000,191.29281474096467,37400
27,calibration,clustered_skew,2000,52192,1729,0,grid_4,5,6,461100,47.82320368524117,37400
27,calibration,clustered_skew,2000,52192,1729,0,grid_0.1,5,7,472200,1.1955800921310293,37400
27,calibration,clustered_skew,2000,52192,1729,0,grid_0.25,5,8,411800,2.988950230327573,37400
27,calibration,clustered_skew,2000,52192,1729,0,grid_0.75,5,9,416800,8.966850690982719,37400
27,calibration,clustered_skew,2000,52192,1729,0,grid_0.05,5,10,478100,0.5977900460655147,37400
27,calibration,clustered_skew,2000,52192,1729,0,grid_0.03125,5,11,495800,0.3736187787909466,37400
27,laws,clustered_skew,2000,52192,1729,667,std_binary,0,0,636900,0,0
27,laws,clustered_skew,2000,52192,1729,667,caliber,0,1,559600,0,76700
27,laws,clustered_skew,2000,52192,1729,667,fourary,0,2,537500,0,0
27,laws,clustered_skew,2000,52192,1729,667,degree4,0,3,511000,0,127300
27,laws,clustered_skew,2000,52192,1729,667,mean_degree,0,4,506000,0.45814687773261387,37400
27,laws,clustered_skew,2000,52192,1729,667,binary,0,5,591400,0,0
27,laws,clustered_skew,2000,52192,1729,667,mean_ring,0,6,596700,11.955800921310292,37400
27,laws,clustered_skew,2000,52192,1729,667,selected_grid,0,7,932700,5.977900460655146,32973300
27,laws,clustered_skew,2000,52192,1729,667,max_maxdegree,0,8,639600,2.4380047275225114,61500
27,laws,clustered_skew,2000,52192,1729,667,mean_map,0,9,742500,11.955800921310292,37400
27,laws,clustered_skew,2000,52192,1729,667,mean_map,1,0,572400,11.955800921310292,37400
27,laws,clustered_skew,2000,52192,1729,667,max_maxdegree,1,1,421600,2.4380047275225114,61500
27,laws,clustered_skew,2000,52192,1729,667,selected_grid,1,2,394500,5.977900460655146,32973300
27,laws,clustered_skew,2000,52192,1729,667,mean_ring,1,3,430300,11.955800921310292,37400
27,laws,clustered_skew,2000,52192,1729,667,binary,1,4,519400,0,0
27,laws,clustered_skew,2000,52192,1729,667,mean_degree,1,5,503800,0.45814687773261387,37400
27,laws,clustered_skew,2000,52192,1729,667,degree4,1,6,525700,0,127300
27,laws,clustered_skew,2000,52192,1729,667,fourary,1,7,496300,0,0
27,laws,clustered_skew,2000,52192,1729,667,caliber,1,8,560900,0,76700
27,laws,clustered_skew,2000,52192,1729,667,std_binary,1,9,548600,0,0
27,laws,clustered_skew,2000,52192,1729,667,fourary,2,0,498700,0,0
27,laws,clustered_skew,2000,52192,1729,667,mean_map,2,1,428600,11.955800921310292,37400
27,laws,clustered_skew,2000,52192,1729,667,mean_ring,2,2,451000,11.955800921310292,37400
27,laws,clustered_skew,2000,52192,1729,667,degree4,2,3,624700,0,127300
27,laws,clustered_skew,2000,52192,1729,667,selected_grid,2,4,444000,5.977900460655146,32973300
27,laws,clustered_skew,2000,52192,1729,667,std_binary,2,5,538400,0,0
27,laws,clustered_skew,2000,52192,1729,667,mean_degree,2,6,520600,0.45814687773261387,37400
27,laws,clustered_skew,2000,52192,1729,667,binary,2,7,660900,0,0
27,laws,clustered_skew,2000,52192,1729,667,max_maxdegree,2,8,450400,2.4380047275225114,61500
27,laws,clustered_skew,2000,52192,1729,667,caliber,2,9,556100,0,76700
27,laws,clustered_skew,2000,52192,1729,667,caliber,3,0,550400,0,76700
27,laws,clustered_skew,2000,52192,1729,667,max_maxdegree,3,1,466800,2.4380047275225114,61500
27,laws,clustered_skew,2000,52192,1729,667,binary,3,2,560000,0,0
27,laws,clustered_skew,2000,52192,1729,667,mean_degree,3,3,529500,0.45814687773261387,37400
27,laws,clustered_skew,2000,52192,1729,667,std_binary,3,4,526400,0,0
27,laws,clustered_skew,2000,52192,1729,667,selected_grid,3,5,403700,5.977900460655146,32973300
27,laws,clustered_skew,2000,52192,1729,667,degree4,3,6,519600,0,127300
27,laws,clustered_skew,2000,52192,1729,667,mean_ring,3,7,438700,11.955800921310292,37400
27,laws,clustered_skew,2000,52192,1729,667,mean_map,3,8,429800,11.955800921310292,37400
27,laws,clustered_skew,2000,52192,1729,667,fourary,3,9,499000,0,0
27,laws,clustered_skew,2000,52192,1729,667,max_maxdegree,4,0,421800,2.4380047275225114,61500
27,laws,clustered_skew,2000,52192,1729,667,fourary,4,1,504400,0,0
27,laws,clustered_skew,2000,52192,1729,667,std_binary,4,2,529300,0,0
27,laws,clustered_skew,2000,52192,1729,667,caliber,4,3,549700,0,76700
27,laws,clustered_skew,2000,52192,1729,667,mean_map,4,4,434400,11.955800921310292,37400
27,laws,clustered_skew,2000,52192,1729,667,selected_grid,4,5,582700,5.977900460655146,32973300
27,laws,clustered_skew,2000,52192,1729,667,binary,4,6,496500,0,0
27,laws,clustered_skew,2000,52192,1729,667,mean_degree,4,7,499800,0.45814687773261387,37400
27,laws,clustered_skew,2000,52192,1729,667,degree4,4,8,511100,0,127300
27,laws,clustered_skew,2000,52192,1729,667,mean_ring,4,9,425100,11.955800921310292,37400
27,laws,clustered_skew,2000,52192,1729,667,mean_ring,5,0,409500,11.955800921310292,37400
27,laws,clustered_skew,2000,52192,1729,667,degree4,5,1,551600,0,127300
27,laws,clustered_skew,2000,52192,1729,667,mean_degree,5,2,497400,0.45814687773261387,37400
27,laws,clustered_skew,2000,52192,1729,667,binary,5,3,496200,0,0
27,laws,clustered_skew,2000,52192,1729,667,selected_grid,5,4,390800,5.977900460655146,32973300
27,laws,clustered_skew,2000,52192,1729,667,mean_map,5,5,412800,11.955800921310292,37400
27,laws,clustered_skew,2000,52192,1729,667,caliber,5,6,573500,0,76700
27,laws,clustered_skew,2000,52192,1729,667,std_binary,5,7,526000,0,0
27,laws,clustered_skew,2000,52192,1729,667,fourary,5,8,556000,0,0
27,laws,clustered_skew,2000,52192,1729,667,max_maxdegree,5,9,422600,2.4380047275225114,61500
27,laws,clustered_skew,2000,52192,1729,667,caliber,6,0,536500,0,76700
27,laws,clustered_skew,2000,52192,1729,667,max_maxdegree,6,1,406200,2.4380047275225114,61500
27,laws,clustered_skew,2000,52192,1729,667,degree4,6,2,514800,0,127300
27,laws,clustered_skew,2000,52192,1729,667,mean_ring,6,3,416700,11.955800921310292,37400
27,laws,clustered_skew,2000,52192,1729,667,binary,6,4,519300,0,0
27,laws,clustered_skew,2000,52192,1729,667,std_binary,6,5,522400,0,0
27,laws,clustered_skew,2000,52192,1729,667,selected_grid,6,6,406900,5.977900460655146,32973300
27,laws,clustered_skew,2000,52192,1729,667,fourary,6,7,480500,0,0
27,laws,clustered_skew,2000,52192,1729,667,mean_map,6,8,415100,11.955800921310292,37400
27,laws,clustered_skew,2000,52192,1729,667,mean_degree,6,9,883500,0.45814687773261387,37400
27,laws,clustered_skew,2000,52192,1729,667,mean_degree,7,0,652900,0.45814687773261387,37400
27,laws,clustered_skew,2000,52192,1729,667,mean_map,7,1,497000,11.955800921310292,37400
27,laws,clustered_skew,2000,52192,1729,667,fourary,7,2,539500,0,0
27,laws,clustered_skew,2000,52192,1729,667,selected_grid,7,3,396600,5.977900460655146,32973300
27,laws,clustered_skew,2000,52192,1729,667,std_binary,7,4,520000,0,0
27,laws,clustered_skew,2000,52192,1729,667,binary,7,5,493600,0,0
27,laws,clustered_skew,2000,52192,1729,667,mean_ring,7,6,447300,11.955800921310292,37400
27,laws,clustered_skew,2000,52192,1729,667,degree4,7,7,519500,0,127300
27,laws,clustered_skew,2000,52192,1729,667,max_maxdegree,7,8,424400,2.4380047275225114,61500
27,laws,clustered_skew,2000,52192,1729,667,caliber,7,9,545300,0,76700
27,laws,clustered_skew,2000,52192,1729,1333,std_binary,0,0,643800,0,0
27,laws,clustered_skew,2000,52192,1729,1333,caliber,0,1,717200,0,76700
27,laws,clustered_skew,2000,52192,1729,1333,max_maxdegree,0,2,528900,2.4380047275225114,61500
27,laws,clustered_skew,2000,52192,1729,1333,mean_degree,0,3,616900,0.45814687773261387,37400
27,laws,clustered_skew,2000,52192,1729,1333,mean_ring,0,4,507600,11.955800921310292,37400
27,laws,clustered_skew,2000,52192,1729,1333,fourary,0,5,633600,0,0
27,laws,clustered_skew,2000,52192,1729,1333,degree4,0,6,726600,0,127300
27,laws,clustered_skew,2000,52192,1729,1333,binary,0,7,517700,0,0
27,laws,clustered_skew,2000,52192,1729,1333,selected_grid,0,8,413800,5.977900460655146,32973300
27,laws,clustered_skew,2000,52192,1729,1333,mean_map,0,9,438500,11.955800921310292,37400
27,laws,clustered_skew,2000,52192,1729,1333,mean_map,1,0,430600,11.955800921310292,37400
27,laws,clustered_skew,2000,52192,1729,1333,selected_grid,1,1,461400,5.977900460655146,32973300
27,laws,clustered_skew,2000,52192,1729,1333,binary,1,2,515500,0,0
27,laws,clustered_skew,2000,52192,1729,1333,degree4,1,3,525300,0,127300
27,laws,clustered_skew,2000,52192,1729,1333,fourary,1,4,557400,0,0
27,laws,clustered_skew,2000,52192,1729,1333,mean_ring,1,5,443700,11.955800921310292,37400
27,laws,clustered_skew,2000,52192,1729,1333,mean_degree,1,6,495200,0.45814687773261387,37400
27,laws,clustered_skew,2000,52192,1729,1333,max_maxdegree,1,7,414000,2.4380047275225114,61500
27,laws,clustered_skew,2000,52192,1729,1333,caliber,1,8,547300,0,76700
27,laws,clustered_skew,2000,52192,1729,1333,std_binary,1,9,692600,0,0
27,laws,clustered_skew,2000,52192,1729,1333,max_maxdegree,2,0,442700,2.4380047275225114,61500
27,laws,clustered_skew,2000,52192,1729,1333,std_binary,2,1,528400,0,0
27,laws,clustered_skew,2000,52192,1729,1333,selected_grid,2,2,417100,5.977900460655146,32973300
27,laws,clustered_skew,2000,52192,1729,1333,mean_ring,2,3,509600,11.955800921310292,37400
27,laws,clustered_skew,2000,52192,1729,1333,fourary,2,4,490300,0,0
27,laws,clustered_skew,2000,52192,1729,1333,binary,2,5,543000,0,0
27,laws,clustered_skew,2000,52192,1729,1333,mean_degree,2,6,589800,0.45814687773261387,37400
27,laws,clustered_skew,2000,52192,1729,1333,degree4,2,7,592800,0,127300
27,laws,clustered_skew,2000,52192,1729,1333,caliber,2,8,680200,0,76700
27,laws,clustered_skew,2000,52192,1729,1333,mean_map,2,9,427600,11.955800921310292,37400
27,laws,clustered_skew,2000,52192,1729,1333,mean_map,3,0,775100,11.955800921310292,37400
27,laws,clustered_skew,2000,52192,1729,1333,caliber,3,1,589900,0,76700
27,laws,clustered_skew,2000,52192,1729,1333,degree4,3,2,730500,0,127300
27,laws,clustered_skew,2000,52192,1729,1333,mean_degree,3,3,517800,0.45814687773261387,37400
27,laws,clustered_skew,2000,52192,1729,1333,binary,3,4,507100,0,0
27,laws,clustered_skew,2000,52192,1729,1333,fourary,3,5,526100,0,0
27,laws,clustered_skew,2000,52192,1729,1333,mean_ring,3,6,496500,11.955800921310292,37400
27,laws,clustered_skew,2000,52192,1729,1333,selected_grid,3,7,433200,5.977900460655146,32973300
27,laws,clustered_skew,2000,52192,1729,1333,std_binary,3,8,560800,0,0
27,laws,clustered_skew,2000,52192,1729,1333,max_maxdegree,3,9,445400,2.4380047275225114,61500
27,laws,clustered_skew,2000,52192,1729,1333,mean_degree,4,0,502000,0.45814687773261387,37400
27,laws,clustered_skew,2000,52192,1729,1333,std_binary,4,1,547300,0,0
27,laws,clustered_skew,2000,52192,1729,1333,fourary,4,2,531500,0,0
27,laws,clustered_skew,2000,52192,1729,1333,selected_grid,4,3,421400,5.977900460655146,32973300
27,laws,clustered_skew,2000,52192,1729,1333,binary,4,4,513800,0,0
27,laws,clustered_skew,2000,52192,1729,1333,max_maxdegree,4,5,427900,2.4380047275225114,61500
27,laws,clustered_skew,2000,52192,1729,1333,degree4,4,6,533300,0,127300
27,laws,clustered_skew,2000,52192,1729,1333,mean_map,4,7,435000,11.955800921310292,37400
27,laws,clustered_skew,2000,52192,1729,1333,caliber,4,8,573700,0,76700
27,laws,clustered_skew,2000,52192,1729,1333,mean_ring,4,9,431300,11.955800921310292,37400
27,laws,clustered_skew,2000,52192,1729,1333,mean_ring,5,0,414800,11.955800921310292,37400
27,laws,clustered_skew,2000,52192,1729,1333,caliber,5,1,620900,0,76700
27,laws,clustered_skew,2000,52192,1729,1333,mean_map,5,2,417600,11.955800921310292,37400
27,laws,clustered_skew,2000,52192,1729,1333,degree4,5,3,516700,0,127300
27,laws,clustered_skew,2000,52192,1729,1333,max_maxdegree,5,4,419600,2.4380047275225114,61500
27,laws,clustered_skew,2000,52192,1729,1333,binary,5,5,498400,0,0
27,laws,clustered_skew,2000,52192,1729,1333,selected_grid,5,6,394600,5.977900460655146,32973300
27,laws,clustered_skew,2000,52192,1729,1333,fourary,5,7,487900,0,0
27,laws,clustered_skew,2000,52192,1729,1333,std_binary,5,8,525800,0,0
27,laws,clustered_skew,2000,52192,1729,1333,mean_degree,5,9,500300,0.45814687773261387,37400
27,laws,clustered_skew,2000,52192,1729,1333,fourary,6,0,491300,0,0
27,laws,clustered_skew,2000,52192,1729,1333,binary,6,1,498800,0,0
27,laws,clustered_skew,2000,52192,1729,1333,max_maxdegree,6,2,419900,2.4380047275225114,61500
27,laws,clustered_skew,2000,52192,1729,1333,std_binary,6,3,545000,0,0
27,laws,clustered_skew,2000,52192,1729,1333,mean_map,6,4,420200,11.955800921310292,37400
27,laws,clustered_skew,2000,52192,1729,1333,degree4,6,5,516200,0,127300
27,laws,clustered_skew,2000,52192,1729,1333,mean_ring,6,6,415300,11.955800921310292,37400
27,laws,clustered_skew,2000,52192,1729,1333,selected_grid,6,7,407000,5.977900460655146,32973300
27,laws,clustered_skew,2000,52192,1729,1333,mean_degree,6,8,510000,0.45814687773261387,37400
27,laws,clustered_skew,2000,52192,1729,1333,caliber,6,9,549500,0,76700
27,laws,clustered_skew,2000,52192,1729,1333,caliber,7,0,542600,0,76700
27,laws,clustered_skew,2000,52192,1729,1333,mean_degree,7,1,490200,0.45814687773261387,37400
27,laws,clustered_skew,2000,52192,1729,1333,selected_grid,7,2,397100,5.977900460655146,32973300
27,laws,clustered_skew,2000,52192,1729,1333,mean_ring,7,3,459900,11.955800921310292,37400
27,laws,clustered_skew,2000,52192,1729,1333,degree4,7,4,514800,0,127300
27,laws,clustered_skew,2000,52192,1729,1333,mean_map,7,5,427900,11.955800921310292,37400
27,laws,clustered_skew,2000,52192,1729,1333,std_binary,7,6,513500,0,0
27,laws,clustered_skew,2000,52192,1729,1333,max_maxdegree,7,7,406600,2.4380047275225114,61500
27,laws,clustered_skew,2000,52192,1729,1333,binary,7,8,501500,0,0
27,laws,clustered_skew,2000,52192,1729,1333,fourary,7,9,496800,0,0
28,calibration,clustered_bimodal,2000,52192,1729,0,grid_1.5,0,0,321200,31.18463557633354,37300
28,calibration,clustered_bimodal,2000,52192,1729,0,grid_2,0,1,320800,41.57951410177805,37300
28,calibration,clustered_bimodal,2000,52192,1729,0,grid_0.25,0,2,330300,5.1974392627222565,37300
28,calibration,clustered_bimodal,2000,52192,1729,0,grid_0.75,0,3,318000,15.59231778816677,37300
28,calibration,clustered_bimodal,2000,52192,1729,0,grid_0.05,0,4,329900,1.0394878525444513,37300
28,calibration,clustered_bimodal,2000,52192,1729,0,grid_0.5,0,5,321700,10.394878525444513,37300
28,calibration,clustered_bimodal,2000,52192,1729,0,grid_0.1,0,6,332900,2.0789757050889026,37300
28,calibration,clustered_bimodal,2000,52192,1729,0,grid_16,0,7,329500,332.6361128142244,37300
28,calibration,clustered_bimodal,2000,52192,1729,0,grid_0.03125,0,8,333100,0.6496799078402821,37300
28,calibration,clustered_bimodal,2000,52192,1729,0,grid_4,0,9,330200,83.1590282035561,37300
28,calibration,clustered_bimodal,2000,52192,1729,0,grid_8,0,10,328400,166.3180564071122,37300
28,calibration,clustered_bimodal,2000,52192,1729,0,grid_1,0,11,326700,20.789757050889026,37300
28,calibration,clustered_bimodal,2000,52192,1729,0,grid_1,1,0,330400,20.789757050889026,37300
28,calibration,clustered_bimodal,2000,52192,1729,0,grid_8,1,1,327000,166.3180564071122,37300
28,calibration,clustered_bimodal,2000,52192,1729,0,grid_4,1,2,327500,83.1590282035561,37300
28,calibration,clustered_bimodal,2000,52192,1729,0,grid_0.03125,1,3,327500,0.6496799078402821,37300
28,calibration,clustered_bimodal,2000,52192,1729,0,grid_16,1,4,329500,332.6361128142244,37300
28,calibration,clustered_bimodal,2000,52192,1729,0,grid_0.1,1,5,339900,2.0789757050889026,37300
28,calibration,clustered_bimodal,2000,52192,1729,0,grid_0.5,1,6,337700,10.394878525444513,37300
28,calibration,clustered_bimodal,2000,52192,1729,0,grid_0.05,1,7,337900,1.0394878525444513,37300
28,calibration,clustered_bimodal,2000,52192,1729,0,grid_0.75,1,8,332200,15.59231778816677,37300
28,calibration,clustered_bimodal,2000,52192,1729,0,grid_0.25,1,9,329400,5.1974392627222565,37300
28,calibration,clustered_bimodal,2000,52192,1729,0,grid_2,1,10,322400,41.57951410177805,37300
28,calibration,clustered_bimodal,2000,52192,1729,0,grid_1.5,1,11,322300,31.18463557633354,37300
28,calibration,clustered_bimodal,2000,52192,1729,0,grid_0.75,2,0,366200,15.59231778816677,37300
28,calibration,clustered_bimodal,2000,52192,1729,0,grid_0.05,2,1,330700,1.0394878525444513,37300
28,calibration,clustered_bimodal,2000,52192,1729,0,grid_1.5,2,2,329600,31.18463557633354,37300
28,calibration,clustered_bimodal,2000,52192,1729,0,grid_16,2,3,449900,332.6361128142244,37300
28,calibration,clustered_bimodal,2000,52192,1729,0,grid_0.5,2,4,351200,10.394878525444513,37300
28,calibration,clustered_bimodal,2000,52192,1729,0,grid_0.1,2,5,340200,2.0789757050889026,37300
28,calibration,clustered_bimodal,2000,52192,1729,0,grid_1,2,6,331900,20.789757050889026,37300
28,calibration,clustered_bimodal,2000,52192,1729,0,grid_0.03125,2,7,340500,0.6496799078402821,37300
28,calibration,clustered_bimodal,2000,52192,1729,0,grid_2,2,8,347800,41.57951410177805,37300
28,calibration,clustered_bimodal,2000,52192,1729,0,grid_8,2,9,372600,166.3180564071122,37300
28,calibration,clustered_bimodal,2000,52192,1729,0,grid_0.25,2,10,374200,5.1974392627222565,37300
28,calibration,clustered_bimodal,2000,52192,1729,0,grid_4,2,11,606200,83.1590282035561,37300
28,calibration,clustered_bimodal,2000,52192,1729,0,grid_4,3,0,393000,83.1590282035561,37300
28,calibration,clustered_bimodal,2000,52192,1729,0,grid_0.25,3,1,375600,5.1974392627222565,37300
28,calibration,clustered_bimodal,2000,52192,1729,0,grid_8,3,2,368100,166.3180564071122,37300
28,calibration,clustered_bimodal,2000,52192,1729,0,grid_2,3,3,343800,41.57951410177805,37300
28,calibration,clustered_bimodal,2000,52192,1729,0,grid_0.03125,3,4,325700,0.6496799078402821,37300
28,calibration,clustered_bimodal,2000,52192,1729,0,grid_1,3,5,331200,20.789757050889026,37300
28,calibration,clustered_bimodal,2000,52192,1729,0,grid_0.1,3,6,334300,2.0789757050889026,37300
28,calibration,clustered_bimodal,2000,52192,1729,0,grid_0.5,3,7,334400,10.394878525444513,37300
28,calibration,clustered_bimodal,2000,52192,1729,0,grid_16,3,8,342900,332.6361128142244,37300
28,calibration,clustered_bimodal,2000,52192,1729,0,grid_1.5,3,9,351000,31.18463557633354,37300
28,calibration,clustered_bimodal,2000,52192,1729,0,grid_0.05,3,10,349800,1.0394878525444513,37300
28,calibration,clustered_bimodal,2000,52192,1729,0,grid_0.75,3,11,354900,15.59231778816677,37300
28,calibration,clustered_bimodal,2000,52192,1729,0,grid_0.03125,4,0,348800,0.6496799078402821,37300
28,calibration,clustered_bimodal,2000,52192,1729,0,grid_0.05,4,1,353500,1.0394878525444513,37300
28,calibration,clustered_bimodal,2000,52192,1729,0,grid_0.75,4,2,371100,15.59231778816677,37300
28,calibration,clustered_bimodal,2000,52192,1729,0,grid_0.25,4,3,370700,5.1974392627222565,37300
28,calibration,clustered_bimodal,2000,52192,1729,0,grid_0.1,4,4,340600,2.0789757050889026,37300
28,calibration,clustered_bimodal,2000,52192,1729,0,grid_4,4,5,351500,83.1590282035561,37300
28,calibration,clustered_bimodal,2000,52192,1729,0,grid_16,4,6,343100,332.6361128142244,37300
28,calibration,clustered_bimodal,2000,52192,1729,0,grid_1.5,4,7,339600,31.18463557633354,37300
28,calibration,clustered_bimodal,2000,52192,1729,0,grid_1,4,8,338100,20.789757050889026,37300
28,calibration,clustered_bimodal,2000,52192,1729,0,grid_0.5,4,9,343900,10.394878525444513,37300
28,calibration,clustered_bimodal,2000,52192,1729,0,grid_8,4,10,342700,166.3180564071122,37300
28,calibration,clustered_bimodal,2000,52192,1729,0,grid_2,4,11,334800,41.57951410177805,37300
28,calibration,clustered_bimodal,2000,52192,1729,0,grid_2,5,0,330700,41.57951410177805,37300
28,calibration,clustered_bimodal,2000,52192,1729,0,grid_8,5,1,341000,166.3180564071122,37300
28,calibration,clustered_bimodal,2000,52192,1729,0,grid_0.5,5,2,335500,10.394878525444513,37300
28,calibration,clustered_bimodal,2000,52192,1729,0,grid_1,5,3,341900,20.789757050889026,37300
28,calibration,clustered_bimodal,2000,52192,1729,0,grid_1.5,5,4,332100,31.18463557633354,37300
28,calibration,clustered_bimodal,2000,52192,1729,0,grid_16,5,5,344300,332.6361128142244,37300
28,calibration,clustered_bimodal,2000,52192,1729,0,grid_4,5,6,339500,83.1590282035561,37300
28,calibration,clustered_bimodal,2000,52192,1729,0,grid_0.1,5,7,342500,2.0789757050889026,37300
28,calibration,clustered_bimodal,2000,52192,1729,0,grid_0.25,5,8,333800,5.1974392627222565,37300
28,calibration,clustered_bimodal,2000,52192,1729,0,grid_0.75,5,9,336900,15.59231778816677,37300
28,calibration,clustered_bimodal,2000,52192,1729,0,grid_0.05,5,10,342100,1.0394878525444513,37300
28,calibration,clustered_bimodal,2000,52192,1729,0,grid_0.03125,5,11,340100,0.6496799078402821,37300
28,laws,clustered_bimodal,2000,52192,1729,667,radix,0,0,282400,0,0
28,laws,clustered_bimodal,2000,52192,1729,667,max_maxdegree,0,1,366000,2.4390243902439024,59900
28,laws,clustered_bimodal,2000,52192,1729,667,std_binary,0,2,359300,0,0
28,laws,clustered_bimodal,2000,52192,1729,667,caliber,0,3,350700,0,67000
28,laws,clustered_bimodal,2000,52192,1729,667,degree4,0,4,379700,0,127000
28,laws,clustered_bimodal,2000,52192,1729,667,mean_ring,0,5,412700,20.789757050889026,37300
28,laws,clustered_bimodal,2000,52192,1729,667,binary,0,6,361300,0,0
28,laws,clustered_bimodal,2000,52192,1729,667,selected_grid,0,7,354700,31.18463557633354,24989200
28,laws,clustered_bimodal,2000,52192,1729,667,mean_map,0,8,351600,20.789757050889026,37300
28,laws,clustered_bimodal,2000,52192,1729,667,fourary,0,9,384900,0,0
28,laws,clustered_bimodal,2000,52192,1729,667,mean_degree,0,10,335200,0.7966645099206402,37300
28,laws,clustered_bimodal,2000,52192,1729,667,mean_degree,1,0,343100,0.7966645099206402,37300
28,laws,clustered_bimodal,2000,52192,1729,667,fourary,1,1,379100,0,0
28,laws,clustered_bimodal,2000,52192,1729,667,mean_map,1,2,351000,20.789757050889026,37300
28,laws,clustered_bimodal,2000,52192,1729,667,selected_grid,1,3,346000,31.18463557633354,24989200
28,laws,clustered_bimodal,2000,52192,1729,667,binary,1,4,381000,0,0
28,laws,clustered_bimodal,2000,52192,1729,667,mean_ring,1,5,362400,20.789757050889026,37300
28,laws,clustered_bimodal,2000,52192,1729,667,degree4,1,6,369200,0,127000
28,laws,clustered_bimodal,2000,52192,1729,667,caliber,1,7,353100,0,67000
28,laws,clustered_bimodal,2000,52192,1729,667,std_binary,1,8,361100,0,0
28,laws,clustered_bimodal,2000,52192,1729,667,max_maxdegree,1,9,384800,2.4390243902439024,59900
28,laws,clustered_bimodal,2000,52192,1729,667,radix,1,10,273700,0,0
28,laws,clustered_bimodal,2000,52192,1729,667,mean_ring,2,0,361000,20.789757050889026,37300
28,laws,clustered_bimodal,2000,52192,1729,667,mean_degree,2,1,396300,0.7966645099206402,37300
28,laws,clustered_bimodal,2000,52192,1729,667,binary,2,2,382200,0,0
28,laws,clustered_bimodal,2000,52192,1729,667,degree4,2,3,380000,0,127000
28,laws,clustered_bimodal,2000,52192,1729,667,selected_grid,2,4,387600,31.18463557633354,24989200
28,laws,clustered_bimodal,2000,52192,1729,667,radix,2,5,300600,0,0
28,laws,clustered_bimodal,2000,52192,1729,667,fourary,2,6,412700,0,0
28,laws,clustered_bimodal,2000,52192,1729,667,caliber,2,7,383500,0,67000
28,laws,clustered_bimodal,2000,52192,1729,667,mean_map,2,8,752100,20.789757050889026,37300
28,laws,clustered_bimodal,2000,52192,1729,667,std_binary,2,9,455400,0,0
28,laws,clustered_bimodal,2000,52192,1729,667,max_maxdegree,2,10,426700,2.4390243902439024,59900
28,laws,clustered_bimodal,2000,52192,1729,667,max_maxdegree,3,0,462700,2.4390243902439024,59900
28,laws,clustered_bimodal,2000,52192,1729,667,std_binary,3,1,365500,0,0
28,laws,clustered_bimodal,2000,52192,1729,667,mean_map,3,2,428500,20.789757050889026,37300
28,laws,clustered_bimodal,2000,52192,1729,667,caliber,3,3,373700,0,67000
28,laws,clustered_bimodal,2000,52192,1729,667,fourary,3,4,395100,0,0
28,laws,clustered_bimodal,2000,52192,1729,667,radix,3,5,275100,0,0
28,laws,clustered_bimodal,2000,52192,1729,667,selected_grid,3,6,363800,31.18463557633354,24989200
28,laws,clustered_bimodal,2000,52192,1729,667,degree4,3,7,512800,0,127000
28,laws,clustered_bimodal,2000,52192,1729,667,binary,3,8,487000,0,0
28,laws,clustered_bimodal,2000,52192,1729,667,mean_degree,3,9,393500,0.7966645099206402,37300
28,laws,clustered_bimodal,2000,52192,1729,667,mean_ring,3,10,427700,20.789757050889026,37300
28,laws,clustered_bimodal,2000,52192,1729,667,std_binary,4,0,538900,0,0
28,laws,clustered_bimodal,2000,52192,1729,667,mean_degree,4,1,372800,0.7966645099206402,37300
28,laws,clustered_bimodal,2000,52192,1729,667,fourary,4,2,398400,0,0
28,laws,clustered_bimodal,2000,52192,1729,667,max_maxdegree,4,3,386900,2.4390243902439024,59900
28,laws,clustered_bimodal,2000,52192,1729,667,binary,4,4,427300,0,0
28,laws,clustered_bimodal,2000,52192,1729,667,mean_ring,4,5,394200,20.789757050889026,37300
28,laws,clustered_bimodal,2000,52192,1729,667,mean_map,4,6,410100,20.789757050889026,37300
28,laws,clustered_bimodal,2000,52192,1729,667,caliber,4,7,368500,0,67000
28,laws,clustered_bimodal,2000,52192,1729,667,selected_grid,4,8,354100,31.18463557633354,24989200
28,laws,clustered_bimodal,2000,52192,1729,667,degree4,4,9,377200,0,127000
28,laws,clustered_bimodal,2000,52192,1729,667,radix,4,10,284400,0,0
28,laws,clustered_bimodal,2000,52192,1729,667,radix,5,0,266800,0,0
28,laws,clustered_bimodal,2000,52192,1729,667,degree4,5,1,368900,0,127000
28,laws,clustered_bimodal,2000,52192,1729,667,selected_grid,5,2,353800,31.18463557633354,24989200
28,laws,clustered_bimodal,2000,52192,1729,667,caliber,5,3,352400,0,67000
28,laws,clustered_bimodal,2000,52192,1729,667,mean_map,5,4,349200,20.789757050889026,37300
28,laws,clustered_bimodal,2000,52192,1729,667,mean_ring,5,5,359400,20.789757050889026,37300
28,laws,clustered_bimodal,2000,52192,1729,667,binary,5,6,365100,0,0
28,laws,clustered_bimodal,2000,52192,1729,667,max_maxdegree,5,7,358100,2.4390243902439024,59900
28,laws,clustered_bimodal,2000,52192,1729,667,fourary,5,8,394500,0,0
28,laws,clustered_bimodal,2000,52192,1729,667,mean_degree,5,9,341200,0.7966645099206402,37300
28,laws,clustered_bimodal,2000,52192,1729,667,std_binary,5,10,365300,0,0
28,laws,clustered_bimodal,2000,52192,1729,667,degree4,6,0,432600,0,127000
28,laws,clustered_bimodal,2000,52192,1729,667,mean_degree,6,1,370500,0.7966645099206402,37300
28,laws,clustered_bimodal,2000,52192,1729,667,caliber,6,2,373600,0,67000
28,laws,clustered_bimodal,2000,52192,1729,667,fourary,6,3,463300,0,0
28,laws,clustered_bimodal,2000,52192,1729,667,radix,6,4,278400,0,0
28,laws,clustered_bimodal,2000,52192,1729,667,std_binary,6,5,360900,0,0
28,laws,clustered_bimodal,2000,52192,1729,667,mean_map,6,6,353300,20.789757050889026,37300
28,laws,clustered_bimodal,2000,52192,1729,667,max_maxdegree,6,7,353600,2.4390243902439024,59900
28,laws,clustered_bimodal,2000,52192,1729,667,mean_ring,6,8,361900,20.789757050889026,37300
28,laws,clustered_bimodal,2000,52192,1729,667,binary,6,9,368500,0,0
28,laws,clustered_bimodal,2000,52192,1729,667,selected_grid,6,10,349200,31.18463557633354,24989200
28,laws,clustered_bimodal,2000,52192,1729,667,selected_grid,7,0,345800,31.18463557633354,24989200
28,laws,clustered_bimodal,2000,52192,1729,667,binary,7,1,364500,0,0
28,laws,clustered_bimodal,2000,52192,1729,667,mean_ring,7,2,362700,20.789757050889026,37300
28,laws,clustered_bimodal,2000,52192,1729,667,max_maxdegree,7,3,352700,2.4390243902439024,59900
28,laws,clustered_bimodal,2000,52192,1729,667,mean_map,7,4,345800,20.789757050889026,37300
28,laws,clustered_bimodal,2000,52192,1729,667,std_binary,7,5,357700,0,0
28,laws,clustered_bimodal,2000,52192,1729,667,radix,7,6,271700,0,0
28,laws,clustered_bimodal,2000,52192,1729,667,fourary,7,7,409400,0,0
28,laws,clustered_bimodal,2000,52192,1729,667,caliber,7,8,418800,0,67000
28,laws,clustered_bimodal,2000,52192,1729,667,mean_degree,7,9,342700,0.7966645099206402,37300
28,laws,clustered_bimodal,2000,52192,1729,667,degree4,7,10,380100,0,127000
28,laws,clustered_bimodal,2000,52192,1729,1333,std_binary,0,0,819000,0,0
28,laws,clustered_bimodal,2000,52192,1729,1333,caliber,0,1,440200,0,67000
28,laws,clustered_bimodal,2000,52192,1729,1333,max_maxdegree,0,2,428100,2.4390243902439024,59900
28,laws,clustered_bimodal,2000,52192,1729,1333,mean_degree,0,3,338900,0.7966645099206402,37300
28,laws,clustered_bimodal,2000,52192,1729,1333,selected_grid,0,4,363100,31.18463557633354,24989200
28,laws,clustered_bimodal,2000,52192,1729,1333,fourary,0,5,394100,0,0
28,laws,clustered_bimodal,2000,52192,1729,1333,degree4,0,6,376900,0,127000
28,laws,clustered_bimodal,2000,52192,1729,1333,binary,0,7,359300,0,0
28,laws,clustered_bimodal,2000,52192,1729,1333,radix,0,8,278600,0,0
28,laws,clustered_bimodal,2000,52192,1729,1333,mean_map,0,9,362000,20.789757050889026,37300
28,laws,clustered_bimodal,2000,52192,1729,1333,mean_ring,0,10,363500,20.789757050889026,37300
28,laws,clustered_bimodal,2000,52192,1729,1333,mean_ring,1,0,361900,20.789757050889026,37300
28,laws,clustered_bimodal,2000,52192,1729,1333,mean_map,1,1,352400,20.789757050889026,37300
28,laws,clustered_bimodal,2000,52192,1729,1333,radix,1,2,285900,0,0
28,laws,clustered_bimodal,2000,52192,1729,1333,binary,1,3,375600,0,0
28,laws,clustered_bimodal,2000,52192,1729,1333,degree4,1,4,378800,0,127000
28,laws,clustered_bimodal,2000,52192,1729,1333,fourary,1,5,408400,0,0
28,laws,clustered_bimodal,2000,52192,1729,1333,selected_grid,1,6,368900,31.18463557633354,24989200
28,laws,clustered_bimodal,2000,52192,1729,1333,mean_degree,1,7,352100,0.7966645099206402,37300
28,laws,clustered_bimodal,2000,52192,1729,1333,max_maxdegree,1,8,367200,2.4390243902439024,59900
28,laws,clustered_bimodal,2000,52192,1729,1333,caliber,1,9,367100,0,67000
28,laws,clustered_bimodal,2000,52192,1729,1333,std_binary,1,10,374300,0,0
28,laws,clustered_bimodal,2000,52192,1729,1333,mean_degree,2,0,339500,0.7966645099206402,37300
28,laws,clustered_bimodal,2000,52192,1729,1333,radix,2,1,274700,0,0
28,laws,clustered_bimodal,2000,52192,1729,1333,selected_grid,2,2,354000,31.18463557633354,24989200
28,laws,clustered_bimodal,2000,52192,1729,1333,fourary,2,3,385700,0,0
28,laws,clustered_bimodal,2000,52192,1729,1333,std_binary,2,4,362500,0,0
28,laws,clustered_bimodal,2000,52192,1729,1333,mean_map,2,5,370000,20.789757050889026,37300
28,laws,clustered_bimodal,2000,52192,1729,1333,degree4,2,6,396000,0,127000
28,laws,clustered_bimodal,2000,52192,1729,1333,max_maxdegree,2,7,370400,2.4390243902439024,59900
28,laws,clustered_bimodal,2000,52192,1729,1333,binary,2,8,384500,0,0
28,laws,clustered_bimodal,2000,52192,1729,1333,caliber,2,9,368100,0,67000
28,laws,clustered_bimodal,2000,52192,1729,1333,mean_ring,2,10,377700,20.789757050889026,37300
28,laws,clustered_bimodal,2000,52192,1729,1333,mean_ring,3,0,351500,20.789757050889026,37300
28,laws,clustered_bimodal,2000,52192,1729,1333,caliber,3,1,357200,0,67000
28,laws,clustered_bimodal,2000,52192,1729,1333,binary,3,2,363700,0,0
28,laws,clustered_bimodal,2000,52192,1729,1333,max_maxdegree,3,3,372300,2.4390243902439024,59900
28,laws,clustered_bimodal,2000,52192,1729,1333,degree4,3,4,376100,0,127000
28,laws,clustered_bimodal,2000,52192,1729,1333,mean_map,3,5,429200,20.789757050889026,37300
28,laws,clustered_bimodal,2000,52192,1729,1333,std_binary,3,6,361000,0,0
28,laws,clustered_bimodal,2000,52192,1729,1333,fourary,3,7,403800,0,0
28,laws,clustered_bimodal,2000,52192,1729,1333,selected_grid,3,8,355500,31.18463557633354,24989200
28,laws,clustered_bimodal,2000,52192,1729,1333,radix,3,9,271600,0,0
28,laws,clustered_bimodal,2000,52192,1729,1333,mean_degree,3,10,349600,0.7966645099206402,37300
28,laws,clustered_bimodal,2000,52192,1729,1333,caliber,4,0,377300,0,67000
28,laws,clustered_bimodal,2000,52192,1729,1333,radix,4,1,308900,0,0
28,laws,clustered_bimodal,2000,52192,1729,1333,std_binary,4,2,360300,0,0
28,laws,clustered_bimodal,2000,52192,1729,1333,binary,4,3,418700,0,0
28,laws,clustered_bimodal,2000,52192,1729,1333,fourary,4,4,480900,0,0
28,laws,clustered_bimodal,2000,52192,1729,1333,mean_ring,4,5,504600,20.789757050889026,37300
28,laws,clustered_bimodal,2000,52192,1729,1333,mean_map,4,6,365700,20.789757050889026,37300
28,laws,clustered_bimodal,2000,52192,1729,1333,degree4,4,7,378900,0,127000
28,laws,clustered_bimodal,2000,52192,1729,1333,selected_grid,4,8,358900,31.18463557633354,24989200
28,laws,clustered_bimodal,2000,52192,1729,1333,mean_degree,4,9,336500,0.7966645099206402,37300
28,laws,clustered_bimodal,2000,52192,1729,1333,max_maxdegree,4,10,369400,2.4390243902439024,59900
28,laws,clustered_bimodal,2000,52192,1729,1333,max_maxdegree,5,0,355800,2.4390243902439024,59900
28,laws,clustered_bimodal,2000,52192,1729,1333,mean_degree,5,1,335200,0.7966645099206402,37300
28,laws,clustered_bimodal,2000,52192,1729,1333,selected_grid,5,2,346200,31.18463557633354,24989200
28,laws,clustered_bimodal,2000,52192,1729,1333,degree4,5,3,378500,0,127000
28,laws,clustered_bimodal,2000,52192,1729,1333,mean_map,5,4,352000,20.789757050889026,37300
28,laws,clustered_bimodal,2000,52192,1729,1333,mean_ring,5,5,371300,20.789757050889026,37300
28,laws,clustered_bimodal,2000,52192,1729,1333,fourary,5,6,404300,0,0
28,laws,clustered_bimodal,2000,52192,1729,1333,binary,5,7,366400,0,0
28,laws,clustered_bimodal,2000,52192,1729,1333,std_binary,5,8,367100,0,0
28,laws,clustered_bimodal,2000,52192,1729,1333,radix,5,9,279900,0,0
28,laws,clustered_bimodal,2000,52192,1729,1333,caliber,5,10,375400,0,67000
28,laws,clustered_bimodal,2000,52192,1729,1333,std_binary,6,0,360200,0,0
28,laws,clustered_bimodal,2000,52192,1729,1333,fourary,6,1,403300,0,0
28,laws,clustered_bimodal,2000,52192,1729,1333,caliber,6,2,368900,0,67000
28,laws,clustered_bimodal,2000,52192,1729,1333,selected_grid,6,3,431400,31.18463557633354,24989200
28,laws,clustered_bimodal,2000,52192,1729,1333,mean_map,6,4,362000,20.789757050889026,37300
28,laws,clustered_bimodal,2000,52192,1729,1333,mean_ring,6,5,356800,20.789757050889026,37300
28,laws,clustered_bimodal,2000,52192,1729,1333,radix,6,6,273900,0,0
28,laws,clustered_bimodal,2000,52192,1729,1333,max_maxdegree,6,7,349400,2.4390243902439024,59900
28,laws,clustered_bimodal,2000,52192,1729,1333,binary,6,8,370100,0,0
28,laws,clustered_bimodal,2000,52192,1729,1333,degree4,6,9,370600,0,127000
28,laws,clustered_bimodal,2000,52192,1729,1333,mean_degree,6,10,347000,0.7966645099206402,37300
28,laws,clustered_bimodal,2000,52192,1729,1333,mean_degree,7,0,341100,0.7966645099206402,37300
28,laws,clustered_bimodal,2000,52192,1729,1333,degree4,7,1,356600,0,127000
28,laws,clustered_bimodal,2000,52192,1729,1333,binary,7,2,359200,0,0
28,laws,clustered_bimodal,2000,52192,1729,1333,max_maxdegree,7,3,426300,2.4390243902439024,59900
28,laws,clustered_bimodal,2000,52192,1729,1333,radix,7,4,275600,0,0
28,laws,clustered_bimodal,2000,52192,1729,1333,mean_ring,7,5,355400,20.789757050889026,37300
28,laws,clustered_bimodal,2000,52192,1729,1333,mean_map,7,6,360300,20.789757050889026,37300
28,laws,clustered_bimodal,2000,52192,1729,1333,selected_grid,7,7,333800,31.18463557633354,24989200
28,laws,clustered_bimodal,2000,52192,1729,1333,caliber,7,8,370800,0,67000
28,laws,clustered_bimodal,2000,52192,1729,1333,fourary,7,9,423500,0,0
28,laws,clustered_bimodal,2000,52192,1729,1333,std_binary,7,10,350100,0,0
29,calibration,clustered_zero,2000,52192,1729,0,grid_1.5,0,0,527800,56.668887484590925,37500
29,calibration,clustered_zero,2000,52192,1729,0,grid_2,0,1,561500,75.55851664612123,37500
29,calibration,clustered_zero,2000,52192,1729,0,grid_0.25,0,2,404700,9.444814580765154,37500
29,calibration,clustered_zero,2000,52192,1729,0,grid_0.75,0,3,478700,28.334443742295463,37500
29,calibration,clustered_zero,2000,52192,1729,0,grid_0.05,0,4,371200,1.888962916153031,37500
29,calibration,clustered_zero,2000,52192,1729,0,grid_0.5,0,5,484800,18.88962916153031,37500
29,calibration,clustered_zero,2000,52192,1729,0,grid_0.1,0,6,375000,3.777925832306062,37500
29,calibration,clustered_zero,2000,52192,1729,0,grid_16,0,7,840400,604.4681331689699,37500
29,calibration,clustered_zero,2000,52192,1729,0,grid_0.03125,0,8,375900,1.1806018225956443,37500
29,calibration,clustered_zero,2000,52192,1729,0,grid_4,0,9,535200,151.11703329224247,37500
29,calibration,clustered_zero,2000,52192,1729,0,grid_8,0,10,540000,302.23406658448494,37500
29,calibration,clustered_zero,2000,52192,1729,0,grid_1,0,11,504700,37.77925832306062,37500
29,calibration,clustered_zero,2000,52192,1729,0,grid_1,1,0,501700,37.77925832306062,37500
29,calibration,clustered_zero,2000,52192,1729,0,grid_8,1,1,525400,302.23406658448494,37500
29,calibration,clustered_zero,2000,52192,1729,0,grid_4,1,2,545800,151.11703329224247,37500
29,calibration,clustered_zero,2000,52192,1729,0,grid_0.03125,1,3,364800,1.1806018225956443,37500
29,calibration,clustered_zero,2000,52192,1729,0,grid_16,1,4,527500,604.4681331689699,37500
29,calibration,clustered_zero,2000,52192,1729,0,grid_0.1,1,5,375500,3.777925832306062,37500
29,calibration,clustered_zero,2000,52192,1729,0,grid_0.5,1,6,462200,18.88962916153031,37500
29,calibration,clustered_zero,2000,52192,1729,0,grid_0.05,1,7,517500,1.888962916153031,37500
29,calibration,clustered_zero,2000,52192,1729,0,grid_0.75,1,8,495900,28.334443742295463,37500
29,calibration,clustered_zero,2000,52192,1729,0,grid_0.25,1,9,464500,9.444814580765154,37500
29,calibration,clustered_zero,2000,52192,1729,0,grid_2,1,10,559700,75.55851664612123,37500
29,calibration,clustered_zero,2000,52192,1729,0,grid_1.5,1,11,674400,56.668887484590925,37500
29,calibration,clustered_zero,2000,52192,1729,0,grid_0.75,2,0,514200,28.334443742295463,37500
29,calibration,clustered_zero,2000,52192,1729,0,grid_0.05,2,1,402600,1.888962916153031,37500
29,calibration,clustered_zero,2000,52192,1729,0,grid_1.5,2,2,583400,56.668887484590925,37500
29,calibration,clustered_zero,2000,52192,1729,0,grid_16,2,3,543400,604.4681331689699,37500
29,calibration,clustered_zero,2000,52192,1729,0,grid_0.5,2,4,497100,18.88962916153031,37500
29,calibration,clustered_zero,2000,52192,1729,0,grid_0.1,2,5,487100,3.777925832306062,37500
29,calibration,clustered_zero,2000,52192,1729,0,grid_1,2,6,694600,37.77925832306062,37500
29,calibration,clustered_zero,2000,52192,1729,0,grid_0.03125,2,7,443900,1.1806018225956443,37500
29,calibration,clustered_zero,2000,52192,1729,0,grid_2,2,8,572100,75.55851664612123,37500
29,calibration,clustered_zero,2000,52192,1729,0,grid_8,2,9,900900,302.23406658448494,37500
29,calibration,clustered_zero,2000,52192,1729,0,grid_0.25,2,10,453400,9.444814580765154,37500
29,calibration,clustered_zero,2000,52192,1729,0,grid_4,2,11,568500,151.11703329224247,37500
29,calibration,clustered_zero,2000,52192,1729,0,grid_4,3,0,624500,151.11703329224247,37500
29,calibration,clustered_zero,2000,52192,1729,0,grid_0.25,3,1,436000,9.444814580765154,37500
29,calibration,clustered_zero,2000,52192,1729,0,grid_8,3,2,754600,302.23406658448494,37500
29,calibration,clustered_zero,2000,52192,1729,0,grid_2,3,3,666800,75.55851664612123,37500
29,calibration,clustered_zero,2000,52192,1729,0,grid_0.03125,3,4,370200,1.1806018225956443,37500
29,calibration,clustered_zero,2000,52192,1729,0,grid_1,3,5,511800,37.77925832306062,37500
29,calibration,clustered_zero,2000,52192,1729,0,grid_0.1,3,6,390600,3.777925832306062,37500
29,calibration,clustered_zero,2000,52192,1729,0,grid_0.5,3,7,441000,18.88962916153031,37500
29,calibration,clustered_zero,2000,52192,1729,0,grid_16,3,8,533700,604.4681331689699,37500
29,calibration,clustered_zero,2000,52192,1729,0,grid_1.5,3,9,535300,56.668887484590925,37500
29,calibration,clustered_zero,2000,52192,1729,0,grid_0.05,3,10,377000,1.888962916153031,37500
29,calibration,clustered_zero,2000,52192,1729,0,grid_0.75,3,11,492000,28.334443742295463,37500
29,calibration,clustered_zero,2000,52192,1729,0,grid_0.03125,4,0,361100,1.1806018225956443,37500
29,calibration,clustered_zero,2000,52192,1729,0,grid_0.05,4,1,365700,1.888962916153031,37500
29,calibration,clustered_zero,2000,52192,1729,0,grid_0.75,4,2,479700,28.334443742295463,37500
29,calibration,clustered_zero,2000,52192,1729,0,grid_0.25,4,3,412200,9.444814580765154,37500
29,calibration,clustered_zero,2000,52192,1729,0,grid_0.1,4,4,377200,3.777925832306062,37500
29,calibration,clustered_zero,2000,52192,1729,0,grid_4,4,5,538000,151.11703329224247,37500
29,calibration,clustered_zero,2000,52192,1729,0,grid_16,4,6,526300,604.4681331689699,37500
29,calibration,clustered_zero,2000,52192,1729,0,grid_1.5,4,7,529200,56.668887484590925,37500
29,calibration,clustered_zero,2000,52192,1729,0,grid_1,4,8,516500,37.77925832306062,37500
29,calibration,clustered_zero,2000,52192,1729,0,grid_0.5,4,9,440800,18.88962916153031,37500
29,calibration,clustered_zero,2000,52192,1729,0,grid_8,4,10,523000,302.23406658448494,37500
29,calibration,clustered_zero,2000,52192,1729,0,grid_2,4,11,560200,75.55851664612123,37500
29,calibration,clustered_zero,2000,52192,1729,0,grid_2,5,0,547200,75.55851664612123,37500
29,calibration,clustered_zero,2000,52192,1729,0,grid_8,5,1,524800,302.23406658448494,37500
29,calibration,clustered_zero,2000,52192,1729,0,grid_0.5,5,2,456900,18.88962916153031,37500
29,calibration,clustered_zero,2000,52192,1729,0,grid_1,5,3,513100,37.77925832306062,37500
29,calibration,clustered_zero,2000,52192,1729,0,grid_1.5,5,4,530600,56.668887484590925,37500
29,calibration,clustered_zero,2000,52192,1729,0,grid_16,5,5,549800,604.4681331689699,37500
29,calibration,clustered_zero,2000,52192,1729,0,grid_4,5,6,533600,151.11703329224247,37500
29,calibration,clustered_zero,2000,52192,1729,0,grid_0.1,5,7,383600,3.777925832306062,37500
29,calibration,clustered_zero,2000,52192,1729,0,grid_0.25,5,8,402400,9.444814580765154,37500
29,calibration,clustered_zero,2000,52192,1729,0,grid_0.75,5,9,482800,28.334443742295463,37500
29,calibration,clustered_zero,2000,52192,1729,0,grid_0.05,5,10,365000,1.888962916153031,37500
29,calibration,clustered_zero,2000,52192,1729,0,grid_0.03125,5,11,414900,1.1806018225956443,37500
29,laws,clustered_zero,2000,52192,1729,667,std_binary,0,0,780900,0,0
29,laws,clustered_zero,2000,52192,1729,667,caliber,0,1,815800,0,87900
29,laws,clustered_zero,2000,52192,1729,667,fourary,0,2,906700,0,0
29,laws,clustered_zero,2000,52192,1729,667,degree4,0,3,767400,0,98200
29,laws,clustered_zero,2000,52192,1729,667,mean_degree,0,4,473800,1.4477030319995638,37500
29,laws,clustered_zero,2000,52192,1729,667,binary,0,5,804300,0,0
29,laws,clustered_zero,2000,52192,1729,667,mean_ring,0,6,486200,37.77925832306062,37500
29,laws,clustered_zero,2000,52192,1729,667,selected_grid,0,7,370400,1.1806018225956443,36279100
29,laws,clustered_zero,2000,52192,1729,667,max_maxdegree,0,8,381800,2.4390068360399346,62600
29,laws,clustered_zero,2000,52192,1729,667,mean_map,0,9,479700,37.77925832306062,37500
29,laws,clustered_zero,2000,52192,1729,667,mean_map,1,0,472000,37.77925832306062,37500
29,laws,clustered_zero,2000,52192,1729,667,max_maxdegree,1,1,366200,2.4390068360399346,62600
29,laws,clustered_zero,2000,52192,1729,667,selected_grid,1,2,371700,1.1806018225956443,36279100
29,laws,clustered_zero,2000,52192,1729,667,mean_ring,1,3,479300,37.77925832306062,37500
29,laws,clustered_zero,2000,52192,1729,667,binary,1,4,724800,0,0
29,laws,clustered_zero,2000,52192,1729,667,mean_degree,1,5,365400,1.4477030319995638,37500
29,laws,clustered_zero,2000,52192,1729,667,degree4,1,6,838800,0,98200
29,laws,clustered_zero,2000,52192,1729,667,fourary,1,7,1038400,0,0
29,laws,clustered_zero,2000,52192,1729,667,caliber,1,8,549600,0,87900
29,laws,clustered_zero,2000,52192,1729,667,std_binary,1,9,766000,0,0
29,laws,clustered_zero,2000,52192,1729,667,fourary,2,0,772900,0,0
29,laws,clustered_zero,2000,52192,1729,667,mean_map,2,1,501800,37.77925832306062,37500
29,laws,clustered_zero,2000,52192,1729,667,mean_ring,2,2,487100,37.77925832306062,37500
29,laws,clustered_zero,2000,52192,1729,667,degree4,2,3,747000,0,98200
29,laws,clustered_zero,2000,52192,1729,667,selected_grid,2,4,373100,1.1806018225956443,36279100
29,laws,clustered_zero,2000,52192,1729,667,std_binary,2,5,741700,0,0
29,laws,clustered_zero,2000,52192,1729,667,mean_degree,2,6,372600,1.4477030319995638,37500
29,laws,clustered_zero,2000,52192,1729,667,binary,2,7,724800,0,0
29,laws,clustered_zero,2000,52192,1729,667,max_maxdegree,2,8,367900,2.4390068360399346,62600
29,laws,clustered_zero,2000,52192,1729,667,caliber,2,9,477100,0,87900
29,laws,clustered_zero,2000,52192,1729,667,caliber,3,0,462100,0,87900
29,laws,clustered_zero,2000,52192,1729,667,max_maxdegree,3,1,362500,2.4390068360399346,62600
29,laws,clustered_zero,2000,52192,1729,667,binary,3,2,708600,0,0
29,laws,clustered_zero,2000,52192,1729,667,mean_degree,3,3,368700,1.4477030319995638,37500
29,laws,clustered_zero,2000,52192,1729,667,std_binary,3,4,738800,0,0
29,laws,clustered_zero,2000,52192,1729,667,selected_grid,3,5,434100,1.1806018225956443,36279100
29,laws,clustered_zero,2000,52192,1729,667,degree4,3,6,756700,0,98200
29,laws,clustered_zero,2000,52192,1729,667,mean_ring,3,7,586300,37.77925832306062,37500
29,laws,clustered_zero,2000,52192,1729,667,mean_map,3,8,491400,37.77925832306062,37500
29,laws,clustered_zero,2000,52192,1729,667,fourary,3,9,745000,0,0
29,laws,clustered_zero,2000,52192,1729,667,max_maxdegree,4,0,375400,2.4390068360399346,62600
29,laws,clustered_zero,2000,52192,1729,667,fourary,4,1,768200,0,0
29,laws,clustered_zero,2000,52192,1729,667,std_binary,4,2,706800,0,0
29,laws,clustered_zero,2000,52192,1729,667,caliber,4,3,454700,0,87900
29,laws,clustered_zero,2000,52192,1729,667,mean_map,4,4,475600,37.77925832306062,37500
29,laws,clustered_zero,2000,52192,1729,667,selected_grid,4,5,362200,1.1806018225956443,36279100
29,laws,clustered_zero,2000,52192,1729,667,binary,4,6,707800,0,0
29,laws,clustered_zero,2000,52192,1729,667,mean_degree,4,7,361900,1.4477030319995638,37500
29,laws,clustered_zero,2000,52192,1729,667,degree4,4,8,743100,0,98200
29,laws,clustered_zero,2000,52192,1729,667,mean_ring,4,9,531700,37.77925832306062,37500
29,laws,clustered_zero,2000,52192,1729,667,mean_ring,5,0,474100,37.77925832306062,37500
29,laws,clustered_zero,2000,52192,1729,667,degree4,5,1,729100,0,98200
29,laws,clustered_zero,2000,52192,1729,667,mean_degree,5,2,371000,1.4477030319995638,37500
29,laws,clustered_zero,2000,52192,1729,667,binary,5,3,698100,0,0
29,laws,clustered_zero,2000,52192,1729,667,selected_grid,5,4,361000,1.1806018225956443,36279100
29,laws,clustered_zero,2000,52192,1729,667,mean_map,5,5,470900,37.77925832306062,37500
29,laws,clustered_zero,2000,52192,1729,667,caliber,5,6,445400,0,87900
29,laws,clustered_zero,2000,52192,1729,667,std_binary,5,7,700500,0,0
29,laws,clustered_zero,2000,52192,1729,667,fourary,5,8,1153100,0,0
29,laws,clustered_zero,2000,52192,1729,667,max_maxdegree,5,9,392700,2.4390068360399346,62600
29,laws,clustered_zero,2000,52192,1729,667,caliber,6,0,557300,0,87900
29,laws,clustered_zero,2000,52192,1729,667,max_maxdegree,6,1,522700,2.4390068360399346,62600
29,laws,clustered_zero,2000,52192,1729,667,degree4,6,2,750300,0,98200
29,laws,clustered_zero,2000,52192,1729,667,mean_ring,6,3,497500,37.77925832306062,37500
29,laws,clustered_zero,2000,52192,1729,667,binary,6,4,795800,0,0
29,laws,clustered_zero,2000,52192,1729,667,std_binary,6,5,738200,0,0
29,laws,clustered_zero,2000,52192,1729,667,selected_grid,6,6,511600,1.1806018225956443,36279100
29,laws,clustered_zero,2000,52192,1729,667,fourary,6,7,897100,0,0
29,laws,clustered_zero,2000,52192,1729,667,mean_map,6,8,530200,37.77925832306062,37500
29,laws,clustered_zero,2000,52192,1729,667,mean_degree,6,9,352500,1.4477030319995638,37500
29,laws,clustered_zero,2000,52192,1729,667,mean_degree,7,0,358000,1.4477030319995638,37500
29,laws,clustered_zero,2000,52192,1729,667,mean_map,7,1,468600,37.77925832306062,37500
29,laws,clustered_zero,2000,52192,1729,667,fourary,7,2,700100,0,0
29,laws,clustered_zero,2000,52192,1729,667,selected_grid,7,3,368200,1.1806018225956443,36279100
29,laws,clustered_zero,2000,52192,1729,667,std_binary,7,4,705600,0,0
29,laws,clustered_zero,2000,52192,1729,667,binary,7,5,724400,0,0
29,laws,clustered_zero,2000,52192,1729,667,mean_ring,7,6,467100,37.77925832306062,37500
29,laws,clustered_zero,2000,52192,1729,667,degree4,7,7,734000,0,98200
29,laws,clustered_zero,2000,52192,1729,667,max_maxdegree,7,8,391700,2.4390068360399346,62600
29,laws,clustered_zero,2000,52192,1729,667,caliber,7,9,442200,0,87900
29,laws,clustered_zero,2000,52192,1729,1333,std_binary,0,0,694000,0,0
29,laws,clustered_zero,2000,52192,1729,1333,caliber,0,1,580300,0,87900
29,laws,clustered_zero,2000,52192,1729,1333,max_maxdegree,0,2,401100,2.4390068360399346,62600
29,laws,clustered_zero,2000,52192,1729,1333,mean_degree,0,3,375800,1.4477030319995638,37500
29,laws,clustered_zero,2000,52192,1729,1333,mean_ring,0,4,487900,37.77925832306062,37500
29,laws,clustered_zero,2000,52192,1729,1333,fourary,0,5,723800,0,0
29,laws,clustered_zero,2000,52192,1729,1333,degree4,0,6,752200,0,98200
29,laws,clustered_zero,2000,52192,1729,1333,binary,0,7,828400,0,0
29,laws,clustered_zero,2000,52192,1729,1333,selected_grid,0,8,461700,1.1806018225956443,36279100
29,laws,clustered_zero,2000,52192,1729,1333,mean_map,0,9,750800,37.77925832306062,37500
29,laws,clustered_zero,2000,52192,1729,1333,mean_map,1,0,550000,37.77925832306062,37500
29,laws,clustered_zero,2000,52192,1729,1333,selected_grid,1,1,352500,1.1806018225956443,36279100
29,laws,clustered_zero,2000,52192,1729,1333,binary,1,2,774700,0,0
29,laws,clustered_zero,2000,52192,1729,1333,degree4,1,3,738400,0,98200
29,laws,clustered_zero,2000,52192,1729,1333,fourary,1,4,877100,0,0
29,laws,clustered_zero,2000,52192,1729,1333,mean_ring,1,5,511200,37.77925832306062,37500
29,laws,clustered_zero,2000,52192,1729,1333,mean_degree,1,6,395400,1.4477030319995638,37500
29,laws,clustered_zero,2000,52192,1729,1333,max_maxdegree,1,7,390100,2.4390068360399346,62600
29,laws,clustered_zero,2000,52192,1729,1333,caliber,1,8,461600,0,87900
29,laws,clustered_zero,2000,52192,1729,1333,std_binary,1,9,728600,0,0
29,laws,clustered_zero,2000,52192,1729,1333,max_maxdegree,2,0,445300,2.4390068360399346,62600
29,laws,clustered_zero,2000,52192,1729,1333,std_binary,2,1,695800,0,0
29,laws,clustered_zero,2000,52192,1729,1333,selected_grid,2,2,354800,1.1806018225956443,36279100
29,laws,clustered_zero,2000,52192,1729,1333,mean_ring,2,3,473700,37.77925832306062,37500
29,laws,clustered_zero,2000,52192,1729,1333,fourary,2,4,776300,0,0
29,laws,clustered_zero,2000,52192,1729,1333,binary,2,5,766100,0,0
29,laws,clustered_zero,2000,52192,1729,1333,mean_degree,2,6,361500,1.4477030319995638,37500
29,laws,clustered_zero,2000,52192,1729,1333,degree4,2,7,765100,0,98200
29,laws,clustered_zero,2000,52192,1729,1333,caliber,2,8,433500,0,87900
29,laws,clustered_zero,2000,52192,1729,1333,mean_map,2,9,471600,37.77925832306062,37500
29,laws,clustered_zero,2000,52192,1729,1333,mean_map,3,0,471000,37.77925832306062,37500
29,laws,clustered_zero,2000,52192,1729,1333,caliber,3,1,454800,0,87900
29,laws,clustered_zero,2000,52192,1729,1333,degree4,3,2,717900,0,98200
29,laws,clustered_zero,2000,52192,1729,1333,mean_degree,3,3,427800,1.4477030319995638,37500
29,laws,clustered_zero,2000,52192,1729,1333,binary,3,4,723900,0,0
29,laws,clustered_zero,2000,52192,1729,1333,fourary,3,5,756600,0,0
29,laws,clustered_zero,2000,52192,1729,1333,mean_ring,3,6,479500,37.77925832306062,37500
29,laws,clustered_zero,2000,52192,1729,1333,selected_grid,3,7,359300,1.1806018225956443,36279100
29,laws,clustered_zero,2000,52192,1729,1333,std_binary,3,8,755300,0,0
29,laws,clustered_zero,2000,52192,1729,1333,max_maxdegree,3,9,363000,2.4390068360399346,62600
29,laws,clustered_zero,2000,52192,1729,1333,mean_degree,4,0,471700,1.4477030319995638,37500
29,laws,clustered_zero,2000,52192,1729,1333,std_binary,4,1,834500,0,0
29,laws,clustered_zero,2000,52192,1729,1333,fourary,4,2,745400,0,0
29,laws,clustered_zero,2000,52192,1729,1333,selected_grid,4,3,383800,1.1806018225956443,36279100
29,laws,clustered_zero,2000,52192,1729,1333,binary,4,4,725700,0,0
29,laws,clustered_zero,2000,52192,1729,1333,max_maxdegree,4,5,404100,2.4390068360399346,62600
29,laws,clustered_zero,2000,52192,1729,1333,degree4,4,6,723200,0,98200
29,laws,clustered_zero,2000,52192,1729,1333,mean_map,4,7,497800,37.77925832306062,37500
29,laws,clustered_zero,2000,52192,1729,1333,caliber,4,8,465600,0,87900
29,laws,clustered_zero,2000,52192,1729,1333,mean_ring,4,9,482400,37.77925832306062,37500
29,laws,clustered_zero,2000,52192,1729,1333,mean_ring,5,0,704600,37.77925832306062,37500
29,laws,clustered_zero,2000,52192,1729,1333,caliber,5,1,524900,0,87900
29,laws,clustered_zero,2000,52192,1729,1333,mean_map,5,2,484000,37.77925832306062,37500
29,laws,clustered_zero,2000,52192,1729,1333,degree4,5,3,891200,0,98200
29,laws,clustered_zero,2000,52192,1729,1333,max_maxdegree,5,4,386400,2.4390068360399346,62600
29,laws,clustered_zero,2000,52192,1729,1333,binary,5,5,727000,0,0
29,laws,clustered_zero,2000,52192,1729,1333,selected_grid,5,6,378100,1.1806018225956443,36279100
29,laws,clustered_zero,2000,52192,1729,1333,fourary,5,7,747100,0,0
29,laws,clustered_zero,2000,52192,1729,1333,std_binary,5,8,749300,0,0
29,laws,clustered_zero,2000,52192,1729,1333,mean_degree,5,9,384600,1.4477030319995638,37500
29,laws,clustered_zero,2000,52192,1729,1333,fourary,6,0,1072500,0,0
29,laws,clustered_zero,2000,52192,1729,1333,binary,6,1,898500,0,0
29,laws,clustered_zero,2000,52192,1729,1333,max_maxdegree,6,2,401700,2.4390068360399346,62600
29,laws,clustered_zero,2000,52192,1729,1333,std_binary,6,3,697200,0,0
29,laws,clustered_zero,2000,52192,1729,1333,mean_map,6,4,542200,37.77925832306062,37500
29,laws,clustered_zero,2000,52192,1729,1333,degree4,6,5,1035500,0,98200
29,laws,clustered_zero,2000,52192,1729,1333,mean_ring,6,6,552700,37.77925832306062,37500
29,laws,clustered_zero,2000,52192,1729,1333,selected_grid,6,7,368100,1.1806018225956443,36279100
29,laws,clustered_zero,2000,52192,1729,1333,mean_degree,6,8,368800,1.4477030319995638,37500
29,laws,clustered_zero,2000,52192,1729,1333,caliber,6,9,441400,0,87900
29,laws,clustered_zero,2000,52192,1729,1333,caliber,7,0,435000,0,87900
29,laws,clustered_zero,2000,52192,1729,1333,mean_degree,7,1,372000,1.4477030319995638,37500
29,laws,clustered_zero,2000,52192,1729,1333,selected_grid,7,2,351900,1.1806018225956443,36279100
29,laws,clustered_zero,2000,52192,1729,1333,mean_ring,7,3,480000,37.77925832306062,37500
29,laws,clustered_zero,2000,52192,1729,1333,degree4,7,4,707700,0,98200
29,laws,clustered_zero,2000,52192,1729,1333,mean_map,7,5,462000,37.77925832306062,37500
29,laws,clustered_zero,2000,52192,1729,1333,std_binary,7,6,720200,0,0
29,laws,clustered_zero,2000,52192,1729,1333,max_maxdegree,7,7,357900,2.4390068360399346,62600
29,laws,clustered_zero,2000,52192,1729,1333,binary,7,8,757800,0,0
29,laws,clustered_zero,2000,52192,1729,1333,fourary,7,9,742600,0,0
30,calibration,clustered_integer,2000,52192,1729,0,grid_1.5,0,0,634200,75.69160024524831,36200
30,calibration,clustered_integer,2000,52192,1729,0,grid_2,0,1,695500,100.92213366033108,36200
30,calibration,clustered_integer,2000,52192,1729,0,grid_0.25,0,2,507000,12.615266707541386,36200
30,calibration,clustered_integer,2000,52192,1729,0,grid_0.75,0,3,482200,37.845800122624155,36200
30,calibration,clustered_integer,2000,52192,1729,0,grid_0.05,0,4,627600,2.523053341508277,36200
30,calibration,clustered_integer,2000,52192,1729,0,grid_0.5,0,5,471100,25.23053341508277,36200
30,calibration,clustered_integer,2000,52192,1729,0,grid_0.1,0,6,562300,5.046106683016554,36200
30,calibration,clustered_integer,2000,52192,1729,0,grid_16,0,7,742900,807.3770692826487,36200
30,calibration,clustered_integer,2000,52192,1729,0,grid_0.03125,0,8,660900,1.5769083384426732,36200
30,calibration,clustered_integer,2000,52192,1729,0,grid_4,0,9,822400,201.84426732066217,36200
30,calibration,clustered_integer,2000,52192,1729,0,grid_8,0,10,750300,403.68853464132434,36200
30,calibration,clustered_integer,2000,52192,1729,0,grid_1,0,11,510300,50.46106683016554,36200
30,calibration,clustered_integer,2000,52192,1729,0,grid_1,1,0,513200,50.46106683016554,36200
30,calibration,clustered_integer,2000,52192,1729,0,grid_8,1,1,730100,403.68853464132434,36200
30,calibration,clustered_integer,2000,52192,1729,0,grid_4,1,2,770200,201.84426732066217,36200
30,calibration,clustered_integer,2000,52192,1729,0,grid_0.03125,1,3,683600,1.5769083384426732,36200
30,calibration,clustered_integer,2000,52192,1729,0,grid_16,1,4,858400,807.3770692826487,36200
30,calibration,clustered_integer,2000,52192,1729,0,grid_0.1,1,5,553400,5.046106683016554,36200
30,calibration,clustered_integer,2000,52192,1729,0,grid_0.5,1,6,482300,25.23053341508277,36200
30,calibration,clustered_integer,2000,52192,1729,0,grid_0.05,1,7,615000,2.523053341508277,36200
30,calibration,clustered_integer,2000,52192,1729,0,grid_0.75,1,8,495900,37.845800122624155,36200
30,calibration,clustered_integer,2000,52192,1729,0,grid_0.25,1,9,478800,12.615266707541386,36200
30,calibration,clustered_integer,2000,52192,1729,0,grid_2,1,10,664400,100.92213366033108,36200
30,calibration,clustered_integer,2000,52192,1729,0,grid_1.5,1,11,654600,75.69160024524831,36200
30,calibration,clustered_integer,2000,52192,1729,0,grid_0.75,2,0,479400,37.845800122624155,36200
30,calibration,clustered_integer,2000,52192,1729,0,grid_0.05,2,1,609000,2.523053341508277,36200
30,calibration,clustered_integer,2000,52192,1729,0,grid_1.5,2,2,647300,75.69160024524831,36200
30,calibration,clustered_integer,2000,52192,1729,0,grid_16,2,3,750700,807.3770692826487,36200
30,calibration,clustered_integer,2000,52192,1729,0,grid_0.5,2,4,502400,25.23053341508277,36200
30,calibration,clustered_integer,2000,52192,1729,0,grid_0.1,2,5,580200,5.046106683016554,36200
30,calibration,clustered_integer,2000,52192,1729,0,grid_1,2,6,541300,50.46106683016554,36200
30,calibration,clustered_integer,2000,52192,1729,0,grid_0.03125,2,7,660800,1.5769083384426732,36200
30,calibration,clustered_integer,2000,52192,1729,0,grid_2,2,8,660500,100.92213366033108,36200
30,calibration,clustered_integer,2000,52192,1729,0,grid_8,2,9,711500,403.68853464132434,36200
30,calibration,clustered_integer,2000,52192,1729,0,grid_0.25,2,10,484500,12.615266707541386,36200
30,calibration,clustered_integer,2000,52192,1729,0,grid_4,2,11,713300,201.84426732066217,36200
30,calibration,clustered_integer,2000,52192,1729,0,grid_4,3,0,891300,201.84426732066217,36200
30,calibration,clustered_integer,2000,52192,1729,0,grid_0.25,3,1,485100,12.615266707541386,36200
30,calibration,clustered_integer,2000,52192,1729,0,grid_8,3,2,771800,403.68853464132434,36200
30,calibration,clustered_integer,2000,52192,1729,0,grid_2,3,3,1079900,100.92213366033108,36200
30,calibration,clustered_integer,2000,52192,1729,0,grid_0.03125,3,4,839400,1.5769083384426732,36200
30,calibration,clustered_integer,2000,52192,1729,0,grid_1,3,5,733400,50.46106683016554,36200
30,calibration,clustered_integer,2000,52192,1729,0,grid_0.1,3,6,614200,5.046106683016554,36200
30,calibration,clustered_integer,2000,52192,1729,0,grid_0.5,3,7,524500,25.23053341508277,36200
30,calibration,clustered_integer,2000,52192,1729,0,grid_16,3,8,757800,807.3770692826487,36200
30,calibration,clustered_integer,2000,52192,1729,0,grid_1.5,3,9,669400,75.69160024524831,36200
30,calibration,clustered_integer,2000,52192,1729,0,grid_0.05,3,10,699200,2.523053341508277,36200
30,calibration,clustered_integer,2000,52192,1729,0,grid_0.75,3,11,484600,37.845800122624155,36200
30,calibration,clustered_integer,2000,52192,1729,0,grid_0.03125,4,0,654800,1.5769083384426732,36200
30,calibration,clustered_integer,2000,52192,1729,0,grid_0.05,4,1,618000,2.523053341508277,36200
30,calibration,clustered_integer,2000,52192,1729,0,grid_0.75,4,2,478000,37.845800122624155,36200
30,calibration,clustered_integer,2000,52192,1729,0,grid_0.25,4,3,497900,12.615266707541386,36200
30,calibration,clustered_integer,2000,52192,1729,0,grid_0.1,4,4,555500,5.046106683016554,36200
30,calibration,clustered_integer,2000,52192,1729,0,grid_4,4,5,790500,201.84426732066217,36200
30,calibration,clustered_integer,2000,52192,1729,0,grid_16,4,6,760700,807.3770692826487,36200
30,calibration,clustered_integer,2000,52192,1729,0,grid_1.5,4,7,670400,75.69160024524831,36200
30,calibration,clustered_integer,2000,52192,1729,0,grid_1,4,8,527100,50.46106683016554,36200
30,calibration,clustered_integer,2000,52192,1729,0,grid_0.5,4,9,476300,25.23053341508277,36200
30,calibration,clustered_integer,2000,52192,1729,0,grid_8,4,10,718100,403.68853464132434,36200
30,calibration,clustered_integer,2000,52192,1729,0,grid_2,4,11,665300,100.92213366033108,36200
30,calibration,clustered_integer,2000,52192,1729,0,grid_2,5,0,655000,100.92213366033108,36200
30,calibration,clustered_integer,2000,52192,1729,0,grid_8,5,1,730700,403.68853464132434,36200
30,calibration,clustered_integer,2000,52192,1729,0,grid_0.5,5,2,473600,25.23053341508277,36200
30,calibration,clustered_integer,2000,52192,1729,0,grid_1,5,3,576000,50.46106683016554,36200
30,calibration,clustered_integer,2000,52192,1729,0,grid_1.5,5,4,642200,75.69160024524831,36200
30,calibration,clustered_integer,2000,52192,1729,0,grid_16,5,5,724900,807.3770692826487,36200
30,calibration,clustered_integer,2000,52192,1729,0,grid_4,5,6,726300,201.84426732066217,36200
30,calibration,clustered_integer,2000,52192,1729,0,grid_0.1,5,7,562600,5.046106683016554,36200
30,calibration,clustered_integer,2000,52192,1729,0,grid_0.25,5,8,488700,12.615266707541386,36200
30,calibration,clustered_integer,2000,52192,1729,0,grid_0.75,5,9,506300,37.845800122624155,36200
30,calibration,clustered_integer,2000,52192,1729,0,grid_0.05,5,10,628200,2.523053341508277,36200
30,calibration,clustered_integer,2000,52192,1729,0,grid_0.03125,5,11,654400,1.5769083384426732,36200
30,laws,clustered_integer,2000,52192,1729,667,radix,0,0,500800,0,0
30,laws,clustered_integer,2000,52192,1729,667,max_maxdegree,0,1,682900,2.4390243902439024,59800
30,laws,clustered_integer,2000,52192,1729,667,std_binary,0,2,1005000,0,0
30,laws,clustered_integer,2000,52192,1729,667,caliber,0,3,905900,0,79900
30,laws,clustered_integer,2000,52192,1729,667,degree4,0,4,1047400,0,139200
30,laws,clustered_integer,2000,52192,1729,667,mean_ring,0,5,563700,50.46106683016554,36200
30,laws,clustered_integer,2000,52192,1729,667,binary,0,6,919300,0,0
30,laws,clustered_integer,2000,52192,1729,667,selected_grid,0,7,498200,25.23053341508277,45781000
30,laws,clustered_integer,2000,52192,1729,667,mean_map,0,8,532200,50.46106683016554,36200
30,laws,clustered_integer,2000,52192,1729,667,fourary,0,9,1000800,0,0
30,laws,clustered_integer,2000,52192,1729,667,mean_degree,0,10,647300,1.9336705560302554,36200
30,laws,clustered_integer,2000,52192,1729,667,mean_degree,1,0,617700,1.9336705560302554,36200
30,laws,clustered_integer,2000,52192,1729,667,fourary,1,1,932500,0,0
30,laws,clustered_integer,2000,52192,1729,667,mean_map,1,2,562900,50.46106683016554,36200
30,laws,clustered_integer,2000,52192,1729,667,selected_grid,1,3,502100,25.23053341508277,45781000
30,laws,clustered_integer,2000,52192,1729,667,binary,1,4,956900,0,0
30,laws,clustered_integer,2000,52192,1729,667,mean_ring,1,5,501000,50.46106683016554,36200
30,laws,clustered_integer,2000,52192,1729,667,degree4,1,6,914600,0,139200
30,laws,clustered_integer,2000,52192,1729,667,caliber,1,7,827000,0,79900
30,laws,clustered_integer,2000,52192,1729,667,std_binary,1,8,858500,0,0
30,laws,clustered_integer,2000,52192,1729,667,max_maxdegree,1,9,657600,2.4390243902439024,59800
30,laws,clustered_integer,2000,52192,1729,667,radix,1,10,457800,0,0
30,laws,clustered_integer,2000,52192,1729,667,mean_ring,2,0,501000,50.46106683016554,36200
30,laws,clustered_integer,2000,52192,1729,667,mean_degree,2,1,623700,1.9336705560302554,36200
30,laws,clustered_integer,2000,52192,1729,667,binary,2,2,983700,0,0
30,laws,clustered_integer,2000,52192,1729,667,degree4,2,3,977400,0,139200
30,laws,clustered_integer,2000,52192,1729,667,selected_grid,2,4,508400,25.23053341508277,45781000
30,laws,clustered_integer,2000,52192,1729,667,radix,2,5,491700,0,0
30,laws,clustered_integer,2000,52192,1729,667,fourary,2,6,995200,0,0
30,laws,clustered_integer,2000,52192,1729,667,caliber,2,7,846500,0,79900
30,laws,clustered_integer,2000,52192,1729,667,mean_map,2,8,542300,50.46106683016554,36200
30,laws,clustered_integer,2000,52192,1729,667,std_binary,2,9,890100,0,0
30,laws,clustered_integer,2000,52192,1729,667,max_maxdegree,2,10,659500,2.4390243902439024,59800
30,laws,clustered_integer,2000,52192,1729,667,max_maxdegree,3,0,633200,2.4390243902439024,59800
30,laws,clustered_integer,2000,52192,1729,667,std_binary,3,1,1331200,0,0
30,laws,clustered_integer,2000,52192,1729,667,mean_map,3,2,592300,50.46106683016554,36200
30,laws,clustered_integer,2000,52192,1729,667,caliber,3,3,868300,0,79900
30,laws,clustered_integer,2000,52192,1729,667,fourary,3,4,996100,0,0
30,laws,clustered_integer,2000,52192,1729,667,radix,3,5,496900,0,0
30,laws,clustered_integer,2000,52192,1729,667,selected_grid,3,6,487600,25.23053341508277,45781000
30,laws,clustered_integer,2000,52192,1729,667,degree4,3,7,951900,0,139200
30,laws,clustered_integer,2000,52192,1729,667,binary,3,8,918700,0,0
30,laws,clustered_integer,2000,52192,1729,667,mean_degree,3,9,664000,1.9336705560302554,36200
30,laws,clustered_integer,2000,52192,1729,667,mean_ring,3,10,535100,50.46106683016554,36200
30,laws,clustered_integer,2000,52192,1729,667,std_binary,4,0,955300,0,0
30,laws,clustered_integer,2000,52192,1729,667,mean_degree,4,1,614600,1.9336705560302554,36200
30,laws,clustered_integer,2000,52192,1729,667,fourary,4,2,955600,0,0
30,laws,clustered_integer,2000,52192,1729,667,max_maxdegree,4,3,611200,2.4390243902439024,59800
30,laws,clustered_integer,2000,52192,1729,667,binary,4,4,911400,0,0
30,laws,clustered_integer,2000,52192,1729,667,mean_ring,4,5,550700,50.46106683016554,36200
30,laws,clustered_integer,2000,52192,1729,667,mean_map,4,6,513200,50.46106683016554,36200
30,laws,clustered_integer,2000,52192,1729,667,caliber,4,7,847000,0,79900
30,laws,clustered_integer,2000,52192,1729,667,selected_grid,4,8,664600,25.23053341508277,45781000
30,laws,clustered_integer,2000,52192,1729,667,degree4,4,9,918100,0,139200
30,laws,clustered_integer,2000,52192,1729,667,radix,4,10,476100,0,0
30,laws,clustered_integer,2000,52192,1729,667,radix,5,0,455700,0,0
30,laws,clustered_integer,2000,52192,1729,667,degree4,5,1,911500,0,139200
30,laws,clustered_integer,2000,52192,1729,667,selected_grid,5,2,474600,25.23053341508277,45781000
30,laws,clustered_integer,2000,52192,1729,667,caliber,5,3,833500,0,79900
30,laws,clustered_integer,2000,52192,1729,667,mean_map,5,4,526600,50.46106683016554,36200
30,laws,clustered_integer,2000,52192,1729,667,mean_ring,5,5,504100,50.46106683016554,36200
30,laws,clustered_integer,2000,52192,1729,667,binary,5,6,896000,0,0
30,laws,clustered_integer,2000,52192,1729,667,max_maxdegree,5,7,627100,2.4390243902439024,59800
30,laws,clustered_integer,2000,52192,1729,667,fourary,5,8,1002600,0,0
30,laws,clustered_integer,2000,52192,1729,667,mean_degree,5,9,615900,1.9336705560302554,36200
30,laws,clustered_integer,2000,52192,1729,667,std_binary,5,10,923100,0,0
30,laws,clustered_integer,2000,52192,1729,667,degree4,6,0,929800,0,139200
30,laws,clustered_integer,2000,52192,1729,667,mean_degree,6,1,726300,1.9336705560302554,36200
30,laws,clustered_integer,2000,52192,1729,667,caliber,6,2,967900,0,79900
30,laws,clustered_integer,2000,52192,1729,667,fourary,6,3,979600,0,0
30,laws,clustered_integer,2000,52192,1729,667,radix,6,4,462000,0,0
30,laws,clustered_integer,2000,52192,1729,667,std_binary,6,5,953000,0,0
30,laws,clustered_integer,2000,52192,1729,667,mean_map,6,6,582700,50.46106683016554,36200
30,laws,clustered_integer,2000,52192,1729,667,max_maxdegree,6,7,632900,2.4390243902439024,59800
30,laws,clustered_integer,2000,52192,1729,667,mean_ring,6,8,498400,50.46106683016554,36200
30,laws,clustered_integer,2000,52192,1729,667,binary,6,9,943200,0,0
30,laws,clustered_integer,2000,52192,1729,667,selected_grid,6,10,589600,25.23053341508277,45781000
30,laws,clustered_integer,2000,52192,1729,667,selected_grid,7,0,935300,25.23053341508277,45781000
30,laws,clustered_integer,2000,52192,1729,667,binary,7,1,1072500,0,0
30,laws,clustered_integer,2000,52192,1729,667,mean_ring,7,2,565400,50.46106683016554,36200
30,laws,clustered_integer,2000,52192,1729,667,max_maxdegree,7,3,649400,2.4390243902439024,59800
30,laws,clustered_integer,2000,52192,1729,667,mean_map,7,4,551000,50.46106683016554,36200
30,laws,clustered_integer,2000,52192,1729,667,std_binary,7,5,945500,0,0
30,laws,clustered_integer,2000,52192,1729,667,radix,7,6,485100,0,0
30,laws,clustered_integer,2000,52192,1729,667,fourary,7,7,1131700,0,0
30,laws,clustered_integer,2000,52192,1729,667,caliber,7,8,904200,0,79900
30,laws,clustered_integer,2000,52192,1729,667,mean_degree,7,9,731600,1.9336705560302554,36200
30,laws,clustered_integer,2000,52192,1729,667,degree4,7,10,1023400,0,139200
30,laws,clustered_integer,2000,52192,1729,1333,std_binary,0,0,908100,0,0
30,laws,clustered_integer,2000,52192,1729,1333,caliber,0,1,841500,0,79900
30,laws,clustered_integer,2000,52192,1729,1333,max_maxdegree,0,2,813200,2.4390243902439024,59800
30,laws,clustered_integer,2000,52192,1729,1333,mean_degree,0,3,723900,1.9336705560302554,36200
30,laws,clustered_integer,2000,52192,1729,1333,selected_grid,0,4,714700,25.23053341508277,45781000
30,laws,clustered_integer,2000,52192,1729,1333,fourary,0,5,951600,0,0
30,laws,clustered_integer,2000,52192,1729,1333,degree4,0,6,1424800,0,139200
30,laws,clustered_integer,2000,52192,1729,1333,binary,0,7,876100,0,0
30,laws,clustered_integer,2000,52192,1729,1333,radix,0,8,450400,0,0
30,laws,clustered_integer,2000,52192,1729,1333,mean_map,0,9,524400,50.46106683016554,36200
30,laws,clustered_integer,2000,52192,1729,1333,mean_ring,0,10,490500,50.46106683016554,36200
30,laws,clustered_integer,2000,52192,1729,1333,mean_ring,1,0,517300,50.46106683016554,36200
30,laws,clustered_integer,2000,52192,1729,1333,mean_map,1,1,517900,50.46106683016554,36200
30,laws,clustered_integer,2000,52192,1729,1333,radix,1,2,454500,0,0
30,laws,clustered_integer,2000,52192,1729,1333,binary,1,3,895500,0,0
30,laws,clustered_integer,2000,52192,1729,1333,degree4,1,4,932000,0,139200
30,laws,clustered_integer,2000,52192,1729,1333,fourary,1,5,989600,0,0
30,laws,clustered_integer,2000,52192,1729,1333,selected_grid,1,6,489600,25.23053341508277,45781000
30,laws,clustered_integer,2000,52192,1729,1333,mean_degree,1,7,667700,1.9336705560302554,36200
30,laws,clustered_integer,2000,52192,1729,1333,max_maxdegree,1,8,621200,2.4390243902439024,59800
30,laws,clustered_integer,2000,52192,1729,1333,caliber,1,9,867900,0,79900
30,laws,clustered_integer,2000,52192,1729,1333,std_binary,1,10,855500,0,0
30,laws,clustered_integer,2000,52192,1729,1333,mean_degree,2,0,634500,1.9336705560302554,36200
30,laws,clustered_integer,2000,52192,1729,1333,radix,2,1,450700,0,0
30,laws,clustered_integer,2000,52192,1729,1333,selected_grid,2,2,504200,25.23053341508277,45781000
30,laws,clustered_integer,2000,52192,1729,1333,fourary,2,3,1021900,0,0
30,laws,clustered_integer,2000,52192,1729,1333,std_binary,2,4,820400,0,0
30,laws,clustered_integer,2000,52192,1729,1333,mean_map,2,5,600700,50.46106683016554,36200
30,laws,clustered_integer,2000,52192,1729,1333,degree4,2,6,919400,0,139200
30,laws,clustered_integer,2000,52192,1729,1333,max_maxdegree,2,7,648400,2.4390243902439024,59800
30,laws,clustered_integer,2000,52192,1729,1333,binary,2,8,879000,0,0
30,laws,clustered_integer,2000,52192,1729,1333,caliber,2,9,815900,0,79900
30,laws,clustered_integer,2000,52192,1729,1333,mean_ring,2,10,498900,50.46106683016554,36200
30,laws,clustered_integer,2000,52192,1729,1333,mean_ring,3,0,481800,50.46106683016554,36200
30,laws,clustered_integer,2000,52192,1729,1333,caliber,3,1,799000,0,79900
30,laws,clustered_integer,2000,52192,1729,1333,binary,3,2,876900,0,0
30,laws,clustered_integer,2000,52192,1729,1333,max_maxdegree,3,3,735400,2.4390243902439024,59800
30,laws,clustered_integer,2000,52192,1729,1333,degree4,3,4,1122600,0,139200
30,laws,clustered_integer,2000,52192,1729,1333,mean_map,3,5,539500,50.46106683016554,36200
30,laws,clustered_integer,2000,52192,1729,1333,std_binary,3,6,901500,0,0
30,laws,clustered_integer,2000,52192,1729,1333,fourary,3,7,1048200,0,0
30,laws,clustered_integer,2000,52192,1729,1333,selected_grid,3,8,493200,25.23053341508277,45781000
30,laws,clustered_integer,2000,52192,1729,1333,radix,3,9,458700,0,0
30,laws,clustered_integer,2000,52192,1729,1333,mean_degree,3,10,655500,1.9336705560302554,36200
30,laws,clustered_integer,2000,52192,1729,1333,caliber,4,0,822800,0,79900
30,laws,clustered_integer,2000,52192,1729,1333,radix,4,1,468400,0,0
30,laws,clustered_integer,2000,52192,1729,1333,std_binary,4,2,1019500,0,0
30,laws,clustered_integer,2000,52192,1729,1333,binary,4,3,1139300,0,0
30,laws,clustered_integer,2000,52192,1729,1333,fourary,4,4,1424800,0,0
30,laws,clustered_integer,2000,52192,1729,1333,mean_ring,4,5,574500,50.46106683016554,36200
30,laws,clustered_integer,2000,52192,1729,1333,mean_map,4,6,526300,50.46106683016554,36200
30,laws,clustered_integer,2000,52192,1729,1333,degree4,4,7,961400,0,139200
30,laws,clustered_integer,2000,52192,1729,1333,selected_grid,4,8,495300,25.23053341508277,45781000
30,laws,clustered_integer,2000,52192,1729,1333,mean_degree,4,9,665600,1.9336705560302554,36200
30,laws,clustered_integer,2000,52192,1729,1333,max_maxdegree,4,10,792600,2.4390243902439024,59800
30,laws,clustered_integer,2000,52192,1729,1333,max_maxdegree,5,0,619900,2.4390243902439024,59800
30,laws,clustered_integer,2000,52192,1729,1333,mean_degree,5,1,640500,1.9336705560302554,36200
30,laws,clustered_integer,2000,52192,1729,1333,selected_grid,5,2,561900,25.23053341508277,45781000
30,laws,clustered_integer,2000,52192,1729,1333,degree4,5,3,942500,0,139200
30,laws,clustered_integer,2000,52192,1729,1333,mean_map,5,4,540100,50.46106683016554,36200
30,laws,clustered_integer,2000,52192,1729,1333,mean_ring,5,5,558000,50.46106683016554,36200
30,laws,clustered_integer,2000,52192,1729,1333,fourary,5,6,1143700,0,0
30,laws,clustered_integer,2000,52192,1729,1333,binary,5,7,923500,0,0
30,laws,clustered_integer,2000,52192,1729,1333,std_binary,5,8,909700,0,0
30,laws,clustered_integer,2000,52192,1729,1333,radix,5,9,475600,0,0
30,laws,clustered_integer,2000,52192,1729,1333,caliber,5,10,841800,0,79900
30,laws,clustered_integer,2000,52192,1729,1333,std_binary,6,0,918400,0,0
30,laws,clustered_integer,2000,52192,1729,1333,fourary,6,1,1038900,0,0
30,laws,clustered_integer,2000,52192,1729,1333,caliber,6,2,860500,0,79900
30,laws,clustered_integer,2000,52192,1729,1333,selected_grid,6,3,494000,25.23053341508277,45781000
30,laws,clustered_integer,2000,52192,1729,1333,mean_map,6,4,520100,50.46106683016554,36200
30,laws,clustered_integer,2000,52192,1729,1333,mean_ring,6,5,663300,50.46106683016554,36200
30,laws,clustered_integer,2000,52192,1729,1333,radix,6,6,494300,0,0
30,laws,clustered_integer,2000,52192,1729,1333,max_maxdegree,6,7,655300,2.4390243902439024,59800
30,laws,clustered_integer,2000,52192,1729,1333,binary,6,8,934100,0,0
30,laws,clustered_integer,2000,52192,1729,1333,degree4,6,9,1044000,0,139200
30,laws,clustered_integer,2000,52192,1729,1333,mean_degree,6,10,800100,1.9336705560302554,36200
30,laws,clustered_integer,2000,52192,1729,1333,mean_degree,7,0,640100,1.9336705560302554,36200
30,laws,clustered_integer,2000,52192,1729,1333,degree4,7,1,1022200,0,139200
30,laws,clustered_integer,2000,52192,1729,1333,binary,7,2,923100,0,0
30,laws,clustered_integer,2000,52192,1729,1333,max_maxdegree,7,3,642200,2.4390243902439024,59800
30,laws,clustered_integer,2000,52192,1729,1333,radix,7,4,517300,0,0
30,laws,clustered_integer,2000,52192,1729,1333,mean_ring,7,5,531100,50.46106683016554,36200
30,laws,clustered_integer,2000,52192,1729,1333,mean_map,7,6,520500,50.46106683016554,36200
30,laws,clustered_integer,2000,52192,1729,1333,selected_grid,7,7,487800,25.23053341508277,45781000
30,laws,clustered_integer,2000,52192,1729,1333,caliber,7,8,909800,0,79900
30,laws,clustered_integer,2000,52192,1729,1333,fourary,7,9,987900,0,0
30,laws,clustered_integer,2000,52192,1729,1333,std_binary,7,10,918000,0,0
31,calibration,clustered_shuffle,2000,52192,1729,0,grid_1.5,0,0,468700,14.49143094151893,37500
31,calibration,clustered_shuffle,2000,52192,1729,0,grid_2,0,1,511800,19.32190792202524,37500
31,calibration,clustered_shuffle,2000,52192,1729,0,grid_0.25,0,2,520800,2.415238490253155,37500
31,calibration,clustered_shuffle,2000,52192,1729,0,grid_0.75,0,3,593100,7.245715470759465,37500
31,calibration,clustered_shuffle,2000,52192,1729,0,grid_0.05,0,4,618400,0.483047698050631,37500
31,calibration,clustered_shuffle,2000,52192,1729,0,grid_0.5,0,5,582300,4.83047698050631,37500
31,calibration,clustered_shuffle,2000,52192,1729,0,grid_0.1,0,6,516700,0.966095396101262,37500
31,calibration,clustered_shuffle,2000,52192,1729,0,grid_16,0,7,498600,154.57526337620192,37500
31,calibration,clustered_shuffle,2000,52192,1729,0,grid_0.03125,0,8,598500,0.30190481128164437,37500
31,calibration,clustered_shuffle,2000,52192,1729,0,grid_4,0,9,508700,38.64381584405048,37500
31,calibration,clustered_shuffle,2000,52192,1729,0,grid_8,0,10,493600,77.28763168810096,37500
31,calibration,clustered_shuffle,2000,52192,1729,0,grid_1,0,11,469400,9.66095396101262,37500
31,calibration,clustered_shuffle,2000,52192,1729,0,grid_1,1,0,570900,9.66095396101262,37500
31,calibration,clustered_shuffle,2000,52192,1729,0,grid_8,1,1,542800,77.28763168810096,37500
31,calibration,clustered_shuffle,2000,52192,1729,0,grid_4,1,2,666300,38.64381584405048,37500
31,calibration,clustered_shuffle,2000,52192,1729,0,grid_0.03125,1,3,752100,0.30190481128164437,37500
31,calibration,clustered_shuffle,2000,52192,1729,0,grid_16,1,4,524400,154.57526337620192,37500
31,calibration,clustered_shuffle,2000,52192,1729,0,grid_0.1,1,5,512200,0.966095396101262,37500
31,calibration,clustered_shuffle,2000,52192,1729,0,grid_0.5,1,6,472100,4.83047698050631,37500
31,calibration,clustered_shuffle,2000,52192,1729,0,grid_0.05,1,7,568400,0.483047698050631,37500
31,calibration,clustered_shuffle,2000,52192,1729,0,grid_0.75,1,8,488000,7.245715470759465,37500
31,calibration,clustered_shuffle,2000,52192,1729,0,grid_0.25,1,9,500400,2.415238490253155,37500
31,calibration,clustered_shuffle,2000,52192,1729,0,grid_2,1,10,537400,19.32190792202524,37500
31,calibration,clustered_shuffle,2000,52192,1729,0,grid_1.5,1,11,621500,14.49143094151893,37500
31,calibration,clustered_shuffle,2000,52192,1729,0,grid_0.75,2,0,501800,7.245715470759465,37500
31,calibration,clustered_shuffle,2000,52192,1729,0,grid_0.05,2,1,605500,0.483047698050631,37500
31,calibration,clustered_shuffle,2000,52192,1729,0,grid_1.5,2,2,575700,14.49143094151893,37500
31,calibration,clustered_shuffle,2000,52192,1729,0,grid_16,2,3,496700,154.57526337620192,37500
31,calibration,clustered_shuffle,2000,52192,1729,0,grid_0.5,2,4,455500,4.83047698050631,37500
31,calibration,clustered_shuffle,2000,52192,1729,0,grid_0.1,2,5,510200,0.966095396101262,37500
31,calibration,clustered_shuffle,2000,52192,1729,0,grid_1,2,6,475800,9.66095396101262,37500
31,calibration,clustered_shuffle,2000,52192,1729,0,grid_0.03125,2,7,595100,0.30190481128164437,37500
31,calibration,clustered_shuffle,2000,52192,1729,0,grid_2,2,8,503900,19.32190792202524,37500
31,calibration,clustered_shuffle,2000,52192,1729,0,grid_8,2,9,502400,77.28763168810096,37500
31,calibration,clustered_shuffle,2000,52192,1729,0,grid_0.25,2,10,654100,2.415238490253155,37500
31,calibration,clustered_shuffle,2000,52192,1729,0,grid_4,2,11,743600,38.64381584405048,37500
31,calibration,clustered_shuffle,2000,52192,1729,0,grid_4,3,0,517600,38.64381584405048,37500
31,calibration,clustered_shuffle,2000,52192,1729,0,grid_0.25,3,1,471200,2.415238490253155,37500
31,calibration,clustered_shuffle,2000,52192,1729,0,grid_8,3,2,970500,77.28763168810096,37500
31,calibration,clustered_shuffle,2000,52192,1729,0,grid_2,3,3,726900,19.32190792202524,37500
31,calibration,clustered_shuffle,2000,52192,1729,0,grid_0.03125,3,4,922200,0.30190481128164437,37500
31,calibration,clustered_shuffle,2000,52192,1729,0,grid_1,3,5,555100,9.66095396101262,37500
31,calibration,clustered_shuffle,2000,52192,1729,0,grid_0.1,3,6,513900,0.966095396101262,37500
31,calibration,clustered_shuffle,2000,52192,1729,0,grid_0.5,3,7,565700,4.83047698050631,37500
31,calibration,clustered_shuffle,2000,52192,1729,0,grid_16,3,8,569100,154.57526337620192,37500
31,calibration,clustered_shuffle,2000,52192,1729,0,grid_1.5,3,9,517200,14.49143094151893,37500
31,calibration,clustered_shuffle,2000,52192,1729,0,grid_0.05,3,10,566900,0.483047698050631,37500
31,calibration,clustered_shuffle,2000,52192,1729,0,grid_0.75,3,11,468300,7.245715470759465,37500
31,calibration,clustered_shuffle,2000,52192,1729,0,grid_0.03125,4,0,770300,0.30190481128164437,37500
31,calibration,clustered_shuffle,2000,52192,1729,0,grid_0.05,4,1,560000,0.483047698050631,37500
31,calibration,clustered_shuffle,2000,52192,1729,0,grid_0.75,4,2,498200,7.245715470759465,37500
31,calibration,clustered_shuffle,2000,52192,1729,0,grid_0.25,4,3,516300,2.415238490253155,37500
31,calibration,clustered_shuffle,2000,52192,1729,0,grid_0.1,4,4,509700,0.966095396101262,37500
31,calibration,clustered_shuffle,2000,52192,1729,0,grid_4,4,5,539000,38.64381584405048,37500
31,calibration,clustered_shuffle,2000,52192,1729,0,grid_16,4,6,523700,154.57526337620192,37500
31,calibration,clustered_shuffle,2000,52192,1729,0,grid_1.5,4,7,514300,14.49143094151893,37500
31,calibration,clustered_shuffle,2000,52192,1729,0,grid_1,4,8,498800,9.66095396101262,37500
31,calibration,clustered_shuffle,2000,52192,1729,0,grid_0.5,4,9,473500,4.83047698050631,37500
31,calibration,clustered_shuffle,2000,52192,1729,0,grid_8,4,10,528900,77.28763168810096,37500
31,calibration,clustered_shuffle,2000,52192,1729,0,grid_2,4,11,508100,19.32190792202524,37500
31,calibration,clustered_shuffle,2000,52192,1729,0,grid_2,5,0,492900,19.32190792202524,37500
31,calibration,clustered_shuffle,2000,52192,1729,0,grid_8,5,1,490900,77.28763168810096,37500
31,calibration,clustered_shuffle,2000,52192,1729,0,grid_0.5,5,2,440700,4.83047698050631,37500
31,calibration,clustered_shuffle,2000,52192,1729,0,grid_1,5,3,470800,9.66095396101262,37500
31,calibration,clustered_shuffle,2000,52192,1729,0,grid_1.5,5,4,468300,14.49143094151893,37500
31,calibration,clustered_shuffle,2000,52192,1729,0,grid_16,5,5,488200,154.57526337620192,37500
31,calibration,clustered_shuffle,2000,52192,1729,0,grid_4,5,6,508200,38.64381584405048,37500
31,calibration,clustered_shuffle,2000,52192,1729,0,grid_0.1,5,7,490500,0.966095396101262,37500
31,calibration,clustered_shuffle,2000,52192,1729,0,grid_0.25,5,8,491300,2.415238490253155,37500
31,calibration,clustered_shuffle,2000,52192,1729,0,grid_0.75,5,9,484700,7.245715470759465,37500
31,calibration,clustered_shuffle,2000,52192,1729,0,grid_0.05,5,10,544900,0.483047698050631,37500
31,calibration,clustered_shuffle,2000,52192,1729,0,grid_0.03125,5,11,592900,0.30190481128164437,37500
31,laws,clustered_shuffle,2000,52192,1729,667,std_binary,0,0,1094100,0,0
31,laws,clustered_shuffle,2000,52192,1729,667,caliber,0,1,832500,0,69100
31,laws,clustered_shuffle,2000,52192,1729,667,fourary,0,2,753400,0,0
31,laws,clustered_shuffle,2000,52192,1729,667,degree4,0,3,663000,0,128600
31,laws,clustered_shuffle,2000,52192,1729,667,mean_degree,0,4,670300,0.3702082296525375,37500
31,laws,clustered_shuffle,2000,52192,1729,667,binary,0,5,648100,0,0
31,laws,clustered_shuffle,2000,52192,1729,667,mean_ring,0,6,460400,9.66095396101262,37500
31,laws,clustered_shuffle,2000,52192,1729,667,selected_grid,0,7,446600,4.83047698050631,39682500
31,laws,clustered_shuffle,2000,52192,1729,667,max_maxdegree,0,8,593100,2.438973698544646,61400
31,laws,clustered_shuffle,2000,52192,1729,667,mean_map,0,9,517100,9.66095396101262,37500
31,laws,clustered_shuffle,2000,52192,1729,667,mean_map,1,0,488400,9.66095396101262,37500
31,laws,clustered_shuffle,2000,52192,1729,667,max_maxdegree,1,1,479600,2.438973698544646,61400
31,laws,clustered_shuffle,2000,52192,1729,667,selected_grid,1,2,450300,4.83047698050631,39682500
31,laws,clustered_shuffle,2000,52192,1729,667,mean_ring,1,3,452500,9.66095396101262,37500
31,laws,clustered_shuffle,2000,52192,1729,667,binary,1,4,658500,0,0
31,laws,clustered_shuffle,2000,52192,1729,667,mean_degree,1,5,608500,0.3702082296525375,37500
31,laws,clustered_shuffle,2000,52192,1729,667,degree4,1,6,682900,0,128600
31,laws,clustered_shuffle,2000,52192,1729,667,fourary,1,7,646400,0,0
31,laws,clustered_shuffle,2000,52192,1729,667,caliber,1,8,652700,0,69100
31,laws,clustered_shuffle,2000,52192,1729,667,std_binary,1,9,685600,0,0
31,laws,clustered_shuffle,2000,52192,1729,667,fourary,2,0,640800,0,0
31,laws,clustered_shuffle,2000,52192,1729,667,mean_map,2,1,483100,9.66095396101262,37500
31,laws,clustered_shuffle,2000,52192,1729,667,mean_ring,2,2,464100,9.66095396101262,37500
31,laws,clustered_shuffle,2000,52192,1729,667,degree4,2,3,661700,0,128600
31,laws,clustered_shuffle,2000,52192,1729,667,selected_grid,2,4,490400,4.83047698050631,39682500
31,laws,clustered_shuffle,2000,52192,1729,667,std_binary,2,5,684400,0,0
31,laws,clustered_shuffle,2000,52192,1729,667,mean_degree,2,6,579300,0.3702082296525375,37500
31,laws,clustered_shuffle,2000,52192,1729,667,binary,2,7,656500,0,0
31,laws,clustered_shuffle,2000,52192,1729,667,max_maxdegree,2,8,486800,2.438973698544646,61400
31,laws,clustered_shuffle,2000,52192,1729,667,caliber,2,9,815500,0,69100
31,laws,clustered_shuffle,2000,52192,1729,667,caliber,3,0,630700,0,69100
31,laws,clustered_shuffle,2000,52192,1729,667,max_maxdegree,3,1,475800,2.438973698544646,61400
31,laws,clustered_shuffle,2000,52192,1729,667,binary,3,2,655800,0,0
31,laws,clustered_shuffle,2000,52192,1729,667,mean_degree,3,3,582900,0.3702082296525375,37500
31,laws,clustered_shuffle,2000,52192,1729,667,std_binary,3,4,687900,0,0
31,laws,clustered_shuffle,2000,52192,1729,667,selected_grid,3,5,554400,4.83047698050631,39682500
31,laws,clustered_shuffle,2000,52192,1729,667,degree4,3,6,890000,0,128600
31,laws,clustered_shuffle,2000,52192,1729,667,mean_ring,3,7,494200,9.66095396101262,37500
31,laws,clustered_shuffle,2000,52192,1729,667,mean_map,3,8,490700,9.66095396101262,37500
31,laws,clustered_shuffle,2000,52192,1729,667,fourary,3,9,650300,0,0
31,laws,clustered_shuffle,2000,52192,1729,667,max_maxdegree,4,0,493600,2.438973698544646,61400
31,laws,clustered_shuffle,2000,52192,1729,667,fourary,4,1,618200,0,0
31,laws,clustered_shuffle,2000,52192,1729,667,std_binary,4,2,685400,0,0
31,laws,clustered_shuffle,2000,52192,1729,667,caliber,4,3,624300,0,69100
31,laws,clustered_shuffle,2000,52192,1729,667,mean_map,4,4,492400,9.66095396101262,37500
31,laws,clustered_shuffle,2000,52192,1729,667,selected_grid,4,5,466100,4.83047698050631,39682500
31,laws,clustered_shuffle,2000,52192,1729,667,binary,4,6,769200,0,0
31,laws,clustered_shuffle,2000,52192,1729,667,mean_degree,4,7,606100,0.3702082296525375,37500
31,laws,clustered_shuffle,2000,52192,1729,667,degree4,4,8,678500,0,128600
31,laws,clustered_shuffle,2000,52192,1729,667,mean_ring,4,9,473700,9.66095396101262,37500
31,laws,clustered_shuffle,2000,52192,1729,667,mean_ring,5,0,453800,9.66095396101262,37500
31,laws,clustered_shuffle,2000,52192,1729,667,degree4,5,1,654100,0,128600
31,laws,clustered_shuffle,2000,52192,1729,667,mean_degree,5,2,880100,0.3702082296525375,37500
31,laws,clustered_shuffle,2000,52192,1729,667,binary,5,3,703300,0,0
31,laws,clustered_shuffle,2000,52192,1729,667,selected_grid,5,4,513500,4.83047698050631,39682500
31,laws,clustered_shuffle,2000,52192,1729,667,mean_map,5,5,603700,9.66095396101262,37500
31,laws,clustered_shuffle,2000,52192,1729,667,caliber,5,6,633000,0,69100
31,laws,clustered_shuffle,2000,52192,1729,667,std_binary,5,7,830500,0,0
31,laws,clustered_shuffle,2000,52192,1729,667,fourary,5,8,637300,0,0
31,laws,clustered_shuffle,2000,52192,1729,667,max_maxdegree,5,9,500100,2.438973698544646,61400
31,laws,clustered_shuffle,2000,52192,1729,667,caliber,6,0,949500,0,69100
31,laws,clustered_shuffle,2000,52192,1729,667,max_maxdegree,6,1,649300,2.438973698544646,61400
31,laws,clustered_shuffle,2000,52192,1729,667,degree4,6,2,669400,0,128600
31,laws,clustered_shuffle,2000,52192,1729,667,mean_ring,6,3,471400,9.66095396101262,37500
31,laws,clustered_shuffle,2000,52192,1729,667,binary,6,4,618700,0,0
31,laws,clustered_shuffle,2000,52192,1729,667,std_binary,6,5,650000,0,0
31,laws,clustered_shuffle,2000,52192,1729,667,selected_grid,6,6,475900,4.83047698050631,39682500
31,laws,clustered_shuffle,2000,52192,1729,667,fourary,6,7,606600,0,0
31,laws,clustered_shuffle,2000,52192,1729,667,mean_map,6,8,470700,9.66095396101262,37500
31,laws,clustered_shuffle,2000,52192,1729,667,mean_degree,6,9,561800,0.3702082296525375,37500
31,laws,clustered_shuffle,2000,52192,1729,667,mean_degree,7,0,547800,0.3702082296525375,37500
31,laws,clustered_shuffle,2000,52192,1729,667,mean_map,7,1,441000,9.66095396101262,37500
31,laws,clustered_shuffle,2000,52192,1729,667,fourary,7,2,601500,0,0
31,laws,clustered_shuffle,2000,52192,1729,667,selected_grid,7,3,444600,4.83047698050631,39682500
31,laws,clustered_shuffle,2000,52192,1729,667,std_binary,7,4,743400,0,0
31,laws,clustered_shuffle,2000,52192,1729,667,binary,7,5,694900,0,0
31,laws,clustered_shuffle,2000,52192,1729,667,mean_ring,7,6,444100,9.66095396101262,37500
31,laws,clustered_shuffle,2000,52192,1729,667,degree4,7,7,653000,0,128600
31,laws,clustered_shuffle,2000,52192,1729,667,max_maxdegree,7,8,455700,2.438973698544646,61400
31,laws,clustered_shuffle,2000,52192,1729,667,caliber,7,9,923100,0,69100
31,laws,clustered_shuffle,2000,52192,1729,1333,std_binary,0,0,669300,0,0
31,laws,clustered_shuffle,2000,52192,1729,1333,caliber,0,1,611700,0,69100
31,laws,clustered_shuffle,2000,52192,1729,1333,max_maxdegree,0,2,468600,2.438973698544646,61400
31,laws,clustered_shuffle,2000,52192,1729,1333,mean_degree,0,3,556800,0.3702082296525375,37500
31,laws,clustered_shuffle,2000,52192,1729,1333,mean_ring,0,4,586300,9.66095396101262,37500
31,laws,clustered_shuffle,2000,52192,1729,1333,fourary,0,5,624800,0,0
31,laws,clustered_shuffle,2000,52192,1729,1333,degree4,0,6,643400,0,128600
31,laws,clustered_shuffle,2000,52192,1729,1333,binary,0,7,728300,0,0
31,laws,clustered_shuffle,2000,52192,1729,1333,selected_grid,0,8,439100,4.83047698050631,39682500
31,laws,clustered_shuffle,2000,52192,1729,1333,mean_map,0,9,455100,9.66095396101262,37500
31,laws,clustered_shuffle,2000,52192,1729,1333,mean_map,1,0,460100,9.66095396101262,37500
31,laws,clustered_shuffle,2000,52192,1729,1333,selected_grid,1,1,426700,4.83047698050631,39682500
31,laws,clustered_shuffle,2000,52192,1729,1333,binary,1,2,628600,0,0
31,laws,clustered_shuffle,2000,52192,1729,1333,degree4,1,3,637200,0,128600
31,laws,clustered_shuffle,2000,52192,1729,1333,fourary,1,4,634500,0,0
31,laws,clustered_shuffle,2000,52192,1729,1333,mean_ring,1,5,484800,9.66095396101262,37500
31,laws,clustered_shuffle,2000,52192,1729,1333,mean_degree,1,6,550800,0.3702082296525375,37500
31,laws,clustered_shuffle,2000,52192,1729,1333,max_maxdegree,1,7,577700,2.438973698544646,61400
31,laws,clustered_shuffle,2000,52192,1729,1333,caliber,1,8,615100,0,69100
31,laws,clustered_shuffle,2000,52192,1729,1333,std_binary,1,9,723200,0,0
31,laws,clustered_shuffle,2000,52192,1729,1333,max_maxdegree,2,0,502000,2.438973698544646,61400
31,laws,clustered_shuffle,2000,52192,1729,1333,std_binary,2,1,651400,0,0
31,laws,clustered_shuffle,2000,52192,1729,1333,selected_grid,2,2,471600,4.83047698050631,39682500
31,laws,clustered_shuffle,2000,52192,1729,1333,mean_ring,2,3,458300,9.66095396101262,37500
31,laws,clustered_shuffle,2000,52192,1729,1333,fourary,2,4,684900,0,0
31,laws,clustered_shuffle,2000,52192,1729,1333,binary,2,5,626400,0,0
31,laws,clustered_shuffle,2000,52192,1729,1333,mean_degree,2,6,555400,0.3702082296525375,37500
31,laws,clustered_shuffle,2000,52192,1729,1333,degree4,2,7,648200,0,128600
31,laws,clustered_shuffle,2000,52192,1729,1333,caliber,2,8,620700,0,69100
31,laws,clustered_shuffle,2000,52192,1729,1333,mean_map,2,9,524400,9.66095396101262,37500
31,laws,clustered_shuffle,2000,52192,1729,1333,mean_map,3,0,568100,9.66095396101262,37500
31,laws,clustered_shuffle,2000,52192,1729,1333,caliber,3,1,814500,0,69100
31,laws,clustered_shuffle,2000,52192,1729,1333,degree4,3,2,802100,0,128600
31,laws,clustered_shuffle,2000,52192,1729,1333,mean_degree,3,3,990600,0.3702082296525375,37500
31,laws,clustered_shuffle,2000,52192,1729,1333,binary,3,4,736500,0,0
31,laws,clustered_shuffle,2000,52192,1729,1333,fourary,3,5,733200,0,0
31,laws,clustered_shuffle,2000,52192,1729,1333,mean_ring,3,6,482500,9.66095396101262,37500
31,laws,clustered_shuffle,2000,52192,1729,1333,selected_grid,3,7,437100,4.83047698050631,39682500
31,laws,clustered_shuffle,2000,52192,1729,1333,std_binary,3,8,712100,0,0
31,laws,clustered_shuffle,2000,52192,1729,1333,max_maxdegree,3,9,469600,2.438973698544646,61400
31,laws,clustered_shuffle,2000,52192,1729,1333,mean_degree,4,0,546400,0.3702082296525375,37500
31,laws,clustered_shuffle,2000,52192,1729,1333,std_binary,4,1,729500,0,0
31,laws,clustered_shuffle,2000,52192,1729,1333,fourary,4,2,656200,0,0
31,laws,clustered_shuffle,2000,52192,1729,1333,selected_grid,4,3,491500,4.83047698050631,39682500
31,laws,clustered_shuffle,2000,52192,1729,1333,binary,4,4,627300,0,0
31,laws,clustered_shuffle,2000,52192,1729,1333,max_maxdegree,4,5,599100,2.438973698544646,61400
31,laws,clustered_shuffle,2000,52192,1729,1333,degree4,4,6,702600,0,128600
31,laws,clustered_shuffle,2000,52192,1729,1333,mean_map,4,7,458300,9.66095396101262,37500
31,laws,clustered_shuffle,2000,52192,1729,1333,caliber,4,8,610200,0,69100
31,laws,clustered_shuffle,2000,52192,1729,1333,mean_ring,4,9,454600,9.66095396101262,37500
31,laws,clustered_shuffle,2000,52192,1729,1333,mean_ring,5,0,441000,9.66095396101262,37500
31,laws,clustered_shuffle,2000,52192,1729,1333,caliber,5,1,604900,0,69100
31,laws,clustered_shuffle,2000,52192,1729,1333,mean_map,5,2,445500,9.66095396101262,37500
31,laws,clustered_shuffle,2000,52192,1729,1333,degree4,5,3,660500,0,128600
31,laws,clustered_shuffle,2000,52192,1729,1333,max_maxdegree,5,4,498900,2.438973698544646,61400
31,laws,clustered_shuffle,2000,52192,1729,1333,binary,5,5,681400,0,0
31,laws,clustered_shuffle,2000,52192,1729,1333,selected_grid,5,6,443500,4.83047698050631,39682500
31,laws,clustered_shuffle,2000,52192,1729,1333,fourary,5,7,625100,0,0
31,laws,clustered_shuffle,2000,52192,1729,1333,std_binary,5,8,667500,0,0
31,laws,clustered_shuffle,2000,52192,1729,1333,mean_degree,5,9,553800,0.3702082296525375,37500
31,laws,clustered_shuffle,2000,52192,1729,1333,fourary,6,0,621700,0,0
31,laws,clustered_shuffle,2000,52192,1729,1333,binary,6,1,638400,0,0
31,laws,clustered_shuffle,2000,52192,1729,1333,max_maxdegree,6,2,482100,2.438973698544646,61400
31,laws,clustered_shuffle,2000,52192,1729,1333,std_binary,6,3,645000,0,0
31,laws,clustered_shuffle,2000,52192,1729,1333,mean_map,6,4,475600,9.66095396101262,37500
31,laws,clustered_shuffle,2000,52192,1729,1333,degree4,6,5,1013000,0,128600
31,laws,clustered_shuffle,2000,52192,1729,1333,mean_ring,6,6,457000,9.66095396101262,37500
31,laws,clustered_shuffle,2000,52192,1729,1333,selected_grid,6,7,434400,4.83047698050631,39682500
31,laws,clustered_shuffle,2000,52192,1729,1333,mean_degree,6,8,558900,0.3702082296525375,37500
31,laws,clustered_shuffle,2000,52192,1729,1333,caliber,6,9,617700,0,69100
31,laws,clustered_shuffle,2000,52192,1729,1333,caliber,7,0,600400,0,69100
31,laws,clustered_shuffle,2000,52192,1729,1333,mean_degree,7,1,527000,0.3702082296525375,37500
31,laws,clustered_shuffle,2000,52192,1729,1333,selected_grid,7,2,610300,4.83047698050631,39682500
31,laws,clustered_shuffle,2000,52192,1729,1333,mean_ring,7,3,477600,9.66095396101262,37500
31,laws,clustered_shuffle,2000,52192,1729,1333,degree4,7,4,684000,0,128600
31,laws,clustered_shuffle,2000,52192,1729,1333,mean_map,7,5,556300,9.66095396101262,37500
31,laws,clustered_shuffle,2000,52192,1729,1333,std_binary,7,6,656400,0,0
31,laws,clustered_shuffle,2000,52192,1729,1333,max_maxdegree,7,7,489200,2.438973698544646,61400
31,laws,clustered_shuffle,2000,52192,1729,1333,binary,7,8,771300,0,0
31,laws,clustered_shuffle,2000,52192,1729,1333,fourary,7,9,621500,0,0
32,calibration,clustered_scale,2000,52192,1729,0,grid_1.5,0,0,476600,14839.225284115477,36200
32,calibration,clustered_scale,2000,52192,1729,0,grid_2,0,1,464400,19785.63371215397,36200
32,calibration,clustered_scale,2000,52192,1729,0,grid_0.25,0,2,555800,2473.204214019246,36200
32,calibration,clustered_scale,2000,52192,1729,0,grid_0.75,0,3,512500,7419.612642057738,36200
32,calibration,clustered_scale,2000,52192,1729,0,grid_0.05,0,4,682900,494.64084280384924,36200
32,calibration,clustered_scale,2000,52192,1729,0,grid_0.5,0,5,509400,4946.408428038492,36200
32,calibration,clustered_scale,2000,52192,1729,0,grid_0.1,0,6,624600,989.2816856076985,36200
32,calibration,clustered_scale,2000,52192,1729,0,grid_16,0,7,488400,158285.06969723175,36200
32,calibration,clustered_scale,2000,52192,1729,0,grid_0.03125,0,8,709700,309.15052675240577,36200
32,calibration,clustered_scale,2000,52192,1729,0,grid_4,0,9,474400,39571.26742430794,36200
32,calibration,clustered_scale,2000,52192,1729,0,grid_8,0,10,496100,79142.53484861588,36200
32,calibration,clustered_scale,2000,52192,1729,0,grid_1,0,11,481700,9892.816856076985,36200
32,calibration,clustered_scale,2000,52192,1729,0,grid_1,1,0,465400,9892.816856076985,36200
32,calibration,clustered_scale,2000,52192,1729,0,grid_8,1,1,512400,79142.53484861588,36200
32,calibration,clustered_scale,2000,52192,1729,0,grid_4,1,2,450500,39571.26742430794,36200
32,calibration,clustered_scale,2000,52192,1729,0,grid_0.03125,1,3,716300,309.15052675240577,36200
32,calibration,clustered_scale,2000,52192,1729,0,grid_16,1,4,477700,158285.06969723175,36200
32,calibration,clustered_scale,2000,52192,1729,0,grid_0.1,1,5,561700,989.2816856076985,36200
32,calibration,clustered_scale,2000,52192,1729,0,grid_0.5,1,6,483400,4946.408428038492,36200
32,calibration,clustered_scale,2000,52192,1729,0,grid_0.05,1,7,655400,494.64084280384924,36200
32,calibration,clustered_scale,2000,52192,1729,0,grid_0.75,1,8,481400,7419.612642057738,36200
32,calibration,clustered_scale,2000,52192,1729,0,grid_0.25,1,9,511100,2473.204214019246,36200
32,calibration,clustered_scale,2000,52192,1729,0,grid_2,1,10,467100,19785.63371215397,36200
32,calibration,clustered_scale,2000,52192,1729,0,grid_1.5,1,11,467400,14839.225284115477,36200
32,calibration,clustered_scale,2000,52192,1729,0,grid_0.75,2,0,475700,7419.612642057738,36200
32,calibration,clustered_scale,2000,52192,1729,0,grid_0.05,2,1,638800,494.64084280384924,36200
32,calibration,clustered_scale,2000,52192,1729,0,grid_1.5,2,2,513800,14839.225284115477,36200
32,calibration,clustered_scale,2000,52192,1729,0,grid_16,2,3,494100,158285.06969723175,36200
32,calibration,clustered_scale,2000,52192,1729,0,grid_0.5,2,4,489000,4946.408428038492,36200
32,calibration,clustered_scale,2000,52192,1729,0,grid_0.1,2,5,575500,989.2816856076985,36200
32,calibration,clustered_scale,2000,52192,1729,0,grid_1,2,6,503800,9892.816856076985,36200
32,calibration,clustered_scale,2000,52192,1729,0,grid_0.03125,2,7,704700,309.15052675240577,36200
32,calibration,clustered_scale,2000,52192,1729,0,grid_2,2,8,446300,19785.63371215397,36200
32,calibration,clustered_scale,2000,52192,1729,0,grid_8,2,9,502900,79142.53484861588,36200
32,calibration,clustered_scale,2000,52192,1729,0,grid_0.25,2,10,647000,2473.204214019246,36200
32,calibration,clustered_scale,2000,52192,1729,0,grid_4,2,11,631300,39571.26742430794,36200
32,calibration,clustered_scale,2000,52192,1729,0,grid_4,3,0,549400,39571.26742430794,36200
32,calibration,clustered_scale,2000,52192,1729,0,grid_0.25,3,1,653100,2473.204214019246,36200
32,calibration,clustered_scale,2000,52192,1729,0,grid_8,3,2,936900,79142.53484861588,36200
32,calibration,clustered_scale,2000,52192,1729,0,grid_2,3,3,608500,19785.63371215397,36200
32,calibration,clustered_scale,2000,52192,1729,0,grid_0.03125,3,4,761600,309.15052675240577,36200
32,calibration,clustered_scale,2000,52192,1729,0,grid_1,3,5,488000,9892.816856076985,36200
32,calibration,clustered_scale,2000,52192,1729,0,grid_0.1,3,6,584000,989.2816856076985,36200
32,calibration,clustered_scale,2000,52192,1729,0,grid_0.5,3,7,516300,4946.408428038492,36200
32,calibration,clustered_scale,2000,52192,1729,0,grid_16,3,8,504000,158285.06969723175,36200
32,calibration,clustered_scale,2000,52192,1729,0,grid_1.5,3,9,462300,14839.225284115477,36200
32,calibration,clustered_scale,2000,52192,1729,0,grid_0.05,3,10,665400,494.64084280384924,36200
32,calibration,clustered_scale,2000,52192,1729,0,grid_0.75,3,11,513000,7419.612642057738,36200
32,calibration,clustered_scale,2000,52192,1729,0,grid_0.03125,4,0,728800,309.15052675240577,36200
32,calibration,clustered_scale,2000,52192,1729,0,grid_0.05,4,1,655100,494.64084280384924,36200
32,calibration,clustered_scale,2000,52192,1729,0,grid_0.75,4,2,504400,7419.612642057738,36200
32,calibration,clustered_scale,2000,52192,1729,0,grid_0.25,4,3,538100,2473.204214019246,36200
32,calibration,clustered_scale,2000,52192,1729,0,grid_0.1,4,4,584100,989.2816856076985,36200
32,calibration,clustered_scale,2000,52192,1729,0,grid_4,4,5,472200,39571.26742430794,36200
32,calibration,clustered_scale,2000,52192,1729,0,grid_16,4,6,519700,158285.06969723175,36200
32,calibration,clustered_scale,2000,52192,1729,0,grid_1.5,4,7,1703100,14839.225284115477,36200
32,calibration,clustered_scale,2000,52192,1729,0,grid_1,4,8,537900,9892.816856076985,36200
32,calibration,clustered_scale,2000,52192,1729,0,grid_0.5,4,9,503300,4946.408428038492,36200
32,calibration,clustered_scale,2000,52192,1729,0,grid_8,4,10,523400,79142.53484861588,36200
32,calibration,clustered_scale,2000,52192,1729,0,grid_2,4,11,458100,19785.63371215397,36200
32,calibration,clustered_scale,2000,52192,1729,0,grid_2,5,0,542800,19785.63371215397,36200
32,calibration,clustered_scale,2000,52192,1729,0,grid_8,5,1,519800,79142.53484861588,36200
32,calibration,clustered_scale,2000,52192,1729,0,grid_0.5,5,2,1070300,4946.408428038492,36200
32,calibration,clustered_scale,2000,52192,1729,0,grid_1,5,3,686000,9892.816856076985,36200
32,calibration,clustered_scale,2000,52192,1729,0,grid_1.5,5,4,484100,14839.225284115477,36200
32,calibration,clustered_scale,2000,52192,1729,0,grid_16,5,5,497700,158285.06969723175,36200
32,calibration,clustered_scale,2000,52192,1729,0,grid_4,5,6,642700,39571.26742430794,36200
32,calibration,clustered_scale,2000,52192,1729,0,grid_0.1,5,7,587300,989.2816856076985,36200
32,calibration,clustered_scale,2000,52192,1729,0,grid_0.25,5,8,577600,2473.204214019246,36200
32,calibration,clustered_scale,2000,52192,1729,0,grid_0.75,5,9,528000,7419.612642057738,36200
32,calibration,clustered_scale,2000,52192,1729,0,grid_0.05,5,10,687200,494.64084280384924,36200
32,calibration,clustered_scale,2000,52192,1729,0,grid_0.03125,5,11,785600,309.15052675240577,36200
32,laws,clustered_scale,2000,52192,1729,667,std_binary,0,0,765000,0,0
32,laws,clustered_scale,2000,52192,1729,667,caliber,0,1,698300,0,66300
32,laws,clustered_scale,2000,52192,1729,667,fourary,0,2,703700,0,0
32,laws,clustered_scale,2000,52192,1729,667,degree4,0,3,730700,0,88700
32,laws,clustered_scale,2000,52192,1729,667,mean_degree,0,4,744600,379.0932271642008,36200
32,laws,clustered_scale,2000,52192,1729,667,binary,0,5,726200,0,0
32,laws,clustered_scale,2000,52192,1729,667,mean_ring,0,6,472400,9892.816856076985,36200
32,laws,clustered_scale,2000,52192,1729,667,selected_grid,0,7,482300,19785.63371215397,42074400
32,laws,clustered_scale,2000,52192,1729,667,max_maxdegree,0,8,547900,2497.5090673097175,59700
32,laws,clustered_scale,2000,52192,1729,667,mean_map,0,9,481600,9892.816856076985,36200
32,laws,clustered_scale,2000,52192,1729,667,mean_map,1,0,765500,9892.816856076985,36200
32,laws,clustered_scale,2000,52192,1729,667,max_maxdegree,1,1,1280800,2497.5090673097175,59700
32,laws,clustered_scale,2000,52192,1729,667,selected_grid,1,2,478400,19785.63371215397,42074400
32,laws,clustered_scale,2000,52192,1729,667,mean_ring,1,3,463700,9892.816856076985,36200
32,laws,clustered_scale,2000,52192,1729,667,binary,1,4,733900,0,0
32,laws,clustered_scale,2000,52192,1729,667,mean_degree,1,5,774000,379.0932271642008,36200
32,laws,clustered_scale,2000,52192,1729,667,degree4,1,6,742700,0,88700
32,laws,clustered_scale,2000,52192,1729,667,fourary,1,7,715400,0,0
32,laws,clustered_scale,2000,52192,1729,667,caliber,1,8,685300,0,66300
32,laws,clustered_scale,2000,52192,1729,667,std_binary,1,9,768100,0,0
32,laws,clustered_scale,2000,52192,1729,667,fourary,2,0,689800,0,0
32,laws,clustered_scale,2000,52192,1729,667,mean_map,2,1,510100,9892.816856076985,36200
32,laws,clustered_scale,2000,52192,1729,667,mean_ring,2,2,463900,9892.816856076985,36200
32,laws,clustered_scale,2000,52192,1729,667,degree4,2,3,736400,0,88700
32,laws,clustered_scale,2000,52192,1729,667,selected_grid,2,4,480400,19785.63371215397,42074400
32,laws,clustered_scale,2000,52192,1729,667,std_binary,2,5,752700,0,0
32,laws,clustered_scale,2000,52192,1729,667,mean_degree,2,6,773000,379.0932271642008,36200
32,laws,clustered_scale,2000,52192,1729,667,binary,2,7,716500,0,0
32,laws,clustered_scale,2000,52192,1729,667,max_maxdegree,2,8,546100,2497.5090673097175,59700
32,laws,clustered_scale,2000,52192,1729,667,caliber,2,9,705200,0,66300
32,laws,clustered_scale,2000,52192,1729,667,caliber,3,0,680900,0,66300
32,laws,clustered_scale,2000,52192,1729,667,max_maxdegree,3,1,537900,2497.5090673097175,59700
32,laws,clustered_scale,2000,52192,1729,667,binary,3,2,725600,0,0
32,laws,clustered_scale,2000,52192,1729,667,mean_degree,3,3,715500,379.0932271642008,36200
32,laws,clustered_scale,2000,52192,1729,667,std_binary,3,4,777300,0,0
32,laws,clustered_scale,2000,52192,1729,667,selected_grid,3,5,519400,19785.63371215397,42074400
32,laws,clustered_scale,2000,52192,1729,667,degree4,3,6,767100,0,88700
32,laws,clustered_scale,2000,52192,1729,667,mean_ring,3,7,497800,9892.816856076985,36200
32,laws,clustered_scale,2000,52192,1729,667,mean_map,3,8,480600,9892.816856076985,36200
32,laws,clustered_scale,2000,52192,1729,667,fourary,3,9,713500,0,0
32,laws,clustered_scale,2000,52192,1729,667,max_maxdegree,4,0,558200,2497.5090673097175,59700
32,laws,clustered_scale,2000,52192,1729,667,fourary,4,1,1042200,0,0
32,laws,clustered_scale,2000,52192,1729,667,std_binary,4,2,886300,0,0
32,laws,clustered_scale,2000,52192,1729,667,caliber,4,3,884100,0,66300
32,laws,clustered_scale,2000,52192,1729,667,mean_map,4,4,620300,9892.816856076985,36200
32,laws,clustered_scale,2000,52192,1729,667,selected_grid,4,5,580700,19785.63371215397,42074400
32,laws,clustered_scale,2000,52192,1729,667,binary,4,6,798000,0,0
32,laws,clustered_scale,2000,52192,1729,667,mean_degree,4,7,733800,379.0932271642008,36200
32,laws,clustered_scale,2000,52192,1729,667,degree4,4,8,741800,0,88700
32,laws,clustered_scale,2000,52192,1729,667,mean_ring,4,9,480700,9892.816856076985,36200
32,laws,clustered_scale,2000,52192,1729,667,mean_ring,5,0,458200,9892.816856076985,36200
32,laws,clustered_scale,2000,52192,1729,667,degree4,5,1,742300,0,88700
32,laws,clustered_scale,2000,52192,1729,667,mean_degree,5,2,738100,379.0932271642008,36200
32,laws,clustered_scale,2000,52192,1729,667,binary,5,3,711700,0,0
32,laws,clustered_scale,2000,52192,1729,667,selected_grid,5,4,466100,19785.63371215397,42074400
32,laws,clustered_scale,2000,52192,1729,667,mean_map,5,5,489500,9892.816856076985,36200
32,laws,clustered_scale,2000,52192,1729,667,caliber,5,6,693400,0,66300
32,laws,clustered_scale,2000,52192,1729,667,std_binary,5,7,745800,0,0
32,laws,clustered_scale,2000,52192,1729,667,fourary,5,8,738800,0,0
32,laws,clustered_scale,2000,52192,1729,667,max_maxdegree,5,9,597600,2497.5090673097175,59700
32,laws,clustered_scale,2000,52192,1729,667,caliber,6,0,708100,0,66300
32,laws,clustered_scale,2000,52192,1729,667,max_maxdegree,6,1,551500,2497.5090673097175,59700
32,laws,clustered_scale,2000,52192,1729,667,degree4,6,2,870400,0,88700
32,laws,clustered_scale,2000,52192,1729,667,mean_ring,6,3,496100,9892.816856076985,36200
32,laws,clustered_scale,2000,52192,1729,667,binary,6,4,717500,0,0
32,laws,clustered_scale,2000,52192,1729,667,std_binary,6,5,755500,0,0
32,laws,clustered_scale,2000,52192,1729,667,selected_grid,6,6,517100,19785.63371215397,42074400
32,laws,clustered_scale,2000,52192,1729,667,fourary,6,7,720700,0,0
32,laws,clustered_scale,2000,52192,1729,667,mean_map,6,8,524200,9892.816856076985,36200
32,laws,clustered_scale,2000,52192,1729,667,mean_degree,6,9,742900,379.0932271642008,36200
32,laws,clustered_scale,2000,52192,1729,667,mean_degree,7,0,739200,379.0932271642008,36200
32,laws,clustered_scale,2000,52192,1729,667,mean_map,7,1,496100,9892.816856076985,36200
32,laws,clustered_scale,2000,52192,1729,667,fourary,7,2,714500,0,0
32,laws,clustered_scale,2000,52192,1729,667,selected_grid,7,3,467100,19785.63371215397,42074400
32,laws,clustered_scale,2000,52192,1729,667,std_binary,7,4,1701900,0,0
32,laws,clustered_scale,2000,52192,1729,667,binary,7,5,823200,0,0
32,laws,clustered_scale,2000,52192,1729,667,mean_ring,7,6,497300,9892.816856076985,36200
32,laws,clustered_scale,2000,52192,1729,667,degree4,7,7,742200,0,88700
32,laws,clustered_scale,2000,52192,1729,667,max_maxdegree,7,8,596000,2497.5090673097175,59700
32,laws,clustered_scale,2000,52192,1729,667,caliber,7,9,719900,0,66300
32,laws,clustered_scale,2000,52192,1729,1333,std_binary,0,0,887400,0,0
32,laws,clustered_scale,2000,52192,1729,1333,caliber,0,1,843500,0,66300
32,laws,clustered_scale,2000,52192,1729,1333,max_maxdegree,0,2,579200,2497.5090673097175,59700
32,laws,clustered_scale,2000,52192,1729,1333,mean_degree,0,3,785500,379.0932271642008,36200
32,laws,clustered_scale,2000,52192,1729,1333,mean_ring,0,4,519100,9892.816856076985,36200
32,laws,clustered_scale,2000,52192,1729,1333,fourary,0,5,716600,0,0
32,laws,clustered_scale,2000,52192,1729,1333,degree4,0,6,731800,0,88700
32,laws,clustered_scale,2000,52192,1729,1333,binary,0,7,702200,0,0
32,laws,clustered_scale,2000,52192,1729,1333,selected_grid,0,8,485600,19785.63371215397,42074400
32,laws,clustered_scale,2000,52192,1729,1333,mean_map,0,9,528000,9892.816856076985,36200
32,laws,clustered_scale,2000,52192,1729,1333,mean_map,1,0,500300,9892.816856076985,36200
32,laws,clustered_scale,2000,52192,1729,1333,selected_grid,1,1,464300,19785.63371215397,42074400
32,laws,clustered_scale,2000,52192,1729,1333,binary,1,2,696600,0,0
32,laws,clustered_scale,2000,52192,1729,1333,degree4,1,3,728300,0,88700
32,laws,clustered_scale,2000,52192,1729,1333,fourary,1,4,717100,0,0
32,laws,clustered_scale,2000,52192,1729,1333,mean_ring,1,5,471100,9892.816856076985,36200
32,laws,clustered_scale,2000,52192,1729,1333,mean_degree,1,6,734100,379.0932271642008,36200
32,laws,clustered_scale,2000,52192,1729,1333,max_maxdegree,1,7,565800,2497.5090673097175,59700
32,laws,clustered_scale,2000,52192,1729,1333,caliber,1,8,690800,0,66300
32,laws,clustered_scale,2000,52192,1729,1333,std_binary,1,9,773700,0,0
32,laws,clustered_scale,2000,52192,1729,1333,max_maxdegree,2,0,538700,2497.5090673097175,59700
32,laws,clustered_scale,2000,52192,1729,1333,std_binary,2,1,760300,0,0
32,laws,clustered_scale,2000,52192,1729,1333,selected_grid,2,2,486900,19785.63371215397,42074400
32,laws,clustered_scale,2000,52192,1729,1333,mean_ring,2,3,463600,9892.816856076985,36200
32,laws,clustered_scale,2000,52192,1729,1333,fourary,2,4,690800,0,0
32,laws,clustered_scale,2000,52192,1729,1333,binary,2,5,698500,0,0
32,laws,clustered_scale,2000,52192,1729,1333,mean_degree,2,6,738900,379.0932271642008,36200
32,laws,clustered_scale,2000,52192,1729,1333,degree4,2,7,722900,0,88700
32,laws,clustered_scale,2000,52192,1729,1333,caliber,2,8,905000,0,66300
32,laws,clustered_scale,2000,52192,1729,1333,mean_map,2,9,570200,9892.816856076985,36200
32,laws,clustered_scale,2000,52192,1729,1333,mean_map,3,0,546300,9892.816856076985,36200
32,laws,clustered_scale,2000,52192,1729,1333,caliber,3,1,677000,0,66300
32,laws,clustered_scale,2000,52192,1729,1333,degree4,3,2,758100,0,88700
32,laws,clustered_scale,2000,52192,1729,1333,mean_degree,3,3,1248100,379.0932271642008,36200
32,laws,clustered_scale,2000,52192,1729,1333,binary,3,4,859100,0,0
32,laws,clustered_scale,2000,52192,1729,1333,fourary,3,5,864000,0,0
32,laws,clustered_scale,2000,52192,1729,1333,mean_ring,3,6,558900,9892.816856076985,36200
32,laws,clustered_scale,2000,52192,1729,1333,selected_grid,3,7,543500,19785.63371215397,42074400
32,laws,clustered_scale,2000,52192,1729,1333,std_binary,3,8,854200,0,0
32,laws,clustered_scale,2000,52192,1729,1333,max_maxdegree,3,9,573600,2497.5090673097175,59700
32,laws,clustered_scale,2000,52192,1729,1333,mean_degree,4,0,758800,379.0932271642008,36200
32,laws,clustered_scale,2000,52192,1729,1333,std_binary,4,1,765500,0,0
32,laws,clustered_scale,2000,52192,1729,1333,fourary,4,2,701100,0,0
32,laws,clustered_scale,2000,52192,1729,1333,selected_grid,4,3,479700,19785.63371215397,42074400
32,laws,clustered_scale,2000,52192,1729,1333,binary,4,4,695700,0,0
32,laws,clustered_scale,2000,52192,1729,1333,max_maxdegree,4,5,555700,2497.5090673097175,59700
32,laws,clustered_scale,2000,52192,1729,1333,degree4,4,6,745100,0,88700
32,laws,clustered_scale,2000,52192,1729,1333,mean_map,4,7,496300,9892.816856076985,36200
32,laws,clustered_scale,2000,52192,1729,1333,caliber,4,8,755000,0,66300
32,laws,clustered_scale,2000,52192,1729,1333,mean_ring,4,9,470000,9892.816856076985,36200
32,laws,clustered_scale,2000,52192,1729,1333,mean_ring,5,0,524400,9892.816856076985,36200
32,laws,clustered_scale,2000,52192,1729,1333,caliber,5,1,677600,0,66300
32,laws,clustered_scale,2000,52192,1729,1333,mean_map,5,2,518500,9892.816856076985,36200
32,laws,clustered_scale,2000,52192,1729,1333,degree4,5,3,721400,0,88700
32,laws,clustered_scale,2000,52192,1729,1333,max_maxdegree,5,4,557200,2497.5090673097175,59700
32,laws,clustered_scale,2000,52192,1729,1333,binary,5,5,713300,0,0
32,laws,clustered_scale,2000,52192,1729,1333,selected_grid,5,6,473400,19785.63371215397,42074400
32,laws,clustered_scale,2000,52192,1729,1333,fourary,5,7,720700,0,0
32,laws,clustered_scale,2000,52192,1729,1333,std_binary,5,8,757500,0,0
32,laws,clustered_scale,2000,52192,1729,1333,mean_degree,5,9,751600,379.0932271642008,36200
32,laws,clustered_scale,2000,52192,1729,1333,fourary,6,0,707700,0,0
32,laws,clustered_scale,2000,52192,1729,1333,binary,6,1,699000,0,0
32,laws,clustered_scale,2000,52192,1729,1333,max_maxdegree,6,2,566000,2497.5090673097175,59700
32,laws,clustered_scale,2000,52192,1729,1333,std_binary,6,3,756000,0,0
32,laws,clustered_scale,2000,52192,1729,1333,mean_map,6,4,564300,9892.816856076985,36200
32,laws,clustered_scale,2000,52192,1729,1333,degree4,6,5,724500,0,88700
32,laws,clustered_scale,2000,52192,1729,1333,mean_ring,6,6,477500,9892.816856076985,36200
32,laws,clustered_scale,2000,52192,1729,1333,selected_grid,6,7,468000,19785.63371215397,42074400
32,laws,clustered_scale,2000,52192,1729,1333,mean_degree,6,8,754900,379.0932271642008,36200
32,laws,clustered_scale,2000,52192,1729,1333,caliber,6,9,717200,0,66300
32,laws,clustered_scale,2000,52192,1729,1333,caliber,7,0,689100,0,66300
32,laws,clustered_scale,2000,52192,1729,1333,mean_degree,7,1,701400,379.0932271642008,36200
32,laws,clustered_scale,2000,52192,1729,1333,selected_grid,7,2,542200,19785.63371215397,42074400
32,laws,clustered_scale,2000,52192,1729,1333,mean_ring,7,3,532000,9892.816856076985,36200
32,laws,clustered_scale,2000,52192,1729,1333,degree4,7,4,780300,0,88700
32,laws,clustered_scale,2000,52192,1729,1333,mean_map,7,5,498200,9892.816856076985,36200
32,laws,clustered_scale,2000,52192,1729,1333,std_binary,7,6,734100,0,0
32,laws,clustered_scale,2000,52192,1729,1333,max_maxdegree,7,7,584300,2497.5090673097175,59700
32,laws,clustered_scale,2000,52192,1729,1333,binary,7,8,698100,0,0
32,laws,clustered_scale,2000,52192,1729,1333,fourary,7,9,765500,0,0
33,calibration,sparse_uniform,2000,8953,2026,0,grid_0.25,0,0,256100,12.619195719078872,7600
33,calibration,sparse_uniform,2000,8953,2026,0,grid_0.1,0,1,282500,5.047678287631549,7600
33,calibration,sparse_uniform,2000,8953,2026,0,grid_1.5,0,2,215000,75.71517431447323,7600
33,calibration,sparse_uniform,2000,8953,2026,0,grid_0.03125,0,3,436300,1.577399464884859,7600
33,calibration,sparse_uniform,2000,8953,2026,0,grid_4,0,4,206800,201.90713150526196,7600
33,calibration,sparse_uniform,2000,8953,2026,0,grid_0.05,0,5,304100,2.5238391438157746,7600
33,calibration,sparse_uniform,2000,8953,2026,0,grid_2,0,6,295100,100.95356575263098,7600
33,calibration,sparse_uniform,2000,8953,2026,0,grid_8,0,7,293900,403.8142630105239,7600
33,calibration,sparse_uniform,2000,8953,2026,0,grid_1,0,8,213400,50.47678287631549,7600
33,calibration,sparse_uniform,2000,8953,2026,0,grid_16,0,9,246800,807.6285260210478,7600
33,calibration,sparse_uniform,2000,8953,2026,0,grid_0.75,0,10,239500,37.857587157236615,7600
33,calibration,sparse_uniform,2000,8953,2026,0,grid_0.5,0,11,231200,25.238391438157745,7600
33,calibration,sparse_uniform,2000,8953,2026,0,grid_0.5,1,0,218400,25.238391438157745,7600
33,calibration,sparse_uniform,2000,8953,2026,0,grid_0.75,1,1,213900,37.857587157236615,7600
33,calibration,sparse_uniform,2000,8953,2026,0,grid_16,1,2,277500,807.6285260210478,7600
33,calibration,sparse_uniform,2000,8953,2026,0,grid_1,1,3,214400,50.47678287631549,7600
33,calibration,sparse_uniform,2000,8953,2026,0,grid_8,1,4,239900,403.8142630105239,7600
33,calibration,sparse_uniform,2000,8953,2026,0,grid_2,1,5,197200,100.95356575263098,7600
33,calibration,sparse_uniform,2000,8953,2026,0,grid_0.05,1,6,467800,2.5238391438157746,7600
33,calibration,sparse_uniform,2000,8953,2026,0,grid_4,1,7,252700,201.90713150526196,7600
33,calibration,sparse_uniform,2000,8953,2026,0,grid_0.03125,1,8,426500,1.577399464884859,7600
33,calibration,sparse_uniform,2000,8953,2026,0,grid_1.5,1,9,300900,75.71517431447323,7600
33,calibration,sparse_uniform,2000,8953,2026,0,grid_0.1,1,10,346500,5.047678287631549,7600
33,calibration,sparse_uniform,2000,8953,2026,0,grid_0.25,1,11,256300,12.619195719078872,7600
33,calibration,sparse_uniform,2000,8953,2026,0,grid_0.05,2,0,302300,2.5238391438157746,7600
33,calibration,sparse_uniform,2000,8953,2026,0,grid_0.5,2,1,241300,25.238391438157745,7600
33,calibration,sparse_uniform,2000,8953,2026,0,grid_0.25,2,2,252900,12.619195719078872,7600
33,calibration,sparse_uniform,2000,8953,2026,0,grid_8,2,3,260100,403.8142630105239,7600
33,calibration,sparse_uniform,2000,8953,2026,0,grid_0.1,2,4,297600,5.047678287631549,7600
33,calibration,sparse_uniform,2000,8953,2026,0,grid_4,2,5,207500,201.90713150526196,7600
33,calibration,sparse_uniform,2000,8953,2026,0,grid_2,2,6,197400,100.95356575263098,7600
33,calibration,sparse_uniform,2000,8953,2026,0,grid_0.03125,2,7,336100,1.577399464884859,7600
33,calibration,sparse_uniform,2000,8953,2026,0,grid_0.75,2,8,247000,37.857587157236615,7600
33,calibration,sparse_uniform,2000,8953,2026,0,grid_1.5,2,9,212900,75.71517431447323,7600
33,calibration,sparse_uniform,2000,8953,2026,0,grid_1,2,10,217500,50.47678287631549,7600
33,calibration,sparse_uniform,2000,8953,2026,0,grid_16,2,11,254400,807.6285260210478,7600
33,calibration,sparse_uniform,2000,8953,2026,0,grid_16,3,0,284500,807.6285260210478,7600
33,calibration,sparse_uniform,2000,8953,2026,0,grid_1,3,1,212300,50.47678287631549,7600
33,calibration,sparse_uniform,2000,8953,2026,0,grid_1.5,3,2,213600,75.71517431447323,7600
33,calibration,sparse_uniform,2000,8953,2026,0,grid_0.75,3,3,249000,37.857587157236615,7600
33,calibration,sparse_uniform,2000,8953,2026,0,grid_0.03125,3,4,390900,1.577399464884859,7600
33,calibration,sparse_uniform,2000,8953,2026,0,grid_2,3,5,200600,100.95356575263098,7600
33,calibration,sparse_uniform,2000,8953,2026,0,grid_4,3,6,204200,201.90713150526196,7600
33,calibration,sparse_uniform,2000,8953,2026,0,grid_0.1,3,7,277900,5.047678287631549,7600
33,calibration,sparse_uniform,2000,8953,2026,0,grid_8,3,8,256900,403.8142630105239,7600
33,calibration,sparse_uniform,2000,8953,2026,0,grid_0.25,3,9,252100,12.619195719078872,7600
33,calibration,sparse_uniform,2000,8953,2026,0,grid_0.5,3,10,251000,25.238391438157745,7600
33,calibration,sparse_uniform,2000,8953,2026,0,grid_0.05,3,11,304700,2.5238391438157746,7600
33,calibration,sparse_uniform,2000,8953,2026,0,grid_8,4,0,257400,403.8142630105239,7600
33,calibration,sparse_uniform,2000,8953,2026,0,grid_0.5,4,1,231300,25.238391438157745,7600
33,calibration,sparse_uniform,2000,8953,2026,0,grid_1,4,2,221300,50.47678287631549,7600
33,calibration,sparse_uniform,2000,8953,2026,0,grid_0.05,4,3,302900,2.5238391438157746,7600
33,calibration,sparse_uniform,2000,8953,2026,0,grid_16,4,4,244000,807.6285260210478,7600
33,calibration,sparse_uniform,2000,8953,2026,0,grid_0.03125,4,5,354200,1.577399464884859,7600
33,calibration,sparse_uniform,2000,8953,2026,0,grid_1.5,4,6,249800,75.71517431447323,7600
33,calibration,sparse_uniform,2000,8953,2026,0,grid_0.25,4,7,253700,12.619195719078872,7600
33,calibration,sparse_uniform,2000,8953,2026,0,grid_4,4,8,207600,201.90713150526196,7600
33,calibration,sparse_uniform,2000,8953,2026,0,grid_2,4,9,196700,100.95356575263098,7600
33,calibration,sparse_uniform,2000,8953,2026,0,grid_0.75,4,10,256900,37.857587157236615,7600
33,calibration,sparse_uniform,2000,8953,2026,0,grid_0.1,4,11,301900,5.047678287631549,7600
33,calibration,sparse_uniform,2000,8953,2026,0,grid_0.1,5,0,292100,5.047678287631549,7600
33,calibration,sparse_uniform,2000,8953,2026,0,grid_0.75,5,1,237300,37.857587157236615,7600
33,calibration,sparse_uniform,2000,8953,2026,0,grid_2,5,2,196400,100.95356575263098,7600
33,calibration,sparse_uniform,2000,8953,2026,0,grid_4,5,3,208400,201.90713150526196,7600
33,calibration,sparse_uniform,2000,8953,2026,0,grid_0.25,5,4,255600,12.619195719078872,7600
33,calibration,sparse_uniform,2000,8953,2026,0,grid_1.5,5,5,225300,75.71517431447323,7600
33,calibration,sparse_uniform,2000,8953,2026,0,grid_0.03125,5,6,343500,1.577399464884859,7600
33,calibration,sparse_uniform,2000,8953,2026,0,grid_16,5,7,262300,807.6285260210478,7600
33,calibration,sparse_uniform,2000,8953,2026,0,grid_0.05,5,8,448800,2.5238391438157746,7600
33,calibration,sparse_uniform,2000,8953,2026,0,grid_1,5,9,240600,50.47678287631549,7600
33,calibration,sparse_uniform,2000,8953,2026,0,grid_0.5,5,10,231500,25.238391438157745,7600
33,calibration,sparse_uniform,2000,8953,2026,0,grid_8,5,11,257000,403.8142630105239,7600
33,laws,sparse_uniform,2000,8953,2026,667,mean_ring,0,0,210600,50.47678287631549,7600
33,laws,sparse_uniform,2000,8953,2026,667,fourary,0,1,361100,0,0
33,laws,sparse_uniform,2000,8953,2026,667,selected_grid,0,2,191400,100.95356575263098,19118700
33,laws,sparse_uniform,2000,8953,2026,667,mean_map,0,3,215500,50.47678287631549,7600
33,laws,sparse_uniform,2000,8953,2026,667,caliber,0,4,310700,0,27500
33,laws,sparse_uniform,2000,8953,2026,667,binary,0,5,360500,0,0
33,laws,sparse_uniform,2000,8953,2026,667,degree4,0,6,397100,0,118400
33,laws,sparse_uniform,2000,8953,2026,667,mean_degree,0,7,259800,11.275948369555566,7600
33,laws,sparse_uniform,2000,8953,2026,667,max_maxdegree,0,8,402700,12.497609571688047,24200
33,laws,sparse_uniform,2000,8953,2026,667,std_binary,0,9,1105300,0,0
33,laws,sparse_uniform,2000,8953,2026,667,std_binary,1,0,435200,0,0
33,laws,sparse_uniform,2000,8953,2026,667,max_maxdegree,1,1,448400,12.497609571688047,24200
33,laws,sparse_uniform,2000,8953,2026,667,mean_degree,1,2,643600,11.275948369555566,7600
33,laws,sparse_uniform,2000,8953,2026,667,degree4,1,3,473500,0,118400
33,laws,sparse_uniform,2000,8953,2026,667,binary,1,4,362500,0,0
33,laws,sparse_uniform,2000,8953,2026,667,caliber,1,5,325300,0,27500
33,laws,sparse_uniform,2000,8953,2026,667,mean_map,1,6,221500,50.47678287631549,7600
33,laws,sparse_uniform,2000,8953,2026,667,selected_grid,1,7,191700,100.95356575263098,19118700
33,laws,sparse_uniform,2000,8953,2026,667,fourary,1,8,368500,0,0
33,laws,sparse_uniform,2000,8953,2026,667,mean_ring,1,9,200400,50.47678287631549,7600
33,laws,sparse_uniform,2000,8953,2026,667,binary,2,0,356600,0,0
33,laws,sparse_uniform,2000,8953,2026,667,selected_grid,2,1,185900,100.95356575263098,19118700
33,laws,sparse_uniform,2000,8953,2026,667,fourary,2,2,490600,0,0
33,laws,sparse_uniform,2000,8953,2026,667,mean_degree,2,3,259300,11.275948369555566,7600
33,laws,sparse_uniform,2000,8953,2026,667,mean_map,2,4,222400,50.47678287631549,7600
33,laws,sparse_uniform,2000,8953,2026,667,caliber,2,5,325700,0,27500
33,laws,sparse_uniform,2000,8953,2026,667,std_binary,2,6,359500,0,0
33,laws,sparse_uniform,2000,8953,2026,667,mean_ring,2,7,210000,50.47678287631549,7600
33,laws,sparse_uniform,2000,8953,2026,667,max_maxdegree,2,8,253600,12.497609571688047,24200
33,laws,sparse_uniform,2000,8953,2026,667,degree4,2,9,435500,0,118400
33,laws,sparse_uniform,2000,8953,2026,667,degree4,3,0,406500,0,118400
33,laws,sparse_uniform,2000,8953,2026,667,max_maxdegree,3,1,248000,12.497609571688047,24200
33,laws,sparse_uniform,2000,8953,2026,667,mean_ring,3,2,210200,50.47678287631549,7600
33,laws,sparse_uniform,2000,8953,2026,667,std_binary,3,3,356500,0,0
33,laws,sparse_uniform,2000,8953,2026,667,caliber,3,4,314800,0,27500
33,laws,sparse_uniform,2000,8953,2026,667,mean_map,3,5,238500,50.47678287631549,7600
33,laws,sparse_uniform,2000,8953,2026,667,mean_degree,3,6,266500,11.275948369555566,7600
33,laws,sparse_uniform,2000,8953,2026,667,fourary,3,7,363500,0,0
33,laws,sparse_uniform,2000,8953,2026,667,selected_grid,3,8,193600,100.95356575263098,19118700
33,laws,sparse_uniform,2000,8953,2026,667,binary,3,9,401200,0,0
33,laws,sparse_uniform,2000,8953,2026,667,max_maxdegree,4,0,257800,12.497609571688047,24200
33,laws,sparse_uniform,2000,8953,2026,667,std_binary,4,1,350700,0,0
33,laws,sparse_uniform,2000,8953,2026,667,caliber,4,2,312500,0,27500
33,laws,sparse_uniform,2000,8953,2026,667,binary,4,3,364400,0,0
33,laws,sparse_uniform,2000,8953,2026,667,mean_ring,4,4,201500,50.47678287631549,7600
33,laws,sparse_uniform,2000,8953,2026,667,mean_degree,4,5,266100,11.275948369555566,7600
33,laws,sparse_uniform,2000,8953,2026,667,degree4,4,6,451900,0,118400
33,laws,sparse_uniform,2000,8953,2026,667,mean_map,4,7,219700,50.47678287631549,7600
33,laws,sparse_uniform,2000,8953,2026,667,selected_grid,4,8,191800,100.95356575263098,19118700
33,laws,sparse_uniform,2000,8953,2026,667,fourary,4,9,492300,0,0
33,laws,sparse_uniform,2000,8953,2026,667,fourary,5,0,342900,0,0
33,laws,sparse_uniform,2000,8953,2026,667,selected_grid,5,1,192500,100.95356575263098,19118700
33,laws,sparse_uniform,2000,8953,2026,667,mean_map,5,2,230200,50.47678287631549,7600
33,laws,sparse_uniform,2000,8953,2026,667,degree4,5,3,414200,0,118400
33,laws,sparse_uniform,2000,8953,2026,667,mean_degree,5,4,273300,11.275948369555566,7600
33,laws,sparse_uniform,2000,8953,2026,667,mean_ring,5,5,207000,50.47678287631549,7600
33,laws,sparse_uniform,2000,8953,2026,667,binary,5,6,358300,0,0
33,laws,sparse_uniform,2000,8953,2026,667,caliber,5,7,312100,0,27500
33,laws,sparse_uniform,2000,8953,2026,667,std_binary,5,8,355200,0,0
33,laws,sparse_uniform,2000,8953,2026,667,max_maxdegree,5,9,255800,12.497609571688047,24200
33,laws,sparse_uniform,2000,8953,2026,667,mean_ring,6,0,193600,50.47678287631549,7600
33,laws,sparse_uniform,2000,8953,2026,667,caliber,6,1,310500,0,27500
33,laws,sparse_uniform,2000,8953,2026,667,binary,6,2,357800,0,0
33,laws,sparse_uniform,2000,8953,2026,667,max_maxdegree,6,3,252400,12.497609571688047,24200
33,laws,sparse_uniform,2000,8953,2026,667,mean_map,6,4,219300,50.47678287631549,7600
33,laws,sparse_uniform,2000,8953,2026,667,selected_grid,6,5,185900,100.95356575263098,19118700
33,laws,sparse_uniform,2000,8953,2026,667,fourary,6,6,360400,0,0
33,laws,sparse_uniform,2000,8953,2026,667,std_binary,6,7,348300,0,0
33,laws,sparse_uniform,2000,8953,2026,667,degree4,6,8,423600,0,118400
33,laws,sparse_uniform,2000,8953,2026,667,mean_degree,6,9,294100,11.275948369555566,7600
33,laws,sparse_uniform,2000,8953,2026,667,mean_degree,7,0,263500,11.275948369555566,7600
33,laws,sparse_uniform,2000,8953,2026,667,degree4,7,1,400100,0,118400
33,laws,sparse_uniform,2000,8953,2026,667,std_binary,7,2,346600,0,0
33,laws,sparse_uniform,2000,8953,2026,667,fourary,7,3,349100,0,0
33,laws,sparse_uniform,2000,8953,2026,667,selected_grid,7,4,195800,100.95356575263098,19118700
33,laws,sparse_uniform,2000,8953,2026,667,mean_map,7,5,215900,50.47678287631549,7600
33,laws,sparse_uniform,2000,8953,2026,667,max_maxdegree,7,6,258600,12.497609571688047,24200
33,laws,sparse_uniform,2000,8953,2026,667,binary,7,7,360900,0,0
33,laws,sparse_uniform,2000,8953,2026,667,caliber,7,8,310400,0,27500
33,laws,sparse_uniform,2000,8953,2026,667,mean_ring,7,9,199500,50.47678287631549,7600
33,laws,sparse_uniform,2000,8953,2026,1333,fourary,0,0,361200,0,0
33,laws,sparse_uniform,2000,8953,2026,1333,mean_ring,0,1,204200,50.47678287631549,7600
33,laws,sparse_uniform,2000,8953,2026,1333,max_maxdegree,0,2,271500,12.497609571688047,24200
33,laws,sparse_uniform,2000,8953,2026,1333,caliber,0,3,323100,0,27500
33,laws,sparse_uniform,2000,8953,2026,1333,mean_map,0,4,216600,50.47678287631549,7600
33,laws,sparse_uniform,2000,8953,2026,1333,degree4,0,5,485400,0,118400
33,laws,sparse_uniform,2000,8953,2026,1333,binary,0,6,704200,0,0
33,laws,sparse_uniform,2000,8953,2026,1333,std_binary,0,7,425100,0,0
33,laws,sparse_uniform,2000,8953,2026,1333,selected_grid,0,8,229400,100.95356575263098,19118700
33,laws,sparse_uniform,2000,8953,2026,1333,mean_degree,0,9,298300,11.275948369555566,7600
33,laws,sparse_uniform,2000,8953,2026,1333,mean_degree,1,0,262100,11.275948369555566,7600
33,laws,sparse_uniform,2000,8953,2026,1333,selected_grid,1,1,207600,100.95356575263098,19118700
33,laws,sparse_uniform,2000,8953,2026,1333,std_binary,1,2,347200,0,0
33,laws,sparse_uniform,2000,8953,2026,1333,binary,1,3,365600,0,0
33,laws,sparse_uniform,2000,8953,2026,1333,degree4,1,4,418700,0,118400
33,laws,sparse_uniform,2000,8953,2026,1333,mean_map,1,5,217000,50.47678287631549,7600
33,laws,sparse_uniform,2000,8953,2026,1333,caliber,1,6,316800,0,27500
33,laws,sparse_uniform,2000,8953,2026,1333,max_maxdegree,1,7,271900,12.497609571688047,24200
33,laws,sparse_uniform,2000,8953,2026,1333,mean_ring,1,8,204700,50.47678287631549,7600
33,laws,sparse_uniform,2000,8953,2026,1333,fourary,1,9,380100,0,0
33,laws,sparse_uniform,2000,8953,2026,1333,degree4,2,0,563400,0,118400
33,laws,sparse_uniform,2000,8953,2026,1333,mean_ring,2,1,209200,50.47678287631549,7600
33,laws,sparse_uniform,2000,8953,2026,1333,caliber,2,2,321400,0,27500
33,laws,sparse_uniform,2000,8953,2026,1333,std_binary,2,3,355700,0,0
33,laws,sparse_uniform,2000,8953,2026,1333,max_maxdegree,2,4,367300,12.497609571688047,24200
33,laws,sparse_uniform,2000,8953,2026,1333,selected_grid,2,5,208600,100.95356575263098,19118700
33,laws,sparse_uniform,2000,8953,2026,1333,mean_map,2,6,216800,50.47678287631549,7600
33,laws,sparse_uniform,2000,8953,2026,1333,mean_degree,2,7,257100,11.275948369555566,7600
33,laws,sparse_uniform,2000,8953,2026,1333,fourary,2,8,364800,0,0
33,laws,sparse_uniform,2000,8953,2026,1333,binary,2,9,363900,0,0
33,laws,sparse_uniform,2000,8953,2026,1333,binary,3,0,377000,0,0
33,laws,sparse_uniform,2000,8953,2026,1333,fourary,3,1,351900,0,0
33,laws,sparse_uniform,2000,8953,2026,1333,mean_degree,3,2,254200,11.275948369555566,7600
33,laws,sparse_uniform,2000,8953,2026,1333,mean_map,3,3,230700,50.47678287631549,7600
33,laws,sparse_uniform,2000,8953,2026,1333,selected_grid,3,4,204300,100.95356575263098,19118700
33,laws,sparse_uniform,2000,8953,2026,1333,max_maxdegree,3,5,254800,12.497609571688047,24200
33,laws,sparse_uniform,2000,8953,2026,1333,std_binary,3,6,358600,0,0
33,laws,sparse_uniform,2000,8953,2026,1333,caliber,3,7,323300,0,27500
33,laws,sparse_uniform,2000,8953,2026,1333,mean_ring,3,8,201700,50.47678287631549,7600
33,laws,sparse_uniform,2000,8953,2026,1333,degree4,3,9,439500,0,118400
33,laws,sparse_uniform,2000,8953,2026,1333,fourary,4,0,381600,0,0
33,laws,sparse_uniform,2000,8953,2026,1333,max_maxdegree,4,1,269000,12.497609571688047,24200
33,laws,sparse_uniform,2000,8953,2026,1333,mean_degree,4,2,306700,11.275948369555566,7600
33,laws,sparse_uniform,2000,8953,2026,1333,mean_ring,4,3,262800,50.47678287631549,7600
33,laws,sparse_uniform,2000,8953,2026,1333,binary,4,4,413500,0,0
33,laws,sparse_uniform,2000,8953,2026,1333,degree4,4,5,432100,0,118400
33,laws,sparse_uniform,2000,8953,2026,1333,mean_map,4,6,236700,50.47678287631549,7600
33,laws,sparse_uniform,2000,8953,2026,1333,std_binary,4,7,362700,0,0
33,laws,sparse_uniform,2000,8953,2026,1333,caliber,4,8,324700,0,27500
33,laws,sparse_uniform,2000,8953,2026,1333,selected_grid,4,9,199900,100.95356575263098,19118700
33,laws,sparse_uniform,2000,8953,2026,1333,selected_grid,5,0,197400,100.95356575263098,19118700
33,laws,sparse_uniform,2000,8953,2026,1333,caliber,5,1,311700,0,27500
33,laws,sparse_uniform,2000,8953,2026,1333,std_binary,5,2,357200,0,0
33,laws,sparse_uniform,2000,8953,2026,1333,mean_map,5,3,215500,50.47678287631549,7600
33,laws,sparse_uniform,2000,8953,2026,1333,degree4,5,4,415100,0,118400
33,laws,sparse_uniform,2000,8953,2026,1333,binary,5,5,371400,0,0
33,laws,sparse_uniform,2000,8953,2026,1333,mean_ring,5,6,205000,50.47678287631549,7600
33,laws,sparse_uniform,2000,8953,2026,1333,mean_degree,5,7,269000,11.275948369555566,7600
33,laws,sparse_uniform,2000,8953,2026,1333,max_maxdegree,5,8,269500,12.497609571688047,24200
33,laws,sparse_uniform,2000,8953,2026,1333,fourary,5,9,371900,0,0
33,laws,sparse_uniform,2000,8953,2026,1333,selected_grid,6,0,201000,100.95356575263098,19118700
33,laws,sparse_uniform,2000,8953,2026,1333,mean_ring,6,1,201600,50.47678287631549,7600
33,laws,sparse_uniform,2000,8953,2026,1333,mean_degree,6,2,259700,11.275948369555566,7600
33,laws,sparse_uniform,2000,8953,2026,1333,degree4,6,3,421400,0,118400
33,laws,sparse_uniform,2000,8953,2026,1333,mean_map,6,4,217300,50.47678287631549,7600
33,laws,sparse_uniform,2000,8953,2026,1333,binary,6,5,383600,0,0
33,laws,sparse_uniform,2000,8953,2026,1333,max_maxdegree,6,6,257600,12.497609571688047,24200
33,laws,sparse_uniform,2000,8953,2026,1333,caliber,6,7,320600,0,27500
33,laws,sparse_uniform,2000,8953,2026,1333,fourary,6,8,346900,0,0
33,laws,sparse_uniform,2000,8953,2026,1333,std_binary,6,9,365400,0,0
33,laws,sparse_uniform,2000,8953,2026,1333,std_binary,7,0,351400,0,0
33,laws,sparse_uniform,2000,8953,2026,1333,fourary,7,1,354800,0,0
33,laws,sparse_uniform,2000,8953,2026,1333,caliber,7,2,314000,0,27500
33,laws,sparse_uniform,2000,8953,2026,1333,max_maxdegree,7,3,286000,12.497609571688047,24200
33,laws,sparse_uniform,2000,8953,2026,1333,binary,7,4,385000,0,0
33,laws,sparse_uniform,2000,8953,2026,1333,mean_map,7,5,223500,50.47678287631549,7600
33,laws,sparse_uniform,2000,8953,2026,1333,degree4,7,6,426200,0,118400
33,laws,sparse_uniform,2000,8953,2026,1333,mean_degree,7,7,257800,11.275948369555566,7600
33,laws,sparse_uniform,2000,8953,2026,1333,mean_ring,7,8,208900,50.47678287631549,7600
33,laws,sparse_uniform,2000,8953,2026,1333,selected_grid,7,9,207900,100.95356575263098,19118700
34,calibration,sparse_near,2000,8953,2026,0,grid_0.25,0,0,153900,12.500001611674467,8900
34,calibration,sparse_near,2000,8953,2026,0,grid_0.1,0,1,150200,5.000000644669787,8900
34,calibration,sparse_near,2000,8953,2026,0,grid_1.5,0,2,135700,75.00000967004681,8900
34,calibration,sparse_near,2000,8953,2026,0,grid_0.03125,0,3,148300,1.5625002014593083,8900
34,calibration,sparse_near,2000,8953,2026,0,grid_4,0,4,134000,200.00002578679147,8900
34,calibration,sparse_near,2000,8953,2026,0,grid_0.05,0,5,143700,2.5000003223348934,8900
34,calibration,sparse_near,2000,8953,2026,0,grid_2,0,6,141800,100.00001289339573,8900
34,calibration,sparse_near,2000,8953,2026,0,grid_8,0,7,131600,400.00005157358294,8900
34,calibration,sparse_near,2000,8953,2026,0,grid_1,0,8,192100,50.00000644669787,8900
34,calibration,sparse_near,2000,8953,2026,0,grid_16,0,9,127900,800.0001031471659,8900
34,calibration,sparse_near,2000,8953,2026,0,grid_0.75,0,10,148900,37.500004835023404,8900
34,calibration,sparse_near,2000,8953,2026,0,grid_0.5,0,11,148200,25.000003223348934,8900
34,calibration,sparse_near,2000,8953,2026,0,grid_0.5,1,0,139000,25.000003223348934,8900
34,calibration,sparse_near,2000,8953,2026,0,grid_0.75,1,1,166200,37.500004835023404,8900
34,calibration,sparse_near,2000,8953,2026,0,grid_16,1,2,148000,800.0001031471659,8900
34,calibration,sparse_near,2000,8953,2026,0,grid_1,1,3,192900,50.00000644669787,8900
34,calibration,sparse_near,2000,8953,2026,0,grid_8,1,4,132700,400.00005157358294,8900
34,calibration,sparse_near,2000,8953,2026,0,grid_2,1,5,145500,100.00001289339573,8900
34,calibration,sparse_near,2000,8953,2026,0,grid_0.05,1,6,153900,2.5000003223348934,8900
34,calibration,sparse_near,2000,8953,2026,0,grid_4,1,7,130600,200.00002578679147,8900
34,calibration,sparse_near,2000,8953,2026,0,grid_0.03125,1,8,149600,1.5625002014593083,8900
34,calibration,sparse_near,2000,8953,2026,0,grid_1.5,1,9,143300,75.00000967004681,8900
34,calibration,sparse_near,2000,8953,2026,0,grid_0.1,1,10,145500,5.000000644669787,8900
34,calibration,sparse_near,2000,8953,2026,0,grid_0.25,1,11,140900,12.500001611674467,8900
34,calibration,sparse_near,2000,8953,2026,0,grid_0.05,2,0,142900,2.5000003223348934,8900
34,calibration,sparse_near,2000,8953,2026,0,grid_0.5,2,1,134800,25.000003223348934,8900
34,calibration,sparse_near,2000,8953,2026,0,grid_0.25,2,2,134000,12.500001611674467,8900
34,calibration,sparse_near,2000,8953,2026,0,grid_8,2,3,126400,400.00005157358294,8900
34,calibration,sparse_near,2000,8953,2026,0,grid_0.1,2,4,133200,5.000000644669787,8900
34,calibration,sparse_near,2000,8953,2026,0,grid_4,2,5,127100,200.00002578679147,8900
34,calibration,sparse_near,2000,8953,2026,0,grid_2,2,6,139700,100.00001289339573,8900
34,calibration,sparse_near,2000,8953,2026,0,grid_0.03125,2,7,145600,1.5625002014593083,8900
34,calibration,sparse_near,2000,8953,2026,0,grid_0.75,2,8,150000,37.500004835023404,8900
34,calibration,sparse_near,2000,8953,2026,0,grid_1.5,2,9,144700,75.00000967004681,8900
34,calibration,sparse_near,2000,8953,2026,0,grid_1,2,10,204700,50.00000644669787,8900
34,calibration,sparse_near,2000,8953,2026,0,grid_16,2,11,135400,800.0001031471659,8900
34,calibration,sparse_near,2000,8953,2026,0,grid_16,3,0,447400,800.0001031471659,8900
34,calibration,sparse_near,2000,8953,2026,0,grid_1,3,1,242500,50.00000644669787,8900
34,calibration,sparse_near,2000,8953,2026,0,grid_1.5,3,2,182500,75.00000967004681,8900
34,calibration,sparse_near,2000,8953,2026,0,grid_0.75,3,3,191800,37.500004835023404,8900
34,calibration,sparse_near,2000,8953,2026,0,grid_0.03125,3,4,176400,1.5625002014593083,8900
34,calibration,sparse_near,2000,8953,2026,0,grid_2,3,5,189000,100.00001289339573,8900
34,calibration,sparse_near,2000,8953,2026,0,grid_4,3,6,134700,200.00002578679147,8900
34,calibration,sparse_near,2000,8953,2026,0,grid_0.1,3,7,151900,5.000000644669787,8900
34,calibration,sparse_near,2000,8953,2026,0,grid_8,3,8,144600,400.00005157358294,8900
34,calibration,sparse_near,2000,8953,2026,0,grid_0.25,3,9,253400,12.500001611674467,8900
34,calibration,sparse_near,2000,8953,2026,0,grid_0.5,3,10,154300,25.000003223348934,8900
34,calibration,sparse_near,2000,8953,2026,0,grid_0.05,3,11,143300,2.5000003223348934,8900
34,calibration,sparse_near,2000,8953,2026,0,grid_8,4,0,140200,400.00005157358294,8900
34,calibration,sparse_near,2000,8953,2026,0,grid_0.5,4,1,136100,25.000003223348934,8900
34,calibration,sparse_near,2000,8953,2026,0,grid_1,4,2,192800,50.00000644669787,8900
34,calibration,sparse_near,2000,8953,2026,0,grid_0.05,4,3,135200,2.5000003223348934,8900
34,calibration,sparse_near,2000,8953,2026,0,grid_16,4,4,136600,800.0001031471659,8900
34,calibration,sparse_near,2000,8953,2026,0,grid_0.03125,4,5,132800,1.5625002014593083,8900
34,calibration,sparse_near,2000,8953,2026,0,grid_1.5,4,6,146900,75.00000967004681,8900
34,calibration,sparse_near,2000,8953,2026,0,grid_0.25,4,7,131600,12.500001611674467,8900
34,calibration,sparse_near,2000,8953,2026,0,grid_4,4,8,134000,200.00002578679147,8900
34,calibration,sparse_near,2000,8953,2026,0,grid_2,4,9,156800,100.00001289339573,8900
34,calibration,sparse_near,2000,8953,2026,0,grid_0.75,4,10,150900,37.500004835023404,8900
34,calibration,sparse_near,2000,8953,2026,0,grid_0.1,4,11,149300,5.000000644669787,8900
34,calibration,sparse_near,2000,8953,2026,0,grid_0.1,5,0,144500,5.000000644669787,8900
34,calibration,sparse_near,2000,8953,2026,0,grid_0.75,5,1,144800,37.500004835023404,8900
34,calibration,sparse_near,2000,8953,2026,0,grid_2,5,2,142300,100.00001289339573,8900
34,calibration,sparse_near,2000,8953,2026,0,grid_4,5,3,135600,200.00002578679147,8900
34,calibration,sparse_near,2000,8953,2026,0,grid_0.25,5,4,139000,12.500001611674467,8900
34,calibration,sparse_near,2000,8953,2026,0,grid_1.5,5,5,142700,75.00000967004681,8900
34,calibration,sparse_near,2000,8953,2026,0,grid_0.03125,5,6,136200,1.5625002014593083,8900
34,calibration,sparse_near,2000,8953,2026,0,grid_16,5,7,133500,800.0001031471659,8900
34,calibration,sparse_near,2000,8953,2026,0,grid_0.05,5,8,201000,2.5000003223348934,8900
34,calibration,sparse_near,2000,8953,2026,0,grid_1,5,9,204900,50.00000644669787,8900
34,calibration,sparse_near,2000,8953,2026,0,grid_0.5,5,10,155700,25.000003223348934,8900
34,calibration,sparse_near,2000,8953,2026,0,grid_8,5,11,144800,400.00005157358294,8900
34,laws,sparse_near,2000,8953,2026,667,mean_ring,0,0,191800,50.00000644669787,8900
34,laws,sparse_near,2000,8953,2026,667,fourary,0,1,271800,0,0
34,laws,sparse_near,2000,8953,2026,667,selected_grid,0,2,147100,200.00002578679147,11317800
34,laws,sparse_near,2000,8953,2026,667,mean_map,0,3,192100,50.00000644669787,8900
34,laws,sparse_near,2000,8953,2026,667,caliber,0,4,273100,0,26500
34,laws,sparse_near,2000,8953,2026,667,binary,0,5,266700,0,0
34,laws,sparse_near,2000,8953,2026,667,degree4,0,6,329900,0,110200
34,laws,sparse_near,2000,8953,2026,667,mean_degree,0,7,160300,11.169441851155561,8900
34,laws,sparse_near,2000,8953,2026,667,max_maxdegree,0,8,149800,6.2512497334979304,22900
34,laws,sparse_near,2000,8953,2026,667,std_binary,0,9,263500,0,0
34,laws,sparse_near,2000,8953,2026,667,std_binary,1,0,251100,0,0
34,laws,sparse_near,2000,8953,2026,667,max_maxdegree,1,1,154100,6.2512497334979304,22900
34,laws,sparse_near,2000,8953,2026,667,mean_degree,1,2,140300,11.169441851155561,8900
34,laws,sparse_near,2000,8953,2026,667,degree4,1,3,306500,0,110200
34,laws,sparse_near,2000,8953,2026,667,binary,1,4,262500,0,0
34,laws,sparse_near,2000,8953,2026,667,caliber,1,5,276800,0,26500
34,laws,sparse_near,2000,8953,2026,667,mean_map,1,6,196300,50.00000644669787,8900
34,laws,sparse_near,2000,8953,2026,667,selected_grid,1,7,143100,200.00002578679147,11317800
34,laws,sparse_near,2000,8953,2026,667,fourary,1,8,272200,0,0
34,laws,sparse_near,2000,8953,2026,667,mean_ring,1,9,186000,50.00000644669787,8900
34,laws,sparse_near,2000,8953,2026,667,binary,2,0,263200,0,0
34,laws,sparse_near,2000,8953,2026,667,selected_grid,2,1,140600,200.00002578679147,11317800
34,laws,sparse_near,2000,8953,2026,667,fourary,2,2,262900,0,0
34,laws,sparse_near,2000,8953,2026,667,mean_degree,2,3,155200,11.169441851155561,8900
34,laws,sparse_near,2000,8953,2026,667,mean_map,2,4,189400,50.00000644669787,8900
34,laws,sparse_near,2000,8953,2026,667,caliber,2,5,295200,0,26500
34,laws,sparse_near,2000,8953,2026,667,std_binary,2,6,255700,0,0
34,laws,sparse_near,2000,8953,2026,667,mean_ring,2,7,190500,50.00000644669787,8900
34,laws,sparse_near,2000,8953,2026,667,max_maxdegree,2,8,153200,6.2512497334979304,22900
34,laws,sparse_near,2000,8953,2026,667,degree4,2,9,310400,0,110200
34,laws,sparse_near,2000,8953,2026,667,degree4,3,0,293500,0,110200
34,laws,sparse_near,2000,8953,2026,667,max_maxdegree,3,1,148400,6.2512497334979304,22900
34,laws,sparse_near,2000,8953,2026,667,mean_ring,3,2,178400,50.00000644669787,8900
34,laws,sparse_near,2000,8953,2026,667,std_binary,3,3,252700,0,0
34,laws,sparse_near,2000,8953,2026,667,caliber,3,4,271900,0,26500
34,laws,sparse_near,2000,8953,2026,667,mean_map,3,5,197900,50.00000644669787,8900
34,laws,sparse_near,2000,8953,2026,667,mean_degree,3,6,152500,11.169441851155561,8900
34,laws,sparse_near,2000,8953,2026,667,fourary,3,7,265400,0,0
34,laws,sparse_near,2000,8953,2026,667,selected_grid,3,8,145700,200.00002578679147,11317800
34,laws,sparse_near,2000,8953,2026,667,binary,3,9,264600,0,0
34,laws,sparse_near,2000,8953,2026,667,max_maxdegree,4,0,149200,6.2512497334979304,22900
34,laws,sparse_near,2000,8953,2026,667,std_binary,4,1,260400,0,0
34,laws,sparse_near,2000,8953,2026,667,caliber,4,2,271200,0,26500
34,laws,sparse_near,2000,8953,2026,667,binary,4,3,259900,0,0
34,laws,sparse_near,2000,8953,2026,667,mean_ring,4,4,188600,50.00000644669787,8900
34,laws,sparse_near,2000,8953,2026,667,mean_degree,4,5,147700,11.169441851155561,8900
34,laws,sparse_near,2000,8953,2026,667,degree4,4,6,303700,0,110200
34,laws,sparse_near,2000,8953,2026,667,mean_map,4,7,189200,50.00000644669787,8900
34,laws,sparse_near,2000,8953,2026,667,selected_grid,4,8,142300,200.00002578679147,11317800
34,laws,sparse_near,2000,8953,2026,667,fourary,4,9,366800,0,0
34,laws,sparse_near,2000,8953,2026,667,fourary,5,0,271700,0,0
34,laws,sparse_near,2000,8953,2026,667,selected_grid,5,1,144200,200.00002578679147,11317800
34,laws,sparse_near,2000,8953,2026,667,mean_map,5,2,191000,50.00000644669787,8900
34,laws,sparse_near,2000,8953,2026,667,degree4,5,3,305000,0,110200
34,laws,sparse_near,2000,8953,2026,667,mean_degree,5,4,162100,11.169441851155561,8900
34,laws,sparse_near,2000,8953,2026,667,mean_ring,5,5,182700,50.00000644669787,8900
34,laws,sparse_near,2000,8953,2026,667,binary,5,6,265900,0,0
34,laws,sparse_near,2000,8953,2026,667,caliber,5,7,421900,0,26500
34,laws,sparse_near,2000,8953,2026,667,std_binary,5,8,270900,0,0
34,laws,sparse_near,2000,8953,2026,667,max_maxdegree,5,9,149000,6.2512497334979304,22900
34,laws,sparse_near,2000,8953,2026,667,mean_ring,6,0,184800,50.00000644669787,8900
34,laws,sparse_near,2000,8953,2026,667,caliber,6,1,270500,0,26500
34,laws,sparse_near,2000,8953,2026,667,binary,6,2,270000,0,0
34,laws,sparse_near,2000,8953,2026,667,max_maxdegree,6,3,142100,6.2512497334979304,22900
34,laws,sparse_near,2000,8953,2026,667,mean_map,6,4,203000,50.00000644669787,8900
34,laws,sparse_near,2000,8953,2026,667,selected_grid,6,5,158700,200.00002578679147,11317800
34,laws,sparse_near,2000,8953,2026,667,fourary,6,6,277800,0,0
34,laws,sparse_near,2000,8953,2026,667,std_binary,6,7,261000,0,0
34,laws,sparse_near,2000,8953,2026,667,degree4,6,8,300300,0,110200
34,laws,sparse_near,2000,8953,2026,667,mean_degree,6,9,149100,11.169441851155561,8900
34,laws,sparse_near,2000,8953,2026,667,mean_degree,7,0,142700,11.169441851155561,8900
34,laws,sparse_near,2000,8953,2026,667,degree4,7,1,297500,0,110200
34,laws,sparse_near,2000,8953,2026,667,std_binary,7,2,252000,0,0
34,laws,sparse_near,2000,8953,2026,667,fourary,7,3,269500,0,0
34,laws,sparse_near,2000,8953,2026,667,selected_grid,7,4,146300,200.00002578679147,11317800
34,laws,sparse_near,2000,8953,2026,667,mean_map,7,5,197000,50.00000644669787,8900
34,laws,sparse_near,2000,8953,2026,667,max_maxdegree,7,6,160100,6.2512497334979304,22900
34,laws,sparse_near,2000,8953,2026,667,binary,7,7,282800,0,0
34,laws,sparse_near,2000,8953,2026,667,caliber,7,8,274600,0,26500
34,laws,sparse_near,2000,8953,2026,667,mean_ring,7,9,189200,50.00000644669787,8900
34,laws,sparse_near,2000,8953,2026,1333,fourary,0,0,256800,0,0
34,laws,sparse_near,2000,8953,2026,1333,mean_ring,0,1,194100,50.00000644669787,8900
34,laws,sparse_near,2000,8953,2026,1333,max_maxdegree,0,2,145600,6.2512497334979304,22900
34,laws,sparse_near,2000,8953,2026,1333,caliber,0,3,269500,0,26500
34,laws,sparse_near,2000,8953,2026,1333,mean_map,0,4,191000,50.00000644669787,8900
34,laws,sparse_near,2000,8953,2026,1333,degree4,0,5,299700,0,110200
34,laws,sparse_near,2000,8953,2026,1333,binary,0,6,268600,0,0
34,laws,sparse_near,2000,8953,2026,1333,std_binary,0,7,253900,0,0
34,laws,sparse_near,2000,8953,2026,1333,selected_grid,0,8,142800,200.00002578679147,11317800
34,laws,sparse_near,2000,8953,2026,1333,mean_degree,0,9,144100,11.169441851155561,8900
34,laws,sparse_near,2000,8953,2026,1333,mean_degree,1,0,137200,11.169441851155561,8900
34,laws,sparse_near,2000,8953,2026,1333,selected_grid,1,1,136400,200.00002578679147,11317800
34,laws,sparse_near,2000,8953,2026,1333,std_binary,1,2,246700,0,0
34,laws,sparse_near,2000,8953,2026,1333,binary,1,3,257200,0,0
34,laws,sparse_near,2000,8953,2026,1333,degree4,1,4,295000,0,110200
34,laws,sparse_near,2000,8953,2026,1333,mean_map,1,5,191600,50.00000644669787,8900
34,laws,sparse_near,2000,8953,2026,1333,caliber,1,6,272400,0,26500
34,laws,sparse_near,2000,8953,2026,1333,max_maxdegree,1,7,160900,6.2512497334979304,22900
34,laws,sparse_near,2000,8953,2026,1333,mean_ring,1,8,185200,50.00000644669787,8900
34,laws,sparse_near,2000,8953,2026,1333,fourary,1,9,278400,0,0
34,laws,sparse_near,2000,8953,2026,1333,degree4,2,0,291200,0,110200
34,laws,sparse_near,2000,8953,2026,1333,mean_ring,2,1,187700,50.00000644669787,8900
34,laws,sparse_near,2000,8953,2026,1333,caliber,2,2,310400,0,26500
34,laws,sparse_near,2000,8953,2026,1333,std_binary,2,3,250800,0,0
34,laws,sparse_near,2000,8953,2026,1333,max_maxdegree,2,4,152500,6.2512497334979304,22900
34,laws,sparse_near,2000,8953,2026,1333,selected_grid,2,5,136600,200.00002578679147,11317800
34,laws,sparse_near,2000,8953,2026,1333,mean_map,2,6,208700,50.00000644669787,8900
34,laws,sparse_near,2000,8953,2026,1333,mean_degree,2,7,145600,11.169441851155561,8900
34,laws,sparse_near,2000,8953,2026,1333,fourary,2,8,260000,0,0
34,laws,sparse_near,2000,8953,2026,1333,binary,2,9,260600,0,0
34,laws,sparse_near,2000,8953,2026,1333,binary,3,0,294200,0,0
34,laws,sparse_near,2000,8953,2026,1333,fourary,3,1,263200,0,0
34,laws,sparse_near,2000,8953,2026,1333,mean_degree,3,2,145800,11.169441851155561,8900
34,laws,sparse_near,2000,8953,2026,1333,mean_map,3,3,192200,50.00000644669787,8900
34,laws,sparse_near,2000,8953,2026,1333,selected_grid,3,4,138500,200.00002578679147,11317800
34,laws,sparse_near,2000,8953,2026,1333,max_maxdegree,3,5,140400,6.2512497334979304,22900
34,laws,sparse_near,2000,8953,2026,1333,std_binary,3,6,260500,0,0
34,laws,sparse_near,2000,8953,2026,1333,caliber,3,7,268700,0,26500
34,laws,sparse_near,2000,8953,2026,1333,mean_ring,3,8,194700,50.00000644669787,8900
34,laws,sparse_near,2000,8953,2026,1333,degree4,3,9,298200,0,110200
34,laws,sparse_near,2000,8953,2026,1333,fourary,4,0,262500,0,0
34,laws,sparse_near,2000,8953,2026,1333,max_maxdegree,4,1,145300,6.2512497334979304,22900
34,laws,sparse_near,2000,8953,2026,1333,mean_degree,4,2,139700,11.169441851155561,8900
34,laws,sparse_near,2000,8953,2026,1333,mean_ring,4,3,190900,50.00000644669787,8900
34,laws,sparse_near,2000,8953,2026,1333,binary,4,4,258800,0,0
34,laws,sparse_near,2000,8953,2026,1333,degree4,4,5,335300,0,110200
34,laws,sparse_near,2000,8953,2026,1333,mean_map,4,6,198300,50.00000644669787,8900
34,laws,sparse_near,2000,8953,2026,1333,std_binary,4,7,253400,0,0
34,laws,sparse_near,2000,8953,2026,1333,caliber,4,8,274100,0,26500
34,laws,sparse_near,2000,8953,2026,1333,selected_grid,4,9,151000,200.00002578679147,11317800
34,laws,sparse_near,2000,8953,2026,1333,selected_grid,5,0,137000,200.00002578679147,11317800
34,laws,sparse_near,2000,8953,2026,1333,caliber,5,1,264300,0,26500
34,laws,sparse_near,2000,8953,2026,1333,std_binary,5,2,255600,0,0
34,laws,sparse_near,2000,8953,2026,1333,mean_map,5,3,196800,50.00000644669787,8900
34,laws,sparse_near,2000,8953,2026,1333,degree4,5,4,299400,0,110200
34,laws,sparse_near,2000,8953,2026,1333,binary,5,5,259900,0,0
34,laws,sparse_near,2000,8953,2026,1333,mean_ring,5,6,185700,50.00000644669787,8900
34,laws,sparse_near,2000,8953,2026,1333,mean_degree,5,7,214700,11.169441851155561,8900
34,laws,sparse_near,2000,8953,2026,1333,max_maxdegree,5,8,148000,6.2512497334979304,22900
34,laws,sparse_near,2000,8953,2026,1333,fourary,5,9,258000,0,0
34,laws,sparse_near,2000,8953,2026,1333,selected_grid,6,0,140400,200.00002578679147,11317800
34,laws,sparse_near,2000,8953,2026,1333,mean_ring,6,1,186500,50.00000644669787,8900
34,laws,sparse_near,2000,8953,2026,1333,mean_degree,6,2,162700,11.169441851155561,8900
34,laws,sparse_near,2000,8953,2026,1333,degree4,6,3,299300,0,110200
34,laws,sparse_near,2000,8953,2026,1333,mean_map,6,4,197000,50.00000644669787,8900
34,laws,sparse_near,2000,8953,2026,1333,binary,6,5,263000,0,0
34,laws,sparse_near,2000,8953,2026,1333,max_maxdegree,6,6,143200,6.2512497334979304,22900
34,laws,sparse_near,2000,8953,2026,1333,caliber,6,7,288400,0,26500
34,laws,sparse_near,2000,8953,2026,1333,fourary,6,8,247600,0,0
34,laws,sparse_near,2000,8953,2026,1333,std_binary,6,9,254100,0,0
34,laws,sparse_near,2000,8953,2026,1333,std_binary,7,0,266500,0,0
34,laws,sparse_near,2000,8953,2026,1333,fourary,7,1,255000,0,0
34,laws,sparse_near,2000,8953,2026,1333,caliber,7,2,265500,0,26500
34,laws,sparse_near,2000,8953,2026,1333,max_maxdegree,7,3,143300,6.2512497334979304,22900
34,laws,sparse_near,2000,8953,2026,1333,binary,7,4,261600,0,0
34,laws,sparse_near,2000,8953,2026,1333,mean_map,7,5,209200,50.00000644669787,8900
34,laws,sparse_near,2000,8953,2026,1333,degree4,7,6,296800,0,110200
34,laws,sparse_near,2000,8953,2026,1333,mean_degree,7,7,145100,11.169441851155561,8900
34,laws,sparse_near,2000,8953,2026,1333,mean_ring,7,8,182200,50.00000644669787,8900
34,laws,sparse_near,2000,8953,2026,1333,selected_grid,7,9,142900,200.00002578679147,11317800
35,calibration,sparse_skew,2000,8953,2026,0,grid_0.25,0,0,235500,3.0691223638069616,7200
35,calibration,sparse_skew,2000,8953,2026,0,grid_0.1,0,1,277100,1.2276489455227848,7200
35,calibration,sparse_skew,2000,8953,2026,0,grid_1.5,0,2,224700,18.41473418284177,7200
35,calibration,sparse_skew,2000,8953,2026,0,grid_0.03125,0,3,321600,0.3836402954758702,7200
35,calibration,sparse_skew,2000,8953,2026,0,grid_4,0,4,294200,49.105957820911385,7200
35,calibration,sparse_skew,2000,8953,2026,0,grid_0.05,0,5,290100,0.6138244727613924,7200
35,calibration,sparse_skew,2000,8953,2026,0,grid_2,0,6,242700,24.552978910455693,7200
35,calibration,sparse_skew,2000,8953,2026,0,grid_8,0,7,281400,98.21191564182277,7200
35,calibration,sparse_skew,2000,8953,2026,0,grid_1,0,8,207300,12.276489455227846,7200
35,calibration,sparse_skew,2000,8953,2026,0,grid_16,0,9,275500,196.42383128364554,7200
35,calibration,sparse_skew,2000,8953,2026,0,grid_0.75,0,10,208500,9.207367091420885,7200
35,calibration,sparse_skew,2000,8953,2026,0,grid_0.5,0,11,222900,6.138244727613923,7200
35,calibration,sparse_skew,2000,8953,2026,0,grid_0.5,1,0,234200,6.138244727613923,7200
35,calibration,sparse_skew,2000,8953,2026,0,grid_0.75,1,1,208200,9.207367091420885,7200
35,calibration,sparse_skew,2000,8953,2026,0,grid_16,1,2,270500,196.42383128364554,7200
35,calibration,sparse_skew,2000,8953,2026,0,grid_1,1,3,201900,12.276489455227846,7200
35,calibration,sparse_skew,2000,8953,2026,0,grid_8,1,4,272600,98.21191564182277,7200
35,calibration,sparse_skew,2000,8953,2026,0,grid_2,1,5,234400,24.552978910455693,7200
35,calibration,sparse_skew,2000,8953,2026,0,grid_0.05,1,6,288600,0.6138244727613924,7200
35,calibration,sparse_skew,2000,8953,2026,0,grid_4,1,7,262800,49.105957820911385,7200
35,calibration,sparse_skew,2000,8953,2026,0,grid_0.03125,1,8,315300,0.3836402954758702,7200
35,calibration,sparse_skew,2000,8953,2026,0,grid_1.5,1,9,238500,18.41473418284177,7200
35,calibration,sparse_skew,2000,8953,2026,0,grid_0.1,1,10,282000,1.2276489455227848,7200
35,calibration,sparse_skew,2000,8953,2026,0,grid_0.25,1,11,256500,3.0691223638069616,7200
35,calibration,sparse_skew,2000,8953,2026,0,grid_0.05,2,0,276500,0.6138244727613924,7200
35,calibration,sparse_skew,2000,8953,2026,0,grid_0.5,2,1,322300,6.138244727613923,7200
35,calibration,sparse_skew,2000,8953,2026,0,grid_0.25,2,2,414600,3.0691223638069616,7200
35,calibration,sparse_skew,2000,8953,2026,0,grid_8,2,3,370500,98.21191564182277,7200
35,calibration,sparse_skew,2000,8953,2026,0,grid_0.1,2,4,340300,1.2276489455227848,7200
35,calibration,sparse_skew,2000,8953,2026,0,grid_4,2,5,262400,49.105957820911385,7200
35,calibration,sparse_skew,2000,8953,2026,0,grid_2,2,6,278000,24.552978910455693,7200
35,calibration,sparse_skew,2000,8953,2026,0,grid_0.03125,2,7,397500,0.3836402954758702,7200
35,calibration,sparse_skew,2000,8953,2026,0,grid_0.75,2,8,216700,9.207367091420885,7200
35,calibration,sparse_skew,2000,8953,2026,0,grid_1.5,2,9,220300,18.41473418284177,7200
35,calibration,sparse_skew,2000,8953,2026,0,grid_1,2,10,204900,12.276489455227846,7200
35,calibration,sparse_skew,2000,8953,2026,0,grid_16,2,11,278000,196.42383128364554,7200
35,calibration,sparse_skew,2000,8953,2026,0,grid_16,3,0,268400,196.42383128364554,7200
35,calibration,sparse_skew,2000,8953,2026,0,grid_1,3,1,206800,12.276489455227846,7200
35,calibration,sparse_skew,2000,8953,2026,0,grid_1.5,3,2,225600,18.41473418284177,7200
35,calibration,sparse_skew,2000,8953,2026,0,grid_0.75,3,3,204800,9.207367091420885,7200
35,calibration,sparse_skew,2000,8953,2026,0,grid_0.03125,3,4,326000,0.3836402954758702,7200
35,calibration,sparse_skew,2000,8953,2026,0,grid_2,3,5,243800,24.552978910455693,7200
35,calibration,sparse_skew,2000,8953,2026,0,grid_4,3,6,261100,49.105957820911385,7200
35,calibration,sparse_skew,2000,8953,2026,0,grid_0.1,3,7,288900,1.2276489455227848,7200
35,calibration,sparse_skew,2000,8953,2026,0,grid_8,3,8,264700,98.21191564182277,7200
35,calibration,sparse_skew,2000,8953,2026,0,grid_0.25,3,9,251000,3.0691223638069616,7200
35,calibration,sparse_skew,2000,8953,2026,0,grid_0.5,3,10,239100,6.138244727613923,7200
35,calibration,sparse_skew,2000,8953,2026,0,grid_0.05,3,11,288600,0.6138244727613924,7200
35,calibration,sparse_skew,2000,8953,2026,0,grid_8,4,0,261800,98.21191564182277,7200
35,calibration,sparse_skew,2000,8953,2026,0,grid_0.5,4,1,229300,6.138244727613923,7200
35,calibration,sparse_skew,2000,8953,2026,0,grid_1,4,2,215000,12.276489455227846,7200
35,calibration,sparse_skew,2000,8953,2026,0,grid_0.05,4,3,288000,0.6138244727613924,7200
35,calibration,sparse_skew,2000,8953,2026,0,grid_16,4,4,280200,196.42383128364554,7200
35,calibration,sparse_skew,2000,8953,2026,0,grid_0.03125,4,5,308700,0.3836402954758702,7200
35,calibration,sparse_skew,2000,8953,2026,0,grid_1.5,4,6,233200,18.41473418284177,7200
35,calibration,sparse_skew,2000,8953,2026,0,grid_0.25,4,7,272300,3.0691223638069616,7200
35,calibration,sparse_skew,2000,8953,2026,0,grid_4,4,8,460200,49.105957820911385,7200
35,calibration,sparse_skew,2000,8953,2026,0,grid_2,4,9,240900,24.552978910455693,7200
35,calibration,sparse_skew,2000,8953,2026,0,grid_0.75,4,10,211600,9.207367091420885,7200
35,calibration,sparse_skew,2000,8953,2026,0,grid_0.1,4,11,285300,1.2276489455227848,7200
35,calibration,sparse_skew,2000,8953,2026,0,grid_0.1,5,0,274000,1.2276489455227848,7200
35,calibration,sparse_skew,2000,8953,2026,0,grid_0.75,5,1,206300,9.207367091420885,7200
35,calibration,sparse_skew,2000,8953,2026,0,grid_2,5,2,231200,24.552978910455693,7200
35,calibration,sparse_skew,2000,8953,2026,0,grid_4,5,3,347300,49.105957820911385,7200
35,calibration,sparse_skew,2000,8953,2026,0,grid_0.25,5,4,241100,3.0691223638069616,7200
35,calibration,sparse_skew,2000,8953,2026,0,grid_1.5,5,5,223500,18.41473418284177,7200
35,calibration,sparse_skew,2000,8953,2026,0,grid_0.03125,5,6,336700,0.3836402954758702,7200
35,calibration,sparse_skew,2000,8953,2026,0,grid_16,5,7,278500,196.42383128364554,7200
35,calibration,sparse_skew,2000,8953,2026,0,grid_0.05,5,8,298700,0.6138244727613924,7200
35,calibration,sparse_skew,2000,8953,2026,0,grid_1,5,9,317100,12.276489455227846,7200
35,calibration,sparse_skew,2000,8953,2026,0,grid_0.5,5,10,230500,6.138244727613923,7200
35,calibration,sparse_skew,2000,8953,2026,0,grid_8,5,11,271900,98.21191564182277,7200
35,laws,sparse_skew,2000,8953,2026,667,mean_ring,0,0,209000,12.276489455227846,7200
35,laws,sparse_skew,2000,8953,2026,667,fourary,0,1,377500,0,0
35,laws,sparse_skew,2000,8953,2026,667,selected_grid,0,2,224800,12.276489455227846,19427600
35,laws,sparse_skew,2000,8953,2026,667,mean_map,0,3,211600,12.276489455227846,7200
35,laws,sparse_skew,2000,8953,2026,667,caliber,0,4,336700,0,27600
35,laws,sparse_skew,2000,8953,2026,667,binary,0,5,365600,0,0
35,laws,sparse_skew,2000,8953,2026,667,degree4,0,6,432100,0,99500
35,laws,sparse_skew,2000,8953,2026,667,mean_degree,0,7,252700,2.7424303485374395,7200
35,laws,sparse_skew,2000,8953,2026,667,max_maxdegree,0,8,202800,12.48945045475232,23700
35,laws,sparse_skew,2000,8953,2026,667,std_binary,0,9,381600,0,0
35,laws,sparse_skew,2000,8953,2026,667,std_binary,1,0,355200,0,0
35,laws,sparse_skew,2000,8953,2026,667,max_maxdegree,1,1,202200,12.48945045475232,23700
35,laws,sparse_skew,2000,8953,2026,667,mean_degree,1,2,340900,2.7424303485374395,7200
35,laws,sparse_skew,2000,8953,2026,667,degree4,1,3,501800,0,99500
35,laws,sparse_skew,2000,8953,2026,667,binary,1,4,473200,0,0
35,laws,sparse_skew,2000,8953,2026,667,caliber,1,5,476900,0,27600
35,laws,sparse_skew,2000,8953,2026,667,mean_map,1,6,276600,12.276489455227846,7200
35,laws,sparse_skew,2000,8953,2026,667,selected_grid,1,7,221400,12.276489455227846,19427600
35,laws,sparse_skew,2000,8953,2026,667,fourary,1,8,365000,0,0
35,laws,sparse_skew,2000,8953,2026,667,mean_ring,1,9,189300,12.276489455227846,7200
35,laws,sparse_skew,2000,8953,2026,667,binary,2,0,366600,0,0
35,laws,sparse_skew,2000,8953,2026,667,selected_grid,2,1,195600,12.276489455227846,19427600
35,laws,sparse_skew,2000,8953,2026,667,fourary,2,2,369200,0,0
35,laws,sparse_skew,2000,8953,2026,667,mean_degree,2,3,244700,2.7424303485374395,7200
35,laws,sparse_skew,2000,8953,2026,667,mean_map,2,4,195200,12.276489455227846,7200
35,laws,sparse_skew,2000,8953,2026,667,caliber,2,5,348100,0,27600
35,laws,sparse_skew,2000,8953,2026,667,std_binary,2,6,355600,0,0
35,laws,sparse_skew,2000,8953,2026,667,mean_ring,2,7,192400,12.276489455227846,7200
35,laws,sparse_skew,2000,8953,2026,667,max_maxdegree,2,8,203300,12.48945045475232,23700
35,laws,sparse_skew,2000,8953,2026,667,degree4,2,9,431700,0,99500
35,laws,sparse_skew,2000,8953,2026,667,degree4,3,0,428100,0,99500
35,laws,sparse_skew,2000,8953,2026,667,max_maxdegree,3,1,231000,12.48945045475232,23700
35,laws,sparse_skew,2000,8953,2026,667,mean_ring,3,2,213300,12.276489455227846,7200
35,laws,sparse_skew,2000,8953,2026,667,std_binary,3,3,435200,0,0
35,laws,sparse_skew,2000,8953,2026,667,caliber,3,4,337300,0,27600
35,laws,sparse_skew,2000,8953,2026,667,mean_map,3,5,227600,12.276489455227846,7200
35,laws,sparse_skew,2000,8953,2026,667,mean_degree,3,6,241900,2.7424303485374395,7200
35,laws,sparse_skew,2000,8953,2026,667,fourary,3,7,366100,0,0
35,laws,sparse_skew,2000,8953,2026,667,selected_grid,3,8,204300,12.276489455227846,19427600
35,laws,sparse_skew,2000,8953,2026,667,binary,3,9,729100,0,0
35,laws,sparse_skew,2000,8953,2026,667,max_maxdegree,4,0,297100,12.48945045475232,23700
35,laws,sparse_skew,2000,8953,2026,667,std_binary,4,1,440500,0,0
35,laws,sparse_skew,2000,8953,2026,667,caliber,4,2,340100,0,27600
35,laws,sparse_skew,2000,8953,2026,667,binary,4,3,539600,0,0
35,laws,sparse_skew,2000,8953,2026,667,mean_ring,4,4,201600,12.276489455227846,7200
35,laws,sparse_skew,2000,8953,2026,667,mean_degree,4,5,243200,2.7424303485374395,7200
35,laws,sparse_skew,2000,8953,2026,667,degree4,4,6,433300,0,99500
35,laws,sparse_skew,2000,8953,2026,667,mean_map,4,7,203800,12.276489455227846,7200
35,laws,sparse_skew,2000,8953,2026,667,selected_grid,4,8,194500,12.276489455227846,19427600
35,laws,sparse_skew,2000,8953,2026,667,fourary,4,9,380500,0,0
35,laws,sparse_skew,2000,8953,2026,667,fourary,5,0,373600,0,0
35,laws,sparse_skew,2000,8953,2026,667,selected_grid,5,1,216300,12.276489455227846,19427600
35,laws,sparse_skew,2000,8953,2026,667,mean_map,5,2,201700,12.276489455227846,7200
35,laws,sparse_skew,2000,8953,2026,667,degree4,5,3,421400,0,99500
35,laws,sparse_skew,2000,8953,2026,667,mean_degree,5,4,234800,2.7424303485374395,7200
35,laws,sparse_skew,2000,8953,2026,667,mean_ring,5,5,195100,12.276489455227846,7200
35,laws,sparse_skew,2000,8953,2026,667,binary,5,6,380500,0,0
35,laws,sparse_skew,2000,8953,2026,667,caliber,5,7,345300,0,27600
35,laws,sparse_skew,2000,8953,2026,667,std_binary,5,8,362700,0,0
35,laws,sparse_skew,2000,8953,2026,667,max_maxdegree,5,9,210900,12.48945045475232,23700
35,laws,sparse_skew,2000,8953,2026,667,mean_ring,6,0,199900,12.276489455227846,7200
35,laws,sparse_skew,2000,8953,2026,667,caliber,6,1,341500,0,27600
35,laws,sparse_skew,2000,8953,2026,667,binary,6,2,376500,0,0
35,laws,sparse_skew,2000,8953,2026,667,max_maxdegree,6,3,204700,12.48945045475232,23700
35,laws,sparse_skew,2000,8953,2026,667,mean_map,6,4,197100,12.276489455227846,7200
35,laws,sparse_skew,2000,8953,2026,667,selected_grid,6,5,191200,12.276489455227846,19427600
35,laws,sparse_skew,2000,8953,2026,667,fourary,6,6,365900,0,0
35,laws,sparse_skew,2000,8953,2026,667,std_binary,6,7,365300,0,0
35,laws,sparse_skew,2000,8953,2026,667,degree4,6,8,418800,0,99500
35,laws,sparse_skew,2000,8953,2026,667,mean_degree,6,9,251300,2.7424303485374395,7200
35,laws,sparse_skew,2000,8953,2026,667,mean_degree,7,0,237500,2.7424303485374395,7200
35,laws,sparse_skew,2000,8953,2026,667,degree4,7,1,526700,0,99500
35,laws,sparse_skew,2000,8953,2026,667,std_binary,7,2,446500,0,0
35,laws,sparse_skew,2000,8953,2026,667,fourary,7,3,451600,0,0
35,laws,sparse_skew,2000,8953,2026,667,selected_grid,7,4,288700,12.276489455227846,19427600
35,laws,sparse_skew,2000,8953,2026,667,mean_map,7,5,271300,12.276489455227846,7200
35,laws,sparse_skew,2000,8953,2026,667,max_maxdegree,7,6,251300,12.48945045475232,23700
35,laws,sparse_skew,2000,8953,2026,667,binary,7,7,486500,0,0
35,laws,sparse_skew,2000,8953,2026,667,caliber,7,8,347200,0,27600
35,laws,sparse_skew,2000,8953,2026,667,mean_ring,7,9,195600,12.276489455227846,7200
35,laws,sparse_skew,2000,8953,2026,1333,fourary,0,0,402700,0,0
35,laws,sparse_skew,2000,8953,2026,1333,mean_ring,0,1,216100,12.276489455227846,7200
35,laws,sparse_skew,2000,8953,2026,1333,max_maxdegree,0,2,204400,12.48945045475232,23700
35,laws,sparse_skew,2000,8953,2026,1333,caliber,0,3,334200,0,27600
35,laws,sparse_skew,2000,8953,2026,1333,mean_map,0,4,199200,12.276489455227846,7200
35,laws,sparse_skew,2000,8953,2026,1333,degree4,0,5,431600,0,99500
35,laws,sparse_skew,2000,8953,2026,1333,binary,0,6,364800,0,0
35,laws,sparse_skew,2000,8953,2026,1333,std_binary,0,7,372500,0,0
35,laws,sparse_skew,2000,8953,2026,1333,selected_grid,0,8,197600,12.276489455227846,19427600
35,laws,sparse_skew,2000,8953,2026,1333,mean_degree,0,9,236700,2.7424303485374395,7200
35,laws,sparse_skew,2000,8953,2026,1333,mean_degree,1,0,224100,2.7424303485374395,7200
35,laws,sparse_skew,2000,8953,2026,1333,selected_grid,1,1,203600,12.276489455227846,19427600
35,laws,sparse_skew,2000,8953,2026,1333,std_binary,1,2,444400,0,0
35,laws,sparse_skew,2000,8953,2026,1333,binary,1,3,359300,0,0
35,laws,sparse_skew,2000,8953,2026,1333,degree4,1,4,436600,0,99500
35,laws,sparse_skew,2000,8953,2026,1333,mean_map,1,5,208100,12.276489455227846,7200
35,laws,sparse_skew,2000,8953,2026,1333,caliber,1,6,334100,0,27600
35,laws,sparse_skew,2000,8953,2026,1333,max_maxdegree,1,7,201700,12.48945045475232,23700
35,laws,sparse_skew,2000,8953,2026,1333,mean_ring,1,8,208600,12.276489455227846,7200
35,laws,sparse_skew,2000,8953,2026,1333,fourary,1,9,361400,0,0
35,laws,sparse_skew,2000,8953,2026,1333,degree4,2,0,405000,0,99500
35,laws,sparse_skew,2000,8953,2026,1333,mean_ring,2,1,219000,12.276489455227846,7200
35,laws,sparse_skew,2000,8953,2026,1333,caliber,2,2,361800,0,27600
35,laws,sparse_skew,2000,8953,2026,1333,std_binary,2,3,358300,0,0
35,laws,sparse_skew,2000,8953,2026,1333,max_maxdegree,2,4,212300,12.48945045475232,23700
35,laws,sparse_skew,2000,8953,2026,1333,selected_grid,2,5,203600,12.276489455227846,19427600
35,laws,sparse_skew,2000,8953,2026,1333,mean_map,2,6,195400,12.276489455227846,7200
35,laws,sparse_skew,2000,8953,2026,1333,mean_degree,2,7,260500,2.7424303485374395,7200
35,laws,sparse_skew,2000,8953,2026,1333,fourary,2,8,373900,0,0
35,laws,sparse_skew,2000,8953,2026,1333,binary,2,9,360500,0,0
35,laws,sparse_skew,2000,8953,2026,1333,binary,3,0,355300,0,0
35,laws,sparse_skew,2000,8953,2026,1333,fourary,3,1,360400,0,0
35,laws,sparse_skew,2000,8953,2026,1333,mean_degree,3,2,263800,2.7424303485374395,7200
35,laws,sparse_skew,2000,8953,2026,1333,mean_map,3,3,224300,12.276489455227846,7200
35,laws,sparse_skew,2000,8953,2026,1333,selected_grid,3,4,204200,12.276489455227846,19427600
35,laws,sparse_skew,2000,8953,2026,1333,max_maxdegree,3,5,209300,12.48945045475232,23700
35,laws,sparse_skew,2000,8953,2026,1333,std_binary,3,6,353900,0,0
35,laws,sparse_skew,2000,8953,2026,1333,caliber,3,7,357100,0,27600
35,laws,sparse_skew,2000,8953,2026,1333,mean_ring,3,8,219100,12.276489455227846,7200
35,laws,sparse_skew,2000,8953,2026,1333,degree4,3,9,416300,0,99500
35,laws,sparse_skew,2000,8953,2026,1333,fourary,4,0,381500,0,0
35,laws,sparse_skew,2000,8953,2026,1333,max_maxdegree,4,1,208300,12.48945045475232,23700
35,laws,sparse_skew,2000,8953,2026,1333,mean_degree,4,2,669700,2.7424303485374395,7200
35,laws,sparse_skew,2000,8953,2026,1333,mean_ring,4,3,242700,12.276489455227846,7200
35,laws,sparse_skew,2000,8953,2026,1333,binary,4,4,427100,0,0
35,laws,sparse_skew,2000,8953,2026,1333,degree4,4,5,498000,0,99500
35,laws,sparse_skew,2000,8953,2026,1333,mean_map,4,6,251200,12.276489455227846,7200
35,laws,sparse_skew,2000,8953,2026,1333,std_binary,4,7,406400,0,0
35,laws,sparse_skew,2000,8953,2026,1333,caliber,4,8,337400,0,27600
35,laws,sparse_skew,2000,8953,2026,1333,selected_grid,4,9,341700,12.276489455227846,19427600
35,laws,sparse_skew,2000,8953,2026,1333,selected_grid,5,0,306100,12.276489455227846,19427600
35,laws,sparse_skew,2000,8953,2026,1333,caliber,5,1,555200,0,27600
35,laws,sparse_skew,2000,8953,2026,1333,std_binary,5,2,357900,0,0
35,laws,sparse_skew,2000,8953,2026,1333,mean_map,5,3,329600,12.276489455227846,7200
35,laws,sparse_skew,2000,8953,2026,1333,degree4,5,4,449400,0,99500
35,laws,sparse_skew,2000,8953,2026,1333,binary,5,5,361300,0,0
35,laws,sparse_skew,2000,8953,2026,1333,mean_ring,5,6,197500,12.276489455227846,7200
35,laws,sparse_skew,2000,8953,2026,1333,mean_degree,5,7,249200,2.7424303485374395,7200
35,laws,sparse_skew,2000,8953,2026,1333,max_maxdegree,5,8,230000,12.48945045475232,23700
35,laws,sparse_skew,2000,8953,2026,1333,fourary,5,9,367300,0,0
35,laws,sparse_skew,2000,8953,2026,1333,selected_grid,6,0,203300,12.276489455227846,19427600
35,laws,sparse_skew,2000,8953,2026,1333,mean_ring,6,1,195300,12.276489455227846,7200
35,laws,sparse_skew,2000,8953,2026,1333,mean_degree,6,2,260100,2.7424303485374395,7200
35,laws,sparse_skew,2000,8953,2026,1333,degree4,6,3,405100,0,99500
35,laws,sparse_skew,2000,8953,2026,1333,mean_map,6,4,201500,12.276489455227846,7200
35,laws,sparse_skew,2000,8953,2026,1333,binary,6,5,434200,0,0
35,laws,sparse_skew,2000,8953,2026,1333,max_maxdegree,6,6,199300,12.48945045475232,23700
35,laws,sparse_skew,2000,8953,2026,1333,caliber,6,7,330700,0,27600
35,laws,sparse_skew,2000,8953,2026,1333,fourary,6,8,372700,0,0
35,laws,sparse_skew,2000,8953,2026,1333,std_binary,6,9,359800,0,0
35,laws,sparse_skew,2000,8953,2026,1333,std_binary,7,0,352600,0,0
35,laws,sparse_skew,2000,8953,2026,1333,fourary,7,1,376700,0,0
35,laws,sparse_skew,2000,8953,2026,1333,caliber,7,2,337900,0,27600
35,laws,sparse_skew,2000,8953,2026,1333,max_maxdegree,7,3,255000,12.48945045475232,23700
35,laws,sparse_skew,2000,8953,2026,1333,binary,7,4,372700,0,0
35,laws,sparse_skew,2000,8953,2026,1333,mean_map,7,5,222000,12.276489455227846,7200
35,laws,sparse_skew,2000,8953,2026,1333,degree4,7,6,423400,0,99500
35,laws,sparse_skew,2000,8953,2026,1333,mean_degree,7,7,236900,2.7424303485374395,7200
35,laws,sparse_skew,2000,8953,2026,1333,mean_ring,7,8,197900,12.276489455227846,7200
35,laws,sparse_skew,2000,8953,2026,1333,selected_grid,7,9,215800,12.276489455227846,19427600
36,calibration,sparse_bimodal,2000,8953,2026,0,grid_0.25,0,0,144000,5.308918798168212,6600
36,calibration,sparse_bimodal,2000,8953,2026,0,grid_0.1,0,1,152400,2.1235675192672847,6600
36,calibration,sparse_bimodal,2000,8953,2026,0,grid_1.5,0,2,129900,31.853512789009272,6600
36,calibration,sparse_bimodal,2000,8953,2026,0,grid_0.03125,0,3,164200,0.6636148497710265,6600
36,calibration,sparse_bimodal,2000,8953,2026,0,grid_4,0,4,143300,84.94270077069139,6600
36,calibration,sparse_bimodal,2000,8953,2026,0,grid_0.05,0,5,167000,1.0617837596336424,6600
36,calibration,sparse_bimodal,2000,8953,2026,0,grid_2,0,6,130200,42.471350385345694,6600
36,calibration,sparse_bimodal,2000,8953,2026,0,grid_8,0,7,184100,169.88540154138278,6600
36,calibration,sparse_bimodal,2000,8953,2026,0,grid_1,0,8,132500,21.235675192672847,6600
36,calibration,sparse_bimodal,2000,8953,2026,0,grid_16,0,9,194300,339.77080308276555,6600
36,calibration,sparse_bimodal,2000,8953,2026,0,grid_0.75,0,10,123100,15.926756394504636,6600
36,calibration,sparse_bimodal,2000,8953,2026,0,grid_0.5,0,11,119400,10.617837596336424,6600
36,calibration,sparse_bimodal,2000,8953,2026,0,grid_0.5,1,0,112600,10.617837596336424,6600
36,calibration,sparse_bimodal,2000,8953,2026,0,grid_0.75,1,1,109700,15.926756394504636,6600
36,calibration,sparse_bimodal,2000,8953,2026,0,grid_16,1,2,186800,339.77080308276555,6600
36,calibration,sparse_bimodal,2000,8953,2026,0,grid_1,1,3,147500,21.235675192672847,6600
36,calibration,sparse_bimodal,2000,8953,2026,0,grid_8,1,4,174600,169.88540154138278,6600
36,calibration,sparse_bimodal,2000,8953,2026,0,grid_2,1,5,144200,42.471350385345694,6600
36,calibration,sparse_bimodal,2000,8953,2026,0,grid_0.05,1,6,160200,1.0617837596336424,6600
36,calibration,sparse_bimodal,2000,8953,2026,0,grid_4,1,7,133000,84.94270077069139,6600
36,calibration,sparse_bimodal,2000,8953,2026,0,grid_0.03125,1,8,160000,0.6636148497710265,6600
36,calibration,sparse_bimodal,2000,8953,2026,0,grid_1.5,1,9,127100,31.853512789009272,6600
36,calibration,sparse_bimodal,2000,8953,2026,0,grid_0.1,1,10,140400,2.1235675192672847,6600
36,calibration,sparse_bimodal,2000,8953,2026,0,grid_0.25,1,11,130600,5.308918798168212,6600
36,calibration,sparse_bimodal,2000,8953,2026,0,grid_0.05,2,0,147100,1.0617837596336424,6600
36,calibration,sparse_bimodal,2000,8953,2026,0,grid_0.5,2,1,133800,10.617837596336424,6600
36,calibration,sparse_bimodal,2000,8953,2026,0,grid_0.25,2,2,131600,5.308918798168212,6600
36,calibration,sparse_bimodal,2000,8953,2026,0,grid_8,2,3,176700,169.88540154138278,6600
36,calibration,sparse_bimodal,2000,8953,2026,0,grid_0.1,2,4,141700,2.1235675192672847,6600
36,calibration,sparse_bimodal,2000,8953,2026,0,grid_4,2,5,119600,84.94270077069139,6600
36,calibration,sparse_bimodal,2000,8953,2026,0,grid_2,2,6,112700,42.471350385345694,6600
36,calibration,sparse_bimodal,2000,8953,2026,0,grid_0.03125,2,7,160900,0.6636148497710265,6600
36,calibration,sparse_bimodal,2000,8953,2026,0,grid_0.75,2,8,131500,15.926756394504636,6600
36,calibration,sparse_bimodal,2000,8953,2026,0,grid_1.5,2,9,125500,31.853512789009272,6600
36,calibration,sparse_bimodal,2000,8953,2026,0,grid_1,2,10,115300,21.235675192672847,6600
36,calibration,sparse_bimodal,2000,8953,2026,0,grid_16,2,11,182600,339.77080308276555,6600
36,calibration,sparse_bimodal,2000,8953,2026,0,grid_16,3,0,175400,339.77080308276555,6600
36,calibration,sparse_bimodal,2000,8953,2026,0,grid_1,3,1,149700,21.235675192672847,6600
36,calibration,sparse_bimodal,2000,8953,2026,0,grid_1.5,3,2,144900,31.853512789009272,6600
36,calibration,sparse_bimodal,2000,8953,2026,0,grid_0.75,3,3,134600,15.926756394504636,6600
36,calibration,sparse_bimodal,2000,8953,2026,0,grid_0.03125,3,4,158900,0.6636148497710265,6600
36,calibration,sparse_bimodal,2000,8953,2026,0,grid_2,3,5,131600,42.471350385345694,6600
36,calibration,sparse_bimodal,2000,8953,2026,0,grid_4,3,6,133600,84.94270077069139,6600
36,calibration,sparse_bimodal,2000,8953,2026,0,grid_0.1,3,7,142700,2.1235675192672847,6600
36,calibration,sparse_bimodal,2000,8953,2026,0,grid_8,3,8,186600,169.88540154138278,6600
36,calibration,sparse_bimodal,2000,8953,2026,0,grid_0.25,3,9,156400,5.308918798168212,6600
36,calibration,sparse_bimodal,2000,8953,2026,0,grid_0.5,3,10,141400,10.617837596336424,6600
36,calibration,sparse_bimodal,2000,8953,2026,0,grid_0.05,3,11,155500,1.0617837596336424,6600
36,calibration,sparse_bimodal,2000,8953,2026,0,grid_8,4,0,170300,169.88540154138278,6600
36,calibration,sparse_bimodal,2000,8953,2026,0,grid_0.5,4,1,131500,10.617837596336424,6600
36,calibration,sparse_bimodal,2000,8953,2026,0,grid_1,4,2,128400,21.235675192672847,6600
36,calibration,sparse_bimodal,2000,8953,2026,0,grid_0.05,4,3,145200,1.0617837596336424,6600
36,calibration,sparse_bimodal,2000,8953,2026,0,grid_16,4,4,178500,339.77080308276555,6600
36,calibration,sparse_bimodal,2000,8953,2026,0,grid_0.03125,4,5,165800,0.6636148497710265,6600
36,calibration,sparse_bimodal,2000,8953,2026,0,grid_1.5,4,6,125300,31.853512789009272,6600
36,calibration,sparse_bimodal,2000,8953,2026,0,grid_0.25,4,7,136600,5.308918798168212,6600
36,calibration,sparse_bimodal,2000,8953,2026,0,grid_4,4,8,119100,84.94270077069139,6600
36,calibration,sparse_bimodal,2000,8953,2026,0,grid_2,4,9,126400,42.471350385345694,6600
36,calibration,sparse_bimodal,2000,8953,2026,0,grid_0.75,4,10,118700,15.926756394504636,6600
36,calibration,sparse_bimodal,2000,8953,2026,0,grid_0.1,4,11,130200,2.1235675192672847,6600
36,calibration,sparse_bimodal,2000,8953,2026,0,grid_0.1,5,0,124500,2.1235675192672847,6600
36,calibration,sparse_bimodal,2000,8953,2026,0,grid_0.75,5,1,104300,15.926756394504636,6600
36,calibration,sparse_bimodal,2000,8953,2026,0,grid_2,5,2,100100,42.471350385345694,6600
36,calibration,sparse_bimodal,2000,8953,2026,0,grid_4,5,3,96600,84.94270077069139,6600
36,calibration,sparse_bimodal,2000,8953,2026,0,grid_0.25,5,4,125600,5.308918798168212,6600
36,calibration,sparse_bimodal,2000,8953,2026,0,grid_1.5,5,5,114300,31.853512789009272,6600
36,calibration,sparse_bimodal,2000,8953,2026,0,grid_0.03125,5,6,159100,0.6636148497710265,6600
36,calibration,sparse_bimodal,2000,8953,2026,0,grid_16,5,7,183900,339.77080308276555,6600
36,calibration,sparse_bimodal,2000,8953,2026,0,grid_0.05,5,8,149400,1.0617837596336424,6600
36,calibration,sparse_bimodal,2000,8953,2026,0,grid_1,5,9,115900,21.235675192672847,6600
36,calibration,sparse_bimodal,2000,8953,2026,0,grid_0.5,5,10,109400,10.617837596336424,6600
36,calibration,sparse_bimodal,2000,8953,2026,0,grid_8,5,11,181000,169.88540154138278,6600
36,laws,sparse_bimodal,2000,8953,2026,667,mean_ring,0,0,190200,21.235675192672847,6600
36,laws,sparse_bimodal,2000,8953,2026,667,fourary,0,1,452200,0,0
36,laws,sparse_bimodal,2000,8953,2026,667,radix,0,2,161200,0,0
36,laws,sparse_bimodal,2000,8953,2026,667,selected_grid,0,3,262900,15.926756394504636,10301400
36,laws,sparse_bimodal,2000,8953,2026,667,caliber,0,4,289600,0,27800
36,laws,sparse_bimodal,2000,8953,2026,667,binary,0,5,346100,0,0
36,laws,sparse_bimodal,2000,8953,2026,667,degree4,0,6,406200,0,118100
36,laws,sparse_bimodal,2000,8953,2026,667,mean_degree,0,7,155000,4.743812173053245,6600
36,laws,sparse_bimodal,2000,8953,2026,667,max_maxdegree,0,8,139200,12.5,25100
36,laws,sparse_bimodal,2000,8953,2026,667,std_binary,0,9,298500,0,0
36,laws,sparse_bimodal,2000,8953,2026,667,mean_map,0,10,161100,21.235675192672847,6600
36,laws,sparse_bimodal,2000,8953,2026,667,mean_map,1,0,145300,21.235675192672847,6600
36,laws,sparse_bimodal,2000,8953,2026,667,std_binary,1,1,279200,0,0
36,laws,sparse_bimodal,2000,8953,2026,667,max_maxdegree,1,2,133100,12.5,25100
36,laws,sparse_bimodal,2000,8953,2026,667,mean_degree,1,3,137500,4.743812173053245,6600
36,laws,sparse_bimodal,2000,8953,2026,667,degree4,1,4,388800,0,118100
36,laws,sparse_bimodal,2000,8953,2026,667,binary,1,5,342100,0,0
36,laws,sparse_bimodal,2000,8953,2026,667,caliber,1,6,282600,0,27800
36,laws,sparse_bimodal,2000,8953,2026,667,selected_grid,1,7,166400,15.926756394504636,10301400
36,laws,sparse_bimodal,2000,8953,2026,667,radix,1,8,147700,0,0
36,laws,sparse_bimodal,2000,8953,2026,667,fourary,1,9,432900,0,0
36,laws,sparse_bimodal,2000,8953,2026,667,mean_ring,1,10,167700,21.235675192672847,6600
36,laws,sparse_bimodal,2000,8953,2026,667,degree4,2,0,394900,0,118100
36,laws,sparse_bimodal,2000,8953,2026,667,selected_grid,2,1,154300,15.926756394504636,10301400
36,laws,sparse_bimodal,2000,8953,2026,667,fourary,2,2,417500,0,0
36,laws,sparse_bimodal,2000,8953,2026,667,radix,2,3,126300,0,0
36,laws,sparse_bimodal,2000,8953,2026,667,caliber,2,4,286800,0,27800
36,laws,sparse_bimodal,2000,8953,2026,667,binary,2,5,336500,0,0
36,laws,sparse_bimodal,2000,8953,2026,667,mean_map,2,6,153600,21.235675192672847,6600
36,laws,sparse_bimodal,2000,8953,2026,667,mean_ring,2,7,156500,21.235675192672847,6600
36,laws,sparse_bimodal,2000,8953,2026,667,max_maxdegree,2,8,143800,12.5,25100
36,laws,sparse_bimodal,2000,8953,2026,667,std_binary,2,9,292100,0,0
36,laws,sparse_bimodal,2000,8953,2026,667,mean_degree,2,10,156700,4.743812173053245,6600
36,laws,sparse_bimodal,2000,8953,2026,667,mean_degree,3,0,148400,4.743812173053245,6600
36,laws,sparse_bimodal,2000,8953,2026,667,std_binary,3,1,281700,0,0
36,laws,sparse_bimodal,2000,8953,2026,667,max_maxdegree,3,2,148500,12.5,25100
36,laws,sparse_bimodal,2000,8953,2026,667,mean_ring,3,3,149200,21.235675192672847,6600
36,laws,sparse_bimodal,2000,8953,2026,667,mean_map,3,4,134000,21.235675192672847,6600
36,laws,sparse_bimodal,2000,8953,2026,667,binary,3,5,344400,0,0
36,laws,sparse_bimodal,2000,8953,2026,667,caliber,3,6,283000,0,27800
36,laws,sparse_bimodal,2000,8953,2026,667,radix,3,7,124200,0,0
36,laws,sparse_bimodal,2000,8953,2026,667,fourary,3,8,392500,0,0
36,laws,sparse_bimodal,2000,8953,2026,667,selected_grid,3,9,285000,15.926756394504636,10301400
36,laws,sparse_bimodal,2000,8953,2026,667,degree4,3,10,498500,0,118100
36,laws,sparse_bimodal,2000,8953,2026,667,selected_grid,4,0,159000,15.926756394504636,10301400
36,laws,sparse_bimodal,2000,8953,2026,667,std_binary,4,1,295100,0,0
36,laws,sparse_bimodal,2000,8953,2026,667,fourary,4,2,406200,0,0
36,laws,sparse_bimodal,2000,8953,2026,667,degree4,4,3,393800,0,118100
36,laws,sparse_bimodal,2000,8953,2026,667,radix,4,4,127900,0,0
36,laws,sparse_bimodal,2000,8953,2026,667,mean_map,4,5,152800,21.235675192672847,6600
36,laws,sparse_bimodal,2000,8953,2026,667,max_maxdegree,4,6,142700,12.5,25100
36,laws,sparse_bimodal,2000,8953,2026,667,mean_degree,4,7,144900,4.743812173053245,6600
36,laws,sparse_bimodal,2000,8953,2026,667,binary,4,8,345300,0,0
36,laws,sparse_bimodal,2000,8953,2026,667,caliber,4,9,285000,0,27800
36,laws,sparse_bimodal,2000,8953,2026,667,mean_ring,4,10,160200,21.235675192672847,6600
36,laws,sparse_bimodal,2000,8953,2026,667,mean_ring,5,0,147600,21.235675192672847,6600
36,laws,sparse_bimodal,2000,8953,2026,667,caliber,5,1,280000,0,27800
36,laws,sparse_bimodal,2000,8953,2026,667,binary,5,2,344300,0,0
36,laws,sparse_bimodal,2000,8953,2026,667,mean_degree,5,3,156800,4.743812173053245,6600
36,laws,sparse_bimodal,2000,8953,2026,667,max_maxdegree,5,4,148100,12.5,25100
36,laws,sparse_bimodal,2000,8953,2026,667,mean_map,5,5,139700,21.235675192672847,6600
36,laws,sparse_bimodal,2000,8953,2026,667,radix,5,6,124400,0,0
36,laws,sparse_bimodal,2000,8953,2026,667,degree4,5,7,380500,0,118100
36,laws,sparse_bimodal,2000,8953,2026,667,fourary,5,8,366300,0,0
36,laws,sparse_bimodal,2000,8953,2026,667,std_binary,5,9,287400,0,0
36,laws,sparse_bimodal,2000,8953,2026,667,selected_grid,5,10,162800,15.926756394504636,10301400
36,laws,sparse_bimodal,2000,8953,2026,667,degree4,6,0,407300,0,118100
36,laws,sparse_bimodal,2000,8953,2026,667,std_binary,6,1,302200,0,0
36,laws,sparse_bimodal,2000,8953,2026,667,mean_map,6,2,174400,21.235675192672847,6600
36,laws,sparse_bimodal,2000,8953,2026,667,radix,6,3,141400,0,0
36,laws,sparse_bimodal,2000,8953,2026,667,mean_degree,6,4,220200,4.743812173053245,6600
36,laws,sparse_bimodal,2000,8953,2026,667,binary,6,5,463300,0,0
36,laws,sparse_bimodal,2000,8953,2026,667,caliber,6,6,350900,0,27800
36,laws,sparse_bimodal,2000,8953,2026,667,fourary,6,7,650300,0,0
36,laws,sparse_bimodal,2000,8953,2026,667,selected_grid,6,8,339800,15.926756394504636,10301400
36,laws,sparse_bimodal,2000,8953,2026,667,mean_ring,6,9,177100,21.235675192672847,6600
36,laws,sparse_bimodal,2000,8953,2026,667,max_maxdegree,6,10,209100,12.5,25100
36,laws,sparse_bimodal,2000,8953,2026,667,max_maxdegree,7,0,133900,12.5,25100
36,laws,sparse_bimodal,2000,8953,2026,667,mean_ring,7,1,141900,21.235675192672847,6600
36,laws,sparse_bimodal,2000,8953,2026,667,selected_grid,7,2,123700,15.926756394504636,10301400
36,laws,sparse_bimodal,2000,8953,2026,667,fourary,7,3,382800,0,0
36,laws,sparse_bimodal,2000,8953,2026,667,caliber,7,4,296300,0,27800
36,laws,sparse_bimodal,2000,8953,2026,667,binary,7,5,365100,0,0
36,laws,sparse_bimodal,2000,8953,2026,667,mean_degree,7,6,173600,4.743812173053245,6600
36,laws,sparse_bimodal,2000,8953,2026,667,radix,7,7,130400,0,0
36,laws,sparse_bimodal,2000,8953,2026,667,mean_map,7,8,159100,21.235675192672847,6600
36,laws,sparse_bimodal,2000,8953,2026,667,std_binary,7,9,286300,0,0
36,laws,sparse_bimodal,2000,8953,2026,667,degree4,7,10,387800,0,118100
36,laws,sparse_bimodal,2000,8953,2026,1333,binary,0,0,347600,0,0
36,laws,sparse_bimodal,2000,8953,2026,1333,selected_grid,0,1,149700,15.926756394504636,10301400
36,laws,sparse_bimodal,2000,8953,2026,1333,mean_map,0,2,152000,21.235675192672847,6600
36,laws,sparse_bimodal,2000,8953,2026,1333,caliber,0,3,300100,0,27800
36,laws,sparse_bimodal,2000,8953,2026,1333,radix,0,4,127100,0,0
36,laws,sparse_bimodal,2000,8953,2026,1333,mean_ring,0,5,156700,21.235675192672847,6600
36,laws,sparse_bimodal,2000,8953,2026,1333,mean_degree,0,6,156800,4.743812173053245,6600
36,laws,sparse_bimodal,2000,8953,2026,1333,degree4,0,7,395200,0,118100
36,laws,sparse_bimodal,2000,8953,2026,1333,fourary,0,8,458000,0,0
36,laws,sparse_bimodal,2000,8953,2026,1333,std_binary,0,9,295300,0,0
36,laws,sparse_bimodal,2000,8953,2026,1333,max_maxdegree,0,10,148500,12.5,25100
36,laws,sparse_bimodal,2000,8953,2026,1333,max_maxdegree,1,0,135400,12.5,25100
36,laws,sparse_bimodal,2000,8953,2026,1333,std_binary,1,1,307000,0,0
36,laws,sparse_bimodal,2000,8953,2026,1333,fourary,1,2,363100,0,0
36,laws,sparse_bimodal,2000,8953,2026,1333,degree4,1,3,406900,0,118100
36,laws,sparse_bimodal,2000,8953,2026,1333,mean_degree,1,4,180000,4.743812173053245,6600
36,laws,sparse_bimodal,2000,8953,2026,1333,mean_ring,1,5,169000,21.235675192672847,6600
36,laws,sparse_bimodal,2000,8953,2026,1333,radix,1,6,126400,0,0
36,laws,sparse_bimodal,2000,8953,2026,1333,caliber,1,7,289300,0,27800
36,laws,sparse_bimodal,2000,8953,2026,1333,mean_map,1,8,154600,21.235675192672847,6600
36,laws,sparse_bimodal,2000,8953,2026,1333,selected_grid,1,9,154400,15.926756394504636,10301400
36,laws,sparse_bimodal,2000,8953,2026,1333,binary,1,10,340900,0,0
36,laws,sparse_bimodal,2000,8953,2026,1333,mean_degree,2,0,142900,4.743812173053245,6600
36,laws,sparse_bimodal,2000,8953,2026,1333,mean_map,2,1,131000,21.235675192672847,6600
36,laws,sparse_bimodal,2000,8953,2026,1333,radix,2,2,125000,0,0
36,laws,sparse_bimodal,2000,8953,2026,1333,fourary,2,3,452300,0,0
36,laws,sparse_bimodal,2000,8953,2026,1333,caliber,2,4,293300,0,27800
36,laws,sparse_bimodal,2000,8953,2026,1333,std_binary,2,5,289600,0,0
36,laws,sparse_bimodal,2000,8953,2026,1333,mean_ring,2,6,185100,21.235675192672847,6600
36,laws,sparse_bimodal,2000,8953,2026,1333,max_maxdegree,2,7,163200,12.5,25100
36,laws,sparse_bimodal,2000,8953,2026,1333,selected_grid,2,8,149900,15.926756394504636,10301400
36,laws,sparse_bimodal,2000,8953,2026,1333,binary,2,9,342900,0,0
36,laws,sparse_bimodal,2000,8953,2026,1333,degree4,2,10,390200,0,118100
36,laws,sparse_bimodal,2000,8953,2026,1333,degree4,3,0,367500,0,118100
36,laws,sparse_bimodal,2000,8953,2026,1333,binary,3,1,337400,0,0
36,laws,sparse_bimodal,2000,8953,2026,1333,selected_grid,3,2,155300,15.926756394504636,10301400
36,laws,sparse_bimodal,2000,8953,2026,1333,max_maxdegree,3,3,153400,12.5,25100
36,laws,sparse_bimodal,2000,8953,2026,1333,mean_ring,3,4,152200,21.235675192672847,6600
36,laws,sparse_bimodal,2000,8953,2026,1333,std_binary,3,5,284200,0,0
36,laws,sparse_bimodal,2000,8953,2026,1333,caliber,3,6,282700,0,27800
36,laws,sparse_bimodal,2000,8953,2026,1333,fourary,3,7,400200,0,0
36,laws,sparse_bimodal,2000,8953,2026,1333,radix,3,8,126800,0,0
36,laws,sparse_bimodal,2000,8953,2026,1333,mean_map,3,9,152100,21.235675192672847,6600
36,laws,sparse_bimodal,2000,8953,2026,1333,mean_degree,3,10,152900,4.743812173053245,6600
36,laws,sparse_bimodal,2000,8953,2026,1333,binary,4,0,359600,0,0
36,laws,sparse_bimodal,2000,8953,2026,1333,mean_degree,4,1,142000,4.743812173053245,6600
36,laws,sparse_bimodal,2000,8953,2026,1333,selected_grid,4,2,132100,15.926756394504636,10301400
36,laws,sparse_bimodal,2000,8953,2026,1333,radix,4,3,123800,0,0
36,laws,sparse_bimodal,2000,8953,2026,1333,degree4,4,4,376800,0,118100
36,laws,sparse_bimodal,2000,8953,2026,1333,mean_map,4,5,133100,21.235675192672847,6600
36,laws,sparse_bimodal,2000,8953,2026,1333,max_maxdegree,4,6,120800,12.5,25100
36,laws,sparse_bimodal,2000,8953,2026,1333,caliber,4,7,286200,0,27800
36,laws,sparse_bimodal,2000,8953,2026,1333,fourary,4,8,376500,0,0
36,laws,sparse_bimodal,2000,8953,2026,1333,mean_ring,4,9,167900,21.235675192672847,6600
36,laws,sparse_bimodal,2000,8953,2026,1333,std_binary,4,10,346900,0,0
36,laws,sparse_bimodal,2000,8953,2026,1333,std_binary,5,0,282900,0,0
36,laws,sparse_bimodal,2000,8953,2026,1333,mean_ring,5,1,154600,21.235675192672847,6600
36,laws,sparse_bimodal,2000,8953,2026,1333,fourary,5,2,378800,0,0
36,laws,sparse_bimodal,2000,8953,2026,1333,caliber,5,3,287900,0,27800
36,laws,sparse_bimodal,2000,8953,2026,1333,max_maxdegree,5,4,151900,12.5,25100
36,laws,sparse_bimodal,2000,8953,2026,1333,mean_map,5,5,141900,21.235675192672847,6600
36,laws,sparse_bimodal,2000,8953,2026,1333,degree4,5,6,462200,0,118100
36,laws,sparse_bimodal,2000,8953,2026,1333,radix,5,7,131200,0,0
36,laws,sparse_bimodal,2000,8953,2026,1333,selected_grid,5,8,155500,15.926756394504636,10301400
36,laws,sparse_bimodal,2000,8953,2026,1333,mean_degree,5,9,154500,4.743812173053245,6600
36,laws,sparse_bimodal,2000,8953,2026,1333,binary,5,10,341700,0,0
36,laws,sparse_bimodal,2000,8953,2026,1333,std_binary,6,0,292500,0,0
36,laws,sparse_bimodal,2000,8953,2026,1333,degree4,6,1,378700,0,118100
36,laws,sparse_bimodal,2000,8953,2026,1333,selected_grid,6,2,156500,15.926756394504636,10301400
36,laws,sparse_bimodal,2000,8953,2026,1333,max_maxdegree,6,3,539900,12.5,25100
36,laws,sparse_bimodal,2000,8953,2026,1333,radix,6,4,167100,0,0
36,laws,sparse_bimodal,2000,8953,2026,1333,mean_map,6,5,192100,21.235675192672847,6600
36,laws,sparse_bimodal,2000,8953,2026,1333,mean_degree,6,6,189300,4.743812173053245,6600
36,laws,sparse_bimodal,2000,8953,2026,1333,caliber,6,7,342000,0,27800
36,laws,sparse_bimodal,2000,8953,2026,1333,mean_ring,6,8,198900,21.235675192672847,6600
36,laws,sparse_bimodal,2000,8953,2026,1333,binary,6,9,395200,0,0
36,laws,sparse_bimodal,2000,8953,2026,1333,fourary,6,10,454800,0,0
36,laws,sparse_bimodal,2000,8953,2026,1333,fourary,7,0,353300,0,0
36,laws,sparse_bimodal,2000,8953,2026,1333,binary,7,1,347800,0,0
36,laws,sparse_bimodal,2000,8953,2026,1333,mean_ring,7,2,169200,21.235675192672847,6600
36,laws,sparse_bimodal,2000,8953,2026,1333,caliber,7,3,285100,0,27800
36,laws,sparse_bimodal,2000,8953,2026,1333,mean_degree,7,4,174200,4.743812173053245,6600
36,laws,sparse_bimodal,2000,8953,2026,1333,mean_map,7,5,226000,21.235675192672847,6600
36,laws,sparse_bimodal,2000,8953,2026,1333,radix,7,6,126900,0,0
36,laws,sparse_bimodal,2000,8953,2026,1333,max_maxdegree,7,7,179800,12.5,25100
36,laws,sparse_bimodal,2000,8953,2026,1333,selected_grid,7,8,142000,15.926756394504636,10301400
36,laws,sparse_bimodal,2000,8953,2026,1333,degree4,7,9,388100,0,118100
36,laws,sparse_bimodal,2000,8953,2026,1333,std_binary,7,10,282900,0,0
37,calibration,sparse_zero,2000,8953,2026,0,grid_0.25,0,0,342000,9.50247027039295,6500
37,calibration,sparse_zero,2000,8953,2026,0,grid_0.1,0,1,430500,3.80098810815718,6500
37,calibration,sparse_zero,2000,8953,2026,0,grid_1.5,0,2,537900,57.0148216223577,6500
37,calibration,sparse_zero,2000,8953,2026,0,grid_0.03125,0,3,436000,1.1878087837991187,6500
37,calibration,sparse_zero,2000,8953,2026,0,grid_4,0,4,766700,152.0395243262872,6500
37,calibration,sparse_zero,2000,8953,2026,0,grid_0.05,0,5,362400,1.90049405407859,6500
37,calibration,sparse_zero,2000,8953,2026,0,grid_2,0,6,572600,76.0197621631436,6500
37,calibration,sparse_zero,2000,8953,2026,0,grid_8,0,7,968600,304.0790486525744,6500
37,calibration,sparse_zero,2000,8953,2026,0,grid_1,0,8,350400,38.0098810815718,6500
37,calibration,sparse_zero,2000,8953,2026,0,grid_16,0,9,665000,608.1580973051488,6500
37,calibration,sparse_zero,2000,8953,2026,0,grid_0.75,0,10,282500,28.50741081117885,6500
37,calibration,sparse_zero,2000,8953,2026,0,grid_0.5,0,11,378900,19.0049405407859,6500
37,calibration,sparse_zero,2000,8953,2026,0,grid_0.5,1,0,352600,19.0049405407859,6500
37,calibration,sparse_zero,2000,8953,2026,0,grid_0.75,1,1,267100,28.50741081117885,6500
37,calibration,sparse_zero,2000,8953,2026,0,grid_16,1,2,693400,608.1580973051488,6500
37,calibration,sparse_zero,2000,8953,2026,0,grid_1,1,3,360800,38.0098810815718,6500
37,calibration,sparse_zero,2000,8953,2026,0,grid_8,1,4,730600,304.0790486525744,6500
37,calibration,sparse_zero,2000,8953,2026,0,grid_2,1,5,579900,76.0197621631436,6500
37,calibration,sparse_zero,2000,8953,2026,0,grid_0.05,1,6,366200,1.90049405407859,6500
37,calibration,sparse_zero,2000,8953,2026,0,grid_4,1,7,689800,152.0395243262872,6500
37,calibration,sparse_zero,2000,8953,2026,0,grid_0.03125,1,8,406200,1.1878087837991187,6500
37,calibration,sparse_zero,2000,8953,2026,0,grid_1.5,1,9,500100,57.0148216223577,6500
37,calibration,sparse_zero,2000,8953,2026,0,grid_0.1,1,10,351500,3.80098810815718,6500
37,calibration,sparse_zero,2000,8953,2026,0,grid_0.25,1,11,296600,9.50247027039295,6500
37,calibration,sparse_zero,2000,8953,2026,0,grid_0.05,2,0,362700,1.90049405407859,6500
37,calibration,sparse_zero,2000,8953,2026,0,grid_0.5,2,1,366900,19.0049405407859,6500
37,calibration,sparse_zero,2000,8953,2026,0,grid_0.25,2,2,287400,9.50247027039295,6500
37,calibration,sparse_zero,2000,8953,2026,0,grid_8,2,3,716800,304.0790486525744,6500
37,calibration,sparse_zero,2000,8953,2026,0,grid_0.1,2,4,357200,3.80098810815718,6500
37,calibration,sparse_zero,2000,8953,2026,0,grid_4,2,5,728200,152.0395243262872,6500
37,calibration,sparse_zero,2000,8953,2026,0,grid_2,2,6,587100,76.0197621631436,6500
37,calibration,sparse_zero,2000,8953,2026,0,grid_0.03125,2,7,405200,1.1878087837991187,6500
37,calibration,sparse_zero,2000,8953,2026,0,grid_0.75,2,8,283400,28.50741081117885,6500
37,calibration,sparse_zero,2000,8953,2026,0,grid_1.5,2,9,512800,57.0148216223577,6500
37,calibration,sparse_zero,2000,8953,2026,0,grid_1,2,10,347700,38.0098810815718,6500
37,calibration,sparse_zero,2000,8953,2026,0,grid_16,2,11,678000,608.1580973051488,6500
37,calibration,sparse_zero,2000,8953,2026,0,grid_16,3,0,711600,608.1580973051488,6500
37,calibration,sparse_zero,2000,8953,2026,0,grid_1,3,1,379700,38.0098810815718,6500
37,calibration,sparse_zero,2000,8953,2026,0,grid_1.5,3,2,519800,57.0148216223577,6500
37,calibration,sparse_zero,2000,8953,2026,0,grid_0.75,3,3,688100,28.50741081117885,6500
37,calibration,sparse_zero,2000,8953,2026,0,grid_0.03125,3,4,630600,1.1878087837991187,6500
37,calibration,sparse_zero,2000,8953,2026,0,grid_2,3,5,687200,76.0197621631436,6500
37,calibration,sparse_zero,2000,8953,2026,0,grid_4,3,6,667700,152.0395243262872,6500
37,calibration,sparse_zero,2000,8953,2026,0,grid_0.1,3,7,348100,3.80098810815718,6500
37,calibration,sparse_zero,2000,8953,2026,0,grid_8,3,8,693700,304.0790486525744,6500
37,calibration,sparse_zero,2000,8953,2026,0,grid_0.25,3,9,284700,9.50247027039295,6500
37,calibration,sparse_zero,2000,8953,2026,0,grid_0.5,3,10,348000,19.0049405407859,6500
37,calibration,sparse_zero,2000,8953,2026,0,grid_0.05,3,11,352100,1.90049405407859,6500
37,calibration,sparse_zero,2000,8953,2026,0,grid_8,4,0,699800,304.0790486525744,6500
37,calibration,sparse_zero,2000,8953,2026,0,grid_0.5,4,1,361800,19.0049405407859,6500
37,calibration,sparse_zero,2000,8953,2026,0,grid_1,4,2,361400,38.0098810815718,6500
37,calibration,sparse_zero,2000,8953,2026,0,grid_0.05,4,3,365100,1.90049405407859,6500
37,calibration,sparse_zero,2000,8953,2026,0,grid_16,4,4,706000,608.1580973051488,6500
37,calibration,sparse_zero,2000,8953,2026,0,grid_0.03125,4,5,408600,1.1878087837991187,6500
37,calibration,sparse_zero,2000,8953,2026,0,grid_1.5,4,6,510700,57.0148216223577,6500
37,calibration,sparse_zero,2000,8953,2026,0,grid_0.25,4,7,288800,9.50247027039295,6500
37,calibration,sparse_zero,2000,8953,2026,0,grid_4,4,8,674800,152.0395243262872,6500
37,calibration,sparse_zero,2000,8953,2026,0,grid_2,4,9,575200,76.0197621631436,6500
37,calibration,sparse_zero,2000,8953,2026,0,grid_0.75,4,10,274000,28.50741081117885,6500
37,calibration,sparse_zero,2000,8953,2026,0,grid_0.1,4,11,353600,3.80098810815718,6500
37,calibration,sparse_zero,2000,8953,2026,0,grid_0.1,5,0,331800,3.80098810815718,6500
37,calibration,sparse_zero,2000,8953,2026,0,grid_0.75,5,1,279800,28.50741081117885,6500
37,calibration,sparse_zero,2000,8953,2026,0,grid_2,5,2,588900,76.0197621631436,6500
37,calibration,sparse_zero,2000,8953,2026,0,grid_4,5,3,684600,152.0395243262872,6500
37,calibration,sparse_zero,2000,8953,2026,0,grid_0.25,5,4,286100,9.50247027039295,6500
37,calibration,sparse_zero,2000,8953,2026,0,grid_1.5,5,5,495200,57.0148216223577,6500
37,calibration,sparse_zero,2000,8953,2026,0,grid_0.03125,5,6,404300,1.1878087837991187,6500
37,calibration,sparse_zero,2000,8953,2026,0,grid_16,5,7,681700,608.1580973051488,6500
37,calibration,sparse_zero,2000,8953,2026,0,grid_0.05,5,8,354100,1.90049405407859,6500
37,calibration,sparse_zero,2000,8953,2026,0,grid_1,5,9,345500,38.0098810815718,6500
37,calibration,sparse_zero,2000,8953,2026,0,grid_0.5,5,10,355100,19.0049405407859,6500
37,calibration,sparse_zero,2000,8953,2026,0,grid_8,5,11,719600,304.0790486525744,6500
37,laws,sparse_zero,2000,8953,2026,667,mean_ring,0,0,388400,38.0098810815718,6500
37,laws,sparse_zero,2000,8953,2026,667,fourary,0,1,450800,0,0
37,laws,sparse_zero,2000,8953,2026,667,selected_grid,0,2,316100,28.50741081117885,34832100
37,laws,sparse_zero,2000,8953,2026,667,mean_map,0,3,399800,38.0098810815718,6500
37,laws,sparse_zero,2000,8953,2026,667,caliber,0,4,337300,0,28100
37,laws,sparse_zero,2000,8953,2026,667,binary,0,5,611300,0,0
37,laws,sparse_zero,2000,8953,2026,667,degree4,0,6,543100,0,113700
37,laws,sparse_zero,2000,8953,2026,667,mean_degree,0,7,314400,8.490982035423166,6500
37,laws,sparse_zero,2000,8953,2026,667,max_maxdegree,0,8,296100,12.498395590649285,23700
37,laws,sparse_zero,2000,8953,2026,667,std_binary,0,9,459200,0,0
37,laws,sparse_zero,2000,8953,2026,667,std_binary,1,0,429100,0,0
37,laws,sparse_zero,2000,8953,2026,667,max_maxdegree,1,1,291000,12.498395590649285,23700
37,laws,sparse_zero,2000,8953,2026,667,mean_degree,1,2,443300,8.490982035423166,6500
37,laws,sparse_zero,2000,8953,2026,667,degree4,1,3,636700,0,113700
37,laws,sparse_zero,2000,8953,2026,667,binary,1,4,511700,0,0
37,laws,sparse_zero,2000,8953,2026,667,caliber,1,5,337200,0,28100
37,laws,sparse_zero,2000,8953,2026,667,mean_map,1,6,409600,38.0098810815718,6500
37,laws,sparse_zero,2000,8953,2026,667,selected_grid,1,7,315800,28.50741081117885,34832100
37,laws,sparse_zero,2000,8953,2026,667,fourary,1,8,885200,0,0
37,laws,sparse_zero,2000,8953,2026,667,mean_ring,1,9,452600,38.0098810815718,6500
37,laws,sparse_zero,2000,8953,2026,667,binary,2,0,486400,0,0
37,laws,sparse_zero,2000,8953,2026,667,selected_grid,2,1,320300,28.50741081117885,34832100
37,laws,sparse_zero,2000,8953,2026,667,fourary,2,2,455900,0,0
37,laws,sparse_zero,2000,8953,2026,667,mean_degree,2,3,313600,8.490982035423166,6500
37,laws,sparse_zero,2000,8953,2026,667,mean_map,2,4,401200,38.0098810815718,6500
37,laws,sparse_zero,2000,8953,2026,667,caliber,2,5,344000,0,28100
37,laws,sparse_zero,2000,8953,2026,667,std_binary,2,6,456400,0,0
37,laws,sparse_zero,2000,8953,2026,667,mean_ring,2,7,396000,38.0098810815718,6500
37,laws,sparse_zero,2000,8953,2026,667,max_maxdegree,2,8,313200,12.498395590649285,23700
37,laws,sparse_zero,2000,8953,2026,667,degree4,2,9,568900,0,113700
37,laws,sparse_zero,2000,8953,2026,667,degree4,3,0,527900,0,113700
37,laws,sparse_zero,2000,8953,2026,667,max_maxdegree,3,1,302800,12.498395590649285,23700
37,laws,sparse_zero,2000,8953,2026,667,mean_ring,3,2,392200,38.0098810815718,6500
37,laws,sparse_zero,2000,8953,2026,667,std_binary,3,3,449000,0,0
37,laws,sparse_zero,2000,8953,2026,667,caliber,3,4,339100,0,28100
37,laws,sparse_zero,2000,8953,2026,667,mean_map,3,5,399600,38.0098810815718,6500
37,laws,sparse_zero,2000,8953,2026,667,mean_degree,3,6,304800,8.490982035423166,6500
37,laws,sparse_zero,2000,8953,2026,667,fourary,3,7,462100,0,0
37,laws,sparse_zero,2000,8953,2026,667,selected_grid,3,8,320600,28.50741081117885,34832100
37,laws,sparse_zero,2000,8953,2026,667,binary,3,9,505800,0,0
37,laws,sparse_zero,2000,8953,2026,667,max_maxdegree,4,0,287100,12.498395590649285,23700
37,laws,sparse_zero,2000,8953,2026,667,std_binary,4,1,474100,0,0
37,laws,sparse_zero,2000,8953,2026,667,caliber,4,2,355600,0,28100
37,laws,sparse_zero,2000,8953,2026,667,binary,4,3,499200,0,0
37,laws,sparse_zero,2000,8953,2026,667,mean_ring,4,4,420200,38.0098810815718,6500
37,laws,sparse_zero,2000,8953,2026,667,mean_degree,4,5,292500,8.490982035423166,6500
37,laws,sparse_zero,2000,8953,2026,667,degree4,4,6,571600,0,113700
37,laws,sparse_zero,2000,8953,2026,667,mean_map,4,7,399000,38.0098810815718,6500
37,laws,sparse_zero,2000,8953,2026,667,selected_grid,4,8,316900,28.50741081117885,34832100
37,laws,sparse_zero,2000,8953,2026,667,fourary,4,9,452000,0,0
37,laws,sparse_zero,2000,8953,2026,667,fourary,5,0,440800,0,0
37,laws,sparse_zero,2000,8953,2026,667,selected_grid,5,1,301300,28.50741081117885,34832100
37,laws,sparse_zero,2000,8953,2026,667,mean_map,5,2,386800,38.0098810815718,6500
37,laws,sparse_zero,2000,8953,2026,667,degree4,5,3,568500,0,113700
37,laws,sparse_zero,2000,8953,2026,667,mean_degree,5,4,310400,8.490982035423166,6500
37,laws,sparse_zero,2000,8953,2026,667,mean_ring,5,5,399700,38.0098810815718,6500
37,laws,sparse_zero,2000,8953,2026,667,binary,5,6,497100,0,0
37,laws,sparse_zero,2000,8953,2026,667,caliber,5,7,350800,0,28100
37,laws,sparse_zero,2000,8953,2026,667,std_binary,5,8,484400,0,0
37,laws,sparse_zero,2000,8953,2026,667,max_maxdegree,5,9,293400,12.498395590649285,23700
37,laws,sparse_zero,2000,8953,2026,667,mean_ring,6,0,382500,38.0098810815718,6500
37,laws,sparse_zero,2000,8953,2026,667,caliber,6,1,337600,0,28100
37,laws,sparse_zero,2000,8953,2026,667,binary,6,2,521200,0,0
37,laws,sparse_zero,2000,8953,2026,667,max_maxdegree,6,3,280600,12.498395590649285,23700
37,laws,sparse_zero,2000,8953,2026,667,mean_map,6,4,398400,38.0098810815718,6500
37,laws,sparse_zero,2000,8953,2026,667,selected_grid,6,5,310800,28.50741081117885,34832100
37,laws,sparse_zero,2000,8953,2026,667,fourary,6,6,459200,0,0
37,laws,sparse_zero,2000,8953,2026,667,std_binary,6,7,521000,0,0
37,laws,sparse_zero,2000,8953,2026,667,degree4,6,8,576100,0,113700
37,laws,sparse_zero,2000,8953,2026,667,mean_degree,6,9,328400,8.490982035423166,6500
37,laws,sparse_zero,2000,8953,2026,667,mean_degree,7,0,299500,8.490982035423166,6500
37,laws,sparse_zero,2000,8953,2026,667,degree4,7,1,545200,0,113700
37,laws,sparse_zero,2000,8953,2026,667,std_binary,7,2,469000,0,0
37,laws,sparse_zero,2000,8953,2026,667,fourary,7,3,460200,0,0
37,laws,sparse_zero,2000,8953,2026,667,selected_grid,7,4,343000,28.50741081117885,34832100
37,laws,sparse_zero,2000,8953,2026,667,mean_map,7,5,428200,38.0098810815718,6500
37,laws,sparse_zero,2000,8953,2026,667,max_maxdegree,7,6,329900,12.498395590649285,23700
37,laws,sparse_zero,2000,8953,2026,667,binary,7,7,487400,0,0
37,laws,sparse_zero,2000,8953,2026,667,caliber,7,8,456500,0,28100
37,laws,sparse_zero,2000,8953,2026,667,mean_ring,7,9,424400,38.0098810815718,6500
37,laws,sparse_zero,2000,8953,2026,1333,fourary,0,0,469000,0,0
37,laws,sparse_zero,2000,8953,2026,1333,mean_ring,0,1,442000,38.0098810815718,6500
37,laws,sparse_zero,2000,8953,2026,1333,max_maxdegree,0,2,298700,12.498395590649285,23700
37,laws,sparse_zero,2000,8953,2026,1333,caliber,0,3,343400,0,28100
37,laws,sparse_zero,2000,8953,2026,1333,mean_map,0,4,414400,38.0098810815718,6500
37,laws,sparse_zero,2000,8953,2026,1333,degree4,0,5,544700,0,113700
37,laws,sparse_zero,2000,8953,2026,1333,binary,0,6,526200,0,0
37,laws,sparse_zero,2000,8953,2026,1333,std_binary,0,7,448300,0,0
37,laws,sparse_zero,2000,8953,2026,1333,selected_grid,0,8,351700,28.50741081117885,34832100
37,laws,sparse_zero,2000,8953,2026,1333,mean_degree,0,9,318600,8.490982035423166,6500
37,laws,sparse_zero,2000,8953,2026,1333,mean_degree,1,0,319100,8.490982035423166,6500
37,laws,sparse_zero,2000,8953,2026,1333,selected_grid,1,1,328800,28.50741081117885,34832100
37,laws,sparse_zero,2000,8953,2026,1333,std_binary,1,2,429300,0,0
37,laws,sparse_zero,2000,8953,2026,1333,binary,1,3,457300,0,0
37,laws,sparse_zero,2000,8953,2026,1333,degree4,1,4,565600,0,113700
37,laws,sparse_zero,2000,8953,2026,1333,mean_map,1,5,431200,38.0098810815718,6500
37,laws,sparse_zero,2000,8953,2026,1333,caliber,1,6,336100,0,28100
37,laws,sparse_zero,2000,8953,2026,1333,max_maxdegree,1,7,295900,12.498395590649285,23700
37,laws,sparse_zero,2000,8953,2026,1333,mean_ring,1,8,438500,38.0098810815718,6500
37,laws,sparse_zero,2000,8953,2026,1333,fourary,1,9,468900,0,0
37,laws,sparse_zero,2000,8953,2026,1333,degree4,2,0,550100,0,113700
37,laws,sparse_zero,2000,8953,2026,1333,mean_ring,2,1,427200,38.0098810815718,6500
37,laws,sparse_zero,2000,8953,2026,1333,caliber,2,2,341000,0,28100
37,laws,sparse_zero,2000,8953,2026,1333,std_binary,2,3,500300,0,0
37,laws,sparse_zero,2000,8953,2026,1333,max_maxdegree,2,4,298900,12.498395590649285,23700
37,laws,sparse_zero,2000,8953,2026,1333,selected_grid,2,5,364300,28.50741081117885,34832100
37,laws,sparse_zero,2000,8953,2026,1333,mean_map,2,6,430100,38.0098810815718,6500
37,laws,sparse_zero,2000,8953,2026,1333,mean_degree,2,7,321900,8.490982035423166,6500
37,laws,sparse_zero,2000,8953,2026,1333,fourary,2,8,512400,0,0
37,laws,sparse_zero,2000,8953,2026,1333,binary,2,9,500700,0,0
37,laws,sparse_zero,2000,8953,2026,1333,binary,3,0,466000,0,0
37,laws,sparse_zero,2000,8953,2026,1333,fourary,3,1,448400,0,0
37,laws,sparse_zero,2000,8953,2026,1333,mean_degree,3,2,312000,8.490982035423166,6500
37,laws,sparse_zero,2000,8953,2026,1333,mean_map,3,3,422900,38.0098810815718,6500
37,laws,sparse_zero,2000,8953,2026,1333,selected_grid,3,4,324700,28.50741081117885,34832100
37,laws,sparse_zero,2000,8953,2026,1333,max_maxdegree,3,5,287800,12.498395590649285,23700
37,laws,sparse_zero,2000,8953,2026,1333,std_binary,3,6,452600,0,0
37,laws,sparse_zero,2000,8953,2026,1333,caliber,3,7,348300,0,28100
37,laws,sparse_zero,2000,8953,2026,1333,mean_ring,3,8,409300,38.0098810815718,6500
37,laws,sparse_zero,2000,8953,2026,1333,degree4,3,9,555500,0,113700
37,laws,sparse_zero,2000,8953,2026,1333,fourary,4,0,447000,0,0
37,laws,sparse_zero,2000,8953,2026,1333,max_maxdegree,4,1,291200,12.498395590649285,23700
37,laws,sparse_zero,2000,8953,2026,1333,mean_degree,4,2,333300,8.490982035423166,6500
37,laws,sparse_zero,2000,8953,2026,1333,mean_ring,4,3,413800,38.0098810815718,6500
37,laws,sparse_zero,2000,8953,2026,1333,binary,4,4,483500,0,0
37,laws,sparse_zero,2000,8953,2026,1333,degree4,4,5,533000,0,113700
37,laws,sparse_zero,2000,8953,2026,1333,mean_map,4,6,422400,38.0098810815718,6500
37,laws,sparse_zero,2000,8953,2026,1333,std_binary,4,7,457300,0,0
37,laws,sparse_zero,2000,8953,2026,1333,caliber,4,8,336700,0,28100
37,laws,sparse_zero,2000,8953,2026,1333,selected_grid,4,9,327900,28.50741081117885,34832100
37,laws,sparse_zero,2000,8953,2026,1333,selected_grid,5,0,312300,28.50741081117885,34832100
37,laws,sparse_zero,2000,8953,2026,1333,caliber,5,1,332600,0,28100
37,laws,sparse_zero,2000,8953,2026,1333,std_binary,5,2,452000,0,0
37,laws,sparse_zero,2000,8953,2026,1333,mean_map,5,3,438900,38.0098810815718,6500
37,laws,sparse_zero,2000,8953,2026,1333,degree4,5,4,545400,0,113700
37,laws,sparse_zero,2000,8953,2026,1333,binary,5,5,484400,0,0
37,laws,sparse_zero,2000,8953,2026,1333,mean_ring,5,6,413700,38.0098810815718,6500
37,laws,sparse_zero,2000,8953,2026,1333,mean_degree,5,7,307200,8.490982035423166,6500
37,laws,sparse_zero,2000,8953,2026,1333,max_maxdegree,5,8,286900,12.498395590649285,23700
37,laws,sparse_zero,2000,8953,2026,1333,fourary,5,9,477300,0,0
37,laws,sparse_zero,2000,8953,2026,1333,selected_grid,6,0,319400,28.50741081117885,34832100
37,laws,sparse_zero,2000,8953,2026,1333,mean_ring,6,1,397800,38.0098810815718,6500
37,laws,sparse_zero,2000,8953,2026,1333,mean_degree,6,2,310400,8.490982035423166,6500
37,laws,sparse_zero,2000,8953,2026,1333,degree4,6,3,740700,0,113700
37,laws,sparse_zero,2000,8953,2026,1333,mean_map,6,4,429200,38.0098810815718,6500
37,laws,sparse_zero,2000,8953,2026,1333,binary,6,5,474500,0,0
37,laws,sparse_zero,2000,8953,2026,1333,max_maxdegree,6,6,288500,12.498395590649285,23700
37,laws,sparse_zero,2000,8953,2026,1333,caliber,6,7,382500,0,28100
37,laws,sparse_zero,2000,8953,2026,1333,fourary,6,8,465700,0,0
37,laws,sparse_zero,2000,8953,2026,1333,std_binary,6,9,460900,0,0
37,laws,sparse_zero,2000,8953,2026,1333,std_binary,7,0,828200,0,0
37,laws,sparse_zero,2000,8953,2026,1333,fourary,7,1,543100,0,0
37,laws,sparse_zero,2000,8953,2026,1333,caliber,7,2,334000,0,28100
37,laws,sparse_zero,2000,8953,2026,1333,max_maxdegree,7,3,297200,12.498395590649285,23700
37,laws,sparse_zero,2000,8953,2026,1333,binary,7,4,478300,0,0
37,laws,sparse_zero,2000,8953,2026,1333,mean_map,7,5,467500,38.0098810815718,6500
37,laws,sparse_zero,2000,8953,2026,1333,degree4,7,6,609900,0,113700
37,laws,sparse_zero,2000,8953,2026,1333,mean_degree,7,7,711600,8.490982035423166,6500
37,laws,sparse_zero,2000,8953,2026,1333,mean_ring,7,8,1083900,38.0098810815718,6500
37,laws,sparse_zero,2000,8953,2026,1333,selected_grid,7,9,321900,28.50741081117885,34832100
38,calibration,sparse_integer,2000,8953,2026,0,grid_0.25,0,0,263900,12.722886183402212,6800
38,calibration,sparse_integer,2000,8953,2026,0,grid_0.1,0,1,311400,5.089154473360885,6800
38,calibration,sparse_integer,2000,8953,2026,0,grid_1.5,0,2,257000,76.33731710041327,6800
38,calibration,sparse_integer,2000,8953,2026,0,grid_0.03125,0,3,362100,1.5903607729252764,6800
38,calibration,sparse_integer,2000,8953,2026,0,grid_4,0,4,197600,203.56617893443538,6800
38,calibration,sparse_integer,2000,8953,2026,0,grid_0.05,0,5,313400,2.5445772366804427,6800
38,calibration,sparse_integer,2000,8953,2026,0,grid_2,0,6,193000,101.78308946721769,6800
38,calibration,sparse_integer,2000,8953,2026,0,grid_8,0,7,256600,407.13235786887077,6800
38,calibration,sparse_integer,2000,8953,2026,0,grid_1,0,8,220400,50.891544733608846,6800
38,calibration,sparse_integer,2000,8953,2026,0,grid_16,0,9,252100,814.2647157377415,6800
38,calibration,sparse_integer,2000,8953,2026,0,grid_0.75,0,10,229300,38.16865855020664,6800
38,calibration,sparse_integer,2000,8953,2026,0,grid_0.5,0,11,235200,25.445772366804423,6800
38,calibration,sparse_integer,2000,8953,2026,0,grid_0.5,1,0,225100,25.445772366804423,6800
38,calibration,sparse_integer,2000,8953,2026,0,grid_0.75,1,1,219800,38.16865855020664,6800
38,calibration,sparse_integer,2000,8953,2026,0,grid_16,1,2,255300,814.2647157377415,6800
38,calibration,sparse_integer,2000,8953,2026,0,grid_1,1,3,213900,50.891544733608846,6800
38,calibration,sparse_integer,2000,8953,2026,0,grid_8,1,4,252600,407.13235786887077,6800
38,calibration,sparse_integer,2000,8953,2026,0,grid_2,1,5,194500,101.78308946721769,6800
38,calibration,sparse_integer,2000,8953,2026,0,grid_0.05,1,6,336500,2.5445772366804427,6800
38,calibration,sparse_integer,2000,8953,2026,0,grid_4,1,7,197100,203.56617893443538,6800
38,calibration,sparse_integer,2000,8953,2026,0,grid_0.03125,1,8,338700,1.5903607729252764,6800
38,calibration,sparse_integer,2000,8953,2026,0,grid_1.5,1,9,208700,76.33731710041327,6800
38,calibration,sparse_integer,2000,8953,2026,0,grid_0.1,1,10,289300,5.089154473360885,6800
38,calibration,sparse_integer,2000,8953,2026,0,grid_0.25,1,11,256300,12.722886183402212,6800
38,calibration,sparse_integer,2000,8953,2026,0,grid_0.05,2,0,305300,2.5445772366804427,6800
38,calibration,sparse_integer,2000,8953,2026,0,grid_0.5,2,1,245800,25.445772366804423,6800
38,calibration,sparse_integer,2000,8953,2026,0,grid_0.25,2,2,248400,12.722886183402212,6800
38,calibration,sparse_integer,2000,8953,2026,0,grid_8,2,3,259500,407.13235786887077,6800
38,calibration,sparse_integer,2000,8953,2026,0,grid_0.1,2,4,298400,5.089154473360885,6800
38,calibration,sparse_integer,2000,8953,2026,0,grid_4,2,5,201000,203.56617893443538,6800
38,calibration,sparse_integer,2000,8953,2026,0,grid_2,2,6,194400,101.78308946721769,6800
38,calibration,sparse_integer,2000,8953,2026,0,grid_0.03125,2,7,337200,1.5903607729252764,6800
38,calibration,sparse_integer,2000,8953,2026,0,grid_0.75,2,8,226600,38.16865855020664,6800
38,calibration,sparse_integer,2000,8953,2026,0,grid_1.5,2,9,214600,76.33731710041327,6800
38,calibration,sparse_integer,2000,8953,2026,0,grid_1,2,10,213400,50.891544733608846,6800
38,calibration,sparse_integer,2000,8953,2026,0,grid_16,2,11,253700,814.2647157377415,6800
38,calibration,sparse_integer,2000,8953,2026,0,grid_16,3,0,248600,814.2647157377415,6800
38,calibration,sparse_integer,2000,8953,2026,0,grid_1,3,1,210500,50.891544733608846,6800
38,calibration,sparse_integer,2000,8953,2026,0,grid_1.5,3,2,204700,76.33731710041327,6800
38,calibration,sparse_integer,2000,8953,2026,0,grid_0.75,3,3,222700,38.16865855020664,6800
38,calibration,sparse_integer,2000,8953,2026,0,grid_0.03125,3,4,344400,1.5903607729252764,6800
38,calibration,sparse_integer,2000,8953,2026,0,grid_2,3,5,197300,101.78308946721769,6800
38,calibration,sparse_integer,2000,8953,2026,0,grid_4,3,6,195400,203.56617893443538,6800
38,calibration,sparse_integer,2000,8953,2026,0,grid_0.1,3,7,301900,5.089154473360885,6800
38,calibration,sparse_integer,2000,8953,2026,0,grid_8,3,8,258200,407.13235786887077,6800
38,calibration,sparse_integer,2000,8953,2026,0,grid_0.25,3,9,253600,12.722886183402212,6800
38,calibration,sparse_integer,2000,8953,2026,0,grid_0.5,3,10,235400,25.445772366804423,6800
38,calibration,sparse_integer,2000,8953,2026,0,grid_0.05,3,11,316200,2.5445772366804427,6800
38,calibration,sparse_integer,2000,8953,2026,0,grid_8,4,0,251900,407.13235786887077,6800
38,calibration,sparse_integer,2000,8953,2026,0,grid_0.5,4,1,238400,25.445772366804423,6800
38,calibration,sparse_integer,2000,8953,2026,0,grid_1,4,2,215300,50.891544733608846,6800
38,calibration,sparse_integer,2000,8953,2026,0,grid_0.05,4,3,303900,2.5445772366804427,6800
38,calibration,sparse_integer,2000,8953,2026,0,grid_16,4,4,257100,814.2647157377415,6800
38,calibration,sparse_integer,2000,8953,2026,0,grid_0.03125,4,5,357300,1.5903607729252764,6800
38,calibration,sparse_integer,2000,8953,2026,0,grid_1.5,4,6,219500,76.33731710041327,6800
38,calibration,sparse_integer,2000,8953,2026,0,grid_0.25,4,7,257500,12.722886183402212,6800
38,calibration,sparse_integer,2000,8953,2026,0,grid_4,4,8,211600,203.56617893443538,6800
38,calibration,sparse_integer,2000,8953,2026,0,grid_2,4,9,197800,101.78308946721769,6800
38,calibration,sparse_integer,2000,8953,2026,0,grid_0.75,4,10,231600,38.16865855020664,6800
38,calibration,sparse_integer,2000,8953,2026,0,grid_0.1,4,11,288800,5.089154473360885,6800
38,calibration,sparse_integer,2000,8953,2026,0,grid_0.1,5,0,284700,5.089154473360885,6800
38,calibration,sparse_integer,2000,8953,2026,0,grid_0.75,5,1,224200,38.16865855020664,6800
38,calibration,sparse_integer,2000,8953,2026,0,grid_2,5,2,195900,101.78308946721769,6800
38,calibration,sparse_integer,2000,8953,2026,0,grid_4,5,3,198900,203.56617893443538,6800
38,calibration,sparse_integer,2000,8953,2026,0,grid_0.25,5,4,258700,12.722886183402212,6800
38,calibration,sparse_integer,2000,8953,2026,0,grid_1.5,5,5,213500,76.33731710041327,6800
38,calibration,sparse_integer,2000,8953,2026,0,grid_0.03125,5,6,337000,1.5903607729252764,6800
38,calibration,sparse_integer,2000,8953,2026,0,grid_16,5,7,318000,814.2647157377415,6800
38,calibration,sparse_integer,2000,8953,2026,0,grid_0.05,5,8,352300,2.5445772366804427,6800
38,calibration,sparse_integer,2000,8953,2026,0,grid_1,5,9,423500,50.891544733608846,6800
38,calibration,sparse_integer,2000,8953,2026,0,grid_0.5,5,10,264900,25.445772366804423,6800
38,calibration,sparse_integer,2000,8953,2026,0,grid_8,5,11,291900,407.13235786887077,6800
38,laws,sparse_integer,2000,8953,2026,667,mean_ring,0,0,200600,50.891544733608846,6800
38,laws,sparse_integer,2000,8953,2026,667,fourary,0,1,460300,0,0
38,laws,sparse_integer,2000,8953,2026,667,radix,0,2,235900,0,0
38,laws,sparse_integer,2000,8953,2026,667,selected_grid,0,3,180900,101.78308946721769,18546500
38,laws,sparse_integer,2000,8953,2026,667,caliber,0,4,352600,0,30300
38,laws,sparse_integer,2000,8953,2026,667,binary,0,5,407500,0,0
38,laws,sparse_integer,2000,8953,2026,667,degree4,0,6,449600,0,199500
38,laws,sparse_integer,2000,8953,2026,667,mean_degree,0,7,269600,11.368601526551737,6800
38,laws,sparse_integer,2000,8953,2026,667,max_maxdegree,0,8,265000,12.5,25900
38,laws,sparse_integer,2000,8953,2026,667,std_binary,0,9,405900,0,0
38,laws,sparse_integer,2000,8953,2026,667,mean_map,0,10,251800,50.891544733608846,6800
38,laws,sparse_integer,2000,8953,2026,667,mean_map,1,0,268800,50.891544733608846,6800
38,laws,sparse_integer,2000,8953,2026,667,std_binary,1,1,396500,0,0
38,laws,sparse_integer,2000,8953,2026,667,max_maxdegree,1,2,265500,12.5,25900
38,laws,sparse_integer,2000,8953,2026,667,mean_degree,1,3,258400,11.368601526551737,6800
38,laws,sparse_integer,2000,8953,2026,667,degree4,1,4,482100,0,199500
38,laws,sparse_integer,2000,8953,2026,667,binary,1,5,522600,0,0
38,laws,sparse_integer,2000,8953,2026,667,caliber,1,6,347500,0,30300
38,laws,sparse_integer,2000,8953,2026,667,selected_grid,1,7,187800,101.78308946721769,18546500
38,laws,sparse_integer,2000,8953,2026,667,radix,1,8,234000,0,0
38,laws,sparse_integer,2000,8953,2026,667,fourary,1,9,486900,0,0
38,laws,sparse_integer,2000,8953,2026,667,mean_ring,1,10,226100,50.891544733608846,6800
38,laws,sparse_integer,2000,8953,2026,667,degree4,2,0,458900,0,199500
38,laws,sparse_integer,2000,8953,2026,667,selected_grid,2,1,184700,101.78308946721769,18546500
38,laws,sparse_integer,2000,8953,2026,667,fourary,2,2,431100,0,0
38,laws,sparse_integer,2000,8953,2026,667,radix,2,3,241800,0,0
38,laws,sparse_integer,2000,8953,2026,667,caliber,2,4,358000,0,30300
38,laws,sparse_integer,2000,8953,2026,667,binary,2,5,431100,0,0
38,laws,sparse_integer,2000,8953,2026,667,mean_map,2,6,244300,50.891544733608846,6800
38,laws,sparse_integer,2000,8953,2026,667,mean_ring,2,7,209800,50.891544733608846,6800
38,laws,sparse_integer,2000,8953,2026,667,max_maxdegree,2,8,258000,12.5,25900
38,laws,sparse_integer,2000,8953,2026,667,std_binary,2,9,400200,0,0
38,laws,sparse_integer,2000,8953,2026,667,mean_degree,2,10,258600,11.368601526551737,6800
38,laws,sparse_integer,2000,8953,2026,667,mean_degree,3,0,243600,11.368601526551737,6800
38,laws,sparse_integer,2000,8953,2026,667,std_binary,3,1,387500,0,0
38,laws,sparse_integer,2000,8953,2026,667,max_maxdegree,3,2,261200,12.5,25900
38,laws,sparse_integer,2000,8953,2026,667,mean_ring,3,3,204800,50.891544733608846,6800
38,laws,sparse_integer,2000,8953,2026,667,mean_map,3,4,219700,50.891544733608846,6800
38,laws,sparse_integer,2000,8953,2026,667,binary,3,5,449200,0,0
38,laws,sparse_integer,2000,8953,2026,667,caliber,3,6,372600,0,30300
38,laws,sparse_integer,2000,8953,2026,667,radix,3,7,246100,0,0
38,laws,sparse_integer,2000,8953,2026,667,fourary,3,8,527800,0,0
38,laws,sparse_integer,2000,8953,2026,667,selected_grid,3,9,194000,101.78308946721769,18546500
38,laws,sparse_integer,2000,8953,2026,667,degree4,3,10,468400,0,199500
38,laws,sparse_integer,2000,8953,2026,667,selected_grid,4,0,182400,101.78308946721769,18546500
38,laws,sparse_integer,2000,8953,2026,667,std_binary,4,1,404900,0,0
38,laws,sparse_integer,2000,8953,2026,667,fourary,4,2,433800,0,0
38,laws,sparse_integer,2000,8953,2026,667,degree4,4,3,456500,0,199500
38,laws,sparse_integer,2000,8953,2026,667,radix,4,4,238500,0,0
38,laws,sparse_integer,2000,8953,2026,667,mean_map,4,5,253100,50.891544733608846,6800
38,laws,sparse_integer,2000,8953,2026,667,max_maxdegree,4,6,259500,12.5,25900
38,laws,sparse_integer,2000,8953,2026,667,mean_degree,4,7,254300,11.368601526551737,6800
38,laws,sparse_integer,2000,8953,2026,667,binary,4,8,563000,0,0
38,laws,sparse_integer,2000,8953,2026,667,caliber,4,9,377200,0,30300
38,laws,sparse_integer,2000,8953,2026,667,mean_ring,4,10,206300,50.891544733608846,6800
38,laws,sparse_integer,2000,8953,2026,667,mean_ring,5,0,192800,50.891544733608846,6800
38,laws,sparse_integer,2000,8953,2026,667,caliber,5,1,331800,0,30300
38,laws,sparse_integer,2000,8953,2026,667,binary,5,2,425500,0,0
38,laws,sparse_integer,2000,8953,2026,667,mean_degree,5,3,257000,11.368601526551737,6800
38,laws,sparse_integer,2000,8953,2026,667,max_maxdegree,5,4,247600,12.5,25900
38,laws,sparse_integer,2000,8953,2026,667,mean_map,5,5,219200,50.891544733608846,6800
38,laws,sparse_integer,2000,8953,2026,667,radix,5,6,247200,0,0
38,laws,sparse_integer,2000,8953,2026,667,degree4,5,7,468200,0,199500
38,laws,sparse_integer,2000,8953,2026,667,fourary,5,8,492200,0,0
38,laws,sparse_integer,2000,8953,2026,667,std_binary,5,9,425300,0,0
38,laws,sparse_integer,2000,8953,2026,667,selected_grid,5,10,204500,101.78308946721769,18546500
38,laws,sparse_integer,2000,8953,2026,667,degree4,6,0,540400,0,199500
38,laws,sparse_integer,2000,8953,2026,667,std_binary,6,1,492600,0,0
38,laws,sparse_integer,2000,8953,2026,667,mean_map,6,2,310100,50.891544733608846,6800
38,laws,sparse_integer,2000,8953,2026,667,radix,6,3,300300,0,0
38,laws,sparse_integer,2000,8953,2026,667,mean_degree,6,4,269800,11.368601526551737,6800
38,laws,sparse_integer,2000,8953,2026,667,binary,6,5,428300,0,0
38,laws,sparse_integer,2000,8953,2026,667,caliber,6,6,346200,0,30300
38,laws,sparse_integer,2000,8953,2026,667,fourary,6,7,466200,0,0
38,laws,sparse_integer,2000,8953,2026,667,selected_grid,6,8,546100,101.78308946721769,18546500
38,laws,sparse_integer,2000,8953,2026,667,mean_ring,6,9,252600,50.891544733608846,6800
38,laws,sparse_integer,2000,8953,2026,667,max_maxdegree,6,10,323500,12.5,25900
38,laws,sparse_integer,2000,8953,2026,667,max_maxdegree,7,0,287900,12.5,25900
38,laws,sparse_integer,2000,8953,2026,667,mean_ring,7,1,193800,50.891544733608846,6800
38,laws,sparse_integer,2000,8953,2026,667,selected_grid,7,2,186100,101.78308946721769,18546500
38,laws,sparse_integer,2000,8953,2026,667,fourary,7,3,448400,0,0
38,laws,sparse_integer,2000,8953,2026,667,caliber,7,4,348900,0,30300
38,laws,sparse_integer,2000,8953,2026,667,binary,7,5,413700,0,0
38,laws,sparse_integer,2000,8953,2026,667,mean_degree,7,6,270100,11.368601526551737,6800
38,laws,sparse_integer,2000,8953,2026,667,radix,7,7,237300,0,0
38,laws,sparse_integer,2000,8953,2026,667,mean_map,7,8,236000,50.891544733608846,6800
38,laws,sparse_integer,2000,8953,2026,667,std_binary,7,9,451800,0,0
38,laws,sparse_integer,2000,8953,2026,667,degree4,7,10,460800,0,199500
38,laws,sparse_integer,2000,8953,2026,1333,binary,0,0,407400,0,0
38,laws,sparse_integer,2000,8953,2026,1333,selected_grid,0,1,190100,101.78308946721769,18546500
38,laws,sparse_integer,2000,8953,2026,1333,mean_map,0,2,262000,50.891544733608846,6800
38,laws,sparse_integer,2000,8953,2026,1333,caliber,0,3,346300,0,30300
38,laws,sparse_integer,2000,8953,2026,1333,radix,0,4,237200,0,0
38,laws,sparse_integer,2000,8953,2026,1333,mean_ring,0,5,226300,50.891544733608846,6800
38,laws,sparse_integer,2000,8953,2026,1333,mean_degree,0,6,292900,11.368601526551737,6800
38,laws,sparse_integer,2000,8953,2026,1333,degree4,0,7,494000,0,199500
38,laws,sparse_integer,2000,8953,2026,1333,fourary,0,8,488700,0,0
38,laws,sparse_integer,2000,8953,2026,1333,std_binary,0,9,392500,0,0
38,laws,sparse_integer,2000,8953,2026,1333,max_maxdegree,0,10,259600,12.5,25900
38,laws,sparse_integer,2000,8953,2026,1333,max_maxdegree,1,0,256100,12.5,25900
38,laws,sparse_integer,2000,8953,2026,1333,std_binary,1,1,377900,0,0
38,laws,sparse_integer,2000,8953,2026,1333,fourary,1,2,443800,0,0
38,laws,sparse_integer,2000,8953,2026,1333,degree4,1,3,453200,0,199500
38,laws,sparse_integer,2000,8953,2026,1333,mean_degree,1,4,263400,11.368601526551737,6800
38,laws,sparse_integer,2000,8953,2026,1333,mean_ring,1,5,222000,50.891544733608846,6800
38,laws,sparse_integer,2000,8953,2026,1333,radix,1,6,249700,0,0
38,laws,sparse_integer,2000,8953,2026,1333,caliber,1,7,348700,0,30300
38,laws,sparse_integer,2000,8953,2026,1333,mean_map,1,8,235500,50.891544733608846,6800
38,laws,sparse_integer,2000,8953,2026,1333,selected_grid,1,9,220600,101.78308946721769,18546500
38,laws,sparse_integer,2000,8953,2026,1333,binary,1,10,414500,0,0
38,laws,sparse_integer,2000,8953,2026,1333,mean_degree,2,0,263800,11.368601526551737,6800
38,laws,sparse_integer,2000,8953,2026,1333,mean_map,2,1,220400,50.891544733608846,6800
38,laws,sparse_integer,2000,8953,2026,1333,radix,2,2,390200,0,0
38,laws,sparse_integer,2000,8953,2026,1333,fourary,2,3,581300,0,0
38,laws,sparse_integer,2000,8953,2026,1333,caliber,2,4,421200,0,30300
38,laws,sparse_integer,2000,8953,2026,1333,std_binary,2,5,596500,0,0
38,laws,sparse_integer,2000,8953,2026,1333,mean_ring,2,6,210200,50.891544733608846,6800
38,laws,sparse_integer,2000,8953,2026,1333,max_maxdegree,2,7,257200,12.5,25900
38,laws,sparse_integer,2000,8953,2026,1333,selected_grid,2,8,191000,101.78308946721769,18546500
38,laws,sparse_integer,2000,8953,2026,1333,binary,2,9,420100,0,0
38,laws,sparse_integer,2000,8953,2026,1333,degree4,2,10,551400,0,199500
38,laws,sparse_integer,2000,8953,2026,1333,degree4,3,0,451700,0,199500
38,laws,sparse_integer,2000,8953,2026,1333,binary,3,1,404800,0,0
38,laws,sparse_integer,2000,8953,2026,1333,selected_grid,3,2,190600,101.78308946721769,18546500
38,laws,sparse_integer,2000,8953,2026,1333,max_maxdegree,3,3,263200,12.5,25900
38,laws,sparse_integer,2000,8953,2026,1333,mean_ring,3,4,232900,50.891544733608846,6800
38,laws,sparse_integer,2000,8953,2026,1333,std_binary,3,5,417100,0,0
38,laws,sparse_integer,2000,8953,2026,1333,caliber,3,6,344200,0,30300
38,laws,sparse_integer,2000,8953,2026,1333,fourary,3,7,438700,0,0
38,laws,sparse_integer,2000,8953,2026,1333,radix,3,8,237000,0,0
38,laws,sparse_integer,2000,8953,2026,1333,mean_map,3,9,241600,50.891544733608846,6800
38,laws,sparse_integer,2000,8953,2026,1333,mean_degree,3,10,349500,11.368601526551737,6800
38,laws,sparse_integer,2000,8953,2026,1333,binary,4,0,534600,0,0
38,laws,sparse_integer,2000,8953,2026,1333,mean_degree,4,1,325100,11.368601526551737,6800
38,laws,sparse_integer,2000,8953,2026,1333,selected_grid,4,2,231900,101.78308946721769,18546500
38,laws,sparse_integer,2000,8953,2026,1333,radix,4,3,296400,0,0
38,laws,sparse_integer,2000,8953,2026,1333,degree4,4,4,560300,0,199500
38,laws,sparse_integer,2000,8953,2026,1333,mean_map,4,5,287700,50.891544733608846,6800
38,laws,sparse_integer,2000,8953,2026,1333,max_maxdegree,4,6,321800,12.5,25900
38,laws,sparse_integer,2000,8953,2026,1333,caliber,4,7,442400,0,30300
38,laws,sparse_integer,2000,8953,2026,1333,fourary,4,8,522100,0,0
38,laws,sparse_integer,2000,8953,2026,1333,mean_ring,4,9,209800,50.891544733608846,6800
38,laws,sparse_integer,2000,8953,2026,1333,std_binary,4,10,418000,0,0
38,laws,sparse_integer,2000,8953,2026,1333,std_binary,5,0,755000,0,0
38,laws,sparse_integer,2000,8953,2026,1333,mean_ring,5,1,250500,50.891544733608846,6800
38,laws,sparse_integer,2000,8953,2026,1333,fourary,5,2,552100,0,0
38,laws,sparse_integer,2000,8953,2026,1333,caliber,5,3,449900,0,30300
38,laws,sparse_integer,2000,8953,2026,1333,max_maxdegree,5,4,291300,12.5,25900
38,laws,sparse_integer,2000,8953,2026,1333,mean_map,5,5,237000,50.891544733608846,6800
38,laws,sparse_integer,2000,8953,2026,1333,degree4,5,6,483900,0,199500
38,laws,sparse_integer,2000,8953,2026,1333,radix,5,7,236700,0,0
38,laws,sparse_integer,2000,8953,2026,1333,selected_grid,5,8,189000,101.78308946721769,18546500
38,laws,sparse_integer,2000,8953,2026,1333,mean_degree,5,9,255900,11.368601526551737,6800
38,laws,sparse_integer,2000,8953,2026,1333,binary,5,10,479600,0,0
38,laws,sparse_integer,2000,8953,2026,1333,std_binary,6,0,406800,0,0
38,laws,sparse_integer,2000,8953,2026,1333,degree4,6,1,454600,0,199500
38,laws,sparse_integer,2000,8953,2026,1333,selected_grid,6,2,193100,101.78308946721769,18546500
38,laws,sparse_integer,2000,8953,2026,1333,max_maxdegree,6,3,268000,12.5,25900
38,laws,sparse_integer,2000,8953,2026,1333,radix,6,4,253300,0,0
38,laws,sparse_integer,2000,8953,2026,1333,mean_map,6,5,225900,50.891544733608846,6800
38,laws,sparse_integer,2000,8953,2026,1333,mean_degree,6,6,255700,11.368601526551737,6800
38,laws,sparse_integer,2000,8953,2026,1333,caliber,6,7,358900,0,30300
38,laws,sparse_integer,2000,8953,2026,1333,mean_ring,6,8,203800,50.891544733608846,6800
38,laws,sparse_integer,2000,8953,2026,1333,binary,6,9,546400,0,0
38,laws,sparse_integer,2000,8953,2026,1333,fourary,6,10,1170500,0,0
38,laws,sparse_integer,2000,8953,2026,1333,fourary,7,0,427300,0,0
38,laws,sparse_integer,2000,8953,2026,1333,binary,7,1,413800,0,0
38,laws,sparse_integer,2000,8953,2026,1333,mean_ring,7,2,223200,50.891544733608846,6800
38,laws,sparse_integer,2000,8953,2026,1333,caliber,7,3,348100,0,30300
38,laws,sparse_integer,2000,8953,2026,1333,mean_degree,7,4,284600,11.368601526551737,6800
38,laws,sparse_integer,2000,8953,2026,1333,mean_map,7,5,216700,50.891544733608846,6800
38,laws,sparse_integer,2000,8953,2026,1333,radix,7,6,233700,0,0
38,laws,sparse_integer,2000,8953,2026,1333,max_maxdegree,7,7,251200,12.5,25900
38,laws,sparse_integer,2000,8953,2026,1333,selected_grid,7,8,193100,101.78308946721769,18546500
38,laws,sparse_integer,2000,8953,2026,1333,degree4,7,9,488200,0,199500
38,laws,sparse_integer,2000,8953,2026,1333,std_binary,7,10,425400,0,0
39,calibration,sparse_shuffle,2000,8953,2026,0,grid_0.25,0,0,256100,12.619195719078856,7100
39,calibration,sparse_shuffle,2000,8953,2026,0,grid_0.1,0,1,285300,5.047678287631543,7100
39,calibration,sparse_shuffle,2000,8953,2026,0,grid_1.5,0,2,213100,75.71517431447313,7100
39,calibration,sparse_shuffle,2000,8953,2026,0,grid_0.03125,0,3,348200,1.577399464884857,7100
39,calibration,sparse_shuffle,2000,8953,2026,0,grid_4,0,4,180900,201.9071315052617,7100
39,calibration,sparse_shuffle,2000,8953,2026,0,grid_0.05,0,5,309900,2.5238391438157715,7100
39,calibration,sparse_shuffle,2000,8953,2026,0,grid_2,0,6,185700,100.95356575263085,7100
39,calibration,sparse_shuffle,2000,8953,2026,0,grid_8,0,7,231900,403.8142630105234,7100
39,calibration,sparse_shuffle,2000,8953,2026,0,grid_1,0,8,220500,50.476782876315426,7100
39,calibration,sparse_shuffle,2000,8953,2026,0,grid_16,0,9,236300,807.6285260210468,7100
39,calibration,sparse_shuffle,2000,8953,2026,0,grid_0.75,0,10,222000,37.857587157236566,7100
39,calibration,sparse_shuffle,2000,8953,2026,0,grid_0.5,0,11,238800,25.238391438157713,7100
39,calibration,sparse_shuffle,2000,8953,2026,0,grid_0.5,1,0,235800,25.238391438157713,7100
39,calibration,sparse_shuffle,2000,8953,2026,0,grid_0.75,1,1,216900,37.857587157236566,7100
39,calibration,sparse_shuffle,2000,8953,2026,0,grid_16,1,2,230800,807.6285260210468,7100
39,calibration,sparse_shuffle,2000,8953,2026,0,grid_1,1,3,214900,50.476782876315426,7100
39,calibration,sparse_shuffle,2000,8953,2026,0,grid_8,1,4,230000,403.8142630105234,7100
39,calibration,sparse_shuffle,2000,8953,2026,0,grid_2,1,5,188300,100.95356575263085,7100
39,calibration,sparse_shuffle,2000,8953,2026,0,grid_0.05,1,6,316900,2.5238391438157715,7100
39,calibration,sparse_shuffle,2000,8953,2026,0,grid_4,1,7,181100,201.9071315052617,7100
39,calibration,sparse_shuffle,2000,8953,2026,0,grid_0.03125,1,8,345900,1.577399464884857,7100
39,calibration,sparse_shuffle,2000,8953,2026,0,grid_1.5,1,9,208100,75.71517431447313,7100
39,calibration,sparse_shuffle,2000,8953,2026,0,grid_0.1,1,10,284300,5.047678287631543,7100
39,calibration,sparse_shuffle,2000,8953,2026,0,grid_0.25,1,11,259400,12.619195719078856,7100
39,calibration,sparse_shuffle,2000,8953,2026,0,grid_0.05,2,0,301600,2.5238391438157715,7100
39,calibration,sparse_shuffle,2000,8953,2026,0,grid_0.5,2,1,239100,25.238391438157713,7100
39,calibration,sparse_shuffle,2000,8953,2026,0,grid_0.25,2,2,255800,12.619195719078856,7100
39,calibration,sparse_shuffle,2000,8953,2026,0,grid_8,2,3,332700,403.8142630105234,7100
39,calibration,sparse_shuffle,2000,8953,2026,0,grid_0.1,2,4,285000,5.047678287631543,7100
39,calibration,sparse_shuffle,2000,8953,2026,0,grid_4,2,5,187100,201.9071315052617,7100
39,calibration,sparse_shuffle,2000,8953,2026,0,grid_2,2,6,199800,100.95356575263085,7100
39,calibration,sparse_shuffle,2000,8953,2026,0,grid_0.03125,2,7,340500,1.577399464884857,7100
39,calibration,sparse_shuffle,2000,8953,2026,0,grid_0.75,2,8,234600,37.857587157236566,7100
39,calibration,sparse_shuffle,2000,8953,2026,0,grid_1.5,2,9,226800,75.71517431447313,7100
39,calibration,sparse_shuffle,2000,8953,2026,0,grid_1,2,10,241500,50.476782876315426,7100
39,calibration,sparse_shuffle,2000,8953,2026,0,grid_16,2,11,231000,807.6285260210468,7100
39,calibration,sparse_shuffle,2000,8953,2026,0,grid_16,3,0,225900,807.6285260210468,7100
39,calibration,sparse_shuffle,2000,8953,2026,0,grid_1,3,1,213900,50.476782876315426,7100
39,calibration,sparse_shuffle,2000,8953,2026,0,grid_1.5,3,2,207200,75.71517431447313,7100
39,calibration,sparse_shuffle,2000,8953,2026,0,grid_0.75,3,3,230200,37.857587157236566,7100
39,calibration,sparse_shuffle,2000,8953,2026,0,grid_0.03125,3,4,346600,1.577399464884857,7100
39,calibration,sparse_shuffle,2000,8953,2026,0,grid_2,3,5,193600,100.95356575263085,7100
39,calibration,sparse_shuffle,2000,8953,2026,0,grid_4,3,6,184500,201.9071315052617,7100
39,calibration,sparse_shuffle,2000,8953,2026,0,grid_0.1,3,7,298100,5.047678287631543,7100
39,calibration,sparse_shuffle,2000,8953,2026,0,grid_8,3,8,236000,403.8142630105234,7100
39,calibration,sparse_shuffle,2000,8953,2026,0,grid_0.25,3,9,256500,12.619195719078856,7100
39,calibration,sparse_shuffle,2000,8953,2026,0,grid_0.5,3,10,235000,25.238391438157713,7100
39,calibration,sparse_shuffle,2000,8953,2026,0,grid_0.05,3,11,312100,2.5238391438157715,7100
39,calibration,sparse_shuffle,2000,8953,2026,0,grid_8,4,0,240000,403.8142630105234,7100
39,calibration,sparse_shuffle,2000,8953,2026,0,grid_0.5,4,1,257700,25.238391438157713,7100
39,calibration,sparse_shuffle,2000,8953,2026,0,grid_1,4,2,229100,50.476782876315426,7100
39,calibration,sparse_shuffle,2000,8953,2026,0,grid_0.05,4,3,310700,2.5238391438157715,7100
39,calibration,sparse_shuffle,2000,8953,2026,0,grid_16,4,4,231400,807.6285260210468,7100
39,calibration,sparse_shuffle,2000,8953,2026,0,grid_0.03125,4,5,332800,1.577399464884857,7100
39,calibration,sparse_shuffle,2000,8953,2026,0,grid_1.5,4,6,210000,75.71517431447313,7100
39,calibration,sparse_shuffle,2000,8953,2026,0,grid_0.25,4,7,255900,12.619195719078856,7100
39,calibration,sparse_shuffle,2000,8953,2026,0,grid_4,4,8,244400,201.9071315052617,7100
39,calibration,sparse_shuffle,2000,8953,2026,0,grid_2,4,9,193200,100.95356575263085,7100
39,calibration,sparse_shuffle,2000,8953,2026,0,grid_0.75,4,10,226200,37.857587157236566,7100
39,calibration,sparse_shuffle,2000,8953,2026,0,grid_0.1,4,11,296400,5.047678287631543,7100
39,calibration,sparse_shuffle,2000,8953,2026,0,grid_0.1,5,0,522000,5.047678287631543,7100
39,calibration,sparse_shuffle,2000,8953,2026,0,grid_0.75,5,1,278300,37.857587157236566,7100
39,calibration,sparse_shuffle,2000,8953,2026,0,grid_2,5,2,200100,100.95356575263085,7100
39,calibration,sparse_shuffle,2000,8953,2026,0,grid_4,5,3,179300,201.9071315052617,7100
39,calibration,sparse_shuffle,2000,8953,2026,0,grid_0.25,5,4,263400,12.619195719078856,7100
39,calibration,sparse_shuffle,2000,8953,2026,0,grid_1.5,5,5,212900,75.71517431447313,7100
39,calibration,sparse_shuffle,2000,8953,2026,0,grid_0.03125,5,6,383000,1.577399464884857,7100
39,calibration,sparse_shuffle,2000,8953,2026,0,grid_16,5,7,238300,807.6285260210468,7100
39,calibration,sparse_shuffle,2000,8953,2026,0,grid_0.05,5,8,312900,2.5238391438157715,7100
39,calibration,sparse_shuffle,2000,8953,2026,0,grid_1,5,9,237800,50.476782876315426,7100
39,calibration,sparse_shuffle,2000,8953,2026,0,grid_0.5,5,10,244600,25.238391438157713,7100
39,calibration,sparse_shuffle,2000,8953,2026,0,grid_8,5,11,233900,403.8142630105234,7100
39,laws,sparse_shuffle,2000,8953,2026,667,mean_ring,0,0,208800,50.476782876315426,7100
39,laws,sparse_shuffle,2000,8953,2026,667,fourary,0,1,362100,0,0
39,laws,sparse_shuffle,2000,8953,2026,667,selected_grid,0,2,195800,201.9071315052617,18274000
39,laws,sparse_shuffle,2000,8953,2026,667,mean_map,0,3,215000,50.476782876315426,7100
39,laws,sparse_shuffle,2000,8953,2026,667,caliber,0,4,328500,0,27500
39,laws,sparse_shuffle,2000,8953,2026,667,binary,0,5,379200,0,0
39,laws,sparse_shuffle,2000,8953,2026,667,degree4,0,6,418900,0,103400
39,laws,sparse_shuffle,2000,8953,2026,667,mean_degree,0,7,270900,11.275948369555552,7100
39,laws,sparse_shuffle,2000,8953,2026,667,max_maxdegree,0,8,254800,12.497609571688047,27000
39,laws,sparse_shuffle,2000,8953,2026,667,std_binary,0,9,356700,0,0
39,laws,sparse_shuffle,2000,8953,2026,667,std_binary,1,0,343000,0,0
39,laws,sparse_shuffle,2000,8953,2026,667,max_maxdegree,1,1,248500,12.497609571688047,27000
39,laws,sparse_shuffle,2000,8953,2026,667,mean_degree,1,2,250500,11.275948369555552,7100
39,laws,sparse_shuffle,2000,8953,2026,667,degree4,1,3,406700,0,103400
39,laws,sparse_shuffle,2000,8953,2026,667,binary,1,4,364100,0,0
39,laws,sparse_shuffle,2000,8953,2026,667,caliber,1,5,317600,0,27500
39,laws,sparse_shuffle,2000,8953,2026,667,mean_map,1,6,223300,50.476782876315426,7100
39,laws,sparse_shuffle,2000,8953,2026,667,selected_grid,1,7,202600,201.9071315052617,18274000
39,laws,sparse_shuffle,2000,8953,2026,667,fourary,1,8,360900,0,0
39,laws,sparse_shuffle,2000,8953,2026,667,mean_ring,1,9,207800,50.476782876315426,7100
39,laws,sparse_shuffle,2000,8953,2026,667,binary,2,0,356400,0,0
39,laws,sparse_shuffle,2000,8953,2026,667,selected_grid,2,1,199000,201.9071315052617,18274000
39,laws,sparse_shuffle,2000,8953,2026,667,fourary,2,2,364000,0,0
39,laws,sparse_shuffle,2000,8953,2026,667,mean_degree,2,3,268700,11.275948369555552,7100
39,laws,sparse_shuffle,2000,8953,2026,667,mean_map,2,4,216000,50.476782876315426,7100
39,laws,sparse_shuffle,2000,8953,2026,667,caliber,2,5,313500,0,27500
39,laws,sparse_shuffle,2000,8953,2026,667,std_binary,2,6,385300,0,0
39,laws,sparse_shuffle,2000,8953,2026,667,mean_ring,2,7,202100,50.476782876315426,7100
39,laws,sparse_shuffle,2000,8953,2026,667,max_maxdegree,2,8,255900,12.497609571688047,27000
39,laws,sparse_shuffle,2000,8953,2026,667,degree4,2,9,409500,0,103400
39,laws,sparse_shuffle,2000,8953,2026,667,degree4,3,0,392100,0,103400
39,laws,sparse_shuffle,2000,8953,2026,667,max_maxdegree,3,1,244800,12.497609571688047,27000
39,laws,sparse_shuffle,2000,8953,2026,667,mean_ring,3,2,199300,50.476782876315426,7100
39,laws,sparse_shuffle,2000,8953,2026,667,std_binary,3,3,366500,0,0
39,laws,sparse_shuffle,2000,8953,2026,667,caliber,3,4,324000,0,27500
39,laws,sparse_shuffle,2000,8953,2026,667,mean_map,3,5,215500,50.476782876315426,7100
39,laws,sparse_shuffle,2000,8953,2026,667,mean_degree,3,6,275600,11.275948369555552,7100
39,laws,sparse_shuffle,2000,8953,2026,667,fourary,3,7,371700,0,0
39,laws,sparse_shuffle,2000,8953,2026,667,selected_grid,3,8,208500,201.9071315052617,18274000
39,laws,sparse_shuffle,2000,8953,2026,667,binary,3,9,380800,0,0
39,laws,sparse_shuffle,2000,8953,2026,667,max_maxdegree,4,0,244900,12.497609571688047,27000
39,laws,sparse_shuffle,2000,8953,2026,667,std_binary,4,1,353200,0,0
39,laws,sparse_shuffle,2000,8953,2026,667,caliber,4,2,318800,0,27500
39,laws,sparse_shuffle,2000,8953,2026,667,binary,4,3,367000,0,0
39,laws,sparse_shuffle,2000,8953,2026,667,mean_ring,4,4,203000,50.476782876315426,7100
39,laws,sparse_shuffle,2000,8953,2026,667,mean_degree,4,5,267500,11.275948369555552,7100
39,laws,sparse_shuffle,2000,8953,2026,667,degree4,4,6,444800,0,103400
39,laws,sparse_shuffle,2000,8953,2026,667,mean_map,4,7,232700,50.476782876315426,7100
39,laws,sparse_shuffle,2000,8953,2026,667,selected_grid,4,8,366200,201.9071315052617,18274000
39,laws,sparse_shuffle,2000,8953,2026,667,fourary,4,9,360200,0,0
39,laws,sparse_shuffle,2000,8953,2026,667,fourary,5,0,529200,0,0
39,laws,sparse_shuffle,2000,8953,2026,667,selected_grid,5,1,207800,201.9071315052617,18274000
39,laws,sparse_shuffle,2000,8953,2026,667,mean_map,5,2,228400,50.476782876315426,7100
39,laws,sparse_shuffle,2000,8953,2026,667,degree4,5,3,410200,0,103400
39,laws,sparse_shuffle,2000,8953,2026,667,mean_degree,5,4,264900,11.275948369555552,7100
39,laws,sparse_shuffle,2000,8953,2026,667,mean_ring,5,5,204300,50.476782876315426,7100
39,laws,sparse_shuffle,2000,8953,2026,667,binary,5,6,382300,0,0
39,laws,sparse_shuffle,2000,8953,2026,667,caliber,5,7,323200,0,27500
39,laws,sparse_shuffle,2000,8953,2026,667,std_binary,5,8,363500,0,0
39,laws,sparse_shuffle,2000,8953,2026,667,max_maxdegree,5,9,265100,12.497609571688047,27000
39,laws,sparse_shuffle,2000,8953,2026,667,mean_ring,6,0,200200,50.476782876315426,7100
39,laws,sparse_shuffle,2000,8953,2026,667,caliber,6,1,322700,0,27500
39,laws,sparse_shuffle,2000,8953,2026,667,binary,6,2,367300,0,0
39,laws,sparse_shuffle,2000,8953,2026,667,max_maxdegree,6,3,261700,12.497609571688047,27000
39,laws,sparse_shuffle,2000,8953,2026,667,mean_map,6,4,215000,50.476782876315426,7100
39,laws,sparse_shuffle,2000,8953,2026,667,selected_grid,6,5,473600,201.9071315052617,18274000
39,laws,sparse_shuffle,2000,8953,2026,667,fourary,6,6,526300,0,0
39,laws,sparse_shuffle,2000,8953,2026,667,std_binary,6,7,475100,0,0
39,laws,sparse_shuffle,2000,8953,2026,667,degree4,6,8,476000,0,103400
39,laws,sparse_shuffle,2000,8953,2026,667,mean_degree,6,9,269400,11.275948369555552,7100
39,laws,sparse_shuffle,2000,8953,2026,667,mean_degree,7,0,254900,11.275948369555552,7100
39,laws,sparse_shuffle,2000,8953,2026,667,degree4,7,1,721900,0,103400
39,laws,sparse_shuffle,2000,8953,2026,667,std_binary,7,2,462700,0,0
39,laws,sparse_shuffle,2000,8953,2026,667,fourary,7,3,400100,0,0
39,laws,sparse_shuffle,2000,8953,2026,667,selected_grid,7,4,201000,201.9071315052617,18274000
39,laws,sparse_shuffle,2000,8953,2026,667,mean_map,7,5,242200,50.476782876315426,7100
39,laws,sparse_shuffle,2000,8953,2026,667,max_maxdegree,7,6,352100,12.497609571688047,27000
39,laws,sparse_shuffle,2000,8953,2026,667,binary,7,7,441800,0,0
39,laws,sparse_shuffle,2000,8953,2026,667,caliber,7,8,545100,0,27500
39,laws,sparse_shuffle,2000,8953,2026,667,mean_ring,7,9,216200,50.476782876315426,7100
39,laws,sparse_shuffle,2000,8953,2026,1333,fourary,0,0,350100,0,0
39,laws,sparse_shuffle,2000,8953,2026,1333,mean_ring,0,1,204600,50.476782876315426,7100
39,laws,sparse_shuffle,2000,8953,2026,1333,max_maxdegree,0,2,263300,12.497609571688047,27000
39,laws,sparse_shuffle,2000,8953,2026,1333,caliber,0,3,331100,0,27500
39,laws,sparse_shuffle,2000,8953,2026,1333,mean_map,0,4,225300,50.476782876315426,7100
39,laws,sparse_shuffle,2000,8953,2026,1333,degree4,0,5,436900,0,103400
39,laws,sparse_shuffle,2000,8953,2026,1333,binary,0,6,360800,0,0
39,laws,sparse_shuffle,2000,8953,2026,1333,std_binary,0,7,348200,0,0
39,laws,sparse_shuffle,2000,8953,2026,1333,selected_grid,0,8,220100,201.9071315052617,18274000
39,laws,sparse_shuffle,2000,8953,2026,1333,mean_degree,0,9,264900,11.275948369555552,7100
39,laws,sparse_shuffle,2000,8953,2026,1333,mean_degree,1,0,258000,11.275948369555552,7100
39,laws,sparse_shuffle,2000,8953,2026,1333,selected_grid,1,1,213500,201.9071315052617,18274000
39,laws,sparse_shuffle,2000,8953,2026,1333,std_binary,1,2,358100,0,0
39,laws,sparse_shuffle,2000,8953,2026,1333,binary,1,3,359200,0,0
39,laws,sparse_shuffle,2000,8953,2026,1333,degree4,1,4,408700,0,103400
39,laws,sparse_shuffle,2000,8953,2026,1333,mean_map,1,5,228300,50.476782876315426,7100
39,laws,sparse_shuffle,2000,8953,2026,1333,caliber,1,6,315500,0,27500
39,laws,sparse_shuffle,2000,8953,2026,1333,max_maxdegree,1,7,253600,12.497609571688047,27000
39,laws,sparse_shuffle,2000,8953,2026,1333,mean_ring,1,8,212400,50.476782876315426,7100
39,laws,sparse_shuffle,2000,8953,2026,1333,fourary,1,9,367600,0,0
39,laws,sparse_shuffle,2000,8953,2026,1333,degree4,2,0,414800,0,103400
39,laws,sparse_shuffle,2000,8953,2026,1333,mean_ring,2,1,207300,50.476782876315426,7100
39,laws,sparse_shuffle,2000,8953,2026,1333,caliber,2,2,320700,0,27500
39,laws,sparse_shuffle,2000,8953,2026,1333,std_binary,2,3,352300,0,0
39,laws,sparse_shuffle,2000,8953,2026,1333,max_maxdegree,2,4,264300,12.497609571688047,27000
39,laws,sparse_shuffle,2000,8953,2026,1333,selected_grid,2,5,226700,201.9071315052617,18274000
39,laws,sparse_shuffle,2000,8953,2026,1333,mean_map,2,6,220000,50.476782876315426,7100
39,laws,sparse_shuffle,2000,8953,2026,1333,mean_degree,2,7,255600,11.275948369555552,7100
39,laws,sparse_shuffle,2000,8953,2026,1333,fourary,2,8,355700,0,0
39,laws,sparse_shuffle,2000,8953,2026,1333,binary,2,9,381000,0,0
39,laws,sparse_shuffle,2000,8953,2026,1333,binary,3,0,367100,0,0
39,laws,sparse_shuffle,2000,8953,2026,1333,fourary,3,1,364300,0,0
39,laws,sparse_shuffle,2000,8953,2026,1333,mean_degree,3,2,295900,11.275948369555552,7100
39,laws,sparse_shuffle,2000,8953,2026,1333,mean_map,3,3,225600,50.476782876315426,7100
39,laws,sparse_shuffle,2000,8953,2026,1333,selected_grid,3,4,222100,201.9071315052617,18274000
39,laws,sparse_shuffle,2000,8953,2026,1333,max_maxdegree,3,5,257400,12.497609571688047,27000
39,laws,sparse_shuffle,2000,8953,2026,1333,std_binary,3,6,363500,0,0
39,laws,sparse_shuffle,2000,8953,2026,1333,caliber,3,7,317900,0,27500
39,laws,sparse_shuffle,2000,8953,2026,1333,mean_ring,3,8,223000,50.476782876315426,7100
39,laws,sparse_shuffle,2000,8953,2026,1333,degree4,3,9,424700,0,103400
39,laws,sparse_shuffle,2000,8953,2026,1333,fourary,4,0,351800,0,0
39,laws,sparse_shuffle,2000,8953,2026,1333,max_maxdegree,4,1,249600,12.497609571688047,27000
39,laws,sparse_shuffle,2000,8953,2026,1333,mean_degree,4,2,260200,11.275948369555552,7100
39,laws,sparse_shuffle,2000,8953,2026,1333,mean_ring,4,3,202400,50.476782876315426,7100
39,laws,sparse_shuffle,2000,8953,2026,1333,binary,4,4,362200,0,0
39,laws,sparse_shuffle,2000,8953,2026,1333,degree4,4,5,425100,0,103400
39,laws,sparse_shuffle,2000,8953,2026,1333,mean_map,4,6,216800,50.476782876315426,7100
39,laws,sparse_shuffle,2000,8953,2026,1333,std_binary,4,7,352000,0,0
39,laws,sparse_shuffle,2000,8953,2026,1333,caliber,4,8,328000,0,27500
39,laws,sparse_shuffle,2000,8953,2026,1333,selected_grid,4,9,218800,201.9071315052617,18274000
39,laws,sparse_shuffle,2000,8953,2026,1333,selected_grid,5,0,211000,201.9071315052617,18274000
39,laws,sparse_shuffle,2000,8953,2026,1333,caliber,5,1,321100,0,27500
39,laws,sparse_shuffle,2000,8953,2026,1333,std_binary,5,2,344600,0,0
39,laws,sparse_shuffle,2000,8953,2026,1333,mean_map,5,3,216800,50.476782876315426,7100
39,laws,sparse_shuffle,2000,8953,2026,1333,degree4,5,4,449200,0,103400
39,laws,sparse_shuffle,2000,8953,2026,1333,binary,5,5,367100,0,0
39,laws,sparse_shuffle,2000,8953,2026,1333,mean_ring,5,6,204500,50.476782876315426,7100
39,laws,sparse_shuffle,2000,8953,2026,1333,mean_degree,5,7,264700,11.275948369555552,7100
39,laws,sparse_shuffle,2000,8953,2026,1333,max_maxdegree,5,8,254400,12.497609571688047,27000
39,laws,sparse_shuffle,2000,8953,2026,1333,fourary,5,9,362600,0,0
39,laws,sparse_shuffle,2000,8953,2026,1333,selected_grid,6,0,216100,201.9071315052617,18274000
39,laws,sparse_shuffle,2000,8953,2026,1333,mean_ring,6,1,203700,50.476782876315426,7100
39,laws,sparse_shuffle,2000,8953,2026,1333,mean_degree,6,2,256200,11.275948369555552,7100
39,laws,sparse_shuffle,2000,8953,2026,1333,degree4,6,3,624300,0,103400
39,laws,sparse_shuffle,2000,8953,2026,1333,mean_map,6,4,231700,50.476782876315426,7100
39,laws,sparse_shuffle,2000,8953,2026,1333,binary,6,5,360800,0,0
39,laws,sparse_shuffle,2000,8953,2026,1333,max_maxdegree,6,6,261500,12.497609571688047,27000
39,laws,sparse_shuffle,2000,8953,2026,1333,caliber,6,7,367800,0,27500
39,laws,sparse_shuffle,2000,8953,2026,1333,fourary,6,8,353000,0,0
39,laws,sparse_shuffle,2000,8953,2026,1333,std_binary,6,9,350600,0,0
39,laws,sparse_shuffle,2000,8953,2026,1333,std_binary,7,0,343000,0,0
39,laws,sparse_shuffle,2000,8953,2026,1333,fourary,7,1,343600,0,0
39,laws,sparse_shuffle,2000,8953,2026,1333,caliber,7,2,326000,0,27500
39,laws,sparse_shuffle,2000,8953,2026,1333,max_maxdegree,7,3,260100,12.497609571688047,27000
39,laws,sparse_shuffle,2000,8953,2026,1333,binary,7,4,359500,0,0
39,laws,sparse_shuffle,2000,8953,2026,1333,mean_map,7,5,220400,50.476782876315426,7100
39,laws,sparse_shuffle,2000,8953,2026,1333,degree4,7,6,421400,0,103400
39,laws,sparse_shuffle,2000,8953,2026,1333,mean_degree,7,7,258100,11.275948369555552,7100
39,laws,sparse_shuffle,2000,8953,2026,1333,mean_ring,7,8,205100,50.476782876315426,7100
39,laws,sparse_shuffle,2000,8953,2026,1333,selected_grid,7,9,230300,201.9071315052617,18274000
40,calibration,sparse_scale,2000,8953,2026,0,grid_0.25,0,0,254600,12922.056416336765,6800
40,calibration,sparse_scale,2000,8953,2026,0,grid_0.1,0,1,283800,5168.822566534706,6800
40,calibration,sparse_scale,2000,8953,2026,0,grid_1.5,0,2,213900,77532.33849802059,6800
40,calibration,sparse_scale,2000,8953,2026,0,grid_0.03125,0,3,350600,1615.2570520420957,6800
40,calibration,sparse_scale,2000,8953,2026,0,grid_4,0,4,205800,206752.90266138825,6800
40,calibration,sparse_scale,2000,8953,2026,0,grid_0.05,0,5,302800,2584.411283267353,6800
40,calibration,sparse_scale,2000,8953,2026,0,grid_2,0,6,196800,103376.45133069412,6800
40,calibration,sparse_scale,2000,8953,2026,0,grid_8,0,7,295600,413505.8053227765,6800
40,calibration,sparse_scale,2000,8953,2026,0,grid_1,0,8,233900,51688.22566534706,6800
40,calibration,sparse_scale,2000,8953,2026,0,grid_16,0,9,253200,827011.610645553,6800
40,calibration,sparse_scale,2000,8953,2026,0,grid_0.75,0,10,221000,38766.169249010294,6800
40,calibration,sparse_scale,2000,8953,2026,0,grid_0.5,0,11,243400,25844.11283267353,6800
40,calibration,sparse_scale,2000,8953,2026,0,grid_0.5,1,0,220300,25844.11283267353,6800
40,calibration,sparse_scale,2000,8953,2026,0,grid_0.75,1,1,223700,38766.169249010294,6800
40,calibration,sparse_scale,2000,8953,2026,0,grid_16,1,2,276400,827011.610645553,6800
40,calibration,sparse_scale,2000,8953,2026,0,grid_1,1,3,241700,51688.22566534706,6800
40,calibration,sparse_scale,2000,8953,2026,0,grid_8,1,4,251700,413505.8053227765,6800
40,calibration,sparse_scale,2000,8953,2026,0,grid_2,1,5,199900,103376.45133069412,6800
40,calibration,sparse_scale,2000,8953,2026,0,grid_0.05,1,6,315300,2584.411283267353,6800
40,calibration,sparse_scale,2000,8953,2026,0,grid_4,1,7,210100,206752.90266138825,6800
40,calibration,sparse_scale,2000,8953,2026,0,grid_0.03125,1,8,336900,1615.2570520420957,6800
40,calibration,sparse_scale,2000,8953,2026,0,grid_1.5,1,9,220500,77532.33849802059,6800
40,calibration,sparse_scale,2000,8953,2026,0,grid_0.1,1,10,285200,5168.822566534706,6800
40,calibration,sparse_scale,2000,8953,2026,0,grid_0.25,1,11,259100,12922.056416336765,6800
40,calibration,sparse_scale,2000,8953,2026,0,grid_0.05,2,0,388400,2584.411283267353,6800
40,calibration,sparse_scale,2000,8953,2026,0,grid_0.5,2,1,295600,25844.11283267353,6800
40,calibration,sparse_scale,2000,8953,2026,0,grid_0.25,2,2,328500,12922.056416336765,6800
40,calibration,sparse_scale,2000,8953,2026,0,grid_8,2,3,257300,413505.8053227765,6800
40,calibration,sparse_scale,2000,8953,2026,0,grid_0.1,2,4,328700,5168.822566534706,6800
40,calibration,sparse_scale,2000,8953,2026,0,grid_4,2,5,208300,206752.90266138825,6800
40,calibration,sparse_scale,2000,8953,2026,0,grid_2,2,6,271500,103376.45133069412,6800
40,calibration,sparse_scale,2000,8953,2026,0,grid_0.03125,2,7,387700,1615.2570520420957,6800
40,calibration,sparse_scale,2000,8953,2026,0,grid_0.75,2,8,228600,38766.169249010294,6800
40,calibration,sparse_scale,2000,8953,2026,0,grid_1.5,2,9,571700,77532.33849802059,6800
40,calibration,sparse_scale,2000,8953,2026,0,grid_1,2,10,269500,51688.22566534706,6800
40,calibration,sparse_scale,2000,8953,2026,0,grid_16,2,11,301100,827011.610645553,6800
40,calibration,sparse_scale,2000,8953,2026,0,grid_16,3,0,246400,827011.610645553,6800
40,calibration,sparse_scale,2000,8953,2026,0,grid_1,3,1,210100,51688.22566534706,6800
40,calibration,sparse_scale,2000,8953,2026,0,grid_1.5,3,2,210000,77532.33849802059,6800
40,calibration,sparse_scale,2000,8953,2026,0,grid_0.75,3,3,262500,38766.169249010294,6800
40,calibration,sparse_scale,2000,8953,2026,0,grid_0.03125,3,4,340700,1615.2570520420957,6800
40,calibration,sparse_scale,2000,8953,2026,0,grid_2,3,5,202400,103376.45133069412,6800
40,calibration,sparse_scale,2000,8953,2026,0,grid_4,3,6,207100,206752.90266138825,6800
40,calibration,sparse_scale,2000,8953,2026,0,grid_0.1,3,7,280600,5168.822566534706,6800
40,calibration,sparse_scale,2000,8953,2026,0,grid_8,3,8,250800,413505.8053227765,6800
40,calibration,sparse_scale,2000,8953,2026,0,grid_0.25,3,9,250900,12922.056416336765,6800
40,calibration,sparse_scale,2000,8953,2026,0,grid_0.5,3,10,325100,25844.11283267353,6800
40,calibration,sparse_scale,2000,8953,2026,0,grid_0.05,3,11,412200,2584.411283267353,6800
40,calibration,sparse_scale,2000,8953,2026,0,grid_8,4,0,274400,413505.8053227765,6800
40,calibration,sparse_scale,2000,8953,2026,0,grid_0.5,4,1,231900,25844.11283267353,6800
40,calibration,sparse_scale,2000,8953,2026,0,grid_1,4,2,292700,51688.22566534706,6800
40,calibration,sparse_scale,2000,8953,2026,0,grid_0.05,4,3,316200,2584.411283267353,6800
40,calibration,sparse_scale,2000,8953,2026,0,grid_16,4,4,249500,827011.610645553,6800
40,calibration,sparse_scale,2000,8953,2026,0,grid_0.03125,4,5,332600,1615.2570520420957,6800
40,calibration,sparse_scale,2000,8953,2026,0,grid_1.5,4,6,221700,77532.33849802059,6800
40,calibration,sparse_scale,2000,8953,2026,0,grid_0.25,4,7,257100,12922.056416336765,6800
40,calibration,sparse_scale,2000,8953,2026,0,grid_4,4,8,229500,206752.90266138825,6800
40,calibration,sparse_scale,2000,8953,2026,0,grid_2,4,9,210800,103376.45133069412,6800
40,calibration,sparse_scale,2000,8953,2026,0,grid_0.75,4,10,223300,38766.169249010294,6800
40,calibration,sparse_scale,2000,8953,2026,0,grid_0.1,4,11,300900,5168.822566534706,6800
40,calibration,sparse_scale,2000,8953,2026,0,grid_0.1,5,0,281400,5168.822566534706,6800
40,calibration,sparse_scale,2000,8953,2026,0,grid_0.75,5,1,245500,38766.169249010294,6800
40,calibration,sparse_scale,2000,8953,2026,0,grid_2,5,2,194400,103376.45133069412,6800
40,calibration,sparse_scale,2000,8953,2026,0,grid_4,5,3,202400,206752.90266138825,6800
40,calibration,sparse_scale,2000,8953,2026,0,grid_0.25,5,4,253900,12922.056416336765,6800
40,calibration,sparse_scale,2000,8953,2026,0,grid_1.5,5,5,213600,77532.33849802059,6800
40,calibration,sparse_scale,2000,8953,2026,0,grid_0.03125,5,6,334900,1615.2570520420957,6800
40,calibration,sparse_scale,2000,8953,2026,0,grid_16,5,7,258400,827011.610645553,6800
40,calibration,sparse_scale,2000,8953,2026,0,grid_0.05,5,8,313500,2584.411283267353,6800
40,calibration,sparse_scale,2000,8953,2026,0,grid_1,5,9,314500,51688.22566534706,6800
40,calibration,sparse_scale,2000,8953,2026,0,grid_0.5,5,10,241100,25844.11283267353,6800
40,calibration,sparse_scale,2000,8953,2026,0,grid_8,5,11,253800,413505.8053227765,6800
40,laws,sparse_scale,2000,8953,2026,667,mean_ring,0,0,198700,51688.22566534706,6800
40,laws,sparse_scale,2000,8953,2026,667,fourary,0,1,372300,0,0
40,laws,sparse_scale,2000,8953,2026,667,selected_grid,0,2,189900,103376.45133069412,19477800
40,laws,sparse_scale,2000,8953,2026,667,mean_map,0,3,215300,51688.22566534706,6800
40,laws,sparse_scale,2000,8953,2026,667,caliber,0,4,315400,0,27700
40,laws,sparse_scale,2000,8953,2026,667,binary,0,5,367700,0,0
40,laws,sparse_scale,2000,8953,2026,667,degree4,0,6,425200,0,101500
40,laws,sparse_scale,2000,8953,2026,667,mean_degree,0,7,266900,11546.5711304249,6800
40,laws,sparse_scale,2000,8953,2026,667,max_maxdegree,0,8,254500,12797.55220140856,25600
40,laws,sparse_scale,2000,8953,2026,667,std_binary,0,9,355200,0,0
40,laws,sparse_scale,2000,8953,2026,667,std_binary,1,0,348000,0,0
40,laws,sparse_scale,2000,8953,2026,667,max_maxdegree,1,1,244100,12797.55220140856,25600
40,laws,sparse_scale,2000,8953,2026,667,mean_degree,1,2,249700,11546.5711304249,6800
40,laws,sparse_scale,2000,8953,2026,667,degree4,1,3,408700,0,101500
40,laws,sparse_scale,2000,8953,2026,667,binary,1,4,358200,0,0
40,laws,sparse_scale,2000,8953,2026,667,caliber,1,5,310100,0,27700
40,laws,sparse_scale,2000,8953,2026,667,mean_map,1,6,225400,51688.22566534706,6800
40,laws,sparse_scale,2000,8953,2026,667,selected_grid,1,7,191100,103376.45133069412,19477800
40,laws,sparse_scale,2000,8953,2026,667,fourary,1,8,357500,0,0
40,laws,sparse_scale,2000,8953,2026,667,mean_ring,1,9,202000,51688.22566534706,6800
40,laws,sparse_scale,2000,8953,2026,667,binary,2,0,365900,0,0
40,laws,sparse_scale,2000,8953,2026,667,selected_grid,2,1,184600,103376.45133069412,19477800
40,laws,sparse_scale,2000,8953,2026,667,fourary,2,2,345500,0,0
40,laws,sparse_scale,2000,8953,2026,667,mean_degree,2,3,256300,11546.5711304249,6800
40,laws,sparse_scale,2000,8953,2026,667,mean_map,2,4,216100,51688.22566534706,6800
40,laws,sparse_scale,2000,8953,2026,667,caliber,2,5,314900,0,27700
40,laws,sparse_scale,2000,8953,2026,667,std_binary,2,6,355000,0,0
40,laws,sparse_scale,2000,8953,2026,667,mean_ring,2,7,411300,51688.22566534706,6800
40,laws,sparse_scale,2000,8953,2026,667,max_maxdegree,2,8,251500,12797.55220140856,25600
40,laws,sparse_scale,2000,8953,2026,667,degree4,2,9,411500,0,101500
40,laws,sparse_scale,2000,8953,2026,667,degree4,3,0,398700,0,101500
40,laws,sparse_scale,2000,8953,2026,667,max_maxdegree,3,1,242700,12797.55220140856,25600
40,laws,sparse_scale,2000,8953,2026,667,mean_ring,3,2,195600,51688.22566534706,6800
40,laws,sparse_scale,2000,8953,2026,667,std_binary,3,3,360300,0,0
40,laws,sparse_scale,2000,8953,2026,667,caliber,3,4,322400,0,27700
40,laws,sparse_scale,2000,8953,2026,667,mean_map,3,5,297800,51688.22566534706,6800
40,laws,sparse_scale,2000,8953,2026,667,mean_degree,3,6,258600,11546.5711304249,6800
40,laws,sparse_scale,2000,8953,2026,667,fourary,3,7,419100,0,0
40,laws,sparse_scale,2000,8953,2026,667,selected_grid,3,8,358800,103376.45133069412,19477800
40,laws,sparse_scale,2000,8953,2026,667,binary,3,9,364200,0,0
40,laws,sparse_scale,2000,8953,2026,667,max_maxdegree,4,0,255400,12797.55220140856,25600
40,laws,sparse_scale,2000,8953,2026,667,std_binary,4,1,371000,0,0
40,laws,sparse_scale,2000,8953,2026,667,caliber,4,2,313500,0,27700
40,laws,sparse_scale,2000,8953,2026,667,binary,4,3,362100,0,0
40,laws,sparse_scale,2000,8953,2026,667,mean_ring,4,4,203700,51688.22566534706,6800
40,laws,sparse_scale,2000,8953,2026,667,mean_degree,4,5,260300,11546.5711304249,6800
40,laws,sparse_scale,2000,8953,2026,667,degree4,4,6,567100,0,101500
40,laws,sparse_scale,2000,8953,2026,667,mean_map,4,7,296800,51688.22566534706,6800
40,laws,sparse_scale,2000,8953,2026,667,selected_grid,4,8,237300,103376.45133069412,19477800
40,laws,sparse_scale,2000,8953,2026,667,fourary,4,9,484200,0,0
40,laws,sparse_scale,2000,8953,2026,667,fourary,5,0,418800,0,0
40,laws,sparse_scale,2000,8953,2026,667,selected_grid,5,1,226600,103376.45133069412,19477800
40,laws,sparse_scale,2000,8953,2026,667,mean_map,5,2,291600,51688.22566534706,6800
40,laws,sparse_scale,2000,8953,2026,667,degree4,5,3,434000,0,101500
40,laws,sparse_scale,2000,8953,2026,667,mean_degree,5,4,266400,11546.5711304249,6800
40,laws,sparse_scale,2000,8953,2026,667,mean_ring,5,5,203100,51688.22566534706,6800
40,laws,sparse_scale,2000,8953,2026,667,binary,5,6,461400,0,0
40,laws,sparse_scale,2000,8953,2026,667,caliber,5,7,338500,0,27700
40,laws,sparse_scale,2000,8953,2026,667,std_binary,5,8,361200,0,0
40,laws,sparse_scale,2000,8953,2026,667,max_maxdegree,5,9,265700,12797.55220140856,25600
40,laws,sparse_scale,2000,8953,2026,667,mean_ring,6,0,200100,51688.22566534706,6800
40,laws,sparse_scale,2000,8953,2026,667,caliber,6,1,307600,0,27700
40,laws,sparse_scale,2000,8953,2026,667,binary,6,2,356700,0,0
40,laws,sparse_scale,2000,8953,2026,667,max_maxdegree,6,3,269000,12797.55220140856,25600
40,laws,sparse_scale,2000,8953,2026,667,mean_map,6,4,224700,51688.22566534706,6800
40,laws,sparse_scale,2000,8953,2026,667,selected_grid,6,5,208800,103376.45133069412,19477800
40,laws,sparse_scale,2000,8953,2026,667,fourary,6,6,359500,0,0
40,laws,sparse_scale,2000,8953,2026,667,std_binary,6,7,349100,0,0
40,laws,sparse_scale,2000,8953,2026,667,degree4,6,8,402600,0,101500
40,laws,sparse_scale,2000,8953,2026,667,mean_degree,6,9,259100,11546.5711304249,6800
40,laws,sparse_scale,2000,8953,2026,667,mean_degree,7,0,386200,11546.5711304249,6800
40,laws,sparse_scale,2000,8953,2026,667,degree4,7,1,410200,0,101500
40,laws,sparse_scale,2000,8953,2026,667,std_binary,7,2,354300,0,0
40,laws,sparse_scale,2000,8953,2026,667,fourary,7,3,367700,0,0
40,laws,sparse_scale,2000,8953,2026,667,selected_grid,7,4,196300,103376.45133069412,19477800
40,laws,sparse_scale,2000,8953,2026,667,mean_map,7,5,224000,51688.22566534706,6800
40,laws,sparse_scale,2000,8953,2026,667,max_maxdegree,7,6,257100,12797.55220140856,25600
40,laws,sparse_scale,2000,8953,2026,667,binary,7,7,363300,0,0
40,laws,sparse_scale,2000,8953,2026,667,caliber,7,8,311800,0,27700
40,laws,sparse_scale,2000,8953,2026,667,mean_ring,7,9,197200,51688.22566534706,6800
40,laws,sparse_scale,2000,8953,2026,1333,fourary,0,0,353400,0,0
40,laws,sparse_scale,2000,8953,2026,1333,mean_ring,0,1,209000,51688.22566534706,6800
40,laws,sparse_scale,2000,8953,2026,1333,max_maxdegree,0,2,271300,12797.55220140856,25600
40,laws,sparse_scale,2000,8953,2026,1333,caliber,0,3,321900,0,27700
40,laws,sparse_scale,2000,8953,2026,1333,mean_map,0,4,232800,51688.22566534706,6800
40,laws,sparse_scale,2000,8953,2026,1333,degree4,0,5,409600,0,101500
40,laws,sparse_scale,2000,8953,2026,1333,binary,0,6,368700,0,0
40,laws,sparse_scale,2000,8953,2026,1333,std_binary,0,7,350500,0,0
40,laws,sparse_scale,2000,8953,2026,1333,selected_grid,0,8,197200,103376.45133069412,19477800
40,laws,sparse_scale,2000,8953,2026,1333,mean_degree,0,9,264100,11546.5711304249,6800
40,laws,sparse_scale,2000,8953,2026,1333,mean_degree,1,0,258200,11546.5711304249,6800
40,laws,sparse_scale,2000,8953,2026,1333,selected_grid,1,1,197300,103376.45133069412,19477800
40,laws,sparse_scale,2000,8953,2026,1333,std_binary,1,2,357500,0,0
40,laws,sparse_scale,2000,8953,2026,1333,binary,1,3,363900,0,0
40,laws,sparse_scale,2000,8953,2026,1333,degree4,1,4,414100,0,101500
40,laws,sparse_scale,2000,8953,2026,1333,mean_map,1,5,223000,51688.22566534706,6800
40,laws,sparse_scale,2000,8953,2026,1333,caliber,1,6,318300,0,27700
40,laws,sparse_scale,2000,8953,2026,1333,max_maxdegree,1,7,269700,12797.55220140856,25600
40,laws,sparse_scale,2000,8953,2026,1333,mean_ring,1,8,204300,51688.22566534706,6800
40,laws,sparse_scale,2000,8953,2026,1333,fourary,1,9,361200,0,0
40,laws,sparse_scale,2000,8953,2026,1333,degree4,2,0,409000,0,101500
40,laws,sparse_scale,2000,8953,2026,1333,mean_ring,2,1,199800,51688.22566534706,6800
40,laws,sparse_scale,2000,8953,2026,1333,caliber,2,2,317800,0,27700
40,laws,sparse_scale,2000,8953,2026,1333,std_binary,2,3,360200,0,0
40,laws,sparse_scale,2000,8953,2026,1333,max_maxdegree,2,4,274700,12797.55220140856,25600
40,laws,sparse_scale,2000,8953,2026,1333,selected_grid,2,5,218800,103376.45133069412,19477800
40,laws,sparse_scale,2000,8953,2026,1333,mean_map,2,6,216900,51688.22566534706,6800
40,laws,sparse_scale,2000,8953,2026,1333,mean_degree,2,7,258000,11546.5711304249,6800
40,laws,sparse_scale,2000,8953,2026,1333,fourary,2,8,363600,0,0
40,laws,sparse_scale,2000,8953,2026,1333,binary,2,9,365200,0,0
40,laws,sparse_scale,2000,8953,2026,1333,binary,3,0,356700,0,0
40,laws,sparse_scale,2000,8953,2026,1333,fourary,3,1,359300,0,0
40,laws,sparse_scale,2000,8953,2026,1333,mean_degree,3,2,256100,11546.5711304249,6800
40,laws,sparse_scale,2000,8953,2026,1333,mean_map,3,3,227000,51688.22566534706,6800
40,laws,sparse_scale,2000,8953,2026,1333,selected_grid,3,4,205200,103376.45133069412,19477800
40,laws,sparse_scale,2000,8953,2026,1333,max_maxdegree,3,5,255700,12797.55220140856,25600
40,laws,sparse_scale,2000,8953,2026,1333,std_binary,3,6,350200,0,0
40,laws,sparse_scale,2000,8953,2026,1333,caliber,3,7,317700,0,27700
40,laws,sparse_scale,2000,8953,2026,1333,mean_ring,3,8,201900,51688.22566534706,6800
40,laws,sparse_scale,2000,8953,2026,1333,degree4,3,9,421500,0,101500
40,laws,sparse_scale,2000,8953,2026,1333,fourary,4,0,357600,0,0
40,laws,sparse_scale,2000,8953,2026,1333,max_maxdegree,4,1,266200,12797.55220140856,25600
40,laws,sparse_scale,2000,8953,2026,1333,mean_degree,4,2,265400,11546.5711304249,6800
40,laws,sparse_scale,2000,8953,2026,1333,mean_ring,4,3,241000,51688.22566534706,6800
40,laws,sparse_scale,2000,8953,2026,1333,binary,4,4,369800,0,0
40,laws,sparse_scale,2000,8953,2026,1333,degree4,4,5,412500,0,101500
40,laws,sparse_scale,2000,8953,2026,1333,mean_map,4,6,220600,51688.22566534706,6800
40,laws,sparse_scale,2000,8953,2026,1333,std_binary,4,7,362800,0,0
40,laws,sparse_scale,2000,8953,2026,1333,caliber,4,8,328200,0,27700
40,laws,sparse_scale,2000,8953,2026,1333,selected_grid,4,9,535000,103376.45133069412,19477800
40,laws,sparse_scale,2000,8953,2026,1333,selected_grid,5,0,253800,103376.45133069412,19477800
40,laws,sparse_scale,2000,8953,2026,1333,caliber,5,1,373600,0,27700
40,laws,sparse_scale,2000,8953,2026,1333,std_binary,5,2,475500,0,0
40,laws,sparse_scale,2000,8953,2026,1333,mean_map,5,3,233400,51688.22566534706,6800
40,laws,sparse_scale,2000,8953,2026,1333,degree4,5,4,433900,0,101500
40,laws,sparse_scale,2000,8953,2026,1333,binary,5,5,365100,0,0
40,laws,sparse_scale,2000,8953,2026,1333,mean_ring,5,6,201500,51688.22566534706,6800
40,laws,sparse_scale,2000,8953,2026,1333,mean_degree,5,7,272500,11546.5711304249,6800
40,laws,sparse_scale,2000,8953,2026,1333,max_maxdegree,5,8,266000,12797.55220140856,25600
40,laws,sparse_scale,2000,8953,2026,1333,fourary,5,9,372500,0,0
40,laws,sparse_scale,2000,8953,2026,1333,selected_grid,6,0,271600,103376.45133069412,19477800
40,laws,sparse_scale,2000,8953,2026,1333,mean_ring,6,1,205300,51688.22566534706,6800
40,laws,sparse_scale,2000,8953,2026,1333,mean_degree,6,2,262200,11546.5711304249,6800
40,laws,sparse_scale,2000,8953,2026,1333,degree4,6,3,421300,0,101500
40,laws,sparse_scale,2000,8953,2026,1333,mean_map,6,4,220100,51688.22566534706,6800
40,laws,sparse_scale,2000,8953,2026,1333,binary,6,5,375700,0,0
40,laws,sparse_scale,2000,8953,2026,1333,max_maxdegree,6,6,268700,12797.55220140856,25600
40,laws,sparse_scale,2000,8953,2026,1333,caliber,6,7,323900,0,27700
40,laws,sparse_scale,2000,8953,2026,1333,fourary,6,8,362700,0,0
40,laws,sparse_scale,2000,8953,2026,1333,std_binary,6,9,353200,0,0
40,laws,sparse_scale,2000,8953,2026,1333,std_binary,7,0,359200,0,0
40,laws,sparse_scale,2000,8953,2026,1333,fourary,7,1,346100,0,0
40,laws,sparse_scale,2000,8953,2026,1333,caliber,7,2,392300,0,27700
40,laws,sparse_scale,2000,8953,2026,1333,max_maxdegree,7,3,340300,12797.55220140856,25600
40,laws,sparse_scale,2000,8953,2026,1333,binary,7,4,467900,0,0
40,laws,sparse_scale,2000,8953,2026,1333,mean_map,7,5,276400,51688.22566534706,6800
40,laws,sparse_scale,2000,8953,2026,1333,degree4,7,6,495600,0,101500
40,laws,sparse_scale,2000,8953,2026,1333,mean_degree,7,7,266100,11546.5711304249,6800
40,laws,sparse_scale,2000,8953,2026,1333,mean_ring,7,8,202300,51688.22566534706,6800
40,laws,sparse_scale,2000,8953,2026,1333,selected_grid,7,9,204800,103376.45133069412,19477800
41,calibration,clustered_uniform,2000,52301,2026,0,grid_0.25,0,0,536800,2.3994465654670205,37600
41,calibration,clustered_uniform,2000,52301,2026,0,grid_0.1,0,1,613500,0.9597786261868082,37600
41,calibration,clustered_uniform,2000,52301,2026,0,grid_1.5,0,2,470000,14.396679392802124,37600
41,calibration,clustered_uniform,2000,52301,2026,0,grid_0.03125,0,3,778000,0.29993082068337756,37600
41,calibration,clustered_uniform,2000,52301,2026,0,grid_4,0,4,469400,38.39114504747233,37600
41,calibration,clustered_uniform,2000,52301,2026,0,grid_0.05,0,5,708600,0.4798893130934041,37600
41,calibration,clustered_uniform,2000,52301,2026,0,grid_2,0,6,464200,19.195572523736164,37600
41,calibration,clustered_uniform,2000,52301,2026,0,grid_8,0,7,590600,76.78229009494466,37600
41,calibration,clustered_uniform,2000,52301,2026,0,grid_1,0,8,568500,9.597786261868082,37600
41,calibration,clustered_uniform,2000,52301,2026,0,grid_16,0,9,481200,153.5645801898893,37600
41,calibration,clustered_uniform,2000,52301,2026,0,grid_0.75,0,10,921100,7.198339696401062,37600
41,calibration,clustered_uniform,2000,52301,2026,0,grid_0.5,0,11,557000,4.798893130934041,37600
41,calibration,clustered_uniform,2000,52301,2026,0,grid_0.5,1,0,484200,4.798893130934041,37600
41,calibration,clustered_uniform,2000,52301,2026,0,grid_0.75,1,1,554600,7.198339696401062,37600
41,calibration,clustered_uniform,2000,52301,2026,0,grid_16,1,2,549200,153.5645801898893,37600
41,calibration,clustered_uniform,2000,52301,2026,0,grid_1,1,3,492200,9.597786261868082,37600
41,calibration,clustered_uniform,2000,52301,2026,0,grid_8,1,4,540200,76.78229009494466,37600
41,calibration,clustered_uniform,2000,52301,2026,0,grid_2,1,5,460600,19.195572523736164,37600
41,calibration,clustered_uniform,2000,52301,2026,0,grid_0.05,1,6,731100,0.4798893130934041,37600
41,calibration,clustered_uniform,2000,52301,2026,0,grid_4,1,7,482100,38.39114504747233,37600
41,calibration,clustered_uniform,2000,52301,2026,0,grid_0.03125,1,8,740700,0.29993082068337756,37600
41,calibration,clustered_uniform,2000,52301,2026,0,grid_1.5,1,9,543700,14.396679392802124,37600
41,calibration,clustered_uniform,2000,52301,2026,0,grid_0.1,1,10,587800,0.9597786261868082,37600
41,calibration,clustered_uniform,2000,52301,2026,0,grid_0.25,1,11,554600,2.3994465654670205,37600
41,calibration,clustered_uniform,2000,52301,2026,0,grid_0.05,2,0,698800,0.4798893130934041,37600
41,calibration,clustered_uniform,2000,52301,2026,0,grid_0.5,2,1,506500,4.798893130934041,37600
41,calibration,clustered_uniform,2000,52301,2026,0,grid_0.25,2,2,541000,2.3994465654670205,37600
41,calibration,clustered_uniform,2000,52301,2026,0,grid_8,2,3,516900,76.78229009494466,37600
41,calibration,clustered_uniform,2000,52301,2026,0,grid_0.1,2,4,585500,0.9597786261868082,37600
41,calibration,clustered_uniform,2000,52301,2026,0,grid_4,2,5,473800,38.39114504747233,37600
41,calibration,clustered_uniform,2000,52301,2026,0,grid_2,2,6,484200,19.195572523736164,37600
41,calibration,clustered_uniform,2000,52301,2026,0,grid_0.03125,2,7,751100,0.29993082068337756,37600
41,calibration,clustered_uniform,2000,52301,2026,0,grid_0.75,2,8,512200,7.198339696401062,37600
41,calibration,clustered_uniform,2000,52301,2026,0,grid_1.5,2,9,534200,14.396679392802124,37600
41,calibration,clustered_uniform,2000,52301,2026,0,grid_1,2,10,488200,9.597786261868082,37600
41,calibration,clustered_uniform,2000,52301,2026,0,grid_16,2,11,468400,153.5645801898893,37600
41,calibration,clustered_uniform,2000,52301,2026,0,grid_16,3,0,497200,153.5645801898893,37600
41,calibration,clustered_uniform,2000,52301,2026,0,grid_1,3,1,1309100,9.597786261868082,37600
41,calibration,clustered_uniform,2000,52301,2026,0,grid_1.5,3,2,543500,14.396679392802124,37600
41,calibration,clustered_uniform,2000,52301,2026,0,grid_0.75,3,3,511400,7.198339696401062,37600
41,calibration,clustered_uniform,2000,52301,2026,0,grid_0.03125,3,4,767900,0.29993082068337756,37600
41,calibration,clustered_uniform,2000,52301,2026,0,grid_2,3,5,469300,19.195572523736164,37600
41,calibration,clustered_uniform,2000,52301,2026,0,grid_4,3,6,483800,38.39114504747233,37600
41,calibration,clustered_uniform,2000,52301,2026,0,grid_0.1,3,7,596400,0.9597786261868082,37600
41,calibration,clustered_uniform,2000,52301,2026,0,grid_8,3,8,520500,76.78229009494466,37600
41,calibration,clustered_uniform,2000,52301,2026,0,grid_0.25,3,9,530100,2.3994465654670205,37600
41,calibration,clustered_uniform,2000,52301,2026,0,grid_0.5,3,10,512900,4.798893130934041,37600
41,calibration,clustered_uniform,2000,52301,2026,0,grid_0.05,3,11,698200,0.4798893130934041,37600
41,calibration,clustered_uniform,2000,52301,2026,0,grid_8,4,0,510100,76.78229009494466,37600
41,calibration,clustered_uniform,2000,52301,2026,0,grid_0.5,4,1,500300,4.798893130934041,37600
41,calibration,clustered_uniform,2000,52301,2026,0,grid_1,4,2,514600,9.597786261868082,37600
41,calibration,clustered_uniform,2000,52301,2026,0,grid_0.05,4,3,713000,0.4798893130934041,37600
41,calibration,clustered_uniform,2000,52301,2026,0,grid_16,4,4,516400,153.5645801898893,37600
41,calibration,clustered_uniform,2000,52301,2026,0,grid_0.03125,4,5,858900,0.29993082068337756,37600
41,calibration,clustered_uniform,2000,52301,2026,0,grid_1.5,4,6,486900,14.396679392802124,37600
41,calibration,clustered_uniform,2000,52301,2026,0,grid_0.25,4,7,571200,2.3994465654670205,37600
41,calibration,clustered_uniform,2000,52301,2026,0,grid_4,4,8,479300,38.39114504747233,37600
41,calibration,clustered_uniform,2000,52301,2026,0,grid_2,4,9,460300,19.195572523736164,37600
41,calibration,clustered_uniform,2000,52301,2026,0,grid_0.75,4,10,492600,7.198339696401062,37600
41,calibration,clustered_uniform,2000,52301,2026,0,grid_0.1,4,11,599800,0.9597786261868082,37600
41,calibration,clustered_uniform,2000,52301,2026,0,grid_0.1,5,0,718700,0.9597786261868082,37600
41,calibration,clustered_uniform,2000,52301,2026,0,grid_0.75,5,1,498800,7.198339696401062,37600
41,calibration,clustered_uniform,2000,52301,2026,0,grid_2,5,2,465700,19.195572523736164,37600
41,calibration,clustered_uniform,2000,52301,2026,0,grid_4,5,3,510600,38.39114504747233,37600
41,calibration,clustered_uniform,2000,52301,2026,0,grid_0.25,5,4,540900,2.3994465654670205,37600
41,calibration,clustered_uniform,2000,52301,2026,0,grid_1.5,5,5,866100,14.396679392802124,37600
41,calibration,clustered_uniform,2000,52301,2026,0,grid_0.03125,5,6,852600,0.29993082068337756,37600
41,calibration,clustered_uniform,2000,52301,2026,0,grid_16,5,7,492300,153.5645801898893,37600
41,calibration,clustered_uniform,2000,52301,2026,0,grid_0.05,5,8,667700,0.4798893130934041,37600
41,calibration,clustered_uniform,2000,52301,2026,0,grid_1,5,9,522400,9.597786261868082,37600
41,calibration,clustered_uniform,2000,52301,2026,0,grid_0.5,5,10,547200,4.798893130934041,37600
41,calibration,clustered_uniform,2000,52301,2026,0,grid_8,5,11,560100,76.78229009494466,37600
41,laws,clustered_uniform,2000,52301,2026,667,mean_ring,0,0,490200,9.597786261868082,37600
41,laws,clustered_uniform,2000,52301,2026,667,fourary,0,1,788400,0,0
41,laws,clustered_uniform,2000,52301,2026,667,selected_grid,0,2,465800,19.195572523736164,41995200
41,laws,clustered_uniform,2000,52301,2026,667,mean_map,0,3,478700,9.597786261868082,37600
41,laws,clustered_uniform,2000,52301,2026,667,caliber,0,4,700500,0,68500
41,laws,clustered_uniform,2000,52301,2026,667,binary,0,5,697100,0,0
41,laws,clustered_uniform,2000,52301,2026,667,degree4,0,6,808700,0,88900
41,laws,clustered_uniform,2000,52301,2026,667,mean_degree,0,7,734300,0.3670211377169875,37600
41,laws,clustered_uniform,2000,52301,2026,667,max_maxdegree,0,8,580400,2.6315345604204166,61300
41,laws,clustered_uniform,2000,52301,2026,667,std_binary,0,9,758400,0,0
41,laws,clustered_uniform,2000,52301,2026,667,std_binary,1,0,818300,0,0
41,laws,clustered_uniform,2000,52301,2026,667,max_maxdegree,1,1,552700,2.6315345604204166,61300
41,laws,clustered_uniform,2000,52301,2026,667,mean_degree,1,2,732100,0.3670211377169875,37600
41,laws,clustered_uniform,2000,52301,2026,667,degree4,1,3,735100,0,88900
41,laws,clustered_uniform,2000,52301,2026,667,binary,1,4,815000,0,0
41,laws,clustered_uniform,2000,52301,2026,667,caliber,1,5,681300,0,68500
41,laws,clustered_uniform,2000,52301,2026,667,mean_map,1,6,497500,9.597786261868082,37600
41,laws,clustered_uniform,2000,52301,2026,667,selected_grid,1,7,465400,19.195572523736164,41995200
41,laws,clustered_uniform,2000,52301,2026,667,fourary,1,8,700100,0,0
41,laws,clustered_uniform,2000,52301,2026,667,mean_ring,1,9,475600,9.597786261868082,37600
41,laws,clustered_uniform,2000,52301,2026,667,binary,2,0,698800,0,0
41,laws,clustered_uniform,2000,52301,2026,667,selected_grid,2,1,689700,19.195572523736164,41995200
41,laws,clustered_uniform,2000,52301,2026,667,fourary,2,2,727600,0,0
41,laws,clustered_uniform,2000,52301,2026,667,mean_degree,2,3,895400,0.3670211377169875,37600
41,laws,clustered_uniform,2000,52301,2026,667,mean_map,2,4,520700,9.597786261868082,37600
41,laws,clustered_uniform,2000,52301,2026,667,caliber,2,5,696600,0,68500
41,laws,clustered_uniform,2000,52301,2026,667,std_binary,2,6,880300,0,0
41,laws,clustered_uniform,2000,52301,2026,667,mean_ring,2,7,556600,9.597786261868082,37600
41,laws,clustered_uniform,2000,52301,2026,667,max_maxdegree,2,8,669700,2.6315345604204166,61300
41,laws,clustered_uniform,2000,52301,2026,667,degree4,2,9,726700,0,88900
41,laws,clustered_uniform,2000,52301,2026,667,degree4,3,0,701000,0,88900
41,laws,clustered_uniform,2000,52301,2026,667,max_maxdegree,3,1,539800,2.6315345604204166,61300
41,laws,clustered_uniform,2000,52301,2026,667,mean_ring,3,2,465500,9.597786261868082,37600
41,laws,clustered_uniform,2000,52301,2026,667,std_binary,3,3,751400,0,0
41,laws,clustered_uniform,2000,52301,2026,667,caliber,3,4,686000,0,68500
41,laws,clustered_uniform,2000,52301,2026,667,mean_map,3,5,494300,9.597786261868082,37600
41,laws,clustered_uniform,2000,52301,2026,667,mean_degree,3,6,751600,0.3670211377169875,37600
41,laws,clustered_uniform,2000,52301,2026,667,fourary,3,7,742900,0,0
41,laws,clustered_uniform,2000,52301,2026,667,selected_grid,3,8,462800,19.195572523736164,41995200
41,laws,clustered_uniform,2000,52301,2026,667,binary,3,9,696100,0,0
41,laws,clustered_uniform,2000,52301,2026,667,max_maxdegree,4,0,535600,2.6315345604204166,61300
41,laws,clustered_uniform,2000,52301,2026,667,std_binary,4,1,779000,0,0
41,laws,clustered_uniform,2000,52301,2026,667,caliber,4,2,690800,0,68500
41,laws,clustered_uniform,2000,52301,2026,667,binary,4,3,699200,0,0
41,laws,clustered_uniform,2000,52301,2026,667,mean_ring,4,4,469200,9.597786261868082,37600
41,laws,clustered_uniform,2000,52301,2026,667,mean_degree,4,5,714900,0.3670211377169875,37600
41,laws,clustered_uniform,2000,52301,2026,667,degree4,4,6,717900,0,88900
41,laws,clustered_uniform,2000,52301,2026,667,mean_map,4,7,494100,9.597786261868082,37600
41,laws,clustered_uniform,2000,52301,2026,667,selected_grid,4,8,453200,19.195572523736164,41995200
41,laws,clustered_uniform,2000,52301,2026,667,fourary,4,9,734200,0,0
41,laws,clustered_uniform,2000,52301,2026,667,fourary,5,0,693800,0,0
41,laws,clustered_uniform,2000,52301,2026,667,selected_grid,5,1,460500,19.195572523736164,41995200
41,laws,clustered_uniform,2000,52301,2026,667,mean_map,5,2,479100,9.597786261868082,37600
41,laws,clustered_uniform,2000,52301,2026,667,degree4,5,3,711000,0,88900
41,laws,clustered_uniform,2000,52301,2026,667,mean_degree,5,4,727400,0.3670211377169875,37600
41,laws,clustered_uniform,2000,52301,2026,667,mean_ring,5,5,460500,9.597786261868082,37600
41,laws,clustered_uniform,2000,52301,2026,667,binary,5,6,693900,0,0
41,laws,clustered_uniform,2000,52301,2026,667,caliber,5,7,679200,0,68500
41,laws,clustered_uniform,2000,52301,2026,667,std_binary,5,8,741300,0,0
41,laws,clustered_uniform,2000,52301,2026,667,max_maxdegree,5,9,560300,2.6315345604204166,61300
41,laws,clustered_uniform,2000,52301,2026,667,mean_ring,6,0,471900,9.597786261868082,37600
41,laws,clustered_uniform,2000,52301,2026,667,caliber,6,1,684800,0,68500
41,laws,clustered_uniform,2000,52301,2026,667,binary,6,2,718000,0,0
41,laws,clustered_uniform,2000,52301,2026,667,max_maxdegree,6,3,530100,2.6315345604204166,61300
41,laws,clustered_uniform,2000,52301,2026,667,mean_map,6,4,488600,9.597786261868082,37600
41,laws,clustered_uniform,2000,52301,2026,667,selected_grid,6,5,454100,19.195572523736164,41995200
41,laws,clustered_uniform,2000,52301,2026,667,fourary,6,6,707900,0,0
41,laws,clustered_uniform,2000,52301,2026,667,std_binary,6,7,755300,0,0
41,laws,clustered_uniform,2000,52301,2026,667,degree4,6,8,717600,0,88900
41,laws,clustered_uniform,2000,52301,2026,667,mean_degree,6,9,714200,0.3670211377169875,37600
41,laws,clustered_uniform,2000,52301,2026,667,mean_degree,7,0,695900,0.3670211377169875,37600
41,laws,clustered_uniform,2000,52301,2026,667,degree4,7,1,1365200,0,88900
41,laws,clustered_uniform,2000,52301,2026,667,std_binary,7,2,887300,0,0
41,laws,clustered_uniform,2000,52301,2026,667,fourary,7,3,771200,0,0
41,laws,clustered_uniform,2000,52301,2026,667,selected_grid,7,4,517800,19.195572523736164,41995200
41,laws,clustered_uniform,2000,52301,2026,667,mean_map,7,5,482900,9.597786261868082,37600
41,laws,clustered_uniform,2000,52301,2026,667,max_maxdegree,7,6,533100,2.6315345604204166,61300
41,laws,clustered_uniform,2000,52301,2026,667,binary,7,7,786800,0,0
41,laws,clustered_uniform,2000,52301,2026,667,caliber,7,8,709000,0,68500
41,laws,clustered_uniform,2000,52301,2026,667,mean_ring,7,9,556000,9.597786261868082,37600
41,laws,clustered_uniform,2000,52301,2026,1333,fourary,0,0,720000,0,0
41,laws,clustered_uniform,2000,52301,2026,1333,mean_ring,0,1,463500,9.597786261868082,37600
41,laws,clustered_uniform,2000,52301,2026,1333,max_maxdegree,0,2,532500,2.6315345604204166,61300
41,laws,clustered_uniform,2000,52301,2026,1333,caliber,0,3,692400,0,68500
41,laws,clustered_uniform,2000,52301,2026,1333,mean_map,0,4,477700,9.597786261868082,37600
41,laws,clustered_uniform,2000,52301,2026,1333,degree4,0,5,784500,0,88900
41,laws,clustered_uniform,2000,52301,2026,1333,binary,0,6,1009100,0,0
41,laws,clustered_uniform,2000,52301,2026,1333,std_binary,0,7,762900,0,0
41,laws,clustered_uniform,2000,52301,2026,1333,selected_grid,0,8,488700,19.195572523736164,41995200
41,laws,clustered_uniform,2000,52301,2026,1333,mean_degree,0,9,742600,0.3670211377169875,37600
41,laws,clustered_uniform,2000,52301,2026,1333,mean_degree,1,0,722800,0.3670211377169875,37600
41,laws,clustered_uniform,2000,52301,2026,1333,selected_grid,1,1,471100,19.195572523736164,41995200
41,laws,clustered_uniform,2000,52301,2026,1333,std_binary,1,2,752400,0,0
41,laws,clustered_uniform,2000,52301,2026,1333,binary,1,3,748100,0,0
41,laws,clustered_uniform,2000,52301,2026,1333,degree4,1,4,751400,0,88900
41,laws,clustered_uniform,2000,52301,2026,1333,mean_map,1,5,497500,9.597786261868082,37600
41,laws,clustered_uniform,2000,52301,2026,1333,caliber,1,6,1013000,0,68500
41,laws,clustered_uniform,2000,52301,2026,1333,max_maxdegree,1,7,638400,2.6315345604204166,61300
41,laws,clustered_uniform,2000,52301,2026,1333,mean_ring,1,8,463200,9.597786261868082,37600
41,laws,clustered_uniform,2000,52301,2026,1333,fourary,1,9,730000,0,0
41,laws,clustered_uniform,2000,52301,2026,1333,degree4,2,0,723400,0,88900
41,laws,clustered_uniform,2000,52301,2026,1333,mean_ring,2,1,454200,9.597786261868082,37600
41,laws,clustered_uniform,2000,52301,2026,1333,caliber,2,2,723800,0,68500
41,laws,clustered_uniform,2000,52301,2026,1333,std_binary,2,3,762600,0,0
41,laws,clustered_uniform,2000,52301,2026,1333,max_maxdegree,2,4,678300,2.6315345604204166,61300
41,laws,clustered_uniform,2000,52301,2026,1333,selected_grid,2,5,481800,19.195572523736164,41995200
41,laws,clustered_uniform,2000,52301,2026,1333,mean_map,2,6,479000,9.597786261868082,37600
41,laws,clustered_uniform,2000,52301,2026,1333,mean_degree,2,7,717600,0.3670211377169875,37600
41,laws,clustered_uniform,2000,52301,2026,1333,fourary,2,8,850500,0,0
41,laws,clustered_uniform,2000,52301,2026,1333,binary,2,9,709600,0,0
41,laws,clustered_uniform,2000,52301,2026,1333,binary,3,0,696200,0,0
41,laws,clustered_uniform,2000,52301,2026,1333,fourary,3,1,736900,0,0
41,laws,clustered_uniform,2000,52301,2026,1333,mean_degree,3,2,753100,0.3670211377169875,37600
41,laws,clustered_uniform,2000,52301,2026,1333,mean_map,3,3,540500,9.597786261868082,37600
41,laws,clustered_uniform,2000,52301,2026,1333,selected_grid,3,4,500700,19.195572523736164,41995200
41,laws,clustered_uniform,2000,52301,2026,1333,max_maxdegree,3,5,562600,2.6315345604204166,61300
41,laws,clustered_uniform,2000,52301,2026,1333,std_binary,3,6,867600,0,0
41,laws,clustered_uniform,2000,52301,2026,1333,caliber,3,7,681200,0,68500
41,laws,clustered_uniform,2000,52301,2026,1333,mean_ring,3,8,617500,9.597786261868082,37600
41,laws,clustered_uniform,2000,52301,2026,1333,degree4,3,9,742300,0,88900
41,laws,clustered_uniform,2000,52301,2026,1333,fourary,4,0,715500,0,0
41,laws,clustered_uniform,2000,52301,2026,1333,max_maxdegree,4,1,624800,2.6315345604204166,61300
41,laws,clustered_uniform,2000,52301,2026,1333,mean_degree,4,2,722600,0.3670211377169875,37600
41,laws,clustered_uniform,2000,52301,2026,1333,mean_ring,4,3,496900,9.597786261868082,37600
41,laws,clustered_uniform,2000,52301,2026,1333,binary,4,4,704100,0,0
41,laws,clustered_uniform,2000,52301,2026,1333,degree4,4,5,716400,0,88900
41,laws,clustered_uniform,2000,52301,2026,1333,mean_map,4,6,521700,9.597786261868082,37600
41,laws,clustered_uniform,2000,52301,2026,1333,std_binary,4,7,841700,0,0
41,laws,clustered_uniform,2000,52301,2026,1333,caliber,4,8,694000,0,68500
41,laws,clustered_uniform,2000,52301,2026,1333,selected_grid,4,9,468100,19.195572523736164,41995200
41,laws,clustered_uniform,2000,52301,2026,1333,selected_grid,5,0,527400,19.195572523736164,41995200
41,laws,clustered_uniform,2000,52301,2026,1333,caliber,5,1,673400,0,68500
41,laws,clustered_uniform,2000,52301,2026,1333,std_binary,5,2,798000,0,0
41,laws,clustered_uniform,2000,52301,2026,1333,mean_map,5,3,493600,9.597786261868082,37600
41,laws,clustered_uniform,2000,52301,2026,1333,degree4,5,4,726800,0,88900
41,laws,clustered_uniform,2000,52301,2026,1333,binary,5,5,697300,0,0
41,laws,clustered_uniform,2000,52301,2026,1333,mean_ring,5,6,468700,9.597786261868082,37600
41,laws,clustered_uniform,2000,52301,2026,1333,mean_degree,5,7,747400,0.3670211377169875,37600
41,laws,clustered_uniform,2000,52301,2026,1333,max_maxdegree,5,8,555100,2.6315345604204166,61300
41,laws,clustered_uniform,2000,52301,2026,1333,fourary,5,9,731100,0,0
41,laws,clustered_uniform,2000,52301,2026,1333,selected_grid,6,0,603600,19.195572523736164,41995200
41,laws,clustered_uniform,2000,52301,2026,1333,mean_ring,6,1,511600,9.597786261868082,37600
41,laws,clustered_uniform,2000,52301,2026,1333,mean_degree,6,2,717400,0.3670211377169875,37600
41,laws,clustered_uniform,2000,52301,2026,1333,degree4,6,3,766400,0,88900
41,laws,clustered_uniform,2000,52301,2026,1333,mean_map,6,4,927000,9.597786261868082,37600
41,laws,clustered_uniform,2000,52301,2026,1333,binary,6,5,840700,0,0
41,laws,clustered_uniform,2000,52301,2026,1333,max_maxdegree,6,6,666900,2.6315345604204166,61300
41,laws,clustered_uniform,2000,52301,2026,1333,caliber,6,7,801700,0,68500
41,laws,clustered_uniform,2000,52301,2026,1333,fourary,6,8,904900,0,0
41,laws,clustered_uniform,2000,52301,2026,1333,std_binary,6,9,900000,0,0
41,laws,clustered_uniform,2000,52301,2026,1333,std_binary,7,0,734600,0,0
41,laws,clustered_uniform,2000,52301,2026,1333,fourary,7,1,803900,0,0
41,laws,clustered_uniform,2000,52301,2026,1333,caliber,7,2,686700,0,68500
41,laws,clustered_uniform,2000,52301,2026,1333,max_maxdegree,7,3,552500,2.6315345604204166,61300
41,laws,clustered_uniform,2000,52301,2026,1333,binary,7,4,705300,0,0
41,laws,clustered_uniform,2000,52301,2026,1333,mean_map,7,5,490200,9.597786261868082,37600
41,laws,clustered_uniform,2000,52301,2026,1333,degree4,7,6,736800,0,88900
41,laws,clustered_uniform,2000,52301,2026,1333,mean_degree,7,7,818100,0.3670211377169875,37600
41,laws,clustered_uniform,2000,52301,2026,1333,mean_ring,7,8,502000,9.597786261868082,37600
41,laws,clustered_uniform,2000,52301,2026,1333,selected_grid,7,9,490700,19.195572523736164,41995200
42,calibration,clustered_near,2000,52301,2026,0,grid_0.25,0,0,376200,12.499998527378963,37500
42,calibration,clustered_near,2000,52301,2026,0,grid_0.1,0,1,351200,4.9999994109515855,37500
42,calibration,clustered_near,2000,52301,2026,0,grid_1.5,0,2,337100,74.99999116427378,37500
42,calibration,clustered_near,2000,52301,2026,0,grid_0.03125,0,3,343200,1.5624998159223704,37500
42,calibration,clustered_near,2000,52301,2026,0,grid_4,0,4,331600,199.9999764380634,37500
42,calibration,clustered_near,2000,52301,2026,0,grid_0.05,0,5,338100,2.4999997054757928,37500
42,calibration,clustered_near,2000,52301,2026,0,grid_2,0,6,339400,99.9999882190317,37500
42,calibration,clustered_near,2000,52301,2026,0,grid_8,0,7,324400,399.9999528761268,37500
42,calibration,clustered_near,2000,52301,2026,0,grid_1,0,8,454700,49.99999410951585,37500
42,calibration,clustered_near,2000,52301,2026,0,grid_16,0,9,365200,799.9999057522537,37500
42,calibration,clustered_near,2000,52301,2026,0,grid_0.75,0,10,352800,37.49999558213689,37500
42,calibration,clustered_near,2000,52301,2026,0,grid_0.5,0,11,355800,24.999997054757927,37500
42,calibration,clustered_near,2000,52301,2026,0,grid_0.5,1,0,348100,24.999997054757927,37500
42,calibration,clustered_near,2000,52301,2026,0,grid_0.75,1,1,384700,37.49999558213689,37500
42,calibration,clustered_near,2000,52301,2026,0,grid_16,1,2,371100,799.9999057522537,37500
42,calibration,clustered_near,2000,52301,2026,0,grid_1,1,3,389600,49.99999410951585,37500
42,calibration,clustered_near,2000,52301,2026,0,grid_8,1,4,366200,399.9999528761268,37500
42,calibration,clustered_near,2000,52301,2026,0,grid_2,1,5,343400,99.9999882190317,37500
42,calibration,clustered_near,2000,52301,2026,0,grid_0.05,1,6,357500,2.4999997054757928,37500
42,calibration,clustered_near,2000,52301,2026,0,grid_4,1,7,359000,199.9999764380634,37500
42,calibration,clustered_near,2000,52301,2026,0,grid_0.03125,1,8,354000,1.5624998159223704,37500
42,calibration,clustered_near,2000,52301,2026,0,grid_1.5,1,9,337600,74.99999116427378,37500
42,calibration,clustered_near,2000,52301,2026,0,grid_0.1,1,10,376900,4.9999994109515855,37500
42,calibration,clustered_near,2000,52301,2026,0,grid_0.25,1,11,347500,12.499998527378963,37500
42,calibration,clustered_near,2000,52301,2026,0,grid_0.05,2,0,342000,2.4999997054757928,37500
42,calibration,clustered_near,2000,52301,2026,0,grid_0.5,2,1,347000,24.999997054757927,37500
42,calibration,clustered_near,2000,52301,2026,0,grid_0.25,2,2,329100,12.499998527378963,37500
42,calibration,clustered_near,2000,52301,2026,0,grid_8,2,3,338100,399.9999528761268,37500
42,calibration,clustered_near,2000,52301,2026,0,grid_0.1,2,4,549900,4.9999994109515855,37500
42,calibration,clustered_near,2000,52301,2026,0,grid_4,2,5,448100,199.9999764380634,37500
42,calibration,clustered_near,2000,52301,2026,0,grid_2,2,6,430400,99.9999882190317,37500
42,calibration,clustered_near,2000,52301,2026,0,grid_0.03125,2,7,395200,1.5624998159223704,37500
42,calibration,clustered_near,2000,52301,2026,0,grid_0.75,2,8,458400,37.49999558213689,37500
42,calibration,clustered_near,2000,52301,2026,0,grid_1.5,2,9,374500,74.99999116427378,37500
42,calibration,clustered_near,2000,52301,2026,0,grid_1,2,10,410500,49.99999410951585,37500
42,calibration,clustered_near,2000,52301,2026,0,grid_16,2,11,360100,799.9999057522537,37500
42,calibration,clustered_near,2000,52301,2026,0,grid_16,3,0,373500,799.9999057522537,37500
42,calibration,clustered_near,2000,52301,2026,0,grid_1,3,1,402200,49.99999410951585,37500
42,calibration,clustered_near,2000,52301,2026,0,grid_1.5,3,2,362500,74.99999116427378,37500
42,calibration,clustered_near,2000,52301,2026,0,grid_0.75,3,3,370700,37.49999558213689,37500
42,calibration,clustered_near,2000,52301,2026,0,grid_0.03125,3,4,376800,1.5624998159223704,37500
42,calibration,clustered_near,2000,52301,2026,0,grid_2,3,5,372700,99.9999882190317,37500
42,calibration,clustered_near,2000,52301,2026,0,grid_4,3,6,372700,199.9999764380634,37500
42,calibration,clustered_near,2000,52301,2026,0,grid_0.1,3,7,353900,4.9999994109515855,37500
42,calibration,clustered_near,2000,52301,2026,0,grid_8,3,8,343200,399.9999528761268,37500
42,calibration,clustered_near,2000,52301,2026,0,grid_0.25,3,9,362300,12.499998527378963,37500
42,calibration,clustered_near,2000,52301,2026,0,grid_0.5,3,10,412800,24.999997054757927,37500
42,calibration,clustered_near,2000,52301,2026,0,grid_0.05,3,11,356300,2.4999997054757928,37500
42,calibration,clustered_near,2000,52301,2026,0,grid_8,4,0,334000,399.9999528761268,37500
42,calibration,clustered_near,2000,52301,2026,0,grid_0.5,4,1,335300,24.999997054757927,37500
42,calibration,clustered_near,2000,52301,2026,0,grid_1,4,2,387700,49.99999410951585,37500
42,calibration,clustered_near,2000,52301,2026,0,grid_0.05,4,3,349000,2.4999997054757928,37500
42,calibration,clustered_near,2000,52301,2026,0,grid_16,4,4,336800,799.9999057522537,37500
42,calibration,clustered_near,2000,52301,2026,0,grid_0.03125,4,5,357100,1.5624998159223704,37500
42,calibration,clustered_near,2000,52301,2026,0,grid_1.5,4,6,343900,74.99999116427378,37500
42,calibration,clustered_near,2000,52301,2026,0,grid_0.25,4,7,341300,12.499998527378963,37500
42,calibration,clustered_near,2000,52301,2026,0,grid_4,4,8,355300,199.9999764380634,37500
42,calibration,clustered_near,2000,52301,2026,0,grid_2,4,9,342000,99.9999882190317,37500
42,calibration,clustered_near,2000,52301,2026,0,grid_0.75,4,10,370600,37.49999558213689,37500
42,calibration,clustered_near,2000,52301,2026,0,grid_0.1,4,11,475200,4.9999994109515855,37500
42,calibration,clustered_near,2000,52301,2026,0,grid_0.1,5,0,458000,4.9999994109515855,37500
42,calibration,clustered_near,2000,52301,2026,0,grid_0.75,5,1,392700,37.49999558213689,37500
42,calibration,clustered_near,2000,52301,2026,0,grid_2,5,2,541000,99.9999882190317,37500
42,calibration,clustered_near,2000,52301,2026,0,grid_4,5,3,532000,199.9999764380634,37500
42,calibration,clustered_near,2000,52301,2026,0,grid_0.25,5,4,352500,12.499998527378963,37500
42,calibration,clustered_near,2000,52301,2026,0,grid_1.5,5,5,764200,74.99999116427378,37500
42,calibration,clustered_near,2000,52301,2026,0,grid_0.03125,5,6,484300,1.5624998159223704,37500
42,calibration,clustered_near,2000,52301,2026,0,grid_16,5,7,342800,799.9999057522537,37500
42,calibration,clustered_near,2000,52301,2026,0,grid_0.05,5,8,434000,2.4999997054757928,37500
42,calibration,clustered_near,2000,52301,2026,0,grid_1,5,9,416200,49.99999410951585,37500
42,calibration,clustered_near,2000,52301,2026,0,grid_0.5,5,10,360400,24.999997054757927,37500
42,calibration,clustered_near,2000,52301,2026,0,grid_8,5,11,340100,399.9999528761268,37500
42,laws,clustered_near,2000,52301,2026,667,mean_ring,0,0,387300,49.99999410951585,37500
42,laws,clustered_near,2000,52301,2026,667,fourary,0,1,385700,0,0
42,laws,clustered_near,2000,52301,2026,667,selected_grid,0,2,335700,399.9999528761268,27735900
42,laws,clustered_near,2000,52301,2026,667,mean_map,0,3,400900,49.99999410951585,37500
42,laws,clustered_near,2000,52301,2026,667,caliber,0,4,413900,0,102000
42,laws,clustered_near,2000,52301,2026,667,binary,0,5,371600,0,0
42,laws,clustered_near,2000,52301,2026,667,degree4,0,6,387100,0,118400
42,laws,clustered_near,2000,52301,2026,667,mean_degree,0,7,344700,1.9120091053523203,37500
42,laws,clustered_near,2000,52301,2026,667,max_maxdegree,0,8,364100,1.3160526295553694,62500
42,laws,clustered_near,2000,52301,2026,667,std_binary,0,9,401800,0,0
42,laws,clustered_near,2000,52301,2026,667,std_binary,1,0,396200,0,0
42,laws,clustered_near,2000,52301,2026,667,max_maxdegree,1,1,341700,1.3160526295553694,62500
42,laws,clustered_near,2000,52301,2026,667,mean_degree,1,2,374200,1.9120091053523203,37500
42,laws,clustered_near,2000,52301,2026,667,degree4,1,3,415000,0,118400
42,laws,clustered_near,2000,52301,2026,667,binary,1,4,370600,0,0
42,laws,clustered_near,2000,52301,2026,667,caliber,1,5,415900,0,102000
42,laws,clustered_near,2000,52301,2026,667,mean_map,1,6,477800,49.99999410951585,37500
42,laws,clustered_near,2000,52301,2026,667,selected_grid,1,7,354400,399.9999528761268,27735900
42,laws,clustered_near,2000,52301,2026,667,fourary,1,8,367900,0,0
42,laws,clustered_near,2000,52301,2026,667,mean_ring,1,9,393200,49.99999410951585,37500
42,laws,clustered_near,2000,52301,2026,667,binary,2,0,385700,0,0
42,laws,clustered_near,2000,52301,2026,667,selected_grid,2,1,353700,399.9999528761268,27735900
42,laws,clustered_near,2000,52301,2026,667,fourary,2,2,368900,0,0
42,laws,clustered_near,2000,52301,2026,667,mean_degree,2,3,340200,1.9120091053523203,37500
42,laws,clustered_near,2000,52301,2026,667,mean_map,2,4,389500,49.99999410951585,37500
42,laws,clustered_near,2000,52301,2026,667,caliber,2,5,416000,0,102000
42,laws,clustered_near,2000,52301,2026,667,std_binary,2,6,415000,0,0
42,laws,clustered_near,2000,52301,2026,667,mean_ring,2,7,384300,49.99999410951585,37500
42,laws,clustered_near,2000,52301,2026,667,max_maxdegree,2,8,349700,1.3160526295553694,62500
42,laws,clustered_near,2000,52301,2026,667,degree4,2,9,389200,0,118400
42,laws,clustered_near,2000,52301,2026,667,degree4,3,0,375800,0,118400
42,laws,clustered_near,2000,52301,2026,667,max_maxdegree,3,1,351500,1.3160526295553694,62500
42,laws,clustered_near,2000,52301,2026,667,mean_ring,3,2,382300,49.99999410951585,37500
42,laws,clustered_near,2000,52301,2026,667,std_binary,3,3,425000,0,0
42,laws,clustered_near,2000,52301,2026,667,caliber,3,4,434200,0,102000
42,laws,clustered_near,2000,52301,2026,667,mean_map,3,5,414100,49.99999410951585,37500
42,laws,clustered_near,2000,52301,2026,667,mean_degree,3,6,367300,1.9120091053523203,37500
42,laws,clustered_near,2000,52301,2026,667,fourary,3,7,369800,0,0
42,laws,clustered_near,2000,52301,2026,667,selected_grid,3,8,372900,399.9999528761268,27735900
42,laws,clustered_near,2000,52301,2026,667,binary,3,9,380700,0,0
42,laws,clustered_near,2000,52301,2026,667,max_maxdegree,4,0,368500,1.3160526295553694,62500
42,laws,clustered_near,2000,52301,2026,667,std_binary,4,1,395600,0,0
42,laws,clustered_near,2000,52301,2026,667,caliber,4,2,410300,0,102000
42,laws,clustered_near,2000,52301,2026,667,binary,4,3,393600,0,0
42,laws,clustered_near,2000,52301,2026,667,mean_ring,4,4,390100,49.99999410951585,37500
42,laws,clustered_near,2000,52301,2026,667,mean_degree,4,5,344700,1.9120091053523203,37500
42,laws,clustered_near,2000,52301,2026,667,degree4,4,6,383200,0,118400
42,laws,clustered_near,2000,52301,2026,667,mean_map,4,7,392300,49.99999410951585,37500
42,laws,clustered_near,2000,52301,2026,667,selected_grid,4,8,352200,399.9999528761268,27735900
42,laws,clustered_near,2000,52301,2026,667,fourary,4,9,397100,0,0
42,laws,clustered_near,2000,52301,2026,667,fourary,5,0,362300,0,0
42,laws,clustered_near,2000,52301,2026,667,selected_grid,5,1,331600,399.9999528761268,27735900
42,laws,clustered_near,2000,52301,2026,667,mean_map,5,2,380600,49.99999410951585,37500
42,laws,clustered_near,2000,52301,2026,667,degree4,5,3,730600,0,118400
42,laws,clustered_near,2000,52301,2026,667,mean_degree,5,4,411700,1.9120091053523203,37500
42,laws,clustered_near,2000,52301,2026,667,mean_ring,5,5,410700,49.99999410951585,37500
42,laws,clustered_near,2000,52301,2026,667,binary,5,6,390300,0,0
42,laws,clustered_near,2000,52301,2026,667,caliber,5,7,435500,0,102000
42,laws,clustered_near,2000,52301,2026,667,std_binary,5,8,418000,0,0
42,laws,clustered_near,2000,52301,2026,667,max_maxdegree,5,9,349200,1.3160526295553694,62500
42,laws,clustered_near,2000,52301,2026,667,mean_ring,6,0,382700,49.99999410951585,37500
42,laws,clustered_near,2000,52301,2026,667,caliber,6,1,414700,0,102000
42,laws,clustered_near,2000,52301,2026,667,binary,6,2,540300,0,0
42,laws,clustered_near,2000,52301,2026,667,max_maxdegree,6,3,373100,1.3160526295553694,62500
42,laws,clustered_near,2000,52301,2026,667,mean_map,6,4,405200,49.99999410951585,37500
42,laws,clustered_near,2000,52301,2026,667,selected_grid,6,5,357900,399.9999528761268,27735900
42,laws,clustered_near,2000,52301,2026,667,fourary,6,6,381100,0,0
42,laws,clustered_near,2000,52301,2026,667,std_binary,6,7,403700,0,0
42,laws,clustered_near,2000,52301,2026,667,degree4,6,8,411400,0,118400
42,laws,clustered_near,2000,52301,2026,667,mean_degree,6,9,343000,1.9120091053523203,37500
42,laws,clustered_near,2000,52301,2026,667,mean_degree,7,0,356500,1.9120091053523203,37500
42,laws,clustered_near,2000,52301,2026,667,degree4,7,1,384200,0,118400
42,laws,clustered_near,2000,52301,2026,667,std_binary,7,2,409800,0,0
42,laws,clustered_near,2000,52301,2026,667,fourary,7,3,435300,0,0
42,laws,clustered_near,2000,52301,2026,667,selected_grid,7,4,367900,399.9999528761268,27735900
42,laws,clustered_near,2000,52301,2026,667,mean_map,7,5,442000,49.99999410951585,37500
42,laws,clustered_near,2000,52301,2026,667,max_maxdegree,7,6,368500,1.3160526295553694,62500
42,laws,clustered_near,2000,52301,2026,667,binary,7,7,425200,0,0
42,laws,clustered_near,2000,52301,2026,667,caliber,7,8,417700,0,102000
42,laws,clustered_near,2000,52301,2026,667,mean_ring,7,9,465000,49.99999410951585,37500
42,laws,clustered_near,2000,52301,2026,1333,fourary,0,0,380700,0,0
42,laws,clustered_near,2000,52301,2026,1333,mean_ring,0,1,401300,49.99999410951585,37500
42,laws,clustered_near,2000,52301,2026,1333,max_maxdegree,0,2,357100,1.3160526295553694,62500
42,laws,clustered_near,2000,52301,2026,1333,caliber,0,3,422400,0,102000
42,laws,clustered_near,2000,52301,2026,1333,mean_map,0,4,401200,49.99999410951585,37500
42,laws,clustered_near,2000,52301,2026,1333,degree4,0,5,384500,0,118400
42,laws,clustered_near,2000,52301,2026,1333,binary,0,6,379400,0,0
42,laws,clustered_near,2000,52301,2026,1333,std_binary,0,7,419000,0,0
42,laws,clustered_near,2000,52301,2026,1333,selected_grid,0,8,344600,399.9999528761268,27735900
42,laws,clustered_near,2000,52301,2026,1333,mean_degree,0,9,343600,1.9120091053523203,37500
42,laws,clustered_near,2000,52301,2026,1333,mean_degree,1,0,339700,1.9120091053523203,37500
42,laws,clustered_near,2000,52301,2026,1333,selected_grid,1,1,338700,399.9999528761268,27735900
42,laws,clustered_near,2000,52301,2026,1333,std_binary,1,2,399500,0,0
42,laws,clustered_near,2000,52301,2026,1333,binary,1,3,391000,0,0
42,laws,clustered_near,2000,52301,2026,1333,degree4,1,4,389700,0,118400
42,laws,clustered_near,2000,52301,2026,1333,mean_map,1,5,398200,49.99999410951585,37500
42,laws,clustered_near,2000,52301,2026,1333,caliber,1,6,419400,0,102000
42,laws,clustered_near,2000,52301,2026,1333,max_maxdegree,1,7,385100,1.3160526295553694,62500
42,laws,clustered_near,2000,52301,2026,1333,mean_ring,1,8,388900,49.99999410951585,37500
42,laws,clustered_near,2000,52301,2026,1333,fourary,1,9,381300,0,0
42,laws,clustered_near,2000,52301,2026,1333,degree4,2,0,404700,0,118400
42,laws,clustered_near,2000,52301,2026,1333,mean_ring,2,1,402800,49.99999410951585,37500
42,laws,clustered_near,2000,52301,2026,1333,caliber,2,2,418700,0,102000
42,laws,clustered_near,2000,52301,2026,1333,std_binary,2,3,412800,0,0
42,laws,clustered_near,2000,52301,2026,1333,max_maxdegree,2,4,345800,1.3160526295553694,62500
42,laws,clustered_near,2000,52301,2026,1333,selected_grid,2,5,339200,399.9999528761268,27735900
42,laws,clustered_near,2000,52301,2026,1333,mean_map,2,6,409600,49.99999410951585,37500
42,laws,clustered_near,2000,52301,2026,1333,mean_degree,2,7,345100,1.9120091053523203,37500
42,laws,clustered_near,2000,52301,2026,1333,fourary,2,8,380700,0,0
42,laws,clustered_near,2000,52301,2026,1333,binary,2,9,382600,0,0
42,laws,clustered_near,2000,52301,2026,1333,binary,3,0,378100,0,0
42,laws,clustered_near,2000,52301,2026,1333,fourary,3,1,397000,0,0
42,laws,clustered_near,2000,52301,2026,1333,mean_degree,3,2,402000,1.9120091053523203,37500
42,laws,clustered_near,2000,52301,2026,1333,mean_map,3,3,755600,49.99999410951585,37500
42,laws,clustered_near,2000,52301,2026,1333,selected_grid,3,4,393100,399.9999528761268,27735900
42,laws,clustered_near,2000,52301,2026,1333,max_maxdegree,3,5,401200,1.3160526295553694,62500
42,laws,clustered_near,2000,52301,2026,1333,std_binary,3,6,558700,0,0
42,laws,clustered_near,2000,52301,2026,1333,caliber,3,7,529600,0,102000
42,laws,clustered_near,2000,52301,2026,1333,mean_ring,3,8,421200,49.99999410951585,37500
42,laws,clustered_near,2000,52301,2026,1333,degree4,3,9,393600,0,118400
42,laws,clustered_near,2000,52301,2026,1333,fourary,4,0,407400,0,0
42,laws,clustered_near,2000,52301,2026,1333,max_maxdegree,4,1,345700,1.3160526295553694,62500
42,laws,clustered_near,2000,52301,2026,1333,mean_degree,4,2,364300,1.9120091053523203,37500
42,laws,clustered_near,2000,52301,2026,1333,mean_ring,4,3,387600,49.99999410951585,37500
42,laws,clustered_near,2000,52301,2026,1333,binary,4,4,384600,0,0
42,laws,clustered_near,2000,52301,2026,1333,degree4,4,5,413900,0,118400
42,laws,clustered_near,2000,52301,2026,1333,mean_map,4,6,396900,49.99999410951585,37500
42,laws,clustered_near,2000,52301,2026,1333,std_binary,4,7,416300,0,0
42,laws,clustered_near,2000,52301,2026,1333,caliber,4,8,421100,0,102000
42,laws,clustered_near,2000,52301,2026,1333,selected_grid,4,9,350100,399.9999528761268,27735900
42,laws,clustered_near,2000,52301,2026,1333,selected_grid,5,0,347200,399.9999528761268,27735900
42,laws,clustered_near,2000,52301,2026,1333,caliber,5,1,414400,0,102000
42,laws,clustered_near,2000,52301,2026,1333,std_binary,5,2,406900,0,0
42,laws,clustered_near,2000,52301,2026,1333,mean_map,5,3,391300,49.99999410951585,37500
42,laws,clustered_near,2000,52301,2026,1333,degree4,5,4,387300,0,118400
42,laws,clustered_near,2000,52301,2026,1333,binary,5,5,385600,0,0
42,laws,clustered_near,2000,52301,2026,1333,mean_ring,5,6,384700,49.99999410951585,37500
42,laws,clustered_near,2000,52301,2026,1333,mean_degree,5,7,346200,1.9120091053523203,37500
42,laws,clustered_near,2000,52301,2026,1333,max_maxdegree,5,8,380200,1.3160526295553694,62500
42,laws,clustered_near,2000,52301,2026,1333,fourary,5,9,378200,0,0
42,laws,clustered_near,2000,52301,2026,1333,selected_grid,6,0,339500,399.9999528761268,27735900
42,laws,clustered_near,2000,52301,2026,1333,mean_ring,6,1,410300,49.99999410951585,37500
42,laws,clustered_near,2000,52301,2026,1333,mean_degree,6,2,341400,1.9120091053523203,37500
42,laws,clustered_near,2000,52301,2026,1333,degree4,6,3,463800,0,118400
42,laws,clustered_near,2000,52301,2026,1333,mean_map,6,4,391700,49.99999410951585,37500
42,laws,clustered_near,2000,52301,2026,1333,binary,6,5,382000,0,0
42,laws,clustered_near,2000,52301,2026,1333,max_maxdegree,6,6,354500,1.3160526295553694,62500
42,laws,clustered_near,2000,52301,2026,1333,caliber,6,7,418000,0,102000
42,laws,clustered_near,2000,52301,2026,1333,fourary,6,8,376600,0,0
42,laws,clustered_near,2000,52301,2026,1333,std_binary,6,9,412800,0,0
42,laws,clustered_near,2000,52301,2026,1333,std_binary,7,0,403800,0,0
42,laws,clustered_near,2000,52301,2026,1333,fourary,7,1,404600,0,0
42,laws,clustered_near,2000,52301,2026,1333,caliber,7,2,416100,0,102000
42,laws,clustered_near,2000,52301,2026,1333,max_maxdegree,7,3,345100,1.3160526295553694,62500
42,laws,clustered_near,2000,52301,2026,1333,binary,7,4,384500,0,0
42,laws,clustered_near,2000,52301,2026,1333,mean_map,7,5,391100,49.99999410951585,37500
42,laws,clustered_near,2000,52301,2026,1333,degree4,7,6,390200,0,118400
42,laws,clustered_near,2000,52301,2026,1333,mean_degree,7,7,347400,1.9120091053523203,37500
42,laws,clustered_near,2000,52301,2026,1333,mean_ring,7,8,386600,49.99999410951585,37500
42,laws,clustered_near,2000,52301,2026,1333,selected_grid,7,9,349900,399.9999528761268,27735900
43,calibration,clustered_skew,2000,52301,2026,0,grid_0.25,0,0,534200,3.0004080257796377,37500
43,calibration,clustered_skew,2000,52301,2026,0,grid_0.1,0,1,650300,1.2001632103118551,37500
43,calibration,clustered_skew,2000,52301,2026,0,grid_1.5,0,2,474400,18.002448154677825,37500
43,calibration,clustered_skew,2000,52301,2026,0,grid_0.03125,0,3,557300,0.3750510032224547,37500
43,calibration,clustered_skew,2000,52301,2026,0,grid_4,0,4,799800,48.0065284124742,37500
43,calibration,clustered_skew,2000,52301,2026,0,grid_0.05,0,5,543400,0.6000816051559276,37500
43,calibration,clustered_skew,2000,52301,2026,0,grid_2,0,6,444000,24.0032642062371,37500
43,calibration,clustered_skew,2000,52301,2026,0,grid_8,0,7,475500,96.0130568249484,37500
43,calibration,clustered_skew,2000,52301,2026,0,grid_1,0,8,505200,12.00163210311855,37500
43,calibration,clustered_skew,2000,52301,2026,0,grid_16,0,9,425400,192.0261136498968,37500
43,calibration,clustered_skew,2000,52301,2026,0,grid_0.75,0,10,420400,9.001224077338913,37500
43,calibration,clustered_skew,2000,52301,2026,0,grid_0.5,0,11,420600,6.000816051559275,37500
43,calibration,clustered_skew,2000,52301,2026,0,grid_0.5,1,0,401300,6.000816051559275,37500
43,calibration,clustered_skew,2000,52301,2026,0,grid_0.75,1,1,414000,9.001224077338913,37500
43,calibration,clustered_skew,2000,52301,2026,0,grid_16,1,2,425300,192.0261136498968,37500
43,calibration,clustered_skew,2000,52301,2026,0,grid_1,1,3,425100,12.00163210311855,37500
43,calibration,clustered_skew,2000,52301,2026,0,grid_8,1,4,427700,96.0130568249484,37500
43,calibration,clustered_skew,2000,52301,2026,0,grid_2,1,5,438100,24.0032642062371,37500
43,calibration,clustered_skew,2000,52301,2026,0,grid_0.05,1,6,496700,0.6000816051559276,37500
43,calibration,clustered_skew,2000,52301,2026,0,grid_4,1,7,446500,48.0065284124742,37500
43,calibration,clustered_skew,2000,52301,2026,0,grid_0.03125,1,8,527200,0.3750510032224547,37500
43,calibration,clustered_skew,2000,52301,2026,0,grid_1.5,1,9,440000,18.002448154677825,37500
43,calibration,clustered_skew,2000,52301,2026,0,grid_0.1,1,10,455500,1.2001632103118551,37500
43,calibration,clustered_skew,2000,52301,2026,0,grid_0.25,1,11,425100,3.0004080257796377,37500
43,calibration,clustered_skew,2000,52301,2026,0,grid_0.05,2,0,553100,0.6000816051559276,37500
43,calibration,clustered_skew,2000,52301,2026,0,grid_0.5,2,1,420800,6.000816051559275,37500
43,calibration,clustered_skew,2000,52301,2026,0,grid_0.25,2,2,426000,3.0004080257796377,37500
43,calibration,clustered_skew,2000,52301,2026,0,grid_8,2,3,428200,96.0130568249484,37500
43,calibration,clustered_skew,2000,52301,2026,0,grid_0.1,2,4,458400,1.2001632103118551,37500
43,calibration,clustered_skew,2000,52301,2026,0,grid_4,2,5,452300,48.0065284124742,37500
43,calibration,clustered_skew,2000,52301,2026,0,grid_2,2,6,449500,24.0032642062371,37500
43,calibration,clustered_skew,2000,52301,2026,0,grid_0.03125,2,7,522500,0.3750510032224547,37500
43,calibration,clustered_skew,2000,52301,2026,0,grid_0.75,2,8,440200,9.001224077338913,37500
43,calibration,clustered_skew,2000,52301,2026,0,grid_1.5,2,9,491600,18.002448154677825,37500
43,calibration,clustered_skew,2000,52301,2026,0,grid_1,2,10,429400,12.00163210311855,37500
43,calibration,clustered_skew,2000,52301,2026,0,grid_16,2,11,425500,192.0261136498968,37500
43,calibration,clustered_skew,2000,52301,2026,0,grid_16,3,0,445800,192.0261136498968,37500
43,calibration,clustered_skew,2000,52301,2026,0,grid_1,3,1,429000,12.00163210311855,37500
43,calibration,clustered_skew,2000,52301,2026,0,grid_1.5,3,2,433200,18.002448154677825,37500
43,calibration,clustered_skew,2000,52301,2026,0,grid_0.75,3,3,415800,9.001224077338913,37500
43,calibration,clustered_skew,2000,52301,2026,0,grid_0.03125,3,4,521700,0.3750510032224547,37500
43,calibration,clustered_skew,2000,52301,2026,0,grid_2,3,5,446100,24.0032642062371,37500
43,calibration,clustered_skew,2000,52301,2026,0,grid_4,3,6,447200,48.0065284124742,37500
43,calibration,clustered_skew,2000,52301,2026,0,grid_0.1,3,7,448800,1.2001632103118551,37500
43,calibration,clustered_skew,2000,52301,2026,0,grid_8,3,8,421700,96.0130568249484,37500
43,calibration,clustered_skew,2000,52301,2026,0,grid_0.25,3,9,429800,3.0004080257796377,37500
43,calibration,clustered_skew,2000,52301,2026,0,grid_0.5,3,10,406900,6.000816051559275,37500
43,calibration,clustered_skew,2000,52301,2026,0,grid_0.05,3,11,589900,0.6000816051559276,37500
43,calibration,clustered_skew,2000,52301,2026,0,grid_8,4,0,525100,96.0130568249484,37500
43,calibration,clustered_skew,2000,52301,2026,0,grid_0.5,4,1,417100,6.000816051559275,37500
43,calibration,clustered_skew,2000,52301,2026,0,grid_1,4,2,441700,12.00163210311855,37500
43,calibration,clustered_skew,2000,52301,2026,0,grid_0.05,4,3,502400,0.6000816051559276,37500
43,calibration,clustered_skew,2000,52301,2026,0,grid_16,4,4,424200,192.0261136498968,37500
43,calibration,clustered_skew,2000,52301,2026,0,grid_0.03125,4,5,545400,0.3750510032224547,37500
43,calibration,clustered_skew,2000,52301,2026,0,grid_1.5,4,6,447800,18.002448154677825,37500
43,calibration,clustered_skew,2000,52301,2026,0,grid_0.25,4,7,441800,3.0004080257796377,37500
43,calibration,clustered_skew,2000,52301,2026,0,grid_4,4,8,451400,48.0065284124742,37500
43,calibration,clustered_skew,2000,52301,2026,0,grid_2,4,9,434800,24.0032642062371,37500
43,calibration,clustered_skew,2000,52301,2026,0,grid_0.75,4,10,426400,9.001224077338913,37500
43,calibration,clustered_skew,2000,52301,2026,0,grid_0.1,4,11,449300,1.2001632103118551,37500
43,calibration,clustered_skew,2000,52301,2026,0,grid_0.1,5,0,484300,1.2001632103118551,37500
43,calibration,clustered_skew,2000,52301,2026,0,grid_0.75,5,1,453200,9.001224077338913,37500
43,calibration,clustered_skew,2000,52301,2026,0,grid_2,5,2,460400,24.0032642062371,37500
43,calibration,clustered_skew,2000,52301,2026,0,grid_4,5,3,457700,48.0065284124742,37500
43,calibration,clustered_skew,2000,52301,2026,0,grid_0.25,5,4,473400,3.0004080257796377,37500
43,calibration,clustered_skew,2000,52301,2026,0,grid_1.5,5,5,461200,18.002448154677825,37500
43,calibration,clustered_skew,2000,52301,2026,0,grid_0.03125,5,6,539200,0.3750510032224547,37500
43,calibration,clustered_skew,2000,52301,2026,0,grid_16,5,7,421600,192.0261136498968,37500
43,calibration,clustered_skew,2000,52301,2026,0,grid_0.05,5,8,550200,0.6000816051559276,37500
43,calibration,clustered_skew,2000,52301,2026,0,grid_1,5,9,562000,12.00163210311855,37500
43,calibration,clustered_skew,2000,52301,2026,0,grid_0.5,5,10,506600,6.000816051559275,37500
43,calibration,clustered_skew,2000,52301,2026,0,grid_8,5,11,431000,96.0130568249484,37500
43,laws,clustered_skew,2000,52301,2026,667,mean_ring,0,0,416000,12.00163210311855,37500
43,laws,clustered_skew,2000,52301,2026,667,fourary,0,1,559800,0,0
43,laws,clustered_skew,2000,52301,2026,667,selected_grid,0,2,412600,6.000816051559275,33998300
43,laws,clustered_skew,2000,52301,2026,667,mean_map,0,3,540800,12.00163210311855,37500
43,laws,clustered_skew,2000,52301,2026,667,caliber,0,4,599600,0,68900
43,laws,clustered_skew,2000,52301,2026,667,binary,0,5,524600,0,0
43,laws,clustered_skew,2000,52301,2026,667,degree4,0,6,580000,0,91400
43,laws,clustered_skew,2000,52301,2026,667,mean_degree,0,7,507000,0.4589446512731516,37500
43,laws,clustered_skew,2000,52301,2026,667,max_maxdegree,0,8,425100,2.631498814751039,61700
43,laws,clustered_skew,2000,52301,2026,667,std_binary,0,9,569200,0,0
43,laws,clustered_skew,2000,52301,2026,667,std_binary,1,0,554700,0,0
43,laws,clustered_skew,2000,52301,2026,667,max_maxdegree,1,1,418000,2.631498814751039,61700
43,laws,clustered_skew,2000,52301,2026,667,mean_degree,1,2,507700,0.4589446512731516,37500
43,laws,clustered_skew,2000,52301,2026,667,degree4,1,3,535200,0,91400
43,laws,clustered_skew,2000,52301,2026,667,binary,1,4,514700,0,0
43,laws,clustered_skew,2000,52301,2026,667,caliber,1,5,563000,0,68900
43,laws,clustered_skew,2000,52301,2026,667,mean_map,1,6,423000,12.00163210311855,37500
43,laws,clustered_skew,2000,52301,2026,667,selected_grid,1,7,419400,6.000816051559275,33998300
43,laws,clustered_skew,2000,52301,2026,667,fourary,1,8,517200,0,0
43,laws,clustered_skew,2000,52301,2026,667,mean_ring,1,9,422400,12.00163210311855,37500
43,laws,clustered_skew,2000,52301,2026,667,binary,2,0,531900,0,0
43,laws,clustered_skew,2000,52301,2026,667,selected_grid,2,1,419900,6.000816051559275,33998300
43,laws,clustered_skew,2000,52301,2026,667,fourary,2,2,648200,0,0
43,laws,clustered_skew,2000,52301,2026,667,mean_degree,2,3,517300,0.4589446512731516,37500
43,laws,clustered_skew,2000,52301,2026,667,mean_map,2,4,421000,12.00163210311855,37500
43,laws,clustered_skew,2000,52301,2026,667,caliber,2,5,565500,0,68900
43,laws,clustered_skew,2000,52301,2026,667,std_binary,2,6,1566300,0,0
43,laws,clustered_skew,2000,52301,2026,667,mean_ring,2,7,422400,12.00163210311855,37500
43,laws,clustered_skew,2000,52301,2026,667,max_maxdegree,2,8,439000,2.631498814751039,61700
43,laws,clustered_skew,2000,52301,2026,667,degree4,2,9,539500,0,91400
43,laws,clustered_skew,2000,52301,2026,667,degree4,3,0,519400,0,91400
43,laws,clustered_skew,2000,52301,2026,667,max_maxdegree,3,1,449800,2.631498814751039,61700
43,laws,clustered_skew,2000,52301,2026,667,mean_ring,3,2,423100,12.00163210311855,37500
43,laws,clustered_skew,2000,52301,2026,667,std_binary,3,3,643500,0,0
43,laws,clustered_skew,2000,52301,2026,667,caliber,3,4,582500,0,68900
43,laws,clustered_skew,2000,52301,2026,667,mean_map,3,5,441600,12.00163210311855,37500
43,laws,clustered_skew,2000,52301,2026,667,mean_degree,3,6,808200,0.4589446512731516,37500
43,laws,clustered_skew,2000,52301,2026,667,fourary,3,7,682100,0,0
43,laws,clustered_skew,2000,52301,2026,667,selected_grid,3,8,525400,6.000816051559275,33998300
43,laws,clustered_skew,2000,52301,2026,667,binary,3,9,666200,0,0
43,laws,clustered_skew,2000,52301,2026,667,max_maxdegree,4,0,491900,2.631498814751039,61700
43,laws,clustered_skew,2000,52301,2026,667,std_binary,4,1,566300,0,0
43,laws,clustered_skew,2000,52301,2026,667,caliber,4,2,578700,0,68900
43,laws,clustered_skew,2000,52301,2026,667,binary,4,3,517700,0,0
43,laws,clustered_skew,2000,52301,2026,667,mean_ring,4,4,425300,12.00163210311855,37500
43,laws,clustered_skew,2000,52301,2026,667,mean_degree,4,5,525400,0.4589446512731516,37500
43,laws,clustered_skew,2000,52301,2026,667,degree4,4,6,538700,0,91400
43,laws,clustered_skew,2000,52301,2026,667,mean_map,4,7,430600,12.00163210311855,37500
43,laws,clustered_skew,2000,52301,2026,667,selected_grid,4,8,459300,6.000816051559275,33998300
43,laws,clustered_skew,2000,52301,2026,667,fourary,4,9,599000,0,0
43,laws,clustered_skew,2000,52301,2026,667,fourary,5,0,537300,0,0
43,laws,clustered_skew,2000,52301,2026,667,selected_grid,5,1,408600,6.000816051559275,33998300
43,laws,clustered_skew,2000,52301,2026,667,mean_map,5,2,421900,12.00163210311855,37500
43,laws,clustered_skew,2000,52301,2026,667,degree4,5,3,541700,0,91400
43,laws,clustered_skew,2000,52301,2026,667,mean_degree,5,4,514200,0.4589446512731516,37500
43,laws,clustered_skew,2000,52301,2026,667,mean_ring,5,5,415000,12.00163210311855,37500
43,laws,clustered_skew,2000,52301,2026,667,binary,5,6,521700,0,0
43,laws,clustered_skew,2000,52301,2026,667,caliber,5,7,574800,0,68900
43,laws,clustered_skew,2000,52301,2026,667,std_binary,5,8,570100,0,0
43,laws,clustered_skew,2000,52301,2026,667,max_maxdegree,5,9,419600,2.631498814751039,61700
43,laws,clustered_skew,2000,52301,2026,667,mean_ring,6,0,440200,12.00163210311855,37500
43,laws,clustered_skew,2000,52301,2026,667,caliber,6,1,577600,0,68900
43,laws,clustered_skew,2000,52301,2026,667,binary,6,2,525400,0,0
43,laws,clustered_skew,2000,52301,2026,667,max_maxdegree,6,3,535100,2.631498814751039,61700
43,laws,clustered_skew,2000,52301,2026,667,mean_map,6,4,415200,12.00163210311855,37500
43,laws,clustered_skew,2000,52301,2026,667,selected_grid,6,5,405000,6.000816051559275,33998300
43,laws,clustered_skew,2000,52301,2026,667,fourary,6,6,520400,0,0
43,laws,clustered_skew,2000,52301,2026,667,std_binary,6,7,734700,0,0
43,laws,clustered_skew,2000,52301,2026,667,degree4,6,8,549600,0,91400
43,laws,clustered_skew,2000,52301,2026,667,mean_degree,6,9,543500,0.4589446512731516,37500
43,laws,clustered_skew,2000,52301,2026,667,mean_degree,7,0,532500,0.4589446512731516,37500
43,laws,clustered_skew,2000,52301,2026,667,degree4,7,1,533900,0,91400
43,laws,clustered_skew,2000,52301,2026,667,std_binary,7,2,563200,0,0
43,laws,clustered_skew,2000,52301,2026,667,fourary,7,3,524700,0,0
43,laws,clustered_skew,2000,52301,2026,667,selected_grid,7,4,454000,6.000816051559275,33998300
43,laws,clustered_skew,2000,52301,2026,667,mean_map,7,5,441600,12.00163210311855,37500
43,laws,clustered_skew,2000,52301,2026,667,max_maxdegree,7,6,455300,2.631498814751039,61700
43,laws,clustered_skew,2000,52301,2026,667,binary,7,7,581200,0,0
43,laws,clustered_skew,2000,52301,2026,667,caliber,7,8,721700,0,68900
43,laws,clustered_skew,2000,52301,2026,667,mean_ring,7,9,732200,12.00163210311855,37500
43,laws,clustered_skew,2000,52301,2026,1333,fourary,0,0,670900,0,0
43,laws,clustered_skew,2000,52301,2026,1333,mean_ring,0,1,610000,12.00163210311855,37500
43,laws,clustered_skew,2000,52301,2026,1333,max_maxdegree,0,2,441400,2.631498814751039,61700
43,laws,clustered_skew,2000,52301,2026,1333,caliber,0,3,587000,0,68900
43,laws,clustered_skew,2000,52301,2026,1333,mean_map,0,4,469100,12.00163210311855,37500
43,laws,clustered_skew,2000,52301,2026,1333,degree4,0,5,556300,0,91400
43,laws,clustered_skew,2000,52301,2026,1333,binary,0,6,531600,0,0
43,laws,clustered_skew,2000,52301,2026,1333,std_binary,0,7,549900,0,0
43,laws,clustered_skew,2000,52301,2026,1333,selected_grid,0,8,422800,6.000816051559275,33998300
43,laws,clustered_skew,2000,52301,2026,1333,mean_degree,0,9,505600,0.4589446512731516,37500
43,laws,clustered_skew,2000,52301,2026,1333,mean_degree,1,0,519600,0.4589446512731516,37500
43,laws,clustered_skew,2000,52301,2026,1333,selected_grid,1,1,404800,6.000816051559275,33998300
43,laws,clustered_skew,2000,52301,2026,1333,std_binary,1,2,550300,0,0
43,laws,clustered_skew,2000,52301,2026,1333,binary,1,3,513600,0,0
43,laws,clustered_skew,2000,52301,2026,1333,degree4,1,4,533200,0,91400
43,laws,clustered_skew,2000,52301,2026,1333,mean_map,1,5,424000,12.00163210311855,37500
43,laws,clustered_skew,2000,52301,2026,1333,caliber,1,6,565300,0,68900
43,laws,clustered_skew,2000,52301,2026,1333,max_maxdegree,1,7,423200,2.631498814751039,61700
43,laws,clustered_skew,2000,52301,2026,1333,mean_ring,1,8,422500,12.00163210311855,37500
43,laws,clustered_skew,2000,52301,2026,1333,fourary,1,9,519400,0,0
43,laws,clustered_skew,2000,52301,2026,1333,degree4,2,0,602100,0,91400
43,laws,clustered_skew,2000,52301,2026,1333,mean_ring,2,1,445600,12.00163210311855,37500
43,laws,clustered_skew,2000,52301,2026,1333,caliber,2,2,549900,0,68900
43,laws,clustered_skew,2000,52301,2026,1333,std_binary,2,3,552300,0,0
43,laws,clustered_skew,2000,52301,2026,1333,max_maxdegree,2,4,458100,2.631498814751039,61700
43,laws,clustered_skew,2000,52301,2026,1333,selected_grid,2,5,410300,6.000816051559275,33998300
43,laws,clustered_skew,2000,52301,2026,1333,mean_map,2,6,420700,12.00163210311855,37500
43,laws,clustered_skew,2000,52301,2026,1333,mean_degree,2,7,521300,0.4589446512731516,37500
43,laws,clustered_skew,2000,52301,2026,1333,fourary,2,8,519300,0,0
43,laws,clustered_skew,2000,52301,2026,1333,binary,2,9,516100,0,0
43,laws,clustered_skew,2000,52301,2026,1333,binary,3,0,500400,0,0
43,laws,clustered_skew,2000,52301,2026,1333,fourary,3,1,527800,0,0
43,laws,clustered_skew,2000,52301,2026,1333,mean_degree,3,2,503200,0.4589446512731516,37500
43,laws,clustered_skew,2000,52301,2026,1333,mean_map,3,3,426900,12.00163210311855,37500
43,laws,clustered_skew,2000,52301,2026,1333,selected_grid,3,4,409500,6.000816051559275,33998300
43,laws,clustered_skew,2000,52301,2026,1333,max_maxdegree,3,5,419400,2.631498814751039,61700
43,laws,clustered_skew,2000,52301,2026,1333,std_binary,3,6,546300,0,0
43,laws,clustered_skew,2000,52301,2026,1333,caliber,3,7,550200,0,68900
43,laws,clustered_skew,2000,52301,2026,1333,mean_ring,3,8,428500,12.00163210311855,37500
43,laws,clustered_skew,2000,52301,2026,1333,degree4,3,9,531800,0,91400
43,laws,clustered_skew,2000,52301,2026,1333,fourary,4,0,520200,0,0
43,laws,clustered_skew,2000,52301,2026,1333,max_maxdegree,4,1,419600,2.631498814751039,61700
43,laws,clustered_skew,2000,52301,2026,1333,mean_degree,4,2,528000,0.4589446512731516,37500
43,laws,clustered_skew,2000,52301,2026,1333,mean_ring,4,3,429200,12.00163210311855,37500
43,laws,clustered_skew,2000,52301,2026,1333,binary,4,4,523300,0,0
43,laws,clustered_skew,2000,52301,2026,1333,degree4,4,5,542600,0,91400
43,laws,clustered_skew,2000,52301,2026,1333,mean_map,4,6,423500,12.00163210311855,37500
43,laws,clustered_skew,2000,52301,2026,1333,std_binary,4,7,540200,0,0
43,laws,clustered_skew,2000,52301,2026,1333,caliber,4,8,554500,0,68900
43,laws,clustered_skew,2000,52301,2026,1333,selected_grid,4,9,412700,6.000816051559275,33998300
43,laws,clustered_skew,2000,52301,2026,1333,selected_grid,5,0,402700,6.000816051559275,33998300
43,laws,clustered_skew,2000,52301,2026,1333,caliber,5,1,564400,0,68900
43,laws,clustered_skew,2000,52301,2026,1333,std_binary,5,2,614400,0,0
43,laws,clustered_skew,2000,52301,2026,1333,mean_map,5,3,425600,12.00163210311855,37500
43,laws,clustered_skew,2000,52301,2026,1333,degree4,5,4,541600,0,91400
43,laws,clustered_skew,2000,52301,2026,1333,binary,5,5,514100,0,0
43,laws,clustered_skew,2000,52301,2026,1333,mean_ring,5,6,434000,12.00163210311855,37500
43,laws,clustered_skew,2000,52301,2026,1333,mean_degree,5,7,588700,0.4589446512731516,37500
43,laws,clustered_skew,2000,52301,2026,1333,max_maxdegree,5,8,421400,2.631498814751039,61700
43,laws,clustered_skew,2000,52301,2026,1333,fourary,5,9,898400,0,0
43,laws,clustered_skew,2000,52301,2026,1333,selected_grid,6,0,460700,6.000816051559275,33998300
43,laws,clustered_skew,2000,52301,2026,1333,mean_ring,6,1,423600,12.00163210311855,37500
43,laws,clustered_skew,2000,52301,2026,1333,mean_degree,6,2,616800,0.4589446512731516,37500
43,laws,clustered_skew,2000,52301,2026,1333,degree4,6,3,647100,0,91400
43,laws,clustered_skew,2000,52301,2026,1333,mean_map,6,4,508200,12.00163210311855,37500
43,laws,clustered_skew,2000,52301,2026,1333,binary,6,5,631700,0,0
43,laws,clustered_skew,2000,52301,2026,1333,max_maxdegree,6,6,425500,2.631498814751039,61700
43,laws,clustered_skew,2000,52301,2026,1333,caliber,6,7,553000,0,68900
43,laws,clustered_skew,2000,52301,2026,1333,fourary,6,8,506700,0,0
43,laws,clustered_skew,2000,52301,2026,1333,std_binary,6,9,610600,0,0
43,laws,clustered_skew,2000,52301,2026,1333,std_binary,7,0,540700,0,0
43,laws,clustered_skew,2000,52301,2026,1333,fourary,7,1,513100,0,0
43,laws,clustered_skew,2000,52301,2026,1333,caliber,7,2,560600,0,68900
43,laws,clustered_skew,2000,52301,2026,1333,max_maxdegree,7,3,431600,2.631498814751039,61700
43,laws,clustered_skew,2000,52301,2026,1333,binary,7,4,515000,0,0
43,laws,clustered_skew,2000,52301,2026,1333,mean_map,7,5,427500,12.00163210311855,37500
43,laws,clustered_skew,2000,52301,2026,1333,degree4,7,6,549600,0,91400
43,laws,clustered_skew,2000,52301,2026,1333,mean_degree,7,7,521800,0.4589446512731516,37500
43,laws,clustered_skew,2000,52301,2026,1333,mean_ring,7,8,433200,12.00163210311855,37500
43,laws,clustered_skew,2000,52301,2026,1333,selected_grid,7,9,416000,6.000816051559275,33998300
44,calibration,clustered_bimodal,2000,52301,2026,0,grid_0.25,0,0,338200,5.2330309171908755,37500
44,calibration,clustered_bimodal,2000,52301,2026,0,grid_0.1,0,1,338300,2.0932123668763505,37500
44,calibration,clustered_bimodal,2000,52301,2026,0,grid_1.5,0,2,340400,31.398185503145253,37500
44,calibration,clustered_bimodal,2000,52301,2026,0,grid_0.03125,0,3,334300,0.6541288646488594,37500
44,calibration,clustered_bimodal,2000,52301,2026,0,grid_4,0,4,347600,83.72849467505401,37500
44,calibration,clustered_bimodal,2000,52301,2026,0,grid_0.05,0,5,365400,1.0466061834381752,37500
44,calibration,clustered_bimodal,2000,52301,2026,0,grid_2,0,6,338100,41.864247337527004,37500
44,calibration,clustered_bimodal,2000,52301,2026,0,grid_8,0,7,355000,167.45698935010802,37500
44,calibration,clustered_bimodal,2000,52301,2026,0,grid_1,0,8,347800,20.932123668763502,37500
44,calibration,clustered_bimodal,2000,52301,2026,0,grid_16,0,9,327300,334.91397870021603,37500
44,calibration,clustered_bimodal,2000,52301,2026,0,grid_0.75,0,10,340800,15.699092751572627,37500
44,calibration,clustered_bimodal,2000,52301,2026,0,grid_0.5,0,11,337500,10.466061834381751,37500
44,calibration,clustered_bimodal,2000,52301,2026,0,grid_0.5,1,0,334800,10.466061834381751,37500
44,calibration,clustered_bimodal,2000,52301,2026,0,grid_0.75,1,1,332100,15.699092751572627,37500
44,calibration,clustered_bimodal,2000,52301,2026,0,grid_16,1,2,333700,334.91397870021603,37500
44,calibration,clustered_bimodal,2000,52301,2026,0,grid_1,1,3,334700,20.932123668763502,37500
44,calibration,clustered_bimodal,2000,52301,2026,0,grid_8,1,4,332100,167.45698935010802,37500
44,calibration,clustered_bimodal,2000,52301,2026,0,grid_2,1,5,356800,41.864247337527004,37500
44,calibration,clustered_bimodal,2000,52301,2026,0,grid_0.05,1,6,390000,1.0466061834381752,37500
44,calibration,clustered_bimodal,2000,52301,2026,0,grid_4,1,7,340800,83.72849467505401,37500
44,calibration,clustered_bimodal,2000,52301,2026,0,grid_0.03125,1,8,336900,0.6541288646488594,37500
44,calibration,clustered_bimodal,2000,52301,2026,0,grid_1.5,1,9,359500,31.398185503145253,37500
44,calibration,clustered_bimodal,2000,52301,2026,0,grid_0.1,1,10,351100,2.0932123668763505,37500
44,calibration,clustered_bimodal,2000,52301,2026,0,grid_0.25,1,11,343900,5.2330309171908755,37500
44,calibration,clustered_bimodal,2000,52301,2026,0,grid_0.05,2,0,347800,1.0466061834381752,37500
44,calibration,clustered_bimodal,2000,52301,2026,0,grid_0.5,2,1,342300,10.466061834381751,37500
44,calibration,clustered_bimodal,2000,52301,2026,0,grid_0.25,2,2,332400,5.2330309171908755,37500
44,calibration,clustered_bimodal,2000,52301,2026,0,grid_8,2,3,324600,167.45698935010802,37500
44,calibration,clustered_bimodal,2000,52301,2026,0,grid_0.1,2,4,348400,2.0932123668763505,37500
44,calibration,clustered_bimodal,2000,52301,2026,0,grid_4,2,5,340700,83.72849467505401,37500
44,calibration,clustered_bimodal,2000,52301,2026,0,grid_2,2,6,337800,41.864247337527004,37500
44,calibration,clustered_bimodal,2000,52301,2026,0,grid_0.03125,2,7,341200,0.6541288646488594,37500
44,calibration,clustered_bimodal,2000,52301,2026,0,grid_0.75,2,8,335500,15.699092751572627,37500
44,calibration,clustered_bimodal,2000,52301,2026,0,grid_1.5,2,9,340200,31.398185503145253,37500
44,calibration,clustered_bimodal,2000,52301,2026,0,grid_1,2,10,338000,20.932123668763502,37500
44,calibration,clustered_bimodal,2000,52301,2026,0,grid_16,2,11,725800,334.91397870021603,37500
44,calibration,clustered_bimodal,2000,52301,2026,0,grid_16,3,0,372500,334.91397870021603,37500
44,calibration,clustered_bimodal,2000,52301,2026,0,grid_1,3,1,387300,20.932123668763502,37500
44,calibration,clustered_bimodal,2000,52301,2026,0,grid_1.5,3,2,355600,31.398185503145253,37500
44,calibration,clustered_bimodal,2000,52301,2026,0,grid_0.75,3,3,339900,15.699092751572627,37500
44,calibration,clustered_bimodal,2000,52301,2026,0,grid_0.03125,3,4,334500,0.6541288646488594,37500
44,calibration,clustered_bimodal,2000,52301,2026,0,grid_2,3,5,339800,41.864247337527004,37500
44,calibration,clustered_bimodal,2000,52301,2026,0,grid_4,3,6,340000,83.72849467505401,37500
44,calibration,clustered_bimodal,2000,52301,2026,0,grid_0.1,3,7,342500,2.0932123668763505,37500
44,calibration,clustered_bimodal,2000,52301,2026,0,grid_8,3,8,343900,167.45698935010802,37500
44,calibration,clustered_bimodal,2000,52301,2026,0,grid_0.25,3,9,335600,5.2330309171908755,37500
44,calibration,clustered_bimodal,2000,52301,2026,0,grid_0.5,3,10,334700,10.466061834381751,37500
44,calibration,clustered_bimodal,2000,52301,2026,0,grid_0.05,3,11,345000,1.0466061834381752,37500
44,calibration,clustered_bimodal,2000,52301,2026,0,grid_8,4,0,330900,167.45698935010802,37500
44,calibration,clustered_bimodal,2000,52301,2026,0,grid_0.5,4,1,335100,10.466061834381751,37500
44,calibration,clustered_bimodal,2000,52301,2026,0,grid_1,4,2,342900,20.932123668763502,37500
44,calibration,clustered_bimodal,2000,52301,2026,0,grid_0.05,4,3,346100,1.0466061834381752,37500
44,calibration,clustered_bimodal,2000,52301,2026,0,grid_16,4,4,329000,334.91397870021603,37500
44,calibration,clustered_bimodal,2000,52301,2026,0,grid_0.03125,4,5,332400,0.6541288646488594,37500
44,calibration,clustered_bimodal,2000,52301,2026,0,grid_1.5,4,6,339000,31.398185503145253,37500
44,calibration,clustered_bimodal,2000,52301,2026,0,grid_0.25,4,7,337800,5.2330309171908755,37500
44,calibration,clustered_bimodal,2000,52301,2026,0,grid_4,4,8,344200,83.72849467505401,37500
44,calibration,clustered_bimodal,2000,52301,2026,0,grid_2,4,9,338000,41.864247337527004,37500
44,calibration,clustered_bimodal,2000,52301,2026,0,grid_0.75,4,10,332900,15.699092751572627,37500
44,calibration,clustered_bimodal,2000,52301,2026,0,grid_0.1,4,11,337900,2.0932123668763505,37500
44,calibration,clustered_bimodal,2000,52301,2026,0,grid_0.1,5,0,335300,2.0932123668763505,37500
44,calibration,clustered_bimodal,2000,52301,2026,0,grid_0.75,5,1,337900,15.699092751572627,37500
44,calibration,clustered_bimodal,2000,52301,2026,0,grid_2,5,2,327600,41.864247337527004,37500
44,calibration,clustered_bimodal,2000,52301,2026,0,grid_4,5,3,327600,83.72849467505401,37500
44,calibration,clustered_bimodal,2000,52301,2026,0,grid_0.25,5,4,327600,5.2330309171908755,37500
44,calibration,clustered_bimodal,2000,52301,2026,0,grid_1.5,5,5,347700,31.398185503145253,37500
44,calibration,clustered_bimodal,2000,52301,2026,0,grid_0.03125,5,6,332900,0.6541288646488594,37500
44,calibration,clustered_bimodal,2000,52301,2026,0,grid_16,5,7,338300,334.91397870021603,37500
44,calibration,clustered_bimodal,2000,52301,2026,0,grid_0.05,5,8,357400,1.0466061834381752,37500
44,calibration,clustered_bimodal,2000,52301,2026,0,grid_1,5,9,354300,20.932123668763502,37500
44,calibration,clustered_bimodal,2000,52301,2026,0,grid_0.5,5,10,340100,10.466061834381751,37500
44,calibration,clustered_bimodal,2000,52301,2026,0,grid_8,5,11,326700,167.45698935010802,37500
44,laws,clustered_bimodal,2000,52301,2026,667,mean_ring,0,0,360400,20.932123668763502,37500
44,laws,clustered_bimodal,2000,52301,2026,667,fourary,0,1,393000,0,0
44,laws,clustered_bimodal,2000,52301,2026,667,radix,0,2,273200,0,0
44,laws,clustered_bimodal,2000,52301,2026,667,selected_grid,0,3,338700,167.45698935010802,25093300
44,laws,clustered_bimodal,2000,52301,2026,667,caliber,0,4,514400,0,67600
44,laws,clustered_bimodal,2000,52301,2026,667,binary,0,5,423000,0,0
44,laws,clustered_bimodal,2000,52301,2026,667,degree4,0,6,523900,0,95600
44,laws,clustered_bimodal,2000,52301,2026,667,mean_degree,0,7,381800,0.8004483152812949,37500
44,laws,clustered_bimodal,2000,52301,2026,667,max_maxdegree,0,8,392800,2.6315789473684212,61900
44,laws,clustered_bimodal,2000,52301,2026,667,std_binary,0,9,371300,0,0
44,laws,clustered_bimodal,2000,52301,2026,667,mean_map,0,10,389300,20.932123668763502,37500
44,laws,clustered_bimodal,2000,52301,2026,667,mean_map,1,0,368200,20.932123668763502,37500
44,laws,clustered_bimodal,2000,52301,2026,667,std_binary,1,1,363600,0,0
44,laws,clustered_bimodal,2000,52301,2026,667,max_maxdegree,1,2,352700,2.6315789473684212,61900
44,laws,clustered_bimodal,2000,52301,2026,667,mean_degree,1,3,337400,0.8004483152812949,37500
44,laws,clustered_bimodal,2000,52301,2026,667,degree4,1,4,405900,0,95600
44,laws,clustered_bimodal,2000,52301,2026,667,binary,1,5,387900,0,0
44,laws,clustered_bimodal,2000,52301,2026,667,caliber,1,6,354700,0,67600
44,laws,clustered_bimodal,2000,52301,2026,667,selected_grid,1,7,341300,167.45698935010802,25093300
44,laws,clustered_bimodal,2000,52301,2026,667,radix,1,8,295200,0,0
44,laws,clustered_bimodal,2000,52301,2026,667,fourary,1,9,398000,0,0
44,laws,clustered_bimodal,2000,52301,2026,667,mean_ring,1,10,444700,20.932123668763502,37500
44,laws,clustered_bimodal,2000,52301,2026,667,degree4,2,0,391100,0,95600
44,laws,clustered_bimodal,2000,52301,2026,667,selected_grid,2,1,347100,167.45698935010802,25093300
44,laws,clustered_bimodal,2000,52301,2026,667,fourary,2,2,406800,0,0
44,laws,clustered_bimodal,2000,52301,2026,667,radix,2,3,277100,0,0
44,laws,clustered_bimodal,2000,52301,2026,667,caliber,2,4,360400,0,67600
44,laws,clustered_bimodal,2000,52301,2026,667,binary,2,5,482600,0,0
44,laws,clustered_bimodal,2000,52301,2026,667,mean_map,2,6,356600,20.932123668763502,37500
44,laws,clustered_bimodal,2000,52301,2026,667,mean_ring,2,7,367800,20.932123668763502,37500
44,laws,clustered_bimodal,2000,52301,2026,667,max_maxdegree,2,8,1393500,2.6315789473684212,61900
44,laws,clustered_bimodal,2000,52301,2026,667,std_binary,2,9,753600,0,0
44,laws,clustered_bimodal,2000,52301,2026,667,mean_degree,2,10,338800,0.8004483152812949,37500
44,laws,clustered_bimodal,2000,52301,2026,667,mean_degree,3,0,344800,0.8004483152812949,37500
44,laws,clustered_bimodal,2000,52301,2026,667,std_binary,3,1,362100,0,0
44,laws,clustered_bimodal,2000,52301,2026,667,max_maxdegree,3,2,357700,2.6315789473684212,61900
44,laws,clustered_bimodal,2000,52301,2026,667,mean_ring,3,3,358000,20.932123668763502,37500
44,laws,clustered_bimodal,2000,52301,2026,667,mean_map,3,4,354400,20.932123668763502,37500
44,laws,clustered_bimodal,2000,52301,2026,667,binary,3,5,380000,0,0
44,laws,clustered_bimodal,2000,52301,2026,667,caliber,3,6,375800,0,67600
44,laws,clustered_bimodal,2000,52301,2026,667,radix,3,7,278400,0,0
44,laws,clustered_bimodal,2000,52301,2026,667,fourary,3,8,421000,0,0
44,laws,clustered_bimodal,2000,52301,2026,667,selected_grid,3,9,347000,167.45698935010802,25093300
44,laws,clustered_bimodal,2000,52301,2026,667,degree4,3,10,381700,0,95600
44,laws,clustered_bimodal,2000,52301,2026,667,selected_grid,4,0,349600,167.45698935010802,25093300
44,laws,clustered_bimodal,2000,52301,2026,667,std_binary,4,1,364800,0,0
44,laws,clustered_bimodal,2000,52301,2026,667,fourary,4,2,398200,0,0
44,laws,clustered_bimodal,2000,52301,2026,667,degree4,4,3,380500,0,95600
44,laws,clustered_bimodal,2000,52301,2026,667,radix,4,4,277700,0,0
44,laws,clustered_bimodal,2000,52301,2026,667,mean_map,4,5,358900,20.932123668763502,37500
44,laws,clustered_bimodal,2000,52301,2026,667,max_maxdegree,4,6,1047100,2.6315789473684212,61900
44,laws,clustered_bimodal,2000,52301,2026,667,mean_degree,4,7,472300,0.8004483152812949,37500
44,laws,clustered_bimodal,2000,52301,2026,667,binary,4,8,441400,0,0
44,laws,clustered_bimodal,2000,52301,2026,667,caliber,4,9,503000,0,67600
44,laws,clustered_bimodal,2000,52301,2026,667,mean_ring,4,10,361700,20.932123668763502,37500
44,laws,clustered_bimodal,2000,52301,2026,667,mean_ring,5,0,366200,20.932123668763502,37500
44,laws,clustered_bimodal,2000,52301,2026,667,caliber,5,1,350200,0,67600
44,laws,clustered_bimodal,2000,52301,2026,667,binary,5,2,370500,0,0
44,laws,clustered_bimodal,2000,52301,2026,667,mean_degree,5,3,341000,0.8004483152812949,37500
44,laws,clustered_bimodal,2000,52301,2026,667,max_maxdegree,5,4,689700,2.6315789473684212,61900
44,laws,clustered_bimodal,2000,52301,2026,667,mean_map,5,5,407300,20.932123668763502,37500
44,laws,clustered_bimodal,2000,52301,2026,667,radix,5,6,282900,0,0
44,laws,clustered_bimodal,2000,52301,2026,667,degree4,5,7,399200,0,95600
44,laws,clustered_bimodal,2000,52301,2026,667,fourary,5,8,498100,0,0
44,laws,clustered_bimodal,2000,52301,2026,667,std_binary,5,9,392500,0,0
44,laws,clustered_bimodal,2000,52301,2026,667,selected_grid,5,10,351100,167.45698935010802,25093300
44,laws,clustered_bimodal,2000,52301,2026,667,degree4,6,0,407700,0,95600
44,laws,clustered_bimodal,2000,52301,2026,667,std_binary,6,1,485000,0,0
44,laws,clustered_bimodal,2000,52301,2026,667,mean_map,6,2,391800,20.932123668763502,37500
44,laws,clustered_bimodal,2000,52301,2026,667,radix,6,3,311300,0,0
44,laws,clustered_bimodal,2000,52301,2026,667,mean_degree,6,4,338600,0.8004483152812949,37500
44,laws,clustered_bimodal,2000,52301,2026,667,binary,6,5,381300,0,0
44,laws,clustered_bimodal,2000,52301,2026,667,caliber,6,6,373500,0,67600
44,laws,clustered_bimodal,2000,52301,2026,667,fourary,6,7,434300,0,0
44,laws,clustered_bimodal,2000,52301,2026,667,selected_grid,6,8,344600,167.45698935010802,25093300
44,laws,clustered_bimodal,2000,52301,2026,667,mean_ring,6,9,355600,20.932123668763502,37500
44,laws,clustered_bimodal,2000,52301,2026,667,max_maxdegree,6,10,355400,2.6315789473684212,61900
44,laws,clustered_bimodal,2000,52301,2026,667,max_maxdegree,7,0,418400,2.6315789473684212,61900
44,laws,clustered_bimodal,2000,52301,2026,667,mean_ring,7,1,350300,20.932123668763502,37500
44,laws,clustered_bimodal,2000,52301,2026,667,selected_grid,7,2,342900,167.45698935010802,25093300
44,laws,clustered_bimodal,2000,52301,2026,667,fourary,7,3,418000,0,0
44,laws,clustered_bimodal,2000,52301,2026,667,caliber,7,4,370400,0,67600
44,laws,clustered_bimodal,2000,52301,2026,667,binary,7,5,388300,0,0
44,laws,clustered_bimodal,2000,52301,2026,667,mean_degree,7,6,353400,0.8004483152812949,37500
44,laws,clustered_bimodal,2000,52301,2026,667,radix,7,7,277400,0,0
44,laws,clustered_bimodal,2000,52301,2026,667,mean_map,7,8,386300,20.932123668763502,37500
44,laws,clustered_bimodal,2000,52301,2026,667,std_binary,7,9,370600,0,0
44,laws,clustered_bimodal,2000,52301,2026,667,degree4,7,10,400200,0,95600
44,laws,clustered_bimodal,2000,52301,2026,1333,binary,0,0,431600,0,0
44,laws,clustered_bimodal,2000,52301,2026,1333,selected_grid,0,1,343500,167.45698935010802,25093300
44,laws,clustered_bimodal,2000,52301,2026,1333,mean_map,0,2,352700,20.932123668763502,37500
44,laws,clustered_bimodal,2000,52301,2026,1333,caliber,0,3,368100,0,67600
44,laws,clustered_bimodal,2000,52301,2026,1333,radix,0,4,278000,0,0
44,laws,clustered_bimodal,2000,52301,2026,1333,mean_ring,0,5,368500,20.932123668763502,37500
44,laws,clustered_bimodal,2000,52301,2026,1333,mean_degree,0,6,335500,0.8004483152812949,37500
44,laws,clustered_bimodal,2000,52301,2026,1333,degree4,0,7,380100,0,95600
44,laws,clustered_bimodal,2000,52301,2026,1333,fourary,0,8,406900,0,0
44,laws,clustered_bimodal,2000,52301,2026,1333,std_binary,0,9,367100,0,0
44,laws,clustered_bimodal,2000,52301,2026,1333,max_maxdegree,0,10,368300,2.6315789473684212,61900
44,laws,clustered_bimodal,2000,52301,2026,1333,max_maxdegree,1,0,431700,2.6315789473684212,61900
44,laws,clustered_bimodal,2000,52301,2026,1333,std_binary,1,1,361500,0,0
44,laws,clustered_bimodal,2000,52301,2026,1333,fourary,1,2,409000,0,0
44,laws,clustered_bimodal,2000,52301,2026,1333,degree4,1,3,384600,0,95600
44,laws,clustered_bimodal,2000,52301,2026,1333,mean_degree,1,4,348100,0.8004483152812949,37500
44,laws,clustered_bimodal,2000,52301,2026,1333,mean_ring,1,5,360000,20.932123668763502,37500
44,laws,clustered_bimodal,2000,52301,2026,1333,radix,1,6,281800,0,0
44,laws,clustered_bimodal,2000,52301,2026,1333,caliber,1,7,359500,0,67600
44,laws,clustered_bimodal,2000,52301,2026,1333,mean_map,1,8,363200,20.932123668763502,37500
44,laws,clustered_bimodal,2000,52301,2026,1333,selected_grid,1,9,341700,167.45698935010802,25093300
44,laws,clustered_bimodal,2000,52301,2026,1333,binary,1,10,382300,0,0
44,laws,clustered_bimodal,2000,52301,2026,1333,mean_degree,2,0,335200,0.8004483152812949,37500
44,laws,clustered_bimodal,2000,52301,2026,1333,mean_map,2,1,514800,20.932123668763502,37500
44,laws,clustered_bimodal,2000,52301,2026,1333,radix,2,2,279800,0,0
44,laws,clustered_bimodal,2000,52301,2026,1333,fourary,2,3,415300,0,0
44,laws,clustered_bimodal,2000,52301,2026,1333,caliber,2,4,380100,0,67600
44,laws,clustered_bimodal,2000,52301,2026,1333,std_binary,2,5,380500,0,0
44,laws,clustered_bimodal,2000,52301,2026,1333,mean_ring,2,6,355300,20.932123668763502,37500
44,laws,clustered_bimodal,2000,52301,2026,1333,max_maxdegree,2,7,358600,2.6315789473684212,61900
44,laws,clustered_bimodal,2000,52301,2026,1333,selected_grid,2,8,333700,167.45698935010802,25093300
44,laws,clustered_bimodal,2000,52301,2026,1333,binary,2,9,373300,0,0
44,laws,clustered_bimodal,2000,52301,2026,1333,degree4,2,10,754100,0,95600
44,laws,clustered_bimodal,2000,52301,2026,1333,degree4,3,0,448300,0,95600
44,laws,clustered_bimodal,2000,52301,2026,1333,binary,3,1,452600,0,0
44,laws,clustered_bimodal,2000,52301,2026,1333,selected_grid,3,2,390100,167.45698935010802,25093300
44,laws,clustered_bimodal,2000,52301,2026,1333,max_maxdegree,3,3,359800,2.6315789473684212,61900
44,laws,clustered_bimodal,2000,52301,2026,1333,mean_ring,3,4,405700,20.932123668763502,37500
44,laws,clustered_bimodal,2000,52301,2026,1333,std_binary,3,5,366300,0,0
44,laws,clustered_bimodal,2000,52301,2026,1333,caliber,3,6,362500,0,67600
44,laws,clustered_bimodal,2000,52301,2026,1333,fourary,3,7,457900,0,0
44,laws,clustered_bimodal,2000,52301,2026,1333,radix,3,8,275800,0,0
44,laws,clustered_bimodal,2000,52301,2026,1333,mean_map,3,9,368700,20.932123668763502,37500
44,laws,clustered_bimodal,2000,52301,2026,1333,mean_degree,3,10,343900,0.8004483152812949,37500
44,laws,clustered_bimodal,2000,52301,2026,1333,binary,4,0,431400,0,0
44,laws,clustered_bimodal,2000,52301,2026,1333,mean_degree,4,1,358000,0.8004483152812949,37500
44,laws,clustered_bimodal,2000,52301,2026,1333,selected_grid,4,2,335600,167.45698935010802,25093300
44,laws,clustered_bimodal,2000,52301,2026,1333,radix,4,3,278600,0,0
44,laws,clustered_bimodal,2000,52301,2026,1333,degree4,4,4,378100,0,95600
44,laws,clustered_bimodal,2000,52301,2026,1333,mean_map,4,5,371800,20.932123668763502,37500
44,laws,clustered_bimodal,2000,52301,2026,1333,max_maxdegree,4,6,371100,2.6315789473684212,61900
44,laws,clustered_bimodal,2000,52301,2026,1333,caliber,4,7,362600,0,67600
44,laws,clustered_bimodal,2000,52301,2026,1333,fourary,4,8,410700,0,0
44,laws,clustered_bimodal,2000,52301,2026,1333,mean_ring,4,9,361400,20.932123668763502,37500
44,laws,clustered_bimodal,2000,52301,2026,1333,std_binary,4,10,366200,0,0
44,laws,clustered_bimodal,2000,52301,2026,1333,std_binary,5,0,369100,0,0
44,laws,clustered_bimodal,2000,52301,2026,1333,mean_ring,5,1,352000,20.932123668763502,37500
44,laws,clustered_bimodal,2000,52301,2026,1333,fourary,5,2,390000,0,0
44,laws,clustered_bimodal,2000,52301,2026,1333,caliber,5,3,370500,0,67600
44,laws,clustered_bimodal,2000,52301,2026,1333,max_maxdegree,5,4,359700,2.6315789473684212,61900
44,laws,clustered_bimodal,2000,52301,2026,1333,mean_map,5,5,358000,20.932123668763502,37500
44,laws,clustered_bimodal,2000,52301,2026,1333,degree4,5,6,378900,0,95600
44,laws,clustered_bimodal,2000,52301,2026,1333,radix,5,7,278800,0,0
44,laws,clustered_bimodal,2000,52301,2026,1333,selected_grid,5,8,336700,167.45698935010802,25093300
44,laws,clustered_bimodal,2000,52301,2026,1333,mean_degree,5,9,339100,0.8004483152812949,37500
44,laws,clustered_bimodal,2000,52301,2026,1333,binary,5,10,374300,0,0
44,laws,clustered_bimodal,2000,52301,2026,1333,std_binary,6,0,441100,0,0
44,laws,clustered_bimodal,2000,52301,2026,1333,degree4,6,1,400700,0,95600
44,laws,clustered_bimodal,2000,52301,2026,1333,selected_grid,6,2,339900,167.45698935010802,25093300
44,laws,clustered_bimodal,2000,52301,2026,1333,max_maxdegree,6,3,403400,2.6315789473684212,61900
44,laws,clustered_bimodal,2000,52301,2026,1333,radix,6,4,279000,0,0
44,laws,clustered_bimodal,2000,52301,2026,1333,mean_map,6,5,390500,20.932123668763502,37500
44,laws,clustered_bimodal,2000,52301,2026,1333,mean_degree,6,6,337300,0.8004483152812949,37500
44,laws,clustered_bimodal,2000,52301,2026,1333,caliber,6,7,365400,0,67600
44,laws,clustered_bimodal,2000,52301,2026,1333,mean_ring,6,8,357800,20.932123668763502,37500
44,laws,clustered_bimodal,2000,52301,2026,1333,binary,6,9,372700,0,0
44,laws,clustered_bimodal,2000,52301,2026,1333,fourary,6,10,423200,0,0
44,laws,clustered_bimodal,2000,52301,2026,1333,fourary,7,0,428300,0,0
44,laws,clustered_bimodal,2000,52301,2026,1333,binary,7,1,373700,0,0
44,laws,clustered_bimodal,2000,52301,2026,1333,mean_ring,7,2,360400,20.932123668763502,37500
44,laws,clustered_bimodal,2000,52301,2026,1333,caliber,7,3,360500,0,67600
44,laws,clustered_bimodal,2000,52301,2026,1333,mean_degree,7,4,338900,0.8004483152812949,37500
44,laws,clustered_bimodal,2000,52301,2026,1333,mean_map,7,5,366700,20.932123668763502,37500
44,laws,clustered_bimodal,2000,52301,2026,1333,radix,7,6,280600,0,0
44,laws,clustered_bimodal,2000,52301,2026,1333,max_maxdegree,7,7,360800,2.6315789473684212,61900
44,laws,clustered_bimodal,2000,52301,2026,1333,selected_grid,7,8,331400,167.45698935010802,25093300
44,laws,clustered_bimodal,2000,52301,2026,1333,degree4,7,9,381600,0,95600
44,laws,clustered_bimodal,2000,52301,2026,1333,std_binary,7,10,365600,0,0
45,calibration,clustered_zero,2000,52301,2026,0,grid_0.25,0,0,417700,9.473083658312852,37500
45,calibration,clustered_zero,2000,52301,2026,0,grid_0.1,0,1,366100,3.789233463325141,37500
45,calibration,clustered_zero,2000,52301,2026,0,grid_1.5,0,2,498700,56.83850194987711,37500
45,calibration,clustered_zero,2000,52301,2026,0,grid_0.03125,0,3,362900,1.1841354572891065,37500
45,calibration,clustered_zero,2000,52301,2026,0,grid_4,0,4,472300,151.56933853300563,37500
45,calibration,clustered_zero,2000,52301,2026,0,grid_0.05,0,5,377800,1.8946167316625706,37500
45,calibration,clustered_zero,2000,52301,2026,0,grid_2,0,6,501900,75.78466926650282,37500
45,calibration,clustered_zero,2000,52301,2026,0,grid_8,0,7,507000,303.13867706601127,37500
45,calibration,clustered_zero,2000,52301,2026,0,grid_1,0,8,457700,37.89233463325141,37500
45,calibration,clustered_zero,2000,52301,2026,0,grid_16,0,9,589000,606.2773541320225,37500
45,calibration,clustered_zero,2000,52301,2026,0,grid_0.75,0,10,460800,28.419250974938556,37500
45,calibration,clustered_zero,2000,52301,2026,0,grid_0.5,0,11,434600,18.946167316625704,37500
45,calibration,clustered_zero,2000,52301,2026,0,grid_0.5,1,0,427400,18.946167316625704,37500
45,calibration,clustered_zero,2000,52301,2026,0,grid_0.75,1,1,457700,28.419250974938556,37500
45,calibration,clustered_zero,2000,52301,2026,0,grid_16,1,2,477800,606.2773541320225,37500
45,calibration,clustered_zero,2000,52301,2026,0,grid_1,1,3,456100,37.89233463325141,37500
45,calibration,clustered_zero,2000,52301,2026,0,grid_8,1,4,465400,303.13867706601127,37500
45,calibration,clustered_zero,2000,52301,2026,0,grid_2,1,5,509400,75.78466926650282,37500
45,calibration,clustered_zero,2000,52301,2026,0,grid_0.05,1,6,373600,1.8946167316625706,37500
45,calibration,clustered_zero,2000,52301,2026,0,grid_4,1,7,559500,151.56933853300563,37500
45,calibration,clustered_zero,2000,52301,2026,0,grid_0.03125,1,8,368000,1.1841354572891065,37500
45,calibration,clustered_zero,2000,52301,2026,0,grid_1.5,1,9,490600,56.83850194987711,37500
45,calibration,clustered_zero,2000,52301,2026,0,grid_0.1,1,10,383800,3.789233463325141,37500
45,calibration,clustered_zero,2000,52301,2026,0,grid_0.25,1,11,404900,9.473083658312852,37500
45,calibration,clustered_zero,2000,52301,2026,0,grid_0.05,2,0,371900,1.8946167316625706,37500
45,calibration,clustered_zero,2000,52301,2026,0,grid_0.5,2,1,438200,18.946167316625704,37500
45,calibration,clustered_zero,2000,52301,2026,0,grid_0.25,2,2,398900,9.473083658312852,37500
45,calibration,clustered_zero,2000,52301,2026,0,grid_8,2,3,488100,303.13867706601127,37500
45,calibration,clustered_zero,2000,52301,2026,0,grid_0.1,2,4,365100,3.789233463325141,37500
45,calibration,clustered_zero,2000,52301,2026,0,grid_4,2,5,468300,151.56933853300563,37500
45,calibration,clustered_zero,2000,52301,2026,0,grid_2,2,6,502500,75.78466926650282,37500
45,calibration,clustered_zero,2000,52301,2026,0,grid_0.03125,2,7,365200,1.1841354572891065,37500
45,calibration,clustered_zero,2000,52301,2026,0,grid_0.75,2,8,463700,28.419250974938556,37500
45,calibration,clustered_zero,2000,52301,2026,0,grid_1.5,2,9,489700,56.83850194987711,37500
45,calibration,clustered_zero,2000,52301,2026,0,grid_1,2,10,468900,37.89233463325141,37500
45,calibration,clustered_zero,2000,52301,2026,0,grid_16,2,11,472200,606.2773541320225,37500
45,calibration,clustered_zero,2000,52301,2026,0,grid_16,3,0,480500,606.2773541320225,37500
45,calibration,clustered_zero,2000,52301,2026,0,grid_1,3,1,454700,37.89233463325141,37500
45,calibration,clustered_zero,2000,52301,2026,0,grid_1.5,3,2,483600,56.83850194987711,37500
45,calibration,clustered_zero,2000,52301,2026,0,grid_0.75,3,3,450700,28.419250974938556,37500
45,calibration,clustered_zero,2000,52301,2026,0,grid_0.03125,3,4,373100,1.1841354572891065,37500
45,calibration,clustered_zero,2000,52301,2026,0,grid_2,3,5,502400,75.78466926650282,37500
45,calibration,clustered_zero,2000,52301,2026,0,grid_4,3,6,461100,151.56933853300563,37500
45,calibration,clustered_zero,2000,52301,2026,0,grid_0.1,3,7,370000,3.789233463325141,37500
45,calibration,clustered_zero,2000,52301,2026,0,grid_8,3,8,472800,303.13867706601127,37500
45,calibration,clustered_zero,2000,52301,2026,0,grid_0.25,3,9,399800,9.473083658312852,37500
45,calibration,clustered_zero,2000,52301,2026,0,grid_0.5,3,10,444200,18.946167316625704,37500
45,calibration,clustered_zero,2000,52301,2026,0,grid_0.05,3,11,471900,1.8946167316625706,37500
45,calibration,clustered_zero,2000,52301,2026,0,grid_8,4,0,488700,303.13867706601127,37500
45,calibration,clustered_zero,2000,52301,2026,0,grid_0.5,4,1,439100,18.946167316625704,37500
45,calibration,clustered_zero,2000,52301,2026,0,grid_1,4,2,546700,37.89233463325141,37500
45,calibration,clustered_zero,2000,52301,2026,0,grid_0.05,4,3,408000,1.8946167316625706,37500
45,calibration,clustered_zero,2000,52301,2026,0,grid_16,4,4,502600,606.2773541320225,37500
45,calibration,clustered_zero,2000,52301,2026,0,grid_0.03125,4,5,386600,1.1841354572891065,37500
45,calibration,clustered_zero,2000,52301,2026,0,grid_1.5,4,6,529800,56.83850194987711,37500
45,calibration,clustered_zero,2000,52301,2026,0,grid_0.25,4,7,428700,9.473083658312852,37500
45,calibration,clustered_zero,2000,52301,2026,0,grid_4,4,8,496900,151.56933853300563,37500
45,calibration,clustered_zero,2000,52301,2026,0,grid_2,4,9,537000,75.78466926650282,37500
45,calibration,clustered_zero,2000,52301,2026,0,grid_0.75,4,10,454700,28.419250974938556,37500
45,calibration,clustered_zero,2000,52301,2026,0,grid_0.1,4,11,396300,3.789233463325141,37500
45,calibration,clustered_zero,2000,52301,2026,0,grid_0.1,5,0,405000,3.789233463325141,37500
45,calibration,clustered_zero,2000,52301,2026,0,grid_0.75,5,1,513200,28.419250974938556,37500
45,calibration,clustered_zero,2000,52301,2026,0,grid_2,5,2,536900,75.78466926650282,37500
45,calibration,clustered_zero,2000,52301,2026,0,grid_4,5,3,557100,151.56933853300563,37500
45,calibration,clustered_zero,2000,52301,2026,0,grid_0.25,5,4,510000,9.473083658312852,37500
45,calibration,clustered_zero,2000,52301,2026,0,grid_1.5,5,5,542600,56.83850194987711,37500
45,calibration,clustered_zero,2000,52301,2026,0,grid_0.03125,5,6,985400,1.1841354572891065,37500
45,calibration,clustered_zero,2000,52301,2026,0,grid_16,5,7,621000,606.2773541320225,37500
45,calibration,clustered_zero,2000,52301,2026,0,grid_0.05,5,8,905400,1.8946167316625706,37500
45,calibration,clustered_zero,2000,52301,2026,0,grid_1,5,9,555200,37.89233463325141,37500
45,calibration,clustered_zero,2000,52301,2026,0,grid_0.5,5,10,531600,18.946167316625704,37500
45,calibration,clustered_zero,2000,52301,2026,0,grid_8,5,11,660700,303.13867706601127,37500
45,laws,clustered_zero,2000,52301,2026,667,mean_ring,0,0,500100,37.89233463325141,37500
45,laws,clustered_zero,2000,52301,2026,667,fourary,0,1,738100,0,0
45,laws,clustered_zero,2000,52301,2026,667,selected_grid,0,2,377600,1.1841354572891065,34552600
45,laws,clustered_zero,2000,52301,2026,667,mean_map,0,3,499100,37.89233463325141,37500
45,laws,clustered_zero,2000,52301,2026,667,caliber,0,4,449900,0,68200
45,laws,clustered_zero,2000,52301,2026,667,binary,0,5,725300,0,0
45,laws,clustered_zero,2000,52301,2026,667,degree4,0,6,750500,0,94600
45,laws,clustered_zero,2000,52301,2026,667,mean_degree,0,7,374700,1.4490099475440779,37500
45,laws,clustered_zero,2000,52301,2026,667,max_maxdegree,0,8,367700,2.631517577806574,61800
45,laws,clustered_zero,2000,52301,2026,667,std_binary,0,9,721600,0,0
45,laws,clustered_zero,2000,52301,2026,667,std_binary,1,0,707000,0,0
45,laws,clustered_zero,2000,52301,2026,667,max_maxdegree,1,1,364400,2.631517577806574,61800
45,laws,clustered_zero,2000,52301,2026,667,mean_degree,1,2,427200,1.4490099475440779,37500
45,laws,clustered_zero,2000,52301,2026,667,degree4,1,3,755400,0,94600
45,laws,clustered_zero,2000,52301,2026,667,binary,1,4,761400,0,0
45,laws,clustered_zero,2000,52301,2026,667,caliber,1,5,557200,0,68200
45,laws,clustered_zero,2000,52301,2026,667,mean_map,1,6,526700,37.89233463325141,37500
45,laws,clustered_zero,2000,52301,2026,667,selected_grid,1,7,385900,1.1841354572891065,34552600
45,laws,clustered_zero,2000,52301,2026,667,fourary,1,8,751300,0,0
45,laws,clustered_zero,2000,52301,2026,667,mean_ring,1,9,496400,37.89233463325141,37500
45,laws,clustered_zero,2000,52301,2026,667,binary,2,0,819900,0,0
45,laws,clustered_zero,2000,52301,2026,667,selected_grid,2,1,416200,1.1841354572891065,34552600
45,laws,clustered_zero,2000,52301,2026,667,fourary,2,2,748800,0,0
45,laws,clustered_zero,2000,52301,2026,667,mean_degree,2,3,401800,1.4490099475440779,37500
45,laws,clustered_zero,2000,52301,2026,667,mean_map,2,4,529000,37.89233463325141,37500
45,laws,clustered_zero,2000,52301,2026,667,caliber,2,5,845900,0,68200
45,laws,clustered_zero,2000,52301,2026,667,std_binary,2,6,771600,0,0
45,laws,clustered_zero,2000,52301,2026,667,mean_ring,2,7,498900,37.89233463325141,37500
45,laws,clustered_zero,2000,52301,2026,667,max_maxdegree,2,8,369700,2.631517577806574,61800
45,laws,clustered_zero,2000,52301,2026,667,degree4,2,9,749800,0,94600
45,laws,clustered_zero,2000,52301,2026,667,degree4,3,0,782500,0,94600
45,laws,clustered_zero,2000,52301,2026,667,max_maxdegree,3,1,377700,2.631517577806574,61800
45,laws,clustered_zero,2000,52301,2026,667,mean_ring,3,2,503800,37.89233463325141,37500
45,laws,clustered_zero,2000,52301,2026,667,std_binary,3,3,794600,0,0
45,laws,clustered_zero,2000,52301,2026,667,caliber,3,4,484400,0,68200
45,laws,clustered_zero,2000,52301,2026,667,mean_map,3,5,548800,37.89233463325141,37500
45,laws,clustered_zero,2000,52301,2026,667,mean_degree,3,6,364900,1.4490099475440779,37500
45,laws,clustered_zero,2000,52301,2026,667,fourary,3,7,757800,0,0
45,laws,clustered_zero,2000,52301,2026,667,selected_grid,3,8,363900,1.1841354572891065,34552600
45,laws,clustered_zero,2000,52301,2026,667,binary,3,9,809700,0,0
45,laws,clustered_zero,2000,52301,2026,667,max_maxdegree,4,0,387300,2.631517577806574,61800
45,laws,clustered_zero,2000,52301,2026,667,std_binary,4,1,886000,0,0
45,laws,clustered_zero,2000,52301,2026,667,caliber,4,2,505900,0,68200
45,laws,clustered_zero,2000,52301,2026,667,binary,4,3,801700,0,0
45,laws,clustered_zero,2000,52301,2026,667,mean_ring,4,4,510300,37.89233463325141,37500
45,laws,clustered_zero,2000,52301,2026,667,mean_degree,4,5,369000,1.4490099475440779,37500
45,laws,clustered_zero,2000,52301,2026,667,degree4,4,6,769400,0,94600
45,laws,clustered_zero,2000,52301,2026,667,mean_map,4,7,497800,37.89233463325141,37500
45,laws,clustered_zero,2000,52301,2026,667,selected_grid,4,8,378600,1.1841354572891065,34552600
45,laws,clustered_zero,2000,52301,2026,667,fourary,4,9,735200,0,0
45,laws,clustered_zero,2000,52301,2026,667,fourary,5,0,717900,0,0
45,laws,clustered_zero,2000,52301,2026,667,selected_grid,5,1,422800,1.1841354572891065,34552600
45,laws,clustered_zero,2000,52301,2026,667,mean_map,5,2,517000,37.89233463325141,37500
45,laws,clustered_zero,2000,52301,2026,667,degree4,5,3,790700,0,94600
45,laws,clustered_zero,2000,52301,2026,667,mean_degree,5,4,369800,1.4490099475440779,37500
45,laws,clustered_zero,2000,52301,2026,667,mean_ring,5,5,500800,37.89233463325141,37500
45,laws,clustered_zero,2000,52301,2026,667,binary,5,6,744200,0,0
45,laws,clustered_zero,2000,52301,2026,667,caliber,5,7,471400,0,68200
45,laws,clustered_zero,2000,52301,2026,667,std_binary,5,8,754600,0,0
45,laws,clustered_zero,2000,52301,2026,667,max_maxdegree,5,9,367000,2.631517577806574,61800
45,laws,clustered_zero,2000,52301,2026,667,mean_ring,6,0,504400,37.89233463325141,37500
45,laws,clustered_zero,2000,52301,2026,667,caliber,6,1,454200,0,68200
45,laws,clustered_zero,2000,52301,2026,667,binary,6,2,738800,0,0
45,laws,clustered_zero,2000,52301,2026,667,max_maxdegree,6,3,369900,2.631517577806574,61800
45,laws,clustered_zero,2000,52301,2026,667,mean_map,6,4,502400,37.89233463325141,37500
45,laws,clustered_zero,2000,52301,2026,667,selected_grid,6,5,374500,1.1841354572891065,34552600
45,laws,clustered_zero,2000,52301,2026,667,fourary,6,6,739100,0,0
45,laws,clustered_zero,2000,52301,2026,667,std_binary,6,7,723500,0,0
45,laws,clustered_zero,2000,52301,2026,667,degree4,6,8,762700,0,94600
45,laws,clustered_zero,2000,52301,2026,667,mean_degree,6,9,476800,1.4490099475440779,37500
45,laws,clustered_zero,2000,52301,2026,667,mean_degree,7,0,370100,1.4490099475440779,37500
45,laws,clustered_zero,2000,52301,2026,667,degree4,7,1,746000,0,94600
45,laws,clustered_zero,2000,52301,2026,667,std_binary,7,2,836400,0,0
45,laws,clustered_zero,2000,52301,2026,667,fourary,7,3,733100,0,0
45,laws,clustered_zero,2000,52301,2026,667,selected_grid,7,4,406400,1.1841354572891065,34552600
45,laws,clustered_zero,2000,52301,2026,667,mean_map,7,5,508100,37.89233463325141,37500
45,laws,clustered_zero,2000,52301,2026,667,max_maxdegree,7,6,370500,2.631517577806574,61800
45,laws,clustered_zero,2000,52301,2026,667,binary,7,7,1040900,0,0
45,laws,clustered_zero,2000,52301,2026,667,caliber,7,8,568700,0,68200
45,laws,clustered_zero,2000,52301,2026,667,mean_ring,7,9,670700,37.89233463325141,37500
45,laws,clustered_zero,2000,52301,2026,1333,fourary,0,0,822300,0,0
45,laws,clustered_zero,2000,52301,2026,1333,mean_ring,0,1,564100,37.89233463325141,37500
45,laws,clustered_zero,2000,52301,2026,1333,max_maxdegree,0,2,383200,2.631517577806574,61800
45,laws,clustered_zero,2000,52301,2026,1333,caliber,0,3,453000,0,68200
45,laws,clustered_zero,2000,52301,2026,1333,mean_map,0,4,486200,37.89233463325141,37500
45,laws,clustered_zero,2000,52301,2026,1333,degree4,0,5,763900,0,94600
45,laws,clustered_zero,2000,52301,2026,1333,binary,0,6,763600,0,0
45,laws,clustered_zero,2000,52301,2026,1333,std_binary,0,7,763200,0,0
45,laws,clustered_zero,2000,52301,2026,1333,selected_grid,0,8,367000,1.1841354572891065,34552600
45,laws,clustered_zero,2000,52301,2026,1333,mean_degree,0,9,364300,1.4490099475440779,37500
45,laws,clustered_zero,2000,52301,2026,1333,mean_degree,1,0,379200,1.4490099475440779,37500
45,laws,clustered_zero,2000,52301,2026,1333,selected_grid,1,1,361300,1.1841354572891065,34552600
45,laws,clustered_zero,2000,52301,2026,1333,std_binary,1,2,724600,0,0
45,laws,clustered_zero,2000,52301,2026,1333,binary,1,3,737500,0,0
45,laws,clustered_zero,2000,52301,2026,1333,degree4,1,4,776300,0,94600
45,laws,clustered_zero,2000,52301,2026,1333,mean_map,1,5,495600,37.89233463325141,37500
45,laws,clustered_zero,2000,52301,2026,1333,caliber,1,6,464900,0,68200
45,laws,clustered_zero,2000,52301,2026,1333,max_maxdegree,1,7,374500,2.631517577806574,61800
45,laws,clustered_zero,2000,52301,2026,1333,mean_ring,1,8,484900,37.89233463325141,37500
45,laws,clustered_zero,2000,52301,2026,1333,fourary,1,9,992200,0,0
45,laws,clustered_zero,2000,52301,2026,1333,degree4,2,0,878200,0,94600
45,laws,clustered_zero,2000,52301,2026,1333,mean_ring,2,1,604500,37.89233463325141,37500
45,laws,clustered_zero,2000,52301,2026,1333,caliber,2,2,489400,0,68200
45,laws,clustered_zero,2000,52301,2026,1333,std_binary,2,3,792100,0,0
45,laws,clustered_zero,2000,52301,2026,1333,max_maxdegree,2,4,419300,2.631517577806574,61800
45,laws,clustered_zero,2000,52301,2026,1333,selected_grid,2,5,376100,1.1841354572891065,34552600
45,laws,clustered_zero,2000,52301,2026,1333,mean_map,2,6,484200,37.89233463325141,37500
45,laws,clustered_zero,2000,52301,2026,1333,mean_degree,2,7,390200,1.4490099475440779,37500
45,laws,clustered_zero,2000,52301,2026,1333,fourary,2,8,1001200,0,0
45,laws,clustered_zero,2000,52301,2026,1333,binary,2,9,827600,0,0
45,laws,clustered_zero,2000,52301,2026,1333,binary,3,0,823400,0,0
45,laws,clustered_zero,2000,52301,2026,1333,fourary,3,1,1174400,0,0
45,laws,clustered_zero,2000,52301,2026,1333,mean_degree,3,2,388300,1.4490099475440779,37500
45,laws,clustered_zero,2000,52301,2026,1333,mean_map,3,3,604100,37.89233463325141,37500
45,laws,clustered_zero,2000,52301,2026,1333,selected_grid,3,4,417900,1.1841354572891065,34552600
45,laws,clustered_zero,2000,52301,2026,1333,max_maxdegree,3,5,395300,2.631517577806574,61800
45,laws,clustered_zero,2000,52301,2026,1333,std_binary,3,6,960300,0,0
45,laws,clustered_zero,2000,52301,2026,1333,caliber,3,7,549100,0,68200
45,laws,clustered_zero,2000,52301,2026,1333,mean_ring,3,8,538400,37.89233463325141,37500
45,laws,clustered_zero,2000,52301,2026,1333,degree4,3,9,824000,0,94600
45,laws,clustered_zero,2000,52301,2026,1333,fourary,4,0,847500,0,0
45,laws,clustered_zero,2000,52301,2026,1333,max_maxdegree,4,1,438000,2.631517577806574,61800
45,laws,clustered_zero,2000,52301,2026,1333,mean_degree,4,2,438600,1.4490099475440779,37500
45,laws,clustered_zero,2000,52301,2026,1333,mean_ring,4,3,492400,37.89233463325141,37500
45,laws,clustered_zero,2000,52301,2026,1333,binary,4,4,734800,0,0
45,laws,clustered_zero,2000,52301,2026,1333,degree4,4,5,768400,0,94600
45,laws,clustered_zero,2000,52301,2026,1333,mean_map,4,6,483400,37.89233463325141,37500
45,laws,clustered_zero,2000,52301,2026,1333,std_binary,4,7,759600,0,0
45,laws,clustered_zero,2000,52301,2026,1333,caliber,4,8,476100,0,68200
45,laws,clustered_zero,2000,52301,2026,1333,selected_grid,4,9,386600,1.1841354572891065,34552600
45,laws,clustered_zero,2000,52301,2026,1333,selected_grid,5,0,389400,1.1841354572891065,34552600
45,laws,clustered_zero,2000,52301,2026,1333,caliber,5,1,463700,0,68200
45,laws,clustered_zero,2000,52301,2026,1333,std_binary,5,2,720800,0,0
45,laws,clustered_zero,2000,52301,2026,1333,mean_map,5,3,491300,37.89233463325141,37500
45,laws,clustered_zero,2000,52301,2026,1333,degree4,5,4,806100,0,94600
45,laws,clustered_zero,2000,52301,2026,1333,binary,5,5,735800,0,0
45,laws,clustered_zero,2000,52301,2026,1333,mean_ring,5,6,492800,37.89233463325141,37500
45,laws,clustered_zero,2000,52301,2026,1333,mean_degree,5,7,369600,1.4490099475440779,37500
45,laws,clustered_zero,2000,52301,2026,1333,max_maxdegree,5,8,371400,2.631517577806574,61800
45,laws,clustered_zero,2000,52301,2026,1333,fourary,5,9,747100,0,0
45,laws,clustered_zero,2000,52301,2026,1333,selected_grid,6,0,374700,1.1841354572891065,34552600
45,laws,clustered_zero,2000,52301,2026,1333,mean_ring,6,1,474200,37.89233463325141,37500
45,laws,clustered_zero,2000,52301,2026,1333,mean_degree,6,2,369200,1.4490099475440779,37500
45,laws,clustered_zero,2000,52301,2026,1333,degree4,6,3,744400,0,94600
45,laws,clustered_zero,2000,52301,2026,1333,mean_map,6,4,495300,37.89233463325141,37500
45,laws,clustered_zero,2000,52301,2026,1333,binary,6,5,736000,0,0
45,laws,clustered_zero,2000,52301,2026,1333,max_maxdegree,6,6,372700,2.631517577806574,61800
45,laws,clustered_zero,2000,52301,2026,1333,caliber,6,7,454300,0,68200
45,laws,clustered_zero,2000,52301,2026,1333,fourary,6,8,751300,0,0
45,laws,clustered_zero,2000,52301,2026,1333,std_binary,6,9,778700,0,0
45,laws,clustered_zero,2000,52301,2026,1333,std_binary,7,0,762800,0,0
45,laws,clustered_zero,2000,52301,2026,1333,fourary,7,1,1026800,0,0
45,laws,clustered_zero,2000,52301,2026,1333,caliber,7,2,470300,0,68200
45,laws,clustered_zero,2000,52301,2026,1333,max_maxdegree,7,3,373000,2.631517577806574,61800
45,laws,clustered_zero,2000,52301,2026,1333,binary,7,4,744100,0,0
45,laws,clustered_zero,2000,52301,2026,1333,mean_map,7,5,504900,37.89233463325141,37500
45,laws,clustered_zero,2000,52301,2026,1333,degree4,7,6,755200,0,94600
45,laws,clustered_zero,2000,52301,2026,1333,mean_degree,7,7,363300,1.4490099475440779,37500
45,laws,clustered_zero,2000,52301,2026,1333,mean_ring,7,8,616400,37.89233463325141,37500
45,laws,clustered_zero,2000,52301,2026,1333,selected_grid,7,9,386400,1.1841354572891065,34552600
46,calibration,clustered_integer,2000,52301,2026,0,grid_0.25,0,0,499800,12.607517064683275,38600
46,calibration,clustered_integer,2000,52301,2026,0,grid_0.1,0,1,567100,5.04300682587331,38600
46,calibration,clustered_integer,2000,52301,2026,0,grid_1.5,0,2,784400,75.64510238809964,38600
46,calibration,clustered_integer,2000,52301,2026,0,grid_0.03125,0,3,678900,1.5759396330854094,38600
46,calibration,clustered_integer,2000,52301,2026,0,grid_4,0,4,756100,201.7202730349324,38600
46,calibration,clustered_integer,2000,52301,2026,0,grid_0.05,0,5,620000,2.521503412936655,38600
46,calibration,clustered_integer,2000,52301,2026,0,grid_2,0,6,670700,100.8601365174662,38600
46,calibration,clustered_integer,2000,52301,2026,0,grid_8,0,7,796700,403.4405460698648,38600
46,calibration,clustered_integer,2000,52301,2026,0,grid_1,0,8,532200,50.4300682587331,38600
46,calibration,clustered_integer,2000,52301,2026,0,grid_16,0,9,737300,806.8810921397296,38600
46,calibration,clustered_integer,2000,52301,2026,0,grid_0.75,0,10,565000,37.82255119404982,38600
46,calibration,clustered_integer,2000,52301,2026,0,grid_0.5,0,11,487900,25.21503412936655,38600
46,calibration,clustered_integer,2000,52301,2026,0,grid_0.5,1,0,476000,25.21503412936655,38600
46,calibration,clustered_integer,2000,52301,2026,0,grid_0.75,1,1,579000,37.82255119404982,38600
46,calibration,clustered_integer,2000,52301,2026,0,grid_16,1,2,1119500,806.8810921397296,38600
46,calibration,clustered_integer,2000,52301,2026,0,grid_1,1,3,549800,50.4300682587331,38600
46,calibration,clustered_integer,2000,52301,2026,0,grid_8,1,4,894800,403.4405460698648,38600
46,calibration,clustered_integer,2000,52301,2026,0,grid_2,1,5,723600,100.8601365174662,38600
46,calibration,clustered_integer,2000,52301,2026,0,grid_0.05,1,6,627800,2.521503412936655,38600
46,calibration,clustered_integer,2000,52301,2026,0,grid_4,1,7,744500,201.7202730349324,38600
46,calibration,clustered_integer,2000,52301,2026,0,grid_0.03125,1,8,642300,1.5759396330854094,38600
46,calibration,clustered_integer,2000,52301,2026,0,grid_1.5,1,9,752100,75.64510238809964,38600
46,calibration,clustered_integer,2000,52301,2026,0,grid_0.1,1,10,601000,5.04300682587331,38600
46,calibration,clustered_integer,2000,52301,2026,0,grid_0.25,1,11,523400,12.607517064683275,38600
46,calibration,clustered_integer,2000,52301,2026,0,grid_0.05,2,0,805100,2.521503412936655,38600
46,calibration,clustered_integer,2000,52301,2026,0,grid_0.5,2,1,518800,25.21503412936655,38600
46,calibration,clustered_integer,2000,52301,2026,0,grid_0.25,2,2,511200,12.607517064683275,38600
46,calibration,clustered_integer,2000,52301,2026,0,grid_8,2,3,790200,403.4405460698648,38600
46,calibration,clustered_integer,2000,52301,2026,0,grid_0.1,2,4,1434000,5.04300682587331,38600
46,calibration,clustered_integer,2000,52301,2026,0,grid_4,2,5,1119700,201.7202730349324,38600
46,calibration,clustered_integer,2000,52301,2026,0,grid_2,2,6,812100,100.8601365174662,38600
46,calibration,clustered_integer,2000,52301,2026,0,grid_0.03125,2,7,700800,1.5759396330854094,38600
46,calibration,clustered_integer,2000,52301,2026,0,grid_0.75,2,8,557700,37.82255119404982,38600
46,calibration,clustered_integer,2000,52301,2026,0,grid_1.5,2,9,660900,75.64510238809964,38600
46,calibration,clustered_integer,2000,52301,2026,0,grid_1,2,10,530800,50.4300682587331,38600
46,calibration,clustered_integer,2000,52301,2026,0,grid_16,2,11,738800,806.8810921397296,38600
46,calibration,clustered_integer,2000,52301,2026,0,grid_16,3,0,738900,806.8810921397296,38600
46,calibration,clustered_integer,2000,52301,2026,0,grid_1,3,1,517700,50.4300682587331,38600
46,calibration,clustered_integer,2000,52301,2026,0,grid_1.5,3,2,655000,75.64510238809964,38600
46,calibration,clustered_integer,2000,52301,2026,0,grid_0.75,3,3,580200,37.82255119404982,38600
46,calibration,clustered_integer,2000,52301,2026,0,grid_0.03125,3,4,665100,1.5759396330854094,38600
46,calibration,clustered_integer,2000,52301,2026,0,grid_2,3,5,678600,100.8601365174662,38600
46,calibration,clustered_integer,2000,52301,2026,0,grid_4,3,6,737800,201.7202730349324,38600
46,calibration,clustered_integer,2000,52301,2026,0,grid_0.1,3,7,592600,5.04300682587331,38600
46,calibration,clustered_integer,2000,52301,2026,0,grid_8,3,8,729400,403.4405460698648,38600
46,calibration,clustered_integer,2000,52301,2026,0,grid_0.25,3,9,498100,12.607517064683275,38600
46,calibration,clustered_integer,2000,52301,2026,0,grid_0.5,3,10,496400,25.21503412936655,38600
46,calibration,clustered_integer,2000,52301,2026,0,grid_0.05,3,11,680500,2.521503412936655,38600
46,calibration,clustered_integer,2000,52301,2026,0,grid_8,4,0,898600,403.4405460698648,38600
46,calibration,clustered_integer,2000,52301,2026,0,grid_0.5,4,1,507300,25.21503412936655,38600
46,calibration,clustered_integer,2000,52301,2026,0,grid_1,4,2,566500,50.4300682587331,38600
46,calibration,clustered_integer,2000,52301,2026,0,grid_0.05,4,3,619700,2.521503412936655,38600
46,calibration,clustered_integer,2000,52301,2026,0,grid_16,4,4,746100,806.8810921397296,38600
46,calibration,clustered_integer,2000,52301,2026,0,grid_0.03125,4,5,661200,1.5759396330854094,38600
46,calibration,clustered_integer,2000,52301,2026,0,grid_1.5,4,6,670900,75.64510238809964,38600
46,calibration,clustered_integer,2000,52301,2026,0,grid_0.25,4,7,501500,12.607517064683275,38600
46,calibration,clustered_integer,2000,52301,2026,0,grid_4,4,8,768500,201.7202730349324,38600
46,calibration,clustered_integer,2000,52301,2026,0,grid_2,4,9,675000,100.8601365174662,38600
46,calibration,clustered_integer,2000,52301,2026,0,grid_0.75,4,10,559000,37.82255119404982,38600
46,calibration,clustered_integer,2000,52301,2026,0,grid_0.1,4,11,597200,5.04300682587331,38600
46,calibration,clustered_integer,2000,52301,2026,0,grid_0.1,5,0,573700,5.04300682587331,38600
46,calibration,clustered_integer,2000,52301,2026,0,grid_0.75,5,1,571900,37.82255119404982,38600
46,calibration,clustered_integer,2000,52301,2026,0,grid_2,5,2,718700,100.8601365174662,38600
46,calibration,clustered_integer,2000,52301,2026,0,grid_4,5,3,823900,201.7202730349324,38600
46,calibration,clustered_integer,2000,52301,2026,0,grid_0.25,5,4,566400,12.607517064683275,38600
46,calibration,clustered_integer,2000,52301,2026,0,grid_1.5,5,5,670300,75.64510238809964,38600
46,calibration,clustered_integer,2000,52301,2026,0,grid_0.03125,5,6,708100,1.5759396330854094,38600
46,calibration,clustered_integer,2000,52301,2026,0,grid_16,5,7,828400,806.8810921397296,38600
46,calibration,clustered_integer,2000,52301,2026,0,grid_0.05,5,8,622900,2.521503412936655,38600
46,calibration,clustered_integer,2000,52301,2026,0,grid_1,5,9,543700,50.4300682587331,38600
46,calibration,clustered_integer,2000,52301,2026,0,grid_0.5,5,10,492500,25.21503412936655,38600
46,calibration,clustered_integer,2000,52301,2026,0,grid_8,5,11,736600,403.4405460698648,38600
46,laws,clustered_integer,2000,52301,2026,667,mean_ring,0,0,514700,50.4300682587331,38600
46,laws,clustered_integer,2000,52301,2026,667,fourary,0,1,1004100,0,0
46,laws,clustered_integer,2000,52301,2026,667,radix,0,2,557400,0,0
46,laws,clustered_integer,2000,52301,2026,667,selected_grid,0,3,1211000,25.21503412936655,48471500
46,laws,clustered_integer,2000,52301,2026,667,caliber,0,4,1077900,0,84600
46,laws,clustered_integer,2000,52301,2026,667,binary,0,5,1116300,0,0
46,laws,clustered_integer,2000,52301,2026,667,degree4,0,6,1010800,0,124900
46,laws,clustered_integer,2000,52301,2026,667,mean_degree,0,7,671300,1.9284552210754327,38600
46,laws,clustered_integer,2000,52301,2026,667,max_maxdegree,0,8,607700,2.6315789473684212,64000
46,laws,clustered_integer,2000,52301,2026,667,std_binary,0,9,951000,0,0
46,laws,clustered_integer,2000,52301,2026,667,mean_map,0,10,561300,50.4300682587331,38600
46,laws,clustered_integer,2000,52301,2026,667,mean_map,1,0,561300,50.4300682587331,38600
46,laws,clustered_integer,2000,52301,2026,667,std_binary,1,1,914000,0,0
46,laws,clustered_integer,2000,52301,2026,667,max_maxdegree,1,2,640400,2.6315789473684212,64000
46,laws,clustered_integer,2000,52301,2026,667,mean_degree,1,3,649000,1.9284552210754327,38600
46,laws,clustered_integer,2000,52301,2026,667,degree4,1,4,946700,0,124900
46,laws,clustered_integer,2000,52301,2026,667,binary,1,5,895300,0,0
46,laws,clustered_integer,2000,52301,2026,667,caliber,1,6,855400,0,84600
46,laws,clustered_integer,2000,52301,2026,667,selected_grid,1,7,523800,25.21503412936655,48471500
46,laws,clustered_integer,2000,52301,2026,667,radix,1,8,597600,0,0
46,laws,clustered_integer,2000,52301,2026,667,fourary,1,9,1019900,0,0
46,laws,clustered_integer,2000,52301,2026,667,mean_ring,1,10,519300,50.4300682587331,38600
46,laws,clustered_integer,2000,52301,2026,667,degree4,2,0,937400,0,124900
46,laws,clustered_integer,2000,52301,2026,667,selected_grid,2,1,543900,25.21503412936655,48471500
46,laws,clustered_integer,2000,52301,2026,667,fourary,2,2,1016600,0,0
46,laws,clustered_integer,2000,52301,2026,667,radix,2,3,469000,0,0
46,laws,clustered_integer,2000,52301,2026,667,caliber,2,4,867500,0,84600
46,laws,clustered_integer,2000,52301,2026,667,binary,2,5,943100,0,0
46,laws,clustered_integer,2000,52301,2026,667,mean_map,2,6,571400,50.4300682587331,38600
46,laws,clustered_integer,2000,52301,2026,667,mean_ring,2,7,563200,50.4300682587331,38600
46,laws,clustered_integer,2000,52301,2026,667,max_maxdegree,2,8,632600,2.6315789473684212,64000
46,laws,clustered_integer,2000,52301,2026,667,std_binary,2,9,906000,0,0
46,laws,clustered_integer,2000,52301,2026,667,mean_degree,2,10,643100,1.9284552210754327,38600
46,laws,clustered_integer,2000,52301,2026,667,mean_degree,3,0,652100,1.9284552210754327,38600
46,laws,clustered_integer,2000,52301,2026,667,std_binary,3,1,890600,0,0
46,laws,clustered_integer,2000,52301,2026,667,max_maxdegree,3,2,621500,2.6315789473684212,64000
46,laws,clustered_integer,2000,52301,2026,667,mean_ring,3,3,641000,50.4300682587331,38600
46,laws,clustered_integer,2000,52301,2026,667,mean_map,3,4,541600,50.4300682587331,38600
46,laws,clustered_integer,2000,52301,2026,667,binary,3,5,907800,0,0
46,laws,clustered_integer,2000,52301,2026,667,caliber,3,6,850400,0,84600
46,laws,clustered_integer,2000,52301,2026,667,radix,3,7,480800,0,0
46,laws,clustered_integer,2000,52301,2026,667,fourary,3,8,1115300,0,0
46,laws,clustered_integer,2000,52301,2026,667,selected_grid,3,9,520800,25.21503412936655,48471500
46,laws,clustered_integer,2000,52301,2026,667,degree4,3,10,1014400,0,124900
46,laws,clustered_integer,2000,52301,2026,667,selected_grid,4,0,895500,25.21503412936655,48471500
46,laws,clustered_integer,2000,52301,2026,667,std_binary,4,1,1041200,0,0
46,laws,clustered_integer,2000,52301,2026,667,fourary,4,2,1047200,0,0
46,laws,clustered_integer,2000,52301,2026,667,degree4,4,3,948000,0,124900
46,laws,clustered_integer,2000,52301,2026,667,radix,4,4,478200,0,0
46,laws,clustered_integer,2000,52301,2026,667,mean_map,4,5,706300,50.4300682587331,38600
46,laws,clustered_integer,2000,52301,2026,667,max_maxdegree,4,6,651300,2.6315789473684212,64000
46,laws,clustered_integer,2000,52301,2026,667,mean_degree,4,7,636100,1.9284552210754327,38600
46,laws,clustered_integer,2000,52301,2026,667,binary,4,8,999800,0,0
46,laws,clustered_integer,2000,52301,2026,667,caliber,4,9,901600,0,84600
46,laws,clustered_integer,2000,52301,2026,667,mean_ring,4,10,605400,50.4300682587331,38600
46,laws,clustered_integer,2000,52301,2026,667,mean_ring,5,0,510400,50.4300682587331,38600
46,laws,clustered_integer,2000,52301,2026,667,caliber,5,1,868600,0,84600
46,laws,clustered_integer,2000,52301,2026,667,binary,5,2,907100,0,0
46,laws,clustered_integer,2000,52301,2026,667,mean_degree,5,3,677600,1.9284552210754327,38600
46,laws,clustered_integer,2000,52301,2026,667,max_maxdegree,5,4,650300,2.6315789473684212,64000
46,laws,clustered_integer,2000,52301,2026,667,mean_map,5,5,576900,50.4300682587331,38600
46,laws,clustered_integer,2000,52301,2026,667,radix,5,6,482200,0,0
46,laws,clustered_integer,2000,52301,2026,667,degree4,5,7,957900,0,124900
46,laws,clustered_integer,2000,52301,2026,667,fourary,5,8,1032600,0,0
46,laws,clustered_integer,2000,52301,2026,667,std_binary,5,9,1034800,0,0
46,laws,clustered_integer,2000,52301,2026,667,selected_grid,5,10,562000,25.21503412936655,48471500
46,laws,clustered_integer,2000,52301,2026,667,degree4,6,0,1060000,0,124900
46,laws,clustered_integer,2000,52301,2026,667,std_binary,6,1,919100,0,0
46,laws,clustered_integer,2000,52301,2026,667,mean_map,6,2,566400,50.4300682587331,38600
46,laws,clustered_integer,2000,52301,2026,667,radix,6,3,487000,0,0
46,laws,clustered_integer,2000,52301,2026,667,mean_degree,6,4,697500,1.9284552210754327,38600
46,laws,clustered_integer,2000,52301,2026,667,binary,6,5,912100,0,0
46,laws,clustered_integer,2000,52301,2026,667,caliber,6,6,852200,0,84600
46,laws,clustered_integer,2000,52301,2026,667,fourary,6,7,1032400,0,0
46,laws,clustered_integer,2000,52301,2026,667,selected_grid,6,8,522900,25.21503412936655,48471500
46,laws,clustered_integer,2000,52301,2026,667,mean_ring,6,9,631400,50.4300682587331,38600
46,laws,clustered_integer,2000,52301,2026,667,max_maxdegree,6,10,639100,2.6315789473684212,64000
46,laws,clustered_integer,2000,52301,2026,667,max_maxdegree,7,0,614300,2.6315789473684212,64000
46,laws,clustered_integer,2000,52301,2026,667,mean_ring,7,1,677600,50.4300682587331,38600
46,laws,clustered_integer,2000,52301,2026,667,selected_grid,7,2,486800,25.21503412936655,48471500
46,laws,clustered_integer,2000,52301,2026,667,fourary,7,3,1117400,0,0
46,laws,clustered_integer,2000,52301,2026,667,caliber,7,4,914000,0,84600
46,laws,clustered_integer,2000,52301,2026,667,binary,7,5,928400,0,0
46,laws,clustered_integer,2000,52301,2026,667,mean_degree,7,6,778900,1.9284552210754327,38600
46,laws,clustered_integer,2000,52301,2026,667,radix,7,7,580700,0,0
46,laws,clustered_integer,2000,52301,2026,667,mean_map,7,8,538700,50.4300682587331,38600
46,laws,clustered_integer,2000,52301,2026,667,std_binary,7,9,1074000,0,0
46,laws,clustered_integer,2000,52301,2026,667,degree4,7,10,1263100,0,124900
46,laws,clustered_integer,2000,52301,2026,1333,binary,0,0,1034200,0,0
46,laws,clustered_integer,2000,52301,2026,1333,selected_grid,0,1,523900,25.21503412936655,48471500
46,laws,clustered_integer,2000,52301,2026,1333,mean_map,0,2,908500,50.4300682587331,38600
46,laws,clustered_integer,2000,52301,2026,1333,caliber,0,3,1287300,0,84600
46,laws,clustered_integer,2000,52301,2026,1333,radix,0,4,505400,0,0
46,laws,clustered_integer,2000,52301,2026,1333,mean_ring,0,5,517100,50.4300682587331,38600
46,laws,clustered_integer,2000,52301,2026,1333,mean_degree,0,6,682100,1.9284552210754327,38600
46,laws,clustered_integer,2000,52301,2026,1333,degree4,0,7,1043100,0,124900
46,laws,clustered_integer,2000,52301,2026,1333,fourary,0,8,1063400,0,0
46,laws,clustered_integer,2000,52301,2026,1333,std_binary,0,9,958900,0,0
46,laws,clustered_integer,2000,52301,2026,1333,max_maxdegree,0,10,833800,2.6315789473684212,64000
46,laws,clustered_integer,2000,52301,2026,1333,max_maxdegree,1,0,725400,2.6315789473684212,64000
46,laws,clustered_integer,2000,52301,2026,1333,std_binary,1,1,912600,0,0
46,laws,clustered_integer,2000,52301,2026,1333,fourary,1,2,1404900,0,0
46,laws,clustered_integer,2000,52301,2026,1333,degree4,1,3,981200,0,124900
46,laws,clustered_integer,2000,52301,2026,1333,mean_degree,1,4,673300,1.9284552210754327,38600
46,laws,clustered_integer,2000,52301,2026,1333,mean_ring,1,5,536700,50.4300682587331,38600
46,laws,clustered_integer,2000,52301,2026,1333,radix,1,6,538100,0,0
46,laws,clustered_integer,2000,52301,2026,1333,caliber,1,7,864800,0,84600
46,laws,clustered_integer,2000,52301,2026,1333,mean_map,1,8,618100,50.4300682587331,38600
46,laws,clustered_integer,2000,52301,2026,1333,selected_grid,1,9,506700,25.21503412936655,48471500
46,laws,clustered_integer,2000,52301,2026,1333,binary,1,10,935200,0,0
46,laws,clustered_integer,2000,52301,2026,1333,mean_degree,2,0,671400,1.9284552210754327,38600
46,laws,clustered_integer,2000,52301,2026,1333,mean_map,2,1,549800,50.4300682587331,38600
46,laws,clustered_integer,2000,52301,2026,1333,radix,2,2,485700,0,0
46,laws,clustered_integer,2000,52301,2026,1333,fourary,2,3,1227700,0,0
46,laws,clustered_integer,2000,52301,2026,1333,caliber,2,4,879900,0,84600
46,laws,clustered_integer,2000,52301,2026,1333,std_binary,2,5,1029200,0,0
46,laws,clustered_integer,2000,52301,2026,1333,mean_ring,2,6,585200,50.4300682587331,38600
46,laws,clustered_integer,2000,52301,2026,1333,max_maxdegree,2,7,635900,2.6315789473684212,64000
46,laws,clustered_integer,2000,52301,2026,1333,selected_grid,2,8,508900,25.21503412936655,48471500
46,laws,clustered_integer,2000,52301,2026,1333,binary,2,9,1194700,0,0
46,laws,clustered_integer,2000,52301,2026,1333,degree4,2,10,1010900,0,124900
46,laws,clustered_integer,2000,52301,2026,1333,degree4,3,0,978200,0,124900
46,laws,clustered_integer,2000,52301,2026,1333,binary,3,1,948300,0,0
46,laws,clustered_integer,2000,52301,2026,1333,selected_grid,3,2,707300,25.21503412936655,48471500
46,laws,clustered_integer,2000,52301,2026,1333,max_maxdegree,3,3,679000,2.6315789473684212,64000
46,laws,clustered_integer,2000,52301,2026,1333,mean_ring,3,4,514800,50.4300682587331,38600
46,laws,clustered_integer,2000,52301,2026,1333,std_binary,3,5,1027600,0,0
46,laws,clustered_integer,2000,52301,2026,1333,caliber,3,6,888600,0,84600
46,laws,clustered_integer,2000,52301,2026,1333,fourary,3,7,1118400,0,0
46,laws,clustered_integer,2000,52301,2026,1333,radix,3,8,477000,0,0
46,laws,clustered_integer,2000,52301,2026,1333,mean_map,3,9,527400,50.4300682587331,38600
46,laws,clustered_integer,2000,52301,2026,1333,mean_degree,3,10,712800,1.9284552210754327,38600
46,laws,clustered_integer,2000,52301,2026,1333,binary,4,0,1053600,0,0
46,laws,clustered_integer,2000,52301,2026,1333,mean_degree,4,1,645000,1.9284552210754327,38600
46,laws,clustered_integer,2000,52301,2026,1333,selected_grid,4,2,521100,25.21503412936655,48471500
46,laws,clustered_integer,2000,52301,2026,1333,radix,4,3,538800,0,0
46,laws,clustered_integer,2000,52301,2026,1333,degree4,4,4,943200,0,124900
46,laws,clustered_integer,2000,52301,2026,1333,mean_map,4,5,547300,50.4300682587331,38600
46,laws,clustered_integer,2000,52301,2026,1333,max_maxdegree,4,6,693200,2.6315789473684212,64000
46,laws,clustered_integer,2000,52301,2026,1333,caliber,4,7,883600,0,84600
46,laws,clustered_integer,2000,52301,2026,1333,fourary,4,8,1030300,0,0
46,laws,clustered_integer,2000,52301,2026,1333,mean_ring,4,9,578900,50.4300682587331,38600
46,laws,clustered_integer,2000,52301,2026,1333,std_binary,4,10,1340800,0,0
46,laws,clustered_integer,2000,52301,2026,1333,std_binary,5,0,880400,0,0
46,laws,clustered_integer,2000,52301,2026,1333,mean_ring,5,1,582600,50.4300682587331,38600
46,laws,clustered_integer,2000,52301,2026,1333,fourary,5,2,1077100,0,0
46,laws,clustered_integer,2000,52301,2026,1333,caliber,5,3,864300,0,84600
46,laws,clustered_integer,2000,52301,2026,1333,max_maxdegree,5,4,689400,2.6315789473684212,64000
46,laws,clustered_integer,2000,52301,2026,1333,mean_map,5,5,540100,50.4300682587331,38600
46,laws,clustered_integer,2000,52301,2026,1333,degree4,5,6,1793600,0,124900
46,laws,clustered_integer,2000,52301,2026,1333,radix,5,7,511000,0,0
46,laws,clustered_integer,2000,52301,2026,1333,selected_grid,5,8,599500,25.21503412936655,48471500
46,laws,clustered_integer,2000,52301,2026,1333,mean_degree,5,9,645900,1.9284552210754327,38600
46,laws,clustered_integer,2000,52301,2026,1333,binary,5,10,975500,0,0
46,laws,clustered_integer,2000,52301,2026,1333,std_binary,6,0,914500,0,0
46,laws,clustered_integer,2000,52301,2026,1333,degree4,6,1,940600,0,124900
46,laws,clustered_integer,2000,52301,2026,1333,selected_grid,6,2,631200,25.21503412936655,48471500
46,laws,clustered_integer,2000,52301,2026,1333,max_maxdegree,6,3,710600,2.6315789473684212,64000
46,laws,clustered_integer,2000,52301,2026,1333,radix,6,4,475600,0,0
46,laws,clustered_integer,2000,52301,2026,1333,mean_map,6,5,546900,50.4300682587331,38600
46,laws,clustered_integer,2000,52301,2026,1333,mean_degree,6,6,662200,1.9284552210754327,38600
46,laws,clustered_integer,2000,52301,2026,1333,caliber,6,7,851800,0,84600
46,laws,clustered_integer,2000,52301,2026,1333,mean_ring,6,8,565900,50.4300682587331,38600
46,laws,clustered_integer,2000,52301,2026,1333,binary,6,9,960700,0,0
46,laws,clustered_integer,2000,52301,2026,1333,fourary,6,10,1231400,0,0
46,laws,clustered_integer,2000,52301,2026,1333,fourary,7,0,1007400,0,0
46,laws,clustered_integer,2000,52301,2026,1333,binary,7,1,942000,0,0
46,laws,clustered_integer,2000,52301,2026,1333,mean_ring,7,2,515600,50.4300682587331,38600
46,laws,clustered_integer,2000,52301,2026,1333,caliber,7,3,963600,0,84600
46,laws,clustered_integer,2000,52301,2026,1333,mean_degree,7,4,734500,1.9284552210754327,38600
46,laws,clustered_integer,2000,52301,2026,1333,mean_map,7,5,580700,50.4300682587331,38600
46,laws,clustered_integer,2000,52301,2026,1333,radix,7,6,468800,0,0
46,laws,clustered_integer,2000,52301,2026,1333,max_maxdegree,7,7,629200,2.6315789473684212,64000
46,laws,clustered_integer,2000,52301,2026,1333,selected_grid,7,8,494900,25.21503412936655,48471500
46,laws,clustered_integer,2000,52301,2026,1333,degree4,7,9,1021700,0,124900
46,laws,clustered_integer,2000,52301,2026,1333,std_binary,7,10,997600,0,0
47,calibration,clustered_shuffle,2000,52301,2026,0,grid_0.25,0,0,487600,2.399446565467049,37600
47,calibration,clustered_shuffle,2000,52301,2026,0,grid_0.1,0,1,507800,0.9597786261868196,37600
47,calibration,clustered_shuffle,2000,52301,2026,0,grid_1.5,0,2,546700,14.396679392802294,37600
47,calibration,clustered_shuffle,2000,52301,2026,0,grid_0.03125,0,3,630800,0.2999308206833811,37600
47,calibration,clustered_shuffle,2000,52301,2026,0,grid_4,0,4,585900,38.39114504747278,37600
47,calibration,clustered_shuffle,2000,52301,2026,0,grid_0.05,0,5,554900,0.4798893130934098,37600
47,calibration,clustered_shuffle,2000,52301,2026,0,grid_2,0,6,543900,19.19557252373639,37600
47,calibration,clustered_shuffle,2000,52301,2026,0,grid_8,0,7,524000,76.78229009494557,37600
47,calibration,clustered_shuffle,2000,52301,2026,0,grid_1,0,8,463000,9.597786261868196,37600
47,calibration,clustered_shuffle,2000,52301,2026,0,grid_16,0,9,509800,153.56458018989113,37600
47,calibration,clustered_shuffle,2000,52301,2026,0,grid_0.75,0,10,469400,7.198339696401147,37600
47,calibration,clustered_shuffle,2000,52301,2026,0,grid_0.5,0,11,455400,4.798893130934098,37600
47,calibration,clustered_shuffle,2000,52301,2026,0,grid_0.5,1,0,437200,4.798893130934098,37600
47,calibration,clustered_shuffle,2000,52301,2026,0,grid_0.75,1,1,533700,7.198339696401147,37600
47,calibration,clustered_shuffle,2000,52301,2026,0,grid_16,1,2,508600,153.56458018989113,37600
47,calibration,clustered_shuffle,2000,52301,2026,0,grid_1,1,3,475400,9.597786261868196,37600
47,calibration,clustered_shuffle,2000,52301,2026,0,grid_8,1,4,515800,76.78229009494557,37600
47,calibration,clustered_shuffle,2000,52301,2026,0,grid_2,1,5,532300,19.19557252373639,37600
47,calibration,clustered_shuffle,2000,52301,2026,0,grid_0.05,1,6,545700,0.4798893130934098,37600
47,calibration,clustered_shuffle,2000,52301,2026,0,grid_4,1,7,537300,38.39114504747278,37600
47,calibration,clustered_shuffle,2000,52301,2026,0,grid_0.03125,1,8,593700,0.2999308206833811,37600
47,calibration,clustered_shuffle,2000,52301,2026,0,grid_1.5,1,9,545100,14.396679392802294,37600
47,calibration,clustered_shuffle,2000,52301,2026,0,grid_0.1,1,10,516700,0.9597786261868196,37600
47,calibration,clustered_shuffle,2000,52301,2026,0,grid_0.25,1,11,495500,2.399446565467049,37600
47,calibration,clustered_shuffle,2000,52301,2026,0,grid_0.05,2,0,540100,0.4798893130934098,37600
47,calibration,clustered_shuffle,2000,52301,2026,0,grid_0.5,2,1,461700,4.798893130934098,37600
47,calibration,clustered_shuffle,2000,52301,2026,0,grid_0.25,2,2,600100,2.399446565467049,37600
47,calibration,clustered_shuffle,2000,52301,2026,0,grid_8,2,3,521200,76.78229009494557,37600
47,calibration,clustered_shuffle,2000,52301,2026,0,grid_0.1,2,4,509500,0.9597786261868196,37600
47,calibration,clustered_shuffle,2000,52301,2026,0,grid_4,2,5,654400,38.39114504747278,37600
47,calibration,clustered_shuffle,2000,52301,2026,0,grid_2,2,6,562800,19.19557252373639,37600
47,calibration,clustered_shuffle,2000,52301,2026,0,grid_0.03125,2,7,611600,0.2999308206833811,37600
47,calibration,clustered_shuffle,2000,52301,2026,0,grid_0.75,2,8,688600,7.198339696401147,37600
47,calibration,clustered_shuffle,2000,52301,2026,0,grid_1.5,2,9,531500,14.396679392802294,37600
47,calibration,clustered_shuffle,2000,52301,2026,0,grid_1,2,10,489000,9.597786261868196,37600
47,calibration,clustered_shuffle,2000,52301,2026,0,grid_16,2,11,621800,153.56458018989113,37600
47,calibration,clustered_shuffle,2000,52301,2026,0,grid_16,3,0,629600,153.56458018989113,37600
47,calibration,clustered_shuffle,2000,52301,2026,0,grid_1,3,1,749700,9.597786261868196,37600
47,calibration,clustered_shuffle,2000,52301,2026,0,grid_1.5,3,2,688300,14.396679392802294,37600
47,calibration,clustered_shuffle,2000,52301,2026,0,grid_0.75,3,3,475700,7.198339696401147,37600
47,calibration,clustered_shuffle,2000,52301,2026,0,grid_0.03125,3,4,617600,0.2999308206833811,37600
47,calibration,clustered_shuffle,2000,52301,2026,0,grid_2,3,5,942400,19.19557252373639,37600
47,calibration,clustered_shuffle,2000,52301,2026,0,grid_4,3,6,530200,38.39114504747278,37600
47,calibration,clustered_shuffle,2000,52301,2026,0,grid_0.1,3,7,546200,0.9597786261868196,37600
47,calibration,clustered_shuffle,2000,52301,2026,0,grid_8,3,8,514900,76.78229009494557,37600
47,calibration,clustered_shuffle,2000,52301,2026,0,grid_0.25,3,9,541100,2.399446565467049,37600
47,calibration,clustered_shuffle,2000,52301,2026,0,grid_0.5,3,10,461300,4.798893130934098,37600
47,calibration,clustered_shuffle,2000,52301,2026,0,grid_0.05,3,11,796700,0.4798893130934098,37600
47,calibration,clustered_shuffle,2000,52301,2026,0,grid_8,4,0,564500,76.78229009494557,37600
47,calibration,clustered_shuffle,2000,52301,2026,0,grid_0.5,4,1,469900,4.798893130934098,37600
47,calibration,clustered_shuffle,2000,52301,2026,0,grid_1,4,2,489200,9.597786261868196,37600
47,calibration,clustered_shuffle,2000,52301,2026,0,grid_0.05,4,3,583400,0.4798893130934098,37600
47,calibration,clustered_shuffle,2000,52301,2026,0,grid_16,4,4,523700,153.56458018989113,37600
47,calibration,clustered_shuffle,2000,52301,2026,0,grid_0.03125,4,5,603700,0.2999308206833811,37600
47,calibration,clustered_shuffle,2000,52301,2026,0,grid_1.5,4,6,551900,14.396679392802294,37600
47,calibration,clustered_shuffle,2000,52301,2026,0,grid_0.25,4,7,483300,2.399446565467049,37600
47,calibration,clustered_shuffle,2000,52301,2026,0,grid_4,4,8,529800,38.39114504747278,37600
47,calibration,clustered_shuffle,2000,52301,2026,0,grid_2,4,9,538200,19.19557252373639,37600
47,calibration,clustered_shuffle,2000,52301,2026,0,grid_0.75,4,10,480900,7.198339696401147,37600
47,calibration,clustered_shuffle,2000,52301,2026,0,grid_0.1,4,11,501400,0.9597786261868196,37600
47,calibration,clustered_shuffle,2000,52301,2026,0,grid_0.1,5,0,485600,0.9597786261868196,37600
47,calibration,clustered_shuffle,2000,52301,2026,0,grid_0.75,5,1,479300,7.198339696401147,37600
47,calibration,clustered_shuffle,2000,52301,2026,0,grid_2,5,2,527800,19.19557252373639,37600
47,calibration,clustered_shuffle,2000,52301,2026,0,grid_4,5,3,555200,38.39114504747278,37600
47,calibration,clustered_shuffle,2000,52301,2026,0,grid_0.25,5,4,467000,2.399446565467049,37600
47,calibration,clustered_shuffle,2000,52301,2026,0,grid_1.5,5,5,508400,14.396679392802294,37600
47,calibration,clustered_shuffle,2000,52301,2026,0,grid_0.03125,5,6,600800,0.2999308206833811,37600
47,calibration,clustered_shuffle,2000,52301,2026,0,grid_16,5,7,505300,153.56458018989113,37600
47,calibration,clustered_shuffle,2000,52301,2026,0,grid_0.05,5,8,584200,0.4798893130934098,37600
47,calibration,clustered_shuffle,2000,52301,2026,0,grid_1,5,9,493300,9.597786261868196,37600
47,calibration,clustered_shuffle,2000,52301,2026,0,grid_0.5,5,10,472400,4.798893130934098,37600
47,calibration,clustered_shuffle,2000,52301,2026,0,grid_8,5,11,596700,76.78229009494557,37600
47,laws,clustered_shuffle,2000,52301,2026,667,mean_ring,0,0,485400,9.597786261868196,37600
47,laws,clustered_shuffle,2000,52301,2026,667,fourary,0,1,703200,0,0
47,laws,clustered_shuffle,2000,52301,2026,667,selected_grid,0,2,919100,4.798893130934098,39542900
47,laws,clustered_shuffle,2000,52301,2026,667,mean_map,0,3,614900,9.597786261868196,37600
47,laws,clustered_shuffle,2000,52301,2026,667,caliber,0,4,806300,0,69400
47,laws,clustered_shuffle,2000,52301,2026,667,binary,0,5,757800,0,0
47,laws,clustered_shuffle,2000,52301,2026,667,degree4,0,6,695200,0,132100
47,laws,clustered_shuffle,2000,52301,2026,667,mean_degree,0,7,678800,0.36702113771699185,37600
47,laws,clustered_shuffle,2000,52301,2026,667,max_maxdegree,0,8,492400,2.6315345604204166,61700
47,laws,clustered_shuffle,2000,52301,2026,667,std_binary,0,9,682400,0,0
47,laws,clustered_shuffle,2000,52301,2026,667,std_binary,1,0,686700,0,0
47,laws,clustered_shuffle,2000,52301,2026,667,max_maxdegree,1,1,491700,2.6315345604204166,61700
47,laws,clustered_shuffle,2000,52301,2026,667,mean_degree,1,2,588800,0.36702113771699185,37600
47,laws,clustered_shuffle,2000,52301,2026,667,degree4,1,3,727500,0,132100
47,laws,clustered_shuffle,2000,52301,2026,667,binary,1,4,713600,0,0
47,laws,clustered_shuffle,2000,52301,2026,667,caliber,1,5,664400,0,69400
47,laws,clustered_shuffle,2000,52301,2026,667,mean_map,1,6,497400,9.597786261868196,37600
47,laws,clustered_shuffle,2000,52301,2026,667,selected_grid,1,7,503200,4.798893130934098,39542900
47,laws,clustered_shuffle,2000,52301,2026,667,fourary,1,8,636800,0,0
47,laws,clustered_shuffle,2000,52301,2026,667,mean_ring,1,9,488500,9.597786261868196,37600
47,laws,clustered_shuffle,2000,52301,2026,667,binary,2,0,678400,0,0
47,laws,clustered_shuffle,2000,52301,2026,667,selected_grid,2,1,453300,4.798893130934098,39542900
47,laws,clustered_shuffle,2000,52301,2026,667,fourary,2,2,638300,0,0
47,laws,clustered_shuffle,2000,52301,2026,667,mean_degree,2,3,577000,0.36702113771699185,37600
47,laws,clustered_shuffle,2000,52301,2026,667,mean_map,2,4,490000,9.597786261868196,37600
47,laws,clustered_shuffle,2000,52301,2026,667,caliber,2,5,638200,0,69400
47,laws,clustered_shuffle,2000,52301,2026,667,std_binary,2,6,714100,0,0
47,laws,clustered_shuffle,2000,52301,2026,667,mean_ring,2,7,498300,9.597786261868196,37600
47,laws,clustered_shuffle,2000,52301,2026,667,max_maxdegree,2,8,522500,2.6315345604204166,61700
47,laws,clustered_shuffle,2000,52301,2026,667,degree4,2,9,693900,0,132100
47,laws,clustered_shuffle,2000,52301,2026,667,degree4,3,0,657100,0,132100
47,laws,clustered_shuffle,2000,52301,2026,667,max_maxdegree,3,1,463600,2.6315345604204166,61700
47,laws,clustered_shuffle,2000,52301,2026,667,mean_ring,3,2,452000,9.597786261868196,37600
47,laws,clustered_shuffle,2000,52301,2026,667,std_binary,3,3,732800,0,0
47,laws,clustered_shuffle,2000,52301,2026,667,caliber,3,4,666800,0,69400
47,laws,clustered_shuffle,2000,52301,2026,667,mean_map,3,5,468000,9.597786261868196,37600
47,laws,clustered_shuffle,2000,52301,2026,667,mean_degree,3,6,586500,0.36702113771699185,37600
47,laws,clustered_shuffle,2000,52301,2026,667,fourary,3,7,658400,0,0
47,laws,clustered_shuffle,2000,52301,2026,667,selected_grid,3,8,453700,4.798893130934098,39542900
47,laws,clustered_shuffle,2000,52301,2026,667,binary,3,9,652900,0,0
47,laws,clustered_shuffle,2000,52301,2026,667,max_maxdegree,4,0,471300,2.6315345604204166,61700
47,laws,clustered_shuffle,2000,52301,2026,667,std_binary,4,1,697200,0,0
47,laws,clustered_shuffle,2000,52301,2026,667,caliber,4,2,632800,0,69400
47,laws,clustered_shuffle,2000,52301,2026,667,binary,4,3,721400,0,0
47,laws,clustered_shuffle,2000,52301,2026,667,mean_ring,4,4,473100,9.597786261868196,37600
47,laws,clustered_shuffle,2000,52301,2026,667,mean_degree,4,5,589900,0.36702113771699185,37600
47,laws,clustered_shuffle,2000,52301,2026,667,degree4,4,6,727800,0,132100
47,laws,clustered_shuffle,2000,52301,2026,667,mean_map,4,7,497700,9.597786261868196,37600
47,laws,clustered_shuffle,2000,52301,2026,667,selected_grid,4,8,449700,4.798893130934098,39542900
47,laws,clustered_shuffle,2000,52301,2026,667,fourary,4,9,689200,0,0
47,laws,clustered_shuffle,2000,52301,2026,667,fourary,5,0,666800,0,0
47,laws,clustered_shuffle,2000,52301,2026,667,selected_grid,5,1,482200,4.798893130934098,39542900
47,laws,clustered_shuffle,2000,52301,2026,667,mean_map,5,2,519300,9.597786261868196,37600
47,laws,clustered_shuffle,2000,52301,2026,667,degree4,5,3,724900,0,132100
47,laws,clustered_shuffle,2000,52301,2026,667,mean_degree,5,4,1128300,0.36702113771699185,37600
47,laws,clustered_shuffle,2000,52301,2026,667,mean_ring,5,5,522500,9.597786261868196,37600
47,laws,clustered_shuffle,2000,52301,2026,667,binary,5,6,666800,0,0
47,laws,clustered_shuffle,2000,52301,2026,667,caliber,5,7,636900,0,69400
47,laws,clustered_shuffle,2000,52301,2026,667,std_binary,5,8,687300,0,0
47,laws,clustered_shuffle,2000,52301,2026,667,max_maxdegree,5,9,505000,2.6315345604204166,61700
47,laws,clustered_shuffle,2000,52301,2026,667,mean_ring,6,0,459200,9.597786261868196,37600
47,laws,clustered_shuffle,2000,52301,2026,667,caliber,6,1,623600,0,69400
47,laws,clustered_shuffle,2000,52301,2026,667,binary,6,2,651600,0,0
47,laws,clustered_shuffle,2000,52301,2026,667,max_maxdegree,6,3,466700,2.6315345604204166,61700
47,laws,clustered_shuffle,2000,52301,2026,667,mean_map,6,4,467000,9.597786261868196,37600
47,laws,clustered_shuffle,2000,52301,2026,667,selected_grid,6,5,456900,4.798893130934098,39542900
47,laws,clustered_shuffle,2000,52301,2026,667,fourary,6,6,649100,0,0
47,laws,clustered_shuffle,2000,52301,2026,667,std_binary,6,7,701000,0,0
47,laws,clustered_shuffle,2000,52301,2026,667,degree4,6,8,672400,0,132100
47,laws,clustered_shuffle,2000,52301,2026,667,mean_degree,6,9,572600,0.36702113771699185,37600
47,laws,clustered_shuffle,2000,52301,2026,667,mean_degree,7,0,539600,0.36702113771699185,37600
47,laws,clustered_shuffle,2000,52301,2026,667,degree4,7,1,933700,0,132100
47,laws,clustered_shuffle,2000,52301,2026,667,std_binary,7,2,846300,0,0
47,laws,clustered_shuffle,2000,52301,2026,667,fourary,7,3,690900,0,0
47,laws,clustered_shuffle,2000,52301,2026,667,selected_grid,7,4,484400,4.798893130934098,39542900
47,laws,clustered_shuffle,2000,52301,2026,667,mean_map,7,5,463800,9.597786261868196,37600
47,laws,clustered_shuffle,2000,52301,2026,667,max_maxdegree,7,6,494300,2.6315345604204166,61700
47,laws,clustered_shuffle,2000,52301,2026,667,binary,7,7,664600,0,0
47,laws,clustered_shuffle,2000,52301,2026,667,caliber,7,8,684800,0,69400
47,laws,clustered_shuffle,2000,52301,2026,667,mean_ring,7,9,457200,9.597786261868196,37600
47,laws,clustered_shuffle,2000,52301,2026,1333,fourary,0,0,635700,0,0
47,laws,clustered_shuffle,2000,52301,2026,1333,mean_ring,0,1,466100,9.597786261868196,37600
47,laws,clustered_shuffle,2000,52301,2026,1333,max_maxdegree,0,2,473600,2.6315345604204166,61700
47,laws,clustered_shuffle,2000,52301,2026,1333,caliber,0,3,634700,0,69400
47,laws,clustered_shuffle,2000,52301,2026,1333,mean_map,0,4,484400,9.597786261868196,37600
47,laws,clustered_shuffle,2000,52301,2026,1333,degree4,0,5,702200,0,132100
47,laws,clustered_shuffle,2000,52301,2026,1333,binary,0,6,628800,0,0
47,laws,clustered_shuffle,2000,52301,2026,1333,std_binary,0,7,663000,0,0
47,laws,clustered_shuffle,2000,52301,2026,1333,selected_grid,0,8,460000,4.798893130934098,39542900
47,laws,clustered_shuffle,2000,52301,2026,1333,mean_degree,0,9,564000,0.36702113771699185,37600
47,laws,clustered_shuffle,2000,52301,2026,1333,mean_degree,1,0,545200,0.36702113771699185,37600
47,laws,clustered_shuffle,2000,52301,2026,1333,selected_grid,1,1,447800,4.798893130934098,39542900
47,laws,clustered_shuffle,2000,52301,2026,1333,std_binary,1,2,670500,0,0
47,laws,clustered_shuffle,2000,52301,2026,1333,binary,1,3,635100,0,0
47,laws,clustered_shuffle,2000,52301,2026,1333,degree4,1,4,654600,0,132100
47,laws,clustered_shuffle,2000,52301,2026,1333,mean_map,1,5,472100,9.597786261868196,37600
47,laws,clustered_shuffle,2000,52301,2026,1333,caliber,1,6,617700,0,69400
47,laws,clustered_shuffle,2000,52301,2026,1333,max_maxdegree,1,7,479200,2.6315345604204166,61700
47,laws,clustered_shuffle,2000,52301,2026,1333,mean_ring,1,8,471600,9.597786261868196,37600
47,laws,clustered_shuffle,2000,52301,2026,1333,fourary,1,9,630100,0,0
47,laws,clustered_shuffle,2000,52301,2026,1333,degree4,2,0,650000,0,132100
47,laws,clustered_shuffle,2000,52301,2026,1333,mean_ring,2,1,468700,9.597786261868196,37600
47,laws,clustered_shuffle,2000,52301,2026,1333,caliber,2,2,613600,0,69400
47,laws,clustered_shuffle,2000,52301,2026,1333,std_binary,2,3,675500,0,0
47,laws,clustered_shuffle,2000,52301,2026,1333,max_maxdegree,2,4,476200,2.6315345604204166,61700
47,laws,clustered_shuffle,2000,52301,2026,1333,selected_grid,2,5,458600,4.798893130934098,39542900
47,laws,clustered_shuffle,2000,52301,2026,1333,mean_map,2,6,468600,9.597786261868196,37600
47,laws,clustered_shuffle,2000,52301,2026,1333,mean_degree,2,7,652100,0.36702113771699185,37600
47,laws,clustered_shuffle,2000,52301,2026,1333,fourary,2,8,614300,0,0
47,laws,clustered_shuffle,2000,52301,2026,1333,binary,2,9,654500,0,0
47,laws,clustered_shuffle,2000,52301,2026,1333,binary,3,0,624300,0,0
47,laws,clustered_shuffle,2000,52301,2026,1333,fourary,3,1,628600,0,0
47,laws,clustered_shuffle,2000,52301,2026,1333,mean_degree,3,2,553400,0.36702113771699185,37600
47,laws,clustered_shuffle,2000,52301,2026,1333,mean_map,3,3,465300,9.597786261868196,37600
47,laws,clustered_shuffle,2000,52301,2026,1333,selected_grid,3,4,471200,4.798893130934098,39542900
47,laws,clustered_shuffle,2000,52301,2026,1333,max_maxdegree,3,5,1046500,2.6315345604204166,61700
47,laws,clustered_shuffle,2000,52301,2026,1333,std_binary,3,6,701900,0,0
47,laws,clustered_shuffle,2000,52301,2026,1333,caliber,3,7,615300,0,69400
47,laws,clustered_shuffle,2000,52301,2026,1333,mean_ring,3,8,478100,9.597786261868196,37600
47,laws,clustered_shuffle,2000,52301,2026,1333,degree4,3,9,654800,0,132100
47,laws,clustered_shuffle,2000,52301,2026,1333,fourary,4,0,633000,0,0
47,laws,clustered_shuffle,2000,52301,2026,1333,max_maxdegree,4,1,506200,2.6315345604204166,61700
47,laws,clustered_shuffle,2000,52301,2026,1333,mean_degree,4,2,596100,0.36702113771699185,37600
47,laws,clustered_shuffle,2000,52301,2026,1333,mean_ring,4,3,453800,9.597786261868196,37600
47,laws,clustered_shuffle,2000,52301,2026,1333,binary,4,4,637200,0,0
47,laws,clustered_shuffle,2000,52301,2026,1333,degree4,4,5,664400,0,132100
47,laws,clustered_shuffle,2000,52301,2026,1333,mean_map,4,6,472000,9.597786261868196,37600
47,laws,clustered_shuffle,2000,52301,2026,1333,std_binary,4,7,656600,0,0
47,laws,clustered_shuffle,2000,52301,2026,1333,caliber,4,8,624100,0,69400
47,laws,clustered_shuffle,2000,52301,2026,1333,selected_grid,4,9,455300,4.798893130934098,39542900
47,laws,clustered_shuffle,2000,52301,2026,1333,selected_grid,5,0,441300,4.798893130934098,39542900
47,laws,clustered_shuffle,2000,52301,2026,1333,caliber,5,1,610600,0,69400
47,laws,clustered_shuffle,2000,52301,2026,1333,std_binary,5,2,664400,0,0
47,laws,clustered_shuffle,2000,52301,2026,1333,mean_map,5,3,465800,9.597786261868196,37600
47,laws,clustered_shuffle,2000,52301,2026,1333,degree4,5,4,641500,0,132100
47,laws,clustered_shuffle,2000,52301,2026,1333,binary,5,5,696300,0,0
47,laws,clustered_shuffle,2000,52301,2026,1333,mean_ring,5,6,479100,9.597786261868196,37600
47,laws,clustered_shuffle,2000,52301,2026,1333,mean_degree,5,7,569400,0.36702113771699185,37600
47,laws,clustered_shuffle,2000,52301,2026,1333,max_maxdegree,5,8,648300,2.6315345604204166,61700
47,laws,clustered_shuffle,2000,52301,2026,1333,fourary,5,9,617400,0,0
47,laws,clustered_shuffle,2000,52301,2026,1333,selected_grid,6,0,477700,4.798893130934098,39542900
47,laws,clustered_shuffle,2000,52301,2026,1333,mean_ring,6,1,457600,9.597786261868196,37600
47,laws,clustered_shuffle,2000,52301,2026,1333,mean_degree,6,2,610300,0.36702113771699185,37600
47,laws,clustered_shuffle,2000,52301,2026,1333,degree4,6,3,657600,0,132100
47,laws,clustered_shuffle,2000,52301,2026,1333,mean_map,6,4,465900,9.597786261868196,37600
47,laws,clustered_shuffle,2000,52301,2026,1333,binary,6,5,640700,0,0
47,laws,clustered_shuffle,2000,52301,2026,1333,max_maxdegree,6,6,475600,2.6315345604204166,61700
47,laws,clustered_shuffle,2000,52301,2026,1333,caliber,6,7,656800,0,69400
47,laws,clustered_shuffle,2000,52301,2026,1333,fourary,6,8,647600,0,0
47,laws,clustered_shuffle,2000,52301,2026,1333,std_binary,6,9,662100,0,0
47,laws,clustered_shuffle,2000,52301,2026,1333,std_binary,7,0,671900,0,0
47,laws,clustered_shuffle,2000,52301,2026,1333,fourary,7,1,637600,0,0
47,laws,clustered_shuffle,2000,52301,2026,1333,caliber,7,2,621900,0,69400
47,laws,clustered_shuffle,2000,52301,2026,1333,max_maxdegree,7,3,488100,2.6315345604204166,61700
47,laws,clustered_shuffle,2000,52301,2026,1333,binary,7,4,632100,0,0
47,laws,clustered_shuffle,2000,52301,2026,1333,mean_map,7,5,488100,9.597786261868196,37600
47,laws,clustered_shuffle,2000,52301,2026,1333,degree4,7,6,718500,0,132100
47,laws,clustered_shuffle,2000,52301,2026,1333,mean_degree,7,7,559700,0.36702113771699185,37600
47,laws,clustered_shuffle,2000,52301,2026,1333,mean_ring,7,8,470800,9.597786261868196,37600
47,laws,clustered_shuffle,2000,52301,2026,1333,selected_grid,7,9,452000,4.798893130934098,39542900
48,calibration,clustered_scale,2000,52301,2026,0,grid_0.25,0,0,539400,2457.033283038229,37500
48,calibration,clustered_scale,2000,52301,2026,0,grid_0.1,0,1,593800,982.8133132152916,37500
48,calibration,clustered_scale,2000,52301,2026,0,grid_1.5,0,2,485600,14742.199698229375,37500
48,calibration,clustered_scale,2000,52301,2026,0,grid_0.03125,0,3,739600,307.1291603797786,37500
48,calibration,clustered_scale,2000,52301,2026,0,grid_4,0,4,469500,39312.532528611664,37500
48,calibration,clustered_scale,2000,52301,2026,0,grid_0.05,0,5,680400,491.4066566076458,37500
48,calibration,clustered_scale,2000,52301,2026,0,grid_2,0,6,525100,19656.266264305832,37500
48,calibration,clustered_scale,2000,52301,2026,0,grid_8,0,7,533800,78625.06505722333,37500
48,calibration,clustered_scale,2000,52301,2026,0,grid_1,0,8,484100,9828.133132152916,37500
48,calibration,clustered_scale,2000,52301,2026,0,grid_16,0,9,478400,157250.13011444666,37500
48,calibration,clustered_scale,2000,52301,2026,0,grid_0.75,0,10,496500,7371.0998491146875,37500
48,calibration,clustered_scale,2000,52301,2026,0,grid_0.5,0,11,492400,4914.066566076458,37500
48,calibration,clustered_scale,2000,52301,2026,0,grid_0.5,1,0,483700,4914.066566076458,37500
48,calibration,clustered_scale,2000,52301,2026,0,grid_0.75,1,1,571100,7371.0998491146875,37500
48,calibration,clustered_scale,2000,52301,2026,0,grid_16,1,2,711200,157250.13011444666,37500
48,calibration,clustered_scale,2000,52301,2026,0,grid_1,1,3,581700,9828.133132152916,37500
48,calibration,clustered_scale,2000,52301,2026,0,grid_8,1,4,594200,78625.06505722333,37500
48,calibration,clustered_scale,2000,52301,2026,0,grid_2,1,5,496700,19656.266264305832,37500
48,calibration,clustered_scale,2000,52301,2026,0,grid_0.05,1,6,752400,491.4066566076458,37500
48,calibration,clustered_scale,2000,52301,2026,0,grid_4,1,7,474700,39312.532528611664,37500
48,calibration,clustered_scale,2000,52301,2026,0,grid_0.03125,1,8,737500,307.1291603797786,37500
48,calibration,clustered_scale,2000,52301,2026,0,grid_1.5,1,9,479300,14742.199698229375,37500
48,calibration,clustered_scale,2000,52301,2026,0,grid_0.1,1,10,638200,982.8133132152916,37500
48,calibration,clustered_scale,2000,52301,2026,0,grid_0.25,1,11,550700,2457.033283038229,37500
48,calibration,clustered_scale,2000,52301,2026,0,grid_0.05,2,0,689100,491.4066566076458,37500
48,calibration,clustered_scale,2000,52301,2026,0,grid_0.5,2,1,522800,4914.066566076458,37500
48,calibration,clustered_scale,2000,52301,2026,0,grid_0.25,2,2,534100,2457.033283038229,37500
48,calibration,clustered_scale,2000,52301,2026,0,grid_8,2,3,521300,78625.06505722333,37500
48,calibration,clustered_scale,2000,52301,2026,0,grid_0.1,2,4,607000,982.8133132152916,37500
48,calibration,clustered_scale,2000,52301,2026,0,grid_4,2,5,632600,39312.532528611664,37500
48,calibration,clustered_scale,2000,52301,2026,0,grid_2,2,6,605800,19656.266264305832,37500
48,calibration,clustered_scale,2000,52301,2026,0,grid_0.03125,2,7,807000,307.1291603797786,37500
48,calibration,clustered_scale,2000,52301,2026,0,grid_0.75,2,8,648000,7371.0998491146875,37500
48,calibration,clustered_scale,2000,52301,2026,0,grid_1.5,2,9,644300,14742.199698229375,37500
48,calibration,clustered_scale,2000,52301,2026,0,grid_1,2,10,589300,9828.133132152916,37500
48,calibration,clustered_scale,2000,52301,2026,0,grid_16,2,11,471300,157250.13011444666,37500
48,calibration,clustered_scale,2000,52301,2026,0,grid_16,3,0,479900,157250.13011444666,37500
48,calibration,clustered_scale,2000,52301,2026,0,grid_1,3,1,487500,9828.133132152916,37500
48,calibration,clustered_scale,2000,52301,2026,0,grid_1.5,3,2,466300,14742.199698229375,37500
48,calibration,clustered_scale,2000,52301,2026,0,grid_0.75,3,3,917600,7371.0998491146875,37500
48,calibration,clustered_scale,2000,52301,2026,0,grid_0.03125,3,4,760500,307.1291603797786,37500
48,calibration,clustered_scale,2000,52301,2026,0,grid_2,3,5,476100,19656.266264305832,37500
48,calibration,clustered_scale,2000,52301,2026,0,grid_4,3,6,467200,39312.532528611664,37500
48,calibration,clustered_scale,2000,52301,2026,0,grid_0.1,3,7,606000,982.8133132152916,37500
48,calibration,clustered_scale,2000,52301,2026,0,grid_8,3,8,686800,78625.06505722333,37500
48,calibration,clustered_scale,2000,52301,2026,0,grid_0.25,3,9,796000,2457.033283038229,37500
48,calibration,clustered_scale,2000,52301,2026,0,grid_0.5,3,10,562100,4914.066566076458,37500
48,calibration,clustered_scale,2000,52301,2026,0,grid_0.05,3,11,678800,491.4066566076458,37500
48,calibration,clustered_scale,2000,52301,2026,0,grid_8,4,0,525900,78625.06505722333,37500
48,calibration,clustered_scale,2000,52301,2026,0,grid_0.5,4,1,501300,4914.066566076458,37500
48,calibration,clustered_scale,2000,52301,2026,0,grid_1,4,2,494800,9828.133132152916,37500
48,calibration,clustered_scale,2000,52301,2026,0,grid_0.05,4,3,655700,491.4066566076458,37500
48,calibration,clustered_scale,2000,52301,2026,0,grid_16,4,4,493700,157250.13011444666,37500
48,calibration,clustered_scale,2000,52301,2026,0,grid_0.03125,4,5,887500,307.1291603797786,37500
48,calibration,clustered_scale,2000,52301,2026,0,grid_1.5,4,6,552200,14742.199698229375,37500
48,calibration,clustered_scale,2000,52301,2026,0,grid_0.25,4,7,560700,2457.033283038229,37500
48,calibration,clustered_scale,2000,52301,2026,0,grid_4,4,8,473300,39312.532528611664,37500
48,calibration,clustered_scale,2000,52301,2026,0,grid_2,4,9,525300,19656.266264305832,37500
48,calibration,clustered_scale,2000,52301,2026,0,grid_0.75,4,10,556600,7371.0998491146875,37500
48,calibration,clustered_scale,2000,52301,2026,0,grid_0.1,4,11,588600,982.8133132152916,37500
48,calibration,clustered_scale,2000,52301,2026,0,grid_0.1,5,0,569000,982.8133132152916,37500
48,calibration,clustered_scale,2000,52301,2026,0,grid_0.75,5,1,504600,7371.0998491146875,37500
48,calibration,clustered_scale,2000,52301,2026,0,grid_2,5,2,466700,19656.266264305832,37500
48,calibration,clustered_scale,2000,52301,2026,0,grid_4,5,3,466600,39312.532528611664,37500
48,calibration,clustered_scale,2000,52301,2026,0,grid_0.25,5,4,672700,2457.033283038229,37500
48,calibration,clustered_scale,2000,52301,2026,0,grid_1.5,5,5,507700,14742.199698229375,37500
48,calibration,clustered_scale,2000,52301,2026,0,grid_0.03125,5,6,749300,307.1291603797786,37500
48,calibration,clustered_scale,2000,52301,2026,0,grid_16,5,7,521200,157250.13011444666,37500
48,calibration,clustered_scale,2000,52301,2026,0,grid_0.05,5,8,673400,491.4066566076458,37500
48,calibration,clustered_scale,2000,52301,2026,0,grid_1,5,9,518700,9828.133132152916,37500
48,calibration,clustered_scale,2000,52301,2026,0,grid_0.5,5,10,534900,4914.066566076458,37500
48,calibration,clustered_scale,2000,52301,2026,0,grid_8,5,11,543700,78625.06505722333,37500
48,laws,clustered_scale,2000,52301,2026,667,mean_ring,0,0,522700,9828.133132152916,37500
48,laws,clustered_scale,2000,52301,2026,667,fourary,0,1,714900,0,0
48,laws,clustered_scale,2000,52301,2026,667,selected_grid,0,2,518400,39312.532528611664,41945300
48,laws,clustered_scale,2000,52301,2026,667,mean_map,0,3,488600,9828.133132152916,37500
48,laws,clustered_scale,2000,52301,2026,667,caliber,0,4,711200,0,109000
48,laws,clustered_scale,2000,52301,2026,667,binary,0,5,740600,0,0
48,laws,clustered_scale,2000,52301,2026,667,degree4,0,6,836900,0,144900
48,laws,clustered_scale,2000,52301,2026,667,mean_degree,0,7,862800,375.8296450221952,37500
48,laws,clustered_scale,2000,52301,2026,667,max_maxdegree,0,8,534200,2694.6913898705066,67600
48,laws,clustered_scale,2000,52301,2026,667,std_binary,0,9,770700,0,0
48,laws,clustered_scale,2000,52301,2026,667,std_binary,1,0,743500,0,0
48,laws,clustered_scale,2000,52301,2026,667,max_maxdegree,1,1,535400,2694.6913898705066,67600
48,laws,clustered_scale,2000,52301,2026,667,mean_degree,1,2,753000,375.8296450221952,37500
48,laws,clustered_scale,2000,52301,2026,667,degree4,1,3,723500,0,144900
48,laws,clustered_scale,2000,52301,2026,667,binary,1,4,692700,0,0
48,laws,clustered_scale,2000,52301,2026,667,caliber,1,5,709200,0,109000
48,laws,clustered_scale,2000,52301,2026,667,mean_map,1,6,497600,9828.133132152916,37500
48,laws,clustered_scale,2000,52301,2026,667,selected_grid,1,7,454500,39312.532528611664,41945300
48,laws,clustered_scale,2000,52301,2026,667,fourary,1,8,711200,0,0
48,laws,clustered_scale,2000,52301,2026,667,mean_ring,1,9,475100,9828.133132152916,37500
48,laws,clustered_scale,2000,52301,2026,667,binary,2,0,718700,0,0
48,laws,clustered_scale,2000,52301,2026,667,selected_grid,2,1,457400,39312.532528611664,41945300
48,laws,clustered_scale,2000,52301,2026,667,fourary,2,2,703300,0,0
48,laws,clustered_scale,2000,52301,2026,667,mean_degree,2,3,738000,375.8296450221952,37500
48,laws,clustered_scale,2000,52301,2026,667,mean_map,2,4,492900,9828.133132152916,37500
48,laws,clustered_scale,2000,52301,2026,667,caliber,2,5,688800,0,109000
48,laws,clustered_scale,2000,52301,2026,667,std_binary,2,6,748800,0,0
48,laws,clustered_scale,2000,52301,2026,667,mean_ring,2,7,468100,9828.133132152916,37500
48,laws,clustered_scale,2000,52301,2026,667,max_maxdegree,2,8,580800,2694.6913898705066,67600
48,laws,clustered_scale,2000,52301,2026,667,degree4,2,9,727700,0,144900
48,laws,clustered_scale,2000,52301,2026,667,degree4,3,0,710400,0,144900
48,laws,clustered_scale,2000,52301,2026,667,max_maxdegree,3,1,536400,2694.6913898705066,67600
48,laws,clustered_scale,2000,52301,2026,667,mean_ring,3,2,468500,9828.133132152916,37500
48,laws,clustered_scale,2000,52301,2026,667,std_binary,3,3,762200,0,0
48,laws,clustered_scale,2000,52301,2026,667,caliber,3,4,678300,0,109000
48,laws,clustered_scale,2000,52301,2026,667,mean_map,3,5,509200,9828.133132152916,37500
48,laws,clustered_scale,2000,52301,2026,667,mean_degree,3,6,706200,375.8296450221952,37500
48,laws,clustered_scale,2000,52301,2026,667,fourary,3,7,706300,0,0
48,laws,clustered_scale,2000,52301,2026,667,selected_grid,3,8,464700,39312.532528611664,41945300
48,laws,clustered_scale,2000,52301,2026,667,binary,3,9,702500,0,0
48,laws,clustered_scale,2000,52301,2026,667,max_maxdegree,4,0,532500,2694.6913898705066,67600
48,laws,clustered_scale,2000,52301,2026,667,std_binary,4,1,770700,0,0
48,laws,clustered_scale,2000,52301,2026,667,caliber,4,2,682500,0,109000
48,laws,clustered_scale,2000,52301,2026,667,binary,4,3,690100,0,0
48,laws,clustered_scale,2000,52301,2026,667,mean_ring,4,4,540300,9828.133132152916,37500
48,laws,clustered_scale,2000,52301,2026,667,mean_degree,4,5,1670700,375.8296450221952,37500
48,laws,clustered_scale,2000,52301,2026,667,degree4,4,6,881500,0,144900
48,laws,clustered_scale,2000,52301,2026,667,mean_map,4,7,498900,9828.133132152916,37500
48,laws,clustered_scale,2000,52301,2026,667,selected_grid,4,8,451400,39312.532528611664,41945300
48,laws,clustered_scale,2000,52301,2026,667,fourary,4,9,787400,0,0
48,laws,clustered_scale,2000,52301,2026,667,fourary,5,0,710700,0,0
48,laws,clustered_scale,2000,52301,2026,667,selected_grid,5,1,456000,39312.532528611664,41945300
48,laws,clustered_scale,2000,52301,2026,667,mean_map,5,2,492600,9828.133132152916,37500
48,laws,clustered_scale,2000,52301,2026,667,degree4,5,3,715800,0,144900
48,laws,clustered_scale,2000,52301,2026,667,mean_degree,5,4,745900,375.8296450221952,37500
48,laws,clustered_scale,2000,52301,2026,667,mean_ring,5,5,475600,9828.133132152916,37500
48,laws,clustered_scale,2000,52301,2026,667,binary,5,6,709400,0,0
48,laws,clustered_scale,2000,52301,2026,667,caliber,5,7,682500,0,109000
48,laws,clustered_scale,2000,52301,2026,667,std_binary,5,8,753200,0,0
48,laws,clustered_scale,2000,52301,2026,667,max_maxdegree,5,9,552400,2694.6913898705066,67600
48,laws,clustered_scale,2000,52301,2026,667,mean_ring,6,0,462900,9828.133132152916,37500
48,laws,clustered_scale,2000,52301,2026,667,caliber,6,1,661900,0,109000
48,laws,clustered_scale,2000,52301,2026,667,binary,6,2,756000,0,0
48,laws,clustered_scale,2000,52301,2026,667,max_maxdegree,6,3,533600,2694.6913898705066,67600
48,laws,clustered_scale,2000,52301,2026,667,mean_map,6,4,486800,9828.133132152916,37500
48,laws,clustered_scale,2000,52301,2026,667,selected_grid,6,5,459700,39312.532528611664,41945300
48,laws,clustered_scale,2000,52301,2026,667,fourary,6,6,704000,0,0
48,laws,clustered_scale,2000,52301,2026,667,std_binary,6,7,738900,0,0
48,laws,clustered_scale,2000,52301,2026,667,degree4,6,8,722500,0,144900
48,laws,clustered_scale,2000,52301,2026,667,mean_degree,6,9,735300,375.8296450221952,37500
48,laws,clustered_scale,2000,52301,2026,667,mean_degree,7,0,711200,375.8296450221952,37500
48,laws,clustered_scale,2000,52301,2026,667,degree4,7,1,836000,0,144900
48,laws,clustered_scale,2000,52301,2026,667,std_binary,7,2,888300,0,0
48,laws,clustered_scale,2000,52301,2026,667,fourary,7,3,736000,0,0
48,laws,clustered_scale,2000,52301,2026,667,selected_grid,7,4,461500,39312.532528611664,41945300
48,laws,clustered_scale,2000,52301,2026,667,mean_map,7,5,480500,9828.133132152916,37500
48,laws,clustered_scale,2000,52301,2026,667,max_maxdegree,7,6,541900,2694.6913898705066,67600
48,laws,clustered_scale,2000,52301,2026,667,binary,7,7,821300,0,0
48,laws,clustered_scale,2000,52301,2026,667,caliber,7,8,744600,0,109000
48,laws,clustered_scale,2000,52301,2026,667,mean_ring,7,9,493500,9828.133132152916,37500
48,laws,clustered_scale,2000,52301,2026,1333,fourary,0,0,726000,0,0
48,laws,clustered_scale,2000,52301,2026,1333,mean_ring,0,1,512100,9828.133132152916,37500
48,laws,clustered_scale,2000,52301,2026,1333,max_maxdegree,0,2,584500,2694.6913898705066,67600
48,laws,clustered_scale,2000,52301,2026,1333,caliber,0,3,691700,0,109000
48,laws,clustered_scale,2000,52301,2026,1333,mean_map,0,4,513300,9828.133132152916,37500
48,laws,clustered_scale,2000,52301,2026,1333,degree4,0,5,724000,0,144900
48,laws,clustered_scale,2000,52301,2026,1333,binary,0,6,733800,0,0
48,laws,clustered_scale,2000,52301,2026,1333,std_binary,0,7,868400,0,0
48,laws,clustered_scale,2000,52301,2026,1333,selected_grid,0,8,478200,39312.532528611664,41945300
48,laws,clustered_scale,2000,52301,2026,1333,mean_degree,0,9,726300,375.8296450221952,37500
48,laws,clustered_scale,2000,52301,2026,1333,mean_degree,1,0,712200,375.8296450221952,37500
48,laws,clustered_scale,2000,52301,2026,1333,selected_grid,1,1,464300,39312.532528611664,41945300
48,laws,clustered_scale,2000,52301,2026,1333,std_binary,1,2,786100,0,0
48,laws,clustered_scale,2000,52301,2026,1333,binary,1,3,729300,0,0
48,laws,clustered_scale,2000,52301,2026,1333,degree4,1,4,738600,0,144900
48,laws,clustered_scale,2000,52301,2026,1333,mean_map,1,5,541100,9828.133132152916,37500
48,laws,clustered_scale,2000,52301,2026,1333,caliber,1,6,715500,0,109000
48,laws,clustered_scale,2000,52301,2026,1333,max_maxdegree,1,7,563200,2694.6913898705066,67600
48,laws,clustered_scale,2000,52301,2026,1333,mean_ring,1,8,472900,9828.133132152916,37500
48,laws,clustered_scale,2000,52301,2026,1333,fourary,1,9,881000,0,0
48,laws,clustered_scale,2000,52301,2026,1333,degree4,2,0,762900,0,144900
48,laws,clustered_scale,2000,52301,2026,1333,mean_ring,2,1,529100,9828.133132152916,37500
48,laws,clustered_scale,2000,52301,2026,1333,caliber,2,2,690600,0,109000
48,laws,clustered_scale,2000,52301,2026,1333,std_binary,2,3,933300,0,0
48,laws,clustered_scale,2000,52301,2026,1333,max_maxdegree,2,4,567900,2694.6913898705066,67600
48,laws,clustered_scale,2000,52301,2026,1333,selected_grid,2,5,486700,39312.532528611664,41945300
48,laws,clustered_scale,2000,52301,2026,1333,mean_map,2,6,538600,9828.133132152916,37500
48,laws,clustered_scale,2000,52301,2026,1333,mean_degree,2,7,718200,375.8296450221952,37500
48,laws,clustered_scale,2000,52301,2026,1333,fourary,2,8,716300,0,0
48,laws,clustered_scale,2000,52301,2026,1333,binary,2,9,702700,0,0
48,laws,clustered_scale,2000,52301,2026,1333,binary,3,0,690500,0,0
48,laws,clustered_scale,2000,52301,2026,1333,fourary,3,1,714200,0,0
48,laws,clustered_scale,2000,52301,2026,1333,mean_degree,3,2,716400,375.8296450221952,37500
48,laws,clustered_scale,2000,52301,2026,1333,mean_map,3,3,498000,9828.133132152916,37500
48,laws,clustered_scale,2000,52301,2026,1333,selected_grid,3,4,478900,39312.532528611664,41945300
48,laws,clustered_scale,2000,52301,2026,1333,max_maxdegree,3,5,582500,2694.6913898705066,67600
48,laws,clustered_scale,2000,52301,2026,1333,std_binary,3,6,766900,0,0
48,laws,clustered_scale,2000,52301,2026,1333,caliber,3,7,673800,0,109000
48,laws,clustered_scale,2000,52301,2026,1333,mean_ring,3,8,474600,9828.133132152916,37500
48,laws,clustered_scale,2000,52301,2026,1333,degree4,3,9,1084200,0,144900
48,laws,clustered_scale,2000,52301,2026,1333,fourary,4,0,822900,0,0
48,laws,clustered_scale,2000,52301,2026,1333,max_maxdegree,4,1,547500,2694.6913898705066,67600
48,laws,clustered_scale,2000,52301,2026,1333,mean_degree,4,2,723000,375.8296450221952,37500
48,laws,clustered_scale,2000,52301,2026,1333,mean_ring,4,3,468300,9828.133132152916,37500
48,laws,clustered_scale,2000,52301,2026,1333,binary,4,4,737600,0,0
48,laws,clustered_scale,2000,52301,2026,1333,degree4,4,5,758000,0,144900
48,laws,clustered_scale,2000,52301,2026,1333,mean_map,4,6,531400,9828.133132152916,37500
48,laws,clustered_scale,2000,52301,2026,1333,std_binary,4,7,767600,0,0
48,laws,clustered_scale,2000,52301,2026,1333,caliber,4,8,677700,0,109000
48,laws,clustered_scale,2000,52301,2026,1333,selected_grid,4,9,472200,39312.532528611664,41945300
48,laws,clustered_scale,2000,52301,2026,1333,selected_grid,5,0,453500,39312.532528611664,41945300
48,laws,clustered_scale,2000,52301,2026,1333,caliber,5,1,750200,0,109000
48,laws,clustered_scale,2000,52301,2026,1333,std_binary,5,2,778100,0,0
48,laws,clustered_scale,2000,52301,2026,1333,mean_map,5,3,510000,9828.133132152916,37500
48,laws,clustered_scale,2000,52301,2026,1333,degree4,5,4,875300,0,144900
48,laws,clustered_scale,2000,52301,2026,1333,binary,5,5,715000,0,0
48,laws,clustered_scale,2000,52301,2026,1333,mean_ring,5,6,465600,9828.133132152916,37500
48,laws,clustered_scale,2000,52301,2026,1333,mean_degree,5,7,772900,375.8296450221952,37500
48,laws,clustered_scale,2000,52301,2026,1333,max_maxdegree,5,8,593900,2694.6913898705066,67600
48,laws,clustered_scale,2000,52301,2026,1333,fourary,5,9,737400,0,0
48,laws,clustered_scale,2000,52301,2026,1333,selected_grid,6,0,496200,39312.532528611664,41945300
48,laws,clustered_scale,2000,52301,2026,1333,mean_ring,6,1,532800,9828.133132152916,37500
48,laws,clustered_scale,2000,52301,2026,1333,mean_degree,6,2,741200,375.8296450221952,37500
48,laws,clustered_scale,2000,52301,2026,1333,degree4,6,3,723800,0,144900
48,laws,clustered_scale,2000,52301,2026,1333,mean_map,6,4,506200,9828.133132152916,37500
48,laws,clustered_scale,2000,52301,2026,1333,binary,6,5,715700,0,0
48,laws,clustered_scale,2000,52301,2026,1333,max_maxdegree,6,6,526500,2694.6913898705066,67600
48,laws,clustered_scale,2000,52301,2026,1333,caliber,6,7,688900,0,109000
48,laws,clustered_scale,2000,52301,2026,1333,fourary,6,8,735200,0,0
48,laws,clustered_scale,2000,52301,2026,1333,std_binary,6,9,772400,0,0
48,laws,clustered_scale,2000,52301,2026,1333,std_binary,7,0,876200,0,0
48,laws,clustered_scale,2000,52301,2026,1333,fourary,7,1,728400,0,0
48,laws,clustered_scale,2000,52301,2026,1333,caliber,7,2,753300,0,109000
48,laws,clustered_scale,2000,52301,2026,1333,max_maxdegree,7,3,548500,2694.6913898705066,67600
48,laws,clustered_scale,2000,52301,2026,1333,binary,7,4,700000,0,0
48,laws,clustered_scale,2000,52301,2026,1333,mean_map,7,5,506100,9828.133132152916,37500
48,laws,clustered_scale,2000,52301,2026,1333,degree4,7,6,716000,0,144900
48,laws,clustered_scale,2000,52301,2026,1333,mean_degree,7,7,715900,375.8296450221952,37500
48,laws,clustered_scale,2000,52301,2026,1333,mean_ring,7,8,474400,9828.133132152916,37500
48,laws,clustered_scale,2000,52301,2026,1333,selected_grid,7,9,461200,39312.532528611664,41945300
