case,stage,family,n,m,seed,source,arm,round,position,ns,width,prep_ns
1,calibration,NY,264346,733846,0,0,grid_0.75,0,0,43430500,969.9775123118475,3228100
1,calibration,NY,264346,733846,0,0,grid_0.05,0,1,53750500,64.6651674874565,3228100
1,calibration,NY,264346,733846,0,0,grid_0.25,0,2,37577600,323.3258374372825,3228100
1,calibration,NY,264346,733846,0,0,grid_0.03125,0,3,56806800,40.41572967966031,3228100
1,calibration,NY,264346,733846,0,0,grid_4,0,4,30338100,5173.21339899652,3228100
1,calibration,NY,264346,733846,0,0,grid_8,0,5,31774400,10346.42679799304,3228100
1,calibration,NY,264346,733846,0,0,grid_1.5,0,6,34654300,1939.955024623695,3228100
1,calibration,NY,264346,733846,0,0,grid_1,0,7,35227900,1293.30334974913,3228100
1,calibration,NY,264346,733846,0,0,grid_0.5,0,8,36650300,646.651674874565,3228100
1,calibration,NY,264346,733846,0,0,grid_0.1,0,9,44369500,129.330334974913,3228100
1,calibration,NY,264346,733846,0,0,grid_2,0,10,29460800,2586.60669949826,3228100
1,calibration,NY,264346,733846,0,0,grid_16,0,11,32344200,20692.85359598608,3228100
1,calibration,NY,264346,733846,0,0,grid_16,1,0,31490000,20692.85359598608,3228100
1,calibration,NY,264346,733846,0,0,grid_2,1,1,30202900,2586.60669949826,3228100
1,calibration,NY,264346,733846,0,0,grid_0.1,1,2,45334100,129.330334974913,3228100
1,calibration,NY,264346,733846,0,0,grid_0.5,1,3,36282200,646.651674874565,3228100
1,calibration,NY,264346,733846,0,0,grid_1,1,4,33365000,1293.30334974913,3228100
1,calibration,NY,264346,733846,0,0,grid_1.5,1,5,30763600,1939.955024623695,3228100
1,calibration,NY,264346,733846,0,0,grid_8,1,6,31842800,10346.42679799304,3228100
1,calibration,NY,264346,733846,0,0,grid_4,1,7,29635300,5173.21339899652,3228100
1,calibration,NY,264346,733846,0,0,grid_0.03125,1,8,54544400,40.41572967966031,3228100
1,calibration,NY,264346,733846,0,0,grid_0.25,1,9,36708000,323.3258374372825,3228100
1,calibration,NY,264346,733846,0,0,grid_0.05,1,10,46327900,64.6651674874565,3228100
1,calibration,NY,264346,733846,0,0,grid_0.75,1,11,36048100,969.9775123118475,3228100
1,calibration,NY,264346,733846,0,0,grid_4,2,0,29104900,5173.21339899652,3228100
1,calibration,NY,264346,733846,0,0,grid_16,2,1,31684200,20692.85359598608,3228100
1,calibration,NY,264346,733846,0,0,grid_2,2,2,28880200,2586.60669949826,3228100
1,calibration,NY,264346,733846,0,0,grid_0.25,2,3,34920700,323.3258374372825,3228100
1,calibration,NY,264346,733846,0,0,grid_1.5,2,4,32612600,1939.955024623695,3228100
1,calibration,NY,264346,733846,0,0,grid_0.5,2,5,38042800,646.651674874565,3228100
1,calibration,NY,264346,733846,0,0,grid_0.1,2,6,41885400,129.330334974913,3228100
1,calibration,NY,264346,733846,0,0,grid_8,2,7,28938600,10346.42679799304,3228100
1,calibration,NY,264346,733846,0,0,grid_0.03125,2,8,50590300,40.41572967966031,3228100
1,calibration,NY,264346,733846,0,0,grid_1,2,9,33612800,1293.30334974913,3228100
1,calibration,NY,264346,733846,0,0,grid_0.75,2,10,35008300,969.9775123118475,3228100
1,calibration,NY,264346,733846,0,0,grid_0.05,2,11,49972900,64.6651674874565,3228100
1,calibration,NY,264346,733846,0,0,grid_0.05,3,0,47150600,64.6651674874565,3228100
1,calibration,NY,264346,733846,0,0,grid_0.75,3,1,36791400,969.9775123118475,3228100
1,calibration,NY,264346,733846,0,0,grid_1,3,2,33167500,1293.30334974913,3228100
1,calibration,NY,264346,733846,0,0,grid_0.03125,3,3,51426500,40.41572967966031,3228100
1,calibration,NY,264346,733846,0,0,grid_8,3,4,30398900,10346.42679799304,3228100
1,calibration,NY,264346,733846,0,0,grid_0.1,3,5,39881000,129.330334974913,3228100
1,calibration,NY,264346,733846,0,0,grid_0.5,3,6,50543500,646.651674874565,3228100
1,calibration,NY,264346,733846,0,0,grid_1.5,3,7,46405200,1939.955024623695,3228100
1,calibration,NY,264346,733846,0,0,grid_0.25,3,8,55534600,323.3258374372825,3228100
1,calibration,NY,264346,733846,0,0,grid_2,3,9,41862500,2586.60669949826,3228100
1,calibration,NY,264346,733846,0,0,grid_16,3,10,37840500,20692.85359598608,3228100
1,calibration,NY,264346,733846,0,0,grid_4,3,11,31444000,5173.21339899652,3228100
1,calibration,NY,264346,733846,0,0,grid_1.5,4,0,35278700,1939.955024623695,3228100
1,calibration,NY,264346,733846,0,0,grid_2,4,1,35084800,2586.60669949826,3228100
1,calibration,NY,264346,733846,0,0,grid_0.5,4,2,39971300,646.651674874565,3228100
1,calibration,NY,264346,733846,0,0,grid_0.75,4,3,37829800,969.9775123118475,3228100
1,calibration,NY,264346,733846,0,0,grid_1,4,4,43398500,1293.30334974913,3228100
1,calibration,NY,264346,733846,0,0,grid_4,4,5,32699300,5173.21339899652,3228100
1,calibration,NY,264346,733846,0,0,grid_16,4,6,35675500,20692.85359598608,3228100
1,calibration,NY,264346,733846,0,0,grid_0.05,4,7,52475600,64.6651674874565,3228100
1,calibration,NY,264346,733846,0,0,grid_0.25,4,8,40825700,323.3258374372825,3228100
1,calibration,NY,264346,733846,0,0,grid_0.03125,4,9,55474200,40.41572967966031,3228100
1,calibration,NY,264346,733846,0,0,grid_8,4,10,30726100,10346.42679799304,3228100
1,calibration,NY,264346,733846,0,0,grid_0.1,4,11,43926900,129.330334974913,3228100
1,calibration,NY,264346,733846,0,0,grid_0.1,5,0,44789000,129.330334974913,3228100
1,calibration,NY,264346,733846,0,0,grid_8,5,1,30064100,10346.42679799304,3228100
1,calibration,NY,264346,733846,0,0,grid_0.03125,5,2,54993300,40.41572967966031,3228100
1,calibration,NY,264346,733846,0,0,grid_0.25,5,3,37825500,323.3258374372825,3228100
1,calibration,NY,264346,733846,0,0,grid_0.05,5,4,48013200,64.6651674874565,3228100
1,calibration,NY,264346,733846,0,0,grid_16,5,5,31527600,20692.85359598608,3228100
1,calibration,NY,264346,733846,0,0,grid_4,5,6,29615900,5173.21339899652,3228100
1,calibration,NY,264346,733846,0,0,grid_1,5,7,33823000,1293.30334974913,3228100
1,calibration,NY,264346,733846,0,0,grid_0.75,5,8,35371500,969.9775123118475,3228100
1,calibration,NY,264346,733846,0,0,grid_0.5,5,9,36904200,646.651674874565,3228100
1,calibration,NY,264346,733846,0,0,grid_2,5,10,32620800,2586.60669949826,3228100
1,calibration,NY,264346,733846,0,0,grid_1.5,5,11,36064300,1939.955024623695,3228100
1,roads,NY,264346,733846,0,37763,degree4,0,0,77483200,0,18725300
1,roads,NY,264346,733846,0,37763,caliber,0,1,50918400,0,5392400
1,roads,NY,264346,733846,0,37763,fourary,0,2,63402700,0,0
1,roads,NY,264346,733846,0,37763,radix,0,3,81354900,0,0
1,roads,NY,264346,733846,0,37763,selected_grid,0,4,32103800,5173.21339899652,2795695300
1,roads,NY,264346,733846,0,37763,mean_ring,0,5,34567700,1293.30334974913,3228100
1,roads,NY,264346,733846,0,37763,mean_map,0,6,41995600,1293.30334974913,3228100
1,roads,NY,264346,733846,0,37763,std_binary,0,7,57179600,0,0
1,roads,NY,264346,733846,0,37763,binary,0,8,59229000,0,0
1,roads,NY,264346,733846,0,37763,max_maxdegree,0,9,32506600,4618.25,4718000
1,roads,NY,264346,733846,0,37763,mean_degree,0,10,41336200,465.8737218609674,3228100
1,roads,NY,264346,733846,0,37763,mean_degree,1,0,39566500,465.8737218609674,3228100
1,roads,NY,264346,733846,0,37763,max_maxdegree,1,1,32488700,4618.25,4718000
1,roads,NY,264346,733846,0,37763,binary,1,2,57203700,0,0
1,roads,NY,264346,733846,0,37763,std_binary,1,3,58581500,0,0
1,roads,NY,264346,733846,0,37763,mean_map,1,4,38849400,1293.30334974913,3228100
1,roads,NY,264346,733846,0,37763,mean_ring,1,5,35654800,1293.30334974913,3228100
1,roads,NY,264346,733846,0,37763,selected_grid,1,6,32591400,5173.21339899652,2795695300
1,roads,NY,264346,733846,0,37763,radix,1,7,70994100,0,0
1,roads,NY,264346,733846,0,37763,fourary,1,8,59813900,0,0
1,roads,NY,264346,733846,0,37763,caliber,1,9,45616800,0,5392400
1,roads,NY,264346,733846,0,37763,degree4,1,10,70039100,0,18725300
1,roads,NY,264346,733846,0,37763,mean_map,2,0,36668600,1293.30334974913,3228100
1,roads,NY,264346,733846,0,37763,mean_degree,2,1,40579900,465.8737218609674,3228100
1,roads,NY,264346,733846,0,37763,std_binary,2,2,61964400,0,0
1,roads,NY,264346,733846,0,37763,fourary,2,3,64211300,0,0
1,roads,NY,264346,733846,0,37763,mean_ring,2,4,36083900,1293.30334974913,3228100
1,roads,NY,264346,733846,0,37763,degree4,2,5,75785700,0,18725300
1,roads,NY,264346,733846,0,37763,radix,2,6,80520200,0,0
1,roads,NY,264346,733846,0,37763,caliber,2,7,51075800,0,5392400
1,roads,NY,264346,733846,0,37763,selected_grid,2,8,37188000,5173.21339899652,2795695300
1,roads,NY,264346,733846,0,37763,max_maxdegree,2,9,35938700,4618.25,4718000
1,roads,NY,264346,733846,0,37763,binary,2,10,63714300,0,0
1,roads,NY,264346,733846,0,37763,binary,3,0,64546800,0,0
1,roads,NY,264346,733846,0,37763,max_maxdegree,3,1,40847300,4618.25,4718000
1,roads,NY,264346,733846,0,37763,selected_grid,3,2,36262400,5173.21339899652,2795695300
1,roads,NY,264346,733846,0,37763,caliber,3,3,53281800,0,5392400
1,roads,NY,264346,733846,0,37763,radix,3,4,80348900,0,0
1,roads,NY,264346,733846,0,37763,degree4,3,5,74364400,0,18725300
1,roads,NY,264346,733846,0,37763,mean_ring,3,6,37797500,1293.30334974913,3228100
1,roads,NY,264346,733846,0,37763,fourary,3,7,61046500,0,0
1,roads,NY,264346,733846,0,37763,std_binary,3,8,57233500,0,0
1,roads,NY,264346,733846,0,37763,mean_degree,3,9,40847900,465.8737218609674,3228100
1,roads,NY,264346,733846,0,37763,mean_map,3,10,39105400,1293.30334974913,3228100
1,roads,NY,264346,733846,0,37763,mean_degree,4,0,40522600,465.8737218609674,3228100
1,roads,NY,264346,733846,0,37763,mean_map,4,1,40336400,1293.30334974913,3228100
1,roads,NY,264346,733846,0,37763,binary,4,2,63833200,0,0
1,roads,NY,264346,733846,0,37763,selected_grid,4,3,35973300,5173.21339899652,2795695300
1,roads,NY,264346,733846,0,37763,mean_ring,4,4,34407100,1293.30334974913,3228100
1,roads,NY,264346,733846,0,37763,max_maxdegree,4,5,33474200,4618.25,4718000
1,roads,NY,264346,733846,0,37763,degree4,4,6,69801500,0,18725300
1,roads,NY,264346,733846,0,37763,caliber,4,7,45311300,0,5392400
1,roads,NY,264346,733846,0,37763,std_binary,4,8,62261900,0,0
1,roads,NY,264346,733846,0,37763,radix,4,9,77209800,0,0
1,roads,NY,264346,733846,0,37763,fourary,4,10,60951100,0,0
1,roads,NY,264346,733846,0,37763,fourary,5,0,57989400,0,0
1,roads,NY,264346,733846,0,37763,radix,5,1,75512300,0,0
1,roads,NY,264346,733846,0,37763,std_binary,5,2,54983500,0,0
1,roads,NY,264346,733846,0,37763,caliber,5,3,46427100,0,5392400
1,roads,NY,264346,733846,0,37763,degree4,5,4,71144700,0,18725300
1,roads,NY,264346,733846,0,37763,max_maxdegree,5,5,33521900,4618.25,4718000
1,roads,NY,264346,733846,0,37763,mean_ring,5,6,34973200,1293.30334974913,3228100
1,roads,NY,264346,733846,0,37763,selected_grid,5,7,31969700,5173.21339899652,2795695300
1,roads,NY,264346,733846,0,37763,binary,5,8,60381000,0,0
1,roads,NY,264346,733846,0,37763,mean_map,5,9,39210200,1293.30334974913,3228100
1,roads,NY,264346,733846,0,37763,mean_degree,5,10,39904200,465.8737218609674,3228100
1,roads,NY,264346,733846,0,37763,degree4,6,0,70412700,0,18725300
1,roads,NY,264346,733846,0,37763,mean_degree,6,1,38503700,465.8737218609674,3228100
1,roads,NY,264346,733846,0,37763,radix,6,2,69176800,0,0
1,roads,NY,264346,733846,0,37763,std_binary,6,3,56724000,0,0
1,roads,NY,264346,733846,0,37763,selected_grid,6,4,30606300,5173.21339899652,2795695300
1,roads,NY,264346,733846,0,37763,max_maxdegree,6,5,30005800,4618.25,4718000
1,roads,NY,264346,733846,0,37763,binary,6,6,56484700,0,0
1,roads,NY,264346,733846,0,37763,caliber,6,7,42978300,0,5392400
1,roads,NY,264346,733846,0,37763,mean_ring,6,8,32543600,1293.30334974913,3228100
1,roads,NY,264346,733846,0,37763,mean_map,6,9,37255600,1293.30334974913,3228100
1,roads,NY,264346,733846,0,37763,fourary,6,10,53972700,0,0
1,roads,NY,264346,733846,0,37763,fourary,7,0,55573000,0,0
1,roads,NY,264346,733846,0,37763,mean_map,7,1,34697600,1293.30334974913,3228100
1,roads,NY,264346,733846,0,37763,mean_ring,7,2,32829800,1293.30334974913,3228100
1,roads,NY,264346,733846,0,37763,caliber,7,3,43865900,0,5392400
1,roads,NY,264346,733846,0,37763,binary,7,4,52391400,0,0
1,roads,NY,264346,733846,0,37763,max_maxdegree,7,5,30705900,4618.25,4718000
1,roads,NY,264346,733846,0,37763,selected_grid,7,6,31798100,5173.21339899652,2795695300
1,roads,NY,264346,733846,0,37763,std_binary,7,7,56892500,0,0
1,roads,NY,264346,733846,0,37763,radix,7,8,65522800,0,0
1,roads,NY,264346,733846,0,37763,mean_degree,7,9,34285300,465.8737218609674,3228100
1,roads,NY,264346,733846,0,37763,degree4,7,10,63495400,0,18725300
1,roads,NY,264346,733846,0,75527,fourary,0,0,50926800,0,0
1,roads,NY,264346,733846,0,75527,binary,0,1,48594000,0,0
1,roads,NY,264346,733846,0,75527,radix,0,2,64956300,0,0
1,roads,NY,264346,733846,0,75527,mean_ring,0,3,28386300,1293.30334974913,3228100
1,roads,NY,264346,733846,0,75527,std_binary,0,4,48550000,0,0
1,roads,NY,264346,733846,0,75527,mean_map,0,5,32625400,1293.30334974913,3228100
1,roads,NY,264346,733846,0,75527,caliber,0,6,41535600,0,5392400
1,roads,NY,264346,733846,0,75527,mean_degree,0,7,36386500,465.8737218609674,3228100
1,roads,NY,264346,733846,0,75527,max_maxdegree,0,8,29428200,4618.25,4718000
1,roads,NY,264346,733846,0,75527,degree4,0,9,58897300,0,18725300
1,roads,NY,264346,733846,0,75527,selected_grid,0,10,29965200,5173.21339899652,2795695300
1,roads,NY,264346,733846,0,75527,selected_grid,1,0,28803500,5173.21339899652,2795695300
1,roads,NY,264346,733846,0,75527,degree4,1,1,60605000,0,18725300
1,roads,NY,264346,733846,0,75527,max_maxdegree,1,2,27505900,4618.25,4718000
1,roads,NY,264346,733846,0,75527,mean_degree,1,3,35346500,465.8737218609674,3228100
1,roads,NY,264346,733846,0,75527,caliber,1,4,38742100,0,5392400
1,roads,NY,264346,733846,0,75527,mean_map,1,5,32462200,1293.30334974913,3228100
1,roads,NY,264346,733846,0,75527,std_binary,1,6,48132900,0,0
1,roads,NY,264346,733846,0,75527,mean_ring,1,7,30789900,1293.30334974913,3228100
1,roads,NY,264346,733846,0,75527,radix,1,8,64366600,0,0
1,roads,NY,264346,733846,0,75527,binary,1,9,46542300,0,0
1,roads,NY,264346,733846,0,75527,fourary,1,10,50732000,0,0
1,roads,NY,264346,733846,0,75527,selected_grid,2,0,29753400,5173.21339899652,2795695300
1,roads,NY,264346,733846,0,75527,binary,2,1,48398300,0,0
1,roads,NY,264346,733846,0,75527,std_binary,2,2,45819200,0,0
1,roads,NY,264346,733846,0,75527,radix,2,3,65985500,0,0
1,roads,NY,264346,733846,0,75527,caliber,2,4,39624400,0,5392400
1,roads,NY,264346,733846,0,75527,max_maxdegree,2,5,28868800,4618.25,4718000
1,roads,NY,264346,733846,0,75527,mean_degree,2,6,37313300,465.8737218609674,3228100
1,roads,NY,264346,733846,0,75527,degree4,2,7,60210800,0,18725300
1,roads,NY,264346,733846,0,75527,mean_map,2,8,36178400,1293.30334974913,3228100
1,roads,NY,264346,733846,0,75527,fourary,2,9,51466900,0,0
1,roads,NY,264346,733846,0,75527,mean_ring,2,10,32623100,1293.30334974913,3228100
1,roads,NY,264346,733846,0,75527,mean_ring,3,0,30540000,1293.30334974913,3228100
1,roads,NY,264346,733846,0,75527,fourary,3,1,49776900,0,0
1,roads,NY,264346,733846,0,75527,mean_map,3,2,34231900,1293.30334974913,3228100
1,roads,NY,264346,733846,0,75527,degree4,3,3,61129100,0,18725300
1,roads,NY,264346,733846,0,75527,mean_degree,3,4,36268800,465.8737218609674,3228100
1,roads,NY,264346,733846,0,75527,max_maxdegree,3,5,29270400,4618.25,4718000
1,roads,NY,264346,733846,0,75527,caliber,3,6,37745200,0,5392400
1,roads,NY,264346,733846,0,75527,radix,3,7,65143200,0,0
1,roads,NY,264346,733846,0,75527,std_binary,3,8,45486700,0,0
1,roads,NY,264346,733846,0,75527,binary,3,9,52761600,0,0
1,roads,NY,264346,733846,0,75527,selected_grid,3,10,28025700,5173.21339899652,2795695300
1,roads,NY,264346,733846,0,75527,fourary,4,0,49353600,0,0
1,roads,NY,264346,733846,0,75527,std_binary,4,1,51580700,0,0
1,roads,NY,264346,733846,0,75527,max_maxdegree,4,2,29210300,4618.25,4718000
1,roads,NY,264346,733846,0,75527,binary,4,3,48960200,0,0
1,roads,NY,264346,733846,0,75527,mean_degree,4,4,34777500,465.8737218609674,3228100
1,roads,NY,264346,733846,0,75527,mean_map,4,5,34701100,1293.30334974913,3228100
1,roads,NY,264346,733846,0,75527,selected_grid,4,6,29145300,5173.21339899652,2795695300
1,roads,NY,264346,733846,0,75527,caliber,4,7,39322700,0,5392400
1,roads,NY,264346,733846,0,75527,radix,4,8,69365200,0,0
1,roads,NY,264346,733846,0,75527,degree4,4,9,61408200,0,18725300
1,roads,NY,264346,733846,0,75527,mean_ring,4,10,30447200,1293.30334974913,3228100
1,roads,NY,264346,733846,0,75527,mean_ring,5,0,29952500,1293.30334974913,3228100
1,roads,NY,264346,733846,0,75527,degree4,5,1,62999200,0,18725300
1,roads,NY,264346,733846,0,75527,radix,5,2,65779900,0,0
1,roads,NY,264346,733846,0,75527,caliber,5,3,39776200,0,5392400
1,roads,NY,264346,733846,0,75527,selected_grid,5,4,28291200,5173.21339899652,2795695300
1,roads,NY,264346,733846,0,75527,mean_map,5,5,33567800,1293.30334974913,3228100
1,roads,NY,264346,733846,0,75527,mean_degree,5,6,33763600,465.8737218609674,3228100
1,roads,NY,264346,733846,0,75527,binary,5,7,47757800,0,0
1,roads,NY,264346,733846,0,75527,max_maxdegree,5,8,28634300,4618.25,4718000
1,roads,NY,264346,733846,0,75527,std_binary,5,9,49433800,0,0
1,roads,NY,264346,733846,0,75527,fourary,5,10,50816900,0,0
1,roads,NY,264346,733846,0,75527,degree4,6,0,59319300,0,18725300
1,roads,NY,264346,733846,0,75527,mean_ring,6,1,30685600,1293.30334974913,3228100
1,roads,NY,264346,733846,0,75527,mean_map,6,2,32771400,1293.30334974913,3228100
1,roads,NY,264346,733846,0,75527,binary,6,3,47239400,0,0
1,roads,NY,264346,733846,0,75527,max_maxdegree,6,4,29509900,4618.25,4718000
1,roads,NY,264346,733846,0,75527,std_binary,6,5,47453000,0,0
1,roads,NY,264346,733846,0,75527,selected_grid,6,6,29412500,5173.21339899652,2795695300
1,roads,NY,264346,733846,0,75527,fourary,6,7,53360300,0,0
1,roads,NY,264346,733846,0,75527,mean_degree,6,8,34819400,465.8737218609674,3228100
1,roads,NY,264346,733846,0,75527,radix,6,9,72016400,0,0
1,roads,NY,264346,733846,0,75527,caliber,6,10,41503800,0,5392400
1,roads,NY,264346,733846,0,75527,caliber,7,0,43094800,0,5392400
1,roads,NY,264346,733846,0,75527,radix,7,1,70134500,0,0
1,roads,NY,264346,733846,0,75527,mean_degree,7,2,36237400,465.8737218609674,3228100
1,roads,NY,264346,733846,0,75527,fourary,7,3,56341500,0,0
1,roads,NY,264346,733846,0,75527,selected_grid,7,4,31329800,5173.21339899652,2795695300
1,roads,NY,264346,733846,0,75527,std_binary,7,5,53207200,0,0
1,roads,NY,264346,733846,0,75527,max_maxdegree,7,6,30066400,4618.25,4718000
1,roads,NY,264346,733846,0,75527,binary,7,7,51197900,0,0
1,roads,NY,264346,733846,0,75527,mean_map,7,8,35421100,1293.30334974913,3228100
1,roads,NY,264346,733846,0,75527,mean_ring,7,9,32205600,1293.30334974913,3228100
1,roads,NY,264346,733846,0,75527,degree4,7,10,66950800,0,18725300
1,roads,NY,264346,733846,0,113291,max_maxdegree,0,0,33465200,4618.25,4718000
1,roads,NY,264346,733846,0,113291,binary,0,1,55818300,0,0
1,roads,NY,264346,733846,0,113291,mean_map,0,2,40622500,1293.30334974913,3228100
1,roads,NY,264346,733846,0,113291,fourary,0,3,59834700,0,0
1,roads,NY,264346,733846,0,113291,mean_degree,0,4,36922200,465.8737218609674,3228100
1,roads,NY,264346,733846,0,113291,mean_ring,0,5,32851600,1293.30334974913,3228100
1,roads,NY,264346,733846,0,113291,degree4,0,6,67386500,0,18725300
1,roads,NY,264346,733846,0,113291,caliber,0,7,44961100,0,5392400
1,roads,NY,264346,733846,0,113291,radix,0,8,69439100,0,0
1,roads,NY,264346,733846,0,113291,std_binary,0,9,53259300,0,0
1,roads,NY,264346,733846,0,113291,selected_grid,0,10,29419500,5173.21339899652,2795695300
1,roads,NY,264346,733846,0,113291,selected_grid,1,0,30250800,5173.21339899652,2795695300
1,roads,NY,264346,733846,0,113291,std_binary,1,1,51543200,0,0
1,roads,NY,264346,733846,0,113291,radix,1,2,69626700,0,0
1,roads,NY,264346,733846,0,113291,caliber,1,3,41749000,0,5392400
1,roads,NY,264346,733846,0,113291,degree4,1,4,63921100,0,18725300
1,roads,NY,264346,733846,0,113291,mean_ring,1,5,31153300,1293.30334974913,3228100
1,roads,NY,264346,733846,0,113291,mean_degree,1,6,36712300,465.8737218609674,3228100
1,roads,NY,264346,733846,0,113291,fourary,1,7,54918600,0,0
1,roads,NY,264346,733846,0,113291,mean_map,1,8,34185000,1293.30334974913,3228100
1,roads,NY,264346,733846,0,113291,binary,1,9,53171700,0,0
1,roads,NY,264346,733846,0,113291,max_maxdegree,1,10,30572900,4618.25,4718000
1,roads,NY,264346,733846,0,113291,degree4,2,0,64677600,0,18725300
1,roads,NY,264346,733846,0,113291,radix,2,1,64252700,0,0
1,roads,NY,264346,733846,0,113291,mean_map,2,2,33696800,1293.30334974913,3228100
1,roads,NY,264346,733846,0,113291,mean_ring,2,3,31677600,1293.30334974913,3228100
1,roads,NY,264346,733846,0,113291,max_maxdegree,2,4,29148800,4618.25,4718000
1,roads,NY,264346,733846,0,113291,caliber,2,5,43536900,0,5392400
1,roads,NY,264346,733846,0,113291,std_binary,2,6,49717200,0,0
1,roads,NY,264346,733846,0,113291,mean_degree,2,7,36429600,465.8737218609674,3228100
1,roads,NY,264346,733846,0,113291,fourary,2,8,53157700,0,0
1,roads,NY,264346,733846,0,113291,binary,2,9,51562700,0,0
1,roads,NY,264346,733846,0,113291,selected_grid,2,10,30714100,5173.21339899652,2795695300
1,roads,NY,264346,733846,0,113291,selected_grid,3,0,27565700,5173.21339899652,2795695300
1,roads,NY,264346,733846,0,113291,binary,3,1,53338700,0,0
1,roads,NY,264346,733846,0,113291,fourary,3,2,57071200,0,0
1,roads,NY,264346,733846,0,113291,mean_degree,3,3,34646700,465.8737218609674,3228100
1,roads,NY,264346,733846,0,113291,std_binary,3,4,53227700,0,0
1,roads,NY,264346,733846,0,113291,caliber,3,5,39650700,0,5392400
1,roads,NY,264346,733846,0,113291,max_maxdegree,3,6,28001700,4618.25,4718000
1,roads,NY,264346,733846,0,113291,mean_ring,3,7,29120000,1293.30334974913,3228100
1,roads,NY,264346,733846,0,113291,mean_map,3,8,33597700,1293.30334974913,3228100
1,roads,NY,264346,733846,0,113291,radix,3,9,66176100,0,0
1,roads,NY,264346,733846,0,113291,degree4,3,10,61400400,0,18725300
1,roads,NY,264346,733846,0,113291,max_maxdegree,4,0,28890900,4618.25,4718000
1,roads,NY,264346,733846,0,113291,radix,4,1,70469300,0,0
1,roads,NY,264346,733846,0,113291,degree4,4,2,65758500,0,18725300
1,roads,NY,264346,733846,0,113291,mean_map,4,3,34593600,1293.30334974913,3228100
1,roads,NY,264346,733846,0,113291,caliber,4,4,41491900,0,5392400
1,roads,NY,264346,733846,0,113291,std_binary,4,5,52358200,0,0
1,roads,NY,264346,733846,0,113291,binary,4,6,54453200,0,0
1,roads,NY,264346,733846,0,113291,mean_degree,4,7,36647000,465.8737218609674,3228100
1,roads,NY,264346,733846,0,113291,fourary,4,8,51903500,0,0
1,roads,NY,264346,733846,0,113291,mean_ring,4,9,29886600,1293.30334974913,3228100
1,roads,NY,264346,733846,0,113291,selected_grid,4,10,28094000,5173.21339899652,2795695300
1,roads,NY,264346,733846,0,113291,selected_grid,5,0,26899800,5173.21339899652,2795695300
1,roads,NY,264346,733846,0,113291,mean_ring,5,1,30538900,1293.30334974913,3228100
1,roads,NY,264346,733846,0,113291,fourary,5,2,52966200,0,0
1,roads,NY,264346,733846,0,113291,mean_degree,5,3,35166500,465.8737218609674,3228100
1,roads,NY,264346,733846,0,113291,binary,5,4,53110500,0,0
1,roads,NY,264346,733846,0,113291,std_binary,5,5,50101400,0,0
1,roads,NY,264346,733846,0,113291,caliber,5,6,43329200,0,5392400
1,roads,NY,264346,733846,0,113291,mean_map,5,7,33381400,1293.30334974913,3228100
1,roads,NY,264346,733846,0,113291,degree4,5,8,64957500,0,18725300
1,roads,NY,264346,733846,0,113291,radix,5,9,69269300,0,0
1,roads,NY,264346,733846,0,113291,max_maxdegree,5,10,29506700,4618.25,4718000
1,roads,NY,264346,733846,0,113291,degree4,6,0,65888700,0,18725300
1,roads,NY,264346,733846,0,113291,selected_grid,6,1,30865900,5173.21339899652,2795695300
1,roads,NY,264346,733846,0,113291,mean_ring,6,2,32726500,1293.30334974913,3228100
1,roads,NY,264346,733846,0,113291,caliber,6,3,43219000,0,5392400
1,roads,NY,264346,733846,0,113291,mean_degree,6,4,37507900,465.8737218609674,3228100
1,roads,NY,264346,733846,0,113291,fourary,6,5,55073900,0,0
1,roads,NY,264346,733846,0,113291,radix,6,6,67358400,0,0
1,roads,NY,264346,733846,0,113291,binary,6,7,55466100,0,0
1,roads,NY,264346,733846,0,113291,max_maxdegree,6,8,29793200,4618.25,4718000
1,roads,NY,264346,733846,0,113291,mean_map,6,9,37070300,1293.30334974913,3228100
1,roads,NY,264346,733846,0,113291,std_binary,6,10,51394000,0,0
1,roads,NY,264346,733846,0,113291,std_binary,7,0,53546500,0,0
1,roads,NY,264346,733846,0,113291,mean_map,7,1,38507000,1293.30334974913,3228100
1,roads,NY,264346,733846,0,113291,max_maxdegree,7,2,30114000,4618.25,4718000
1,roads,NY,264346,733846,0,113291,binary,7,3,55793700,0,0
1,roads,NY,264346,733846,0,113291,radix,7,4,74585100,0,0
1,roads,NY,264346,733846,0,113291,fourary,7,5,55493500,0,0
1,roads,NY,264346,733846,0,113291,mean_degree,7,6,34514300,465.8737218609674,3228100
1,roads,NY,264346,733846,0,113291,caliber,7,7,45464700,0,5392400
1,roads,NY,264346,733846,0,113291,mean_ring,7,8,31726700,1293.30334974913,3228100
1,roads,NY,264346,733846,0,113291,selected_grid,7,9,28583200,5173.21339899652,2795695300
1,roads,NY,264346,733846,0,113291,degree4,7,10,64406900,0,18725300
1,roads,NY,264346,733846,0,151054,binary,0,0,54200800,0,0
1,roads,NY,264346,733846,0,151054,fourary,0,1,54357300,0,0
1,roads,NY,264346,733846,0,151054,selected_grid,0,2,28556500,5173.21339899652,2795695300
1,roads,NY,264346,733846,0,151054,mean_degree,0,3,34597200,465.8737218609674,3228100
1,roads,NY,264346,733846,0,151054,mean_ring,0,4,31399800,1293.30334974913,3228100
1,roads,NY,264346,733846,0,151054,degree4,0,5,66023000,0,18725300
1,roads,NY,264346,733846,0,151054,mean_map,0,6,34081700,1293.30334974913,3228100
1,roads,NY,264346,733846,0,151054,radix,0,7,67450500,0,0
1,roads,NY,264346,733846,0,151054,std_binary,0,8,51387600,0,0
1,roads,NY,264346,733846,0,151054,max_maxdegree,0,9,29941400,4618.25,4718000
1,roads,NY,264346,733846,0,151054,caliber,0,10,43269500,0,5392400
1,roads,NY,264346,733846,0,151054,caliber,1,0,43580200,0,5392400
1,roads,NY,264346,733846,0,151054,max_maxdegree,1,1,30693700,4618.25,4718000
1,roads,NY,264346,733846,0,151054,std_binary,1,2,54705400,0,0
1,roads,NY,264346,733846,0,151054,radix,1,3,68216000,0,0
1,roads,NY,264346,733846,0,151054,mean_map,1,4,34900000,1293.30334974913,3228100
1,roads,NY,264346,733846,0,151054,degree4,1,5,66170900,0,18725300
1,roads,NY,264346,733846,0,151054,mean_ring,1,6,31338000,1293.30334974913,3228100
1,roads,NY,264346,733846,0,151054,mean_degree,1,7,35060300,465.8737218609674,3228100
1,roads,NY,264346,733846,0,151054,selected_grid,1,8,31672900,5173.21339899652,2795695300
1,roads,NY,264346,733846,0,151054,fourary,1,9,58400700,0,0
1,roads,NY,264346,733846,0,151054,binary,1,10,51755000,0,0
1,roads,NY,264346,733846,0,151054,mean_map,2,0,33745600,1293.30334974913,3228100
1,roads,NY,264346,733846,0,151054,std_binary,2,1,50871200,0,0
1,roads,NY,264346,733846,0,151054,binary,2,2,53781500,0,0
1,roads,NY,264346,733846,0,151054,selected_grid,2,3,31600800,5173.21339899652,2795695300
1,roads,NY,264346,733846,0,151054,caliber,2,4,41989700,0,5392400
1,roads,NY,264346,733846,0,151054,mean_degree,2,5,34836800,465.8737218609674,3228100
1,roads,NY,264346,733846,0,151054,fourary,2,6,55305500,0,0
1,roads,NY,264346,733846,0,151054,max_maxdegree,2,7,31950600,4618.25,4718000
1,roads,NY,264346,733846,0,151054,mean_ring,2,8,32839200,1293.30334974913,3228100
1,roads,NY,264346,733846,0,151054,degree4,2,9,64717400,0,18725300
1,roads,NY,264346,733846,0,151054,radix,2,10,65357300,0,0
1,roads,NY,264346,733846,0,151054,radix,3,0,66340400,0,0
1,roads,NY,264346,733846,0,151054,degree4,3,1,65022000,0,18725300
1,roads,NY,264346,733846,0,151054,mean_ring,3,2,30312000,1293.30334974913,3228100
1,roads,NY,264346,733846,0,151054,max_maxdegree,3,3,28682900,4618.25,4718000
1,roads,NY,264346,733846,0,151054,fourary,3,4,54897800,0,0
1,roads,NY,264346,733846,0,151054,mean_degree,3,5,35504000,465.8737218609674,3228100
1,roads,NY,264346,733846,0,151054,caliber,3,6,42588100,0,5392400
1,roads,NY,264346,733846,0,151054,selected_grid,3,7,29463600,5173.21339899652,2795695300
1,roads,NY,264346,733846,0,151054,binary,3,8,52954800,0,0
1,roads,NY,264346,733846,0,151054,std_binary,3,9,51197200,0,0
1,roads,NY,264346,733846,0,151054,mean_map,3,10,33325900,1293.30334974913,3228100
1,roads,NY,264346,733846,0,151054,binary,4,0,52912700,0,0
1,roads,NY,264346,733846,0,151054,std_binary,4,1,49115800,0,0
1,roads,NY,264346,733846,0,151054,caliber,4,2,41490900,0,5392400
1,roads,NY,264346,733846,0,151054,selected_grid,4,3,31110700,5173.21339899652,2795695300
1,roads,NY,264346,733846,0,151054,max_maxdegree,4,4,30500100,4618.25,4718000
1,roads,NY,264346,733846,0,151054,degree4,4,5,65715600,0,18725300
1,roads,NY,264346,733846,0,151054,fourary,4,6,53863300,0,0
1,roads,NY,264346,733846,0,151054,mean_ring,4,7,31879400,1293.30334974913,3228100
1,roads,NY,264346,733846,0,151054,mean_map,4,8,34502800,1293.30334974913,3228100
1,roads,NY,264346,733846,0,151054,radix,4,9,66044800,0,0
1,roads,NY,264346,733846,0,151054,mean_degree,4,10,35169900,465.8737218609674,3228100
1,roads,NY,264346,733846,0,151054,mean_degree,5,0,32529200,465.8737218609674,3228100
1,roads,NY,264346,733846,0,151054,radix,5,1,66284800,0,0
1,roads,NY,264346,733846,0,151054,mean_map,5,2,33382500,1293.30334974913,3228100
1,roads,NY,264346,733846,0,151054,mean_ring,5,3,30981800,1293.30334974913,3228100
1,roads,NY,264346,733846,0,151054,fourary,5,4,52664600,0,0
1,roads,NY,264346,733846,0,151054,degree4,5,5,62143800,0,18725300
1,roads,NY,264346,733846,0,151054,max_maxdegree,5,6,28857000,4618.25,4718000
1,roads,NY,264346,733846,0,151054,selected_grid,5,7,29720700,5173.21339899652,2795695300
1,roads,NY,264346,733846,0,151054,caliber,5,8,46557200,0,5392400
1,roads,NY,264346,733846,0,151054,std_binary,5,9,52957700,0,0
1,roads,NY,264346,733846,0,151054,binary,5,10,50619600,0,0
1,roads,NY,264346,733846,0,151054,radix,6,0,65256900,0,0
1,roads,NY,264346,733846,0,151054,max_maxdegree,6,1,28680400,4618.25,4718000
1,roads,NY,264346,733846,0,151054,mean_degree,6,2,35751000,465.8737218609674,3228100
1,roads,NY,264346,733846,0,151054,std_binary,6,3,51910000,0,0
1,roads,NY,264346,733846,0,151054,degree4,6,4,65179800,0,18725300
1,roads,NY,264346,733846,0,151054,caliber,6,5,41043100,0,5392400
1,roads,NY,264346,733846,0,151054,binary,6,6,52364300,0,0
1,roads,NY,264346,733846,0,151054,fourary,6,7,53028500,0,0
1,roads,NY,264346,733846,0,151054,mean_map,6,8,33025500,1293.30334974913,3228100
1,roads,NY,264346,733846,0,151054,selected_grid,6,9,29060000,5173.21339899652,2795695300
1,roads,NY,264346,733846,0,151054,mean_ring,6,10,30828700,1293.30334974913,3228100
1,roads,NY,264346,733846,0,151054,mean_ring,7,0,29734700,1293.30334974913,3228100
1,roads,NY,264346,733846,0,151054,selected_grid,7,1,30404600,5173.21339899652,2795695300
1,roads,NY,264346,733846,0,151054,mean_map,7,2,33116500,1293.30334974913,3228100
1,roads,NY,264346,733846,0,151054,fourary,7,3,54508400,0,0
1,roads,NY,264346,733846,0,151054,binary,7,4,54272500,0,0
1,roads,NY,264346,733846,0,151054,caliber,7,5,39779700,0,5392400
1,roads,NY,264346,733846,0,151054,degree4,7,6,64855600,0,18725300
1,roads,NY,264346,733846,0,151054,std_binary,7,7,48985800,0,0
1,roads,NY,264346,733846,0,151054,mean_degree,7,8,34412300,465.8737218609674,3228100
1,roads,NY,264346,733846,0,151054,max_maxdegree,7,9,29485700,4618.25,4718000
1,roads,NY,264346,733846,0,151054,radix,7,10,67561100,0,0
1,roads,NY,264346,733846,0,188818,degree4,0,0,66224500,0,18725300
1,roads,NY,264346,733846,0,188818,radix,0,1,64326400,0,0
1,roads,NY,264346,733846,0,188818,binary,0,2,52150300,0,0
1,roads,NY,264346,733846,0,188818,mean_ring,0,3,29683500,1293.30334974913,3228100
1,roads,NY,264346,733846,0,188818,mean_map,0,4,35044100,1293.30334974913,3228100
1,roads,NY,264346,733846,0,188818,std_binary,0,5,50316800,0,0
1,roads,NY,264346,733846,0,188818,fourary,0,6,53122000,0,0
1,roads,NY,264346,733846,0,188818,caliber,0,7,42462100,0,5392400
1,roads,NY,264346,733846,0,188818,mean_degree,0,8,34022000,465.8737218609674,3228100
1,roads,NY,264346,733846,0,188818,max_maxdegree,0,9,30377400,4618.25,4718000
1,roads,NY,264346,733846,0,188818,selected_grid,0,10,29031100,5173.21339899652,2795695300
1,roads,NY,264346,733846,0,188818,selected_grid,1,0,28351200,5173.21339899652,2795695300
1,roads,NY,264346,733846,0,188818,max_maxdegree,1,1,29074200,4618.25,4718000
1,roads,NY,264346,733846,0,188818,mean_degree,1,2,34654900,465.8737218609674,3228100
1,roads,NY,264346,733846,0,188818,caliber,1,3,41196400,0,5392400
1,roads,NY,264346,733846,0,188818,fourary,1,4,51111700,0,0
1,roads,NY,264346,733846,0,188818,std_binary,1,5,54763800,0,0
1,roads,NY,264346,733846,0,188818,mean_map,1,6,34755300,1293.30334974913,3228100
1,roads,NY,264346,733846,0,188818,mean_ring,1,7,30841800,1293.30334974913,3228100
1,roads,NY,264346,733846,0,188818,binary,1,8,53180200,0,0
1,roads,NY,264346,733846,0,188818,radix,1,9,66054000,0,0
1,roads,NY,264346,733846,0,188818,degree4,1,10,61804700,0,18725300
1,roads,NY,264346,733846,0,188818,mean_degree,2,0,35104200,465.8737218609674,3228100
1,roads,NY,264346,733846,0,188818,binary,2,1,53206600,0,0
1,roads,NY,264346,733846,0,188818,degree4,2,2,63495800,0,18725300
1,roads,NY,264346,733846,0,188818,max_maxdegree,2,3,27881400,4618.25,4718000
1,roads,NY,264346,733846,0,188818,caliber,2,4,40067400,0,5392400
1,roads,NY,264346,733846,0,188818,std_binary,2,5,51056800,0,0
1,roads,NY,264346,733846,0,188818,selected_grid,2,6,27922700,5173.21339899652,2795695300
1,roads,NY,264346,733846,0,188818,fourary,2,7,55333100,0,0
1,roads,NY,264346,733846,0,188818,radix,2,8,62255200,0,0
1,roads,NY,264346,733846,0,188818,mean_map,2,9,35243400,1293.30334974913,3228100
1,roads,NY,264346,733846,0,188818,mean_ring,2,10,29949400,1293.30334974913,3228100
1,roads,NY,264346,733846,0,188818,mean_ring,3,0,28879900,1293.30334974913,3228100
1,roads,NY,264346,733846,0,188818,mean_map,3,1,35321900,1293.30334974913,3228100
1,roads,NY,264346,733846,0,188818,radix,3,2,66386000,0,0
1,roads,NY,264346,733846,0,188818,fourary,3,3,52857600,0,0
1,roads,NY,264346,733846,0,188818,selected_grid,3,4,31220300,5173.21339899652,2795695300
1,roads,NY,264346,733846,0,188818,std_binary,3,5,54003600,0,0
1,roads,NY,264346,733846,0,188818,caliber,3,6,43380800,0,5392400
1,roads,NY,264346,733846,0,188818,max_maxdegree,3,7,28505400,4618.25,4718000
1,roads,NY,264346,733846,0,188818,degree4,3,8,63766600,0,18725300
1,roads,NY,264346,733846,0,188818,binary,3,9,53695100,0,0
1,roads,NY,264346,733846,0,188818,mean_degree,3,10,36926200,465.8737218609674,3228100
1,roads,NY,264346,733846,0,188818,caliber,4,0,41763000,0,5392400
1,roads,NY,264346,733846,0,188818,fourary,4,1,58734700,0,0
1,roads,NY,264346,733846,0,188818,degree4,4,2,67528500,0,18725300
1,roads,NY,264346,733846,0,188818,radix,4,3,68684000,0,0
1,roads,NY,264346,733846,0,188818,mean_map,4,4,33370300,1293.30334974913,3228100
1,roads,NY,264346,733846,0,188818,std_binary,4,5,51622500,0,0
1,roads,NY,264346,733846,0,188818,binary,4,6,52035400,0,0
1,roads,NY,264346,733846,0,188818,selected_grid,4,7,29778900,5173.21339899652,2795695300
1,roads,NY,264346,733846,0,188818,mean_degree,4,8,36089800,465.8737218609674,3228100
1,roads,NY,264346,733846,0,188818,max_maxdegree,4,9,33791000,4618.25,4718000
1,roads,NY,264346,733846,0,188818,mean_ring,4,10,32338600,1293.30334974913,3228100
1,roads,NY,264346,733846,0,188818,mean_ring,5,0,32334000,1293.30334974913,3228100
1,roads,NY,264346,733846,0,188818,max_maxdegree,5,1,30578100,4618.25,4718000
1,roads,NY,264346,733846,0,188818,mean_degree,5,2,37418900,465.8737218609674,3228100
1,roads,NY,264346,733846,0,188818,selected_grid,5,3,30527400,5173.21339899652,2795695300
1,roads,NY,264346,733846,0,188818,binary,5,4,56388700,0,0
1,roads,NY,264346,733846,0,188818,std_binary,5,5,51960900,0,0
1,roads,NY,264346,733846,0,188818,mean_map,5,6,34945000,1293.30334974913,3228100
1,roads,NY,264346,733846,0,188818,radix,5,7,69054200,0,0
1,roads,NY,264346,733846,0,188818,degree4,5,8,65014600,0,18725300
1,roads,NY,264346,733846,0,188818,fourary,5,9,55078400,0,0
1,roads,NY,264346,733846,0,188818,caliber,5,10,47457300,0,5392400
1,roads,NY,264346,733846,0,188818,max_maxdegree,6,0,30621200,4618.25,4718000
1,roads,NY,264346,733846,0,188818,fourary,6,1,60418100,0,0
1,roads,NY,264346,733846,0,188818,mean_degree,6,2,36707800,465.8737218609674,3228100
1,roads,NY,264346,733846,0,188818,mean_map,6,3,39278300,1293.30334974913,3228100
1,roads,NY,264346,733846,0,188818,caliber,6,4,50464400,0,5392400
1,roads,NY,264346,733846,0,188818,radix,6,5,77038000,0,0
1,roads,NY,264346,733846,0,188818,std_binary,6,6,60898100,0,0
1,roads,NY,264346,733846,0,188818,mean_ring,6,7,35740000,1293.30334974913,3228100
1,roads,NY,264346,733846,0,188818,degree4,6,8,74733000,0,18725300
1,roads,NY,264346,733846,0,188818,selected_grid,6,9,34580800,5173.21339899652,2795695300
1,roads,NY,264346,733846,0,188818,binary,6,10,58443200,0,0
1,roads,NY,264346,733846,0,188818,binary,7,0,59563900,0,0
1,roads,NY,264346,733846,0,188818,selected_grid,7,1,31588700,5173.21339899652,2795695300
1,roads,NY,264346,733846,0,188818,degree4,7,2,71068300,0,18725300
1,roads,NY,264346,733846,0,188818,mean_ring,7,3,34272800,1293.30334974913,3228100
1,roads,NY,264346,733846,0,188818,std_binary,7,4,57206100,0,0
1,roads,NY,264346,733846,0,188818,radix,7,5,72291900,0,0
1,roads,NY,264346,733846,0,188818,caliber,7,6,46086600,0,5392400
1,roads,NY,264346,733846,0,188818,mean_map,7,7,36830800,1293.30334974913,3228100
1,roads,NY,264346,733846,0,188818,mean_degree,7,8,35803500,465.8737218609674,3228100
1,roads,NY,264346,733846,0,188818,fourary,7,9,58899700,0,0
1,roads,NY,264346,733846,0,188818,max_maxdegree,7,10,31675700,4618.25,4718000
1,roads,NY,264346,733846,0,226582,mean_map,0,0,36037500,1293.30334974913,3228100
1,roads,NY,264346,733846,0,226582,max_maxdegree,0,1,28605600,4618.25,4718000
1,roads,NY,264346,733846,0,226582,mean_ring,0,2,30789000,1293.30334974913,3228100
1,roads,NY,264346,733846,0,226582,std_binary,0,3,49022100,0,0
1,roads,NY,264346,733846,0,226582,caliber,0,4,37255300,0,5392400
1,roads,NY,264346,733846,0,226582,mean_degree,0,5,34982900,465.8737218609674,3228100
1,roads,NY,264346,733846,0,226582,degree4,0,6,60342300,0,18725300
1,roads,NY,264346,733846,0,226582,selected_grid,0,7,29418700,5173.21339899652,2795695300
1,roads,NY,264346,733846,0,226582,radix,0,8,62920000,0,0
1,roads,NY,264346,733846,0,226582,binary,0,9,49023000,0,0
1,roads,NY,264346,733846,0,226582,fourary,0,10,53182800,0,0
1,roads,NY,264346,733846,0,226582,fourary,1,0,53893800,0,0
1,roads,NY,264346,733846,0,226582,binary,1,1,51977800,0,0
1,roads,NY,264346,733846,0,226582,radix,1,2,65681800,0,0
1,roads,NY,264346,733846,0,226582,selected_grid,1,3,29630500,5173.21339899652,2795695300
1,roads,NY,264346,733846,0,226582,degree4,1,4,63083800,0,18725300
1,roads,NY,264346,733846,0,226582,mean_degree,1,5,34953400,465.8737218609674,3228100
1,roads,NY,264346,733846,0,226582,caliber,1,6,39968600,0,5392400
1,roads,NY,264346,733846,0,226582,std_binary,1,7,47114900,0,0
1,roads,NY,264346,733846,0,226582,mean_ring,1,8,30218600,1293.30334974913,3228100
1,roads,NY,264346,733846,0,226582,max_maxdegree,1,9,29101000,4618.25,4718000
1,roads,NY,264346,733846,0,226582,mean_map,1,10,35690300,1293.30334974913,3228100
1,roads,NY,264346,733846,0,226582,radix,2,0,63437800,0,0
1,roads,NY,264346,733846,0,226582,mean_degree,2,1,34271600,465.8737218609674,3228100
1,roads,NY,264346,733846,0,226582,selected_grid,2,2,30169100,5173.21339899652,2795695300
1,roads,NY,264346,733846,0,226582,binary,2,3,49540400,0,0
1,roads,NY,264346,733846,0,226582,std_binary,2,4,46930300,0,0
1,roads,NY,264346,733846,0,226582,fourary,2,5,52444200,0,0
1,roads,NY,264346,733846,0,226582,caliber,2,6,40380800,0,5392400
1,roads,NY,264346,733846,0,226582,degree4,2,7,61005600,0,18725300
1,roads,NY,264346,733846,0,226582,max_maxdegree,2,8,28765200,4618.25,4718000
1,roads,NY,264346,733846,0,226582,mean_ring,2,9,31952000,1293.30334974913,3228100
1,roads,NY,264346,733846,0,226582,mean_map,2,10,33262400,1293.30334974913,3228100
1,roads,NY,264346,733846,0,226582,mean_map,3,0,33127500,1293.30334974913,3228100
1,roads,NY,264346,733846,0,226582,mean_ring,3,1,29193100,1293.30334974913,3228100
1,roads,NY,264346,733846,0,226582,max_maxdegree,3,2,28782000,4618.25,4718000
1,roads,NY,264346,733846,0,226582,degree4,3,3,62333200,0,18725300
1,roads,NY,264346,733846,0,226582,caliber,3,4,38727000,0,5392400
1,roads,NY,264346,733846,0,226582,fourary,3,5,50353300,0,0
1,roads,NY,264346,733846,0,226582,std_binary,3,6,51497100,0,0
1,roads,NY,264346,733846,0,226582,binary,3,7,50263000,0,0
1,roads,NY,264346,733846,0,226582,selected_grid,3,8,29338900,5173.21339899652,2795695300
1,roads,NY,264346,733846,0,226582,mean_degree,3,9,33922200,465.8737218609674,3228100
1,roads,NY,264346,733846,0,226582,radix,3,10,62134200,0,0
1,roads,NY,264346,733846,0,226582,caliber,4,0,40068200,0,5392400
1,roads,NY,264346,733846,0,226582,mean_ring,4,1,30088300,1293.30334974913,3228100
1,roads,NY,264346,733846,0,226582,fourary,4,2,50440900,0,0
1,roads,NY,264346,733846,0,226582,mean_map,4,3,32900400,1293.30334974913,3228100
1,roads,NY,264346,733846,0,226582,degree4,4,4,60735300,0,18725300
1,roads,NY,264346,733846,0,226582,mean_degree,4,5,33692600,465.8737218609674,3228100
1,roads,NY,264346,733846,0,226582,selected_grid,4,6,27402500,5173.21339899652,2795695300
1,roads,NY,264346,733846,0,226582,max_maxdegree,4,7,27375200,4618.25,4718000
1,roads,NY,264346,733846,0,226582,binary,4,8,51135100,0,0
1,roads,NY,264346,733846,0,226582,std_binary,4,9,47040500,0,0
1,roads,NY,264346,733846,0,226582,radix,4,10,67418800,0,0
1,roads,NY,264346,733846,0,226582,radix,5,0,66136100,0,0
1,roads,NY,264346,733846,0,226582,std_binary,5,1,48941800,0,0
1,roads,NY,264346,733846,0,226582,binary,5,2,48595300,0,0
1,roads,NY,264346,733846,0,226582,max_maxdegree,5,3,27723500,4618.25,4718000
1,roads,NY,264346,733846,0,226582,selected_grid,5,4,27502700,5173.21339899652,2795695300
1,roads,NY,264346,733846,0,226582,mean_degree,5,5,34312400,465.8737218609674,3228100
1,roads,NY,264346,733846,0,226582,degree4,5,6,61279500,0,18725300
1,roads,NY,264346,733846,0,226582,mean_map,5,7,33910700,1293.30334974913,3228100
1,roads,NY,264346,733846,0,226582,fourary,5,8,50039700,0,0
1,roads,NY,264346,733846,0,226582,mean_ring,5,9,29186800,1293.30334974913,3228100
1,roads,NY,264346,733846,0,226582,caliber,5,10,42576400,0,5392400
1,roads,NY,264346,733846,0,226582,fourary,6,0,53075800,0,0
1,roads,NY,264346,733846,0,226582,degree4,6,1,59489300,0,18725300
1,roads,NY,264346,733846,0,226582,binary,6,2,48298900,0,0
1,roads,NY,264346,733846,0,226582,std_binary,6,3,46994200,0,0
1,roads,NY,264346,733846,0,226582,mean_map,6,4,34003900,1293.30334974913,3228100
1,roads,NY,264346,733846,0,226582,max_maxdegree,6,5,29997700,4618.25,4718000
1,roads,NY,264346,733846,0,226582,radix,6,6,63831400,0,0
1,roads,NY,264346,733846,0,226582,mean_degree,6,7,35312700,465.8737218609674,3228100
1,roads,NY,264346,733846,0,226582,selected_grid,6,8,29404400,5173.21339899652,2795695300
1,roads,NY,264346,733846,0,226582,mean_ring,6,9,30251600,1293.30334974913,3228100
1,roads,NY,264346,733846,0,226582,caliber,6,10,41370200,0,5392400
1,roads,NY,264346,733846,0,226582,caliber,7,0,39227900,0,5392400
1,roads,NY,264346,733846,0,226582,mean_ring,7,1,30370500,1293.30334974913,3228100
1,roads,NY,264346,733846,0,226582,selected_grid,7,2,28286600,5173.21339899652,2795695300
1,roads,NY,264346,733846,0,226582,mean_degree,7,3,33496100,465.8737218609674,3228100
1,roads,NY,264346,733846,0,226582,radix,7,4,68073200,0,0
1,roads,NY,264346,733846,0,226582,max_maxdegree,7,5,29532900,4618.25,4718000
1,roads,NY,264346,733846,0,226582,mean_map,7,6,33228700,1293.30334974913,3228100
1,roads,NY,264346,733846,0,226582,std_binary,7,7,46566600,0,0
1,roads,NY,264346,733846,0,226582,binary,7,8,48391000,0,0
1,roads,NY,264346,733846,0,226582,degree4,7,9,60169300,0,18725300
1,roads,NY,264346,733846,0,226582,fourary,7,10,53208800,0,0
2,calibration,BAY,321270,800172,0,0,grid_0.75,0,0,43741300,1222.626119134386,3578000
2,calibration,BAY,321270,800172,0,0,grid_0.05,0,1,55060900,81.50840794229242,3578000
2,calibration,BAY,321270,800172,0,0,grid_0.25,0,2,45745400,407.54203971146205,3578000
2,calibration,BAY,321270,800172,0,0,grid_0.03125,0,3,65825000,50.94275496393276,3578000
2,calibration,BAY,321270,800172,0,0,grid_4,0,4,35657400,6520.672635383393,3578000
2,calibration,BAY,321270,800172,0,0,grid_8,0,5,35774500,13041.345270766786,3578000
2,calibration,BAY,321270,800172,0,0,grid_1.5,0,6,39564400,2445.252238268772,3578000
2,calibration,BAY,321270,800172,0,0,grid_1,0,7,43958100,1630.1681588458482,3578000
2,calibration,BAY,321270,800172,0,0,grid_0.5,0,8,48064700,815.0840794229241,3578000
2,calibration,BAY,321270,800172,0,0,grid_0.1,0,9,48936100,163.01681588458484,3578000
2,calibration,BAY,321270,800172,0,0,grid_2,0,10,37317400,3260.3363176916964,3578000
2,calibration,BAY,321270,800172,0,0,grid_16,0,11,39432300,26082.69054153357,3578000
2,calibration,BAY,321270,800172,0,0,grid_16,1,0,38829800,26082.69054153357,3578000
2,calibration,BAY,321270,800172,0,0,grid_2,1,1,38373500,3260.3363176916964,3578000
2,calibration,BAY,321270,800172,0,0,grid_0.1,1,2,51026800,163.01681588458484,3578000
2,calibration,BAY,321270,800172,0,0,grid_0.5,1,3,45772500,815.0840794229241,3578000
2,calibration,BAY,321270,800172,0,0,grid_1,1,4,43683200,1630.1681588458482,3578000
2,calibration,BAY,321270,800172,0,0,grid_1.5,1,5,39432100,2445.252238268772,3578000
2,calibration,BAY,321270,800172,0,0,grid_8,1,6,35837200,13041.345270766786,3578000
2,calibration,BAY,321270,800172,0,0,grid_4,1,7,37362900,6520.672635383393,3578000
2,calibration,BAY,321270,800172,0,0,grid_0.03125,1,8,66062100,50.94275496393276,3578000
2,calibration,BAY,321270,800172,0,0,grid_0.25,1,9,42080100,407.54203971146205,3578000
2,calibration,BAY,321270,800172,0,0,grid_0.05,1,10,55917300,81.50840794229242,3578000
2,calibration,BAY,321270,800172,0,0,grid_0.75,1,11,42537300,1222.626119134386,3578000
2,calibration,BAY,321270,800172,0,0,grid_4,2,0,36047100,6520.672635383393,3578000
2,calibration,BAY,321270,800172,0,0,grid_16,2,1,40154400,26082.69054153357,3578000
2,calibration,BAY,321270,800172,0,0,grid_2,2,2,36642200,3260.3363176916964,3578000
2,calibration,BAY,321270,800172,0,0,grid_0.25,2,3,43985600,407.54203971146205,3578000
2,calibration,BAY,321270,800172,0,0,grid_1.5,2,4,41692800,2445.252238268772,3578000
2,calibration,BAY,321270,800172,0,0,grid_0.5,2,5,46551800,815.0840794229241,3578000
2,calibration,BAY,321270,800172,0,0,grid_0.1,2,6,51689300,163.01681588458484,3578000
2,calibration,BAY,321270,800172,0,0,grid_8,2,7,38366400,13041.345270766786,3578000
2,calibration,BAY,321270,800172,0,0,grid_0.03125,2,8,64144900,50.94275496393276,3578000
2,calibration,BAY,321270,800172,0,0,grid_1,2,9,42042000,1630.1681588458482,3578000
2,calibration,BAY,321270,800172,0,0,grid_0.75,2,10,44649300,1222.626119134386,3578000
2,calibration,BAY,321270,800172,0,0,grid_0.05,2,11,59480500,81.50840794229242,3578000
2,calibration,BAY,321270,800172,0,0,grid_0.05,3,0,57474400,81.50840794229242,3578000
2,calibration,BAY,321270,800172,0,0,grid_0.75,3,1,46410400,1222.626119134386,3578000
2,calibration,BAY,321270,800172,0,0,grid_1,3,2,42342000,1630.1681588458482,3578000
2,calibration,BAY,321270,800172,0,0,grid_0.03125,3,3,61513000,50.94275496393276,3578000
2,calibration,BAY,321270,800172,0,0,grid_8,3,4,34162100,13041.345270766786,3578000
2,calibration,BAY,321270,800172,0,0,grid_0.1,3,5,49286900,163.01681588458484,3578000
2,calibration,BAY,321270,800172,0,0,grid_0.5,3,6,46185600,815.0840794229241,3578000
2,calibration,BAY,321270,800172,0,0,grid_1.5,3,7,37710700,2445.252238268772,3578000
2,calibration,BAY,321270,800172,0,0,grid_0.25,3,8,43221700,407.54203971146205,3578000
2,calibration,BAY,321270,800172,0,0,grid_2,3,9,36628700,3260.3363176916964,3578000
2,calibration,BAY,321270,800172,0,0,grid_16,3,10,36713500,26082.69054153357,3578000
2,calibration,BAY,321270,800172,0,0,grid_4,3,11,34106300,6520.672635383393,3578000
2,calibration,BAY,321270,800172,0,0,grid_1.5,4,0,38892300,2445.252238268772,3578000
2,calibration,BAY,321270,800172,0,0,grid_2,4,1,34453100,3260.3363176916964,3578000
2,calibration,BAY,321270,800172,0,0,grid_0.5,4,2,43488400,815.0840794229241,3578000
2,calibration,BAY,321270,800172,0,0,grid_0.75,4,3,43252600,1222.626119134386,3578000
2,calibration,BAY,321270,800172,0,0,grid_1,4,4,41145800,1630.1681588458482,3578000
2,calibration,BAY,321270,800172,0,0,grid_4,4,5,35984900,6520.672635383393,3578000
2,calibration,BAY,321270,800172,0,0,grid_16,4,6,39102200,26082.69054153357,3578000
2,calibration,BAY,321270,800172,0,0,grid_0.05,4,7,55034100,81.50840794229242,3578000
2,calibration,BAY,321270,800172,0,0,grid_0.25,4,8,43377600,407.54203971146205,3578000
2,calibration,BAY,321270,800172,0,0,grid_0.03125,4,9,62887800,50.94275496393276,3578000
2,calibration,BAY,321270,800172,0,0,grid_8,4,10,36093500,13041.345270766786,3578000
2,calibration,BAY,321270,800172,0,0,grid_0.1,4,11,50811500,163.01681588458484,3578000
2,calibration,BAY,321270,800172,0,0,grid_0.1,5,0,47426200,163.01681588458484,3578000
2,calibration,BAY,321270,800172,0,0,grid_8,5,1,36990900,13041.345270766786,3578000
2,calibration,BAY,321270,800172,0,0,grid_0.03125,5,2,63731800,50.94275496393276,3578000
2,calibration,BAY,321270,800172,0,0,grid_0.25,5,3,44728700,407.54203971146205,3578000
2,calibration,BAY,321270,800172,0,0,grid_0.05,5,4,56182800,81.50840794229242,3578000
2,calibration,BAY,321270,800172,0,0,grid_16,5,5,38370000,26082.69054153357,3578000
2,calibration,BAY,321270,800172,0,0,grid_4,5,6,36062800,6520.672635383393,3578000
2,calibration,BAY,321270,800172,0,0,grid_1,5,7,43153500,1630.1681588458482,3578000
2,calibration,BAY,321270,800172,0,0,grid_0.75,5,8,43541200,1222.626119134386,3578000
2,calibration,BAY,321270,800172,0,0,grid_0.5,5,9,42864300,815.0840794229241,3578000
2,calibration,BAY,321270,800172,0,0,grid_2,5,10,34489500,3260.3363176916964,3578000
2,calibration,BAY,321270,800172,0,0,grid_1.5,5,11,36715200,2445.252238268772,3578000
2,roads,BAY,321270,800172,0,45895,fourary,0,0,57824400,0,0
2,roads,BAY,321270,800172,0,45895,mean_map,0,1,42456300,1630.1681588458482,3578000
2,roads,BAY,321270,800172,0,45895,mean_degree,0,2,45857100,654.5144348870065,3578000
2,roads,BAY,321270,800172,0,45895,selected_grid,0,3,37090700,13041.345270766786,3210037500
2,roads,BAY,321270,800172,0,45895,std_binary,0,4,57740700,0,0
2,roads,BAY,321270,800172,0,45895,mean_ring,0,5,36244200,1630.1681588458482,3578000
2,roads,BAY,321270,800172,0,45895,max_maxdegree,0,6,35338300,13472.142857142857,5138300
2,roads,BAY,321270,800172,0,45895,radix,0,7,78592800,0,0
2,roads,BAY,321270,800172,0,45895,caliber,0,8,44113500,0,5444400
2,roads,BAY,321270,800172,0,45895,degree4,0,9,68663200,0,20254900
2,roads,BAY,321270,800172,0,45895,binary,0,10,56606700,0,0
2,roads,BAY,321270,800172,0,45895,binary,1,0,61221200,0,0
2,roads,BAY,321270,800172,0,45895,degree4,1,1,70386100,0,20254900
2,roads,BAY,321270,800172,0,45895,caliber,1,2,44200500,0,5444400
2,roads,BAY,321270,800172,0,45895,radix,1,3,83481500,0,0
2,roads,BAY,321270,800172,0,45895,max_maxdegree,1,4,36009700,13472.142857142857,5138300
2,roads,BAY,321270,800172,0,45895,mean_ring,1,5,36211200,1630.1681588458482,3578000
2,roads,BAY,321270,800172,0,45895,std_binary,1,6,55240000,0,0
2,roads,BAY,321270,800172,0,45895,selected_grid,1,7,35179600,13041.345270766786,3210037500
2,roads,BAY,321270,800172,0,45895,mean_degree,1,8,42685000,654.5144348870065,3578000
2,roads,BAY,321270,800172,0,45895,mean_map,1,9,42369000,1630.1681588458482,3578000
2,roads,BAY,321270,800172,0,45895,fourary,1,10,59006400,0,0
2,roads,BAY,321270,800172,0,45895,fourary,2,0,60991100,0,0
2,roads,BAY,321270,800172,0,45895,caliber,2,1,44302500,0,5444400
2,roads,BAY,321270,800172,0,45895,selected_grid,2,2,36876500,13041.345270766786,3210037500
2,roads,BAY,321270,800172,0,45895,mean_map,2,3,41417300,1630.1681588458482,3578000
2,roads,BAY,321270,800172,0,45895,mean_degree,2,4,45328000,654.5144348870065,3578000
2,roads,BAY,321270,800172,0,45895,std_binary,2,5,58421100,0,0
2,roads,BAY,321270,800172,0,45895,binary,2,6,61079000,0,0
2,roads,BAY,321270,800172,0,45895,mean_ring,2,7,36082000,1630.1681588458482,3578000
2,roads,BAY,321270,800172,0,45895,degree4,2,8,70135000,0,20254900
2,roads,BAY,321270,800172,0,45895,radix,2,9,81458000,0,0
2,roads,BAY,321270,800172,0,45895,max_maxdegree,2,10,35099500,13472.142857142857,5138300
2,roads,BAY,321270,800172,0,45895,max_maxdegree,3,0,34124200,13472.142857142857,5138300
2,roads,BAY,321270,800172,0,45895,radix,3,1,77755000,0,0
2,roads,BAY,321270,800172,0,45895,degree4,3,2,69397300,0,20254900
2,roads,BAY,321270,800172,0,45895,mean_ring,3,3,36817800,1630.1681588458482,3578000
2,roads,BAY,321270,800172,0,45895,binary,3,4,57402200,0,0
2,roads,BAY,321270,800172,0,45895,std_binary,3,5,54591300,0,0
2,roads,BAY,321270,800172,0,45895,mean_degree,3,6,42529100,654.5144348870065,3578000
2,roads,BAY,321270,800172,0,45895,mean_map,3,7,42415100,1630.1681588458482,3578000
2,roads,BAY,321270,800172,0,45895,selected_grid,3,8,34034000,13041.345270766786,3210037500
2,roads,BAY,321270,800172,0,45895,caliber,3,9,42062800,0,5444400
2,roads,BAY,321270,800172,0,45895,fourary,3,10,58060100,0,0
2,roads,BAY,321270,800172,0,45895,mean_degree,4,0,45758200,654.5144348870065,3578000
2,roads,BAY,321270,800172,0,45895,mean_map,4,1,40591800,1630.1681588458482,3578000
2,roads,BAY,321270,800172,0,45895,degree4,4,2,69296900,0,20254900
2,roads,BAY,321270,800172,0,45895,std_binary,4,3,54583200,0,0
2,roads,BAY,321270,800172,0,45895,radix,4,4,78393200,0,0
2,roads,BAY,321270,800172,0,45895,caliber,4,5,42300100,0,5444400
2,roads,BAY,321270,800172,0,45895,binary,4,6,57644900,0,0
2,roads,BAY,321270,800172,0,45895,mean_ring,4,7,35893800,1630.1681588458482,3578000
2,roads,BAY,321270,800172,0,45895,max_maxdegree,4,8,33542500,13472.142857142857,5138300
2,roads,BAY,321270,800172,0,45895,fourary,4,9,61139800,0,0
2,roads,BAY,321270,800172,0,45895,selected_grid,4,10,34559200,13041.345270766786,3210037500
2,roads,BAY,321270,800172,0,45895,selected_grid,5,0,34629300,13041.345270766786,3210037500
2,roads,BAY,321270,800172,0,45895,fourary,5,1,62198400,0,0
2,roads,BAY,321270,800172,0,45895,max_maxdegree,5,2,37991800,13472.142857142857,5138300
2,roads,BAY,321270,800172,0,45895,mean_ring,5,3,38085300,1630.1681588458482,3578000
2,roads,BAY,321270,800172,0,45895,binary,5,4,58337000,0,0
2,roads,BAY,321270,800172,0,45895,caliber,5,5,43982700,0,5444400
2,roads,BAY,321270,800172,0,45895,radix,5,6,76060700,0,0
2,roads,BAY,321270,800172,0,45895,std_binary,5,7,57095200,0,0
2,roads,BAY,321270,800172,0,45895,degree4,5,8,70164300,0,20254900
2,roads,BAY,321270,800172,0,45895,mean_map,5,9,40572700,1630.1681588458482,3578000
2,roads,BAY,321270,800172,0,45895,mean_degree,5,10,45598800,654.5144348870065,3578000
2,roads,BAY,321270,800172,0,45895,max_maxdegree,6,0,33117300,13472.142857142857,5138300
2,roads,BAY,321270,800172,0,45895,mean_degree,6,1,44778400,654.5144348870065,3578000
2,roads,BAY,321270,800172,0,45895,mean_ring,6,2,36484400,1630.1681588458482,3578000
2,roads,BAY,321270,800172,0,45895,caliber,6,3,44372500,0,5444400
2,roads,BAY,321270,800172,0,45895,radix,6,4,79177200,0,0
2,roads,BAY,321270,800172,0,45895,fourary,6,5,60112900,0,0
2,roads,BAY,321270,800172,0,45895,selected_grid,6,6,32020400,13041.345270766786,3210037500
2,roads,BAY,321270,800172,0,45895,std_binary,6,7,52560600,0,0
2,roads,BAY,321270,800172,0,45895,degree4,6,8,71092100,0,20254900
2,roads,BAY,321270,800172,0,45895,binary,6,9,57907300,0,0
2,roads,BAY,321270,800172,0,45895,mean_map,6,10,40091200,1630.1681588458482,3578000
2,roads,BAY,321270,800172,0,45895,mean_map,7,0,38812000,1630.1681588458482,3578000
2,roads,BAY,321270,800172,0,45895,binary,7,1,58617500,0,0
2,roads,BAY,321270,800172,0,45895,degree4,7,2,70446900,0,20254900
2,roads,BAY,321270,800172,0,45895,std_binary,7,3,54416000,0,0
2,roads,BAY,321270,800172,0,45895,selected_grid,7,4,35451400,13041.345270766786,3210037500
2,roads,BAY,321270,800172,0,45895,fourary,7,5,59980900,0,0
2,roads,BAY,321270,800172,0,45895,radix,7,6,77510100,0,0
2,roads,BAY,321270,800172,0,45895,caliber,7,7,43028900,0,5444400
2,roads,BAY,321270,800172,0,45895,mean_ring,7,8,37509900,1630.1681588458482,3578000
2,roads,BAY,321270,800172,0,45895,mean_degree,7,9,41408200,654.5144348870065,3578000
2,roads,BAY,321270,800172,0,45895,max_maxdegree,7,10,34582100,13472.142857142857,5138300
2,roads,BAY,321270,800172,0,91791,binary,0,0,59627300,0,0
2,roads,BAY,321270,800172,0,91791,mean_degree,0,1,46694400,654.5144348870065,3578000
2,roads,BAY,321270,800172,0,91791,max_maxdegree,0,2,39721400,13472.142857142857,5138300
2,roads,BAY,321270,800172,0,91791,std_binary,0,3,57128300,0,0
2,roads,BAY,321270,800172,0,91791,mean_ring,0,4,36189400,1630.1681588458482,3578000
2,roads,BAY,321270,800172,0,91791,selected_grid,0,5,36486800,13041.345270766786,3210037500
2,roads,BAY,321270,800172,0,91791,radix,0,6,77920800,0,0
2,roads,BAY,321270,800172,0,91791,caliber,0,7,43220100,0,5444400
2,roads,BAY,321270,800172,0,91791,degree4,0,8,72309800,0,20254900
2,roads,BAY,321270,800172,0,91791,fourary,0,9,60173400,0,0
2,roads,BAY,321270,800172,0,91791,mean_map,0,10,39973600,1630.1681588458482,3578000
2,roads,BAY,321270,800172,0,91791,mean_map,1,0,40886900,1630.1681588458482,3578000
2,roads,BAY,321270,800172,0,91791,fourary,1,1,57502600,0,0
2,roads,BAY,321270,800172,0,91791,degree4,1,2,67104800,0,20254900
2,roads,BAY,321270,800172,0,91791,caliber,1,3,42092500,0,5444400
2,roads,BAY,321270,800172,0,91791,radix,1,4,77022600,0,0
2,roads,BAY,321270,800172,0,91791,selected_grid,1,5,35317800,13041.345270766786,3210037500
2,roads,BAY,321270,800172,0,91791,mean_ring,1,6,37609700,1630.1681588458482,3578000
2,roads,BAY,321270,800172,0,91791,std_binary,1,7,55215000,0,0
2,roads,BAY,321270,800172,0,91791,max_maxdegree,1,8,34594800,13472.142857142857,5138300
2,roads,BAY,321270,800172,0,91791,mean_degree,1,9,45224700,654.5144348870065,3578000
2,roads,BAY,321270,800172,0,91791,binary,1,10,58490100,0,0
2,roads,BAY,321270,800172,0,91791,radix,2,0,79778100,0,0
2,roads,BAY,321270,800172,0,91791,std_binary,2,1,53714300,0,0
2,roads,BAY,321270,800172,0,91791,mean_map,2,2,39459300,1630.1681588458482,3578000
2,roads,BAY,321270,800172,0,91791,degree4,2,3,71388100,0,20254900
2,roads,BAY,321270,800172,0,91791,mean_ring,2,4,37449300,1630.1681588458482,3578000
2,roads,BAY,321270,800172,0,91791,mean_degree,2,5,43107000,654.5144348870065,3578000
2,roads,BAY,321270,800172,0,91791,selected_grid,2,6,33171400,13041.345270766786,3210037500
2,roads,BAY,321270,800172,0,91791,fourary,2,7,55917700,0,0
2,roads,BAY,321270,800172,0,91791,max_maxdegree,2,8,34982000,13472.142857142857,5138300
2,roads,BAY,321270,800172,0,91791,binary,2,9,59387300,0,0
2,roads,BAY,321270,800172,0,91791,caliber,2,10,41792300,0,5444400
2,roads,BAY,321270,800172,0,91791,caliber,3,0,42504800,0,5444400
2,roads,BAY,321270,800172,0,91791,binary,3,1,55539100,0,0
2,roads,BAY,321270,800172,0,91791,max_maxdegree,3,2,35319900,13472.142857142857,5138300
2,roads,BAY,321270,800172,0,91791,fourary,3,3,56979500,0,0
2,roads,BAY,321270,800172,0,91791,selected_grid,3,4,33463500,13041.345270766786,3210037500
2,roads,BAY,321270,800172,0,91791,mean_degree,3,5,42831300,654.5144348870065,3578000
2,roads,BAY,321270,800172,0,91791,mean_ring,3,6,37367700,1630.1681588458482,3578000
2,roads,BAY,321270,800172,0,91791,degree4,3,7,69237500,0,20254900
2,roads,BAY,321270,800172,0,91791,mean_map,3,8,40004700,1630.1681588458482,3578000
2,roads,BAY,321270,800172,0,91791,std_binary,3,9,53821400,0,0
2,roads,BAY,321270,800172,0,91791,radix,3,10,76377100,0,0
2,roads,BAY,321270,800172,0,91791,degree4,4,0,68292300,0,20254900
2,roads,BAY,321270,800172,0,91791,max_maxdegree,4,1,33907100,13472.142857142857,5138300
2,roads,BAY,321270,800172,0,91791,mean_map,4,2,39115300,1630.1681588458482,3578000
2,roads,BAY,321270,800172,0,91791,radix,4,3,78720200,0,0
2,roads,BAY,321270,800172,0,91791,binary,4,4,56875500,0,0
2,roads,BAY,321270,800172,0,91791,selected_grid,4,5,33882600,13041.345270766786,3210037500
2,roads,BAY,321270,800172,0,91791,std_binary,4,6,51993800,0,0
2,roads,BAY,321270,800172,0,91791,mean_degree,4,7,40929400,654.5144348870065,3578000
2,roads,BAY,321270,800172,0,91791,fourary,4,8,57215500,0,0
2,roads,BAY,321270,800172,0,91791,mean_ring,4,9,36599000,1630.1681588458482,3578000
2,roads,BAY,321270,800172,0,91791,caliber,4,10,42975700,0,5444400
2,roads,BAY,321270,800172,0,91791,caliber,5,0,42100900,0,5444400
2,roads,BAY,321270,800172,0,91791,mean_ring,5,1,36387300,1630.1681588458482,3578000
2,roads,BAY,321270,800172,0,91791,fourary,5,2,58618900,0,0
2,roads,BAY,321270,800172,0,91791,mean_degree,5,3,45750900,654.5144348870065,3578000
2,roads,BAY,321270,800172,0,91791,std_binary,5,4,53984000,0,0
2,roads,BAY,321270,800172,0,91791,selected_grid,5,5,35257600,13041.345270766786,3210037500
2,roads,BAY,321270,800172,0,91791,binary,5,6,57267300,0,0
2,roads,BAY,321270,800172,0,91791,radix,5,7,77490400,0,0
2,roads,BAY,321270,800172,0,91791,mean_map,5,8,38947400,1630.1681588458482,3578000
2,roads,BAY,321270,800172,0,91791,max_maxdegree,5,9,33994700,13472.142857142857,5138300
2,roads,BAY,321270,800172,0,91791,degree4,5,10,67958900,0,20254900
2,roads,BAY,321270,800172,0,91791,std_binary,6,0,54716500,0,0
2,roads,BAY,321270,800172,0,91791,selected_grid,6,1,33239700,13041.345270766786,3210037500
2,roads,BAY,321270,800172,0,91791,radix,6,2,75975400,0,0
2,roads,BAY,321270,800172,0,91791,mean_degree,6,3,47814900,654.5144348870065,3578000
2,roads,BAY,321270,800172,0,91791,max_maxdegree,6,4,37245000,13472.142857142857,5138300
2,roads,BAY,321270,800172,0,91791,degree4,6,5,70602000,0,20254900
2,roads,BAY,321270,800172,0,91791,fourary,6,6,57820900,0,0
2,roads,BAY,321270,800172,0,91791,binary,6,7,55390700,0,0
2,roads,BAY,321270,800172,0,91791,caliber,6,8,46669800,0,5444400
2,roads,BAY,321270,800172,0,91791,mean_ring,6,9,36729100,1630.1681588458482,3578000
2,roads,BAY,321270,800172,0,91791,mean_map,6,10,41136200,1630.1681588458482,3578000
2,roads,BAY,321270,800172,0,91791,mean_map,7,0,40342900,1630.1681588458482,3578000
2,roads,BAY,321270,800172,0,91791,mean_ring,7,1,33931400,1630.1681588458482,3578000
2,roads,BAY,321270,800172,0,91791,caliber,7,2,44138100,0,5444400
2,roads,BAY,321270,800172,0,91791,binary,7,3,58913700,0,0
2,roads,BAY,321270,800172,0,91791,fourary,7,4,59699900,0,0
2,roads,BAY,321270,800172,0,91791,degree4,7,5,68801600,0,20254900
2,roads,BAY,321270,800172,0,91791,max_maxdegree,7,6,36534200,13472.142857142857,5138300
2,roads,BAY,321270,800172,0,91791,mean_degree,7,7,43596900,654.5144348870065,3578000
2,roads,BAY,321270,800172,0,91791,radix,7,8,78257300,0,0
2,roads,BAY,321270,800172,0,91791,selected_grid,7,9,34366500,13041.345270766786,3210037500
2,roads,BAY,321270,800172,0,91791,std_binary,7,10,56089000,0,0
2,roads,BAY,321270,800172,0,137687,std_binary,0,0,57437400,0,0
2,roads,BAY,321270,800172,0,137687,mean_ring,0,1,36046600,1630.1681588458482,3578000
2,roads,BAY,321270,800172,0,137687,mean_map,0,2,40740700,1630.1681588458482,3578000
2,roads,BAY,321270,800172,0,137687,caliber,0,3,41272100,0,5444400
2,roads,BAY,321270,800172,0,137687,selected_grid,0,4,34101200,13041.345270766786,3210037500
2,roads,BAY,321270,800172,0,137687,max_maxdegree,0,5,33860800,13472.142857142857,5138300
2,roads,BAY,321270,800172,0,137687,degree4,0,6,71185800,0,20254900
2,roads,BAY,321270,800172,0,137687,radix,0,7,82671800,0,0
2,roads,BAY,321270,800172,0,137687,binary,0,8,61041400,0,0
2,roads,BAY,321270,800172,0,137687,mean_degree,0,9,44604500,654.5144348870065,3578000
2,roads,BAY,321270,800172,0,137687,fourary,0,10,61804100,0,0
2,roads,BAY,321270,800172,0,137687,fourary,1,0,57618800,0,0
2,roads,BAY,321270,800172,0,137687,mean_degree,1,1,44702400,654.5144348870065,3578000
2,roads,BAY,321270,800172,0,137687,binary,1,2,57943700,0,0
2,roads,BAY,321270,800172,0,137687,radix,1,3,83134000,0,0
2,roads,BAY,321270,800172,0,137687,degree4,1,4,68680700,0,20254900
2,roads,BAY,321270,800172,0,137687,max_maxdegree,1,5,34663000,13472.142857142857,5138300
2,roads,BAY,321270,800172,0,137687,selected_grid,1,6,36405400,13041.345270766786,3210037500
2,roads,BAY,321270,800172,0,137687,caliber,1,7,44271900,0,5444400
2,roads,BAY,321270,800172,0,137687,mean_map,1,8,40404700,1630.1681588458482,3578000
2,roads,BAY,321270,800172,0,137687,mean_ring,1,9,37599000,1630.1681588458482,3578000
2,roads,BAY,321270,800172,0,137687,std_binary,1,10,54799300,0,0
2,roads,BAY,321270,800172,0,137687,mean_ring,2,0,39029900,1630.1681588458482,3578000
2,roads,BAY,321270,800172,0,137687,mean_degree,2,1,43929200,654.5144348870065,3578000
2,roads,BAY,321270,800172,0,137687,selected_grid,2,2,34858400,13041.345270766786,3210037500
2,roads,BAY,321270,800172,0,137687,radix,2,3,78572100,0,0
2,roads,BAY,321270,800172,0,137687,caliber,2,4,43739800,0,5444400
2,roads,BAY,321270,800172,0,137687,max_maxdegree,2,5,39229700,13472.142857142857,5138300
2,roads,BAY,321270,800172,0,137687,binary,2,6,58119700,0,0
2,roads,BAY,321270,800172,0,137687,std_binary,2,7,59994400,0,0
2,roads,BAY,321270,800172,0,137687,fourary,2,8,60275100,0,0
2,roads,BAY,321270,800172,0,137687,mean_map,2,9,44667700,1630.1681588458482,3578000
2,roads,BAY,321270,800172,0,137687,degree4,2,10,72720300,0,20254900
2,roads,BAY,321270,800172,0,137687,degree4,3,0,68359100,0,20254900
2,roads,BAY,321270,800172,0,137687,mean_map,3,1,43040200,1630.1681588458482,3578000
2,roads,BAY,321270,800172,0,137687,fourary,3,2,59798500,0,0
2,roads,BAY,321270,800172,0,137687,std_binary,3,3,53755700,0,0
2,roads,BAY,321270,800172,0,137687,binary,3,4,58486700,0,0
2,roads,BAY,321270,800172,0,137687,max_maxdegree,3,5,38666700,13472.142857142857,5138300
2,roads,BAY,321270,800172,0,137687,caliber,3,6,43230400,0,5444400
2,roads,BAY,321270,800172,0,137687,radix,3,7,78259700,0,0
2,roads,BAY,321270,800172,0,137687,selected_grid,3,8,34748000,13041.345270766786,3210037500
2,roads,BAY,321270,800172,0,137687,mean_degree,3,9,43554100,654.5144348870065,3578000
2,roads,BAY,321270,800172,0,137687,mean_ring,3,10,36949000,1630.1681588458482,3578000
2,roads,BAY,321270,800172,0,137687,caliber,4,0,44856100,0,5444400
2,roads,BAY,321270,800172,0,137687,mean_map,4,1,41415400,1630.1681588458482,3578000
2,roads,BAY,321270,800172,0,137687,binary,4,2,58186600,0,0
2,roads,BAY,321270,800172,0,137687,mean_ring,4,3,45261700,1630.1681588458482,3578000
2,roads,BAY,321270,800172,0,137687,selected_grid,4,4,36993600,13041.345270766786,3210037500
2,roads,BAY,321270,800172,0,137687,max_maxdegree,4,5,36093800,13472.142857142857,5138300
2,roads,BAY,321270,800172,0,137687,mean_degree,4,6,43075000,654.5144348870065,3578000
2,roads,BAY,321270,800172,0,137687,std_binary,4,7,55930800,0,0
2,roads,BAY,321270,800172,0,137687,fourary,4,8,58781000,0,0
2,roads,BAY,321270,800172,0,137687,radix,4,9,78956900,0,0
2,roads,BAY,321270,800172,0,137687,degree4,4,10,67237800,0,20254900
2,roads,BAY,321270,800172,0,137687,degree4,5,0,68311000,0,20254900
2,roads,BAY,321270,800172,0,137687,radix,5,1,81351900,0,0
2,roads,BAY,321270,800172,0,137687,fourary,5,2,57404200,0,0
2,roads,BAY,321270,800172,0,137687,std_binary,5,3,52556000,0,0
2,roads,BAY,321270,800172,0,137687,mean_degree,5,4,42381700,654.5144348870065,3578000
2,roads,BAY,321270,800172,0,137687,max_maxdegree,5,5,35276200,13472.142857142857,5138300
2,roads,BAY,321270,800172,0,137687,selected_grid,5,6,37514700,13041.345270766786,3210037500
2,roads,BAY,321270,800172,0,137687,mean_ring,5,7,36778200,1630.1681588458482,3578000
2,roads,BAY,321270,800172,0,137687,binary,5,8,56015100,0,0
2,roads,BAY,321270,800172,0,137687,mean_map,5,9,46527400,1630.1681588458482,3578000
2,roads,BAY,321270,800172,0,137687,caliber,5,10,43228800,0,5444400
2,roads,BAY,321270,800172,0,137687,radix,6,0,76413400,0,0
2,roads,BAY,321270,800172,0,137687,mean_map,6,1,39888600,1630.1681588458482,3578000
2,roads,BAY,321270,800172,0,137687,binary,6,2,57906100,0,0
2,roads,BAY,321270,800172,0,137687,selected_grid,6,3,36964900,13041.345270766786,3210037500
2,roads,BAY,321270,800172,0,137687,caliber,6,4,42943100,0,5444400
2,roads,BAY,321270,800172,0,137687,mean_ring,6,5,36250300,1630.1681588458482,3578000
2,roads,BAY,321270,800172,0,137687,fourary,6,6,56882800,0,0
2,roads,BAY,321270,800172,0,137687,mean_degree,6,7,43743600,654.5144348870065,3578000
2,roads,BAY,321270,800172,0,137687,max_maxdegree,6,8,35809000,13472.142857142857,5138300
2,roads,BAY,321270,800172,0,137687,std_binary,6,9,54523800,0,0
2,roads,BAY,321270,800172,0,137687,degree4,6,10,69612700,0,20254900
2,roads,BAY,321270,800172,0,137687,degree4,7,0,69597100,0,20254900
2,roads,BAY,321270,800172,0,137687,std_binary,7,1,52783900,0,0
2,roads,BAY,321270,800172,0,137687,max_maxdegree,7,2,34981900,13472.142857142857,5138300
2,roads,BAY,321270,800172,0,137687,mean_degree,7,3,41839100,654.5144348870065,3578000
2,roads,BAY,321270,800172,0,137687,fourary,7,4,60466800,0,0
2,roads,BAY,321270,800172,0,137687,mean_ring,7,5,34880400,1630.1681588458482,3578000
2,roads,BAY,321270,800172,0,137687,caliber,7,6,42453700,0,5444400
2,roads,BAY,321270,800172,0,137687,selected_grid,7,7,35705500,13041.345270766786,3210037500
2,roads,BAY,321270,800172,0,137687,binary,7,8,55672500,0,0
2,roads,BAY,321270,800172,0,137687,mean_map,7,9,41812600,1630.1681588458482,3578000
2,roads,BAY,321270,800172,0,137687,radix,7,10,78912800,0,0
2,roads,BAY,321270,800172,0,183582,mean_map,0,0,42465700,1630.1681588458482,3578000
2,roads,BAY,321270,800172,0,183582,mean_ring,0,1,37255500,1630.1681588458482,3578000
2,roads,BAY,321270,800172,0,183582,std_binary,0,2,58720700,0,0
2,roads,BAY,321270,800172,0,183582,max_maxdegree,0,3,36848400,13472.142857142857,5138300
2,roads,BAY,321270,800172,0,183582,mean_degree,0,4,47584600,654.5144348870065,3578000
2,roads,BAY,321270,800172,0,183582,degree4,0,5,73584900,0,20254900
2,roads,BAY,321270,800172,0,183582,fourary,0,6,61180000,0,0
2,roads,BAY,321270,800172,0,183582,selected_grid,0,7,35506500,13041.345270766786,3210037500
2,roads,BAY,321270,800172,0,183582,radix,0,8,80989000,0,0
2,roads,BAY,321270,800172,0,183582,binary,0,9,60259900,0,0
2,roads,BAY,321270,800172,0,183582,caliber,0,10,45451400,0,5444400
2,roads,BAY,321270,800172,0,183582,caliber,1,0,46171100,0,5444400
2,roads,BAY,321270,800172,0,183582,binary,1,1,60814100,0,0
2,roads,BAY,321270,800172,0,183582,radix,1,2,77308300,0,0
2,roads,BAY,321270,800172,0,183582,selected_grid,1,3,34427100,13041.345270766786,3210037500
2,roads,BAY,321270,800172,0,183582,fourary,1,4,61350400,0,0
2,roads,BAY,321270,800172,0,183582,degree4,1,5,75061000,0,20254900
2,roads,BAY,321270,800172,0,183582,mean_degree,1,6,41833100,654.5144348870065,3578000
2,roads,BAY,321270,800172,0,183582,max_maxdegree,1,7,36647400,13472.142857142857,5138300
2,roads,BAY,321270,800172,0,183582,std_binary,1,8,61321400,0,0
2,roads,BAY,321270,800172,0,183582,mean_ring,1,9,42327300,1630.1681588458482,3578000
2,roads,BAY,321270,800172,0,183582,mean_map,1,10,49204700,1630.1681588458482,3578000
2,roads,BAY,321270,800172,0,183582,degree4,2,0,74437100,0,20254900
2,roads,BAY,321270,800172,0,183582,mean_map,2,1,46813500,1630.1681588458482,3578000
2,roads,BAY,321270,800172,0,183582,selected_grid,2,2,38096000,13041.345270766786,3210037500
2,roads,BAY,321270,800172,0,183582,max_maxdegree,2,3,37079100,13472.142857142857,5138300
2,roads,BAY,321270,800172,0,183582,caliber,2,4,46016700,0,5444400
2,roads,BAY,321270,800172,0,183582,std_binary,2,5,58708900,0,0
2,roads,BAY,321270,800172,0,183582,mean_degree,2,6,42882900,654.5144348870065,3578000
2,roads,BAY,321270,800172,0,183582,mean_ring,2,7,39994900,1630.1681588458482,3578000
2,roads,BAY,321270,800172,0,183582,fourary,2,8,62128000,0,0
2,roads,BAY,321270,800172,0,183582,radix,2,9,79630900,0,0
2,roads,BAY,321270,800172,0,183582,binary,2,10,60959600,0,0
2,roads,BAY,321270,800172,0,183582,binary,3,0,57577600,0,0
2,roads,BAY,321270,800172,0,183582,radix,3,1,83343700,0,0
2,roads,BAY,321270,800172,0,183582,fourary,3,2,61093900,0,0
2,roads,BAY,321270,800172,0,183582,mean_ring,3,3,37035300,1630.1681588458482,3578000
2,roads,BAY,321270,800172,0,183582,mean_degree,3,4,43860400,654.5144348870065,3578000
2,roads,BAY,321270,800172,0,183582,std_binary,3,5,57940000,0,0
2,roads,BAY,321270,800172,0,183582,caliber,3,6,44455300,0,5444400
2,roads,BAY,321270,800172,0,183582,max_maxdegree,3,7,37845300,13472.142857142857,5138300
2,roads,BAY,321270,800172,0,183582,selected_grid,3,8,36592000,13041.345270766786,3210037500
2,roads,BAY,321270,800172,0,183582,mean_map,3,9,41906100,1630.1681588458482,3578000
2,roads,BAY,321270,800172,0,183582,degree4,3,10,72839200,0,20254900
2,roads,BAY,321270,800172,0,183582,std_binary,4,0,58491300,0,0
2,roads,BAY,321270,800172,0,183582,mean_map,4,1,41393700,1630.1681588458482,3578000
2,roads,BAY,321270,800172,0,183582,selected_grid,4,2,36142100,13041.345270766786,3210037500
2,roads,BAY,321270,800172,0,183582,binary,4,3,58618000,0,0
2,roads,BAY,321270,800172,0,183582,caliber,4,4,45843500,0,5444400
2,roads,BAY,321270,800172,0,183582,degree4,4,5,76034600,0,20254900
2,roads,BAY,321270,800172,0,183582,radix,4,6,79637600,0,0
2,roads,BAY,321270,800172,0,183582,mean_ring,4,7,38331700,1630.1681588458482,3578000
2,roads,BAY,321270,800172,0,183582,fourary,4,8,60107200,0,0
2,roads,BAY,321270,800172,0,183582,mean_degree,4,9,40909500,654.5144348870065,3578000
2,roads,BAY,321270,800172,0,183582,max_maxdegree,4,10,34245100,13472.142857142857,5138300
2,roads,BAY,321270,800172,0,183582,max_maxdegree,5,0,40119500,13472.142857142857,5138300
2,roads,BAY,321270,800172,0,183582,mean_degree,5,1,43232400,654.5144348870065,3578000
2,roads,BAY,321270,800172,0,183582,fourary,5,2,57656400,0,0
2,roads,BAY,321270,800172,0,183582,mean_ring,5,3,37819800,1630.1681588458482,3578000
2,roads,BAY,321270,800172,0,183582,radix,5,4,77131400,0,0
2,roads,BAY,321270,800172,0,183582,degree4,5,5,72748100,0,20254900
2,roads,BAY,321270,800172,0,183582,caliber,5,6,46000100,0,5444400
2,roads,BAY,321270,800172,0,183582,binary,5,7,55434900,0,0
2,roads,BAY,321270,800172,0,183582,selected_grid,5,8,34755300,13041.345270766786,3210037500
2,roads,BAY,321270,800172,0,183582,mean_map,5,9,41606400,1630.1681588458482,3578000
2,roads,BAY,321270,800172,0,183582,std_binary,5,10,55381000,0,0
2,roads,BAY,321270,800172,0,183582,caliber,6,0,42779500,0,5444400
2,roads,BAY,321270,800172,0,183582,binary,6,1,57389100,0,0
2,roads,BAY,321270,800172,0,183582,max_maxdegree,6,2,34667100,13472.142857142857,5138300
2,roads,BAY,321270,800172,0,183582,radix,6,3,77394100,0,0
2,roads,BAY,321270,800172,0,183582,fourary,6,4,56704300,0,0
2,roads,BAY,321270,800172,0,183582,mean_degree,6,5,41018800,654.5144348870065,3578000
2,roads,BAY,321270,800172,0,183582,degree4,6,6,70562700,0,20254900
2,roads,BAY,321270,800172,0,183582,mean_ring,6,7,38089600,1630.1681588458482,3578000
2,roads,BAY,321270,800172,0,183582,std_binary,6,8,56085500,0,0
2,roads,BAY,321270,800172,0,183582,mean_map,6,9,41133100,1630.1681588458482,3578000
2,roads,BAY,321270,800172,0,183582,selected_grid,6,10,34715300,13041.345270766786,3210037500
2,roads,BAY,321270,800172,0,183582,selected_grid,7,0,33857300,13041.345270766786,3210037500
2,roads,BAY,321270,800172,0,183582,mean_map,7,1,40930800,1630.1681588458482,3578000
2,roads,BAY,321270,800172,0,183582,std_binary,7,2,55641000,0,0
2,roads,BAY,321270,800172,0,183582,mean_ring,7,3,34726600,1630.1681588458482,3578000
2,roads,BAY,321270,800172,0,183582,degree4,7,4,66850000,0,20254900
2,roads,BAY,321270,800172,0,183582,mean_degree,7,5,44182100,654.5144348870065,3578000
2,roads,BAY,321270,800172,0,183582,fourary,7,6,57247400,0,0
2,roads,BAY,321270,800172,0,183582,radix,7,7,74291800,0,0
2,roads,BAY,321270,800172,0,183582,max_maxdegree,7,8,35900300,13472.142857142857,5138300
2,roads,BAY,321270,800172,0,183582,binary,7,9,57023200,0,0
2,roads,BAY,321270,800172,0,183582,caliber,7,10,45891500,0,5444400
2,roads,BAY,321270,800172,0,229478,selected_grid,0,0,35539500,13041.345270766786,3210037500
2,roads,BAY,321270,800172,0,229478,fourary,0,1,56194500,0,0
2,roads,BAY,321270,800172,0,229478,degree4,0,2,67594900,0,20254900
2,roads,BAY,321270,800172,0,229478,mean_degree,0,3,42776300,654.5144348870065,3578000
2,roads,BAY,321270,800172,0,229478,mean_map,0,4,41044900,1630.1681588458482,3578000
2,roads,BAY,321270,800172,0,229478,binary,0,5,58048000,0,0
2,roads,BAY,321270,800172,0,229478,max_maxdegree,0,6,34073600,13472.142857142857,5138300
2,roads,BAY,321270,800172,0,229478,std_binary,0,7,53999100,0,0
2,roads,BAY,321270,800172,0,229478,mean_ring,0,8,35901100,1630.1681588458482,3578000
2,roads,BAY,321270,800172,0,229478,radix,0,9,80013100,0,0
2,roads,BAY,321270,800172,0,229478,caliber,0,10,41437100,0,5444400
2,roads,BAY,321270,800172,0,229478,caliber,1,0,41952400,0,5444400
2,roads,BAY,321270,800172,0,229478,radix,1,1,75961400,0,0
2,roads,BAY,321270,800172,0,229478,mean_ring,1,2,36205500,1630.1681588458482,3578000
2,roads,BAY,321270,800172,0,229478,std_binary,1,3,52339000,0,0
2,roads,BAY,321270,800172,0,229478,max_maxdegree,1,4,36851700,13472.142857142857,5138300
2,roads,BAY,321270,800172,0,229478,binary,1,5,54003500,0,0
2,roads,BAY,321270,800172,0,229478,mean_map,1,6,40743100,1630.1681588458482,3578000
2,roads,BAY,321270,800172,0,229478,mean_degree,1,7,44444900,654.5144348870065,3578000
2,roads,BAY,321270,800172,0,229478,degree4,1,8,68449300,0,20254900
2,roads,BAY,321270,800172,0,229478,fourary,1,9,57590400,0,0
2,roads,BAY,321270,800172,0,229478,selected_grid,1,10,33023300,13041.345270766786,3210037500
2,roads,BAY,321270,800172,0,229478,caliber,2,0,41600200,0,5444400
2,roads,BAY,321270,800172,0,229478,selected_grid,2,1,33895200,13041.345270766786,3210037500
2,roads,BAY,321270,800172,0,229478,degree4,2,2,67926300,0,20254900
2,roads,BAY,321270,800172,0,229478,max_maxdegree,2,3,33805100,13472.142857142857,5138300
2,roads,BAY,321270,800172,0,229478,mean_degree,2,4,44078400,654.5144348870065,3578000
2,roads,BAY,321270,800172,0,229478,fourary,2,5,55811600,0,0
2,roads,BAY,321270,800172,0,229478,radix,2,6,77713900,0,0
2,roads,BAY,321270,800172,0,229478,binary,2,7,53042900,0,0
2,roads,BAY,321270,800172,0,229478,std_binary,2,8,54186400,0,0
2,roads,BAY,321270,800172,0,229478,mean_map,2,9,41030300,1630.1681588458482,3578000
2,roads,BAY,321270,800172,0,229478,mean_ring,2,10,35799900,1630.1681588458482,3578000
2,roads,BAY,321270,800172,0,229478,mean_ring,3,0,35620200,1630.1681588458482,3578000
2,roads,BAY,321270,800172,0,229478,mean_map,3,1,39657300,1630.1681588458482,3578000
2,roads,BAY,321270,800172,0,229478,std_binary,3,2,52206700,0,0
2,roads,BAY,321270,800172,0,229478,binary,3,3,53258400,0,0
2,roads,BAY,321270,800172,0,229478,radix,3,4,79436400,0,0
2,roads,BAY,321270,800172,0,229478,fourary,3,5,54634000,0,0
2,roads,BAY,321270,800172,0,229478,mean_degree,3,6,42198800,654.5144348870065,3578000
2,roads,BAY,321270,800172,0,229478,max_maxdegree,3,7,33613800,13472.142857142857,5138300
2,roads,BAY,321270,800172,0,229478,degree4,3,8,66164300,0,20254900
2,roads,BAY,321270,800172,0,229478,selected_grid,3,9,33933800,13041.345270766786,3210037500
2,roads,BAY,321270,800172,0,229478,caliber,3,10,41511800,0,5444400
2,roads,BAY,321270,800172,0,229478,degree4,4,0,69785400,0,20254900
2,roads,BAY,321270,800172,0,229478,fourary,4,1,57318500,0,0
2,roads,BAY,321270,800172,0,229478,mean_degree,4,2,45613700,654.5144348870065,3578000
2,roads,BAY,321270,800172,0,229478,binary,4,3,58691900,0,0
2,roads,BAY,321270,800172,0,229478,radix,4,4,84143000,0,0
2,roads,BAY,321270,800172,0,229478,std_binary,4,5,59513000,0,0
2,roads,BAY,321270,800172,0,229478,max_maxdegree,4,6,39266600,13472.142857142857,5138300
2,roads,BAY,321270,800172,0,229478,selected_grid,4,7,35423100,13041.345270766786,3210037500
2,roads,BAY,321270,800172,0,229478,mean_ring,4,8,36168500,1630.1681588458482,3578000
2,roads,BAY,321270,800172,0,229478,caliber,4,9,42005400,0,5444400
2,roads,BAY,321270,800172,0,229478,mean_map,4,10,40953000,1630.1681588458482,3578000
2,roads,BAY,321270,800172,0,229478,mean_map,5,0,41923600,1630.1681588458482,3578000
2,roads,BAY,321270,800172,0,229478,caliber,5,1,43434800,0,5444400
2,roads,BAY,321270,800172,0,229478,mean_ring,5,2,37948500,1630.1681588458482,3578000
2,roads,BAY,321270,800172,0,229478,selected_grid,5,3,36332000,13041.345270766786,3210037500
2,roads,BAY,321270,800172,0,229478,max_maxdegree,5,4,36519600,13472.142857142857,5138300
2,roads,BAY,321270,800172,0,229478,std_binary,5,5,55367200,0,0
2,roads,BAY,321270,800172,0,229478,radix,5,6,78349600,0,0
2,roads,BAY,321270,800172,0,229478,binary,5,7,57973500,0,0
2,roads,BAY,321270,800172,0,229478,mean_degree,5,8,44426600,654.5144348870065,3578000
2,roads,BAY,321270,800172,0,229478,fourary,5,9,55915700,0,0
2,roads,BAY,321270,800172,0,229478,degree4,5,10,66741600,0,20254900
2,roads,BAY,321270,800172,0,229478,std_binary,6,0,51801900,0,0
2,roads,BAY,321270,800172,0,229478,max_maxdegree,6,1,34989800,13472.142857142857,5138300
2,roads,BAY,321270,800172,0,229478,mean_map,6,2,39243800,1630.1681588458482,3578000
2,roads,BAY,321270,800172,0,229478,fourary,6,3,54378500,0,0
2,roads,BAY,321270,800172,0,229478,mean_ring,6,4,35735900,1630.1681588458482,3578000
2,roads,BAY,321270,800172,0,229478,degree4,6,5,71917600,0,20254900
2,roads,BAY,321270,800172,0,229478,binary,6,6,58638100,0,0
2,roads,BAY,321270,800172,0,229478,caliber,6,7,41956100,0,5444400
2,roads,BAY,321270,800172,0,229478,mean_degree,6,8,45125500,654.5144348870065,3578000
2,roads,BAY,321270,800172,0,229478,selected_grid,6,9,34277100,13041.345270766786,3210037500
2,roads,BAY,321270,800172,0,229478,radix,6,10,80842500,0,0
2,roads,BAY,321270,800172,0,229478,radix,7,0,77806400,0,0
2,roads,BAY,321270,800172,0,229478,selected_grid,7,1,34455000,13041.345270766786,3210037500
2,roads,BAY,321270,800172,0,229478,mean_degree,7,2,43542200,654.5144348870065,3578000
2,roads,BAY,321270,800172,0,229478,caliber,7,3,42582800,0,5444400
2,roads,BAY,321270,800172,0,229478,binary,7,4,55051600,0,0
2,roads,BAY,321270,800172,0,229478,degree4,7,5,68527000,0,20254900
2,roads,BAY,321270,800172,0,229478,mean_ring,7,6,38227000,1630.1681588458482,3578000
2,roads,BAY,321270,800172,0,229478,fourary,7,7,58261400,0,0
2,roads,BAY,321270,800172,0,229478,mean_map,7,8,41982900,1630.1681588458482,3578000
2,roads,BAY,321270,800172,0,229478,max_maxdegree,7,9,36129100,13472.142857142857,5138300
2,roads,BAY,321270,800172,0,229478,std_binary,7,10,53702100,0,0
2,roads,BAY,321270,800172,0,275374,fourary,0,0,61183600,0,0
2,roads,BAY,321270,800172,0,275374,caliber,0,1,48954200,0,5444400
2,roads,BAY,321270,800172,0,275374,degree4,0,2,71533400,0,20254900
2,roads,BAY,321270,800172,0,275374,max_maxdegree,0,3,35356700,13472.142857142857,5138300
2,roads,BAY,321270,800172,0,275374,mean_ring,0,4,35096100,1630.1681588458482,3578000
2,roads,BAY,321270,800172,0,275374,binary,0,5,61545600,0,0
2,roads,BAY,321270,800172,0,275374,mean_map,0,6,41659500,1630.1681588458482,3578000
2,roads,BAY,321270,800172,0,275374,selected_grid,0,7,34742500,13041.345270766786,3210037500
2,roads,BAY,321270,800172,0,275374,radix,0,8,76436500,0,0
2,roads,BAY,321270,800172,0,275374,mean_degree,0,9,41459900,654.5144348870065,3578000
2,roads,BAY,321270,800172,0,275374,std_binary,0,10,59252200,0,0
2,roads,BAY,321270,800172,0,275374,std_binary,1,0,56281600,0,0
2,roads,BAY,321270,800172,0,275374,mean_degree,1,1,41074600,654.5144348870065,3578000
2,roads,BAY,321270,800172,0,275374,radix,1,2,79615500,0,0
2,roads,BAY,321270,800172,0,275374,selected_grid,1,3,34456700,13041.345270766786,3210037500
2,roads,BAY,321270,800172,0,275374,mean_map,1,4,38708600,1630.1681588458482,3578000
2,roads,BAY,321270,800172,0,275374,binary,1,5,58698300,0,0
2,roads,BAY,321270,800172,0,275374,mean_ring,1,6,35581800,1630.1681588458482,3578000
2,roads,BAY,321270,800172,0,275374,max_maxdegree,1,7,36999000,13472.142857142857,5138300
2,roads,BAY,321270,800172,0,275374,degree4,1,8,70374700,0,20254900
2,roads,BAY,321270,800172,0,275374,caliber,1,9,44603100,0,5444400
2,roads,BAY,321270,800172,0,275374,fourary,1,10,60621100,0,0
2,roads,BAY,321270,800172,0,275374,selected_grid,2,0,35007800,13041.345270766786,3210037500
2,roads,BAY,321270,800172,0,275374,std_binary,2,1,53711700,0,0
2,roads,BAY,321270,800172,0,275374,radix,2,2,75811500,0,0
2,roads,BAY,321270,800172,0,275374,binary,2,3,57543400,0,0
2,roads,BAY,321270,800172,0,275374,max_maxdegree,2,4,36877200,13472.142857142857,5138300
2,roads,BAY,321270,800172,0,275374,mean_ring,2,5,35329200,1630.1681588458482,3578000
2,roads,BAY,321270,800172,0,275374,fourary,2,6,60242600,0,0
2,roads,BAY,321270,800172,0,275374,degree4,2,7,71721600,0,20254900
2,roads,BAY,321270,800172,0,275374,caliber,2,8,44738600,0,5444400
2,roads,BAY,321270,800172,0,275374,mean_map,2,9,41859900,1630.1681588458482,3578000
2,roads,BAY,321270,800172,0,275374,mean_degree,2,10,43013100,654.5144348870065,3578000
2,roads,BAY,321270,800172,0,275374,mean_degree,3,0,41146200,654.5144348870065,3578000
2,roads,BAY,321270,800172,0,275374,mean_map,3,1,43380200,1630.1681588458482,3578000
2,roads,BAY,321270,800172,0,275374,caliber,3,2,46101900,0,5444400
2,roads,BAY,321270,800172,0,275374,degree4,3,3,69639600,0,20254900
2,roads,BAY,321270,800172,0,275374,fourary,3,4,58908900,0,0
2,roads,BAY,321270,800172,0,275374,mean_ring,3,5,35278900,1630.1681588458482,3578000
2,roads,BAY,321270,800172,0,275374,max_maxdegree,3,6,35182900,13472.142857142857,5138300
2,roads,BAY,321270,800172,0,275374,binary,3,7,59191500,0,0
2,roads,BAY,321270,800172,0,275374,radix,3,8,72645100,0,0
2,roads,BAY,321270,800172,0,275374,std_binary,3,9,58181000,0,0
2,roads,BAY,321270,800172,0,275374,selected_grid,3,10,35266400,13041.345270766786,3210037500
2,roads,BAY,321270,800172,0,275374,mean_ring,4,0,39620200,1630.1681588458482,3578000
2,roads,BAY,321270,800172,0,275374,mean_degree,4,1,42956300,654.5144348870065,3578000
2,roads,BAY,321270,800172,0,275374,binary,4,2,58790800,0,0
2,roads,BAY,321270,800172,0,275374,caliber,4,3,44876200,0,5444400
2,roads,BAY,321270,800172,0,275374,max_maxdegree,4,4,34686000,13472.142857142857,5138300
2,roads,BAY,321270,800172,0,275374,fourary,4,5,62425600,0,0
2,roads,BAY,321270,800172,0,275374,degree4,4,6,71723400,0,20254900
2,roads,BAY,321270,800172,0,275374,radix,4,7,79485900,0,0
2,roads,BAY,321270,800172,0,275374,selected_grid,4,8,35671200,13041.345270766786,3210037500
2,roads,BAY,321270,800172,0,275374,mean_map,4,9,39869100,1630.1681588458482,3578000
2,roads,BAY,321270,800172,0,275374,std_binary,4,10,58338800,0,0
2,roads,BAY,321270,800172,0,275374,std_binary,5,0,60542400,0,0
2,roads,BAY,321270,800172,0,275374,mean_map,5,1,42933600,1630.1681588458482,3578000
2,roads,BAY,321270,800172,0,275374,selected_grid,5,2,34773900,13041.345270766786,3210037500
2,roads,BAY,321270,800172,0,275374,radix,5,3,77641100,0,0
2,roads,BAY,321270,800172,0,275374,degree4,5,4,70665500,0,20254900
2,roads,BAY,321270,800172,0,275374,fourary,5,5,63887900,0,0
2,roads,BAY,321270,800172,0,275374,max_maxdegree,5,6,35351100,13472.142857142857,5138300
2,roads,BAY,321270,800172,0,275374,caliber,5,7,46496200,0,5444400
2,roads,BAY,321270,800172,0,275374,binary,5,8,58568200,0,0
2,roads,BAY,321270,800172,0,275374,mean_degree,5,9,44837700,654.5144348870065,3578000
2,roads,BAY,321270,800172,0,275374,mean_ring,5,10,37030800,1630.1681588458482,3578000
2,roads,BAY,321270,800172,0,275374,caliber,6,0,45805800,0,5444400
2,roads,BAY,321270,800172,0,275374,radix,6,1,81483700,0,0
2,roads,BAY,321270,800172,0,275374,max_maxdegree,6,2,36878300,13472.142857142857,5138300
2,roads,BAY,321270,800172,0,275374,mean_degree,6,3,41748400,654.5144348870065,3578000
2,roads,BAY,321270,800172,0,275374,mean_ring,6,4,35403700,1630.1681588458482,3578000
2,roads,BAY,321270,800172,0,275374,fourary,6,5,63869900,0,0
2,roads,BAY,321270,800172,0,275374,std_binary,6,6,56962100,0,0
2,roads,BAY,321270,800172,0,275374,mean_map,6,7,42156900,1630.1681588458482,3578000
2,roads,BAY,321270,800172,0,275374,binary,6,8,58877900,0,0
2,roads,BAY,321270,800172,0,275374,selected_grid,6,9,35278200,13041.345270766786,3210037500
2,roads,BAY,321270,800172,0,275374,degree4,6,10,72596500,0,20254900
2,roads,BAY,321270,800172,0,275374,degree4,7,0,70326300,0,20254900
2,roads,BAY,321270,800172,0,275374,selected_grid,7,1,35338700,13041.345270766786,3210037500
2,roads,BAY,321270,800172,0,275374,binary,7,2,61602000,0,0
2,roads,BAY,321270,800172,0,275374,mean_map,7,3,43940100,1630.1681588458482,3578000
2,roads,BAY,321270,800172,0,275374,std_binary,7,4,57454600,0,0
2,roads,BAY,321270,800172,0,275374,fourary,7,5,57726900,0,0
2,roads,BAY,321270,800172,0,275374,mean_ring,7,6,35787700,1630.1681588458482,3578000
2,roads,BAY,321270,800172,0,275374,mean_degree,7,7,43065400,654.5144348870065,3578000
2,roads,BAY,321270,800172,0,275374,max_maxdegree,7,8,34978700,13472.142857142857,5138300
2,roads,BAY,321270,800172,0,275374,radix,7,9,78441300,0,0
2,roads,BAY,321270,800172,0,275374,caliber,7,10,43490900,0,5444400
3,calibration,COL,435666,1057066,0,0,grid_0.75,0,0,57436900,2624.8569597357214,4437700
3,calibration,COL,435666,1057066,0,0,grid_0.05,0,1,75864200,174.99046398238144,4437700
3,calibration,COL,435666,1057066,0,0,grid_0.25,0,2,62188200,874.9523199119071,4437700
3,calibration,COL,435666,1057066,0,0,grid_0.03125,0,3,82597200,109.36903998898839,4437700
3,calibration,COL,435666,1057066,0,0,grid_4,0,4,50794600,13999.237118590514,4437700
3,calibration,COL,435666,1057066,0,0,grid_8,0,5,48861200,27998.474237181028,4437700
3,calibration,COL,435666,1057066,0,0,grid_1.5,0,6,52783500,5249.713919471443,4437700
3,calibration,COL,435666,1057066,0,0,grid_1,0,7,56987500,3499.8092796476285,4437700
3,calibration,COL,435666,1057066,0,0,grid_0.5,0,8,63287300,1749.9046398238143,4437700
3,calibration,COL,435666,1057066,0,0,grid_0.1,0,9,70022900,349.9809279647629,4437700
3,calibration,COL,435666,1057066,0,0,grid_2,0,10,50347700,6999.618559295257,4437700
3,calibration,COL,435666,1057066,0,0,grid_16,0,11,54992800,55996.948474362056,4437700
3,calibration,COL,435666,1057066,0,0,grid_16,1,0,62758900,55996.948474362056,4437700
3,calibration,COL,435666,1057066,0,0,grid_2,1,1,50621900,6999.618559295257,4437700
3,calibration,COL,435666,1057066,0,0,grid_0.1,1,2,70719100,349.9809279647629,4437700
3,calibration,COL,435666,1057066,0,0,grid_0.5,1,3,63734200,1749.9046398238143,4437700
3,calibration,COL,435666,1057066,0,0,grid_1,1,4,59281300,3499.8092796476285,4437700
3,calibration,COL,435666,1057066,0,0,grid_1.5,1,5,52279000,5249.713919471443,4437700
3,calibration,COL,435666,1057066,0,0,grid_8,1,6,51568100,27998.474237181028,4437700
3,calibration,COL,435666,1057066,0,0,grid_4,1,7,50629200,13999.237118590514,4437700
3,calibration,COL,435666,1057066,0,0,grid_0.03125,1,8,84024500,109.36903998898839,4437700
3,calibration,COL,435666,1057066,0,0,grid_0.25,1,9,65428600,874.9523199119071,4437700
3,calibration,COL,435666,1057066,0,0,grid_0.05,1,10,130439000,174.99046398238144,4437700
3,calibration,COL,435666,1057066,0,0,grid_0.75,1,11,81399000,2624.8569597357214,4437700
3,calibration,COL,435666,1057066,0,0,grid_4,2,0,61002100,13999.237118590514,4437700
3,calibration,COL,435666,1057066,0,0,grid_16,2,1,64335800,55996.948474362056,4437700
3,calibration,COL,435666,1057066,0,0,grid_2,2,2,60332400,6999.618559295257,4437700
3,calibration,COL,435666,1057066,0,0,grid_0.25,2,3,76044500,874.9523199119071,4437700
3,calibration,COL,435666,1057066,0,0,grid_1.5,2,4,59515400,5249.713919471443,4437700
3,calibration,COL,435666,1057066,0,0,grid_0.5,2,5,69006300,1749.9046398238143,4437700
3,calibration,COL,435666,1057066,0,0,grid_0.1,2,6,79471400,349.9809279647629,4437700
3,calibration,COL,435666,1057066,0,0,grid_8,2,7,57249600,27998.474237181028,4437700
3,calibration,COL,435666,1057066,0,0,grid_0.03125,2,8,89022900,109.36903998898839,4437700
3,calibration,COL,435666,1057066,0,0,grid_1,2,9,64546200,3499.8092796476285,4437700
3,calibration,COL,435666,1057066,0,0,grid_0.75,2,10,61642200,2624.8569597357214,4437700
3,calibration,COL,435666,1057066,0,0,grid_0.05,2,11,81443600,174.99046398238144,4437700
3,calibration,COL,435666,1057066,0,0,grid_0.05,3,0,82177600,174.99046398238144,4437700
3,calibration,COL,435666,1057066,0,0,grid_0.75,3,1,58034500,2624.8569597357214,4437700
3,calibration,COL,435666,1057066,0,0,grid_1,3,2,57524900,3499.8092796476285,4437700
3,calibration,COL,435666,1057066,0,0,grid_0.03125,3,3,83754600,109.36903998898839,4437700
3,calibration,COL,435666,1057066,0,0,grid_8,3,4,50061000,27998.474237181028,4437700
3,calibration,COL,435666,1057066,0,0,grid_0.1,3,5,68390800,349.9809279647629,4437700
3,calibration,COL,435666,1057066,0,0,grid_0.5,3,6,61457200,1749.9046398238143,4437700
3,calibration,COL,435666,1057066,0,0,grid_1.5,3,7,54401400,5249.713919471443,4437700
3,calibration,COL,435666,1057066,0,0,grid_0.25,3,8,67866500,874.9523199119071,4437700
3,calibration,COL,435666,1057066,0,0,grid_2,3,9,50439700,6999.618559295257,4437700
3,calibration,COL,435666,1057066,0,0,grid_16,3,10,56779800,55996.948474362056,4437700
3,calibration,COL,435666,1057066,0,0,grid_4,3,11,53553600,13999.237118590514,4437700
3,calibration,COL,435666,1057066,0,0,grid_1.5,4,0,54397500,5249.713919471443,4437700
3,calibration,COL,435666,1057066,0,0,grid_2,4,1,51441200,6999.618559295257,4437700
3,calibration,COL,435666,1057066,0,0,grid_0.5,4,2,62073000,1749.9046398238143,4437700
3,calibration,COL,435666,1057066,0,0,grid_0.75,4,3,60305700,2624.8569597357214,4437700
3,calibration,COL,435666,1057066,0,0,grid_1,4,4,57908900,3499.8092796476285,4437700
3,calibration,COL,435666,1057066,0,0,grid_4,4,5,48789300,13999.237118590514,4437700
3,calibration,COL,435666,1057066,0,0,grid_16,4,6,56707400,55996.948474362056,4437700
3,calibration,COL,435666,1057066,0,0,grid_0.05,4,7,83073700,174.99046398238144,4437700
3,calibration,COL,435666,1057066,0,0,grid_0.25,4,8,67511300,874.9523199119071,4437700
3,calibration,COL,435666,1057066,0,0,grid_0.03125,4,9,84580100,109.36903998898839,4437700
3,calibration,COL,435666,1057066,0,0,grid_8,4,10,53001300,27998.474237181028,4437700
3,calibration,COL,435666,1057066,0,0,grid_0.1,4,11,71794200,349.9809279647629,4437700
3,calibration,COL,435666,1057066,0,0,grid_0.1,5,0,70003500,349.9809279647629,4437700
3,calibration,COL,435666,1057066,0,0,grid_8,5,1,49796400,27998.474237181028,4437700
3,calibration,COL,435666,1057066,0,0,grid_0.03125,5,2,82034800,109.36903998898839,4437700
3,calibration,COL,435666,1057066,0,0,grid_0.25,5,3,68156200,874.9523199119071,4437700
3,calibration,COL,435666,1057066,0,0,grid_0.05,5,4,79014100,174.99046398238144,4437700
3,calibration,COL,435666,1057066,0,0,grid_16,5,5,53545800,55996.948474362056,4437700
3,calibration,COL,435666,1057066,0,0,grid_4,5,6,48696800,13999.237118590514,4437700
3,calibration,COL,435666,1057066,0,0,grid_1,5,7,56286200,3499.8092796476285,4437700
3,calibration,COL,435666,1057066,0,0,grid_0.75,5,8,58826900,2624.8569597357214,4437700
3,calibration,COL,435666,1057066,0,0,grid_0.5,5,9,61390500,1749.9046398238143,4437700
3,calibration,COL,435666,1057066,0,0,grid_2,5,10,51563000,6999.618559295257,4437700
3,calibration,COL,435666,1057066,0,0,grid_1.5,5,11,57912200,5249.713919471443,4437700
3,roads,COL,435666,1057066,0,62238,fourary,0,0,80138300,0,0
3,roads,COL,435666,1057066,0,62238,mean_degree,0,1,60477400,1442.4339725494565,4437700
3,roads,COL,435666,1057066,0,62238,radix,0,2,107210000,0,0
3,roads,COL,435666,1057066,0,62238,mean_map,0,3,55292300,3499.8092796476285,4437700
3,roads,COL,435666,1057066,0,62238,caliber,0,4,59989100,0,6350700
3,roads,COL,435666,1057066,0,62238,max_maxdegree,0,5,49000600,17173,5965100
3,roads,COL,435666,1057066,0,62238,selected_grid,0,6,48823500,13999.237118590514,4625157300
3,roads,COL,435666,1057066,0,62238,binary,0,7,81221600,0,0
3,roads,COL,435666,1057066,0,62238,degree4,0,8,93691300,0,23777500
3,roads,COL,435666,1057066,0,62238,std_binary,0,9,76647400,0,0
3,roads,COL,435666,1057066,0,62238,mean_ring,0,10,51641100,3499.8092796476285,4437700
3,roads,COL,435666,1057066,0,62238,mean_ring,1,0,49671900,3499.8092796476285,4437700
3,roads,COL,435666,1057066,0,62238,std_binary,1,1,78173000,0,0
3,roads,COL,435666,1057066,0,62238,degree4,1,2,92162200,0,23777500
3,roads,COL,435666,1057066,0,62238,binary,1,3,78463800,0,0
3,roads,COL,435666,1057066,0,62238,selected_grid,1,4,48834200,13999.237118590514,4625157300
3,roads,COL,435666,1057066,0,62238,max_maxdegree,1,5,49665200,17173,5965100
3,roads,COL,435666,1057066,0,62238,caliber,1,6,63247500,0,6350700
3,roads,COL,435666,1057066,0,62238,mean_map,1,7,55545500,3499.8092796476285,4437700
3,roads,COL,435666,1057066,0,62238,radix,1,8,111272600,0,0
3,roads,COL,435666,1057066,0,62238,mean_degree,1,9,60096100,1442.4339725494565,4437700
3,roads,COL,435666,1057066,0,62238,fourary,1,10,77483300,0,0
3,roads,COL,435666,1057066,0,62238,std_binary,2,0,77927000,0,0
3,roads,COL,435666,1057066,0,62238,max_maxdegree,2,1,46574100,17173,5965100
3,roads,COL,435666,1057066,0,62238,selected_grid,2,2,46639400,13999.237118590514,4625157300
3,roads,COL,435666,1057066,0,62238,caliber,2,3,66479300,0,6350700
3,roads,COL,435666,1057066,0,62238,mean_degree,2,4,64393200,1442.4339725494565,4437700
3,roads,COL,435666,1057066,0,62238,fourary,2,5,84063200,0,0
3,roads,COL,435666,1057066,0,62238,binary,2,6,81119500,0,0
3,roads,COL,435666,1057066,0,62238,radix,2,7,106854000,0,0
3,roads,COL,435666,1057066,0,62238,mean_ring,2,8,48484300,3499.8092796476285,4437700
3,roads,COL,435666,1057066,0,62238,mean_map,2,9,55757500,3499.8092796476285,4437700
3,roads,COL,435666,1057066,0,62238,degree4,2,10,95086500,0,23777500
3,roads,COL,435666,1057066,0,62238,degree4,3,0,98462600,0,23777500
3,roads,COL,435666,1057066,0,62238,mean_map,3,1,56927400,3499.8092796476285,4437700
3,roads,COL,435666,1057066,0,62238,mean_ring,3,2,48299200,3499.8092796476285,4437700
3,roads,COL,435666,1057066,0,62238,radix,3,3,107188600,0,0
3,roads,COL,435666,1057066,0,62238,binary,3,4,77705500,0,0
3,roads,COL,435666,1057066,0,62238,fourary,3,5,78231200,0,0
3,roads,COL,435666,1057066,0,62238,mean_degree,3,6,61301100,1442.4339725494565,4437700
3,roads,COL,435666,1057066,0,62238,caliber,3,7,59944900,0,6350700
3,roads,COL,435666,1057066,0,62238,selected_grid,3,8,55792600,13999.237118590514,4625157300
3,roads,COL,435666,1057066,0,62238,max_maxdegree,3,9,54293600,17173,5965100
3,roads,COL,435666,1057066,0,62238,std_binary,3,10,79096200,0,0
3,roads,COL,435666,1057066,0,62238,caliber,4,0,60638500,0,6350700
3,roads,COL,435666,1057066,0,62238,radix,4,1,109975100,0,0
3,roads,COL,435666,1057066,0,62238,selected_grid,4,2,53288600,13999.237118590514,4625157300
3,roads,COL,435666,1057066,0,62238,max_maxdegree,4,3,51066200,17173,5965100
3,roads,COL,435666,1057066,0,62238,fourary,4,4,80111300,0,0
3,roads,COL,435666,1057066,0,62238,mean_map,4,5,56073800,3499.8092796476285,4437700
3,roads,COL,435666,1057066,0,62238,binary,4,6,77974200,0,0
3,roads,COL,435666,1057066,0,62238,mean_ring,4,7,49195700,3499.8092796476285,4437700
3,roads,COL,435666,1057066,0,62238,mean_degree,4,8,62732200,1442.4339725494565,4437700
3,roads,COL,435666,1057066,0,62238,degree4,4,9,96798900,0,23777500
3,roads,COL,435666,1057066,0,62238,std_binary,4,10,73791400,0,0
3,roads,COL,435666,1057066,0,62238,std_binary,5,0,79233700,0,0
3,roads,COL,435666,1057066,0,62238,degree4,5,1,97500600,0,23777500
3,roads,COL,435666,1057066,0,62238,mean_degree,5,2,62075800,1442.4339725494565,4437700
3,roads,COL,435666,1057066,0,62238,mean_ring,5,3,47630100,3499.8092796476285,4437700
3,roads,COL,435666,1057066,0,62238,binary,5,4,75569600,0,0
3,roads,COL,435666,1057066,0,62238,mean_map,5,5,53708300,3499.8092796476285,4437700
3,roads,COL,435666,1057066,0,62238,fourary,5,6,79444500,0,0
3,roads,COL,435666,1057066,0,62238,max_maxdegree,5,7,51697400,17173,5965100
3,roads,COL,435666,1057066,0,62238,selected_grid,5,8,47651800,13999.237118590514,4625157300
3,roads,COL,435666,1057066,0,62238,radix,5,9,104869000,0,0
3,roads,COL,435666,1057066,0,62238,caliber,5,10,59418300,0,6350700
3,roads,COL,435666,1057066,0,62238,selected_grid,6,0,46639700,13999.237118590514,4625157300
3,roads,COL,435666,1057066,0,62238,caliber,6,1,58575700,0,6350700
3,roads,COL,435666,1057066,0,62238,fourary,6,2,78182500,0,0
3,roads,COL,435666,1057066,0,62238,max_maxdegree,6,3,52483600,17173,5965100
3,roads,COL,435666,1057066,0,62238,mean_degree,6,4,60662500,1442.4339725494565,4437700
3,roads,COL,435666,1057066,0,62238,binary,6,5,78032700,0,0
3,roads,COL,435666,1057066,0,62238,mean_map,6,6,59143200,3499.8092796476285,4437700
3,roads,COL,435666,1057066,0,62238,radix,6,7,105496600,0,0
3,roads,COL,435666,1057066,0,62238,degree4,6,8,95481800,0,23777500
3,roads,COL,435666,1057066,0,62238,mean_ring,6,9,49570000,3499.8092796476285,4437700
3,roads,COL,435666,1057066,0,62238,std_binary,6,10,79182000,0,0
3,roads,COL,435666,1057066,0,62238,std_binary,7,0,77941600,0,0
3,roads,COL,435666,1057066,0,62238,mean_ring,7,1,47769800,3499.8092796476285,4437700
3,roads,COL,435666,1057066,0,62238,degree4,7,2,92087900,0,23777500
3,roads,COL,435666,1057066,0,62238,radix,7,3,108479600,0,0
3,roads,COL,435666,1057066,0,62238,mean_map,7,4,52849200,3499.8092796476285,4437700
3,roads,COL,435666,1057066,0,62238,binary,7,5,80448200,0,0
3,roads,COL,435666,1057066,0,62238,mean_degree,7,6,61107800,1442.4339725494565,4437700
3,roads,COL,435666,1057066,0,62238,max_maxdegree,7,7,48151400,17173,5965100
3,roads,COL,435666,1057066,0,62238,fourary,7,8,78328300,0,0
3,roads,COL,435666,1057066,0,62238,caliber,7,9,62410700,0,6350700
3,roads,COL,435666,1057066,0,62238,selected_grid,7,10,47683600,13999.237118590514,4625157300
3,roads,COL,435666,1057066,0,124476,binary,0,0,84570500,0,0
3,roads,COL,435666,1057066,0,124476,std_binary,0,1,78152600,0,0
3,roads,COL,435666,1057066,0,124476,mean_map,0,2,55102200,3499.8092796476285,4437700
3,roads,COL,435666,1057066,0,124476,mean_degree,0,3,62179600,1442.4339725494565,4437700
3,roads,COL,435666,1057066,0,124476,radix,0,4,104440400,0,0
3,roads,COL,435666,1057066,0,124476,max_maxdegree,0,5,47553000,17173,5965100
3,roads,COL,435666,1057066,0,124476,mean_ring,0,6,48969500,3499.8092796476285,4437700
3,roads,COL,435666,1057066,0,124476,degree4,0,7,92263900,0,23777500
3,roads,COL,435666,1057066,0,124476,selected_grid,0,8,48721500,13999.237118590514,4625157300
3,roads,COL,435666,1057066,0,124476,caliber,0,9,61496100,0,6350700
3,roads,COL,435666,1057066,0,124476,fourary,0,10,78661300,0,0
3,roads,COL,435666,1057066,0,124476,fourary,1,0,79982600,0,0
3,roads,COL,435666,1057066,0,124476,caliber,1,1,65930400,0,6350700
3,roads,COL,435666,1057066,0,124476,selected_grid,1,2,47262500,13999.237118590514,4625157300
3,roads,COL,435666,1057066,0,124476,degree4,1,3,97218300,0,23777500
3,roads,COL,435666,1057066,0,124476,mean_ring,1,4,47465700,3499.8092796476285,4437700
3,roads,COL,435666,1057066,0,124476,max_maxdegree,1,5,48389800,17173,5965100
3,roads,COL,435666,1057066,0,124476,radix,1,6,105769400,0,0
3,roads,COL,435666,1057066,0,124476,mean_degree,1,7,65097700,1442.4339725494565,4437700
3,roads,COL,435666,1057066,0,124476,mean_map,1,8,53590000,3499.8092796476285,4437700
3,roads,COL,435666,1057066,0,124476,std_binary,1,9,79300700,0,0
3,roads,COL,435666,1057066,0,124476,binary,1,10,79890600,0,0
3,roads,COL,435666,1057066,0,124476,mean_map,2,0,57077600,3499.8092796476285,4437700
3,roads,COL,435666,1057066,0,124476,std_binary,2,1,76883300,0,0
3,roads,COL,435666,1057066,0,124476,fourary,2,2,79545000,0,0
3,roads,COL,435666,1057066,0,124476,mean_degree,2,3,62709700,1442.4339725494565,4437700
3,roads,COL,435666,1057066,0,124476,caliber,2,4,58305400,0,6350700
3,roads,COL,435666,1057066,0,124476,radix,2,5,108040900,0,0
3,roads,COL,435666,1057066,0,124476,max_maxdegree,2,6,47618100,17173,5965100
3,roads,COL,435666,1057066,0,124476,selected_grid,2,7,46488700,13999.237118590514,4625157300
3,roads,COL,435666,1057066,0,124476,mean_ring,2,8,48868800,3499.8092796476285,4437700
3,roads,COL,435666,1057066,0,124476,binary,2,9,81461800,0,0
3,roads,COL,435666,1057066,0,124476,degree4,2,10,92984800,0,23777500
3,roads,COL,435666,1057066,0,124476,degree4,3,0,98452200,0,23777500
3,roads,COL,435666,1057066,0,124476,binary,3,1,77796700,0,0
3,roads,COL,435666,1057066,0,124476,mean_ring,3,2,48419900,3499.8092796476285,4437700
3,roads,COL,435666,1057066,0,124476,selected_grid,3,3,49646400,13999.237118590514,4625157300
3,roads,COL,435666,1057066,0,124476,max_maxdegree,3,4,50432800,17173,5965100
3,roads,COL,435666,1057066,0,124476,radix,3,5,108999400,0,0
3,roads,COL,435666,1057066,0,124476,caliber,3,6,61329500,0,6350700
3,roads,COL,435666,1057066,0,124476,mean_degree,3,7,60878200,1442.4339725494565,4437700
3,roads,COL,435666,1057066,0,124476,fourary,3,8,78699500,0,0
3,roads,COL,435666,1057066,0,124476,std_binary,3,9,80206100,0,0
3,roads,COL,435666,1057066,0,124476,mean_map,3,10,58802600,3499.8092796476285,4437700
3,roads,COL,435666,1057066,0,124476,caliber,4,0,61403400,0,6350700
3,roads,COL,435666,1057066,0,124476,fourary,4,1,79163100,0,0
3,roads,COL,435666,1057066,0,124476,mean_degree,4,2,64666000,1442.4339725494565,4437700
3,roads,COL,435666,1057066,0,124476,selected_grid,4,3,48682700,13999.237118590514,4625157300
3,roads,COL,435666,1057066,0,124476,mean_map,4,4,56966700,3499.8092796476285,4437700
3,roads,COL,435666,1057066,0,124476,mean_ring,4,5,50445900,3499.8092796476285,4437700
3,roads,COL,435666,1057066,0,124476,binary,4,6,82733400,0,0
3,roads,COL,435666,1057066,0,124476,std_binary,4,7,75120700,0,0
3,roads,COL,435666,1057066,0,124476,radix,4,8,111057900,0,0
3,roads,COL,435666,1057066,0,124476,degree4,4,9,95207100,0,23777500
3,roads,COL,435666,1057066,0,124476,max_maxdegree,4,10,50374200,17173,5965100
3,roads,COL,435666,1057066,0,124476,max_maxdegree,5,0,49190400,17173,5965100
3,roads,COL,435666,1057066,0,124476,degree4,5,1,95178500,0,23777500
3,roads,COL,435666,1057066,0,124476,radix,5,2,109166600,0,0
3,roads,COL,435666,1057066,0,124476,std_binary,5,3,78513700,0,0
3,roads,COL,435666,1057066,0,124476,binary,5,4,76420400,0,0
3,roads,COL,435666,1057066,0,124476,mean_ring,5,5,47799300,3499.8092796476285,4437700
3,roads,COL,435666,1057066,0,124476,mean_map,5,6,54800900,3499.8092796476285,4437700
3,roads,COL,435666,1057066,0,124476,selected_grid,5,7,48182700,13999.237118590514,4625157300
3,roads,COL,435666,1057066,0,124476,mean_degree,5,8,60967700,1442.4339725494565,4437700
3,roads,COL,435666,1057066,0,124476,fourary,5,9,81860400,0,0
3,roads,COL,435666,1057066,0,124476,caliber,5,10,61202100,0,6350700
3,roads,COL,435666,1057066,0,124476,mean_map,6,0,53914200,3499.8092796476285,4437700
3,roads,COL,435666,1057066,0,124476,caliber,6,1,58583600,0,6350700
3,roads,COL,435666,1057066,0,124476,selected_grid,6,2,49189200,13999.237118590514,4625157300
3,roads,COL,435666,1057066,0,124476,fourary,6,3,76209300,0,0
3,roads,COL,435666,1057066,0,124476,max_maxdegree,6,4,46654000,17173,5965100
3,roads,COL,435666,1057066,0,124476,std_binary,6,5,75046800,0,0
3,roads,COL,435666,1057066,0,124476,radix,6,6,104069300,0,0
3,roads,COL,435666,1057066,0,124476,mean_degree,6,7,60380100,1442.4339725494565,4437700
3,roads,COL,435666,1057066,0,124476,binary,6,8,77184300,0,0
3,roads,COL,435666,1057066,0,124476,mean_ring,6,9,47537600,3499.8092796476285,4437700
3,roads,COL,435666,1057066,0,124476,degree4,6,10,95749900,0,23777500
3,roads,COL,435666,1057066,0,124476,degree4,7,0,95383200,0,23777500
3,roads,COL,435666,1057066,0,124476,mean_ring,7,1,50779200,3499.8092796476285,4437700
3,roads,COL,435666,1057066,0,124476,binary,7,2,81072000,0,0
3,roads,COL,435666,1057066,0,124476,mean_degree,7,3,62142600,1442.4339725494565,4437700
3,roads,COL,435666,1057066,0,124476,radix,7,4,106506500,0,0
3,roads,COL,435666,1057066,0,124476,std_binary,7,5,79504700,0,0
3,roads,COL,435666,1057066,0,124476,max_maxdegree,7,6,50963100,17173,5965100
3,roads,COL,435666,1057066,0,124476,fourary,7,7,79857800,0,0
3,roads,COL,435666,1057066,0,124476,selected_grid,7,8,51508400,13999.237118590514,4625157300
3,roads,COL,435666,1057066,0,124476,caliber,7,9,63689700,0,6350700
3,roads,COL,435666,1057066,0,124476,mean_map,7,10,56979200,3499.8092796476285,4437700
3,roads,COL,435666,1057066,0,186714,mean_map,0,0,57443200,3499.8092796476285,4437700
3,roads,COL,435666,1057066,0,186714,degree4,0,1,102995000,0,23777500
3,roads,COL,435666,1057066,0,186714,radix,0,2,109261100,0,0
3,roads,COL,435666,1057066,0,186714,max_maxdegree,0,3,48480100,17173,5965100
3,roads,COL,435666,1057066,0,186714,caliber,0,4,61834000,0,6350700
3,roads,COL,435666,1057066,0,186714,selected_grid,0,5,49402100,13999.237118590514,4625157300
3,roads,COL,435666,1057066,0,186714,std_binary,0,6,76216200,0,0
3,roads,COL,435666,1057066,0,186714,mean_degree,0,7,61931000,1442.4339725494565,4437700
3,roads,COL,435666,1057066,0,186714,mean_ring,0,8,47091500,3499.8092796476285,4437700
3,roads,COL,435666,1057066,0,186714,binary,0,9,77243400,0,0
3,roads,COL,435666,1057066,0,186714,fourary,0,10,80172500,0,0
3,roads,COL,435666,1057066,0,186714,fourary,1,0,81826400,0,0
3,roads,COL,435666,1057066,0,186714,binary,1,1,79237100,0,0
3,roads,COL,435666,1057066,0,186714,mean_ring,1,2,50416300,3499.8092796476285,4437700
3,roads,COL,435666,1057066,0,186714,mean_degree,1,3,63861500,1442.4339725494565,4437700
3,roads,COL,435666,1057066,0,186714,std_binary,1,4,76900000,0,0
3,roads,COL,435666,1057066,0,186714,selected_grid,1,5,48985500,13999.237118590514,4625157300
3,roads,COL,435666,1057066,0,186714,caliber,1,6,58429100,0,6350700
3,roads,COL,435666,1057066,0,186714,max_maxdegree,1,7,48698200,17173,5965100
3,roads,COL,435666,1057066,0,186714,radix,1,8,106908300,0,0
3,roads,COL,435666,1057066,0,186714,degree4,1,9,97225600,0,23777500
3,roads,COL,435666,1057066,0,186714,mean_map,1,10,55364000,3499.8092796476285,4437700
3,roads,COL,435666,1057066,0,186714,fourary,2,0,81495400,0,0
3,roads,COL,435666,1057066,0,186714,max_maxdegree,2,1,49902900,17173,5965100
3,roads,COL,435666,1057066,0,186714,degree4,2,2,95974000,0,23777500
3,roads,COL,435666,1057066,0,186714,mean_degree,2,3,62098400,1442.4339725494565,4437700
3,roads,COL,435666,1057066,0,186714,mean_ring,2,4,49775900,3499.8092796476285,4437700
3,roads,COL,435666,1057066,0,186714,std_binary,2,5,76207100,0,0
3,roads,COL,435666,1057066,0,186714,mean_map,2,6,55767200,3499.8092796476285,4437700
3,roads,COL,435666,1057066,0,186714,selected_grid,2,7,50119600,13999.237118590514,4625157300
3,roads,COL,435666,1057066,0,186714,radix,2,8,111841000,0,0
3,roads,COL,435666,1057066,0,186714,caliber,2,9,61779400,0,6350700
3,roads,COL,435666,1057066,0,186714,binary,2,10,83387100,0,0
3,roads,COL,435666,1057066,0,186714,binary,3,0,78715700,0,0
3,roads,COL,435666,1057066,0,186714,caliber,3,1,63425100,0,6350700
3,roads,COL,435666,1057066,0,186714,radix,3,2,105288800,0,0
3,roads,COL,435666,1057066,0,186714,selected_grid,3,3,47877400,13999.237118590514,4625157300
3,roads,COL,435666,1057066,0,186714,mean_map,3,4,55232300,3499.8092796476285,4437700
3,roads,COL,435666,1057066,0,186714,std_binary,3,5,77990600,0,0
3,roads,COL,435666,1057066,0,186714,mean_ring,3,6,48196700,3499.8092796476285,4437700
3,roads,COL,435666,1057066,0,186714,mean_degree,3,7,60959300,1442.4339725494565,4437700
3,roads,COL,435666,1057066,0,186714,degree4,3,8,95370500,0,23777500
3,roads,COL,435666,1057066,0,186714,max_maxdegree,3,9,47570100,17173,5965100
3,roads,COL,435666,1057066,0,186714,fourary,3,10,81584800,0,0
3,roads,COL,435666,1057066,0,186714,mean_degree,4,0,61490400,1442.4339725494565,4437700
3,roads,COL,435666,1057066,0,186714,degree4,4,1,96601200,0,23777500
3,roads,COL,435666,1057066,0,186714,max_maxdegree,4,2,52188300,17173,5965100
3,roads,COL,435666,1057066,0,186714,selected_grid,4,3,47463100,13999.237118590514,4625157300
3,roads,COL,435666,1057066,0,186714,binary,4,4,80263200,0,0
3,roads,COL,435666,1057066,0,186714,fourary,4,5,78931000,0,0
3,roads,COL,435666,1057066,0,186714,mean_map,4,6,56557100,3499.8092796476285,4437700
3,roads,COL,435666,1057066,0,186714,mean_ring,4,7,51607000,3499.8092796476285,4437700
3,roads,COL,435666,1057066,0,186714,radix,4,8,107453300,0,0
3,roads,COL,435666,1057066,0,186714,caliber,4,9,62277100,0,6350700
3,roads,COL,435666,1057066,0,186714,std_binary,4,10,79460500,0,0
3,roads,COL,435666,1057066,0,186714,std_binary,5,0,79019800,0,0
3,roads,COL,435666,1057066,0,186714,caliber,5,1,61975200,0,6350700
3,roads,COL,435666,1057066,0,186714,radix,5,2,102523500,0,0
3,roads,COL,435666,1057066,0,186714,mean_ring,5,3,47751000,3499.8092796476285,4437700
3,roads,COL,435666,1057066,0,186714,mean_map,5,4,54991000,3499.8092796476285,4437700
3,roads,COL,435666,1057066,0,186714,fourary,5,5,78510000,0,0
3,roads,COL,435666,1057066,0,186714,binary,5,6,78514500,0,0
3,roads,COL,435666,1057066,0,186714,selected_grid,5,7,50519500,13999.237118590514,4625157300
3,roads,COL,435666,1057066,0,186714,max_maxdegree,5,8,50155600,17173,5965100
3,roads,COL,435666,1057066,0,186714,degree4,5,9,90615700,0,23777500
3,roads,COL,435666,1057066,0,186714,mean_degree,5,10,58763300,1442.4339725494565,4437700
3,roads,COL,435666,1057066,0,186714,degree4,6,0,96667800,0,23777500
3,roads,COL,435666,1057066,0,186714,mean_map,6,1,54911100,3499.8092796476285,4437700
3,roads,COL,435666,1057066,0,186714,std_binary,6,2,75446800,0,0
3,roads,COL,435666,1057066,0,186714,max_maxdegree,6,3,48627200,17173,5965100
3,roads,COL,435666,1057066,0,186714,caliber,6,4,59983200,0,6350700
3,roads,COL,435666,1057066,0,186714,fourary,6,5,78415100,0,0
3,roads,COL,435666,1057066,0,186714,mean_ring,6,6,48203700,3499.8092796476285,4437700
3,roads,COL,435666,1057066,0,186714,binary,6,7,78319300,0,0
3,roads,COL,435666,1057066,0,186714,mean_degree,6,8,62154400,1442.4339725494565,4437700
3,roads,COL,435666,1057066,0,186714,selected_grid,6,9,49180600,13999.237118590514,4625157300
3,roads,COL,435666,1057066,0,186714,radix,6,10,102730800,0,0
3,roads,COL,435666,1057066,0,186714,radix,7,0,107253600,0,0
3,roads,COL,435666,1057066,0,186714,selected_grid,7,1,50778800,13999.237118590514,4625157300
3,roads,COL,435666,1057066,0,186714,mean_degree,7,2,65046000,1442.4339725494565,4437700
3,roads,COL,435666,1057066,0,186714,binary,7,3,80682500,0,0
3,roads,COL,435666,1057066,0,186714,mean_ring,7,4,50061300,3499.8092796476285,4437700
3,roads,COL,435666,1057066,0,186714,fourary,7,5,78511800,0,0
3,roads,COL,435666,1057066,0,186714,caliber,7,6,59397500,0,6350700
3,roads,COL,435666,1057066,0,186714,max_maxdegree,7,7,48782300,17173,5965100
3,roads,COL,435666,1057066,0,186714,std_binary,7,8,80176400,0,0
3,roads,COL,435666,1057066,0,186714,mean_map,7,9,55261000,3499.8092796476285,4437700
3,roads,COL,435666,1057066,0,186714,degree4,7,10,95657600,0,23777500
3,roads,COL,435666,1057066,0,248952,binary,0,0,78787600,0,0
3,roads,COL,435666,1057066,0,248952,radix,0,1,103400800,0,0
3,roads,COL,435666,1057066,0,248952,degree4,0,2,92768400,0,23777500
3,roads,COL,435666,1057066,0,248952,fourary,0,3,79324500,0,0
3,roads,COL,435666,1057066,0,248952,selected_grid,0,4,46932700,13999.237118590514,4625157300
3,roads,COL,435666,1057066,0,248952,mean_ring,0,5,48337300,3499.8092796476285,4437700
3,roads,COL,435666,1057066,0,248952,max_maxdegree,0,6,51534800,17173,5965100
3,roads,COL,435666,1057066,0,248952,mean_map,0,7,56669300,3499.8092796476285,4437700
3,roads,COL,435666,1057066,0,248952,caliber,0,8,57233700,0,6350700
3,roads,COL,435666,1057066,0,248952,std_binary,0,9,73148800,0,0
3,roads,COL,435666,1057066,0,248952,mean_degree,0,10,62961700,1442.4339725494565,4437700
3,roads,COL,435666,1057066,0,248952,mean_degree,1,0,58859100,1442.4339725494565,4437700
3,roads,COL,435666,1057066,0,248952,std_binary,1,1,72697000,0,0
3,roads,COL,435666,1057066,0,248952,caliber,1,2,55552200,0,6350700
3,roads,COL,435666,1057066,0,248952,mean_map,1,3,58452000,3499.8092796476285,4437700
3,roads,COL,435666,1057066,0,248952,max_maxdegree,1,4,49256700,17173,5965100
3,roads,COL,435666,1057066,0,248952,mean_ring,1,5,47873000,3499.8092796476285,4437700
3,roads,COL,435666,1057066,0,248952,selected_grid,1,6,48173500,13999.237118590514,4625157300
3,roads,COL,435666,1057066,0,248952,fourary,1,7,74719500,0,0
3,roads,COL,435666,1057066,0,248952,degree4,1,8,90721700,0,23777500
3,roads,COL,435666,1057066,0,248952,radix,1,9,109445900,0,0
3,roads,COL,435666,1057066,0,248952,binary,1,10,75540100,0,0
3,roads,COL,435666,1057066,0,248952,mean_map,2,0,56886600,3499.8092796476285,4437700
3,roads,COL,435666,1057066,0,248952,mean_degree,2,1,61978600,1442.4339725494565,4437700
3,roads,COL,435666,1057066,0,248952,max_maxdegree,2,2,50443100,17173,5965100
3,roads,COL,435666,1057066,0,248952,mean_ring,2,3,46892000,3499.8092796476285,4437700
3,roads,COL,435666,1057066,0,248952,binary,2,4,74490200,0,0
3,roads,COL,435666,1057066,0,248952,caliber,2,5,56101800,0,6350700
3,roads,COL,435666,1057066,0,248952,fourary,2,6,74658400,0,0
3,roads,COL,435666,1057066,0,248952,degree4,2,7,92614700,0,23777500
3,roads,COL,435666,1057066,0,248952,radix,2,8,105856000,0,0
3,roads,COL,435666,1057066,0,248952,selected_grid,2,9,47963800,13999.237118590514,4625157300
3,roads,COL,435666,1057066,0,248952,std_binary,2,10,75015700,0,0
3,roads,COL,435666,1057066,0,248952,std_binary,3,0,74363900,0,0
3,roads,COL,435666,1057066,0,248952,selected_grid,3,1,48869700,13999.237118590514,4625157300
3,roads,COL,435666,1057066,0,248952,radix,3,2,103336300,0,0
3,roads,COL,435666,1057066,0,248952,degree4,3,3,93168400,0,23777500
3,roads,COL,435666,1057066,0,248952,fourary,3,4,77364200,0,0
3,roads,COL,435666,1057066,0,248952,caliber,3,5,58245800,0,6350700
3,roads,COL,435666,1057066,0,248952,binary,3,6,76237600,0,0
3,roads,COL,435666,1057066,0,248952,mean_ring,3,7,48620400,3499.8092796476285,4437700
3,roads,COL,435666,1057066,0,248952,max_maxdegree,3,8,51076600,17173,5965100
3,roads,COL,435666,1057066,0,248952,mean_degree,3,9,67143700,1442.4339725494565,4437700
3,roads,COL,435666,1057066,0,248952,mean_map,3,10,56333400,3499.8092796476285,4437700
3,roads,COL,435666,1057066,0,248952,binary,4,0,79730100,0,0
3,roads,COL,435666,1057066,0,248952,mean_ring,4,1,54433300,3499.8092796476285,4437700
3,roads,COL,435666,1057066,0,248952,fourary,4,2,78634600,0,0
3,roads,COL,435666,1057066,0,248952,mean_map,4,3,60526900,3499.8092796476285,4437700
3,roads,COL,435666,1057066,0,248952,degree4,4,4,99462200,0,23777500
3,roads,COL,435666,1057066,0,248952,caliber,4,5,59053700,0,6350700
3,roads,COL,435666,1057066,0,248952,radix,4,6,110361000,0,0
3,roads,COL,435666,1057066,0,248952,mean_degree,4,7,66080500,1442.4339725494565,4437700
3,roads,COL,435666,1057066,0,248952,selected_grid,4,8,52979800,13999.237118590514,4625157300
3,roads,COL,435666,1057066,0,248952,std_binary,4,9,77643800,0,0
3,roads,COL,435666,1057066,0,248952,max_maxdegree,4,10,52756300,17173,5965100
3,roads,COL,435666,1057066,0,248952,max_maxdegree,5,0,48635700,17173,5965100
3,roads,COL,435666,1057066,0,248952,std_binary,5,1,77667700,0,0
3,roads,COL,435666,1057066,0,248952,selected_grid,5,2,54920400,13999.237118590514,4625157300
3,roads,COL,435666,1057066,0,248952,mean_degree,5,3,66703400,1442.4339725494565,4437700
3,roads,COL,435666,1057066,0,248952,radix,5,4,107556700,0,0
3,roads,COL,435666,1057066,0,248952,caliber,5,5,61752300,0,6350700
3,roads,COL,435666,1057066,0,248952,degree4,5,6,92653100,0,23777500
3,roads,COL,435666,1057066,0,248952,mean_map,5,7,59568500,3499.8092796476285,4437700
3,roads,COL,435666,1057066,0,248952,fourary,5,8,80143500,0,0
3,roads,COL,435666,1057066,0,248952,mean_ring,5,9,48909700,3499.8092796476285,4437700
3,roads,COL,435666,1057066,0,248952,binary,5,10,79634900,0,0
3,roads,COL,435666,1057066,0,248952,mean_map,6,0,55265500,3499.8092796476285,4437700
3,roads,COL,435666,1057066,0,248952,fourary,6,1,77758900,0,0
3,roads,COL,435666,1057066,0,248952,mean_ring,6,2,48443900,3499.8092796476285,4437700
3,roads,COL,435666,1057066,0,248952,binary,6,3,78459700,0,0
3,roads,COL,435666,1057066,0,248952,selected_grid,6,4,49157600,13999.237118590514,4625157300
3,roads,COL,435666,1057066,0,248952,std_binary,6,5,72494900,0,0
3,roads,COL,435666,1057066,0,248952,degree4,6,6,95047100,0,23777500
3,roads,COL,435666,1057066,0,248952,max_maxdegree,6,7,54481000,17173,5965100
3,roads,COL,435666,1057066,0,248952,radix,6,8,104179100,0,0
3,roads,COL,435666,1057066,0,248952,mean_degree,6,9,63524000,1442.4339725494565,4437700
3,roads,COL,435666,1057066,0,248952,caliber,6,10,61992400,0,6350700
3,roads,COL,435666,1057066,0,248952,caliber,7,0,59596000,0,6350700
3,roads,COL,435666,1057066,0,248952,mean_degree,7,1,64014600,1442.4339725494565,4437700
3,roads,COL,435666,1057066,0,248952,radix,7,2,104540300,0,0
3,roads,COL,435666,1057066,0,248952,max_maxdegree,7,3,47521400,17173,5965100
3,roads,COL,435666,1057066,0,248952,degree4,7,4,94252100,0,23777500
3,roads,COL,435666,1057066,0,248952,std_binary,7,5,75178200,0,0
3,roads,COL,435666,1057066,0,248952,selected_grid,7,6,49012000,13999.237118590514,4625157300
3,roads,COL,435666,1057066,0,248952,binary,7,7,75473800,0,0
3,roads,COL,435666,1057066,0,248952,mean_ring,7,8,50916700,3499.8092796476285,4437700
3,roads,COL,435666,1057066,0,248952,fourary,7,9,78212700,0,0
3,roads,COL,435666,1057066,0,248952,mean_map,7,10,56977400,3499.8092796476285,4437700
3,roads,COL,435666,1057066,0,311190,selected_grid,0,0,52876600,13999.237118590514,4625157300
3,roads,COL,435666,1057066,0,311190,degree4,0,1,110306600,0,23777500
3,roads,COL,435666,1057066,0,311190,std_binary,0,2,85315400,0,0
3,roads,COL,435666,1057066,0,311190,mean_map,0,3,71758200,3499.8092796476285,4437700
3,roads,COL,435666,1057066,0,311190,mean_ring,0,4,54584300,3499.8092796476285,4437700
3,roads,COL,435666,1057066,0,311190,fourary,0,5,85952100,0,0
3,roads,COL,435666,1057066,0,311190,mean_degree,0,6,68503300,1442.4339725494565,4437700
3,roads,COL,435666,1057066,0,311190,radix,0,7,115148100,0,0
3,roads,COL,435666,1057066,0,311190,max_maxdegree,0,8,54620700,17173,5965100
3,roads,COL,435666,1057066,0,311190,caliber,0,9,62622800,0,6350700
3,roads,COL,435666,1057066,0,311190,binary,0,10,80176000,0,0
3,roads,COL,435666,1057066,0,311190,binary,1,0,83363500,0,0
3,roads,COL,435666,1057066,0,311190,caliber,1,1,61540200,0,6350700
3,roads,COL,435666,1057066,0,311190,max_maxdegree,1,2,51287200,17173,5965100
3,roads,COL,435666,1057066,0,311190,radix,1,3,108851300,0,0
3,roads,COL,435666,1057066,0,311190,mean_degree,1,4,63259800,1442.4339725494565,4437700
3,roads,COL,435666,1057066,0,311190,fourary,1,5,79914000,0,0
3,roads,COL,435666,1057066,0,311190,mean_ring,1,6,51889700,3499.8092796476285,4437700
3,roads,COL,435666,1057066,0,311190,mean_map,1,7,54264400,3499.8092796476285,4437700
3,roads,COL,435666,1057066,0,311190,std_binary,1,8,76092500,0,0
3,roads,COL,435666,1057066,0,311190,degree4,1,9,101354200,0,23777500
3,roads,COL,435666,1057066,0,311190,selected_grid,1,10,49347000,13999.237118590514,4625157300
3,roads,COL,435666,1057066,0,311190,std_binary,2,0,76418100,0,0
3,roads,COL,435666,1057066,0,311190,max_maxdegree,2,1,50070300,17173,5965100
3,roads,COL,435666,1057066,0,311190,mean_ring,2,2,49993400,3499.8092796476285,4437700
3,roads,COL,435666,1057066,0,311190,mean_degree,2,3,60596600,1442.4339725494565,4437700
3,roads,COL,435666,1057066,0,311190,binary,2,4,84615900,0,0
3,roads,COL,435666,1057066,0,311190,mean_map,2,5,56192200,3499.8092796476285,4437700
3,roads,COL,435666,1057066,0,311190,caliber,2,6,60621200,0,6350700
3,roads,COL,435666,1057066,0,311190,fourary,2,7,79862400,0,0
3,roads,COL,435666,1057066,0,311190,selected_grid,2,8,50339600,13999.237118590514,4625157300
3,roads,COL,435666,1057066,0,311190,radix,2,9,109218800,0,0
3,roads,COL,435666,1057066,0,311190,degree4,2,10,96601900,0,23777500
3,roads,COL,435666,1057066,0,311190,degree4,3,0,92543400,0,23777500
3,roads,COL,435666,1057066,0,311190,radix,3,1,106225800,0,0
3,roads,COL,435666,1057066,0,311190,selected_grid,3,2,49970500,13999.237118590514,4625157300
3,roads,COL,435666,1057066,0,311190,fourary,3,3,80191300,0,0
3,roads,COL,435666,1057066,0,311190,caliber,3,4,60843200,0,6350700
3,roads,COL,435666,1057066,0,311190,mean_map,3,5,54527700,3499.8092796476285,4437700
3,roads,COL,435666,1057066,0,311190,binary,3,6,76703200,0,0
3,roads,COL,435666,1057066,0,311190,mean_degree,3,7,60493200,1442.4339725494565,4437700
3,roads,COL,435666,1057066,0,311190,mean_ring,3,8,50329000,3499.8092796476285,4437700
3,roads,COL,435666,1057066,0,311190,max_maxdegree,3,9,51732600,17173,5965100
3,roads,COL,435666,1057066,0,311190,std_binary,3,10,78638300,0,0
3,roads,COL,435666,1057066,0,311190,caliber,4,0,59864900,0,6350700
3,roads,COL,435666,1057066,0,311190,fourary,4,1,81279200,0,0
3,roads,COL,435666,1057066,0,311190,std_binary,4,2,77677000,0,0
3,roads,COL,435666,1057066,0,311190,binary,4,3,79656000,0,0
3,roads,COL,435666,1057066,0,311190,radix,4,4,108471300,0,0
3,roads,COL,435666,1057066,0,311190,degree4,4,5,93122900,0,23777500
3,roads,COL,435666,1057066,0,311190,mean_ring,4,6,53342200,3499.8092796476285,4437700
3,roads,COL,435666,1057066,0,311190,mean_map,4,7,55712300,3499.8092796476285,4437700
3,roads,COL,435666,1057066,0,311190,mean_degree,4,8,63914800,1442.4339725494565,4437700
3,roads,COL,435666,1057066,0,311190,selected_grid,4,9,48608400,13999.237118590514,4625157300
3,roads,COL,435666,1057066,0,311190,max_maxdegree,4,10,51827500,17173,5965100
3,roads,COL,435666,1057066,0,311190,max_maxdegree,5,0,47215100,17173,5965100
3,roads,COL,435666,1057066,0,311190,selected_grid,5,1,49003100,13999.237118590514,4625157300
3,roads,COL,435666,1057066,0,311190,mean_degree,5,2,64845100,1442.4339725494565,4437700
3,roads,COL,435666,1057066,0,311190,mean_map,5,3,58322500,3499.8092796476285,4437700
3,roads,COL,435666,1057066,0,311190,mean_ring,5,4,47026500,3499.8092796476285,4437700
3,roads,COL,435666,1057066,0,311190,degree4,5,5,94162000,0,23777500
3,roads,COL,435666,1057066,0,311190,radix,5,6,110174500,0,0
3,roads,COL,435666,1057066,0,311190,binary,5,7,77019000,0,0
3,roads,COL,435666,1057066,0,311190,std_binary,5,8,80158400,0,0
3,roads,COL,435666,1057066,0,311190,fourary,5,9,78068400,0,0
3,roads,COL,435666,1057066,0,311190,caliber,5,10,60013700,0,6350700
3,roads,COL,435666,1057066,0,311190,max_maxdegree,6,0,49133800,17173,5965100
3,roads,COL,435666,1057066,0,311190,selected_grid,6,1,49582700,13999.237118590514,4625157300
3,roads,COL,435666,1057066,0,311190,fourary,6,2,77560400,0,0
3,roads,COL,435666,1057066,0,311190,std_binary,6,3,75515600,0,0
3,roads,COL,435666,1057066,0,311190,mean_degree,6,4,61443700,1442.4339725494565,4437700
3,roads,COL,435666,1057066,0,311190,mean_ring,6,5,48818600,3499.8092796476285,4437700
3,roads,COL,435666,1057066,0,311190,binary,6,6,80639200,0,0
3,roads,COL,435666,1057066,0,311190,mean_map,6,7,56417100,3499.8092796476285,4437700
3,roads,COL,435666,1057066,0,311190,degree4,6,8,95729800,0,23777500
3,roads,COL,435666,1057066,0,311190,caliber,6,9,60143400,0,6350700
3,roads,COL,435666,1057066,0,311190,radix,6,10,105975800,0,0
3,roads,COL,435666,1057066,0,311190,radix,7,0,103280900,0,0
3,roads,COL,435666,1057066,0,311190,caliber,7,1,60402800,0,6350700
3,roads,COL,435666,1057066,0,311190,degree4,7,2,94289800,0,23777500
3,roads,COL,435666,1057066,0,311190,mean_map,7,3,51622100,3499.8092796476285,4437700
3,roads,COL,435666,1057066,0,311190,binary,7,4,82630800,0,0
3,roads,COL,435666,1057066,0,311190,mean_ring,7,5,48863100,3499.8092796476285,4437700
3,roads,COL,435666,1057066,0,311190,mean_degree,7,6,60122500,1442.4339725494565,4437700
3,roads,COL,435666,1057066,0,311190,std_binary,7,7,75796200,0,0
3,roads,COL,435666,1057066,0,311190,fourary,7,8,77250600,0,0
3,roads,COL,435666,1057066,0,311190,selected_grid,7,9,48518600,13999.237118590514,4625157300
3,roads,COL,435666,1057066,0,311190,max_maxdegree,7,10,47812100,17173,5965100
3,roads,COL,435666,1057066,0,373428,mean_map,0,0,59384200,3499.8092796476285,4437700
3,roads,COL,435666,1057066,0,373428,max_maxdegree,0,1,52245900,17173,5965100
3,roads,COL,435666,1057066,0,373428,radix,0,2,110122900,0,0
3,roads,COL,435666,1057066,0,373428,binary,0,3,82150100,0,0
3,roads,COL,435666,1057066,0,373428,caliber,0,4,61553100,0,6350700
3,roads,COL,435666,1057066,0,373428,mean_ring,0,5,49609000,3499.8092796476285,4437700
3,roads,COL,435666,1057066,0,373428,fourary,0,6,86987200,0,0
3,roads,COL,435666,1057066,0,373428,degree4,0,7,105330900,0,23777500
3,roads,COL,435666,1057066,0,373428,mean_degree,0,8,67624000,1442.4339725494565,4437700
3,roads,COL,435666,1057066,0,373428,std_binary,0,9,85823200,0,0
3,roads,COL,435666,1057066,0,373428,selected_grid,0,10,54917000,13999.237118590514,4625157300
3,roads,COL,435666,1057066,0,373428,selected_grid,1,0,53960600,13999.237118590514,4625157300
3,roads,COL,435666,1057066,0,373428,std_binary,1,1,86717800,0,0
3,roads,COL,435666,1057066,0,373428,mean_degree,1,2,69603900,1442.4339725494565,4437700
3,roads,COL,435666,1057066,0,373428,degree4,1,3,101425000,0,23777500
3,roads,COL,435666,1057066,0,373428,fourary,1,4,81140300,0,0
3,roads,COL,435666,1057066,0,373428,mean_ring,1,5,49213100,3499.8092796476285,4437700
3,roads,COL,435666,1057066,0,373428,caliber,1,6,60751400,0,6350700
3,roads,COL,435666,1057066,0,373428,binary,1,7,82563500,0,0
3,roads,COL,435666,1057066,0,373428,radix,1,8,112562200,0,0
3,roads,COL,435666,1057066,0,373428,max_maxdegree,1,9,51539300,17173,5965100
3,roads,COL,435666,1057066,0,373428,mean_map,1,10,59537700,3499.8092796476285,4437700
3,roads,COL,435666,1057066,0,373428,std_binary,2,0,79672600,0,0
3,roads,COL,435666,1057066,0,373428,caliber,2,1,65625800,0,6350700
3,roads,COL,435666,1057066,0,373428,fourary,2,2,81342100,0,0
3,roads,COL,435666,1057066,0,373428,mean_degree,2,3,62839600,1442.4339725494565,4437700
3,roads,COL,435666,1057066,0,373428,binary,2,4,78049000,0,0
3,roads,COL,435666,1057066,0,373428,max_maxdegree,2,5,51892700,17173,5965100
3,roads,COL,435666,1057066,0,373428,mean_ring,2,6,49672800,3499.8092796476285,4437700
3,roads,COL,435666,1057066,0,373428,selected_grid,2,7,50610400,13999.237118590514,4625157300
3,roads,COL,435666,1057066,0,373428,degree4,2,8,105560000,0,23777500
3,roads,COL,435666,1057066,0,373428,radix,2,9,115288500,0,0
3,roads,COL,435666,1057066,0,373428,mean_map,2,10,61135300,3499.8092796476285,4437700
3,roads,COL,435666,1057066,0,373428,mean_map,3,0,61238900,3499.8092796476285,4437700
3,roads,COL,435666,1057066,0,373428,radix,3,1,114645000,0,0
3,roads,COL,435666,1057066,0,373428,degree4,3,2,102242500,0,23777500
3,roads,COL,435666,1057066,0,373428,selected_grid,3,3,51342100,13999.237118590514,4625157300
3,roads,COL,435666,1057066,0,373428,mean_ring,3,4,52688600,3499.8092796476285,4437700
3,roads,COL,435666,1057066,0,373428,max_maxdegree,3,5,50985400,17173,5965100
3,roads,COL,435666,1057066,0,373428,binary,3,6,83113900,0,0
3,roads,COL,435666,1057066,0,373428,mean_degree,3,7,63142600,1442.4339725494565,4437700
3,roads,COL,435666,1057066,0,373428,fourary,3,8,81445300,0,0
3,roads,COL,435666,1057066,0,373428,caliber,3,9,60690600,0,6350700
3,roads,COL,435666,1057066,0,373428,std_binary,3,10,80007000,0,0
3,roads,COL,435666,1057066,0,373428,fourary,4,0,80343000,0,0
3,roads,COL,435666,1057066,0,373428,caliber,4,1,60311900,0,6350700
3,roads,COL,435666,1057066,0,373428,binary,4,2,81474500,0,0
3,roads,COL,435666,1057066,0,373428,std_binary,4,3,80265300,0,0
3,roads,COL,435666,1057066,0,373428,selected_grid,4,4,51379100,13999.237118590514,4625157300
3,roads,COL,435666,1057066,0,373428,max_maxdegree,4,5,51635300,17173,5965100
3,roads,COL,435666,1057066,0,373428,radix,4,6,112859500,0,0
3,roads,COL,435666,1057066,0,373428,degree4,4,7,97507900,0,23777500
3,roads,COL,435666,1057066,0,373428,mean_ring,4,8,51114800,3499.8092796476285,4437700
3,roads,COL,435666,1057066,0,373428,mean_degree,4,9,64338900,1442.4339725494565,4437700
3,roads,COL,435666,1057066,0,373428,mean_map,4,10,57336400,3499.8092796476285,4437700
3,roads,COL,435666,1057066,0,373428,mean_map,5,0,55985800,3499.8092796476285,4437700
3,roads,COL,435666,1057066,0,373428,mean_degree,5,1,65039200,1442.4339725494565,4437700
3,roads,COL,435666,1057066,0,373428,mean_ring,5,2,50274500,3499.8092796476285,4437700
3,roads,COL,435666,1057066,0,373428,degree4,5,3,98196300,0,23777500
3,roads,COL,435666,1057066,0,373428,radix,5,4,112699400,0,0
3,roads,COL,435666,1057066,0,373428,max_maxdegree,5,5,50074400,17173,5965100
3,roads,COL,435666,1057066,0,373428,selected_grid,5,6,49739400,13999.237118590514,4625157300
3,roads,COL,435666,1057066,0,373428,std_binary,5,7,78987900,0,0
3,roads,COL,435666,1057066,0,373428,binary,5,8,77009500,0,0
3,roads,COL,435666,1057066,0,373428,caliber,5,9,57736500,0,6350700
3,roads,COL,435666,1057066,0,373428,fourary,5,10,80696100,0,0
3,roads,COL,435666,1057066,0,373428,selected_grid,6,0,49722700,13999.237118590514,4625157300
3,roads,COL,435666,1057066,0,373428,mean_ring,6,1,48849500,3499.8092796476285,4437700
3,roads,COL,435666,1057066,0,373428,fourary,6,2,76949700,0,0
3,roads,COL,435666,1057066,0,373428,radix,6,3,107896000,0,0
3,roads,COL,435666,1057066,0,373428,max_maxdegree,6,4,48313000,17173,5965100
3,roads,COL,435666,1057066,0,373428,std_binary,6,5,76712100,0,0
3,roads,COL,435666,1057066,0,373428,mean_map,6,6,60335100,3499.8092796476285,4437700
3,roads,COL,435666,1057066,0,373428,degree4,6,7,94308800,0,23777500
3,roads,COL,435666,1057066,0,373428,binary,6,8,81490900,0,0
3,roads,COL,435666,1057066,0,373428,caliber,6,9,63273600,0,6350700
3,roads,COL,435666,1057066,0,373428,mean_degree,6,10,63774700,1442.4339725494565,4437700
3,roads,COL,435666,1057066,0,373428,mean_degree,7,0,64222300,1442.4339725494565,4437700
3,roads,COL,435666,1057066,0,373428,caliber,7,1,62930600,0,6350700
3,roads,COL,435666,1057066,0,373428,binary,7,2,84992100,0,0
3,roads,COL,435666,1057066,0,373428,degree4,7,3,96555200,0,23777500
3,roads,COL,435666,1057066,0,373428,mean_map,7,4,57457500,3499.8092796476285,4437700
3,roads,COL,435666,1057066,0,373428,std_binary,7,5,80470600,0,0
3,roads,COL,435666,1057066,0,373428,max_maxdegree,7,6,51264600,17173,5965100
3,roads,COL,435666,1057066,0,373428,radix,7,7,109950600,0,0
3,roads,COL,435666,1057066,0,373428,fourary,7,8,76816500,0,0
3,roads,COL,435666,1057066,0,373428,mean_ring,7,9,50882100,3499.8092796476285,4437700
3,roads,COL,435666,1057066,0,373428,selected_grid,7,10,50293000,13999.237118590514,4625157300
