[counts.csv] rows ref=984 new=984 header_equal=True row_for_row_mismatches=38 bytes_identical=False EXACT_MATCH=False
[cases.csv] rows ref=48 new=48 non-timing mismatches=0 DETERMINISTIC_MATCH=True
[samples.csv structure] rows ref=11328 new=11328 tuple_set_equal=True order_equal=True width_mismatches=336
[ratios] query-arms=888 sign_flips=59 median|rel|=0.0276 max|rel|=0.2940 within10%=826 within25%=886 over50%=0 std_binary abs-ns new/ref median=0.853
arm                 n   geo_ref   geo_new   rel_diff  flips  med|rel|
binary              96    0.9861    0.9862   +0.0001     11   0.0238
caliber             96    1.0937    1.0926   -0.0011      9   0.0205
degree4             96    0.9170    0.9182   +0.0013     12   0.0222
fourary             96    0.9177    0.9624   +0.0487      9   0.0373
max_maxdegree       96    1.4338    1.4417   +0.0055      6   0.0309
mean_degree         96    1.3233    1.3408   +0.0132      2   0.0287
mean_map            96    1.4314    1.4499   +0.0129      4   0.0312
mean_ring           96    1.4922    1.4919   -0.0002      3   0.0321
radix               24    1.7225    1.7660   +0.0252      0   0.0240
selected_grid       96    1.5889    1.6040   +0.0095      3   0.0254

case src arm                 rnds  ref_ns_ref  ref_ns_new  arm_ns_ref  arm_ns_new  ratio_ref  ratio_new  rel_diff  flip
   1  667 binary              8/8       400550      279950      407400      307400     0.9832     0.9107   -0.0737  
   1  667 caliber             8/8       400550      279950      357350      257500     1.1209     1.0872   -0.0301  
   1  667 degree4             8/8       400550      279950      449300      330700     0.8915     0.8465   -0.0504  
   1  667 fourary             8/8       400550      279950      440300      293350     0.9097     0.9543   +0.0490  
   1  667 max_maxdegree       8/8       400550      279950      284800      208600     1.4064     1.3420   -0.0458  
   1  667 mean_degree         8/8       400550      279950      291550      209650     1.3739     1.3353   -0.0281  
   1  667 mean_map            8/8       400550      279950      251900      176850     1.5901     1.5830   -0.0045  
   1  667 mean_ring           8/8       400550      279950      227950      166400     1.7572     1.6824   -0.0426  
   1  667 selected_grid       8/8       400550      279950      226200      168050     1.7708     1.6659   -0.0592  
   1 1333 binary              8/8       400200      291650      415500      301900     0.9632     0.9660   +0.0030  
   1 1333 caliber             8/8       400200      291650      366600      258600     1.0917     1.1278   +0.0331  
   1 1333 degree4             8/8       400200      291650      463450      331900     0.8635     0.8787   +0.0176  
   1 1333 fourary             8/8       400200      291650      414650      306500     0.9652     0.9515   -0.0141  
   1 1333 max_maxdegree       8/8       400200      291650      295850      215000     1.3527     1.3565   +0.0028  
   1 1333 mean_degree         8/8       400200      291650      300550      218200     1.3316     1.3366   +0.0038  
   1 1333 mean_map            8/8       400200      291650      251750      192300     1.5897     1.5166   -0.0459  
   1 1333 mean_ring           8/8       400200      291650      228500      169700     1.7514     1.7186   -0.0187  
   1 1333 selected_grid       8/8       400200      291650      227150      162650     1.7618     1.7931   +0.0178  
   2  667 binary              8/8       289000      211250      302350      215250     0.9558     0.9814   +0.0268  
   2  667 caliber             8/8       289000      211250      304700      222350     0.9485     0.9501   +0.0017  
   2  667 degree4             8/8       289000      211250      352850      273500     0.8190     0.7724   -0.0570  
   2  667 fourary             8/8       289000      211250      298400      219900     0.9685     0.9607   -0.0081  
   2  667 max_maxdegree       8/8       289000      211250      168250      126500     1.7177     1.6700   -0.0278  
   2  667 mean_degree         8/8       289000      211250      173850      120200     1.6624     1.7575   +0.0572  
   2  667 mean_map            8/8       289000      211250      229950      162800     1.2568     1.2976   +0.0325  
   2  667 mean_ring           8/8       289000      211250      211600      158700     1.3658     1.3311   -0.0254  
   2  667 selected_grid       8/8       289000      211250      166950      115650     1.7311     1.8266   +0.0552  
   2 1333 binary              8/8       294250      209500      306450      220700     0.9602     0.9493   -0.0114  
   2 1333 caliber             8/8       294250      209500      305000      223300     0.9648     0.9382   -0.0275  
   2 1333 degree4             8/8       294250      209500      344800      250150     0.8534     0.8375   -0.0186  
   2 1333 fourary             8/8       294250      209500      312400      215750     0.9419     0.9710   +0.0309  
   2 1333 max_maxdegree       8/8       294250      209500      167050      119000     1.7614     1.7605   -0.0005  
   2 1333 mean_degree         8/8       294250      209500      166150      127300     1.7710     1.6457   -0.0707  
   2 1333 mean_map            8/8       294250      209500      237900      157250     1.2369     1.3323   +0.0771  
   2 1333 mean_ring           8/8       294250      209500      236750      155300     1.2429     1.3490   +0.0854  
   2 1333 selected_grid       8/8       294250      209500      160150      116600     1.8373     1.7967   -0.0221  
   3  667 binary              8/8       412900      302500      421050      309150     0.9806     0.9785   -0.0022  
   3  667 caliber             8/8       412900      302500      384800      285400     1.0730     1.0599   -0.0122  
   3  667 degree4             8/8       412900      302500      478200      347050     0.8634     0.8716   +0.0095  
   3  667 fourary             8/8       412900      302500      481200      306200     0.8581     0.9879   +0.1513  
   3  667 max_maxdegree       8/8       412900      302500      250400      186250     1.6490     1.6242   -0.0150  
   3  667 mean_degree         8/8       412900      302500      305050      204550     1.3535     1.4789   +0.0926  
   3  667 mean_map            8/8       412900      302500      247900      184300     1.6656     1.6413   -0.0146  
   3  667 mean_ring           8/8       412900      302500      250050      182450     1.6513     1.6580   +0.0041  
   3  667 selected_grid       8/8       412900      302500      239950      179450     1.7208     1.6857   -0.0204  
   3 1333 binary              8/8       410650      320750      415100      318600     0.9893     1.0067   +0.0177  FLIP
   3 1333 caliber             8/8       410650      320750      384150      293000     1.0690     1.0947   +0.0241  
   3 1333 degree4             8/8       410650      320750      463700      356000     0.8856     0.9010   +0.0174  
   3 1333 fourary             8/8       410650      320750      433850      319400     0.9465     1.0042   +0.0610  FLIP
   3 1333 max_maxdegree       8/8       410650      320750      229150      177500     1.7921     1.8070   +0.0084  
   3 1333 mean_degree         8/8       410650      320750      285700      216800     1.4373     1.4795   +0.0293  
   3 1333 mean_map            8/8       410650      320750      237050      178300     1.7323     1.7989   +0.0384  
   3 1333 mean_ring           8/8       410650      320750      227400      173750     1.8058     1.8460   +0.0223  
   3 1333 selected_grid       8/8       410650      320750      231750      175750     1.7720     1.8250   +0.0300  
   4  667 binary              8/8       329700      251800      393550      293900     0.8378     0.8568   +0.0227  
   4  667 caliber             8/8       329700      251800      318450      236850     1.0353     1.0631   +0.0268  
   4  667 degree4             8/8       329700      251800      427400      331300     0.7714     0.7600   -0.0147  
   4  667 fourary             8/8       329700      251800      496500      314750     0.6640     0.8000   +0.2047  
   4  667 max_maxdegree       8/8       329700      251800      175150      127050     1.8824     1.9819   +0.0529  
   4  667 mean_degree         8/8       329700      251800      176100      135900     1.8722     1.8528   -0.0104  
   4  667 mean_map            8/8       329700      251800      172300      135300     1.9135     1.8610   -0.0274  
   4  667 mean_ring           8/8       329700      251800      186650      134850     1.7664     1.8673   +0.0571  
   4  667 radix               8/8       329700      251800      140700      109800     2.3433     2.2933   -0.0213  
   4  667 selected_grid       8/8       329700      251800      174050      125500     1.8943     2.0064   +0.0592  
   4 1333 binary              8/8       327500      252250      392050      305050     0.8354     0.8269   -0.0101  
   4 1333 caliber             8/8       327500      252250      326400      250700     1.0034     1.0062   +0.0028  
   4 1333 degree4             8/8       327500      252250      438300      339050     0.7472     0.7440   -0.0043  
   4 1333 fourary             8/8       327500      252250      486250      351050     0.6735     0.7186   +0.0669  
   4 1333 max_maxdegree       8/8       327500      252250      169500      130350     1.9322     1.9352   +0.0016  
   4 1333 mean_degree         8/8       327500      252250      184350      142150     1.7765     1.7745   -0.0011  
   4 1333 mean_map            8/8       327500      252250      168850      132250     1.9396     1.9074   -0.0166  
   4 1333 mean_ring           8/8       327500      252250      169350      138800     1.9339     1.8174   -0.0602  
   4 1333 radix               8/8       327500      252250      142950      111200     2.2910     2.2684   -0.0099  
   4 1333 selected_grid       8/8       327500      252250      168550      131250     1.9430     1.9219   -0.0109  
   5  667 binary              8/8       554700      406650      559600      435050     0.9912     0.9347   -0.0570  
   5  667 caliber             8/8       554700      406650      383550      305400     1.4462     1.3315   -0.0793  
   5  667 degree4             8/8       554700      406650      649300      479750     0.8543     0.8476   -0.0078  
   5  667 fourary             8/8       554700      406650      574800      426200     0.9650     0.9541   -0.0113  
   5  667 max_maxdegree       8/8       554700      406650      363400      294500     1.5264     1.3808   -0.0954  
   5  667 mean_degree         8/8       554700      406650      340250      301800     1.6303     1.3474   -0.1735  
   5  667 mean_map            8/8       554700      406650      567100      446500     0.9781     0.9108   -0.0689  
   5  667 mean_ring           8/8       554700      406650      526150      504300     1.0543     0.8064   -0.2351  FLIP
   5  667 selected_grid       8/8       554700      406650      321300      265000     1.7264     1.5345   -0.1112  
   5 1333 binary              8/8       515050      436150      545050      450250     0.9450     0.9687   +0.0251  
   5 1333 caliber             8/8       515050      436150      393500      331500     1.3089     1.3157   +0.0052  
   5 1333 degree4             8/8       515050      436150      602900      525750     0.8543     0.8296   -0.0289  
   5 1333 fourary             8/8       515050      436150      565200      469850     0.9113     0.9283   +0.0187  
   5 1333 max_maxdegree       8/8       515050      436150      350500      294350     1.4695     1.4817   +0.0083  
   5 1333 mean_degree         8/8       515050      436150      345200      322850     1.4920     1.3509   -0.0946  
   5 1333 mean_map            8/8       515050      436150      378450      328750     1.3609     1.3267   -0.0252  
   5 1333 mean_ring           8/8       515050      436150      369700      305250     1.3932     1.4288   +0.0256  
   5 1333 selected_grid       8/8       515050      436150      327450      276550     1.5729     1.5771   +0.0027  
   6  667 binary              8/8       430250      454650      454050      477100     0.9476     0.9529   +0.0057  
   6  667 caliber             8/8       430250      454650      403500      424550     1.0663     1.0709   +0.0043  
   6  667 degree4             8/8       430250      454650      508050      535700     0.8469     0.8487   +0.0022  
   6  667 fourary             8/8       430250      454650      528950      494250     0.8134     0.9199   +0.1309  
   6  667 max_maxdegree       8/8       430250      454650      276450      282200     1.5563     1.6111   +0.0352  
   6  667 mean_degree         8/8       430250      454650      279000      288800     1.5421     1.5743   +0.0209  
   6  667 mean_map            8/8       430250      454650      238550      249650     1.8036     1.8211   +0.0097  
   6  667 mean_ring           8/8       430250      454650      237900      235000     1.8085     1.9347   +0.0698  
   6  667 radix               8/8       430250      454650      255850      264100     1.6816     1.7215   +0.0237  
   6  667 selected_grid       8/8       430250      454650      212750      220450     2.0223     2.0624   +0.0198  
   6 1333 binary              8/8       452100      433850      470800      445200     0.9603     0.9745   +0.0148  
   6 1333 caliber             8/8       452100      433850      386550      383300     1.1696     1.1319   -0.0322  
   6 1333 degree4             8/8       452100      433850      513300      494650     0.8808     0.8771   -0.0042  
   6 1333 fourary             8/8       452100      433850      640750      503150     0.7056     0.8623   +0.2221  
   6 1333 max_maxdegree       8/8       452100      433850      281250      281250     1.6075     1.5426   -0.0404  
   6 1333 mean_degree         8/8       452100      433850      287700      280300     1.5714     1.5478   -0.0150  
   6 1333 mean_map            8/8       452100      433850      235050      238500     1.9234     1.8191   -0.0542  
   6 1333 mean_ring           8/8       452100      433850      219750      218600     2.0573     1.9847   -0.0353  
   6 1333 radix               8/8       452100      433850      254900      252750     1.7736     1.7165   -0.0322  
   6 1333 selected_grid       8/8       452100      433850      227900      216000     1.9838     2.0086   +0.0125  
   7  667 binary              8/8       387700      353750      394700      359200     0.9823     0.9848   +0.0026  
   7  667 caliber             8/8       387700      353750      335000      318550     1.1573     1.1105   -0.0404  
   7  667 degree4             8/8       387700      353750      436050      406650     0.8891     0.8699   -0.0216  
   7  667 fourary             8/8       387700      353750      403750      369250     0.9602     0.9580   -0.0023  
   7  667 max_maxdegree       8/8       387700      353750      280800      269000     1.3807     1.3151   -0.0475  
   7  667 mean_degree         8/8       387700      353750      278300      263150     1.3931     1.3443   -0.0350  
   7  667 mean_map            8/8       387700      353750      278850      233200     1.3904     1.5169   +0.0910  
   7  667 mean_ring           8/8       387700      353750      225450      208350     1.7197     1.6979   -0.0127  
   7  667 selected_grid       8/8       387700      353750      220950      209100     1.7547     1.6918   -0.0359  
   7 1333 binary              8/8       384300      353300      408300      377550     0.9412     0.9358   -0.0058  
   7 1333 caliber             8/8       384300      353300      346950      314750     1.1077     1.1225   +0.0134  
   7 1333 degree4             8/8       384300      353300      441900      408400     0.8697     0.8651   -0.0053  
   7 1333 fourary             8/8       384300      353300      421700      373400     0.9113     0.9462   +0.0383  
   7 1333 max_maxdegree       8/8       384300      353300      274300      264000     1.4010     1.3383   -0.0448  
   7 1333 mean_degree         8/8       384300      353300      282150      270350     1.3620     1.3068   -0.0405  
   7 1333 mean_map            8/8       384300      353300      238100      234250     1.6140     1.5082   -0.0656  
   7 1333 mean_ring           8/8       384300      353300      227450      210750     1.6896     1.6764   -0.0078  
   7 1333 selected_grid       8/8       384300      353300      214350      201250     1.7929     1.7555   -0.0208  
   8  667 binary              8/8       386500      354950      390600      382500     0.9895     0.9280   -0.0622  
   8  667 caliber             8/8       386500      354950      341600      321200     1.1314     1.1051   -0.0233  
   8  667 degree4             8/8       386500      354950      449100      402950     0.8606     0.8809   +0.0236  
   8  667 fourary             8/8       386500      354950      391850      362150     0.9863     0.9801   -0.0063  
   8  667 max_maxdegree       8/8       386500      354950      277050      259700     1.3951     1.3668   -0.0203  
   8  667 mean_degree         8/8       386500      354950      280700      258750     1.3769     1.3718   -0.0037  
   8  667 mean_map            8/8       386500      354950      237250      229800     1.6291     1.5446   -0.0519  
   8  667 mean_ring           8/8       386500      354950      227500      213450     1.6989     1.6629   -0.0212  
   8  667 selected_grid       8/8       386500      354950      225300      203950     1.7155     1.7404   +0.0145  
   8 1333 binary              8/8       416550      376250      407150      378350     1.0231     0.9944   -0.0280  FLIP
   8 1333 caliber             8/8       416550      376250      353900      320950     1.1770     1.1723   -0.0040  
   8 1333 degree4             8/8       416550      376250      455350      417300     0.9148     0.9016   -0.0144  
   8 1333 fourary             8/8       416550      376250      426450      373800     0.9768     1.0066   +0.0305  FLIP
   8 1333 max_maxdegree       8/8       416550      376250      290100      261050     1.4359     1.4413   +0.0038  
   8 1333 mean_degree         8/8       416550      376250      288600      317400     1.4433     1.1854   -0.1787  
   8 1333 mean_map            8/8       416550      376250      252500      229050     1.6497     1.6427   -0.0043  
   8 1333 mean_ring           8/8       416550      376250      226300      238600     1.8407     1.5769   -0.1433  
   8 1333 selected_grid       8/8       416550      376250      223050      201400     1.8675     1.8682   +0.0004  
   9  667 binary              8/8       859500      711000      798900      652250     1.0759     1.0901   +0.0132  
   9  667 caliber             8/8       859500      711000      785050      658900     1.0948     1.0791   -0.0144  
   9  667 degree4             8/8       859500      711000      834100      668700     1.0305     1.0633   +0.0318  
   9  667 fourary             8/8       859500      711000      816750      654200     1.0523     1.0868   +0.0328  
   9  667 max_maxdegree       8/8       859500      711000      622350      522200     1.3811     1.3615   -0.0141  
   9  667 mean_degree         8/8       859500      711000      818350      695700     1.0503     1.0220   -0.0269  
   9  667 mean_map            8/8       859500      711000      540250      476650     1.5909     1.4917   -0.0624  
   9  667 mean_ring           8/8       859500      711000      523450      449650     1.6420     1.5812   -0.0370  
   9  667 selected_grid       8/8       859500      711000      523200      447100     1.6428     1.5902   -0.0320  
   9 1333 binary              8/8       811450      690650      763000      675050     1.0635     1.0231   -0.0380  
   9 1333 caliber             8/8       811450      690650      767850      647700     1.0568     1.0663   +0.0090  
   9 1333 degree4             8/8       811450      690650      804200      681600     1.0090     1.0133   +0.0042  
   9 1333 fourary             8/8       811450      690650      874550      728950     0.9278     0.9475   +0.0211  
   9 1333 max_maxdegree       8/8       811450      690650      589300      521050     1.3770     1.3255   -0.0374  
   9 1333 mean_degree         8/8       811450      690650      788750      676450     1.0288     1.0210   -0.0076  
   9 1333 mean_map            8/8       811450      690650      527250      474750     1.5390     1.4548   -0.0547  
   9 1333 mean_ring           8/8       811450      690650      518700      441850     1.5644     1.5631   -0.0008  
   9 1333 selected_grid       8/8       811450      690650      532400      454750     1.5241     1.5187   -0.0035  
  10  667 binary              8/8       445900      371550      413750      342300     1.0777     1.0855   +0.0072  
  10  667 caliber             8/8       445900      371550      464850      394200     0.9592     0.9425   -0.0174  
  10  667 degree4             8/8       445900      371550      458900      363100     0.9717     1.0233   +0.0531  FLIP
  10  667 fourary             8/8       445900      371550      408050      342350     1.0928     1.0853   -0.0068  
  10  667 max_maxdegree       8/8       445900      371550      369000      321400     1.2084     1.1560   -0.0433  
  10  667 mean_degree         8/8       445900      371550      372750      331050     1.1962     1.1223   -0.0618  
  10  667 mean_map            8/8       445900      371550      427950      381200     1.0419     0.9747   -0.0646  FLIP
  10  667 mean_ring           8/8       445900      371550      420050      376800     1.0615     0.9861   -0.0711  FLIP
  10  667 selected_grid       8/8       445900      371550      361500      322900     1.2335     1.1507   -0.0671  
  10 1333 binary              8/8       442150      394400      418950      371650     1.0554     1.0612   +0.0055  
  10 1333 caliber             8/8       442150      394400      461350      410350     0.9584     0.9611   +0.0029  
  10 1333 degree4             8/8       442150      394400      420950      390100     1.0504     1.0110   -0.0375  
  10 1333 fourary             8/8       442150      394400      420450      370350     1.0516     1.0649   +0.0127  
  10 1333 max_maxdegree       8/8       442150      394400      369450      357000     1.1968     1.1048   -0.0769  
  10 1333 mean_degree         8/8       442150      394400      371500      373550     1.1902     1.0558   -0.1129  
  10 1333 mean_map            8/8       442150      394400      420600      392150     1.0512     1.0057   -0.0433  
  10 1333 mean_ring           8/8       442150      394400      411900      383900     1.0734     1.0274   -0.0429  
  10 1333 selected_grid       8/8       442150      394400      371400      347000     1.1905     1.1366   -0.0453  
  11  667 binary              8/8       588900      541900      565800      505250     1.0408     1.0725   +0.0305  
  11  667 caliber             8/8       588900      541900      600700      551100     0.9804     0.9833   +0.0030  
  11  667 degree4             8/8       588900      541900      581100      521250     1.0134     1.0396   +0.0258  
  11  667 fourary             8/8       588900      541900      559500      497700     1.0525     1.0888   +0.0345  
  11  667 max_maxdegree       8/8       588900      541900      447100      416800     1.3172     1.3001   -0.0129  
  11  667 mean_degree         8/8       588900      541900      540300      494350     1.0900     1.0962   +0.0057  
  11  667 mean_map            8/8       588900      541900      455600      406950     1.2926     1.3316   +0.0302  
  11  667 mean_ring           8/8       588900      541900      453200      418200     1.2994     1.2958   -0.0028  
  11  667 selected_grid       8/8       588900      541900      439050      412600     1.3413     1.3134   -0.0208  
  11 1333 binary              8/8       584750      513350      548200      507000     1.0667     1.0125   -0.0508  
  11 1333 caliber             8/8       584750      513350      598200      533400     0.9775     0.9624   -0.0155  
  11 1333 degree4             8/8       584750      513350      565050      501750     1.0349     1.0231   -0.0113  
  11 1333 fourary             8/8       584750      513350      550100      482200     1.0630     1.0646   +0.0015  
  11 1333 max_maxdegree       8/8       584750      513350      468950      419600     1.2469     1.2234   -0.0189  
  11 1333 mean_degree         8/8       584750      513350      547050      481950     1.0689     1.0652   -0.0035  
  11 1333 mean_map            8/8       584750      513350      471250      415300     1.2408     1.2361   -0.0038  
  11 1333 mean_ring           8/8       584750      513350      482250      432250     1.2125     1.1876   -0.0206  
  11 1333 selected_grid       8/8       584750      513350      453400      403350     1.2897     1.2727   -0.0132  
  12  667 binary              8/8       368900      372850      388300      371900     0.9500     1.0026   +0.0553  FLIP
  12  667 caliber             8/8       368900      372850      384500      391400     0.9594     0.9526   -0.0071  
  12  667 degree4             8/8       368900      372850      405600      402000     0.9095     0.9275   +0.0198  
  12  667 fourary             8/8       368900      372850      456000      419550     0.8090     0.8887   +0.0985  
  12  667 max_maxdegree       8/8       368900      372850      364500      393850     1.0121     0.9467   -0.0646  FLIP
  12  667 mean_degree         8/8       368900      372850      352450      359450     1.0467     1.0373   -0.0090  
  12  667 mean_map            8/8       368900      372850      377050      364850     0.9784     1.0219   +0.0445  FLIP
  12  667 mean_ring           8/8       368900      372850      386000      384650     0.9557     0.9693   +0.0143  
  12  667 radix               8/8       368900      372850      288450      286800     1.2789     1.3000   +0.0165  
  12  667 selected_grid       8/8       368900      372850      365700      385650     1.0088     0.9668   -0.0416  FLIP
  12 1333 binary              8/8       372000      371000      384200      382850     0.9682     0.9690   +0.0008  
  12 1333 caliber             8/8       372000      371000      381200      376650     0.9759     0.9850   +0.0094  
  12 1333 degree4             8/8       372000      371000      392600      378650     0.9475     0.9798   +0.0341  
  12 1333 fourary             8/8       372000      371000      429950      421400     0.8652     0.8804   +0.0175  
  12 1333 max_maxdegree       8/8       372000      371000      382450      370000     0.9727     1.0027   +0.0309  FLIP
  12 1333 mean_degree         8/8       372000      371000      363800      353900     1.0225     1.0483   +0.0252  
  12 1333 mean_map            8/8       372000      371000      366200      367700     1.0158     1.0090   -0.0068  
  12 1333 mean_ring           8/8       372000      371000      366000      364600     1.0164     1.0176   +0.0011  
  12 1333 radix               8/8       372000      371000      290150      277650     1.2821     1.3362   +0.0422  
  12 1333 selected_grid       8/8       372000      371000      379100      353250     0.9813     1.0502   +0.0703  FLIP
  13  667 binary              8/8       800650      759100      800650      767500     1.0000     0.9891   -0.0109  
  13  667 caliber             8/8       800650      759100      504250      459300     1.5878     1.6527   +0.0409  
  13  667 degree4             8/8       800650      759100      854700      766700     0.9368     0.9901   +0.0569  
  13  667 fourary             8/8       800650      759100      878500      776100     0.9114     0.9781   +0.0732  
  13  667 max_maxdegree       8/8       800650      759100      416950      385200     1.9203     1.9707   +0.0263  
  13  667 mean_degree         8/8       800650      759100      441600      363150     1.8131     2.0903   +0.1529  
  13  667 mean_map            8/8       800650      759100      529500      492750     1.5121     1.5405   +0.0188  
  13  667 mean_ring           8/8       800650      759100      533500      504000     1.5007     1.5062   +0.0036  
  13  667 selected_grid       8/8       800650      759100      393250      382100     2.0360     1.9867   -0.0242  
  13 1333 binary              8/8       801200      744000      857650      787050     0.9342     0.9453   +0.0119  
  13 1333 caliber             8/8       801200      744000      509700      481300     1.5719     1.5458   -0.0166  
  13 1333 degree4             8/8       801200      744000      844450      778800     0.9488     0.9553   +0.0069  
  13 1333 fourary             8/8       801200      744000      923500      780200     0.8676     0.9536   +0.0992  
  13 1333 max_maxdegree       8/8       801200      744000      412600      373900     1.9418     1.9898   +0.0247  
  13 1333 mean_degree         8/8       801200      744000      414100      392550     1.9348     1.8953   -0.0204  
  13 1333 mean_map            8/8       801200      744000      554300      509450     1.4454     1.4604   +0.0104  
  13 1333 mean_ring           8/8       801200      744000      571250      582600     1.4025     1.2770   -0.0895  
  13 1333 selected_grid       8/8       801200      744000      410650      382650     1.9511     1.9443   -0.0034  
  14  667 binary              8/8       993500      879500     1012250      882550     0.9815     0.9965   +0.0154  
  14  667 caliber             8/8       993500      879500      969450      835150     1.0248     1.0531   +0.0276  
  14  667 degree4             8/8       993500      879500     1040100      923950     0.9552     0.9519   -0.0035  
  14  667 fourary             8/8       993500      879500     1214250     1030650     0.8182     0.8533   +0.0430  
  14  667 max_maxdegree       8/8       993500      879500      699450      680000     1.4204     1.2934   -0.0894  
  14  667 mean_degree         8/8       993500      879500      733750      670300     1.3540     1.3121   -0.0309  
  14  667 mean_map            8/8       993500      879500      597650      541950     1.6623     1.6228   -0.0238  
  14  667 mean_ring           8/8       993500      879500      601000      554400     1.6531     1.5864   -0.0403  
  14  667 radix               8/8       993500      879500      541150      471950     1.8359     1.8635   +0.0151  
  14  667 selected_grid       8/8       993500      879500      574100      526150     1.7305     1.6716   -0.0341  
  14 1333 binary              8/8      1004150      953100     1077950     1004650     0.9315     0.9487   +0.0184  
  14 1333 caliber             8/8      1004150      953100     1012700      933800     0.9916     1.0207   +0.0294  FLIP
  14 1333 degree4             8/8      1004150      953100     1090100     1036000     0.9212     0.9200   -0.0013  
  14 1333 fourary             8/8      1004150      953100     1295900     1097250     0.7749     0.8686   +0.1210  
  14 1333 max_maxdegree       8/8      1004150      953100      705000      680150     1.4243     1.4013   -0.0162  
  14 1333 mean_degree         8/8      1004150      953100      744400      708550     1.3489     1.3451   -0.0028  
  14 1333 mean_map            8/8      1004150      953100      579200      559000     1.7337     1.7050   -0.0165  
  14 1333 mean_ring           8/8      1004150      953100      567650      540800     1.7690     1.7624   -0.0037  
  14 1333 radix               8/8      1004150      953100      534000      544850     1.8804     1.7493   -0.0697  
  14 1333 selected_grid       8/8      1004150      953100      546550      515350     1.8373     1.8494   +0.0066  
  15  667 binary              8/8       750300      688900      708450      655700     1.0591     1.0506   -0.0080  
  15  667 caliber             8/8       750300      688900      694850      633250     1.0798     1.0879   +0.0075  
  15  667 degree4             8/8       750300      688900      734850      677950     1.0210     1.0162   -0.0048  
  15  667 fourary             8/8       750300      688900      721950      643500     1.0393     1.0706   +0.0301  
  15  667 max_maxdegree       8/8       750300      688900      524800      481050     1.4297     1.4321   +0.0017  
  15  667 mean_degree         8/8       750300      688900      631250      592550     1.1886     1.1626   -0.0219  
  15  667 mean_map            8/8       750300      688900      505250      463800     1.4850     1.4853   +0.0002  
  15  667 mean_ring           8/8       750300      688900      502650      470700     1.4927     1.4636   -0.0195  
  15  667 selected_grid       8/8       750300      688900      511900      461200     1.4657     1.4937   +0.0191  
  15 1333 binary              8/8       748700      687200      723150      656150     1.0353     1.0473   +0.0116  
  15 1333 caliber             8/8       748700      687200      724950      646200     1.0328     1.0634   +0.0297  
  15 1333 degree4             8/8       748700      687200      739850      705800     1.0120     0.9736   -0.0379  FLIP
  15 1333 fourary             8/8       748700      687200      757550      658150     0.9883     1.0441   +0.0565  FLIP
  15 1333 max_maxdegree       8/8       748700      687200      539300      491000     1.3883     1.3996   +0.0081  
  15 1333 mean_degree         8/8       748700      687200      657100      601200     1.1394     1.1430   +0.0032  
  15 1333 mean_map            8/8       748700      687200      508950      483750     1.4711     1.4206   -0.0343  
  15 1333 mean_ring           8/8       748700      687200      490550      464350     1.5262     1.4799   -0.0304  
  15 1333 selected_grid       8/8       748700      687200      491150      457000     1.5244     1.5037   -0.0136  
  16  667 binary              8/8       879050      757350      799400      709900     1.0996     1.0668   -0.0298  
  16  667 caliber             8/8       879050      757350      762250      733500     1.1532     1.0325   -0.1047  
  16  667 degree4             8/8       879050      757350      820150      732700     1.0718     1.0336   -0.0356  
  16  667 fourary             8/8       879050      757350      820650      709750     1.0712     1.0671   -0.0038  
  16  667 max_maxdegree       8/8       879050      757350      699550      571000     1.2566     1.3264   +0.0555  
  16  667 mean_degree         8/8       879050      757350      843800      755250     1.0418     1.0028   -0.0374  
  16  667 mean_map            8/8       879050      757350      545400      494950     1.6118     1.5302   -0.0506  
  16  667 mean_ring           8/8       879050      757350      518700      471800     1.6947     1.6052   -0.0528  
  16  667 selected_grid       8/8       879050      757350      530100      468600     1.6583     1.6162   -0.0254  
  16 1333 binary              8/8       938850      718850      829500      677450     1.1318     1.0611   -0.0625  
  16 1333 caliber             8/8       938850      718850      876900      662650     1.0706     1.0848   +0.0132  
  16 1333 degree4             8/8       938850      718850      835700      691050     1.1234     1.0402   -0.0741  
  16 1333 fourary             8/8       938850      718850      826800      698200     1.1355     1.0296   -0.0933  
  16 1333 max_maxdegree       8/8       938850      718850      608800      544600     1.5421     1.3200   -0.1441  
  16 1333 mean_degree         8/8       938850      718850      828900      704950     1.1326     1.0197   -0.0997  
  16 1333 mean_map            8/8       938850      718850      585850      478000     1.6025     1.5039   -0.0616  
  16 1333 mean_ring           8/8       938850      718850      552500      454350     1.6993     1.5822   -0.0689  
  16 1333 selected_grid       8/8       938850      718850      566100      458000     1.6585     1.5695   -0.0536  
  17  667 binary              8/8       404800      351050      412200      363850     0.9820     0.9648   -0.0175  
  17  667 caliber             8/8       404800      351050      365350      323950     1.1080     1.0837   -0.0220  
  17  667 degree4             8/8       404800      351050      455600      404350     0.8885     0.8682   -0.0229  
  17  667 fourary             8/8       404800      351050      420400      352000     0.9629     0.9973   +0.0357  
  17  667 max_maxdegree       8/8       404800      351050      317950      259050     1.2732     1.3551   +0.0644  
  17  667 mean_degree         8/8       404800      351050      313450      256000     1.2914     1.3713   +0.0618  
  17  667 mean_map            8/8       404800      351050      258250      220200     1.5675     1.5942   +0.0171  
  17  667 mean_ring           8/8       404800      351050      243250      201650     1.6641     1.7409   +0.0461  
  17  667 selected_grid       8/8       404800      351050      248700      207650     1.6277     1.6906   +0.0387  
  17 1333 binary              8/8       405700      363050      431800      373000     0.9396     0.9733   +0.0359  
  17 1333 caliber             8/8       405700      363050      365100      325150     1.1112     1.1166   +0.0048  
  17 1333 degree4             8/8       405700      363050      479700      413050     0.8457     0.8789   +0.0393  
  17 1333 fourary             8/8       405700      363050      427900      368050     0.9481     0.9864   +0.0404  
  17 1333 max_maxdegree       8/8       405700      363050      314450      258600     1.2902     1.4039   +0.0881  
  17 1333 mean_degree         8/8       405700      363050      312300      265550     1.2991     1.3672   +0.0524  
  17 1333 mean_map            8/8       405700      363050      262550      221250     1.5452     1.6409   +0.0619  
  17 1333 mean_ring           8/8       405700      363050      244350      213550     1.6603     1.7001   +0.0239  
  17 1333 selected_grid       8/8       405700      363050      237100      207950     1.7111     1.7459   +0.0203  
  18  667 binary              8/8       285800      261050      311200      270800     0.9184     0.9640   +0.0497  
  18  667 caliber             8/8       285800      261050      303700      268600     0.9411     0.9719   +0.0328  
  18  667 degree4             8/8       285800      261050      344700      302950     0.8291     0.8617   +0.0393  
  18  667 fourary             8/8       285800      261050      300650      267350     0.9506     0.9764   +0.0272  
  18  667 max_maxdegree       8/8       285800      261050      177800      144250     1.6074     1.8097   +0.1258  
  18  667 mean_degree         8/8       285800      261050      182400      146300     1.5669     1.7843   +0.1388  
  18  667 mean_map            8/8       285800      261050      231500      204450     1.2346     1.2768   +0.0342  
  18  667 mean_ring           8/8       285800      261050      218650      191350     1.3071     1.3643   +0.0437  
  18  667 selected_grid       8/8       285800      261050      162200      139750     1.7620     1.8680   +0.0601  
  18 1333 binary              8/8       286050      253100      292450      266900     0.9781     0.9483   -0.0305  
  18 1333 caliber             8/8       286050      253100      304300      275200     0.9400     0.9197   -0.0216  
  18 1333 degree4             8/8       286050      253100      338900      307700     0.8441     0.8226   -0.0255  
  18 1333 fourary             8/8       286050      253100      296100      269100     0.9661     0.9405   -0.0264  
  18 1333 max_maxdegree       8/8       286050      253100      178450      146150     1.6030     1.7318   +0.0804  
  18 1333 mean_degree         8/8       286050      253100      190350      142450     1.5028     1.7768   +0.1823  
  18 1333 mean_map            8/8       286050      253100      226050      216250     1.2654     1.1704   -0.0751  
  18 1333 mean_ring           8/8       286050      253100      218000      184750     1.3122     1.3700   +0.0441  
  18 1333 selected_grid       8/8       286050      253100      166750      142600     1.7154     1.7749   +0.0347  
  19  667 binary              8/8       413050      367000      409850      356900     1.0078     1.0283   +0.0203  
  19  667 caliber             8/8       413050      367000      380050      335650     1.0868     1.0934   +0.0060  
  19  667 degree4             8/8       413050      367000      456500      409900     0.9048     0.8953   -0.0105  
  19  667 fourary             8/8       413050      367000      414450      389300     0.9966     0.9427   -0.0541  
  19  667 max_maxdegree       8/8       413050      367000      240200      208750     1.7196     1.7581   +0.0224  
  19  667 mean_degree         8/8       413050      367000      283000      231900     1.4595     1.5826   +0.0843  
  19  667 mean_map            8/8       413050      367000      245000      204200     1.6859     1.7973   +0.0660  
  19  667 mean_ring           8/8       413050      367000      233000      203950     1.7727     1.7995   +0.0151  
  19  667 selected_grid       8/8       413050      367000      280450      238850     1.4728     1.5365   +0.0433  
  19 1333 binary              8/8       413850      353050      408750      361350     1.0125     0.9770   -0.0350  FLIP
  19 1333 caliber             8/8       413850      353050      374150      332600     1.1061     1.0615   -0.0403  
  19 1333 degree4             8/8       413850      353050      461250      407750     0.8972     0.8658   -0.0350  
  19 1333 fourary             8/8       413850      353050      439000      364850     0.9427     0.9677   +0.0265  
  19 1333 max_maxdegree       8/8       413850      353050      254250      221150     1.6277     1.5964   -0.0192  
  19 1333 mean_degree         8/8       413850      353050      279550      240650     1.4804     1.4671   -0.0090  
  19 1333 mean_map            8/8       413850      353050      258500      219450     1.6010     1.6088   +0.0049  
  19 1333 mean_ring           8/8       413850      353050      244300      220200     1.6940     1.6033   -0.0535  
  19 1333 selected_grid       8/8       413850      353050      271750      231400     1.5229     1.5257   +0.0018  
  20  667 binary              8/8       332400      278700      397700      341000     0.8358     0.8173   -0.0221  
  20  667 caliber             8/8       332400      278700      326950      281400     1.0167     0.9904   -0.0258  FLIP
  20  667 degree4             8/8       332400      278700      441700      382650     0.7525     0.7283   -0.0322  
  20  667 fourary             8/8       332400      278700      453400      359250     0.7331     0.7758   +0.0582  
  20  667 max_maxdegree       8/8       332400      278700      178750      152250     1.8596     1.8305   -0.0156  
  20  667 mean_degree         8/8       332400      278700      191450      152250     1.7362     1.8305   +0.0543  
  20  667 mean_map            8/8       332400      278700      184450      141000     1.8021     1.9766   +0.0968  
  20  667 mean_ring           8/8       332400      278700      191450      151600     1.7362     1.8384   +0.0588  
  20  667 radix               8/8       332400      278700      149050      122100     2.2301     2.2826   +0.0235  
  20  667 selected_grid       8/8       332400      278700      173500      153550     1.9159     1.8150   -0.0526  
  20 1333 binary              8/8       320100      272850      391850      332000     0.8169     0.8218   +0.0061  
  20 1333 caliber             8/8       320100      272850      337000      282300     0.9499     0.9665   +0.0176  
  20 1333 degree4             8/8       320100      272850      436800      377150     0.7328     0.7235   -0.0128  
  20 1333 fourary             8/8       320100      272850      463300      374800     0.6909     0.7280   +0.0537  
  20 1333 max_maxdegree       8/8       320100      272850      174900      144600     1.8302     1.8869   +0.0310  
  20 1333 mean_degree         8/8       320100      272850      185250      159150     1.7279     1.7144   -0.0078  
  20 1333 mean_map            8/8       320100      272850      182050      144600     1.7583     1.8869   +0.0732  
  20 1333 mean_ring           8/8       320100      272850      188750      148650     1.6959     1.8355   +0.0823  
  20 1333 radix               8/8       320100      272850      151500      119350     2.1129     2.2861   +0.0820  
  20 1333 selected_grid       8/8       320100      272850      175650      150450     1.8224     1.8136   -0.0048  
  21  667 binary              8/8       513050      462100      530350      502050     0.9674     0.9204   -0.0485  
  21  667 caliber             8/8       513050      462100      369150      342850     1.3898     1.3478   -0.0302  
  21  667 degree4             8/8       513050      462100      619850      562200     0.8277     0.8219   -0.0069  
  21  667 fourary             8/8       513050      462100      536700      471850     0.9559     0.9793   +0.0245  
  21  667 max_maxdegree       8/8       513050      462100      347150      307300     1.4779     1.5037   +0.0175  
  21  667 mean_degree         8/8       513050      462100      368400      317750     1.3926     1.4543   +0.0443  
  21  667 mean_map            8/8       513050      462100      424300      327050     1.2092     1.4129   +0.1685  
  21  667 mean_ring           8/8       513050      462100      359100      294300     1.4287     1.5702   +0.0990  
  21  667 selected_grid       8/8       513050      462100      347100      336800     1.4781     1.3720   -0.0718  
  21 1333 binary              8/8       508450      462300      550850      479950     0.9230     0.9632   +0.0435  
  21 1333 caliber             8/8       508450      462300      382100      353900     1.3307     1.3063   -0.0183  
  21 1333 degree4             8/8       508450      462300      613250      557200     0.8291     0.8297   +0.0007  
  21 1333 fourary             8/8       508450      462300      567050      474850     0.8967     0.9736   +0.0858  
  21 1333 max_maxdegree       8/8       508450      462300      394350      309200     1.2893     1.4951   +0.1596  
  21 1333 mean_degree         8/8       508450      462300      401250      316050     1.2672     1.4627   +0.1543  
  21 1333 mean_map            8/8       508450      462300      479700      408000     1.0599     1.1331   +0.0690  
  21 1333 mean_ring           8/8       508450      462300      478100      401900     1.0635     1.1503   +0.0816  
  21 1333 selected_grid       8/8       508450      462300      440300      324650     1.1548     1.4240   +0.2331  
  22  667 binary              8/8       457200      409300      483900      420500     0.9448     0.9734   +0.0302  
  22  667 caliber             8/8       457200      409300      398700      356750     1.1467     1.1473   +0.0005  
  22  667 degree4             8/8       457200      409300      514700      456050     0.8883     0.8975   +0.0104  
  22  667 fourary             8/8       457200      409300      563600      505400     0.8112     0.8099   -0.0017  
  22  667 max_maxdegree       8/8       457200      409300      307850      258700     1.4851     1.5821   +0.0653  
  22  667 mean_degree         8/8       457200      409300      314850      275950     1.4521     1.4832   +0.0214  
  22  667 mean_map            8/8       457200      409300      264950      222950     1.7256     1.8358   +0.0639  
  22  667 mean_ring           8/8       457200      409300      253650      212050     1.8025     1.9302   +0.0709  
  22  667 radix               8/8       457200      409300      314950      240350     1.4517     1.7029   +0.1731  
  22  667 selected_grid       8/8       457200      409300      241350      208250     1.8943     1.9654   +0.0375  
  22 1333 binary              8/8       442000      390000      525300      426200     0.8414     0.9151   +0.0875  
  22 1333 caliber             8/8       442000      390000      426150      388450     1.0372     1.0040   -0.0320  
  22 1333 degree4             8/8       442000      390000      539050      470350     0.8200     0.8292   +0.0112  
  22 1333 fourary             8/8       442000      390000      638750      477300     0.6920     0.8171   +0.1808  
  22 1333 max_maxdegree       8/8       442000      390000      328750      260950     1.3445     1.4945   +0.1116  
  22 1333 mean_degree         8/8       442000      390000      318000      307950     1.3899     1.2664   -0.0889  
  22 1333 mean_map            8/8       442000      390000      271050      228200     1.6307     1.7090   +0.0480  
  22 1333 mean_ring           8/8       442000      390000      244700      202100     1.8063     1.9297   +0.0683  
  22 1333 radix               8/8       442000      390000      334950      235550     1.3196     1.6557   +0.2547  
  22 1333 selected_grid       8/8       442000      390000      248800      215000     1.7765     1.8140   +0.0211  
  23  667 binary              8/8       406950      330400      454650      351500     0.8951     0.9400   +0.0501  
  23  667 caliber             8/8       406950      330400      372400      298350     1.0928     1.1074   +0.0134  
  23  667 degree4             8/8       406950      330400      528100      375750     0.7706     0.8793   +0.1411  
  23  667 fourary             8/8       406950      330400      440950      332500     0.9229     0.9937   +0.0767  
  23  667 max_maxdegree       8/8       406950      330400      305700      237700     1.3312     1.3900   +0.0442  
  23  667 mean_degree         8/8       406950      330400      362650      248250     1.1222     1.3309   +0.1860  
  23  667 mean_map            8/8       406950      330400      258700      207350     1.5731     1.5934   +0.0130  
  23  667 mean_ring           8/8       406950      330400      248100      195200     1.6403     1.6926   +0.0319  
  23  667 selected_grid       8/8       406950      330400      256600      188900     1.5859     1.7491   +0.1029  
  23 1333 binary              8/8       405500      360300      412400      385550     0.9833     0.9345   -0.0496  
  23 1333 caliber             8/8       405500      360300      366150      327400     1.1075     1.1005   -0.0063  
  23 1333 degree4             8/8       405500      360300      456650      427200     0.8880     0.8434   -0.0502  
  23 1333 fourary             8/8       405500      360300      429000      363150     0.9452     0.9922   +0.0497  
  23 1333 max_maxdegree       8/8       405500      360300      304200      263800     1.3330     1.3658   +0.0246  
  23 1333 mean_degree         8/8       405500      360300      316300      265150     1.2820     1.3589   +0.0599  
  23 1333 mean_map            8/8       405500      360300      263350      224750     1.5398     1.6031   +0.0411  
  23 1333 mean_ring           8/8       405500      360300      238200      212550     1.7024     1.6951   -0.0042  
  23 1333 selected_grid       8/8       405500      360300      252250      214500     1.6075     1.6797   +0.0449  
  24  667 binary              8/8       395400      364950      411250      382850     0.9615     0.9532   -0.0085  
  24  667 caliber             8/8       395400      364950      356350      329200     1.1096     1.1086   -0.0009  
  24  667 degree4             8/8       395400      364950      460600      419100     0.8584     0.8708   +0.0144  
  24  667 fourary             8/8       395400      364950      414800      378250     0.9532     0.9648   +0.0122  
  24  667 max_maxdegree       8/8       395400      364950      302550      270350     1.3069     1.3499   +0.0329  
  24  667 mean_degree         8/8       395400      364950      307250      269500     1.2869     1.3542   +0.0523  
  24  667 mean_map            8/8       395400      364950      258400      226100     1.5302     1.6141   +0.0548  
  24  667 mean_ring           8/8       395400      364950      248250      211050     1.5927     1.7292   +0.0857  
  24  667 selected_grid       8/8       395400      364950      238200      212100     1.6599     1.7207   +0.0366  
  24 1333 binary              8/8       391650      362600      402850      388750     0.9722     0.9327   -0.0406  
  24 1333 caliber             8/8       391650      362600      354350      331450     1.1053     1.0940   -0.0102  
  24 1333 degree4             8/8       391650      362600      447850      420750     0.8745     0.8618   -0.0145  
  24 1333 fourary             8/8       391650      362600      410000      379100     0.9552     0.9565   +0.0013  
  24 1333 max_maxdegree       8/8       391650      362600      299500      264400     1.3077     1.3714   +0.0487  
  24 1333 mean_degree         8/8       391650      362600      295900      265100     1.3236     1.3678   +0.0334  
  24 1333 mean_map            8/8       391650      362600      316500      226450     1.2374     1.6012   +0.2940  
  24 1333 mean_ring           8/8       391650      362600      245500      204600     1.5953     1.7722   +0.1109  
  24 1333 selected_grid       8/8       391650      362600      225350      203300     1.7380     1.7836   +0.0262  
  25  667 binary              8/8       836500      751700      777100      723350     1.0764     1.0392   -0.0346  
  25  667 caliber             8/8       836500      751700      756650      692850     1.1055     1.0849   -0.0186  
  25  667 degree4             8/8       836500      751700      812100      762900     1.0300     0.9853   -0.0434  FLIP
  25  667 fourary             8/8       836500      751700      831550      721800     1.0060     1.0414   +0.0353  
  25  667 max_maxdegree       8/8       836500      751700      612200      555200     1.3664     1.3539   -0.0091  
  25  667 mean_degree         8/8       836500      751700      801750      739200     1.0433     1.0169   -0.0253  
  25  667 mean_map            8/8       836500      751700      554750      501050     1.5079     1.5002   -0.0051  
  25  667 mean_ring           8/8       836500      751700      506300      485950     1.6522     1.5469   -0.0637  
  25  667 selected_grid       8/8       836500      751700      511200      496800     1.6363     1.5131   -0.0753  
  25 1333 binary              8/8       851750      779350      761350      728700     1.1187     1.0695   -0.0440  
  25 1333 caliber             8/8       851750      779350      743000      708450     1.1464     1.1001   -0.0404  
  25 1333 degree4             8/8       851750      779350      821700      758550     1.0366     1.0274   -0.0088  
  25 1333 fourary             8/8       851750      779350      834050      756800     1.0212     1.0298   +0.0084  
  25 1333 max_maxdegree       8/8       851750      779350      642500      590100     1.3257     1.3207   -0.0038  
  25 1333 mean_degree         8/8       851750      779350      817600      765650     1.0418     1.0179   -0.0229  
  25 1333 mean_map            8/8       851750      779350      569050      511650     1.4968     1.5232   +0.0176  
  25 1333 mean_ring           8/8       851750      779350      520400      482300     1.6367     1.6159   -0.0127  
  25 1333 selected_grid       8/8       851750      779350      522100      488300     1.6314     1.5960   -0.0217  
  26  667 binary              8/8       474450      405850      430050      387600     1.1032     1.0471   -0.0509  
  26  667 caliber             8/8       474450      405850      472400      434400     1.0043     0.9343   -0.0698  FLIP
  26  667 degree4             8/8       474450      405850      487900      389400     0.9724     1.0422   +0.0718  FLIP
  26  667 fourary             8/8       474450      405850      431450      376850     1.0997     1.0770   -0.0207  
  26  667 max_maxdegree       8/8       474450      405850      382800      341800     1.2394     1.1874   -0.0420  
  26  667 mean_degree         8/8       474450      405850      430450      337250     1.1022     1.2034   +0.0918  
  26  667 mean_map            8/8       474450      405850      446700      385700     1.0621     1.0522   -0.0093  
  26  667 mean_ring           8/8       474450      405850      445850      377100     1.0641     1.0762   +0.0114  
  26  667 selected_grid       8/8       474450      405850      453700      337650     1.0457     1.2020   +0.1494  
  26 1333 binary              8/8       450300      418850      428300      387200     1.0514     1.0817   +0.0289  
  26 1333 caliber             8/8       450300      418850      494350      421900     0.9109     0.9928   +0.0899  
  26 1333 degree4             8/8       450300      418850      437850      391200     1.0284     1.0707   +0.0411  
  26 1333 fourary             8/8       450300      418850      458400      380050     0.9823     1.1021   +0.1219  FLIP
  26 1333 max_maxdegree       8/8       450300      418850      387400      345100     1.1624     1.2137   +0.0442  
  26 1333 mean_degree         8/8       450300      418850      377250      348400     1.1936     1.2022   +0.0072  
  26 1333 mean_map            8/8       450300      418850      442350      400000     1.0180     1.0471   +0.0286  
  26 1333 mean_ring           8/8       450300      418850      435950      381550     1.0329     1.0978   +0.0628  
  26 1333 selected_grid       8/8       450300      418850      388750      340050     1.1583     1.2317   +0.0634  
  27  667 binary              8/8       594050      527850      557350      519350     1.0658     1.0164   -0.0464  
  27  667 caliber             8/8       594050      527850      609850      553250     0.9741     0.9541   -0.0205  
  27  667 degree4             8/8       594050      527850      568650      519550     1.0447     1.0160   -0.0275  
  27  667 fourary             8/8       594050      527850      561850      501700     1.0573     1.0521   -0.0049  
  27  667 max_maxdegree       8/8       594050      527850      489050      423500     1.2147     1.2464   +0.0261  
  27  667 mean_degree         8/8       594050      527850      588150      513300     1.0100     1.0283   +0.0181  
  27  667 mean_map            8/8       594050      527850      491450      432100     1.2088     1.2216   +0.0106  
  27  667 mean_ring           8/8       594050      527850      471150      434500     1.2609     1.2148   -0.0365  
  27  667 selected_grid       8/8       594050      527850      459900      405300     1.2917     1.3024   +0.0083  
  27 1333 binary              8/8       633400      546150      602200      510450     1.0518     1.0699   +0.0172  
  27 1333 caliber             8/8       633400      546150      645700      581800     0.9810     0.9387   -0.0430  
  27 1333 degree4             8/8       633400      546150      664500      529300     0.9532     1.0318   +0.0825  FLIP
  27 1333 fourary             8/8       633400      546150      587650      511450     1.0779     1.0678   -0.0093  
  27 1333 max_maxdegree       8/8       633400      546150      508500      423900     1.2456     1.2884   +0.0343  
  27 1333 mean_degree         8/8       633400      546150      631650      506000     1.0028     1.0793   +0.0764  
  27 1333 mean_map            8/8       633400      546150      500050      429250     1.2667     1.2723   +0.0045  
  27 1333 mean_ring           8/8       633400      546150      488650      451800     1.2962     1.2088   -0.0674  
  27 1333 selected_grid       8/8       633400      546150      495750      415450     1.2777     1.3146   +0.0289  
  28  667 binary              8/8       520300      363200      479750      374750     1.0845     0.9692   -0.1064  FLIP
  28  667 caliber             8/8       520300      363200      497050      371050     1.0468     0.9788   -0.0649  FLIP
  28  667 degree4             8/8       520300      363200      598300      379850     0.8696     0.9562   +0.0995  
  28  667 fourary             8/8       520300      363200      597750      396750     0.8704     0.9154   +0.0517  
  28  667 max_maxdegree       8/8       520300      363200      514500      375400     1.0113     0.9675   -0.0433  FLIP
  28  667 mean_degree         8/8       520300      363200      488450      356800     1.0652     1.0179   -0.0444  
  28  667 mean_map            8/8       520300      363200      518000      352450     1.0044     1.0305   +0.0259  
  28  667 mean_ring           8/8       520300      363200      463900      362550     1.1216     1.0018   -0.1068  
  28  667 radix               8/8       520300      363200      390050      276750     1.3339     1.3124   -0.0162  
  28  667 selected_grid       8/8       520300      363200      435750      353950     1.1940     1.0261   -0.1406  
  28 1333 binary              8/8       485750      361750      500500      368250     0.9705     0.9823   +0.0122  
  28 1333 caliber             8/8       485750      361750      503750      369850     0.9643     0.9781   +0.0143  
  28 1333 degree4             8/8       485750      361750      478550      377700     1.0150     0.9578   -0.0564  FLIP
  28 1333 fourary             8/8       485750      361750      573850      404050     0.8465     0.8953   +0.0577  
  28 1333 max_maxdegree       8/8       485750      361750      471500      369900     1.0302     0.9780   -0.0507  FLIP
  28 1333 mean_degree         8/8       485750      361750      471300      340300     1.0307     1.0630   +0.0314  
  28 1333 mean_map            8/8       485750      361750      473700      362000     1.0254     0.9993   -0.0255  FLIP
  28 1333 mean_ring           8/8       485750      361750      466700      362700     1.0408     0.9974   -0.0417  FLIP
  28 1333 radix               8/8       485750      361750      391000      277100     1.2423     1.3055   +0.0508  
  28 1333 selected_grid       8/8       485750      361750      431800      357200     1.1249     1.0127   -0.0997  
  29  667 binary              8/8       915950      738500     1018750      724600     0.8991     1.0192   +0.1336  FLIP
  29  667 caliber             8/8       915950      738500      588550      469600     1.5563     1.5726   +0.0105  
  29  667 degree4             8/8       915950      738500     1031650      748650     0.8878     0.9864   +0.1110  
  29  667 fourary             8/8       915950      738500     1012600      835000     0.9046     0.8844   -0.0222  
  29  667 max_maxdegree       8/8       915950      738500      464550      378600     1.9717     1.9506   -0.0107  
  29  667 mean_degree         8/8       915950      738500      484450      367050     1.8907     2.0120   +0.0641  
  29  667 mean_map            8/8       915950      738500      608350      477650     1.5056     1.5461   +0.0269  
  29  667 mean_ring           8/8       915950      738500      644550      486650     1.4211     1.5175   +0.0679  
  29  667 selected_grid       8/8       915950      738500      497850      371050     1.8398     1.9903   +0.0818  
  29 1333 binary              8/8       895750      724400      960050      761950     0.9330     0.9507   +0.0190  
  29 1333 caliber             8/8       895750      724400      596750      458200     1.5010     1.5810   +0.0532  
  29 1333 degree4             8/8       895750      724400      929100      745300     0.9641     0.9720   +0.0081  
  29 1333 fourary             8/8       895750      724400     1043300      751850     0.8586     0.9635   +0.1222  
  29 1333 max_maxdegree       8/8       895750      724400      475400      395600     1.8842     1.8311   -0.0282  
  29 1333 mean_degree         8/8       895750      724400      464250      380200     1.9295     1.9053   -0.0125  
  29 1333 mean_map            8/8       895750      724400      620450      490900     1.4437     1.4757   +0.0221  
  29 1333 mean_ring           8/8       895750      724400      613100      485150     1.4610     1.4931   +0.0220  
  29 1333 selected_grid       8/8       895750      724400      485600      363700     1.8446     1.9918   +0.0798  
  30  667 binary              8/8      1207050      949250     1201000      931250     1.0050     1.0193   +0.0142  
  30  667 caliber             8/8      1207050      949250     1080750      857650     1.1169     1.1068   -0.0090  
  30  667 degree4             8/8      1207050      949250     1231900      940850     0.9798     1.0089   +0.0297  FLIP
  30  667 fourary             8/8      1207050      949250     1411300      995650     0.8553     0.9534   +0.1147  
  30  667 max_maxdegree       8/8      1207050      949250      899450      641300     1.3420     1.4802   +0.1030  
  30  667 mean_degree         8/8      1207050      949250      866650      635500     1.3928     1.4937   +0.0725  
  30  667 mean_map            8/8      1207050      949250      756100      546650     1.5964     1.7365   +0.0877  
  30  667 mean_ring           8/8      1207050      949250      677600      519600     1.7814     1.8269   +0.0256  
  30  667 radix               8/8      1207050      949250      577100      480600     2.0916     1.9751   -0.0557  
  30  667 selected_grid       8/8      1207050      949250      644450      505250     1.8730     1.8788   +0.0031  
  30 1333 binary              8/8      1087450      908900     1115050      909300     0.9752     0.9996   +0.0249  
  30 1333 caliber             8/8      1087450      908900     1042750      841650     1.0429     1.0799   +0.0355  
  30 1333 degree4             8/8      1087450      908900     1130650      991800     0.9618     0.9164   -0.0472  
  30 1333 fourary             8/8      1087450      908900     1453150     1030400     0.7483     0.8821   +0.1787  
  30 1333 max_maxdegree       8/8      1087450      908900      801100      651850     1.3574     1.3943   +0.0272  
  30 1333 mean_degree         8/8      1087450      908900      800850      660550     1.3579     1.3760   +0.0133  
  30 1333 mean_map            8/8      1087450      908900      654250      525350     1.6621     1.7301   +0.0409  
  30 1333 mean_ring           8/8      1087450      908900      606350      524200     1.7934     1.7339   -0.0332  
  30 1333 radix               8/8      1087450      908900      568100      463550     1.9142     1.9607   +0.0243  
  30 1333 selected_grid       8/8      1087450      908900      719750      494650     1.5109     1.8375   +0.2162  
  31  667 binary              8/8       842750      686750      773050      657500     1.0902     1.0445   -0.0419  
  31  667 caliber             8/8       842750      686750      742800      734100     1.1346     0.9355   -0.1755  FLIP
  31  667 degree4             8/8       842750      686750      815900      666200     1.0329     1.0308   -0.0020  
  31  667 fourary             8/8       842750      686750      834250      639050     1.0102     1.0746   +0.0638  
  31  667 max_maxdegree       8/8       842750      686750      587800      490200     1.4337     1.4010   -0.0229  
  31  667 mean_degree         8/8       842750      686750      709400      594500     1.1880     1.1552   -0.0276  
  31  667 mean_map            8/8       842750      686750      595150      489550     1.4160     1.4028   -0.0093  
  31  667 mean_ring           8/8       842750      686750      551650      462250     1.5277     1.4857   -0.0275  
  31  667 selected_grid       8/8       842750      686750      558850      471000     1.5080     1.4581   -0.0331  
  31 1333 binary              8/8       814200      668400      783700      659900     1.0389     1.0129   -0.0251  
  31 1333 caliber             8/8       814200      668400      745850      613400     1.0916     1.0897   -0.0018  
  31 1333 degree4             8/8       814200      668400      806950      672250     1.0090     0.9943   -0.0146  FLIP
  31 1333 fourary             8/8       814200      668400      779300      629800     1.0448     1.0613   +0.0158  
  31 1333 max_maxdegree       8/8       814200      668400      578350      494050     1.4078     1.3529   -0.0390  
  31 1333 mean_degree         8/8       814200      668400      701450      554600     1.1607     1.2052   +0.0383  
  31 1333 mean_map            8/8       814200      668400      555650      467850     1.4653     1.4287   -0.0250  
  31 1333 mean_ring           8/8       814200      668400      573750      467950     1.4191     1.4284   +0.0065  
  31 1333 selected_grid       8/8       814200      668400      549700      441300     1.4812     1.5146   +0.0226  
  32  667 binary              8/8       872050      766550      816000      725900     1.0687     1.0560   -0.0119  
  32  667 caliber             8/8       872050      766550      796700      701750     1.0946     1.0923   -0.0020  
  32  667 degree4             8/8       872050      766550      856800      742250     1.0178     1.0327   +0.0147  
  32  667 fourary             8/8       872050      766550      879300      714950     0.9918     1.0722   +0.0811  FLIP
  32  667 max_maxdegree       8/8       872050      766550      626900      554850     1.3911     1.3815   -0.0068  
  32  667 mean_degree         8/8       872050      766550      842250      741050     1.0354     1.0344   -0.0009  
  32  667 mean_map            8/8       872050      766550      568500      503100     1.5339     1.5237   -0.0067  
  32  667 mean_ring           8/8       872050      766550      540200      476550     1.6143     1.6085   -0.0036  
  32  667 selected_grid       8/8       872050      766550      533650      481350     1.6341     1.5925   -0.0255  
  32 1333 binary              8/8       957250      762900      939050      698750     1.0194     1.0918   +0.0710  
  32 1333 caliber             8/8       957250      762900     1009500      704000     0.9482     1.0837   +0.1428  FLIP
  32 1333 degree4             8/8       957250      762900     1002200      730050     0.9551     1.0450   +0.0941  FLIP
  32 1333 fourary             8/8       957250      762900      947550      716850     1.0102     1.0642   +0.0535  
  32 1333 max_maxdegree       8/8       957250      762900      680250      565900     1.4072     1.3481   -0.0420  
  32 1333 mean_degree         8/8       957250      762900      968450      753250     0.9884     1.0128   +0.0247  FLIP
  32 1333 mean_map            8/8       957250      762900      675150      523250     1.4178     1.4580   +0.0283  
  32 1333 mean_ring           8/8       957250      762900      634900      498300     1.5077     1.5310   +0.0154  
  32 1333 selected_grid       8/8       957250      762900      585200      482650     1.6358     1.5806   -0.0337  
  33  667 binary              8/8       431050      355850      443950      360700     0.9709     0.9866   +0.0161  
  33  667 caliber             8/8       431050      355850      391000      312300     1.1024     1.1394   +0.0336  
  33  667 degree4             8/8       431050      355850      523600      418900     0.8232     0.8495   +0.0319  
  33  667 fourary             8/8       431050      355850      453900      362300     0.9497     0.9822   +0.0343  
  33  667 max_maxdegree       8/8       431050      355850      314700      256800     1.3697     1.3857   +0.0117  
  33  667 mean_degree         8/8       431050      355850      319450      266300     1.3494     1.3363   -0.0097  
  33  667 mean_map            8/8       431050      355850      274800      220600     1.5686     1.6131   +0.0284  
  33  667 mean_ring           8/8       431050      355850      254850      204250     1.6914     1.7422   +0.0301  
  33  667 selected_grid       8/8       431050      355850      235100      191750     1.8335     1.8558   +0.0122  
  33 1333 binary              8/8       441950      357900      453000      380300     0.9756     0.9411   -0.0354  
  33 1333 caliber             8/8       441950      357900      396900      321000     1.1135     1.1150   +0.0013  
  33 1333 degree4             8/8       441950      357900      528850      429150     0.8357     0.8340   -0.0020  
  33 1333 fourary             8/8       441950      357900      461200      363000     0.9583     0.9860   +0.0289  
  33 1333 max_maxdegree       8/8       441950      357900      321100      270500     1.3764     1.3231   -0.0387  
  33 1333 mean_degree         8/8       441950      357900      326300      260900     1.3544     1.3718   +0.0128  
  33 1333 mean_map            8/8       441950      357900      273650      217150     1.6150     1.6482   +0.0205  
  33 1333 mean_ring           8/8       441950      357900      254600      204850     1.7359     1.7471   +0.0065  
  33 1333 selected_grid       8/8       441950      357900      252700      205950     1.7489     1.7378   -0.0064  
  34  667 binary              8/8       312800      258050      323350      265250     0.9674     0.9729   +0.0057  
  34  667 caliber             8/8       312800      258050      340950      273850     0.9174     0.9423   +0.0271  
  34  667 degree4             8/8       312800      258050      370650      304350     0.8439     0.8479   +0.0047  
  34  667 fourary             8/8       312800      258050      333300      271750     0.9385     0.9496   +0.0118  
  34  667 max_maxdegree       8/8       312800      258050      181800      149500     1.7206     1.7261   +0.0032  
  34  667 mean_degree         8/8       312800      258050      178450      150800     1.7529     1.7112   -0.0238  
  34  667 mean_map            8/8       312800      258050      248200      194200     1.2603     1.3288   +0.0544  
  34  667 mean_ring           8/8       312800      258050      230800      187300     1.3553     1.3777   +0.0166  
  34  667 selected_grid       8/8       312800      258050      176550      144950     1.7717     1.7803   +0.0048  
  34 1333 binary              8/8       316550      254000      349400      261100     0.9060     0.9728   +0.0738  
  34 1333 caliber             8/8       316550      254000      351200      270950     0.9013     0.9374   +0.0401  
  34 1333 degree4             8/8       316550      254000      377350      298750     0.8389     0.8502   +0.0135  
  34 1333 fourary             8/8       316550      254000      351450      259000     0.9007     0.9807   +0.0888  
  34 1333 max_maxdegree       8/8       316550      254000      198400      145450     1.5955     1.7463   +0.0945  
  34 1333 mean_degree         8/8       316550      254000      185600      145350     1.7055     1.7475   +0.0246  
  34 1333 mean_map            8/8       316550      254000      253900      196900     1.2468     1.2900   +0.0347  
  34 1333 mean_ring           8/8       316550      254000      245300      187100     1.2905     1.3576   +0.0520  
  34 1333 selected_grid       8/8       316550      254000      179350      139450     1.7650     1.8214   +0.0320  
  35  667 binary              8/8       465200      373450      457200      426850     1.0175     0.8749   -0.1401  FLIP
  35  667 caliber             8/8       465200      373450      426000      343400     1.0920     1.0875   -0.0041  
  35  667 degree4             8/8       465200      373450      556150      431900     0.8365     0.8647   +0.0337  
  35  667 fourary             8/8       465200      373450      531100      371400     0.8759     1.0055   +0.1480  FLIP
  35  667 max_maxdegree       8/8       465200      373450      262050      207800     1.7752     1.7972   +0.0124  
  35  667 mean_degree         8/8       465200      373450      318750      243950     1.4595     1.5308   +0.0489  
  35  667 mean_map            8/8       465200      373450      255950      207700     1.8175     1.7980   -0.0107  
  35  667 mean_ring           8/8       465200      373450      246900      197750     1.8842     1.8885   +0.0023  
  35  667 selected_grid       8/8       465200      373450      279800      210300     1.6626     1.7758   +0.0681  
  35 1333 binary              8/8       456850      359050      447600      363050     1.0207     0.9890   -0.0310  FLIP
  35 1333 caliber             8/8       456850      359050      420500      337650     1.0864     1.0634   -0.0212  
  35 1333 degree4             8/8       456850      359050      508900      427500     0.8977     0.8399   -0.0644  
  35 1333 fourary             8/8       456850      359050      473300      373300     0.9652     0.9618   -0.0035  
  35 1333 max_maxdegree       8/8       456850      359050      255950      208800     1.7849     1.7196   -0.0366  
  35 1333 mean_degree         8/8       456850      359050      300000      254650     1.5228     1.4100   -0.0741  
  35 1333 mean_map            8/8       456850      359050      270000      215050     1.6920     1.6696   -0.0133  
  35 1333 mean_ring           8/8       456850      359050      248850      212350     1.8358     1.6908   -0.0790  
  35 1333 selected_grid       8/8       456850      359050      247050      203900     1.8492     1.7609   -0.0478  
  36  667 binary              8/8       356050      289750      419200      344850     0.8494     0.8402   -0.0108  
  36  667 caliber             8/8       356050      289750      359050      285900     0.9916     1.0135   +0.0220  FLIP
  36  667 degree4             8/8       356050      289750      466900      394350     0.7626     0.7348   -0.0365  
  36  667 fourary             8/8       356050      289750      487800      411850     0.7299     0.7035   -0.0361  
  36  667 max_maxdegree       8/8       356050      289750      173050      143250     2.0575     2.0227   -0.0169  
  36  667 mean_degree         8/8       356050      289750      187150      155850     1.9025     1.8592   -0.0228  
  36  667 mean_map            8/8       356050      289750      185550      153200     1.9189     1.8913   -0.0144  
  36  667 mean_ring           8/8       356050      289750      188300      158350     1.8909     1.8298   -0.0323  
  36  667 radix               8/8       356050      289750      152100      129150     2.3409     2.2435   -0.0416  
  36  667 selected_grid       8/8       356050      289750      194450      164600     1.8311     1.7603   -0.0386  
  36 1333 binary              8/8       350000      291050      417600      345250     0.8381     0.8430   +0.0058  
  36 1333 caliber             8/8       350000      291050      340100      288600     1.0291     1.0085   -0.0200  
  36 1333 degree4             8/8       350000      291050      468750      389150     0.7467     0.7479   +0.0017  
  36 1333 fourary             8/8       350000      291050      480450      389500     0.7285     0.7472   +0.0257  
  36 1333 max_maxdegree       8/8       350000      291050      191950      152650     1.8234     1.9066   +0.0457  
  36 1333 mean_degree         8/8       350000      291050      190550      155650     1.8368     1.8699   +0.0180  
  36 1333 mean_map            8/8       350000      291050      194350      152050     1.8009     1.9142   +0.0629  
  36 1333 mean_ring           8/8       350000      291050      194500      168450     1.7995     1.7278   -0.0398  
  36 1333 radix               8/8       350000      291050      151650      126850     2.3079     2.2944   -0.0059  
  36 1333 selected_grid       8/8       350000      291050      201800      152150     1.7344     1.9129   +0.1029  
  37  667 binary              8/8       569650      464100      593400      502500     0.9600     0.9236   -0.0379  
  37  667 caliber             8/8       569650      464100      427800      341550     1.3316     1.3588   +0.0204  
  37  667 degree4             8/8       569650      464100      675300      568700     0.8436     0.8161   -0.0326  
  37  667 fourary             8/8       569650      464100      690600      457550     0.8249     1.0143   +0.2297  FLIP
  37  667 max_maxdegree       8/8       569650      464100      353850      294750     1.6099     1.5746   -0.0219  
  37  667 mean_degree         8/8       569650      464100      392850      312000     1.4500     1.4875   +0.0258  
  37  667 mean_map            8/8       569650      464100      551650      399700     1.0326     1.1611   +0.1244  
  37  667 mean_ring           8/8       569650      464100      496850      397850     1.1465     1.1665   +0.0174  
  37  667 selected_grid       8/8       569650      464100      394600      316500     1.4436     1.4664   +0.0158  
  37 1333 binary              8/8       559800      454950      604250      480900     0.9264     0.9460   +0.0212  
  37 1333 caliber             8/8       559800      454950      418850      338850     1.3365     1.3426   +0.0046  
  37 1333 degree4             8/8       559800      454950      686450      552800     0.8155     0.8230   +0.0092  
  37 1333 fourary             8/8       559800      454950      623200      468950     0.8983     0.9701   +0.0800  
  37 1333 max_maxdegree       8/8       559800      454950      373850      293550     1.4974     1.5498   +0.0350  
  37 1333 mean_degree         8/8       559800      454950      392650      318850     1.4257     1.4268   +0.0008  
  37 1333 mean_map            8/8       559800      454950      521450      429650     1.0735     1.0589   -0.0137  
  37 1333 mean_ring           8/8       559800      454950      517150      420500     1.0825     1.0819   -0.0005  
  37 1333 selected_grid       8/8       559800      454950      397900      326300     1.4069     1.3943   -0.0090  
  38  667 binary              8/8       483700      405400      519700      429700     0.9307     0.9434   +0.0137  
  38  667 caliber             8/8       483700      405400      438200      350750     1.1038     1.1558   +0.0471  
  38  667 degree4             8/8       483700      405400      574800      464500     0.8415     0.8728   +0.0371  
  38  667 fourary             8/8       483700      405400      671350      463250     0.7205     0.8751   +0.2146  
  38  667 max_maxdegree       8/8       483700      405400      319150      263100     1.5156     1.5409   +0.0167  
  38  667 mean_degree         8/8       483700      405400      329850      258500     1.4664     1.5683   +0.0695  
  38  667 mean_map            8/8       483700      405400      290500      248050     1.6651     1.6343   -0.0184  
  38  667 mean_ring           8/8       483700      405400      279200      205550     1.7324     1.9723   +0.1384  
  38  667 radix               8/8       483700      405400      290700      240150     1.6639     1.6881   +0.0145  
  38  667 selected_grid       8/8       483700      405400      237900      186950     2.0332     2.1685   +0.0665  
  38 1333 binary              8/8       489600      417550      498100      417300     0.9829     1.0006   +0.0180  FLIP
  38 1333 caliber             8/8       489600      417550      432650      353800     1.1316     1.1802   +0.0429  
  38 1333 degree4             8/8       489600      417550      561900      486050     0.8713     0.8591   -0.0141  
  38 1333 fourary             8/8       489600      417550      621550      505400     0.7877     0.8262   +0.0488  
  38 1333 max_maxdegree       8/8       489600      417550      313700      261400     1.5607     1.5974   +0.0235  
  38 1333 mean_degree         8/8       489600      417550      325950      274200     1.5021     1.5228   +0.0138  
  38 1333 mean_map            8/8       489600      417550      274650      236250     1.7826     1.7674   -0.0085  
  38 1333 mean_ring           8/8       489600      417550      257150      222600     1.9039     1.8758   -0.0148  
  38 1333 radix               8/8       489600      417550      288250      243450     1.6985     1.7151   +0.0098  
  38 1333 selected_grid       8/8       489600      417550      226950      192050     2.1573     2.1742   +0.0078  
  39  667 binary              8/8       429200      365000      433450      373250     0.9902     0.9779   -0.0124  
  39  667 caliber             8/8       429200      365000      383200      322950     1.1200     1.1302   +0.0091  
  39  667 degree4             8/8       429200      365000      486600      414550     0.8820     0.8805   -0.0018  
  39  667 fourary             8/8       429200      365000      437650      367850     0.9807     0.9923   +0.0118  
  39  667 max_maxdegree       8/8       429200      365000      311550      255350     1.3776     1.4294   +0.0376  
  39  667 mean_degree         8/8       429200      365000      318850      268100     1.3461     1.3614   +0.0114  
  39  667 mean_map            8/8       429200      365000      267100      219650     1.6069     1.6617   +0.0341  
  39  667 mean_ring           8/8       429200      365000      243450      203650     1.7630     1.7923   +0.0166  
  39  667 selected_grid       8/8       429200      365000      237800      205200     1.8049     1.7788   -0.0145  
  39 1333 binary              8/8       411450      351300      442300      361500     0.9303     0.9718   +0.0446  
  39 1333 caliber             8/8       411450      351300      372900      323550     1.1034     1.0858   -0.0160  
  39 1333 degree4             8/8       411450      351300      497300      424900     0.8274     0.8268   -0.0007  
  39 1333 fourary             8/8       411450      351300      449000      354350     0.9164     0.9914   +0.0819  
  39 1333 max_maxdegree       8/8       411450      351300      325450      258750     1.2642     1.3577   +0.0739  
  39 1333 mean_degree         8/8       411450      351300      319650      259150     1.2872     1.3556   +0.0531  
  39 1333 mean_map            8/8       411450      351300      258850      222850     1.5895     1.5764   -0.0083  
  39 1333 mean_ring           8/8       411450      351300      252050      204850     1.6324     1.7149   +0.0505  
  39 1333 selected_grid       8/8       411450      351300      252500      219450     1.6295     1.6008   -0.0176  
  40  667 binary              8/8       422000      355100      435650      363750     0.9687     0.9762   +0.0078  
  40  667 caliber             8/8       422000      355100      370400      314200     1.1393     1.1302   -0.0080  
  40  667 degree4             8/8       422000      355100      481150      410850     0.8771     0.8643   -0.0145  
  40  667 fourary             8/8       422000      355100      443850      370000     0.9508     0.9597   +0.0094  
  40  667 max_maxdegree       8/8       422000      355100      298550      254950     1.4135     1.3928   -0.0146  
  40  667 mean_degree         8/8       422000      355100      341750      259700     1.2348     1.3673   +0.1073  
  40  667 mean_map            8/8       422000      355100      293450      225050     1.4381     1.5779   +0.0972  
  40  667 mean_ring           8/8       422000      355100      246000      201050     1.7154     1.7662   +0.0296  
  40  667 selected_grid       8/8       422000      355100      220700      202550     1.9121     1.7531   -0.0831  
  40 1333 binary              8/8       428700      358350      483550      366950     0.8866     0.9766   +0.1015  
  40 1333 caliber             8/8       428700      358350      379650      322900     1.1292     1.1098   -0.0172  
  40 1333 degree4             8/8       428700      358350      497850      417700     0.8611     0.8579   -0.0037  
  40 1333 fourary             8/8       428700      358350      471100      360250     0.9100     0.9947   +0.0931  
  40 1333 max_maxdegree       8/8       428700      358350      338350      269200     1.2670     1.3312   +0.0506  
  40 1333 mean_degree         8/8       428700      358350      319400      263150     1.3422     1.3618   +0.0146  
  40 1333 mean_map            8/8       428700      358350      279400      225000     1.5344     1.5927   +0.0380  
  40 1333 mean_ring           8/8       428700      358350      257400      203300     1.6655     1.7627   +0.0583  
  40 1333 selected_grid       8/8       428700      358350      255600      212000     1.6772     1.6903   +0.0078  
  41  667 binary              8/8       944500      768700      892950      699000     1.0577     1.0997   +0.0397  
  41  667 caliber             8/8       944500      768700      934200      688400     1.0110     1.1166   +0.1045  
  41  667 degree4             8/8       944500      768700      918100      722300     1.0288     1.0642   +0.0345  
  41  667 fourary             8/8       944500      768700      923250      730900     1.0230     1.0517   +0.0281  
  41  667 max_maxdegree       8/8       944500      768700      705600      546250     1.3386     1.4072   +0.0513  
  41  667 mean_degree         8/8       944500      768700      916100      729750     1.0310     1.0534   +0.0217  
  41  667 mean_map            8/8       944500      768700      610650      491350     1.5467     1.5645   +0.0115  
  41  667 mean_ring           8/8       944500      768700      611000      473750     1.5458     1.6226   +0.0497  
  41  667 selected_grid       8/8       944500      768700      584550      464100     1.6158     1.6563   +0.0251  
  41 1333 binary              8/8       925950      780450      874850      707450     1.0584     1.1032   +0.0423  
  41 1333 caliber             8/8       925950      780450      861000      693200     1.0754     1.1259   +0.0469  
  41 1333 degree4             8/8       925950      780450      931600      739550     0.9939     1.0553   +0.0617  FLIP
  41 1333 fourary             8/8       925950      780450      913550      734000     1.0136     1.0633   +0.0490  
  41 1333 max_maxdegree       8/8       925950      780450      702850      593700     1.3174     1.3146   -0.0022  
  41 1333 mean_degree         8/8       925950      780450      934200      732700     0.9912     1.0652   +0.0747  FLIP
  41 1333 mean_map            8/8       925950      780450      622200      495550     1.4882     1.5749   +0.0583  
  41 1333 mean_ring           8/8       925950      780450      616000      482800     1.5032     1.6165   +0.0754  
  41 1333 selected_grid       8/8       925950      780450      578600      489700     1.6003     1.5937   -0.0041  
  42  667 binary              8/8       497950      406750      471450      388000     1.0562     1.0483   -0.0075  
  42  667 caliber             8/8       497950      406750      514150      415950     0.9685     0.9779   +0.0097  
  42  667 degree4             8/8       497950      406750      472550      388150     1.0538     1.0479   -0.0055  
  42  667 fourary             8/8       497950      406750      475500      375450     1.0472     1.0834   +0.0345  
  42  667 max_maxdegree       8/8       497950      406750      433650      357800     1.1483     1.1368   -0.0100  
  42  667 mean_degree         8/8       497950      406750      434850      350600     1.1451     1.1602   +0.0131  
  42  667 mean_map            8/8       497950      406750      483450      403050     1.0300     1.0092   -0.0202  
  42  667 mean_ring           8/8       497950      406750      472550      388700     1.0538     1.0464   -0.0069  
  42  667 selected_grid       8/8       497950      406750      443350      354050     1.1232     1.1488   +0.0229  
  42 1333 binary              8/8       513550      412800      469950      383550     1.0928     1.0763   -0.0151  
  42 1333 caliber             8/8       513550      412800      515200      419050     0.9968     0.9851   -0.0117  
  42 1333 degree4             8/8       513550      412800      484800      391900     1.0593     1.0533   -0.0056  
  42 1333 fourary             8/8       513550      412800      482400      381000     1.0646     1.0835   +0.0177  
  42 1333 max_maxdegree       8/8       513550      412800      430450      355800     1.1931     1.1602   -0.0275  
  42 1333 mean_degree         8/8       513550      412800      436850      345650     1.1756     1.1943   +0.0159  
  42 1333 mean_map            8/8       513550      412800      510550      397550     1.0059     1.0384   +0.0323  
  42 1333 mean_ring           8/8       513550      412800      492150      395100     1.0435     1.0448   +0.0013  
  42 1333 selected_grid       8/8       513550      412800      440800      345900     1.1650     1.1934   +0.0243  
  43  667 binary              8/8       644450      569650      619800      525000     1.0398     1.0850   +0.0435  
  43  667 caliber             8/8       644450      569650      681700      578150     0.9454     0.9853   +0.0422  
  43  667 degree4             8/8       644450      569650      632650      539100     1.0187     1.0567   +0.0373  
  43  667 fourary             8/8       644450      569650      674350      548550     0.9557     1.0385   +0.0866  FLIP
  43  667 max_maxdegree       8/8       644450      569650      497750      444400     1.2947     1.2818   -0.0100  
  43  667 mean_degree         8/8       644450      569650      613900      521350     1.0498     1.0926   +0.0408  
  43  667 mean_map            8/8       644450      569650      504400      426800     1.2777     1.3347   +0.0446  
  43  667 mean_ring           8/8       644450      569650      504200      422750     1.2782     1.3475   +0.0542  
  43  667 selected_grid       8/8       644450      569650      492650      419650     1.3081     1.3574   +0.0377  
  43 1333 binary              8/8       639150      550100      606750      515550     1.0534     1.0670   +0.0129  
  43 1333 caliber             8/8       639150      550100      661200      557550     0.9667     0.9866   +0.0207  
  43 1333 degree4             8/8       639150      550100      631150      546100     1.0127     1.0073   -0.0053  
  43 1333 fourary             8/8       639150      550100      611200      519800     1.0457     1.0583   +0.0120  
  43 1333 max_maxdegree       8/8       639150      550100      530100      424350     1.2057     1.2963   +0.0752  
  43 1333 mean_degree         8/8       639150      550100      622750      521550     1.0263     1.0547   +0.0277  
  43 1333 mean_map            8/8       639150      550100      536000      426250     1.1924     1.2906   +0.0823  
  43 1333 mean_ring           8/8       639150      550100      498550      431200     1.2820     1.2757   -0.0049  
  43 1333 selected_grid       8/8       639150      550100      487950      411500     1.3099     1.3368   +0.0206  
  44  667 binary              8/8       434950      370950      453750      388100     0.9586     0.9558   -0.0029  
  44  667 caliber             8/8       434950      370950      416550      371950     1.0442     0.9973   -0.0449  FLIP
  44  667 degree4             8/8       434950      370950      437550      399700     0.9941     0.9281   -0.0664  
  44  667 fourary             8/8       434950      370950      513800      412400     0.8465     0.8995   +0.0626  
  44  667 max_maxdegree       8/8       434950      370950      410350      405600     1.0599     0.9146   -0.1372  FLIP
  44  667 mean_degree         8/8       434950      370950      392500      342900     1.1082     1.0818   -0.0238  
  44  667 mean_map            8/8       434950      370950      409550      377250     1.0620     0.9833   -0.0741  FLIP
  44  667 mean_ring           8/8       434950      370950      409500      361050     1.0621     1.0274   -0.0327  
  44  667 radix               8/8       434950      370950      328950      278050     1.3222     1.3341   +0.0090  
  44  667 selected_grid       8/8       434950      370950      410650      345800     1.0592     1.0727   +0.0128  
  44 1333 binary              8/8       425400      366700      431550      378300     0.9857     0.9693   -0.0166  
  44 1333 caliber             8/8       425400      366700      432450      364000     0.9837     1.0074   +0.0241  FLIP
  44 1333 degree4             8/8       425400      366700      434150      383100     0.9798     0.9572   -0.0231  
  44 1333 fourary             8/8       425400      366700      480950      413000     0.8845     0.8879   +0.0038  
  44 1333 max_maxdegree       8/8       425400      366700      431600      364550     0.9856     1.0059   +0.0206  FLIP
  44 1333 mean_degree         8/8       425400      366700      424550      339000     1.0020     1.0817   +0.0795  
  44 1333 mean_map            8/8       425400      366700      427250      367700     0.9957     0.9973   +0.0016  
  44 1333 mean_ring           8/8       425400      366700      418150      360200     1.0173     1.0180   +0.0007  
  44 1333 radix               8/8       425400      366700      340050      278900     1.2510     1.3148   +0.0510  
  44 1333 selected_grid       8/8       425400      366700      436300      338300     0.9750     1.0839   +0.1117  FLIP
  45  667 binary              8/8       870450      763100      929200      781550     0.9368     0.9764   +0.0423  
  45  667 caliber             8/8       870450      763100      539100      495150     1.6146     1.5411   -0.0455  
  45  667 degree4             8/8       870450      763100      929850      759050     0.9361     1.0053   +0.0739  FLIP
  45  667 fourary             8/8       870450      763100     1014300      738600     0.8582     1.0332   +0.2039  FLIP
  45  667 max_maxdegree       8/8       870450      763100      445050      369800     1.9558     2.0635   +0.0551  
  45  667 mean_degree         8/8       870450      763100      443200      372400     1.9640     2.0491   +0.0433  
  45  667 mean_map            8/8       870450      763100      586000      512550     1.4854     1.4888   +0.0023  
  45  667 mean_ring           8/8       870450      763100      590100      502300     1.4751     1.5192   +0.0299  
  45  667 selected_grid       8/8       870450      763100      486550      382250     1.7890     1.9963   +0.1159  
  45 1333 binary              8/8       912700      763000      924600      740800     0.9871     1.0300   +0.0434  FLIP
  45 1333 caliber             8/8       912700      763000      545850      467600     1.6721     1.6317   -0.0241  
  45 1333 degree4             8/8       912700      763000      895150      772350     1.0196     0.9879   -0.0311  FLIP
  45 1333 fourary             8/8       912700      763000     1041200      919850     0.8766     0.8295   -0.0537  
  45 1333 max_maxdegree       8/8       912700      763000      478600      378850     1.9070     2.0140   +0.0561  
  45 1333 mean_degree         8/8       912700      763000      447750      374400     2.0384     2.0379   -0.0002  
  45 1333 mean_map            8/8       912700      763000      589950      493300     1.5471     1.5467   -0.0002  
  45 1333 mean_ring           8/8       912700      763000      587400      515600     1.5538     1.4798   -0.0476  
  45 1333 selected_grid       8/8       912700      763000      525450      381250     1.7370     2.0013   +0.1522  
  46  667 binary              8/8      1131700      935050     1128800      920250     1.0026     1.0161   +0.0135  
  46  667 caliber             8/8      1131700      935050     1037300      868050     1.0910     1.0772   -0.0127  
  46  667 degree4             8/8      1131700      935050     1159150      984350     0.9763     0.9499   -0.0270  
  46  667 fourary             8/8      1131700      935050     1450850     1032500     0.7800     0.9056   +0.1610  
  46  667 max_maxdegree       8/8      1131700      935050      781450      635850     1.4482     1.4706   +0.0154  
  46  667 mean_degree         8/8      1131700      935050      858100      661700     1.3188     1.4131   +0.0715  
  46  667 mean_map            8/8      1131700      935050      660250      563850     1.7140     1.6583   -0.0325  
  46  667 mean_ring           8/8      1131700      935050      729550      584300     1.5512     1.6003   +0.0316  
  46  667 radix               8/8      1131700      935050      598100      484600     1.8922     1.9295   +0.0198  
  46  667 selected_grid       8/8      1131700      935050      633550      533850     1.7863     1.7515   -0.0195  
  46 1333 binary              8/8      1129550      978250     1186000      968100     0.9524     1.0105   +0.0610  FLIP
  46 1333 caliber             8/8      1129550      978250     1123300      881750     1.0056     1.1094   +0.1033  
  46 1333 degree4             8/8      1129550      978250     1159700      996050     0.9740     0.9821   +0.0083  
  46 1333 fourary             8/8      1129550      978250     1422250     1097750     0.7942     0.8911   +0.1221  
  46 1333 max_maxdegree       8/8      1129550      978250      845150      691300     1.3365     1.4151   +0.0588  
  46 1333 mean_degree         8/8      1129550      978250      852250      672350     1.3254     1.4550   +0.0978  
  46 1333 mean_map            8/8      1129550      978250      689700      548550     1.6377     1.7833   +0.0889  
  46 1333 mean_ring           8/8      1129550      978250      632250      551300     1.7866     1.7744   -0.0068  
  46 1333 radix               8/8      1129550      978250      629250      495550     1.7951     1.9741   +0.0997  
  46 1333 selected_grid       8/8      1129550      978250      615350      522500     1.8356     1.8722   +0.0200  
  47  667 binary              8/8       773950      699100      755800      672600     1.0240     1.0394   +0.0150  
  47  667 caliber             8/8       773950      699100      725050      651300     1.0674     1.0734   +0.0056  
  47  667 degree4             8/8       773950      699100      783150      710050     0.9883     0.9846   -0.0037  
  47  667 fourary             8/8       773950      699100      758850      662600     1.0199     1.0551   +0.0345  
  47  667 max_maxdegree       8/8       773950      699100      569600      492050     1.3588     1.4208   +0.0457  
  47  667 mean_degree         8/8       773950      699100      678450      587650     1.1408     1.1897   +0.0429  
  47  667 mean_map            8/8       773950      699100      547300      493700     1.4141     1.4160   +0.0014  
  47  667 mean_ring           8/8       773950      699100      519200      479250     1.4907     1.4587   -0.0214  
  47  667 selected_grid       8/8       773950      699100      530250      469550     1.4596     1.4889   +0.0201  
  47 1333 binary              8/8       762700      667450      712700      636150     1.0702     1.0492   -0.0196  
  47 1333 caliber             8/8       762700      667450      708850      619800     1.0760     1.0769   +0.0008  
  47 1333 degree4             8/8       762700      667450      755200      656200     1.0099     1.0171   +0.0071  
  47 1333 fourary             8/8       762700      667450      747950      631550     1.0197     1.0568   +0.0364  
  47 1333 max_maxdegree       8/8       762700      667450      550500      483650     1.3855     1.3800   -0.0039  
  47 1333 mean_degree         8/8       762700      667450      648750      566700     1.1756     1.1778   +0.0018  
  47 1333 mean_map            8/8       762700      667450      556000      470300     1.3718     1.4192   +0.0346  
  47 1333 mean_ring           8/8       762700      667450      538550      469750     1.4162     1.4209   +0.0033  
  47 1333 selected_grid       8/8       762700      667450      521100      456950     1.4636     1.4607   -0.0020  
  48  667 binary              8/8       905700      757700      791150      714050     1.1448     1.0611   -0.0731  
  48  667 caliber             8/8       905700      757700      781750      685650     1.1586     1.1051   -0.0462  
  48  667 degree4             8/8       905700      757700      828050      725600     1.0938     1.0442   -0.0453  
  48  667 fourary             8/8       905700      757700      850100      710950     1.0654     1.0658   +0.0003  
  48  667 max_maxdegree       8/8       905700      757700      625350      535900     1.4483     1.4139   -0.0238  
  48  667 mean_degree         8/8       905700      757700      873450      741950     1.0369     1.0212   -0.0151  
  48  667 mean_map            8/8       905700      757700      560100      492750     1.6170     1.5377   -0.0491  
  48  667 mean_ring           8/8       905700      757700      532450      475350     1.7010     1.5940   -0.0629  
  48  667 selected_grid       8/8       905700      757700      535750      458550     1.6905     1.6524   -0.0226  
  48 1333 binary              8/8       888000      782100      819200      715350     1.0840     1.0933   +0.0086  
  48 1333 caliber             8/8       888000      782100      798600      691150     1.1119     1.1316   +0.0177  
  48 1333 degree4             8/8       888000      782100      812650      748300     1.0927     1.0452   -0.0435  
  48 1333 fourary             8/8       888000      782100      867050      731800     1.0242     1.0687   +0.0435  
  48 1333 max_maxdegree       8/8       888000      782100      634700      565550     1.3991     1.3829   -0.0116  
  48 1333 mean_degree         8/8       888000      782100      872000      720600     1.0183     1.0853   +0.0658  
  48 1333 mean_map            8/8       888000      782100      575250      511650     1.5437     1.5286   -0.0098  
  48 1333 mean_ring           8/8       888000      782100      535550      474500     1.6581     1.6483   -0.0059  
  48 1333 selected_grid       8/8       888000      782100      545500      475200     1.6279     1.6458   +0.0110  

[selection.csv] cases=48 agree=27 disagree=21
  case 4: ref=0.5 new=0.75 | ref top3=[('0.5', 138700), ('0.75', 138850), ('1', 142550)] | new top3=[('0.75', 103100), ('1', 107350), ('2', 110250)]
  case 9: ref=4 new=16 | ref top3=[('4', 533950), ('1.5', 535550), ('2', 553200)] | new top3=[('16', 456450), ('4', 460600), ('2', 473050)]
  case 10: ref=16 new=8 | ref top3=[('16', 357050), ('8', 359950), ('4', 363850)] | new top3=[('8', 315800), ('4', 316100), ('1.5', 319600)]
  case 11: ref=0.5 new=0.75 | ref top3=[('0.5', 440950), ('0.75', 451600), ('2', 460050)] | new top3=[('0.75', 392350), ('1', 392750), ('0.5', 402400)]
  case 12: ref=1.5 new=0.25 | ref top3=[('1.5', 350500), ('0.03125', 353950), ('0.5', 354450)] | new top3=[('0.25', 335900), ('0.75', 336600), ('2', 339000)]
  case 14: ref=0.25 new=0.5 | ref top3=[('0.25', 543650), ('0.5', 544450), ('1', 583900)] | new top3=[('0.5', 521900), ('1', 524150), ('0.75', 541250)]
  case 16: ref=2 new=4 | ref top3=[('2', 515950), ('1.5', 518300), ('16', 531950)] | new top3=[('4', 492200), ('2', 492600), ('1.5', 510500)]
  case 21: ref=0.75 new=0.1 | ref top3=[('0.75', 346900), ('4', 360750), ('0.25', 362200)] | new top3=[('0.1', 323400), ('1', 324150), ('2', 330550)]
  case 23: ref=4 new=2 | ref top3=[('4', 218400), ('1', 244050), ('0.75', 251750)] | new top3=[('2', 181650), ('4', 192650), ('1', 209900)]
  case 25: ref=2 new=1.5 | ref top3=[('2', 501600), ('4', 504450), ('1', 520500)] | new top3=[('1.5', 454050), ('4', 469200), ('1', 470650)]
  case 26: ref=0.75 new=8 | ref top3=[('0.75', 379300), ('2', 380250), ('0.03125', 381250)] | new top3=[('8', 328450), ('4', 330900), ('1.5', 331800)]
  case 27: ref=0.75 new=0.5 | ref top3=[('0.75', 471000), ('1.5', 476350), ('0.5', 476900)] | new top3=[('0.5', 398200), ('0.75', 408750), ('1', 412200)]
  case 28: ref=16 new=1.5 | ref top3=[('16', 404500), ('4', 404600), ('0.75', 406600)] | new top3=[('1.5', 330850), ('1', 331550), ('2', 332750)]
  case 30: ref=0.75 new=0.5 | ref top3=[('0.75', 678550), ('0.25', 696500), ('0.5', 731950)] | new top3=[('0.5', 479300), ('0.75', 483400), ('0.25', 486900)]
  case 34: ref=8 new=4 | ref top3=[('8', 161900), ('4', 163100), ('16', 166750)] | new top3=[('4', 134000), ('16', 136000), ('8', 136450)]
  case 40: ref=4 new=2 | ref top3=[('4', 241750), ('2', 242100), ('1.5', 249700)] | new top3=[('2', 201150), ('4', 207700), ('1.5', 217200)]
  case 42: ref=1.5 new=8 | ref top3=[('1.5', 425400), ('2', 429200), ('0.75', 430350)] | new top3=[('8', 339100), ('0.25', 350000), ('0.5', 351950)]
  case 44: ref=0.5 new=8 | ref top3=[('0.5', 382500), ('0.25', 387400), ('16', 387750)] | new top3=[('8', 331500), ('0.03125', 334400), ('16', 336000)]
  case 45: ref=0.1 new=0.03125 | ref top3=[('0.1', 424800), ('0.05', 435950), ('0.25', 456650)] | new top3=[('0.03125', 370550), ('0.1', 376900), ('0.05', 392900)]
  case 46: ref=0.25 new=0.5 | ref top3=[('0.25', 590550), ('0.5', 599950), ('1', 676050)] | new top3=[('0.5', 494450), ('0.25', 506350), ('1', 537950)]
  case 48: ref=1.5 new=4 | ref top3=[('1.5', 533550), ('4', 540700), ('16', 550350)] | new top3=[('4', 471400), ('16', 486800), ('1.5', 496650)]
