case,source,arm,pushes,pops,comparisons,peak,scans,scouts,scout_scans,scout_yield,improvements,superseded,phases,vertex_scans,unchanged,heavy,max_phase_scans,admitted,potential_work,budget
1,333,std_binary,0,0,0,0,0,0,0,0,0,0,0,0,0,0,0,0,0,0
1,333,binary,1381,1381,22636,639,4498,0,0,0,1380,396,0,985,0,0,0,0,0,0
1,333,fourary,1381,1381,24086,639,4498,0,0,0,1380,396,0,985,0,0,0,0,0,0
1,333,mean_map,1315,1315,0,0,9165,0,0,0,1314,130,7,1024,161,2251,547,0,0,0
1,333,mean_ring,1315,1315,0,0,9165,0,0,0,1314,130,7,1024,161,2251,547,0,0,0
1,333,mean_degree,1372,1372,0,0,9033,0,0,0,1371,327,24,992,53,4027,121,0,0,0
1,333,max_maxdegree,1371,1371,0,0,9009,0,0,0,1370,307,22,989,75,3969,136,0,0,0
1,333,original_mean,0,0,0,0,0,0,0,0,0,0,0,0,0,0,0,0,0,0
1,333,list_both,1315,1315,0,0,5399,0,0,0,1314,130,7,1185,161,2710,631,0,0,0
1,333,skip_only,1315,1315,0,0,4667,0,0,0,1314,130,7,1024,161,2343,547,0,0,0
1,333,heavy_only,1315,1315,0,0,9897,0,0,0,1314,130,7,1185,161,2251,631,0,0,0
1,333,mean_sqrtdegree,1322,1322,0,0,9078,0,0,0,1321,220,13,1001,101,3432,236,0,0,0
1,333,median,1309,1309,0,0,9164,0,0,0,1308,125,7,1024,160,2245,545,0,0,0
1,333,sd,1317,1317,0,0,9053,0,0,0,1316,200,11,998,119,3207,315,0,0,0
1,333,caliber,1102,1102,17852,681,4498,0,0,0,1453,469,0,985,0,0,0,0,0,0
1,333,degree4,1437,1437,23997,704,4498,137,335,163,1436,452,0,985,0,0,0,568,1411,18446744073709551615
1,333,selected_grid,1648,1648,0,0,9628,0,0,0,1647,285,4,1118,245,0,842,0,0,0
1,333,always,1694,1694,29989,1075,4498,605,2757,1088,1693,709,0,985,0,0,0,4571,21059,18446744073709551615
1,333,high_high,1650,1650,28815,986,4498,279,1835,772,1649,665,0,985,0,0,0,1787,11677,18446744073709551615
1,333,complement,1686,1686,29783,1073,4498,530,2650,1050,1685,701,0,985,0,0,0,4003,19648,18446744073709551615
1,333,tail_only,1543,1543,26601,846,4498,265,1198,512,1542,558,0,985,0,0,0,1193,5537,18446744073709551615
1,333,head_only,1576,1576,27209,875,4498,506,1246,531,1575,591,0,985,0,0,0,2159,5256,18446744073709551615
1,333,adaptive,1409,1409,23235,669,4498,63,115,61,1408,424,0,985,0,0,0,261,520,18446744073709551615
1,333,random_0,1477,1477,24954,762,4498,148,661,296,1476,492,0,985,0,0,0,568,2531,18446744073709551615
1,333,budget_random_0,1460,1460,24566,730,4498,73,335,224,1459,475,0,985,0,0,0,568,2531,335
1,333,random_1,1472,1472,24979,759,4498,149,677,294,1471,487,0,985,0,0,0,568,2655,18446744073709551615
1,333,budget_random_1,1455,1455,24538,722,4498,75,335,218,1454,470,0,985,0,0,0,568,2655,335
1,333,random_2,1475,1475,24965,751,4498,143,656,309,1474,490,0,985,0,0,0,568,2712,18446744073709551615
1,333,budget_random_2,1448,1448,24296,713,4498,70,335,236,1447,463,0,985,0,0,0,568,2712,335
1,333,random_3,1489,1489,25176,774,4498,150,691,303,1488,504,0,985,0,0,0,568,2606,18446744073709551615
1,333,budget_random_3,1465,1465,24618,730,4498,76,335,222,1464,480,0,985,0,0,0,568,2606,335
1,333,random_4,1466,1466,24625,743,4498,142,598,268,1465,481,0,985,0,0,0,568,2543,18446744073709551615
1,333,budget_random_4,1455,1455,24410,719,4498,81,335,227,1454,470,0,985,0,0,0,568,2543,335
1,666,std_binary,0,0,0,0,0,0,0,0,0,0,0,0,0,0,0,0,0,0
1,666,binary,1377,1377,22566,635,4498,0,0,0,1376,392,0,985,0,0,0,0,0,0
1,666,fourary,1377,1377,24060,635,4498,0,0,0,1376,392,0,985,0,0,0,0,0,0
1,666,mean_map,1292,1292,0,0,9132,0,0,0,1291,124,7,1014,154,2251,458,0,0,0
1,666,mean_ring,1292,1292,0,0,9132,0,0,0,1291,124,7,1014,154,2251,458,0,0,0
1,666,mean_degree,1348,1348,0,0,9009,0,0,0,1347,305,28,987,56,4027,122,0,0,0
1,666,max_maxdegree,1360,1360,0,0,8996,0,0,0,1359,318,27,985,57,3969,143,0,0,0
1,666,original_mean,0,0,0,0,0,0,0,0,0,0,0,0,0,0,0,0,0,0
1,666,list_both,1292,1292,0,0,5374,0,0,0,1291,124,7,1168,154,2673,558,0,0,0
1,666,skip_only,1292,1292,0,0,4634,0,0,0,1291,124,7,1014,154,2326,458,0,0,0
1,666,heavy_only,1292,1292,0,0,9872,0,0,0,1291,124,7,1168,154,2251,558,0,0,0
1,666,mean_sqrtdegree,1312,1312,0,0,9031,0,0,0,1311,219,14,994,99,3432,253,0,0,0
1,666,median,1292,1292,0,0,9139,0,0,0,1291,119,7,1015,158,2245,457,0,0,0
1,666,sd,1306,1306,0,0,9032,0,0,0,1305,208,12,993,105,3207,289,0,0,0
1,666,caliber,1090,1090,17695,672,4498,0,0,0,1437,453,0,985,0,0,0,0,0,0
1,666,degree4,1422,1422,23721,688,4498,123,323,148,1421,437,0,985,0,0,0,568,1411,18446744073709551615
1,666,selected_grid,1606,1606,0,0,9496,0,0,0,1605,187,4,1089,330,0,578,0,0,0
1,666,always,1645,1645,28974,1062,4498,609,2746,1035,1644,660,0,985,0,0,0,4571,21059,18446744073709551615
1,666,high_high,1583,1583,27486,929,4498,281,1828,702,1582,598,0,985,0,0,0,1787,11677,18446744073709551615
1,666,complement,1642,1642,28839,1055,4498,517,2622,1007,1641,657,0,985,0,0,0,4003,19648,18446744073709551615
1,666,tail_only,1525,1525,26104,826,4498,249,1180,502,1524,540,0,985,0,0,0,1193,5537,18446744073709551615
1,666,head_only,1577,1577,27271,892,4498,517,1243,508,1576,592,0,985,0,0,0,2159,5256,18446744073709551615
1,666,adaptive,1396,1396,23040,658,4498,60,119,60,1395,411,0,985,0,0,0,261,520,18446744073709551615
1,666,random_0,1482,1482,25163,778,4498,146,671,308,1481,497,0,985,0,0,0,568,2531,18446744073709551615
1,666,budget_random_0,1455,1455,24603,728,4498,75,323,229,1454,470,0,985,0,0,0,568,2531,323
1,666,random_1,1481,1481,25045,760,4498,144,655,327,1480,496,0,985,0,0,0,568,2655,18446744073709551615
1,666,budget_random_1,1439,1439,24106,705,4498,69,323,229,1438,454,0,985,0,0,0,568,2655,323
1,666,random_2,1443,1443,24425,760,4498,141,652,297,1442,458,0,985,0,0,0,568,2712,18446744073709551615
1,666,budget_random_2,1426,1426,24051,715,4498,70,323,218,1425,441,0,985,0,0,0,568,2712,323
1,666,random_3,1486,1486,25179,772,4498,135,642,311,1485,501,0,985,0,0,0,568,2606,18446744073709551615
1,666,budget_random_3,1464,1464,24751,734,4498,68,323,249,1463,479,0,985,0,0,0,568,2606,323
1,666,random_4,1460,1460,24673,750,4498,154,660,272,1459,475,0,985,0,0,0,568,2543,18446744073709551615
1,666,budget_random_4,1442,1442,24214,717,4498,79,323,212,1441,457,0,985,0,0,0,568,2543,323
2,666,std_binary,0,0,0,0,0,0,0,0,0,0,0,0,0,0,0,0,0,0
2,666,binary,2713,2713,49689,1239,8960,0,0,0,2712,733,0,1980,0,0,0,0,0,0
2,666,fourary,2713,2713,52137,1239,8960,0,0,0,2712,733,0,1980,0,0,0,0,0,0
2,666,mean_map,2542,2542,0,0,18145,0,0,0,2541,220,9,2031,291,4553,992,0,0,0
2,666,mean_ring,2542,2542,0,0,18145,0,0,0,2541,220,9,2031,291,4553,992,0,0,0
2,666,mean_degree,2694,2694,0,0,17957,0,0,0,2693,620,32,1987,87,8094,253,0,0,0
2,666,max_maxdegree,2673,2673,0,0,17941,0,0,0,2672,588,29,1986,99,7977,268,0,0,0
2,666,original_mean,0,0,0,0,0,0,0,0,0,0,0,0,0,0,0,0,0,0
2,666,list_both,2542,2542,0,0,10422,0,0,0,2541,220,9,2322,291,5288,1095,0,0,0
2,666,skip_only,2542,2542,0,0,9185,0,0,0,2541,220,9,2031,291,4668,992,0,0,0
2,666,heavy_only,2542,2542,0,0,19382,0,0,0,2541,220,9,2322,291,4553,1095,0,0,0
2,666,mean_sqrtdegree,2616,2616,0,0,17998,0,0,0,2615,449,17,1999,168,6952,512,0,0,0
2,666,median,2577,2577,0,0,18199,0,0,0,2576,239,9,2042,296,4485,1027,0,0,0
2,666,sd,2580,2580,0,0,18023,0,0,0,2579,371,15,2005,204,6546,618,0,0,0
2,666,caliber,2160,2160,39168,1308,8960,0,0,0,2821,842,0,1980,0,0,0,0,0,0
2,666,degree4,2843,2843,53133,1392,8960,281,669,317,2842,863,0,1980,0,0,0,1212,2939,18446744073709551615
2,666,selected_grid,3147,3147,0,0,18574,0,0,0,3146,458,5,2134,555,0,1345,0,0,0
2,666,always,3267,3267,63889,2057,8960,1195,5488,2071,3266,1287,0,1980,0,0,0,9049,41249,18446744073709551615
2,666,high_high,3148,3148,60840,1787,8960,541,3510,1404,3147,1168,0,1980,0,0,0,3381,22005,18446744073709551615
2,666,complement,3250,3250,63550,2013,8960,1042,5200,1992,3249,1270,0,1980,0,0,0,7837,38310,18446744073709551615
2,666,tail_only,3015,3015,57617,1674,8960,548,2431,987,3014,1035,0,1980,0,0,0,2479,11179,18446744073709551615
2,666,head_only,3080,3080,59141,1709,8960,1004,2555,1067,3079,1100,0,1980,0,0,0,4401,11004,18446744073709551615
2,666,adaptive,2762,2762,50979,1295,8960,131,260,120,2761,782,0,1980,0,0,0,563,1135,18446744073709551615
2,666,random_0,2944,2944,55872,1523,8960,309,1445,718,2943,964,0,1980,0,0,0,1212,5599,18446744073709551615
2,666,budget_random_0,2865,2865,54135,1416,8960,144,669,504,2864,885,0,1980,0,0,0,1212,5599,669
2,666,random_1,2921,2921,55217,1497,8960,311,1443,640,2920,941,0,1980,0,0,0,1212,5613,18446744073709551615
2,666,budget_random_1,2852,2852,53428,1396,8960,151,669,470,2851,872,0,1980,0,0,0,1212,5613,669
2,666,random_2,2958,2958,55996,1525,8960,315,1441,627,2957,978,0,1980,0,0,0,1212,5552,18446744073709551615
2,666,budget_random_2,2877,2877,54084,1420,8960,148,669,457,2876,897,0,1980,0,0,0,1212,5552,669
2,666,random_3,2893,2893,54554,1459,8960,296,1326,558,2892,913,0,1980,0,0,0,1212,5458,18446744073709551615
2,666,budget_random_3,2835,2835,53049,1390,8960,150,669,443,2834,855,0,1980,0,0,0,1212,5458,669
2,666,random_4,2936,2936,55571,1518,8960,320,1473,616,2935,956,0,1980,0,0,0,1212,5546,18446744073709551615
2,666,budget_random_4,2871,2871,53935,1415,8960,150,669,453,2870,891,0,1980,0,0,0,1212,5546,669
2,1333,std_binary,0,0,0,0,0,0,0,0,0,0,0,0,0,0,0,0,0,0
2,1333,binary,2719,2719,49941,1245,8960,0,0,0,2718,739,0,1980,0,0,0,0,0,0
2,1333,fourary,2719,2719,52178,1245,8960,0,0,0,2718,739,0,1980,0,0,0,0,0,0
2,1333,mean_map,2582,2582,0,0,18125,0,0,0,2581,232,8,2033,317,4553,833,0,0,0
2,1333,mean_ring,2582,2582,0,0,18125,0,0,0,2581,232,8,2033,317,4553,833,0,0,0
2,1333,mean_degree,2709,2709,0,0,17935,0,0,0,2708,617,29,1983,109,8094,250,0,0,0
2,1333,max_maxdegree,2690,2690,0,0,17945,0,0,0,2689,589,27,1985,116,7977,271,0,0,0
2,1333,original_mean,0,0,0,0,0,0,0,0,0,0,0,0,0,0,0,0,0,0
2,1333,list_both,2582,2582,0,0,10649,0,0,0,2581,232,8,2350,317,5431,1008,0,0,0
2,1333,skip_only,2582,2582,0,0,9165,0,0,0,2581,232,8,2033,317,4652,833,0,0,0
2,1333,heavy_only,2582,2582,0,0,19609,0,0,0,2581,232,8,2350,317,4553,1008,0,0,0
2,1333,mean_sqrtdegree,2652,2652,0,0,17987,0,0,0,2651,445,16,1996,211,6952,529,0,0,0
2,1333,median,2576,2576,0,0,18157,0,0,0,2575,221,8,2039,316,4485,878,0,0,0
2,1333,sd,2620,2620,0,0,18050,0,0,0,2619,395,14,2012,213,6546,584,0,0,0
2,1333,caliber,2156,2156,39152,1313,8960,0,0,0,2815,836,0,1980,0,0,0,0,0,0
2,1333,degree4,2834,2834,52893,1394,8960,278,668,284,2833,854,0,1980,0,0,0,1212,2939,18446744073709551615
2,1333,selected_grid,3130,3130,0,0,18509,0,0,0,3129,381,5,2116,633,0,1072,0,0,0
2,1333,always,3372,3372,66382,2118,8960,1243,5590,2128,3371,1392,0,1980,0,0,0,9049,41249,18446744073709551615
2,1333,high_high,3160,3160,61123,1821,8960,522,3415,1443,3159,1180,0,1980,0,0,0,3381,22005,18446744073709551615
2,1333,complement,3353,3353,65970,2108,8960,1082,5299,2079,3352,1373,0,1980,0,0,0,7837,38310,18446744073709551615
2,1333,tail_only,3075,3075,58968,1731,8960,566,2588,1039,3074,1095,0,1980,0,0,0,2479,11179,18446744073709551615
2,1333,head_only,3061,3061,58832,1703,8960,998,2550,1064,3060,1081,0,1980,0,0,0,4401,11004,18446744073709551615
2,1333,adaptive,2775,2775,51296,1309,8960,131,264,114,2774,795,0,1980,0,0,0,563,1135,18446744073709551615
2,1333,random_0,2933,2933,55581,1510,8960,312,1489,692,2932,953,0,1980,0,0,0,1212,5599,18446744073709551615
2,1333,budget_random_0,2875,2875,54109,1406,8960,138,668,505,2874,895,0,1980,0,0,0,1212,5599,668
2,1333,random_1,2976,2976,56484,1553,8960,311,1399,626,2975,996,0,1980,0,0,0,1212,5613,18446744073709551615
2,1333,budget_random_1,2926,2926,55273,1464,8960,150,668,458,2925,946,0,1980,0,0,0,1212,5613,668
2,1333,random_2,2971,2971,56442,1536,8960,338,1511,646,2970,991,0,1980,0,0,0,1212,5552,18446744073709551615
2,1333,budget_random_2,2903,2903,54780,1450,8960,149,668,475,2902,923,0,1980,0,0,0,1212,5552,668
2,1333,random_3,2938,2938,55550,1507,8960,320,1440,608,2937,958,0,1980,0,0,0,1212,5458,18446744073709551615
2,1333,budget_random_3,2873,2873,54001,1419,8960,150,668,460,2872,893,0,1980,0,0,0,1212,5458,668
2,1333,random_4,2941,2941,55571,1531,8960,305,1368,582,2940,961,0,1980,0,0,0,1212,5546,18446744073709551615
2,1333,budget_random_4,2905,2905,54557,1454,8960,152,668,454,2904,925,0,1980,0,0,0,1212,5546,668
3,1666,std_binary,0,0,0,0,0,0,0,0,0,0,0,0,0,0,0,0,0,0
3,1666,binary,6927,6927,145739,3137,22502,0,0,0,6926,1978,0,4949,0,0,0,0,0,0
3,1666,fourary,6927,6927,153433,3137,22502,0,0,0,6926,1978,0,4949,0,0,0,0,0,0
3,1666,mean_map,6524,6524,0,0,45731,0,0,0,6523,608,7,5111,805,11343,2516,0,0,0
3,1666,mean_ring,6524,6524,0,0,45731,0,0,0,6523,608,7,5111,805,11343,2516,0,0,0
3,1666,mean_degree,6865,6865,0,0,45060,0,0,0,6864,1666,32,4962,237,20209,641,0,0,0
3,1666,max_maxdegree,6881,6881,0,0,45093,0,0,0,6880,1610,29,4969,302,19939,734,0,0,0
3,1666,original_mean,0,0,0,0,0,0,0,0,0,0,0,0,0,0,0,0,0,0
3,1666,list_both,6524,6524,0,0,26976,0,0,0,6523,608,7,5916,805,13623,3022,0,0,0
3,1666,skip_only,6524,6524,0,0,23229,0,0,0,6523,608,7,5111,805,11679,2516,0,0,0
3,1666,heavy_only,6524,6524,0,0,49478,0,0,0,6523,608,7,5916,805,11343,3022,0,0,0
3,1666,mean_sqrtdegree,6713,6713,0,0,45295,0,0,0,6712,1201,15,5015,497,17332,1229,0,0,0
3,1666,median,6530,6530,0,0,45757,0,0,0,6529,600,7,5110,820,11259,2510,0,0,0
3,1666,sd,6650,6650,0,0,45360,0,0,0,6649,1053,13,5028,569,16268,1483,0,0,0
3,1666,caliber,5456,5456,113585,3268,22502,0,0,0,7182,2234,0,4949,0,0,0,0,0,0
3,1666,degree4,7219,7219,154263,3493,22502,684,1682,750,7218,2270,0,4949,0,0,0,3070,7627,18446744073709551615
3,1666,selected_grid,8521,8521,0,0,48920,0,0,0,8520,1406,4,5800,1315,0,4682,0,0,0
3,1666,always,8308,8308,185543,5170,22502,3049,13861,5258,8307,3359,0,4949,0,0,0,22746,103684,18446744073709551615
3,1666,high_high,8041,8041,177397,4623,22502,1396,9138,3675,8040,3092,0,4949,0,0,0,8466,55220,18446744073709551615
3,1666,complement,8269,8269,184614,5128,22502,2714,13360,5060,8268,3320,0,4949,0,0,0,19676,96057,18446744073709551615
3,1666,tail_only,7713,7713,167768,4172,22502,1368,6220,2560,7712,2764,0,4949,0,0,0,6198,27918,18446744073709551615
3,1666,head_only,7868,7868,172268,4310,22502,2552,6474,2701,7867,2919,0,4949,0,0,0,11152,28173,18446744073709551615
3,1666,adaptive,7054,7054,149393,3299,22502,367,757,336,7053,2105,0,4949,0,0,0,1463,2966,18446744073709551615
3,1666,random_0,7426,7426,159863,3744,22502,783,3489,1491,7425,2477,0,4949,0,0,0,3070,14045,18446744073709551615
3,1666,budget_random_0,7311,7311,156715,3580,22502,390,1682,1137,7310,2362,0,4949,0,0,0,3070,14045,1682
3,1666,random_1,7483,7483,161314,3830,22502,831,3662,1615,7482,2534,0,4949,0,0,0,3070,13785,18446744073709551615
3,1666,budget_random_1,7331,7331,157386,3586,22502,396,1682,1170,7330,2382,0,4949,0,0,0,3070,13785,1682
3,1666,random_2,7461,7461,160782,3783,22502,767,3465,1529,7460,2512,0,4949,0,0,0,3070,13961,18446744073709551615
3,1666,budget_random_2,7337,7337,157501,3575,22502,368,1682,1165,7336,2388,0,4949,0,0,0,3070,13961,1682
3,1666,random_3,7418,7418,159685,3777,22502,716,3294,1449,7417,2469,0,4949,0,0,0,3070,13824,18446744073709551615
3,1666,budget_random_3,7337,7337,157318,3635,22502,376,1682,1133,7336,2388,0,4949,0,0,0,3070,13824,1682
3,1666,random_4,7541,7541,162742,3859,22502,808,3750,1591,7540,2592,0,4949,0,0,0,3070,14201,18446744073709551615
3,1666,budget_random_4,7387,7387,158611,3630,22502,359,1682,1173,7386,2438,0,4949,0,0,0,3070,14201,1682
3,3333,std_binary,0,0,0,0,0,0,0,0,0,0,0,0,0,0,0,0,0,0
3,3333,binary,6826,6826,143364,3130,22502,0,0,0,6825,1877,0,4949,0,0,0,0,0,0
3,3333,fourary,6826,6826,150973,3130,22502,0,0,0,6825,1877,0,4949,0,0,0,0,0,0
3,3333,mean_map,6489,6489,0,0,45721,0,0,0,6488,621,8,5111,757,11343,2222,0,0,0
3,3333,mean_ring,6489,6489,0,0,45721,0,0,0,6488,621,8,5111,757,11343,2222,0,0,0
3,3333,mean_degree,6752,6752,0,0,45039,0,0,0,6751,1545,33,4958,249,20209,607,0,0,0
3,3333,max_maxdegree,6722,6722,0,0,45045,0,0,0,6721,1470,30,4959,293,19939,672,0,0,0
3,3333,original_mean,0,0,0,0,0,0,0,0,0,0,0,0,0,0,0,0,0,0
3,3333,list_both,6489,6489,0,0,26680,0,0,0,6488,621,8,5868,757,13422,2400,0,0,0
3,3333,skip_only,6489,6489,0,0,23219,0,0,0,6488,621,8,5111,757,11705,2222,0,0,0
3,3333,heavy_only,6489,6489,0,0,49182,0,0,0,6488,621,8,5868,757,11343,2400,0,0,0
3,3333,mean_sqrtdegree,6625,6625,0,0,45189,0,0,0,6624,1177,16,4994,454,17332,1257,0,0,0
3,3333,median,6508,6508,0,0,45764,0,0,0,6507,617,8,5122,769,11259,2280,0,0,0
3,3333,sd,6547,6547,0,0,45256,0,0,0,6546,990,14,5007,550,16268,1430,0,0,0
3,3333,caliber,5352,5352,111055,3286,22502,0,0,0,7062,2114,0,4949,0,0,0,0,0,0
3,3333,degree4,7133,7133,151997,3496,22502,707,1771,761,7132,2184,0,4949,0,0,0,3070,7627,18446744073709551615
3,3333,selected_grid,8097,8097,0,0,47211,0,0,0,8096,1090,4,5431,1576,0,2942,0,0,0
3,3333,always,8224,8224,183559,5152,22502,3033,13855,5190,8223,3275,0,4949,0,0,0,22746,103684,18446744073709551615
3,3333,high_high,7885,7885,173460,4593,22502,1352,8813,3588,7884,2936,0,4949,0,0,0,8466,55220,18446744073709551615
3,3333,complement,8183,8183,182339,5061,22502,2690,13226,4996,8182,3234,0,4949,0,0,0,19676,96057,18446744073709551615
3,3333,tail_only,7738,7738,168937,4280,22502,1383,6225,2559,7737,2789,0,4949,0,0,0,6198,27918,18446744073709551615
3,3333,head_only,7701,7701,167986,4270,22502,2477,6251,2632,7700,2752,0,4949,0,0,0,11152,28173,18446744073709551615
3,3333,adaptive,6959,6959,147096,3298,22502,370,778,334,6958,2010,0,4949,0,0,0,1463,2966,18446744073709551615
3,3333,random_0,7444,7444,160345,3891,22502,830,3756,1625,7443,2495,0,4949,0,0,0,3070,14045,18446744073709551615
3,3333,budget_random_0,7287,7287,156236,3666,22502,403,1771,1206,7286,2338,0,4949,0,0,0,3070,14045,1771
3,3333,random_1,7400,7400,159535,3830,22502,797,3592,1621,7399,2451,0,4949,0,0,0,3070,13785,18446744073709551615
3,3333,budget_random_1,7228,7228,154744,3595,22502,391,1771,1218,7227,2279,0,4949,0,0,0,3070,13785,1771
3,3333,random_2,7401,7401,159393,3853,22502,761,3456,1514,7400,2452,0,4949,0,0,0,3070,13961,18446744073709551615
3,3333,budget_random_2,7299,7299,156492,3672,22502,383,1771,1183,7298,2350,0,4949,0,0,0,3070,13961,1771
3,3333,random_3,7394,7394,159144,3802,22502,788,3586,1554,7393,2445,0,4949,0,0,0,3070,13824,18446744073709551615
3,3333,budget_random_3,7244,7244,155073,3601,22502,393,1771,1180,7243,2295,0,4949,0,0,0,3070,13824,1771
3,3333,random_4,7369,7369,158587,3830,22502,761,3462,1498,7368,2420,0,4949,0,0,0,3070,14201,18446744073709551615
3,3333,budget_random_4,7243,7243,155094,3633,22502,399,1771,1156,7242,2294,0,4949,0,0,0,3070,14201,1771
4,3333,std_binary,0,0,0,0,0,0,0,0,0,0,0,0,0,0,0,0,0,0
4,3333,binary,13688,13688,315471,6264,44681,0,0,0,13687,3803,0,9885,0,0,0,0,0,0
4,3333,fourary,13688,13688,327142,6264,44681,0,0,0,13687,3803,0,9885,0,0,0,0,0,0
4,3333,mean_map,12981,12981,0,0,90730,0,0,0,12980,1281,9,10186,1514,22312,4438,0,0,0
4,3333,mean_ring,12981,12981,0,0,90730,0,0,0,12980,1281,9,10186,1514,22312,4438,0,0,0
4,3333,mean_degree,13591,13591,0,0,89427,0,0,0,13590,3154,38,9901,536,40009,1250,0,0,0
4,3333,max_maxdegree,13568,13568,0,0,89465,0,0,0,13567,3074,34,9908,586,39419,1402,0,0,0
4,3333,original_mean,0,0,0,0,0,0,0,0,0,0,0,0,0,0,0,0,0,0
4,3333,list_both,12981,12981,0,0,52897,0,0,0,12980,1281,9,11700,1514,26348,5449,0,0,0
4,3333,skip_only,12981,12981,0,0,46049,0,0,0,12980,1281,9,10186,1514,23007,4438,0,0,0
4,3333,heavy_only,12981,12981,0,0,97578,0,0,0,12980,1281,9,11700,1514,22312,5449,0,0,0
4,3333,mean_sqrtdegree,13240,13240,0,0,89823,0,0,0,13239,2335,19,9984,921,34338,2539,0,0,0
4,3333,median,12975,12975,0,0,90716,0,0,0,12974,1284,9,10184,1507,22338,4454,0,0,0
4,3333,sd,13048,13048,0,0,89994,0,0,0,13047,1923,16,10018,1107,32177,3049,0,0,0
4,3333,caliber,10887,10887,248640,6630,44681,0,0,0,14275,4391,0,9885,0,0,0,0,0,0
4,3333,degree4,14302,14302,333888,7011,44681,1443,3569,1649,14301,4417,0,9885,0,0,0,6150,15330,18446744073709551615
4,3333,selected_grid,15891,15891,0,0,93520,0,0,0,15890,1857,5,10822,3212,0,5725,0,0,0
4,3333,always,16451,16451,399846,10188,44681,6043,27201,10407,16450,6566,0,9885,0,0,0,45188,203590,18446744073709551615
4,3333,high_high,15836,15836,379592,9027,44681,2664,17272,7015,15835,5951,0,9885,0,0,0,16524,107414,18446744073709551615
4,3333,complement,16364,16364,397096,10069,44681,5304,25949,9971,16363,6479,0,9885,0,0,0,39038,188260,18446744073709551615
4,3333,tail_only,15520,15520,369809,8586,44681,2833,12860,5347,15519,5635,0,9885,0,0,0,12311,55383,18446744073709551615
4,3333,head_only,15516,15516,370109,8581,44681,5029,12532,5387,15515,5631,0,9885,0,0,0,22503,56123,18446744073709551615
4,3333,adaptive,13975,13975,324095,6609,44681,752,1461,693,13974,4090,0,9885,0,0,0,2806,5546,18446744073709551615
4,3333,random_0,14812,14812,348808,7670,44681,1600,7218,3100,14811,4927,0,9885,0,0,0,6150,28038,18446744073709551615
4,3333,budget_random_0,14565,14565,341916,7239,44681,807,3569,2364,14564,4680,0,9885,0,0,0,6150,28038,3569
4,3333,random_1,14748,14748,346809,7570,44681,1545,6953,3145,14747,4863,0,9885,0,0,0,6150,27527,18446744073709551615
4,3333,budget_random_1,14523,14523,340170,7188,44681,779,3569,2440,14522,4638,0,9885,0,0,0,6150,27527,3569
4,3333,random_2,14888,14888,350764,7717,44681,1588,7266,3128,14887,5003,0,9885,0,0,0,6150,27874,18446744073709551615
4,3333,budget_random_2,14597,14597,342250,7284,44681,783,3569,2390,14596,4712,0,9885,0,0,0,6150,27874,3569
4,3333,random_3,14768,14768,347374,7589,44681,1608,7232,3151,14767,4883,0,9885,0,0,0,6150,27503,18446744073709551615
4,3333,budget_random_3,14541,14541,341062,7201,44681,786,3569,2416,14540,4656,0,9885,0,0,0,6150,27503,3569
4,3333,random_4,14894,14894,351078,7731,44681,1585,7208,3234,14893,5009,0,9885,0,0,0,6150,27767,18446744073709551615
4,3333,budget_random_4,14626,14626,343432,7284,44681,791,3569,2459,14625,4741,0,9885,0,0,0,6150,27767,3569
4,6666,std_binary,0,0,0,0,0,0,0,0,0,0,0,0,0,0,0,0,0,0
4,6666,binary,13726,13726,315871,6228,44681,0,0,0,13725,3841,0,9885,0,0,0,0,0,0
4,6666,fourary,13726,13726,327287,6228,44681,0,0,0,13725,3841,0,9885,0,0,0,0,0,0
4,6666,mean_map,12997,12997,0,0,90896,0,0,0,12996,1178,10,10220,1599,22312,4735,0,0,0
4,6666,mean_ring,12997,12997,0,0,90896,0,0,0,12996,1178,10,10220,1599,22312,4735,0,0,0
4,6666,mean_degree,13570,13570,0,0,89500,0,0,0,13569,3126,38,9911,533,40009,1207,0,0,0
4,6666,max_maxdegree,13583,13583,0,0,89489,0,0,0,13582,3107,35,9910,566,39419,1351,0,0,0
4,6666,original_mean,0,0,0,0,0,0,0,0,0,0,0,0,0,0,0,0,0,0
4,6666,list_both,12997,12997,0,0,53496,0,0,0,12996,1178,10,11819,1599,26638,5791,0,0,0
4,6666,skip_only,12997,12997,0,0,46215,0,0,0,12996,1178,10,10220,1599,23066,4735,0,0,0
4,6666,heavy_only,12997,12997,0,0,98177,0,0,0,12996,1178,10,11819,1599,22312,5791,0,0,0
4,6666,mean_sqrtdegree,13259,13259,0,0,89845,0,0,0,13258,2363,20,9984,912,34338,2435,0,0,0
4,6666,median,12996,12996,0,0,90914,0,0,0,12995,1182,10,10225,1589,22338,4761,0,0,0
4,6666,sd,13076,13076,0,0,90004,0,0,0,13075,1939,16,10024,1113,32177,3072,0,0,0
4,6666,caliber,10804,10804,246008,6516,44681,0,0,0,14249,4365,0,9885,0,0,0,0,0,0
4,6666,degree4,14302,14302,333428,6892,44681,1418,3491,1554,14301,4417,0,9885,0,0,0,6150,15330,18446744073709551615
4,6666,selected_grid,15631,15631,0,0,93697,0,0,0,15630,1604,6,10838,3189,0,6354,0,0,0
4,6666,always,16392,16392,397723,10122,44681,6079,27421,10312,16391,6507,0,9885,0,0,0,45188,203590,18446744073709551615
4,6666,high_high,15938,15938,382178,9143,44681,2697,17501,7147,15937,6053,0,9885,0,0,0,16524,107414,18446744073709551615
4,6666,complement,16333,16333,395772,10045,44681,5327,26178,9961,16332,6448,0,9885,0,0,0,39038,188260,18446744073709551615
4,6666,tail_only,15421,15421,366192,8337,44681,2747,12372,5271,15420,5536,0,9885,0,0,0,12311,55383,18446744073709551615
4,6666,head_only,15567,15567,370575,8490,44681,5105,12809,5292,15566,5682,0,9885,0,0,0,22503,56123,18446744073709551615
4,6666,adaptive,13977,13977,323469,6522,44681,731,1388,649,13976,4092,0,9885,0,0,0,2806,5546,18446744073709551615
4,6666,random_0,14782,14782,347418,7540,44681,1583,7164,3067,14781,4897,0,9885,0,0,0,6150,28038,18446744073709551615
4,6666,budget_random_0,14539,14539,340056,7144,44681,772,3491,2339,14538,4654,0,9885,0,0,0,6150,28038,3491
4,6666,random_1,14771,14771,347106,7558,44681,1612,7355,3178,14770,4886,0,9885,0,0,0,6150,27527,18446744073709551615
4,6666,budget_random_1,14504,14504,339429,7126,44681,775,3491,2379,14503,4619,0,9885,0,0,0,6150,27527,3491
4,6666,random_2,14809,14809,348473,7578,44681,1587,7302,3125,14808,4924,0,9885,0,0,0,6150,27874,18446744073709551615
4,6666,budget_random_2,14540,14540,340504,7145,44681,761,3491,2333,14539,4655,0,9885,0,0,0,6150,27874,3491
4,6666,random_3,14732,14732,346175,7497,44681,1608,7240,3133,14731,4847,0,9885,0,0,0,6150,27503,18446744073709551615
4,6666,budget_random_3,14483,14483,338898,7104,44681,774,3491,2370,14482,4598,0,9885,0,0,0,6150,27503,3491
4,6666,random_4,14858,14858,348946,7611,44681,1632,7439,3206,14857,4973,0,9885,0,0,0,6150,27767,18446744073709551615
4,6666,budget_random_4,14587,14587,341362,7210,44681,747,3491,2389,14586,4702,0,9885,0,0,0,6150,27767,3491
5,333,std_binary,0,0,0,0,0,0,0,0,0,0,0,0,0,0,0,0,0,0
5,333,binary,2426,2426,39845,609,25061,0,0,0,2425,1426,0,1000,0,0,0,0,0,0
5,333,fourary,2426,2426,42875,609,25061,0,0,0,2425,1426,0,1000,0,0,0,0,0,0
5,333,mean_map,2293,2293,0,0,51953,0,0,0,2292,498,18,1075,720,7240,302,0,0,0
5,333,mean_ring,2293,2293,0,0,51953,0,0,0,2292,498,18,1075,720,7240,302,0,0,0
5,333,mean_degree,2426,2426,0,0,50122,0,0,0,2425,1361,332,1000,65,25061,24,0,0,0
5,333,max_maxdegree,2021,2021,0,0,50169,0,0,0,2020,757,50,1002,262,20784,121,0,0,0
5,333,original_mean,0,0,0,0,0,0,0,0,0,0,0,0,0,0,0,0,0,0
5,333,list_both,2293,2293,0,0,44974,0,0,0,2292,498,18,1795,720,12827,504,0,0,0
5,333,skip_only,2293,2293,0,0,26892,0,0,0,2292,498,18,1075,720,7748,302,0,0,0
5,333,heavy_only,2293,2293,0,0,70035,0,0,0,2292,498,18,1795,720,7240,504,0,0,0
5,333,mean_sqrtdegree,2320,2320,0,0,50151,0,0,0,2319,1094,84,1001,225,23697,94,0,0,0
5,333,median,2096,2096,0,0,51093,0,0,0,2095,521,24,1038,537,12530,223,0,0,0
5,333,sd,2597,2597,0,0,52576,0,0,0,2596,629,11,1097,871,760,487,0,0,0
5,333,caliber,2277,2277,37536,643,25061,0,0,0,2505,1506,0,1000,0,0,0,0,0,0
5,333,degree4,2426,2426,39845,609,25061,0,0,0,2425,1426,0,1000,0,0,0,0,0,18446744073709551615
5,333,selected_grid,3291,3291,0,0,60413,0,0,0,3290,76,2,1412,1803,0,1412,0,0,0
5,333,always,3255,3255,61162,1504,25061,679,16929,2575,3254,2255,0,1000,0,0,0,25061,628542,18446744073709551615
5,333,high_high,3255,3255,61162,1504,25061,679,16929,2575,3254,2255,0,1000,0,0,0,25061,628542,18446744073709551615
5,333,complement,3255,3255,61162,1504,25061,679,16929,2575,3254,2255,0,1000,0,0,0,25061,628542,18446744073709551615
5,333,tail_only,2426,2426,39845,609,25061,0,0,0,2425,1426,0,1000,0,0,0,0,0,18446744073709551615
5,333,head_only,2426,2426,39845,609,25061,0,0,0,2425,1426,0,1000,0,0,0,0,0,18446744073709551615
5,333,adaptive,2426,2426,39845,609,25061,0,0,0,2425,1426,0,1000,0,0,0,0,0,18446744073709551615
5,333,random_0,2426,2426,39845,609,25061,0,0,0,2425,1426,0,1000,0,0,0,0,0,18446744073709551615
5,333,budget_random_0,2426,2426,39845,609,25061,0,0,0,2425,1426,0,1000,0,0,0,0,0,0
5,333,random_1,2426,2426,39845,609,25061,0,0,0,2425,1426,0,1000,0,0,0,0,0,18446744073709551615
5,333,budget_random_1,2426,2426,39845,609,25061,0,0,0,2425,1426,0,1000,0,0,0,0,0,0
5,333,random_2,2426,2426,39845,609,25061,0,0,0,2425,1426,0,1000,0,0,0,0,0,18446744073709551615
5,333,budget_random_2,2426,2426,39845,609,25061,0,0,0,2425,1426,0,1000,0,0,0,0,0,0
5,333,random_3,2426,2426,39845,609,25061,0,0,0,2425,1426,0,1000,0,0,0,0,0,18446744073709551615
5,333,budget_random_3,2426,2426,39845,609,25061,0,0,0,2425,1426,0,1000,0,0,0,0,0,0
5,333,random_4,2426,2426,39845,609,25061,0,0,0,2425,1426,0,1000,0,0,0,0,0,18446744073709551615
5,333,budget_random_4,2426,2426,39845,609,25061,0,0,0,2425,1426,0,1000,0,0,0,0,0,0
5,666,std_binary,0,0,0,0,0,0,0,0,0,0,0,0,0,0,0,0,0,0
5,666,binary,2413,2413,38908,517,25061,0,0,0,2412,1413,0,1000,0,0,0,0,0,0
5,666,fourary,2413,2413,42373,517,25061,0,0,0,2412,1413,0,1000,0,0,0,0,0,0
5,666,mean_map,2296,2296,0,0,51780,0,0,0,2295,510,19,1066,720,7240,249,0,0,0
5,666,mean_ring,2296,2296,0,0,51780,0,0,0,2295,510,19,1066,720,7240,249,0,0,0
5,666,mean_degree,2412,2412,0,0,50122,0,0,0,2411,1360,341,1000,52,25061,20,0,0,0
5,666,max_maxdegree,2025,2025,0,0,50192,0,0,0,2024,745,50,1003,277,20784,128,0,0,0
5,666,original_mean,0,0,0,0,0,0,0,0,0,0,0,0,0,0,0,0,0,0
5,666,list_both,2296,2296,0,0,44693,0,0,0,2295,510,19,1786,720,13034,410,0,0,0
5,666,skip_only,2296,2296,0,0,26719,0,0,0,2295,510,19,1066,720,7733,249,0,0,0
5,666,heavy_only,2296,2296,0,0,69754,0,0,0,2295,510,19,1786,720,7240,410,0,0,0
5,666,mean_sqrtdegree,2312,2312,0,0,50151,0,0,0,2311,1084,87,1001,227,23697,86,0,0,0
5,666,median,2022,2022,0,0,50793,0,0,0,2021,482,25,1027,513,12530,212,0,0,0
5,666,sd,2540,2540,0,0,52312,0,0,0,2539,458,11,1088,994,760,440,0,0,0
5,666,caliber,2299,2299,36894,547,25061,0,0,0,2522,1523,0,1000,0,0,0,0,0,0
5,666,degree4,2413,2413,38908,517,25061,0,0,0,2412,1413,0,1000,0,0,0,0,0,18446744073709551615
5,666,selected_grid,2886,2886,0,0,56803,0,0,0,2885,60,2,1263,1563,0,1263,0,0,0
5,666,always,3163,3163,58417,1246,25061,684,17131,2478,3162,2163,0,1000,0,0,0,25061,628542,18446744073709551615
5,666,high_high,3163,3163,58417,1246,25061,684,17131,2478,3162,2163,0,1000,0,0,0,25061,628542,18446744073709551615
5,666,complement,3163,3163,58417,1246,25061,684,17131,2478,3162,2163,0,1000,0,0,0,25061,628542,18446744073709551615
5,666,tail_only,2413,2413,38908,517,25061,0,0,0,2412,1413,0,1000,0,0,0,0,0,18446744073709551615
5,666,head_only,2413,2413,38908,517,25061,0,0,0,2412,1413,0,1000,0,0,0,0,0,18446744073709551615
5,666,adaptive,2413,2413,38908,517,25061,0,0,0,2412,1413,0,1000,0,0,0,0,0,18446744073709551615
5,666,random_0,2413,2413,38908,517,25061,0,0,0,2412,1413,0,1000,0,0,0,0,0,18446744073709551615
5,666,budget_random_0,2413,2413,38908,517,25061,0,0,0,2412,1413,0,1000,0,0,0,0,0,0
5,666,random_1,2413,2413,38908,517,25061,0,0,0,2412,1413,0,1000,0,0,0,0,0,18446744073709551615
5,666,budget_random_1,2413,2413,38908,517,25061,0,0,0,2412,1413,0,1000,0,0,0,0,0,0
5,666,random_2,2413,2413,38908,517,25061,0,0,0,2412,1413,0,1000,0,0,0,0,0,18446744073709551615
5,666,budget_random_2,2413,2413,38908,517,25061,0,0,0,2412,1413,0,1000,0,0,0,0,0,0
5,666,random_3,2413,2413,38908,517,25061,0,0,0,2412,1413,0,1000,0,0,0,0,0,18446744073709551615
5,666,budget_random_3,2413,2413,38908,517,25061,0,0,0,2412,1413,0,1000,0,0,0,0,0,0
5,666,random_4,2413,2413,38908,517,25061,0,0,0,2412,1413,0,1000,0,0,0,0,0,18446744073709551615
5,666,budget_random_4,2413,2413,38908,517,25061,0,0,0,2412,1413,0,1000,0,0,0,0,0,0
6,666,std_binary,0,0,0,0,0,0,0,0,0,0,0,0,0,0,0,0,0,0
6,666,binary,5294,5294,101814,1645,51918,0,0,0,5293,3294,0,2000,0,0,0,0,0,0
6,666,fourary,5294,5294,106904,1645,51918,0,0,0,5293,3294,0,2000,0,0,0,0,0,0
6,666,mean_map,5195,5195,0,0,108440,0,0,0,5194,1406,16,2176,1613,4911,657,0,0,0
6,666,mean_ring,5195,5195,0,0,108440,0,0,0,5194,1406,16,2176,1613,4911,657,0,0,0
6,666,mean_degree,5309,5309,0,0,103836,0,0,0,5308,3153,334,2000,156,51918,43,0,0,0
6,666,max_maxdegree,4525,4525,0,0,104135,0,0,0,4524,1905,55,2012,608,43514,257,0,0,0
6,666,original_mean,0,0,0,0,0,0,0,0,0,0,0,0,0,0,0,0,0,0
6,666,list_both,5195,5195,0,0,98335,0,0,0,5194,1406,16,3789,1613,9329,1137,0,0,0
6,666,skip_only,5195,5195,0,0,56522,0,0,0,5194,1406,16,2176,1613,5368,657,0,0,0
6,666,heavy_only,5195,5195,0,0,150253,0,0,0,5194,1406,16,3789,1613,4911,1137,0,0,0
6,666,mean_sqrtdegree,4884,4884,0,0,103987,0,0,0,4883,2323,74,2006,555,47004,187,0,0,0
6,666,median,4548,4548,0,0,105755,0,0,0,4547,1354,25,2076,1118,25958,488,0,0,0
6,666,sd,5255,5255,0,0,110466,0,0,0,5254,1058,9,2255,1942,3120,1195,0,0,0
6,666,caliber,4900,4900,94217,1656,51918,0,0,0,5353,3354,0,2000,0,0,0,0,0,0
6,666,degree4,5294,5294,101814,1645,51918,0,0,0,5293,3294,0,2000,0,0,0,0,0,18446744073709551615
6,666,selected_grid,5205,5205,0,0,111020,0,0,0,5204,797,9,2277,2131,3120,1335,0,0,0
6,666,always,6915,6915,146109,3087,51918,1414,36731,5500,6914,4915,0,2000,0,0,0,51918,1350417,18446744073709551615
6,666,high_high,6915,6915,146109,3087,51918,1414,36731,5500,6914,4915,0,2000,0,0,0,51918,1350417,18446744073709551615
6,666,complement,6915,6915,146109,3087,51918,1414,36731,5500,6914,4915,0,2000,0,0,0,51918,1350417,18446744073709551615
6,666,tail_only,5294,5294,101814,1645,51918,0,0,0,5293,3294,0,2000,0,0,0,0,0,18446744073709551615
6,666,head_only,5294,5294,101814,1645,51918,0,0,0,5293,3294,0,2000,0,0,0,0,0,18446744073709551615
6,666,adaptive,5294,5294,101814,1645,51918,0,0,0,5293,3294,0,2000,0,0,0,0,0,18446744073709551615
6,666,random_0,5294,5294,101814,1645,51918,0,0,0,5293,3294,0,2000,0,0,0,0,0,18446744073709551615
6,666,budget_random_0,5294,5294,101814,1645,51918,0,0,0,5293,3294,0,2000,0,0,0,0,0,0
6,666,random_1,5294,5294,101814,1645,51918,0,0,0,5293,3294,0,2000,0,0,0,0,0,18446744073709551615
6,666,budget_random_1,5294,5294,101814,1645,51918,0,0,0,5293,3294,0,2000,0,0,0,0,0,0
6,666,random_2,5294,5294,101814,1645,51918,0,0,0,5293,3294,0,2000,0,0,0,0,0,18446744073709551615
6,666,budget_random_2,5294,5294,101814,1645,51918,0,0,0,5293,3294,0,2000,0,0,0,0,0,0
6,666,random_3,5294,5294,101814,1645,51918,0,0,0,5293,3294,0,2000,0,0,0,0,0,18446744073709551615
6,666,budget_random_3,5294,5294,101814,1645,51918,0,0,0,5293,3294,0,2000,0,0,0,0,0,0
6,666,random_4,5294,5294,101814,1645,51918,0,0,0,5293,3294,0,2000,0,0,0,0,0,18446744073709551615
6,666,budget_random_4,5294,5294,101814,1645,51918,0,0,0,5293,3294,0,2000,0,0,0,0,0,0
6,1333,std_binary,0,0,0,0,0,0,0,0,0,0,0,0,0,0,0,0,0,0
6,1333,binary,5255,5255,101515,1563,51918,0,0,0,5254,3255,0,2000,0,0,0,0,0,0
6,1333,fourary,5255,5255,104164,1563,51918,0,0,0,5254,3255,0,2000,0,0,0,0,0,0
6,1333,mean_map,5212,5212,0,0,108832,0,0,0,5211,1199,17,2193,1820,4911,900,0,0,0
6,1333,mean_ring,5212,5212,0,0,108832,0,0,0,5211,1199,17,2193,1820,4911,900,0,0,0
6,1333,mean_degree,5254,5254,0,0,103836,0,0,0,5253,3110,336,2000,144,51918,64,0,0,0
6,1333,max_maxdegree,4383,4383,0,0,104031,0,0,0,4382,1800,57,2007,576,43514,355,0,0,0
6,1333,original_mean,0,0,0,0,0,0,0,0,0,0,0,0,0,0,0,0,0,0
6,1333,list_both,5212,5212,0,0,104094,0,0,0,5211,1199,17,4013,1820,9827,1643,0,0,0
6,1333,skip_only,5212,5212,0,0,56914,0,0,0,5211,1199,17,2193,1820,5389,900,0,0,0
6,1333,heavy_only,5212,5212,0,0,156012,0,0,0,5211,1199,17,4013,1820,4911,1643,0,0,0
6,1333,mean_sqrtdegree,4716,4716,0,0,103887,0,0,0,4715,2188,77,2002,526,47004,295,0,0,0
6,1333,median,4468,4468,0,0,105824,0,0,0,4467,1281,27,2076,1111,25958,519,0,0,0
6,1333,sd,5349,5349,0,0,109507,0,0,0,5348,1111,9,2218,2020,3120,965,0,0,0
6,1333,caliber,4973,4973,95720,1591,51918,0,0,0,5420,3421,0,2000,0,0,0,0,0,0
6,1333,degree4,5255,5255,101515,1563,51918,0,0,0,5254,3255,0,2000,0,0,0,0,0,18446744073709551615
6,1333,selected_grid,5412,5412,0,0,112386,0,0,0,5411,688,9,2331,2393,3120,1397,0,0,0
6,1333,always,7311,7311,155479,3738,51918,1469,38151,5841,7310,5311,0,2000,0,0,0,51918,1350417,18446744073709551615
6,1333,high_high,7311,7311,155479,3738,51918,1469,38151,5841,7310,5311,0,2000,0,0,0,51918,1350417,18446744073709551615
6,1333,complement,7311,7311,155479,3738,51918,1469,38151,5841,7310,5311,0,2000,0,0,0,51918,1350417,18446744073709551615
6,1333,tail_only,5255,5255,101515,1563,51918,0,0,0,5254,3255,0,2000,0,0,0,0,0,18446744073709551615
6,1333,head_only,5255,5255,101515,1563,51918,0,0,0,5254,3255,0,2000,0,0,0,0,0,18446744073709551615
6,1333,adaptive,5255,5255,101515,1563,51918,0,0,0,5254,3255,0,2000,0,0,0,0,0,18446744073709551615
6,1333,random_0,5255,5255,101515,1563,51918,0,0,0,5254,3255,0,2000,0,0,0,0,0,18446744073709551615
6,1333,budget_random_0,5255,5255,101515,1563,51918,0,0,0,5254,3255,0,2000,0,0,0,0,0,0
6,1333,random_1,5255,5255,101515,1563,51918,0,0,0,5254,3255,0,2000,0,0,0,0,0,18446744073709551615
6,1333,budget_random_1,5255,5255,101515,1563,51918,0,0,0,5254,3255,0,2000,0,0,0,0,0,0
6,1333,random_2,5255,5255,101515,1563,51918,0,0,0,5254,3255,0,2000,0,0,0,0,0,18446744073709551615
6,1333,budget_random_2,5255,5255,101515,1563,51918,0,0,0,5254,3255,0,2000,0,0,0,0,0,0
6,1333,random_3,5255,5255,101515,1563,51918,0,0,0,5254,3255,0,2000,0,0,0,0,0,18446744073709551615
6,1333,budget_random_3,5255,5255,101515,1563,51918,0,0,0,5254,3255,0,2000,0,0,0,0,0,0
6,1333,random_4,5255,5255,101515,1563,51918,0,0,0,5254,3255,0,2000,0,0,0,0,0,18446744073709551615
6,1333,budget_random_4,5255,5255,101515,1563,51918,0,0,0,5254,3255,0,2000,0,0,0,0,0,0
7,1666,std_binary,0,0,0,0,0,0,0,0,0,0,0,0,0,0,0,0,0,0
7,1666,binary,15234,15234,350835,5834,142318,0,0,0,15233,10234,0,5000,0,0,0,0,0,0
7,1666,fourary,15234,15234,361292,5834,142318,0,0,0,15233,10234,0,5000,0,0,0,0,0,0
7,1666,mean_map,15051,15051,0,0,299332,0,0,0,15050,4849,11,5520,4682,19800,2190,0,0,0
7,1666,mean_ring,15051,15051,0,0,299332,0,0,0,15050,4849,11,5520,4682,19800,2190,0,0,0
7,1666,mean_degree,15206,15206,0,0,284636,0,0,0,15205,9721,260,5000,485,142318,102,0,0,0
7,1666,max_maxdegree,13553,13553,0,0,285371,0,0,0,13552,7126,63,5026,1401,124395,407,0,0,0
7,1666,original_mean,0,0,0,0,0,0,0,0,0,0,0,0,0,0,0,0,0,0
7,1666,list_both,15051,15051,0,0,290279,0,0,0,15050,4849,11,10202,4682,40439,4054,0,0,0
7,1666,skip_only,15051,15051,0,0,157014,0,0,0,15050,4849,11,5520,4682,21835,2190,0,0,0
7,1666,heavy_only,15051,15051,0,0,432597,0,0,0,15050,4849,11,10202,4682,19800,4054,0,0,0
7,1666,mean_sqrtdegree,13194,13194,0,0,285418,0,0,0,13193,6569,51,5027,1598,117223,493,0,0,0
7,1666,median,13501,13501,0,0,290931,0,0,0,13500,5302,24,5225,2974,71158,913,0,0,0
7,1666,sd,15146,15146,0,0,307433,0,0,0,15145,3564,7,5806,5776,19800,3178,0,0,0
7,1666,caliber,14538,14538,335320,5966,142318,0,0,0,15635,10636,0,5000,0,0,0,0,0,0
7,1666,degree4,15234,15234,350835,5834,142318,0,0,0,15233,10234,0,5000,0,0,0,0,0,18446744073709551615
7,1666,selected_grid,13752,13752,0,0,305273,0,0,0,13751,2418,7,5725,5609,19800,4443,0,0,0
7,1666,always,19137,19137,459146,9273,142318,3654,104190,15482,19136,14137,0,5000,0,0,0,142318,4069317,18446744073709551615
7,1666,high_high,19137,19137,459146,9273,142318,3654,104190,15482,19136,14137,0,5000,0,0,0,142318,4069317,18446744073709551615
7,1666,complement,19137,19137,459146,9273,142318,3654,104190,15482,19136,14137,0,5000,0,0,0,142318,4069317,18446744073709551615
7,1666,tail_only,15234,15234,350835,5834,142318,0,0,0,15233,10234,0,5000,0,0,0,0,0,18446744073709551615
7,1666,head_only,15234,15234,350835,5834,142318,0,0,0,15233,10234,0,5000,0,0,0,0,0,18446744073709551615
7,1666,adaptive,15234,15234,350835,5834,142318,0,0,0,15233,10234,0,5000,0,0,0,0,0,18446744073709551615
7,1666,random_0,15234,15234,350835,5834,142318,0,0,0,15233,10234,0,5000,0,0,0,0,0,18446744073709551615
7,1666,budget_random_0,15234,15234,350835,5834,142318,0,0,0,15233,10234,0,5000,0,0,0,0,0,0
7,1666,random_1,15234,15234,350835,5834,142318,0,0,0,15233,10234,0,5000,0,0,0,0,0,18446744073709551615
7,1666,budget_random_1,15234,15234,350835,5834,142318,0,0,0,15233,10234,0,5000,0,0,0,0,0,0
7,1666,random_2,15234,15234,350835,5834,142318,0,0,0,15233,10234,0,5000,0,0,0,0,0,18446744073709551615
7,1666,budget_random_2,15234,15234,350835,5834,142318,0,0,0,15233,10234,0,5000,0,0,0,0,0,0
7,1666,random_3,15234,15234,350835,5834,142318,0,0,0,15233,10234,0,5000,0,0,0,0,0,18446744073709551615
7,1666,budget_random_3,15234,15234,350835,5834,142318,0,0,0,15233,10234,0,5000,0,0,0,0,0,0
7,1666,random_4,15234,15234,350835,5834,142318,0,0,0,15233,10234,0,5000,0,0,0,0,0,18446744073709551615
7,1666,budget_random_4,15234,15234,350835,5834,142318,0,0,0,15233,10234,0,5000,0,0,0,0,0,0
7,3333,std_binary,0,0,0,0,0,0,0,0,0,0,0,0,0,0,0,0,0,0
7,3333,binary,15245,15245,347563,5512,142318,0,0,0,15244,10245,0,5000,0,0,0,0,0,0
7,3333,fourary,15245,15245,359139,5512,142318,0,0,0,15244,10245,0,5000,0,0,0,0,0,0
7,3333,mean_map,14848,14848,0,0,301496,0,0,0,14847,4357,11,5592,4899,19800,2449,0,0,0
7,3333,mean_ring,14848,14848,0,0,301496,0,0,0,14847,4357,11,5592,4899,19800,2449,0,0,0
7,3333,mean_degree,15216,15216,0,0,284636,0,0,0,15215,9736,257,5000,480,142318,99,0,0,0
7,3333,max_maxdegree,13582,13582,0,0,285337,0,0,0,13581,7137,61,5024,1421,124395,395,0,0,0
7,3333,original_mean,0,0,0,0,0,0,0,0,0,0,0,0,0,0,0,0,0,0
7,3333,list_both,14848,14848,0,0,298541,0,0,0,14847,4357,11,10491,4899,41312,4558,0,0,0
7,3333,skip_only,14848,14848,0,0,159178,0,0,0,14847,4357,11,5592,4899,22110,2449,0,0,0
7,3333,heavy_only,14848,14848,0,0,440859,0,0,0,14847,4357,11,10491,4899,19800,4558,0,0,0
7,3333,mean_sqrtdegree,13091,13091,0,0,285278,0,0,0,13090,6516,51,5022,1553,117223,480,0,0,0
7,3333,median,13410,13410,0,0,291555,0,0,0,13409,5292,24,5242,2876,71158,953,0,0,0
7,3333,sd,15005,15005,0,0,309719,0,0,0,15004,3307,6,5874,5824,19800,3005,0,0,0
7,3333,caliber,14553,14553,332242,5659,142318,0,0,0,15643,10644,0,5000,0,0,0,0,0,0
7,3333,degree4,15245,15245,347563,5512,142318,0,0,0,15244,10245,0,5000,0,0,0,0,0,18446744073709551615
7,3333,selected_grid,14238,14238,0,0,309981,0,0,0,14237,2344,7,5889,6005,19800,4571,0,0,0
7,3333,always,19618,19618,472496,9600,142318,3753,107098,15864,19617,14618,0,5000,0,0,0,142318,4069317,18446744073709551615
7,3333,high_high,19618,19618,472496,9600,142318,3753,107098,15864,19617,14618,0,5000,0,0,0,142318,4069317,18446744073709551615
7,3333,complement,19618,19618,472496,9600,142318,3753,107098,15864,19617,14618,0,5000,0,0,0,142318,4069317,18446744073709551615
7,3333,tail_only,15245,15245,347563,5512,142318,0,0,0,15244,10245,0,5000,0,0,0,0,0,18446744073709551615
7,3333,head_only,15245,15245,347563,5512,142318,0,0,0,15244,10245,0,5000,0,0,0,0,0,18446744073709551615
7,3333,adaptive,15245,15245,347563,5512,142318,0,0,0,15244,10245,0,5000,0,0,0,0,0,18446744073709551615
7,3333,random_0,15245,15245,347563,5512,142318,0,0,0,15244,10245,0,5000,0,0,0,0,0,18446744073709551615
7,3333,budget_random_0,15245,15245,347563,5512,142318,0,0,0,15244,10245,0,5000,0,0,0,0,0,0
7,3333,random_1,15245,15245,347563,5512,142318,0,0,0,15244,10245,0,5000,0,0,0,0,0,18446744073709551615
7,3333,budget_random_1,15245,15245,347563,5512,142318,0,0,0,15244,10245,0,5000,0,0,0,0,0,0
7,3333,random_2,15245,15245,347563,5512,142318,0,0,0,15244,10245,0,5000,0,0,0,0,0,18446744073709551615
7,3333,budget_random_2,15245,15245,347563,5512,142318,0,0,0,15244,10245,0,5000,0,0,0,0,0,0
7,3333,random_3,15245,15245,347563,5512,142318,0,0,0,15244,10245,0,5000,0,0,0,0,0,18446744073709551615
7,3333,budget_random_3,15245,15245,347563,5512,142318,0,0,0,15244,10245,0,5000,0,0,0,0,0,0
7,3333,random_4,15245,15245,347563,5512,142318,0,0,0,15244,10245,0,5000,0,0,0,0,0,18446744073709551615
7,3333,budget_random_4,15245,15245,347563,5512,142318,0,0,0,15244,10245,0,5000,0,0,0,0,0,0
8,3333,std_binary,0,0,0,0,0,0,0,0,0,0,0,0,0,0,0,0,0,0
8,3333,binary,33999,33999,854048,14693,324486,0,0,0,33998,23999,0,10000,0,0,0,0,0,0
8,3333,fourary,33999,33999,906729,14693,324486,0,0,0,33998,23999,0,10000,0,0,0,0,0,0
8,3333,mean_map,32854,32854,0,0,695021,0,0,0,32853,10509,8,11418,10927,79600,6225,0,0,0
8,3333,mean_ring,32854,32854,0,0,695021,0,0,0,32853,10509,8,11418,10927,79600,6225,0,0,0
8,3333,mean_degree,34005,34005,0,0,648972,0,0,0,34004,22803,195,10000,1202,324486,293,0,0,0
8,3333,max_maxdegree,31194,31194,0,0,649995,0,0,0,31193,18400,67,10031,2763,295212,829,0,0,0
8,3333,original_mean,0,0,0,0,0,0,0,0,0,0,0,0,0,0,0,0,0,0
8,3333,list_both,32854,32854,0,0,725340,0,0,0,32853,10509,8,22345,10927,178037,12676,0,0,0
8,3333,skip_only,32854,32854,0,0,370535,0,0,0,32853,10509,8,11418,10927,91007,6225,0,0,0
8,3333,heavy_only,32854,32854,0,0,1049826,0,0,0,32853,10509,8,22345,10927,79600,12676,0,0,0
8,3333,mean_sqrtdegree,28818,28818,0,0,653598,0,0,0,28817,14690,38,10142,3986,244278,1546,0,0,0
8,3333,median,30496,30496,0,0,667891,0,0,0,30495,13195,21,10585,6716,162242,2787,0,0,0
8,3333,sd,31352,31352,0,0,709664,0,0,0,31351,6923,7,11865,12564,79600,9284,0,0,0
8,3333,caliber,32531,32531,819227,14963,324486,0,0,0,34752,24753,0,10000,0,0,0,0,0,0
8,3333,degree4,33999,33999,854048,14693,324486,0,0,0,33998,23999,0,10000,0,0,0,0,0,18446744073709551615
8,3333,selected_grid,28244,28244,0,0,720489,0,0,0,28243,2014,5,12196,14034,79600,10187,0,0,0
8,3333,always,42085,42085,1117814,23193,324486,7673,250132,34411,42084,32085,0,10000,0,0,0,324486,10606497,18446744073709551615
8,3333,high_high,42085,42085,1117814,23193,324486,7673,250132,34411,42084,32085,0,10000,0,0,0,324486,10606497,18446744073709551615
8,3333,complement,42085,42085,1117814,23193,324486,7673,250132,34411,42084,32085,0,10000,0,0,0,324486,10606497,18446744073709551615
8,3333,tail_only,33999,33999,854048,14693,324486,0,0,0,33998,23999,0,10000,0,0,0,0,0,18446744073709551615
8,3333,head_only,33999,33999,854048,14693,324486,0,0,0,33998,23999,0,10000,0,0,0,0,0,18446744073709551615
8,3333,adaptive,33999,33999,854048,14693,324486,0,0,0,33998,23999,0,10000,0,0,0,0,0,18446744073709551615
8,3333,random_0,33999,33999,854048,14693,324486,0,0,0,33998,23999,0,10000,0,0,0,0,0,18446744073709551615
8,3333,budget_random_0,33999,33999,854048,14693,324486,0,0,0,33998,23999,0,10000,0,0,0,0,0,0
8,3333,random_1,33999,33999,854048,14693,324486,0,0,0,33998,23999,0,10000,0,0,0,0,0,18446744073709551615
8,3333,budget_random_1,33999,33999,854048,14693,324486,0,0,0,33998,23999,0,10000,0,0,0,0,0,0
8,3333,random_2,33999,33999,854048,14693,324486,0,0,0,33998,23999,0,10000,0,0,0,0,0,18446744073709551615
8,3333,budget_random_2,33999,33999,854048,14693,324486,0,0,0,33998,23999,0,10000,0,0,0,0,0,0
8,3333,random_3,33999,33999,854048,14693,324486,0,0,0,33998,23999,0,10000,0,0,0,0,0,18446744073709551615
8,3333,budget_random_3,33999,33999,854048,14693,324486,0,0,0,33998,23999,0,10000,0,0,0,0,0,0
8,3333,random_4,33999,33999,854048,14693,324486,0,0,0,33998,23999,0,10000,0,0,0,0,0,18446744073709551615
8,3333,budget_random_4,33999,33999,854048,14693,324486,0,0,0,33998,23999,0,10000,0,0,0,0,0,0
8,6666,std_binary,0,0,0,0,0,0,0,0,0,0,0,0,0,0,0,0,0,0
8,6666,binary,34215,34215,866688,15204,324486,0,0,0,34214,24215,0,10000,0,0,0,0,0,0
8,6666,fourary,34215,34215,913167,15204,324486,0,0,0,34214,24215,0,10000,0,0,0,0,0,0
8,6666,mean_map,33365,33365,0,0,697215,0,0,0,33364,11050,7,11489,10826,79600,6740,0,0,0
8,6666,mean_ring,33365,33365,0,0,697215,0,0,0,33364,11050,7,11489,10826,79600,6740,0,0,0
8,6666,mean_degree,34218,34218,0,0,648972,0,0,0,34217,22982,194,10000,1236,324486,262,0,0,0
8,6666,max_maxdegree,31243,31243,0,0,650037,0,0,0,31242,18479,66,10034,2730,295212,766,0,0,0
8,6666,original_mean,0,0,0,0,0,0,0,0,0,0,0,0,0,0,0,0,0,0
8,6666,list_both,33365,33365,0,0,724630,0,0,0,33364,11050,7,22315,10826,177688,13331,0,0,0
8,6666,skip_only,33365,33365,0,0,372729,0,0,0,33364,11050,7,11489,10826,91427,6740,0,0,0
8,6666,heavy_only,33365,33365,0,0,1049116,0,0,0,33364,11050,7,22315,10826,79600,13331,0,0,0
8,6666,mean_sqrtdegree,29172,29172,0,0,654558,0,0,0,29171,14965,36,10173,4034,244278,1255,0,0,0
8,6666,median,31096,31096,0,0,667905,0,0,0,31095,14167,21,10589,6340,162242,2274,0,0,0
8,6666,sd,30800,30800,0,0,705819,0,0,0,30799,6806,7,11746,12248,79600,9449,0,0,0
8,6666,caliber,32510,32510,824782,15388,324486,0,0,0,34790,24791,0,10000,0,0,0,0,0,0
8,6666,degree4,34215,34215,866688,15204,324486,0,0,0,34214,24215,0,10000,0,0,0,0,0,18446744073709551615
8,6666,selected_grid,28142,28142,0,0,716599,0,0,0,28141,2481,5,12086,13575,79600,10277,0,0,0
8,6666,always,42026,42026,1110228,22578,324486,7769,252980,34256,42025,32026,0,10000,0,0,0,324486,10606497,18446744073709551615
8,6666,high_high,42026,42026,1110228,22578,324486,7769,252980,34256,42025,32026,0,10000,0,0,0,324486,10606497,18446744073709551615
8,6666,complement,42026,42026,1110228,22578,324486,7769,252980,34256,42025,32026,0,10000,0,0,0,324486,10606497,18446744073709551615
8,6666,tail_only,34215,34215,866688,15204,324486,0,0,0,34214,24215,0,10000,0,0,0,0,0,18446744073709551615
8,6666,head_only,34215,34215,866688,15204,324486,0,0,0,34214,24215,0,10000,0,0,0,0,0,18446744073709551615
8,6666,adaptive,34215,34215,866688,15204,324486,0,0,0,34214,24215,0,10000,0,0,0,0,0,18446744073709551615
8,6666,random_0,34215,34215,866688,15204,324486,0,0,0,34214,24215,0,10000,0,0,0,0,0,18446744073709551615
8,6666,budget_random_0,34215,34215,866688,15204,324486,0,0,0,34214,24215,0,10000,0,0,0,0,0,0
8,6666,random_1,34215,34215,866688,15204,324486,0,0,0,34214,24215,0,10000,0,0,0,0,0,18446744073709551615
8,6666,budget_random_1,34215,34215,866688,15204,324486,0,0,0,34214,24215,0,10000,0,0,0,0,0,0
8,6666,random_2,34215,34215,866688,15204,324486,0,0,0,34214,24215,0,10000,0,0,0,0,0,18446744073709551615
8,6666,budget_random_2,34215,34215,866688,15204,324486,0,0,0,34214,24215,0,10000,0,0,0,0,0,0
8,6666,random_3,34215,34215,866688,15204,324486,0,0,0,34214,24215,0,10000,0,0,0,0,0,18446744073709551615
8,6666,budget_random_3,34215,34215,866688,15204,324486,0,0,0,34214,24215,0,10000,0,0,0,0,0,0
8,6666,random_4,34215,34215,866688,15204,324486,0,0,0,34214,24215,0,10000,0,0,0,0,0,18446744073709551615
8,6666,budget_random_4,34215,34215,866688,15204,324486,0,0,0,34214,24215,0,10000,0,0,0,0,0,0
9,333,std_binary,0,0,0,0,0,0,0,0,0,0,0,0,0,0,0,0,0,0
9,333,binary,3871,3871,80950,3234,99482,0,0,0,3870,2871,0,1000,0,0,0,0,0,0
9,333,fourary,3871,3871,83940,3234,99482,0,0,0,3870,2871,0,1000,0,0,0,0,0,0
9,333,mean_map,4612,4612,0,0,273929,0,0,0,4611,379,2,1755,2478,49733,1755,0,0,0
9,333,mean_ring,4612,4612,0,0,273929,0,0,0,4611,379,2,1755,2478,49733,1755,0,0,0
9,333,mean_degree,3857,3857,0,0,198964,0,0,0,3856,2789,206,1000,68,99482,90,0,0,0
9,333,max_maxdegree,3851,3851,0,0,198964,0,0,0,3850,2773,140,1000,78,99482,125,0,0,0
9,333,original_mean,0,0,0,0,0,0,0,0,0,0,0,0,0,0,0,0,0,0
9,333,list_both,4612,4612,0,0,421335,0,0,0,4611,379,2,4233,2478,210621,4233,0,0,0
9,333,skip_only,4612,4612,0,0,174447,0,0,0,4611,379,2,1755,2478,87362,1755,0,0,0
9,333,heavy_only,4612,4612,0,0,520817,0,0,0,4611,379,2,4233,2478,49733,4233,0,0,0
9,333,mean_sqrtdegree,3228,3228,0,0,202884,0,0,0,3227,1880,22,1038,310,95380,649,0,0,0
9,333,median,4612,4612,0,0,273929,0,0,0,4611,379,2,1755,2478,49740,1755,0,0,0
9,333,sd,3665,3665,0,0,253384,0,0,0,3664,706,2,1547,1412,71652,1547,0,0,0
9,333,caliber,3646,3646,76155,3274,99482,0,0,0,3918,2919,0,1000,0,0,0,0,0,0
9,333,degree4,3871,3871,80950,3234,99482,0,0,0,3870,2871,0,1000,0,0,0,0,0,18446744073709551615
9,333,selected_grid,2109,2109,0,0,208243,0,0,0,2108,208,9,1093,808,87725,759,0,0,0
9,333,always,4992,4992,109387,4529,99482,824,81899,4167,4991,3992,0,1000,0,0,0,99482,9895194,18446744073709551615
9,333,high_high,4992,4992,109387,4529,99482,824,81899,4167,4991,3992,0,1000,0,0,0,99482,9895194,18446744073709551615
9,333,complement,4992,4992,109387,4529,99482,824,81899,4167,4991,3992,0,1000,0,0,0,99482,9895194,18446744073709551615
9,333,tail_only,3871,3871,80950,3234,99482,0,0,0,3870,2871,0,1000,0,0,0,0,0,18446744073709551615
9,333,head_only,3871,3871,80950,3234,99482,0,0,0,3870,2871,0,1000,0,0,0,0,0,18446744073709551615
9,333,adaptive,3871,3871,80950,3234,99482,0,0,0,3870,2871,0,1000,0,0,0,0,0,18446744073709551615
9,333,random_0,3871,3871,80950,3234,99482,0,0,0,3870,2871,0,1000,0,0,0,0,0,18446744073709551615
9,333,budget_random_0,3871,3871,80950,3234,99482,0,0,0,3870,2871,0,1000,0,0,0,0,0,0
9,333,random_1,3871,3871,80950,3234,99482,0,0,0,3870,2871,0,1000,0,0,0,0,0,18446744073709551615
9,333,budget_random_1,3871,3871,80950,3234,99482,0,0,0,3870,2871,0,1000,0,0,0,0,0,0
9,333,random_2,3871,3871,80950,3234,99482,0,0,0,3870,2871,0,1000,0,0,0,0,0,18446744073709551615
9,333,budget_random_2,3871,3871,80950,3234,99482,0,0,0,3870,2871,0,1000,0,0,0,0,0,0
9,333,random_3,3871,3871,80950,3234,99482,0,0,0,3870,2871,0,1000,0,0,0,0,0,18446744073709551615
9,333,budget_random_3,3871,3871,80950,3234,99482,0,0,0,3870,2871,0,1000,0,0,0,0,0,0
9,333,random_4,3871,3871,80950,3234,99482,0,0,0,3870,2871,0,1000,0,0,0,0,0,18446744073709551615
9,333,budget_random_4,3871,3871,80950,3234,99482,0,0,0,3870,2871,0,1000,0,0,0,0,0,0
9,666,std_binary,0,0,0,0,0,0,0,0,0,0,0,0,0,0,0,0,0,0
9,666,binary,3832,3832,80090,3220,99482,0,0,0,3831,2832,0,1000,0,0,0,0,0,0
9,666,fourary,3832,3832,82918,3220,99482,0,0,0,3831,2832,0,1000,0,0,0,0,0,0
9,666,mean_map,4716,4716,0,0,280944,0,0,0,4715,334,2,1822,2560,49733,1822,0,0,0
9,666,mean_ring,4716,4716,0,0,280944,0,0,0,4715,334,2,1822,2560,49733,1822,0,0,0
9,666,mean_degree,3842,3842,0,0,198964,0,0,0,3841,2795,206,1000,47,99482,103,0,0,0
9,666,max_maxdegree,3858,3858,0,0,198964,0,0,0,3857,2778,138,1000,80,99482,142,0,0,0
9,666,original_mean,0,0,0,0,0,0,0,0,0,0,0,0,0,0,0,0,0,0
9,666,list_both,4716,4716,0,0,436403,0,0,0,4715,334,2,4382,2560,218974,4382,0,0,0
9,666,skip_only,4716,4716,0,0,181462,0,0,0,4715,334,2,1822,2560,91019,1822,0,0,0
9,666,heavy_only,4716,4716,0,0,535885,0,0,0,4715,334,2,4382,2560,49733,4382,0,0,0
9,666,mean_sqrtdegree,3030,3030,0,0,202827,0,0,0,3029,1698,22,1040,292,95380,762,0,0,0
9,666,median,4716,4716,0,0,280944,0,0,0,4715,334,2,1822,2560,49740,1822,0,0,0
9,666,sd,3855,3855,0,0,262581,0,0,0,3854,636,2,1638,1581,71652,1638,0,0,0
9,666,caliber,3626,3626,75391,3274,99482,0,0,0,3924,2925,0,1000,0,0,0,0,0,0
9,666,degree4,3832,3832,80090,3220,99482,0,0,0,3831,2832,0,1000,0,0,0,0,0,18446744073709551615
9,666,selected_grid,2236,2236,0,0,205242,0,0,0,2235,496,4,1063,677,87725,637,0,0,0
9,666,always,5083,5083,111355,4616,99482,838,83604,4244,5082,4083,0,1000,0,0,0,99482,9895194,18446744073709551615
9,666,high_high,5083,5083,111355,4616,99482,838,83604,4244,5082,4083,0,1000,0,0,0,99482,9895194,18446744073709551615
9,666,complement,5083,5083,111355,4616,99482,838,83604,4244,5082,4083,0,1000,0,0,0,99482,9895194,18446744073709551615
9,666,tail_only,3832,3832,80090,3220,99482,0,0,0,3831,2832,0,1000,0,0,0,0,0,18446744073709551615
9,666,head_only,3832,3832,80090,3220,99482,0,0,0,3831,2832,0,1000,0,0,0,0,0,18446744073709551615
9,666,adaptive,3832,3832,80090,3220,99482,0,0,0,3831,2832,0,1000,0,0,0,0,0,18446744073709551615
9,666,random_0,3832,3832,80090,3220,99482,0,0,0,3831,2832,0,1000,0,0,0,0,0,18446744073709551615
9,666,budget_random_0,3832,3832,80090,3220,99482,0,0,0,3831,2832,0,1000,0,0,0,0,0,0
9,666,random_1,3832,3832,80090,3220,99482,0,0,0,3831,2832,0,1000,0,0,0,0,0,18446744073709551615
9,666,budget_random_1,3832,3832,80090,3220,99482,0,0,0,3831,2832,0,1000,0,0,0,0,0,0
9,666,random_2,3832,3832,80090,3220,99482,0,0,0,3831,2832,0,1000,0,0,0,0,0,18446744073709551615
9,666,budget_random_2,3832,3832,80090,3220,99482,0,0,0,3831,2832,0,1000,0,0,0,0,0,0
9,666,random_3,3832,3832,80090,3220,99482,0,0,0,3831,2832,0,1000,0,0,0,0,0,18446744073709551615
9,666,budget_random_3,3832,3832,80090,3220,99482,0,0,0,3831,2832,0,1000,0,0,0,0,0,0
9,666,random_4,3832,3832,80090,3220,99482,0,0,0,3831,2832,0,1000,0,0,0,0,0,18446744073709551615
9,666,budget_random_4,3832,3832,80090,3220,99482,0,0,0,3831,2832,0,1000,0,0,0,0,0,0
10,666,std_binary,0,0,0,0,0,0,0,0,0,0,0,0,0,0,0,0,0,0
10,666,binary,8576,8576,199080,7495,399506,0,0,0,8575,6576,0,2000,0,0,0,0,0,0
10,666,fourary,8576,8576,204877,7495,399506,0,0,0,8575,6576,0,2000,0,0,0,0,0,0
10,666,mean_map,10294,10294,0,0,1078695,0,0,0,10293,399,2,3403,6492,199709,3403,0,0,0
10,666,mean_ring,10294,10294,0,0,1078695,0,0,0,10293,399,2,3403,6492,199709,3403,0,0,0
10,666,mean_degree,8559,8559,0,0,799012,0,0,0,8558,6487,404,2000,72,399506,159,0,0,0
10,666,max_maxdegree,8540,8540,0,0,799012,0,0,0,8539,6433,250,2000,107,399506,240,0,0,0
10,666,original_mean,0,0,0,0,0,0,0,0,0,0,0,0,0,0,0,0,0,0
10,666,list_both,10294,10294,0,0,1977593,0,0,0,10293,399,2,9895,6492,989185,9895,0,0,0
10,666,skip_only,10294,10294,0,0,679189,0,0,0,10293,399,2,3403,6492,339585,3403,0,0,0
10,666,heavy_only,10294,10294,0,0,2377099,0,0,0,10293,399,2,9895,6492,199709,9895,0,0,0
10,666,mean_sqrtdegree,6989,6989,0,0,804726,0,0,0,6988,4325,30,2029,635,389075,1402,0,0,0
10,666,median,10294,10294,0,0,1078695,0,0,0,10293,399,2,3403,6492,199752,3403,0,0,0
10,666,sd,9101,9101,0,0,1069325,0,0,0,9100,976,2,3355,4770,287831,3355,0,0,0
10,666,caliber,8272,8272,191617,7596,399506,0,0,0,8749,6750,0,2000,0,0,0,0,0,0
10,666,degree4,8576,8576,199080,7495,399506,0,0,0,8575,6576,0,2000,0,0,0,0,0,18446744073709551615
10,666,selected_grid,5942,5942,0,0,808836,0,0,0,5941,2937,21,2049,956,383004,1213,0,0,0
10,666,always,10828,10828,261971,10026,399506,1522,303579,9305,10827,8828,0,2000,0,0,0,399506,79800380,18446744073709551615
10,666,high_high,10828,10828,261971,10026,399506,1522,303579,9305,10827,8828,0,2000,0,0,0,399506,79800380,18446744073709551615
10,666,complement,10828,10828,261971,10026,399506,1522,303579,9305,10827,8828,0,2000,0,0,0,399506,79800380,18446744073709551615
10,666,tail_only,8576,8576,199080,7495,399506,0,0,0,8575,6576,0,2000,0,0,0,0,0,18446744073709551615
10,666,head_only,8576,8576,199080,7495,399506,0,0,0,8575,6576,0,2000,0,0,0,0,0,18446744073709551615
10,666,adaptive,8576,8576,199080,7495,399506,0,0,0,8575,6576,0,2000,0,0,0,0,0,18446744073709551615
10,666,random_0,8576,8576,199080,7495,399506,0,0,0,8575,6576,0,2000,0,0,0,0,0,18446744073709551615
10,666,budget_random_0,8576,8576,199080,7495,399506,0,0,0,8575,6576,0,2000,0,0,0,0,0,0
10,666,random_1,8576,8576,199080,7495,399506,0,0,0,8575,6576,0,2000,0,0,0,0,0,18446744073709551615
10,666,budget_random_1,8576,8576,199080,7495,399506,0,0,0,8575,6576,0,2000,0,0,0,0,0,0
10,666,random_2,8576,8576,199080,7495,399506,0,0,0,8575,6576,0,2000,0,0,0,0,0,18446744073709551615
10,666,budget_random_2,8576,8576,199080,7495,399506,0,0,0,8575,6576,0,2000,0,0,0,0,0,0
10,666,random_3,8576,8576,199080,7495,399506,0,0,0,8575,6576,0,2000,0,0,0,0,0,18446744073709551615
10,666,budget_random_3,8576,8576,199080,7495,399506,0,0,0,8575,6576,0,2000,0,0,0,0,0,0
10,666,random_4,8576,8576,199080,7495,399506,0,0,0,8575,6576,0,2000,0,0,0,0,0,18446744073709551615
10,666,budget_random_4,8576,8576,199080,7495,399506,0,0,0,8575,6576,0,2000,0,0,0,0,0,0
10,1333,std_binary,0,0,0,0,0,0,0,0,0,0,0,0,0,0,0,0,0,0
10,1333,binary,8681,8681,201839,7552,399506,0,0,0,8680,6681,0,2000,0,0,0,0,0,0
10,1333,fourary,8681,8681,207980,7552,399506,0,0,0,8680,6681,0,2000,0,0,0,0,0,0
10,1333,mean_map,10924,10924,0,0,1119569,0,0,0,10923,441,2,3605,6878,199709,3605,0,0,0
10,1333,mean_ring,10924,10924,0,0,1119569,0,0,0,10923,441,2,3605,6878,199709,3605,0,0,0
10,1333,mean_degree,8646,8646,0,0,799012,0,0,0,8645,6564,404,2000,82,399506,148,0,0,0
10,1333,max_maxdegree,8690,8690,0,0,799012,0,0,0,8689,6557,248,2000,133,399506,239,0,0,0
10,1333,original_mean,0,0,0,0,0,0,0,0,0,0,0,0,0,0,0,0,0,0
10,1333,list_both,10924,10924,0,0,2094916,0,0,0,10923,441,2,10483,6878,1048529,10483,0,0,0
10,1333,skip_only,10924,10924,0,0,720063,0,0,0,10923,441,2,3605,6878,360067,3605,0,0,0
10,1333,heavy_only,10924,10924,0,0,2494422,0,0,0,10923,441,2,10483,6878,199709,10483,0,0,0
10,1333,mean_sqrtdegree,6529,6529,0,0,804699,0,0,0,6528,3854,30,2028,647,389075,1548,0,0,0
10,1333,median,10924,10924,0,0,1119569,0,0,0,10923,441,2,3605,6878,199752,3605,0,0,0
10,1333,sd,9357,9357,0,0,1077831,0,0,0,9356,995,2,3398,4964,287831,3398,0,0,0
10,1333,caliber,8424,8424,195545,7693,399506,0,0,0,8912,6913,0,2000,0,0,0,0,0,0
10,1333,degree4,8681,8681,201839,7552,399506,0,0,0,8680,6681,0,2000,0,0,0,0,0,18446744073709551615
10,1333,selected_grid,6731,6731,0,0,817987,0,0,0,6730,3868,21,2095,768,383004,1736,0,0,0
10,1333,always,11132,11132,270513,10316,399506,1559,311711,9572,11131,9132,0,2000,0,0,0,399506,79800380,18446744073709551615
10,1333,high_high,11132,11132,270513,10316,399506,1559,311711,9572,11131,9132,0,2000,0,0,0,399506,79800380,18446744073709551615
10,1333,complement,11132,11132,270513,10316,399506,1559,311711,9572,11131,9132,0,2000,0,0,0,399506,79800380,18446744073709551615
10,1333,tail_only,8681,8681,201839,7552,399506,0,0,0,8680,6681,0,2000,0,0,0,0,0,18446744073709551615
10,1333,head_only,8681,8681,201839,7552,399506,0,0,0,8680,6681,0,2000,0,0,0,0,0,18446744073709551615
10,1333,adaptive,8681,8681,201839,7552,399506,0,0,0,8680,6681,0,2000,0,0,0,0,0,18446744073709551615
10,1333,random_0,8681,8681,201839,7552,399506,0,0,0,8680,6681,0,2000,0,0,0,0,0,18446744073709551615
10,1333,budget_random_0,8681,8681,201839,7552,399506,0,0,0,8680,6681,0,2000,0,0,0,0,0,0
10,1333,random_1,8681,8681,201839,7552,399506,0,0,0,8680,6681,0,2000,0,0,0,0,0,18446744073709551615
10,1333,budget_random_1,8681,8681,201839,7552,399506,0,0,0,8680,6681,0,2000,0,0,0,0,0,0
10,1333,random_2,8681,8681,201839,7552,399506,0,0,0,8680,6681,0,2000,0,0,0,0,0,18446744073709551615
10,1333,budget_random_2,8681,8681,201839,7552,399506,0,0,0,8680,6681,0,2000,0,0,0,0,0,0
10,1333,random_3,8681,8681,201839,7552,399506,0,0,0,8680,6681,0,2000,0,0,0,0,0,18446744073709551615
10,1333,budget_random_3,8681,8681,201839,7552,399506,0,0,0,8680,6681,0,2000,0,0,0,0,0,0
10,1333,random_4,8681,8681,201839,7552,399506,0,0,0,8680,6681,0,2000,0,0,0,0,0,18446744073709551615
10,1333,budget_random_4,8681,8681,201839,7552,399506,0,0,0,8680,6681,0,2000,0,0,0,0,0,0
11,1666,std_binary,0,0,0,0,0,0,0,0,0,0,0,0,0,0,0,0,0,0
11,1666,binary,24045,24045,634537,21868,2499352,0,0,0,24044,19045,0,5000,0,0,0,0,0,0
11,1666,fourary,24045,24045,635820,21868,2499352,0,0,0,24044,19045,0,5000,0,0,0,0,0,0
11,1666,mean_map,30157,30157,0,0,6690685,0,0,0,30156,466,2,8387,21304,1249712,8387,0,0,0
11,1666,mean_ring,30157,30157,0,0,6690685,0,0,0,30156,466,2,8387,21304,1249712,8387,0,0,0
11,1666,mean_degree,24129,24129,0,0,4998704,0,0,0,24128,18996,1000,5000,133,2499352,232,0,0,0
11,1666,max_maxdegree,24096,24096,0,0,4998704,0,0,0,24095,18873,591,5000,223,2499352,389,0,0,0
11,1666,original_mean,0,0,0,0,0,0,0,0,0,0,0,0,0,0,0,0,0,0
11,1666,list_both,30157,30157,0,0,14844905,0,0,0,30156,466,2,29691,21304,7423968,29691,0,0,0
11,1666,skip_only,30157,30157,0,0,4191333,0,0,0,30156,466,2,8387,21304,2097062,8387,0,0,0
11,1666,heavy_only,30157,30157,0,0,17344257,0,0,0,30156,466,2,29691,21304,1249712,29691,0,0,0
11,1666,mean_sqrtdegree,19725,19725,0,0,5008170,0,0,0,19724,12688,47,5019,2018,2467460,2443,0,0,0
11,1666,median,30157,30157,0,0,6690685,0,0,0,30156,466,2,8387,21304,1249675,8387,0,0,0
11,1666,sd,26145,26145,0,0,6427837,0,0,0,26144,1465,2,7861,16819,1803114,7861,0,0,0
11,1666,caliber,23774,23774,627616,22310,2499352,0,0,0,24731,19732,0,5000,0,0,0,0,0,0
11,1666,degree4,24045,24045,634537,21868,2499352,0,0,0,24044,19045,0,5000,0,0,0,0,0,18446744073709551615
11,1666,selected_grid,19139,19139,0,0,5015623,0,0,0,19138,12275,42,5034,1830,2460746,3952,0,0,0
11,1666,always,30664,30664,834119,29009,2499352,3543,1772760,27120,30663,25664,0,5000,0,0,0,2499352,1249366939,18446744073709551615
11,1666,high_high,30664,30664,834119,29009,2499352,3543,1772760,27120,30663,25664,0,5000,0,0,0,2499352,1249366939,18446744073709551615
11,1666,complement,30664,30664,834119,29009,2499352,3543,1772760,27120,30663,25664,0,5000,0,0,0,2499352,1249366939,18446744073709551615
11,1666,tail_only,24045,24045,634537,21868,2499352,0,0,0,24044,19045,0,5000,0,0,0,0,0,18446744073709551615
11,1666,head_only,24045,24045,634537,21868,2499352,0,0,0,24044,19045,0,5000,0,0,0,0,0,18446744073709551615
11,1666,adaptive,24045,24045,634537,21868,2499352,0,0,0,24044,19045,0,5000,0,0,0,0,0,18446744073709551615
11,1666,random_0,24045,24045,634537,21868,2499352,0,0,0,24044,19045,0,5000,0,0,0,0,0,18446744073709551615
11,1666,budget_random_0,24045,24045,634537,21868,2499352,0,0,0,24044,19045,0,5000,0,0,0,0,0,0
11,1666,random_1,24045,24045,634537,21868,2499352,0,0,0,24044,19045,0,5000,0,0,0,0,0,18446744073709551615
11,1666,budget_random_1,24045,24045,634537,21868,2499352,0,0,0,24044,19045,0,5000,0,0,0,0,0,0
11,1666,random_2,24045,24045,634537,21868,2499352,0,0,0,24044,19045,0,5000,0,0,0,0,0,18446744073709551615
11,1666,budget_random_2,24045,24045,634537,21868,2499352,0,0,0,24044,19045,0,5000,0,0,0,0,0,0
11,1666,random_3,24045,24045,634537,21868,2499352,0,0,0,24044,19045,0,5000,0,0,0,0,0,18446744073709551615
11,1666,budget_random_3,24045,24045,634537,21868,2499352,0,0,0,24044,19045,0,5000,0,0,0,0,0,0
11,1666,random_4,24045,24045,634537,21868,2499352,0,0,0,24044,19045,0,5000,0,0,0,0,0,18446744073709551615
11,1666,budget_random_4,24045,24045,634537,21868,2499352,0,0,0,24044,19045,0,5000,0,0,0,0,0,0
11,3333,std_binary,0,0,0,0,0,0,0,0,0,0,0,0,0,0,0,0,0,0
11,3333,binary,24000,24000,633499,21864,2499352,0,0,0,23999,19000,0,5000,0,0,0,0,0,0
11,3333,fourary,24000,24000,634476,21864,2499352,0,0,0,23999,19000,0,5000,0,0,0,0,0,0
11,3333,mean_map,29288,29288,0,0,6465937,0,0,0,29287,550,2,7935,20803,1249712,7935,0,0,0
11,3333,mean_ring,29288,29288,0,0,6465937,0,0,0,29287,550,2,7935,20803,1249712,7935,0,0,0
11,3333,mean_degree,24048,24048,0,0,4998704,0,0,0,24047,18900,997,5000,148,2499352,250,0,0,0
11,3333,max_maxdegree,24037,24037,0,0,4998704,0,0,0,24036,18812,590,5000,225,2499352,429,0,0,0
11,3333,original_mean,0,0,0,0,0,0,0,0,0,0,0,0,0,0,0,0,0,0
11,3333,list_both,29288,29288,0,0,14362238,0,0,0,29287,550,2,28738,20803,7184595,28738,0,0,0
11,3333,skip_only,29288,29288,0,0,3966585,0,0,0,29287,550,2,7935,20803,1983779,7935,0,0,0
11,3333,heavy_only,29288,29288,0,0,16861590,0,0,0,29287,550,2,28738,20803,1249712,28738,0,0,0
11,3333,mean_sqrtdegree,19219,19219,0,0,5018261,0,0,0,19218,12252,46,5039,1928,2467460,3582,0,0,0
11,3333,median,29288,29288,0,0,6465454,0,0,0,29287,549,2,7934,20805,1249675,7934,0,0,0
11,3333,sd,25487,25487,0,0,6324301,0,0,0,25486,1527,2,7652,16308,1803114,7652,0,0,0
11,3333,caliber,23704,23704,625953,22200,2499352,0,0,0,24631,19632,0,5000,0,0,0,0,0,0
11,3333,degree4,24000,24000,633499,21864,2499352,0,0,0,23999,19000,0,5000,0,0,0,0,0,18446744073709551615
11,3333,selected_grid,19558,19558,0,0,5007775,0,0,0,19557,12351,42,5018,2189,2460746,2820,0,0,0
11,3333,always,30376,30376,825193,28747,2499352,3518,1756701,26857,30375,25376,0,5000,0,0,0,2499352,1249366939,18446744073709551615
11,3333,high_high,30376,30376,825193,28747,2499352,3518,1756701,26857,30375,25376,0,5000,0,0,0,2499352,1249366939,18446744073709551615
11,3333,complement,30376,30376,825193,28747,2499352,3518,1756701,26857,30375,25376,0,5000,0,0,0,2499352,1249366939,18446744073709551615
11,3333,tail_only,24000,24000,633499,21864,2499352,0,0,0,23999,19000,0,5000,0,0,0,0,0,18446744073709551615
11,3333,head_only,24000,24000,633499,21864,2499352,0,0,0,23999,19000,0,5000,0,0,0,0,0,18446744073709551615
11,3333,adaptive,24000,24000,633499,21864,2499352,0,0,0,23999,19000,0,5000,0,0,0,0,0,18446744073709551615
11,3333,random_0,24000,24000,633499,21864,2499352,0,0,0,23999,19000,0,5000,0,0,0,0,0,18446744073709551615
11,3333,budget_random_0,24000,24000,633499,21864,2499352,0,0,0,23999,19000,0,5000,0,0,0,0,0,0
11,3333,random_1,24000,24000,633499,21864,2499352,0,0,0,23999,19000,0,5000,0,0,0,0,0,18446744073709551615
11,3333,budget_random_1,24000,24000,633499,21864,2499352,0,0,0,23999,19000,0,5000,0,0,0,0,0,0
11,3333,random_2,24000,24000,633499,21864,2499352,0,0,0,23999,19000,0,5000,0,0,0,0,0,18446744073709551615
11,3333,budget_random_2,24000,24000,633499,21864,2499352,0,0,0,23999,19000,0,5000,0,0,0,0,0,0
11,3333,random_3,24000,24000,633499,21864,2499352,0,0,0,23999,19000,0,5000,0,0,0,0,0,18446744073709551615
11,3333,budget_random_3,24000,24000,633499,21864,2499352,0,0,0,23999,19000,0,5000,0,0,0,0,0,0
11,3333,random_4,24000,24000,633499,21864,2499352,0,0,0,23999,19000,0,5000,0,0,0,0,0,18446744073709551615
11,3333,budget_random_4,24000,24000,633499,21864,2499352,0,0,0,23999,19000,0,5000,0,0,0,0,0,0
12,333,std_binary,0,0,0,0,0,0,0,0,0,0,0,0,0,0,0,0,0,0
12,333,binary,1260,1260,13627,87,3870,0,0,0,1259,260,0,1000,0,0,0,0,0,0
12,333,fourary,1260,1260,15073,87,3870,0,0,0,1259,260,0,1000,0,0,0,0,0,0
12,333,mean_map,1193,1193,0,0,7784,0,0,0,1192,67,27,1011,115,1936,71,0,0,0
12,333,mean_ring,1193,1193,0,0,7784,0,0,0,1192,67,27,1011,115,1936,71,0,0,0
12,333,mean_degree,1253,1253,0,0,7740,0,0,0,1252,201,98,1000,52,3682,23,0,0,0
12,333,max_maxdegree,1230,1230,0,0,7748,0,0,0,1229,145,57,1002,83,3248,36,0,0,0
12,333,original_mean,0,0,0,0,0,0,0,0,0,0,0,0,0,0,0,0,0,0
12,333,list_both,1193,1193,0,0,4359,0,0,0,1192,67,27,1126,115,2194,82,0,0,0
12,333,skip_only,1193,1193,0,0,3914,0,0,0,1192,67,27,1011,115,1954,71,0,0,0
12,333,heavy_only,1193,1193,0,0,8229,0,0,0,1192,67,27,1126,115,1936,82,0,0,0
12,333,mean_sqrtdegree,1217,1217,0,0,7748,0,0,0,1216,126,52,1002,89,3122,41,0,0,0
12,333,median,1196,1196,0,0,7784,0,0,0,1195,67,27,1011,118,1934,72,0,0,0
12,333,sd,1238,1238,0,0,7748,0,0,0,1237,151,56,1002,85,3220,37,0,0,0
12,333,caliber,998,998,11175,100,3870,0,0,0,1325,326,0,1000,0,0,0,0,0,0
12,333,degree4,1404,1404,17275,150,3870,624,2420,779,1403,404,0,1000,0,0,0,3870,15098,18446744073709551615
12,333,always,1404,1404,17275,150,3870,624,2420,779,1403,404,0,1000,0,0,0,3870,15098,18446744073709551615
12,333,high_high,1260,1260,13627,87,3870,0,0,0,1259,260,0,1000,0,0,0,0,0,18446744073709551615
12,333,complement,1260,1260,13627,87,3870,0,0,0,1259,260,0,1000,0,0,0,0,0,18446744073709551615
12,333,tail_only,1404,1404,17275,150,3870,624,2420,779,1403,404,0,1000,0,0,0,3870,15098,18446744073709551615
12,333,head_only,1404,1404,17275,150,3870,624,2420,779,1403,404,0,1000,0,0,0,3870,15098,18446744073709551615
12,333,adaptive,1274,1274,13938,89,3870,54,162,38,1273,274,0,1000,0,0,0,252,748,18446744073709551615
12,333,random_0,1404,1404,17275,150,3870,624,2420,779,1403,404,0,1000,0,0,0,3870,15098,18446744073709551615
12,333,budget_random_0,1404,1404,17275,150,3870,624,2420,779,1403,404,0,1000,0,0,0,3870,15098,2420
12,333,random_1,1404,1404,17275,150,3870,624,2420,779,1403,404,0,1000,0,0,0,3870,15098,18446744073709551615
12,333,budget_random_1,1404,1404,17275,150,3870,624,2420,779,1403,404,0,1000,0,0,0,3870,15098,2420
12,333,random_2,1404,1404,17275,150,3870,624,2420,779,1403,404,0,1000,0,0,0,3870,15098,18446744073709551615
12,333,budget_random_2,1404,1404,17275,150,3870,624,2420,779,1403,404,0,1000,0,0,0,3870,15098,2420
12,333,random_3,1404,1404,17275,150,3870,624,2420,779,1403,404,0,1000,0,0,0,3870,15098,18446744073709551615
12,333,budget_random_3,1404,1404,17275,150,3870,624,2420,779,1403,404,0,1000,0,0,0,3870,15098,2420
12,333,random_4,1404,1404,17275,150,3870,624,2420,779,1403,404,0,1000,0,0,0,3870,15098,18446744073709551615
12,333,budget_random_4,1404,1404,17275,150,3870,624,2420,779,1403,404,0,1000,0,0,0,3870,15098,2420
12,666,std_binary,0,0,0,0,0,0,0,0,0,0,0,0,0,0,0,0,0,0
12,666,binary,1258,1258,13587,87,3870,0,0,0,1257,258,0,1000,0,0,0,0,0,0
12,666,fourary,1258,1258,14980,87,3870,0,0,0,1257,258,0,1000,0,0,0,0,0,0
12,666,mean_map,1187,1187,0,0,7772,0,0,0,1186,55,28,1008,124,1936,78,0,0,0
12,666,mean_ring,1187,1187,0,0,7772,0,0,0,1186,55,28,1008,124,1936,78,0,0,0
12,666,mean_degree,1248,1248,0,0,7740,0,0,0,1247,191,98,1000,57,3682,23,0,0,0
12,666,max_maxdegree,1230,1230,0,0,7744,0,0,0,1229,145,59,1001,84,3248,39,0,0,0
12,666,original_mean,0,0,0,0,0,0,0,0,0,0,0,0,0,0,0,0,0,0
12,666,list_both,1187,1187,0,0,4378,0,0,0,1186,55,28,1132,124,2188,89,0,0,0
12,666,skip_only,1187,1187,0,0,3902,0,0,0,1186,55,28,1008,124,1949,78,0,0,0
12,666,heavy_only,1187,1187,0,0,8248,0,0,0,1186,55,28,1132,124,1936,89,0,0,0
12,666,mean_sqrtdegree,1226,1226,0,0,7748,0,0,0,1225,136,53,1002,88,3122,39,0,0,0
12,666,median,1189,1189,0,0,7772,0,0,0,1188,55,28,1008,126,1934,77,0,0,0
12,666,sd,1239,1239,0,0,7744,0,0,0,1238,166,58,1001,72,3220,37,0,0,0
12,666,caliber,1003,1003,11098,104,3870,0,0,0,1320,321,0,1000,0,0,0,0,0,0
12,666,degree4,1390,1390,16942,151,3870,640,2480,749,1389,390,0,1000,0,0,0,3870,15098,18446744073709551615
12,666,always,1390,1390,16942,151,3870,640,2480,749,1389,390,0,1000,0,0,0,3870,15098,18446744073709551615
12,666,high_high,1258,1258,13587,87,3870,0,0,0,1257,258,0,1000,0,0,0,0,0,18446744073709551615
12,666,complement,1258,1258,13587,87,3870,0,0,0,1257,258,0,1000,0,0,0,0,0,18446744073709551615
12,666,tail_only,1390,1390,16942,151,3870,640,2480,749,1389,390,0,1000,0,0,0,3870,15098,18446744073709551615
12,666,head_only,1390,1390,16942,151,3870,640,2480,749,1389,390,0,1000,0,0,0,3870,15098,18446744073709551615
12,666,adaptive,1273,1273,13894,91,3870,50,149,52,1272,273,0,1000,0,0,0,252,748,18446744073709551615
12,666,random_0,1390,1390,16942,151,3870,640,2480,749,1389,390,0,1000,0,0,0,3870,15098,18446744073709551615
12,666,budget_random_0,1390,1390,16942,151,3870,640,2480,749,1389,390,0,1000,0,0,0,3870,15098,2480
12,666,random_1,1390,1390,16942,151,3870,640,2480,749,1389,390,0,1000,0,0,0,3870,15098,18446744073709551615
12,666,budget_random_1,1390,1390,16942,151,3870,640,2480,749,1389,390,0,1000,0,0,0,3870,15098,2480
12,666,random_2,1390,1390,16942,151,3870,640,2480,749,1389,390,0,1000,0,0,0,3870,15098,18446744073709551615
12,666,budget_random_2,1390,1390,16942,151,3870,640,2480,749,1389,390,0,1000,0,0,0,3870,15098,2480
12,666,random_3,1390,1390,16942,151,3870,640,2480,749,1389,390,0,1000,0,0,0,3870,15098,18446744073709551615
12,666,budget_random_3,1390,1390,16942,151,3870,640,2480,749,1389,390,0,1000,0,0,0,3870,15098,2480
12,666,random_4,1390,1390,16942,151,3870,640,2480,749,1389,390,0,1000,0,0,0,3870,15098,18446744073709551615
12,666,budget_random_4,1390,1390,16942,151,3870,640,2480,749,1389,390,0,1000,0,0,0,3870,15098,2480
13,666,std_binary,0,0,0,0,0,0,0,0,0,0,0,0,0,0,0,0,0,0
13,666,binary,2500,2500,29621,118,7820,0,0,0,2499,500,0,2000,0,0,0,0,0,0
13,666,fourary,2500,2500,32746,118,7820,0,0,0,2499,500,0,2000,0,0,0,0,0,0
13,666,mean_map,2351,2351,0,0,15682,0,0,0,2350,128,38,2011,212,3892,103,0,0,0
13,666,mean_ring,2351,2351,0,0,15682,0,0,0,2350,128,38,2011,212,3892,103,0,0,0
13,666,mean_degree,2500,2500,0,0,15640,0,0,0,2499,403,144,2000,97,7466,35,0,0,0
13,666,max_maxdegree,2453,2453,0,0,15644,0,0,0,2452,285,83,2001,167,6554,61,0,0,0
13,666,original_mean,0,0,0,0,0,0,0,0,0,0,0,0,0,0,0,0,0,0
13,666,list_both,2351,2351,0,0,8691,0,0,0,2350,128,38,2223,212,4299,115,0,0,0
13,666,skip_only,2351,2351,0,0,7862,0,0,0,2350,128,38,2011,212,3906,103,0,0,0
13,666,heavy_only,2351,2351,0,0,16511,0,0,0,2350,128,38,2223,212,3892,115,0,0,0
13,666,mean_sqrtdegree,2449,2449,0,0,15671,0,0,0,2448,279,75,2008,162,6314,58,0,0,0
13,666,median,2358,2358,0,0,15686,0,0,0,2357,122,38,2012,224,3908,103,0,0,0
13,666,sd,2470,2470,0,0,15656,0,0,0,2469,310,80,2004,156,6490,59,0,0,0
13,666,caliber,2004,2004,24491,139,7820,0,0,0,2654,655,0,2000,0,0,0,0,0,0
13,666,degree4,2787,2787,37358,198,7820,1254,4899,1532,2786,787,0,2000,0,0,0,7820,30748,18446744073709551615
13,666,always,2787,2787,37358,198,7820,1254,4899,1532,2786,787,0,2000,0,0,0,7820,30748,18446744073709551615
13,666,high_high,2500,2500,29621,118,7820,0,0,0,2499,500,0,2000,0,0,0,0,0,18446744073709551615
13,666,complement,2500,2500,29621,118,7820,0,0,0,2499,500,0,2000,0,0,0,0,0,18446744073709551615
13,666,tail_only,2787,2787,37358,198,7820,1254,4899,1532,2786,787,0,2000,0,0,0,7820,30748,18446744073709551615
13,666,head_only,2787,2787,37358,198,7820,1254,4899,1532,2786,787,0,2000,0,0,0,7820,30748,18446744073709551615
13,666,adaptive,2517,2517,30046,122,7820,75,224,65,2516,517,0,2000,0,0,0,352,1048,18446744073709551615
13,666,random_0,2787,2787,37358,198,7820,1254,4899,1532,2786,787,0,2000,0,0,0,7820,30748,18446744073709551615
13,666,budget_random_0,2787,2787,37358,198,7820,1254,4899,1532,2786,787,0,2000,0,0,0,7820,30748,4899
13,666,random_1,2787,2787,37358,198,7820,1254,4899,1532,2786,787,0,2000,0,0,0,7820,30748,18446744073709551615
13,666,budget_random_1,2787,2787,37358,198,7820,1254,4899,1532,2786,787,0,2000,0,0,0,7820,30748,4899
13,666,random_2,2787,2787,37358,198,7820,1254,4899,1532,2786,787,0,2000,0,0,0,7820,30748,18446744073709551615
13,666,budget_random_2,2787,2787,37358,198,7820,1254,4899,1532,2786,787,0,2000,0,0,0,7820,30748,4899
13,666,random_3,2787,2787,37358,198,7820,1254,4899,1532,2786,787,0,2000,0,0,0,7820,30748,18446744073709551615
13,666,budget_random_3,2787,2787,37358,198,7820,1254,4899,1532,2786,787,0,2000,0,0,0,7820,30748,4899
13,666,random_4,2787,2787,37358,198,7820,1254,4899,1532,2786,787,0,2000,0,0,0,7820,30748,18446744073709551615
13,666,budget_random_4,2787,2787,37358,198,7820,1254,4899,1532,2786,787,0,2000,0,0,0,7820,30748,4899
13,1333,std_binary,0,0,0,0,0,0,0,0,0,0,0,0,0,0,0,0,0,0
13,1333,binary,2517,2517,30158,126,7820,0,0,0,2516,517,0,2000,0,0,0,0,0,0
13,1333,fourary,2517,2517,33463,126,7820,0,0,0,2516,517,0,2000,0,0,0,0,0,0
13,1333,mean_map,2364,2364,0,0,15664,0,0,0,2363,133,36,2006,225,3892,110,0,0,0
13,1333,mean_ring,2364,2364,0,0,15664,0,0,0,2363,133,36,2006,225,3892,110,0,0,0
13,1333,mean_degree,2511,2511,0,0,15640,0,0,0,2510,419,138,2000,92,7466,31,0,0,0
13,1333,max_maxdegree,2478,2478,0,0,15640,0,0,0,2477,320,77,2000,158,6554,54,0,0,0
13,1333,original_mean,0,0,0,0,0,0,0,0,0,0,0,0,0,0,0,0,0,0
13,1333,list_both,2364,2364,0,0,8725,0,0,0,2363,133,36,2231,225,4345,129,0,0,0
13,1333,skip_only,2364,2364,0,0,7844,0,0,0,2363,133,36,2006,225,3905,110,0,0,0
13,1333,heavy_only,2364,2364,0,0,16545,0,0,0,2363,133,36,2231,225,3892,129,0,0,0
13,1333,mean_sqrtdegree,2478,2478,0,0,15643,0,0,0,2477,301,71,2001,176,6314,58,0,0,0
13,1333,median,2375,2375,0,0,15667,0,0,0,2374,141,36,2007,227,3908,109,0,0,0
13,1333,sd,2484,2484,0,0,15647,0,0,0,2483,331,75,2002,151,6490,57,0,0,0
13,1333,caliber,2032,2032,25260,148,7820,0,0,0,2690,691,0,2000,0,0,0,0,0,0
13,1333,degree4,2802,2802,37980,212,7820,1269,4958,1532,2801,802,0,2000,0,0,0,7820,30748,18446744073709551615
13,1333,always,2802,2802,37980,212,7820,1269,4958,1532,2801,802,0,2000,0,0,0,7820,30748,18446744073709551615
13,1333,high_high,2517,2517,30158,126,7820,0,0,0,2516,517,0,2000,0,0,0,0,0,18446744073709551615
13,1333,complement,2517,2517,30158,126,7820,0,0,0,2516,517,0,2000,0,0,0,0,0,18446744073709551615
13,1333,tail_only,2802,2802,37980,212,7820,1269,4958,1532,2801,802,0,2000,0,0,0,7820,30748,18446744073709551615
13,1333,head_only,2802,2802,37980,212,7820,1269,4958,1532,2801,802,0,2000,0,0,0,7820,30748,18446744073709551615
13,1333,adaptive,2542,2542,30709,131,7820,82,244,67,2541,542,0,2000,0,0,0,352,1048,18446744073709551615
13,1333,random_0,2802,2802,37980,212,7820,1269,4958,1532,2801,802,0,2000,0,0,0,7820,30748,18446744073709551615
13,1333,budget_random_0,2802,2802,37980,212,7820,1269,4958,1532,2801,802,0,2000,0,0,0,7820,30748,4958
13,1333,random_1,2802,2802,37980,212,7820,1269,4958,1532,2801,802,0,2000,0,0,0,7820,30748,18446744073709551615
13,1333,budget_random_1,2802,2802,37980,212,7820,1269,4958,1532,2801,802,0,2000,0,0,0,7820,30748,4958
13,1333,random_2,2802,2802,37980,212,7820,1269,4958,1532,2801,802,0,2000,0,0,0,7820,30748,18446744073709551615
13,1333,budget_random_2,2802,2802,37980,212,7820,1269,4958,1532,2801,802,0,2000,0,0,0,7820,30748,4958
13,1333,random_3,2802,2802,37980,212,7820,1269,4958,1532,2801,802,0,2000,0,0,0,7820,30748,18446744073709551615
13,1333,budget_random_3,2802,2802,37980,212,7820,1269,4958,1532,2801,802,0,2000,0,0,0,7820,30748,4958
13,1333,random_4,2802,2802,37980,212,7820,1269,4958,1532,2801,802,0,2000,0,0,0,7820,30748,18446744073709551615
13,1333,budget_random_4,2802,2802,37980,212,7820,1269,4958,1532,2801,802,0,2000,0,0,0,7820,30748,4958
14,1666,std_binary,0,0,0,0,0,0,0,0,0,0,0,0,0,0,0,0,0,0
14,1666,binary,6345,6345,81885,189,19700,0,0,0,6344,1345,0,5000,0,0,0,0,0,0
14,1666,fourary,6345,6345,90400,189,19700,0,0,0,6344,1345,0,5000,0,0,0,0,0,0
14,1666,mean_map,5957,5957,0,0,39516,0,0,0,5956,306,60,5029,622,9880,162,0,0,0
14,1666,mean_ring,5957,5957,0,0,39516,0,0,0,5956,306,60,5029,622,9880,162,0,0,0
14,1666,mean_degree,6329,6329,0,0,39400,0,0,0,6328,1032,233,5000,297,18828,49,0,0,0
14,1666,max_maxdegree,6218,6218,0,0,39428,0,0,0,6217,771,131,5007,440,16456,81,0,0,0
14,1666,original_mean,0,0,0,0,0,0,0,0,0,0,0,0,0,0,0,0,0,0
14,1666,list_both,5957,5957,0,0,22266,0,0,0,5956,306,60,5651,622,11195,184,0,0,0
14,1666,skip_only,5957,5957,0,0,19816,0,0,0,5956,306,60,5029,622,9940,162,0,0,0
14,1666,heavy_only,5957,5957,0,0,41966,0,0,0,5956,306,60,5651,622,9880,184,0,0,0
14,1666,mean_sqrtdegree,6170,6170,0,0,39432,0,0,0,6169,675,118,5008,487,15814,92,0,0,0
14,1666,median,5949,5949,0,0,39520,0,0,0,5948,300,60,5030,619,9848,164,0,0,0
14,1666,sd,6182,6182,0,0,39460,0,0,0,6181,717,125,5015,450,16240,79,0,0,0
14,1666,caliber,5067,5067,67318,227,19700,0,0,0,6709,1710,0,5000,0,0,0,0,0,0
14,1666,degree4,7073,7073,101776,318,19700,3208,12637,3864,7072,2073,0,5000,0,0,0,19700,77908,18446744073709551615
14,1666,always,7073,7073,101776,318,19700,3208,12637,3864,7072,2073,0,5000,0,0,0,19700,77908,18446744073709551615
14,1666,high_high,6345,6345,81885,189,19700,0,0,0,6344,1345,0,5000,0,0,0,0,0,18446744073709551615
14,1666,complement,6345,6345,81885,189,19700,0,0,0,6344,1345,0,5000,0,0,0,0,0,18446744073709551615
14,1666,tail_only,7073,7073,101776,318,19700,3208,12637,3864,7072,2073,0,5000,0,0,0,19700,77908,18446744073709551615
14,1666,head_only,7073,7073,101776,318,19700,3208,12637,3864,7072,2073,0,5000,0,0,0,19700,77908,18446744073709551615
14,1666,adaptive,6383,6383,82822,198,19700,110,328,94,6382,1383,0,5000,0,0,0,592,1768,18446744073709551615
14,1666,random_0,7073,7073,101776,318,19700,3208,12637,3864,7072,2073,0,5000,0,0,0,19700,77908,18446744073709551615
14,1666,budget_random_0,7073,7073,101776,318,19700,3208,12637,3864,7072,2073,0,5000,0,0,0,19700,77908,12637
14,1666,random_1,7073,7073,101776,318,19700,3208,12637,3864,7072,2073,0,5000,0,0,0,19700,77908,18446744073709551615
14,1666,budget_random_1,7073,7073,101776,318,19700,3208,12637,3864,7072,2073,0,5000,0,0,0,19700,77908,12637
14,1666,random_2,7073,7073,101776,318,19700,3208,12637,3864,7072,2073,0,5000,0,0,0,19700,77908,18446744073709551615
14,1666,budget_random_2,7073,7073,101776,318,19700,3208,12637,3864,7072,2073,0,5000,0,0,0,19700,77908,12637
14,1666,random_3,7073,7073,101776,318,19700,3208,12637,3864,7072,2073,0,5000,0,0,0,19700,77908,18446744073709551615
14,1666,budget_random_3,7073,7073,101776,318,19700,3208,12637,3864,7072,2073,0,5000,0,0,0,19700,77908,12637
14,1666,random_4,7073,7073,101776,318,19700,3208,12637,3864,7072,2073,0,5000,0,0,0,19700,77908,18446744073709551615
14,1666,budget_random_4,7073,7073,101776,318,19700,3208,12637,3864,7072,2073,0,5000,0,0,0,19700,77908,12637
14,3333,std_binary,0,0,0,0,0,0,0,0,0,0,0,0,0,0,0,0,0,0
14,3333,binary,6383,6383,83107,207,19700,0,0,0,6382,1383,0,5000,0,0,0,0,0,0
14,3333,fourary,6383,6383,91779,207,19700,0,0,0,6382,1383,0,5000,0,0,0,0,0,0
14,3333,mean_map,5949,5949,0,0,39499,0,0,0,5948,334,62,5025,590,9880,172,0,0,0
14,3333,mean_ring,5949,5949,0,0,39499,0,0,0,5948,334,62,5025,590,9880,172,0,0,0
14,3333,mean_degree,6374,6374,0,0,39400,0,0,0,6373,1115,237,5000,259,18828,53,0,0,0
14,3333,max_maxdegree,6262,6262,0,0,39431,0,0,0,6261,791,133,5008,463,16456,87,0,0,0
14,3333,original_mean,0,0,0,0,0,0,0,0,0,0,0,0,0,0,0,0,0,0
14,3333,list_both,5949,5949,0,0,22122,0,0,0,5948,334,62,5615,590,11117,196,0,0,0
14,3333,skip_only,5949,5949,0,0,19799,0,0,0,5948,334,62,5025,590,9928,172,0,0,0
14,3333,heavy_only,5949,5949,0,0,41822,0,0,0,5948,334,62,5615,590,9880,196,0,0,0
14,3333,mean_sqrtdegree,6220,6220,0,0,39424,0,0,0,6219,756,122,5006,458,15814,95,0,0,0
14,3333,median,5957,5957,0,0,39488,0,0,0,5956,329,61,5022,606,9848,179,0,0,0
14,3333,sd,6260,6260,0,0,39432,0,0,0,6259,786,130,5008,466,16240,86,0,0,0
14,3333,caliber,5090,5090,68089,231,19700,0,0,0,6735,1736,0,5000,0,0,0,0,0,0
14,3333,degree4,7112,7112,103107,355,19700,3222,12693,3889,7111,2112,0,5000,0,0,0,19700,77908,18446744073709551615
14,3333,always,7112,7112,103107,355,19700,3222,12693,3889,7111,2112,0,5000,0,0,0,19700,77908,18446744073709551615
14,3333,high_high,6383,6383,83107,207,19700,0,0,0,6382,1383,0,5000,0,0,0,0,0,18446744073709551615
14,3333,complement,6383,6383,83107,207,19700,0,0,0,6382,1383,0,5000,0,0,0,0,0,18446744073709551615
14,3333,tail_only,7112,7112,103107,355,19700,3222,12693,3889,7111,2112,0,5000,0,0,0,19700,77908,18446744073709551615
14,3333,head_only,7112,7112,103107,355,19700,3222,12693,3889,7111,2112,0,5000,0,0,0,19700,77908,18446744073709551615
14,3333,adaptive,6424,6424,84011,209,19700,122,363,94,6423,1424,0,5000,0,0,0,592,1768,18446744073709551615
14,3333,random_0,7112,7112,103107,355,19700,3222,12693,3889,7111,2112,0,5000,0,0,0,19700,77908,18446744073709551615
14,3333,budget_random_0,7112,7112,103107,355,19700,3222,12693,3889,7111,2112,0,5000,0,0,0,19700,77908,12693
14,3333,random_1,7112,7112,103107,355,19700,3222,12693,3889,7111,2112,0,5000,0,0,0,19700,77908,18446744073709551615
14,3333,budget_random_1,7112,7112,103107,355,19700,3222,12693,3889,7111,2112,0,5000,0,0,0,19700,77908,12693
14,3333,random_2,7112,7112,103107,355,19700,3222,12693,3889,7111,2112,0,5000,0,0,0,19700,77908,18446744073709551615
14,3333,budget_random_2,7112,7112,103107,355,19700,3222,12693,3889,7111,2112,0,5000,0,0,0,19700,77908,12693
14,3333,random_3,7112,7112,103107,355,19700,3222,12693,3889,7111,2112,0,5000,0,0,0,19700,77908,18446744073709551615
14,3333,budget_random_3,7112,7112,103107,355,19700,3222,12693,3889,7111,2112,0,5000,0,0,0,19700,77908,12693
14,3333,random_4,7112,7112,103107,355,19700,3222,12693,3889,7111,2112,0,5000,0,0,0,19700,77908,18446744073709551615
14,3333,budget_random_4,7112,7112,103107,355,19700,3222,12693,3889,7111,2112,0,5000,0,0,0,19700,77908,12693
15,3333,std_binary,0,0,0,0,0,0,0,0,0,0,0,0,0,0,0,0,0,0
15,3333,binary,12753,12753,182821,292,39600,0,0,0,12752,2753,0,10000,0,0,0,0,0,0
15,3333,fourary,12753,12753,201153,292,39600,0,0,0,12752,2753,0,10000,0,0,0,0,0,0
15,3333,mean_map,11990,11990,0,0,79444,0,0,0,11989,661,78,10062,1267,19842,256,0,0,0
15,3333,mean_ring,11990,11990,0,0,79444,0,0,0,11989,661,78,10062,1267,19842,256,0,0,0
15,3333,mean_degree,12717,12717,0,0,79204,0,0,0,12716,2168,307,10001,548,37826,83,0,0,0
15,3333,max_maxdegree,12503,12503,0,0,79252,0,0,0,12502,1589,172,10013,901,33096,135,0,0,0
15,3333,original_mean,0,0,0,0,0,0,0,0,0,0,0,0,0,0,0,0,0,0
15,3333,list_both,11990,11990,0,0,44858,0,0,0,11989,661,78,11329,1267,22504,293,0,0,0
15,3333,skip_only,11990,11990,0,0,39844,0,0,0,11989,661,78,10062,1267,19952,256,0,0,0
15,3333,heavy_only,11990,11990,0,0,84458,0,0,0,11989,661,78,11329,1267,19842,293,0,0,0
15,3333,mean_sqrtdegree,12404,12404,0,0,79280,0,0,0,12403,1476,156,10020,908,31914,141,0,0,0
15,3333,median,11956,11956,0,0,79439,0,0,0,11955,668,78,10060,1228,19798,254,0,0,0
15,3333,sd,12500,12500,0,0,79264,0,0,0,12499,1559,166,10016,925,32650,133,0,0,0
15,3333,caliber,10217,10217,150850,346,39600,0,0,0,13458,3459,0,10000,0,0,0,0,0,0
15,3333,degree4,14177,14177,225354,496,39600,6401,25352,7775,14176,4177,0,10000,0,0,0,39600,157208,18446744073709551615
15,3333,always,14177,14177,225354,496,39600,6401,25352,7775,14176,4177,0,10000,0,0,0,39600,157208,18446744073709551615
15,3333,high_high,12753,12753,182821,292,39600,0,0,0,12752,2753,0,10000,0,0,0,0,0,18446744073709551615
15,3333,complement,12753,12753,182821,292,39600,0,0,0,12752,2753,0,10000,0,0,0,0,0,18446744073709551615
15,3333,tail_only,14177,14177,225354,496,39600,6401,25352,7775,14176,4177,0,10000,0,0,0,39600,157208,18446744073709551615
15,3333,head_only,14177,14177,225354,496,39600,6401,25352,7775,14176,4177,0,10000,0,0,0,39600,157208,18446744073709551615
15,3333,adaptive,12798,12798,183864,299,39600,154,461,118,12797,2798,0,10000,0,0,0,792,2368,18446744073709551615
15,3333,random_0,14177,14177,225354,496,39600,6401,25352,7775,14176,4177,0,10000,0,0,0,39600,157208,18446744073709551615
15,3333,budget_random_0,14177,14177,225354,496,39600,6401,25352,7775,14176,4177,0,10000,0,0,0,39600,157208,25352
15,3333,random_1,14177,14177,225354,496,39600,6401,25352,7775,14176,4177,0,10000,0,0,0,39600,157208,18446744073709551615
15,3333,budget_random_1,14177,14177,225354,496,39600,6401,25352,7775,14176,4177,0,10000,0,0,0,39600,157208,25352
15,3333,random_2,14177,14177,225354,496,39600,6401,25352,7775,14176,4177,0,10000,0,0,0,39600,157208,18446744073709551615
15,3333,budget_random_2,14177,14177,225354,496,39600,6401,25352,7775,14176,4177,0,10000,0,0,0,39600,157208,25352
15,3333,random_3,14177,14177,225354,496,39600,6401,25352,7775,14176,4177,0,10000,0,0,0,39600,157208,18446744073709551615
15,3333,budget_random_3,14177,14177,225354,496,39600,6401,25352,7775,14176,4177,0,10000,0,0,0,39600,157208,25352
15,3333,random_4,14177,14177,225354,496,39600,6401,25352,7775,14176,4177,0,10000,0,0,0,39600,157208,18446744073709551615
15,3333,budget_random_4,14177,14177,225354,496,39600,6401,25352,7775,14176,4177,0,10000,0,0,0,39600,157208,25352
15,6666,std_binary,0,0,0,0,0,0,0,0,0,0,0,0,0,0,0,0,0,0
15,6666,binary,12715,12715,181623,299,39600,0,0,0,12714,2715,0,10000,0,0,0,0,0,0
15,6666,fourary,12715,12715,200061,299,39600,0,0,0,12714,2715,0,10000,0,0,0,0,0,0
15,6666,mean_map,11885,11885,0,0,79436,0,0,0,11884,610,80,10060,1215,19842,261,0,0,0
15,6666,mean_ring,11885,11885,0,0,79436,0,0,0,11884,610,80,10060,1215,19842,261,0,0,0
15,6666,mean_degree,12696,12696,0,0,79200,0,0,0,12695,2154,311,10000,542,37826,74,0,0,0
15,6666,max_maxdegree,12468,12468,0,0,79275,0,0,0,12467,1589,174,10019,860,33096,123,0,0,0
15,6666,original_mean,0,0,0,0,0,0,0,0,0,0,0,0,0,0,0,0,0,0
15,6666,list_both,11885,11885,0,0,44650,0,0,0,11884,610,80,11275,1215,22386,288,0,0,0
15,6666,skip_only,11885,11885,0,0,39836,0,0,0,11884,610,80,10060,1215,19935,261,0,0,0
15,6666,heavy_only,11885,11885,0,0,84250,0,0,0,11884,610,80,11275,1215,19842,288,0,0,0
15,6666,mean_sqrtdegree,12413,12413,0,0,79272,0,0,0,12412,1472,157,10018,923,31914,138,0,0,0
15,6666,median,11890,11890,0,0,79432,0,0,0,11889,609,80,10059,1222,19798,259,0,0,0
15,6666,sd,12446,12446,0,0,79251,0,0,0,12445,1556,168,10013,877,32650,127,0,0,0
15,6666,caliber,10263,10263,151408,350,39600,0,0,0,13511,3512,0,10000,0,0,0,0,0,0
15,6666,degree4,14147,14147,224298,511,39600,6389,25309,7757,14146,4147,0,10000,0,0,0,39600,157208,18446744073709551615
15,6666,always,14147,14147,224298,511,39600,6389,25309,7757,14146,4147,0,10000,0,0,0,39600,157208,18446744073709551615
15,6666,high_high,12715,12715,181623,299,39600,0,0,0,12714,2715,0,10000,0,0,0,0,0,18446744073709551615
15,6666,complement,12715,12715,181623,299,39600,0,0,0,12714,2715,0,10000,0,0,0,0,0,18446744073709551615
15,6666,tail_only,14147,14147,224298,511,39600,6389,25309,7757,14146,4147,0,10000,0,0,0,39600,157208,18446744073709551615
15,6666,head_only,14147,14147,224298,511,39600,6389,25309,7757,14146,4147,0,10000,0,0,0,39600,157208,18446744073709551615
15,6666,adaptive,12759,12759,182539,306,39600,147,440,130,12758,2759,0,10000,0,0,0,792,2368,18446744073709551615
15,6666,random_0,14147,14147,224298,511,39600,6389,25309,7757,14146,4147,0,10000,0,0,0,39600,157208,18446744073709551615
15,6666,budget_random_0,14147,14147,224298,511,39600,6389,25309,7757,14146,4147,0,10000,0,0,0,39600,157208,25309
15,6666,random_1,14147,14147,224298,511,39600,6389,25309,7757,14146,4147,0,10000,0,0,0,39600,157208,18446744073709551615
15,6666,budget_random_1,14147,14147,224298,511,39600,6389,25309,7757,14146,4147,0,10000,0,0,0,39600,157208,25309
15,6666,random_2,14147,14147,224298,511,39600,6389,25309,7757,14146,4147,0,10000,0,0,0,39600,157208,18446744073709551615
15,6666,budget_random_2,14147,14147,224298,511,39600,6389,25309,7757,14146,4147,0,10000,0,0,0,39600,157208,25309
15,6666,random_3,14147,14147,224298,511,39600,6389,25309,7757,14146,4147,0,10000,0,0,0,39600,157208,18446744073709551615
15,6666,budget_random_3,14147,14147,224298,511,39600,6389,25309,7757,14146,4147,0,10000,0,0,0,39600,157208,25309
15,6666,random_4,14147,14147,224298,511,39600,6389,25309,7757,14146,4147,0,10000,0,0,0,39600,157208,18446744073709551615
15,6666,budget_random_4,14147,14147,224298,511,39600,6389,25309,7757,14146,4147,0,10000,0,0,0,39600,157208,25309
16,333,std_binary,0,0,0,0,0,0,0,0,0,0,0,0,0,0,0,0,0,0
16,333,binary,1412,1412,14348,64,5982,0,0,0,1411,415,0,997,0,0,0,0,0,0
16,333,fourary,1412,1412,16228,64,5982,0,0,0,1411,415,0,997,0,0,0,0,0,0
16,333,mean_map,1371,1371,0,0,11976,0,0,0,1370,69,39,999,303,2853,45,0,0,0
16,333,mean_ring,1371,1371,0,0,11976,0,0,0,1370,69,39,999,303,2853,45,0,0,0
16,333,mean_degree,1415,1415,0,0,11964,0,0,0,1414,300,222,997,118,5894,12,0,0,0
16,333,max_maxdegree,1393,1393,0,0,11976,0,0,0,1392,172,80,999,222,5245,24,0,0,0
16,333,original_mean,0,0,0,0,0,0,0,0,0,0,0,0,0,0,0,0,0,0
16,333,list_both,1371,1371,0,0,7812,0,0,0,1370,69,39,1302,303,3618,62,0,0,0
16,333,skip_only,1371,1371,0,0,5994,0,0,0,1370,69,39,999,303,2857,45,0,0,0
16,333,heavy_only,1371,1371,0,0,13794,0,0,0,1370,69,39,1302,303,2853,62,0,0,0
16,333,mean_sqrtdegree,1406,1406,0,0,11964,0,0,0,1405,179,94,997,230,5447,22,0,0,0
16,333,median,1335,1335,0,0,11988,0,0,0,1334,57,40,1001,277,2983,48,0,0,0
16,333,sd,1401,1401,0,0,11976,0,0,0,1400,177,88,999,225,5360,25,0,0,0
16,333,caliber,1227,1227,12473,67,5982,0,0,0,1437,441,0,997,0,0,0,0,0,0
16,333,degree4,1412,1412,14348,64,5982,0,0,0,1411,415,0,997,0,0,0,0,0,18446744073709551615
16,333,always,1770,1770,21451,146,5982,583,3498,1186,1769,773,0,997,0,0,0,6000,36000,18446744073709551615
16,333,high_high,1770,1770,21451,146,5982,583,3498,1186,1769,773,0,997,0,0,0,6000,36000,18446744073709551615
16,333,complement,1770,1770,21451,146,5982,583,3498,1186,1769,773,0,997,0,0,0,6000,36000,18446744073709551615
16,333,tail_only,1412,1412,14348,64,5982,0,0,0,1411,415,0,997,0,0,0,0,0,18446744073709551615
16,333,head_only,1412,1412,14348,64,5982,0,0,0,1411,415,0,997,0,0,0,0,0,18446744073709551615
16,333,adaptive,1412,1412,14348,64,5982,0,0,0,1411,415,0,997,0,0,0,0,0,18446744073709551615
16,333,random_0,1412,1412,14348,64,5982,0,0,0,1411,415,0,997,0,0,0,0,0,18446744073709551615
16,333,budget_random_0,1412,1412,14348,64,5982,0,0,0,1411,415,0,997,0,0,0,0,0,0
16,333,random_1,1412,1412,14348,64,5982,0,0,0,1411,415,0,997,0,0,0,0,0,18446744073709551615
16,333,budget_random_1,1412,1412,14348,64,5982,0,0,0,1411,415,0,997,0,0,0,0,0,0
16,333,random_2,1412,1412,14348,64,5982,0,0,0,1411,415,0,997,0,0,0,0,0,18446744073709551615
16,333,budget_random_2,1412,1412,14348,64,5982,0,0,0,1411,415,0,997,0,0,0,0,0,0
16,333,random_3,1412,1412,14348,64,5982,0,0,0,1411,415,0,997,0,0,0,0,0,18446744073709551615
16,333,budget_random_3,1412,1412,14348,64,5982,0,0,0,1411,415,0,997,0,0,0,0,0,0
16,333,random_4,1412,1412,14348,64,5982,0,0,0,1411,415,0,997,0,0,0,0,0,18446744073709551615
16,333,budget_random_4,1412,1412,14348,64,5982,0,0,0,1411,415,0,997,0,0,0,0,0,0
16,666,std_binary,0,0,0,0,0,0,0,0,0,0,0,0,0,0,0,0,0,0
16,666,binary,1391,1391,13933,65,5982,0,0,0,1390,394,0,997,0,0,0,0,0,0
16,666,fourary,1391,1391,15851,65,5982,0,0,0,1390,394,0,997,0,0,0,0,0,0
16,666,mean_map,1343,1343,0,0,11964,0,0,0,1342,70,41,997,276,2853,43,0,0,0
16,666,mean_ring,1343,1343,0,0,11964,0,0,0,1342,70,41,997,276,2853,43,0,0,0
16,666,mean_degree,1400,1400,0,0,11964,0,0,0,1399,294,219,997,109,5894,12,0,0,0
16,666,max_maxdegree,1391,1391,0,0,11982,0,0,0,1390,180,83,1000,211,5245,25,0,0,0
16,666,original_mean,0,0,0,0,0,0,0,0,0,0,0,0,0,0,0,0,0,0
16,666,list_both,1343,1343,0,0,7638,0,0,0,1342,70,41,1273,276,3533,60,0,0,0
16,666,skip_only,1343,1343,0,0,5982,0,0,0,1342,70,41,997,276,2853,43,0,0,0
16,666,heavy_only,1343,1343,0,0,13620,0,0,0,1342,70,41,1273,276,2853,60,0,0,0
16,666,mean_sqrtdegree,1386,1386,0,0,11970,0,0,0,1385,185,98,998,203,5447,21,0,0,0
16,666,median,1348,1348,0,0,11994,0,0,0,1347,64,42,1002,282,2983,42,0,0,0
16,666,sd,1383,1383,0,0,11970,0,0,0,1382,178,91,998,207,5360,23,0,0,0
16,666,caliber,1207,1207,12160,69,5982,0,0,0,1415,419,0,997,0,0,0,0,0,0
16,666,degree4,1391,1391,13933,65,5982,0,0,0,1390,394,0,997,0,0,0,0,0,18446744073709551615
16,666,always,1743,1743,20894,129,5982,578,3468,1164,1742,746,0,997,0,0,0,6000,36000,18446744073709551615
16,666,high_high,1743,1743,20894,129,5982,578,3468,1164,1742,746,0,997,0,0,0,6000,36000,18446744073709551615
16,666,complement,1743,1743,20894,129,5982,578,3468,1164,1742,746,0,997,0,0,0,6000,36000,18446744073709551615
16,666,tail_only,1391,1391,13933,65,5982,0,0,0,1390,394,0,997,0,0,0,0,0,18446744073709551615
16,666,head_only,1391,1391,13933,65,5982,0,0,0,1390,394,0,997,0,0,0,0,0,18446744073709551615
16,666,adaptive,1391,1391,13933,65,5982,0,0,0,1390,394,0,997,0,0,0,0,0,18446744073709551615
16,666,random_0,1391,1391,13933,65,5982,0,0,0,1390,394,0,997,0,0,0,0,0,18446744073709551615
16,666,budget_random_0,1391,1391,13933,65,5982,0,0,0,1390,394,0,997,0,0,0,0,0,0
16,666,random_1,1391,1391,13933,65,5982,0,0,0,1390,394,0,997,0,0,0,0,0,18446744073709551615
16,666,budget_random_1,1391,1391,13933,65,5982,0,0,0,1390,394,0,997,0,0,0,0,0,0
16,666,random_2,1391,1391,13933,65,5982,0,0,0,1390,394,0,997,0,0,0,0,0,18446744073709551615
16,666,budget_random_2,1391,1391,13933,65,5982,0,0,0,1390,394,0,997,0,0,0,0,0,0
16,666,random_3,1391,1391,13933,65,5982,0,0,0,1390,394,0,997,0,0,0,0,0,18446744073709551615
16,666,budget_random_3,1391,1391,13933,65,5982,0,0,0,1390,394,0,997,0,0,0,0,0,0
16,666,random_4,1391,1391,13933,65,5982,0,0,0,1390,394,0,997,0,0,0,0,0,18446744073709551615
16,666,budget_random_4,1391,1391,13933,65,5982,0,0,0,1390,394,0,997,0,0,0,0,0,0
17,666,std_binary,0,0,0,0,0,0,0,0,0,0,0,0,0,0,0,0,0,0
17,666,binary,2816,2816,31137,106,11868,0,0,0,2815,838,0,1978,0,0,0,0,0,0
17,666,fourary,2816,2816,34402,106,11868,0,0,0,2815,838,0,1978,0,0,0,0,0,0
17,666,mean_map,2661,2661,0,0,23748,0,0,0,2660,124,57,1980,557,5865,68,0,0,0
17,666,mean_ring,2661,2661,0,0,23748,0,0,0,2660,124,57,1980,557,5865,68,0,0,0
17,666,mean_degree,2825,2825,0,0,23742,0,0,0,2824,617,328,1979,229,11672,16,0,0,0
17,666,max_maxdegree,2780,2780,0,0,23742,0,0,0,2779,332,113,1979,469,10239,41,0,0,0
17,666,original_mean,0,0,0,0,0,0,0,0,0,0,0,0,0,0,0,0,0,0
17,666,list_both,2661,2661,0,0,15222,0,0,0,2660,124,57,2537,557,7326,98,0,0,0
17,666,skip_only,2661,2661,0,0,11880,0,0,0,2660,124,57,1980,557,5866,68,0,0,0
17,666,heavy_only,2661,2661,0,0,27090,0,0,0,2660,124,57,2537,557,5865,98,0,0,0
17,666,mean_sqrtdegree,2799,2799,0,0,23742,0,0,0,2798,400,138,1979,420,10821,32,0,0,0
17,666,median,2666,2666,0,0,23742,0,0,0,2665,112,57,1979,575,5915,68,0,0,0
17,666,sd,2802,2802,0,0,23742,0,0,0,2801,361,131,1979,462,10674,38,0,0,0
17,666,caliber,2425,2425,26979,104,11868,0,0,0,2872,895,0,1978,0,0,0,0,0,0
17,666,degree4,2816,2816,31137,106,11868,0,0,0,2815,838,0,1978,0,0,0,0,0,18446744073709551615
17,666,always,3472,3472,45342,216,11868,1136,6816,2335,3471,1494,0,1978,0,0,0,12000,72000,18446744073709551615
17,666,high_high,3472,3472,45342,216,11868,1136,6816,2335,3471,1494,0,1978,0,0,0,12000,72000,18446744073709551615
17,666,complement,3472,3472,45342,216,11868,1136,6816,2335,3471,1494,0,1978,0,0,0,12000,72000,18446744073709551615
17,666,tail_only,2816,2816,31137,106,11868,0,0,0,2815,838,0,1978,0,0,0,0,0,18446744073709551615
17,666,head_only,2816,2816,31137,106,11868,0,0,0,2815,838,0,1978,0,0,0,0,0,18446744073709551615
17,666,adaptive,2816,2816,31137,106,11868,0,0,0,2815,838,0,1978,0,0,0,0,0,18446744073709551615
17,666,random_0,2816,2816,31137,106,11868,0,0,0,2815,838,0,1978,0,0,0,0,0,18446744073709551615
17,666,budget_random_0,2816,2816,31137,106,11868,0,0,0,2815,838,0,1978,0,0,0,0,0,0
17,666,random_1,2816,2816,31137,106,11868,0,0,0,2815,838,0,1978,0,0,0,0,0,18446744073709551615
17,666,budget_random_1,2816,2816,31137,106,11868,0,0,0,2815,838,0,1978,0,0,0,0,0,0
17,666,random_2,2816,2816,31137,106,11868,0,0,0,2815,838,0,1978,0,0,0,0,0,18446744073709551615
17,666,budget_random_2,2816,2816,31137,106,11868,0,0,0,2815,838,0,1978,0,0,0,0,0,0
17,666,random_3,2816,2816,31137,106,11868,0,0,0,2815,838,0,1978,0,0,0,0,0,18446744073709551615
17,666,budget_random_3,2816,2816,31137,106,11868,0,0,0,2815,838,0,1978,0,0,0,0,0,0
17,666,random_4,2816,2816,31137,106,11868,0,0,0,2815,838,0,1978,0,0,0,0,0,18446744073709551615
17,666,budget_random_4,2816,2816,31137,106,11868,0,0,0,2815,838,0,1978,0,0,0,0,0,0
17,1333,std_binary,0,0,0,0,0,0,0,0,0,0,0,0,0,0,0,0,0,0
17,1333,binary,2804,2804,31426,98,11868,0,0,0,2803,826,0,1978,0,0,0,0,0,0
17,1333,fourary,2804,2804,34644,98,11868,0,0,0,2803,826,0,1978,0,0,0,0,0,0
17,1333,mean_map,2642,2642,0,0,23766,0,0,0,2641,126,53,1983,533,5865,68,0,0,0
17,1333,mean_ring,2642,2642,0,0,23766,0,0,0,2641,126,53,1983,533,5865,68,0,0,0
17,1333,mean_degree,2804,2804,0,0,23742,0,0,0,2803,603,299,1979,222,11672,17,0,0,0
17,1333,max_maxdegree,2781,2781,0,0,23760,0,0,0,2780,324,102,1982,475,10239,38,0,0,0
17,1333,original_mean,0,0,0,0,0,0,0,0,0,0,0,0,0,0,0,0,0,0
17,1333,list_both,2642,2642,0,0,15096,0,0,0,2641,126,53,2516,533,7211,85,0,0,0
17,1333,skip_only,2642,2642,0,0,11898,0,0,0,2641,126,53,1983,533,5875,68,0,0,0
17,1333,heavy_only,2642,2642,0,0,26964,0,0,0,2641,126,53,2516,533,5865,85,0,0,0
17,1333,mean_sqrtdegree,2796,2796,0,0,23748,0,0,0,2795,396,126,1980,420,10821,33,0,0,0
17,1333,median,2645,2645,0,0,23772,0,0,0,2644,126,53,1984,535,5915,65,0,0,0
17,1333,sd,2785,2785,0,0,23754,0,0,0,2784,365,120,1981,439,10674,37,0,0,0
17,1333,caliber,2409,2409,27173,107,11868,0,0,0,2868,891,0,1978,0,0,0,0,0,0
17,1333,degree4,2804,2804,31426,98,11868,0,0,0,2803,826,0,1978,0,0,0,0,0,18446744073709551615
17,1333,always,3456,3456,45403,199,11868,1128,6768,2327,3455,1478,0,1978,0,0,0,12000,72000,18446744073709551615
17,1333,high_high,3456,3456,45403,199,11868,1128,6768,2327,3455,1478,0,1978,0,0,0,12000,72000,18446744073709551615
17,1333,complement,3456,3456,45403,199,11868,1128,6768,2327,3455,1478,0,1978,0,0,0,12000,72000,18446744073709551615
17,1333,tail_only,2804,2804,31426,98,11868,0,0,0,2803,826,0,1978,0,0,0,0,0,18446744073709551615
17,1333,head_only,2804,2804,31426,98,11868,0,0,0,2803,826,0,1978,0,0,0,0,0,18446744073709551615
17,1333,adaptive,2804,2804,31426,98,11868,0,0,0,2803,826,0,1978,0,0,0,0,0,18446744073709551615
17,1333,random_0,2804,2804,31426,98,11868,0,0,0,2803,826,0,1978,0,0,0,0,0,18446744073709551615
17,1333,budget_random_0,2804,2804,31426,98,11868,0,0,0,2803,826,0,1978,0,0,0,0,0,0
17,1333,random_1,2804,2804,31426,98,11868,0,0,0,2803,826,0,1978,0,0,0,0,0,18446744073709551615
17,1333,budget_random_1,2804,2804,31426,98,11868,0,0,0,2803,826,0,1978,0,0,0,0,0,0
17,1333,random_2,2804,2804,31426,98,11868,0,0,0,2803,826,0,1978,0,0,0,0,0,18446744073709551615
17,1333,budget_random_2,2804,2804,31426,98,11868,0,0,0,2803,826,0,1978,0,0,0,0,0,0
17,1333,random_3,2804,2804,31426,98,11868,0,0,0,2803,826,0,1978,0,0,0,0,0,18446744073709551615
17,1333,budget_random_3,2804,2804,31426,98,11868,0,0,0,2803,826,0,1978,0,0,0,0,0,0
17,1333,random_4,2804,2804,31426,98,11868,0,0,0,2803,826,0,1978,0,0,0,0,0,18446744073709551615
17,1333,budget_random_4,2804,2804,31426,98,11868,0,0,0,2803,826,0,1978,0,0,0,0,0,0
18,1666,std_binary,0,0,0,0,0,0,0,0,0,0,0,0,0,0,0,0,0,0
18,1666,binary,6919,6919,85410,159,29964,0,0,0,6918,1925,0,4994,0,0,0,0,0,0
18,1666,fourary,6919,6919,93942,159,29964,0,0,0,6918,1925,0,4994,0,0,0,0,0,0
18,1666,mean_map,6675,6675,0,0,60072,0,0,0,6674,313,86,5018,1344,14739,104,0,0,0
18,1666,mean_ring,6675,6675,0,0,60072,0,0,0,6674,313,86,5018,1344,14739,104,0,0,0
18,1666,mean_degree,6924,6924,0,0,59934,0,0,0,6923,1406,504,4995,523,29485,22,0,0,0
18,1666,max_maxdegree,6868,6868,0,0,59982,0,0,0,6867,730,165,5003,1135,25679,56,0,0,0
18,1666,original_mean,0,0,0,0,0,0,0,0,0,0,0,0,0,0,0,0,0,0
18,1666,list_both,6675,6675,0,0,38172,0,0,0,6674,313,86,6362,1344,18184,136,0,0,0
18,1666,skip_only,6675,6675,0,0,30108,0,0,0,6674,313,86,5018,1344,14794,104,0,0,0
18,1666,heavy_only,6675,6675,0,0,68136,0,0,0,6674,313,86,6362,1344,14739,136,0,0,0
18,1666,mean_sqrtdegree,6913,6913,0,0,59970,0,0,0,6912,901,211,5001,1011,27286,51,0,0,0
18,1666,median,6730,6730,0,0,60048,0,0,0,6729,346,87,5014,1370,14965,102,0,0,0
18,1666,sd,6900,6900,0,0,59976,0,0,0,6899,863,200,5002,1035,27013,51,0,0,0
18,1666,caliber,6031,6031,74938,175,29964,0,0,0,7120,2127,0,4994,0,0,0,0,0,0
18,1666,degree4,6919,6919,85410,159,29964,0,0,0,6918,1925,0,4994,0,0,0,0,0,18446744073709551615
18,1666,always,8905,8905,128525,344,29964,2923,17538,5981,8904,3911,0,4994,0,0,0,30000,180000,18446744073709551615
18,1666,high_high,8905,8905,128525,344,29964,2923,17538,5981,8904,3911,0,4994,0,0,0,30000,180000,18446744073709551615
18,1666,complement,8905,8905,128525,344,29964,2923,17538,5981,8904,3911,0,4994,0,0,0,30000,180000,18446744073709551615
18,1666,tail_only,6919,6919,85410,159,29964,0,0,0,6918,1925,0,4994,0,0,0,0,0,18446744073709551615
18,1666,head_only,6919,6919,85410,159,29964,0,0,0,6918,1925,0,4994,0,0,0,0,0,18446744073709551615
18,1666,adaptive,6919,6919,85410,159,29964,0,0,0,6918,1925,0,4994,0,0,0,0,0,18446744073709551615
18,1666,random_0,6919,6919,85410,159,29964,0,0,0,6918,1925,0,4994,0,0,0,0,0,18446744073709551615
18,1666,budget_random_0,6919,6919,85410,159,29964,0,0,0,6918,1925,0,4994,0,0,0,0,0,0
18,1666,random_1,6919,6919,85410,159,29964,0,0,0,6918,1925,0,4994,0,0,0,0,0,18446744073709551615
18,1666,budget_random_1,6919,6919,85410,159,29964,0,0,0,6918,1925,0,4994,0,0,0,0,0,0
18,1666,random_2,6919,6919,85410,159,29964,0,0,0,6918,1925,0,4994,0,0,0,0,0,18446744073709551615
18,1666,budget_random_2,6919,6919,85410,159,29964,0,0,0,6918,1925,0,4994,0,0,0,0,0,0
18,1666,random_3,6919,6919,85410,159,29964,0,0,0,6918,1925,0,4994,0,0,0,0,0,18446744073709551615
18,1666,budget_random_3,6919,6919,85410,159,29964,0,0,0,6918,1925,0,4994,0,0,0,0,0,0
18,1666,random_4,6919,6919,85410,159,29964,0,0,0,6918,1925,0,4994,0,0,0,0,0,18446744073709551615
18,1666,budget_random_4,6919,6919,85410,159,29964,0,0,0,6918,1925,0,4994,0,0,0,0,0,0
18,3333,std_binary,0,0,0,0,0,0,0,0,0,0,0,0,0,0,0,0,0,0
18,3333,binary,6980,6980,86379,144,29964,0,0,0,6979,1986,0,4994,0,0,0,0,0,0
18,3333,fourary,6980,6980,95711,144,29964,0,0,0,6979,1986,0,4994,0,0,0,0,0,0
18,3333,mean_map,6653,6653,0,0,60000,0,0,0,6652,325,90,5006,1322,14739,105,0,0,0
18,3333,mean_ring,6653,6653,0,0,60000,0,0,0,6652,325,90,5006,1322,14739,105,0,0,0
18,3333,mean_degree,6983,6983,0,0,59928,0,0,0,6982,1453,513,4994,536,29485,23,0,0,0
18,3333,max_maxdegree,6888,6888,0,0,59976,0,0,0,6887,706,169,5002,1180,25679,58,0,0,0
18,3333,original_mean,0,0,0,0,0,0,0,0,0,0,0,0,0,0,0,0,0,0
18,3333,list_both,6653,6653,0,0,37968,0,0,0,6652,325,90,6328,1322,18162,139,0,0,0
18,3333,skip_only,6653,6653,0,0,30036,0,0,0,6652,325,90,5006,1322,14763,105,0,0,0
18,3333,heavy_only,6653,6653,0,0,67932,0,0,0,6652,325,90,6328,1322,14739,139,0,0,0
18,3333,mean_sqrtdegree,6958,6958,0,0,59946,0,0,0,6957,940,215,4997,1021,27286,50,0,0,0
18,3333,median,6697,6697,0,0,59988,0,0,0,6696,315,90,5004,1378,14965,104,0,0,0
18,3333,sd,6962,6962,0,0,59958,0,0,0,6961,903,204,4999,1060,27013,50,0,0,0
18,3333,caliber,6046,6046,75121,151,29964,0,0,0,7136,2143,0,4994,0,0,0,0,0,0
18,3333,degree4,6980,6980,86379,144,29964,0,0,0,6979,1986,0,4994,0,0,0,0,0,18446744073709551615
18,3333,always,8868,8868,128164,314,29964,2893,17358,5974,8867,3874,0,4994,0,0,0,30000,180000,18446744073709551615
18,3333,high_high,8868,8868,128164,314,29964,2893,17358,5974,8867,3874,0,4994,0,0,0,30000,180000,18446744073709551615
18,3333,complement,8868,8868,128164,314,29964,2893,17358,5974,8867,3874,0,4994,0,0,0,30000,180000,18446744073709551615
18,3333,tail_only,6980,6980,86379,144,29964,0,0,0,6979,1986,0,4994,0,0,0,0,0,18446744073709551615
18,3333,head_only,6980,6980,86379,144,29964,0,0,0,6979,1986,0,4994,0,0,0,0,0,18446744073709551615
18,3333,adaptive,6980,6980,86379,144,29964,0,0,0,6979,1986,0,4994,0,0,0,0,0,18446744073709551615
18,3333,random_0,6980,6980,86379,144,29964,0,0,0,6979,1986,0,4994,0,0,0,0,0,18446744073709551615
18,3333,budget_random_0,6980,6980,86379,144,29964,0,0,0,6979,1986,0,4994,0,0,0,0,0,0
18,3333,random_1,6980,6980,86379,144,29964,0,0,0,6979,1986,0,4994,0,0,0,0,0,18446744073709551615
18,3333,budget_random_1,6980,6980,86379,144,29964,0,0,0,6979,1986,0,4994,0,0,0,0,0,0
18,3333,random_2,6980,6980,86379,144,29964,0,0,0,6979,1986,0,4994,0,0,0,0,0,18446744073709551615
18,3333,budget_random_2,6980,6980,86379,144,29964,0,0,0,6979,1986,0,4994,0,0,0,0,0,0
18,3333,random_3,6980,6980,86379,144,29964,0,0,0,6979,1986,0,4994,0,0,0,0,0,18446744073709551615
18,3333,budget_random_3,6980,6980,86379,144,29964,0,0,0,6979,1986,0,4994,0,0,0,0,0,0
18,3333,random_4,6980,6980,86379,144,29964,0,0,0,6979,1986,0,4994,0,0,0,0,0,18446744073709551615
18,3333,budget_random_4,6980,6980,86379,144,29964,0,0,0,6979,1986,0,4994,0,0,0,0,0,0
19,333,std_binary,0,0,0,0,0,0,0,0,0,0,0,0,0,0,0,0,0,0
19,333,binary,1372,1372,22518,611,4445,0,0,0,1371,381,0,991,0,0,0,0,0,0
19,333,fourary,1372,1372,24021,611,4445,0,0,0,1371,381,0,991,0,0,0,0,0,0
19,333,mean_map,1315,1315,0,0,9067,0,0,0,1314,110,6,1033,172,2264,501,0,0,0
19,333,mean_ring,1315,1315,0,0,9067,0,0,0,1314,110,6,1033,172,2264,501,0,0,0
19,333,mean_degree,1356,1356,0,0,8909,0,0,0,1355,302,25,994,60,3952,119,0,0,0
19,333,max_maxdegree,1366,1366,0,0,8905,0,0,0,1365,302,23,995,69,3913,132,0,0,0
19,333,original_mean,0,0,0,0,0,0,0,0,0,0,0,0,0,0,0,0,0,0
19,333,list_both,1315,1315,0,0,5364,0,0,0,1314,110,6,1205,172,2712,591,0,0,0
19,333,skip_only,1315,1315,0,0,4622,0,0,0,1314,110,6,1033,172,2340,501,0,0,0
19,333,heavy_only,1315,1315,0,0,9809,0,0,0,1314,110,6,1205,172,2264,591,0,0,0
19,333,mean_sqrtdegree,1334,1334,0,0,8927,0,0,0,1333,229,12,1002,103,3417,242,0,0,0
19,333,median,1322,1322,0,0,9068,0,0,0,1321,115,6,1033,174,2220,510,0,0,0
19,333,sd,1343,1343,0,0,8988,0,0,0,1342,201,10,1013,129,3192,293,0,0,0
19,333,caliber,1079,1079,17408,629,4445,0,0,0,1409,419,0,991,0,0,0,0,0,0
19,333,degree4,1440,1440,24130,694,4445,145,336,152,1439,449,0,991,0,0,0,654,1618,18446744073709551615
19,333,selected_grid,1580,1580,0,0,9498,0,0,0,1579,155,3,1126,299,0,760,0,0,0
19,333,always,1664,1664,29316,1045,4445,619,2780,1044,1663,673,0,991,0,0,0,4493,20028,18446744073709551615
19,333,high_high,1607,1607,27843,927,4445,271,1741,702,1606,616,0,991,0,0,0,1600,10407,18446744073709551615
19,333,complement,1664,1664,29295,1036,4445,544,2640,1018,1663,673,0,991,0,0,0,3839,18410,18446744073709551615
19,333,tail_only,1609,1609,27835,905,4445,292,1287,544,1608,618,0,991,0,0,0,1259,5509,18446744073709551615
19,333,head_only,1523,1523,26223,823,4445,507,1299,524,1522,532,0,991,0,0,0,2288,5730,18446744073709551615
19,333,adaptive,1394,1394,22976,637,4445,71,131,57,1393,403,0,991,0,0,0,279,542,18446744073709551615
19,333,random_0,1493,1493,25424,759,4445,170,816,348,1492,502,0,991,0,0,0,654,3074,18446744073709551615
19,333,budget_random_0,1458,1458,24669,712,4445,70,336,239,1457,467,0,991,0,0,0,654,3074,336
19,333,random_1,1484,1484,25203,752,4445,175,789,314,1483,493,0,991,0,0,0,654,2893,18446744073709551615
19,333,budget_random_1,1456,1456,24586,712,4445,73,336,232,1455,465,0,991,0,0,0,654,2893,336
19,333,random_2,1504,1504,25651,788,4445,182,785,350,1503,513,0,991,0,0,0,654,2858,18446744073709551615
19,333,budget_random_2,1457,1457,24618,716,4445,82,336,234,1456,466,0,991,0,0,0,654,2858,336
19,333,random_3,1489,1489,25396,769,4445,171,772,340,1488,498,0,991,0,0,0,654,2936,18446744073709551615
19,333,budget_random_3,1461,1461,24701,722,4445,76,336,245,1460,470,0,991,0,0,0,654,2936,336
19,333,random_4,1508,1508,25734,775,4445,169,750,342,1507,517,0,991,0,0,0,654,2872,18446744073709551615
19,333,budget_random_4,1468,1468,24853,720,4445,77,336,243,1467,477,0,991,0,0,0,654,2872,336
19,666,std_binary,0,0,0,0,0,0,0,0,0,0,0,0,0,0,0,0,0,0
19,666,binary,1354,1354,22084,617,4445,0,0,0,1353,363,0,991,0,0,0,0,0,0
19,666,fourary,1354,1354,23493,617,4445,0,0,0,1353,363,0,991,0,0,0,0,0,0
19,666,mean_map,1275,1275,0,0,9031,0,0,0,1274,122,7,1027,126,2264,508,0,0,0
19,666,mean_ring,1275,1275,0,0,9031,0,0,0,1274,122,7,1027,126,2264,508,0,0,0
19,666,mean_degree,1351,1351,0,0,8896,0,0,0,1350,303,27,993,55,3952,120,0,0,0
19,666,max_maxdegree,1348,1348,0,0,8897,0,0,0,1347,296,26,992,60,3913,125,0,0,0
19,666,original_mean,0,0,0,0,0,0,0,0,0,0,0,0,0,0,0,0,0,0
19,666,list_both,1275,1275,0,0,5112,0,0,0,1274,122,7,1153,126,2624,559,0,0,0
19,666,skip_only,1275,1275,0,0,4586,0,0,0,1274,122,7,1027,126,2348,508,0,0,0
19,666,heavy_only,1275,1275,0,0,9557,0,0,0,1274,122,7,1153,126,2264,559,0,0,0
19,666,mean_sqrtdegree,1336,1336,0,0,8933,0,0,0,1335,234,14,1000,102,3417,240,0,0,0
19,666,median,1303,1303,0,0,9061,0,0,0,1302,137,6,1032,134,2220,519,0,0,0
19,666,sd,1308,1308,0,0,8961,0,0,0,1307,194,11,1007,107,3192,281,0,0,0
19,666,caliber,1087,1087,17567,663,4445,0,0,0,1428,438,0,991,0,0,0,0,0,0
19,666,degree4,1427,1427,23865,699,4445,167,397,175,1426,436,0,991,0,0,0,654,1618,18446744073709551615
19,666,selected_grid,1591,1591,0,0,9325,0,0,0,1590,255,4,1091,245,0,810,0,0,0
19,666,always,1633,1633,28675,1017,4445,596,2674,1036,1632,642,0,991,0,0,0,4493,20028,18446744073709551615
19,666,high_high,1544,1544,26672,873,4445,254,1663,635,1543,553,0,991,0,0,0,1600,10407,18446744073709551615
19,666,complement,1640,1640,28830,1030,4445,505,2532,998,1639,649,0,991,0,0,0,3839,18410,18446744073709551615
19,666,tail_only,1549,1549,26637,851,4445,309,1350,596,1548,558,0,991,0,0,0,1259,5509,18446744073709551615
19,666,head_only,1522,1522,26160,817,4445,502,1264,540,1521,531,0,991,0,0,0,2288,5730,18446744073709551615
19,666,adaptive,1381,1381,22799,644,4445,78,154,65,1380,390,0,991,0,0,0,279,542,18446744073709551615
19,666,random_0,1475,1475,25003,767,4445,168,810,371,1474,484,0,991,0,0,0,654,3074,18446744073709551615
19,666,budget_random_0,1454,1454,24496,722,4445,78,397,269,1453,463,0,991,0,0,0,654,3074,397
19,666,random_1,1444,1444,24264,750,4445,156,702,318,1443,453,0,991,0,0,0,654,2893,18446744073709551615
19,666,budget_random_1,1430,1430,24015,721,4445,91,397,254,1429,439,0,991,0,0,0,654,2893,397
19,666,random_2,1460,1460,24660,756,4445,167,748,296,1459,469,0,991,0,0,0,654,2858,18446744073709551615
19,666,budget_random_2,1441,1441,24228,721,4445,91,397,236,1440,450,0,991,0,0,0,654,2858,397
19,666,random_3,1474,1474,25024,756,4445,165,733,337,1473,483,0,991,0,0,0,654,2936,18446744073709551615
19,666,budget_random_3,1451,1451,24611,732,4445,85,397,269,1450,460,0,991,0,0,0,654,2936,397
19,666,random_4,1453,1453,24624,743,4445,171,748,311,1452,462,0,991,0,0,0,654,2872,18446744073709551615
19,666,budget_random_4,1436,1436,24223,710,4445,90,397,239,1435,445,0,991,0,0,0,654,2872,397
20,666,std_binary,0,0,0,0,0,0,0,0,0,0,0,0,0,0,0,0,0,0
20,666,binary,2774,2774,51229,1301,8944,0,0,0,2773,792,0,1982,0,0,0,0,0,0
20,666,fourary,2774,2774,53363,1301,8944,0,0,0,2773,792,0,1982,0,0,0,0,0,0
20,666,mean_map,2609,2609,0,0,18241,0,0,0,2608,254,7,2066,289,4420,1057,0,0,0
20,666,mean_ring,2609,2609,0,0,18241,0,0,0,2608,254,7,2066,289,4420,1057,0,0,0
20,666,mean_degree,2728,2728,0,0,17908,0,0,0,2727,635,29,1989,104,8017,265,0,0,0
20,666,max_maxdegree,2723,2723,0,0,17919,0,0,0,2722,620,26,1989,114,7889,298,0,0,0
20,666,original_mean,0,0,0,0,0,0,0,0,0,0,0,0,0,0,0,0,0,0
20,666,list_both,2609,2609,0,0,10621,0,0,0,2608,254,7,2355,289,5243,1236,0,0,0
20,666,skip_only,2609,2609,0,0,9297,0,0,0,2608,254,7,2066,289,4605,1057,0,0,0
20,666,heavy_only,2609,2609,0,0,19565,0,0,0,2608,254,7,2355,289,4420,1236,0,0,0
20,666,mean_sqrtdegree,2646,2646,0,0,17976,0,0,0,2645,456,14,2003,187,6862,497,0,0,0
20,666,median,2626,2626,0,0,18246,0,0,0,2625,244,7,2071,311,4472,1056,0,0,0
20,666,sd,2636,2636,0,0,18000,0,0,0,2635,407,12,2008,221,6377,636,0,0,0
20,666,caliber,2183,2183,39718,1357,8944,0,0,0,2881,900,0,1982,0,0,0,0,0,0
20,666,degree4,2899,2899,54501,1444,8944,279,706,333,2898,917,0,1982,0,0,0,1185,2919,18446744073709551615
20,666,selected_grid,3391,3391,0,0,19327,0,0,0,3390,586,4,2316,489,22,1860,0,0,0
20,666,always,3341,3341,65279,2060,8944,1232,5607,2108,3340,1359,0,1982,0,0,0,9015,40862,18446744073709551615
20,666,high_high,3284,3284,63790,1921,8944,583,3769,1457,3283,1302,0,1982,0,0,0,3356,21619,18446744073709551615
20,666,complement,3284,3284,63995,2009,8944,1064,5306,2006,3283,1302,0,1982,0,0,0,7830,37943,18446744073709551615
20,666,tail_only,3099,3099,59428,1727,8944,556,2570,1116,3098,1117,0,1982,0,0,0,2449,11114,18446744073709551615
20,666,head_only,3125,3125,60149,1730,8944,1018,2519,1055,3124,1143,0,1982,0,0,0,4395,11048,18446744073709551615
20,666,adaptive,2843,2843,53002,1372,8944,149,303,135,2842,861,0,1982,0,0,0,573,1150,18446744073709551615
20,666,random_0,3005,3005,57113,1580,8944,319,1431,585,3004,1023,0,1982,0,0,0,1185,5279,18446744073709551615
20,666,budget_random_0,2951,2951,55736,1495,8944,170,706,428,2950,969,0,1982,0,0,0,1185,5279,706
20,666,random_1,2996,2996,56973,1578,8944,325,1467,648,2995,1014,0,1982,0,0,0,1185,5467,18446744073709551615
20,666,budget_random_1,2951,2951,55784,1493,8944,160,706,485,2950,969,0,1982,0,0,0,1185,5467,706
20,666,random_2,2956,2956,55901,1541,8944,300,1368,596,2955,974,0,1982,0,0,0,1185,5366,18446744073709551615
20,666,budget_random_2,2924,2924,55139,1475,8944,160,706,462,2923,942,0,1982,0,0,0,1185,5366,706
20,666,random_3,2969,2969,56292,1552,8944,293,1311,540,2968,987,0,1982,0,0,0,1185,5428,18446744073709551615
20,666,budget_random_3,2949,2949,55736,1493,8944,165,706,428,2948,967,0,1982,0,0,0,1185,5428,706
20,666,random_4,2979,2979,56514,1556,8944,322,1464,621,2978,997,0,1982,0,0,0,1185,5531,18446744073709551615
20,666,budget_random_4,2934,2934,55422,1473,8944,163,706,468,2933,952,0,1982,0,0,0,1185,5531,706
20,1333,std_binary,0,0,0,0,0,0,0,0,0,0,0,0,0,0,0,0,0,0
20,1333,binary,2779,2779,51213,1263,8944,0,0,0,2778,797,0,1982,0,0,0,0,0,0
20,1333,fourary,2779,2779,53618,1263,8944,0,0,0,2778,797,0,1982,0,0,0,0,0,0
20,1333,mean_map,2617,2617,0,0,18162,0,0,0,2616,268,7,2045,304,4420,860,0,0,0
20,1333,mean_ring,2617,2617,0,0,18162,0,0,0,2616,268,7,2045,304,4420,860,0,0,0
20,1333,mean_degree,2757,2757,0,0,17917,0,0,0,2756,661,28,1988,108,8017,280,0,0,0
20,1333,max_maxdegree,2748,2748,0,0,17945,0,0,0,2747,637,25,1992,119,7889,293,0,0,0
20,1333,original_mean,0,0,0,0,0,0,0,0,0,0,0,0,0,0,0,0,0,0
20,1333,list_both,2617,2617,0,0,10615,0,0,0,2616,268,7,2349,304,5225,1053,0,0,0
20,1333,skip_only,2617,2617,0,0,9218,0,0,0,2616,268,7,2045,304,4546,860,0,0,0
20,1333,heavy_only,2617,2617,0,0,19559,0,0,0,2616,268,7,2349,304,4420,1053,0,0,0
20,1333,mean_sqrtdegree,2652,2652,0,0,18017,0,0,0,2651,450,13,2010,192,6862,533,0,0,0
20,1333,median,2613,2613,0,0,18129,0,0,0,2612,283,7,2038,292,4472,880,0,0,0
20,1333,sd,2642,2642,0,0,18032,0,0,0,2641,394,11,2012,236,6377,628,0,0,0
20,1333,caliber,2188,2188,39888,1331,8944,0,0,0,2900,919,0,1982,0,0,0,0,0,0
20,1333,degree4,2900,2900,54238,1404,8944,290,715,314,2899,918,0,1982,0,0,0,1185,2919,18446744073709551615
20,1333,selected_grid,3297,3297,0,0,19227,0,0,0,3296,468,4,2297,532,22,1917,0,0,0
20,1333,always,3339,3339,65547,2087,8944,1210,5446,2128,3338,1357,0,1982,0,0,0,9015,40862,18446744073709551615
20,1333,high_high,3234,3234,62735,1862,8944,565,3640,1450,3233,1252,0,1982,0,0,0,3356,21619,18446744073709551615
20,1333,complement,3326,3326,65095,2061,8944,1085,5258,2057,3325,1344,0,1982,0,0,0,7830,37943,18446744073709551615
20,1333,tail_only,3133,3133,60267,1705,8944,576,2632,1076,3132,1151,0,1982,0,0,0,2449,11114,18446744073709551615
20,1333,head_only,3148,3148,60654,1717,8944,1007,2519,1102,3147,1166,0,1982,0,0,0,4395,11048,18446744073709551615
20,1333,adaptive,2827,2827,52570,1320,8944,155,323,120,2826,845,0,1982,0,0,0,573,1150,18446744073709551615
20,1333,random_0,2993,2993,56934,1533,8944,314,1349,598,2992,1011,0,1982,0,0,0,1185,5279,18446744073709551615
20,1333,budget_random_0,2954,2954,55948,1471,8944,177,715,492,2953,972,0,1982,0,0,0,1185,5279,715
20,1333,random_1,3025,3025,57595,1549,8944,328,1432,606,3024,1043,0,1982,0,0,0,1185,5467,18446744073709551615
20,1333,budget_random_1,2979,2979,56436,1471,8944,160,715,477,2978,997,0,1982,0,0,0,1185,5467,715
20,1333,random_2,3006,3006,57120,1521,8944,314,1370,610,3005,1024,0,1982,0,0,0,1185,5366,18446744073709551615
20,1333,budget_random_2,2960,2960,55982,1463,8944,169,715,485,2959,978,0,1982,0,0,0,1185,5366,715
20,1333,random_3,3007,3007,57180,1527,8944,312,1427,637,3006,1025,0,1982,0,0,0,1185,5428,18446744073709551615
20,1333,budget_random_3,2962,2962,56084,1460,8944,156,715,480,2961,980,0,1982,0,0,0,1185,5428,715
20,1333,random_4,2986,2986,56556,1511,8944,313,1442,635,2985,1004,0,1982,0,0,0,1185,5531,18446744073709551615
20,1333,budget_random_4,2934,2934,55292,1440,8944,157,715,492,2933,952,0,1982,0,0,0,1185,5531,715
21,1666,std_binary,0,0,0,0,0,0,0,0,0,0,0,0,0,0,0,0,0,0
21,1666,binary,6797,6797,142610,3111,22087,0,0,0,6796,1862,0,4935,0,0,0,0,0,0
21,1666,fourary,6797,6797,149928,3111,22087,0,0,0,6796,1862,0,4935,0,0,0,0,0,0
21,1666,mean_map,6446,6446,0,0,44889,0,0,0,6445,648,10,5096,702,10986,2615,0,0,0
21,1666,mean_ring,6446,6446,0,0,44889,0,0,0,6445,648,10,5096,702,10986,2615,0,0,0
21,1666,mean_degree,6727,6727,0,0,44240,0,0,0,6726,1529,35,4950,248,19824,624,0,0,0
21,1666,max_maxdegree,6709,6709,0,0,44213,0,0,0,6708,1489,32,4946,274,19536,667,0,0,0
21,1666,original_mean,0,0,0,0,0,0,0,0,0,0,0,0,0,0,0,0,0,0
21,1666,list_both,6446,6446,0,0,26067,0,0,0,6445,648,10,5798,702,12940,3028,0,0,0
21,1666,skip_only,6446,6446,0,0,22802,0,0,0,6445,648,10,5096,702,11340,2615,0,0,0
21,1666,heavy_only,6446,6446,0,0,48154,0,0,0,6445,648,10,5798,702,10986,3028,0,0,0
21,1666,mean_sqrtdegree,6544,6544,0,0,44367,0,0,0,6543,1108,18,4974,462,16935,1215,0,0,0
21,1666,median,6451,6451,0,0,44896,0,0,0,6450,638,10,5099,714,11033,2624,0,0,0
21,1666,sd,6480,6480,0,0,44468,0,0,0,6479,967,16,4996,517,15885,1538,0,0,0
21,1666,caliber,5335,5335,110499,3265,22087,0,0,0,7049,2115,0,4935,0,0,0,0,0,0
21,1666,degree4,7135,7135,151919,3499,22087,778,1977,865,7134,2200,0,4935,0,0,0,3223,8087,18446744073709551615
21,1666,selected_grid,9023,9023,0,0,52157,0,0,0,9022,129,3,6727,2167,0,6473,0,0,0
21,1666,always,8088,8088,179837,4948,22087,3005,13359,5082,8087,3153,0,4935,0,0,0,22422,100857,18446744073709551615
21,1666,high_high,7905,7905,173525,4538,22087,1283,8424,3578,7904,2970,0,4935,0,0,0,7913,51532,18446744073709551615
21,1666,complement,8101,8101,179927,4930,22087,2647,12777,4850,8100,3166,0,4935,0,0,0,19199,92770,18446744073709551615
21,1666,tail_only,7735,7735,168597,4292,22087,1451,6450,2677,7734,2800,0,4935,0,0,0,6418,28891,18446744073709551615
21,1666,head_only,7639,7639,166273,4171,22087,2521,6378,2676,7638,2704,0,4935,0,0,0,11314,28521,18446744073709551615
21,1666,adaptive,6933,6933,146589,3269,22087,376,771,355,6932,1998,0,4935,0,0,0,1416,2824,18446744073709551615
21,1666,random_0,7442,7442,160503,3888,22087,820,3818,1667,7441,2507,0,4935,0,0,0,3223,14736,18446744073709551615
21,1666,budget_random_0,7313,7313,156989,3673,22087,427,1977,1307,7312,2378,0,4935,0,0,0,3223,14736,1977
21,1666,random_1,7347,7347,157821,3788,22087,825,3649,1631,7346,2412,0,4935,0,0,0,3223,14471,18446744073709551615
21,1666,budget_random_1,7252,7252,155280,3626,22087,460,1977,1298,7251,2317,0,4935,0,0,0,3223,14471,1977
21,1666,random_2,7359,7359,158117,3849,22087,844,3715,1631,7358,2424,0,4935,0,0,0,3223,14547,18446744073709551615
21,1666,budget_random_2,7254,7254,155382,3667,22087,451,1977,1288,7253,2319,0,4935,0,0,0,3223,14547,1977
21,1666,random_3,7321,7321,157131,3779,22087,829,3695,1647,7320,2386,0,4935,0,0,0,3223,14565,18446744073709551615
21,1666,budget_random_3,7210,7210,154091,3592,22087,444,1977,1320,7209,2275,0,4935,0,0,0,3223,14565,1977
21,1666,random_4,7392,7392,159133,3859,22087,847,3779,1676,7391,2457,0,4935,0,0,0,3223,14449,18446744073709551615
21,1666,budget_random_4,7269,7269,155617,3648,22087,444,1977,1298,7268,2334,0,4935,0,0,0,3223,14449,1977
21,3333,std_binary,0,0,0,0,0,0,0,0,0,0,0,0,0,0,0,0,0,0
21,3333,binary,6839,6839,144011,3137,22087,0,0,0,6838,1904,0,4935,0,0,0,0,0,0
21,3333,fourary,6839,6839,151157,3137,22087,0,0,0,6838,1904,0,4935,0,0,0,0,0,0
21,3333,mean_map,6452,6452,0,0,44934,0,0,0,6451,599,8,5093,760,10986,2398,0,0,0
21,3333,mean_ring,6452,6452,0,0,44934,0,0,0,6451,599,8,5093,760,10986,2398,0,0,0
21,3333,mean_degree,6749,6749,0,0,44212,0,0,0,6748,1558,34,4943,248,19824,574,0,0,0
21,3333,max_maxdegree,6747,6747,0,0,44227,0,0,0,6746,1523,31,4946,278,19536,642,0,0,0
21,3333,original_mean,0,0,0,0,0,0,0,0,0,0,0,0,0,0,0,0,0,0
21,3333,list_both,6452,6452,0,0,26220,0,0,0,6451,599,8,5853,760,13098,2666,0,0,0
21,3333,skip_only,6452,6452,0,0,22847,0,0,0,6451,599,8,5093,760,11382,2398,0,0,0
21,3333,heavy_only,6452,6452,0,0,48307,0,0,0,6451,599,8,5853,760,10986,2666,0,0,0
21,3333,mean_sqrtdegree,6559,6559,0,0,44349,0,0,0,6558,1120,17,4970,469,16935,1182,0,0,0
21,3333,median,6442,6442,0,0,44895,0,0,0,6441,598,8,5086,758,11033,2376,0,0,0
21,3333,sd,6491,6491,0,0,44430,0,0,0,6490,961,14,4992,538,15885,1436,0,0,0
21,3333,caliber,5367,5367,111726,3284,22087,0,0,0,7078,2144,0,4935,0,0,0,0,0,0
21,3333,degree4,7174,7174,153433,3526,22087,750,1868,836,7173,2239,0,4935,0,0,0,3223,8087,18446744073709551615
21,3333,selected_grid,8931,8931,0,0,47854,0,0,0,8930,1568,2,5760,1603,0,3778,0,0,0
21,3333,always,8183,8183,182359,5038,22087,3031,13423,5151,8182,3248,0,4935,0,0,0,22422,100857,18446744073709551615
21,3333,high_high,7905,7905,173654,4529,22087,1291,8467,3519,7904,2970,0,4935,0,0,0,7913,51532,18446744073709551615
21,3333,complement,8211,8211,182858,5046,22087,2674,12914,5025,8210,3276,0,4935,0,0,0,19199,92770,18446744073709551615
21,3333,tail_only,7810,7810,170931,4335,22087,1459,6554,2652,7809,2875,0,4935,0,0,0,6418,28891,18446744073709551615
21,3333,head_only,7791,7791,170637,4334,22087,2583,6579,2781,7790,2856,0,4935,0,0,0,11314,28521,18446744073709551615
21,3333,adaptive,6976,6976,147808,3309,22087,375,744,335,6975,2041,0,4935,0,0,0,1416,2824,18446744073709551615
21,3333,random_0,7471,7471,161536,3917,22087,843,3885,1672,7470,2536,0,4935,0,0,0,3223,14736,18446744073709551615
21,3333,budget_random_0,7331,7331,157542,3685,22087,396,1868,1252,7330,2396,0,4935,0,0,0,3223,14736,1868
21,3333,random_1,7410,7410,159741,3823,22087,829,3640,1578,7409,2475,0,4935,0,0,0,3223,14471,18446744073709551615
21,3333,budget_random_1,7301,7301,157031,3658,22087,422,1868,1248,7300,2366,0,4935,0,0,0,3223,14471,1868
21,3333,random_2,7428,7428,160486,3914,22087,828,3677,1701,7427,2493,0,4935,0,0,0,3223,14547,18446744073709551615
21,3333,budget_random_2,7296,7296,156921,3669,22087,408,1868,1269,7295,2361,0,4935,0,0,0,3223,14547,1868
21,3333,random_3,7475,7475,161584,3950,22087,884,4036,1816,7474,2540,0,4935,0,0,0,3223,14565,18446744073709551615
21,3333,budget_random_3,7306,7306,156998,3670,22087,411,1868,1316,7305,2371,0,4935,0,0,0,3223,14565,1868
21,3333,random_4,7388,7388,159321,3817,22087,815,3650,1593,7387,2453,0,4935,0,0,0,3223,14449,18446744073709551615
21,3333,budget_random_4,7261,7261,155869,3631,22087,407,1868,1247,7260,2326,0,4935,0,0,0,3223,14449,1868
22,3333,std_binary,0,0,0,0,0,0,0,0,0,0,0,0,0,0,0,0,0,0
22,3333,binary,13669,13669,313897,6257,44340,0,0,0,13668,3760,0,9909,0,0,0,0,0,0
22,3333,fourary,13669,13669,325526,6257,44340,0,0,0,13668,3760,0,9909,0,0,0,0,0,0
22,3333,mean_map,12941,12941,0,0,90179,0,0,0,12940,1263,11,10233,1445,22120,5171,0,0,0
22,3333,mean_ring,12941,12941,0,0,90179,0,0,0,12940,1263,11,10233,1445,22120,5171,0,0,0
22,3333,mean_degree,13535,13535,0,0,88772,0,0,0,13534,3090,41,9928,517,39733,1236,0,0,0
22,3333,max_maxdegree,13487,13487,0,0,88779,0,0,0,13486,3032,37,9928,527,39150,1360,0,0,0
22,3333,original_mean,0,0,0,0,0,0,0,0,0,0,0,0,0,0,0,0,0,0
22,3333,list_both,12941,12941,0,0,52522,0,0,0,12940,1263,11,11678,1445,26182,5771,0,0,0
22,3333,skip_only,12941,12941,0,0,45839,0,0,0,12940,1263,11,10233,1445,22833,5171,0,0,0
22,3333,heavy_only,12941,12941,0,0,96862,0,0,0,12940,1263,11,11678,1445,22120,5771,0,0,0
22,3333,mean_sqrtdegree,13203,13203,0,0,89036,0,0,0,13202,2287,21,9992,924,34022,2490,0,0,0
22,3333,median,12933,12933,0,0,90178,0,0,0,12932,1264,11,10235,1434,22162,5158,0,0,0
22,3333,sd,13048,13048,0,0,89284,0,0,0,13047,1954,18,10036,1058,31799,2982,0,0,0
22,3333,caliber,10844,10844,247145,6615,44340,0,0,0,14229,4321,0,9909,0,0,0,0,0,0
22,3333,degree4,14224,14224,331116,6924,44340,1469,3640,1633,14223,4315,0,9909,0,0,0,6322,15644,18446744073709551615
22,3333,selected_grid,15695,15695,0,0,94546,0,0,0,15694,1513,6,11205,2977,0,8693,0,0,0
22,3333,always,16261,16261,393822,9996,44340,6058,26847,10202,16260,6352,0,9909,0,0,0,44726,199768,18446744073709551615
22,3333,high_high,15868,15868,379813,9114,44340,2654,17211,6930,15867,5959,0,9909,0,0,0,16069,104318,18446744073709551615
22,3333,complement,16220,16220,392242,9911,44340,5270,25945,9792,16219,6311,0,9909,0,0,0,38404,184124,18446744073709551615
22,3333,tail_only,15311,15311,363385,8378,44340,2785,12509,5316,15310,5402,0,9909,0,0,0,12434,55281,18446744073709551615
22,3333,head_only,15448,15448,367534,8525,44340,5042,12474,5302,15447,5539,0,9909,0,0,0,22545,55813,18446744073709551615
22,3333,adaptive,13896,13896,321178,6523,44340,765,1500,695,13895,3987,0,9909,0,0,0,2951,5879,18446744073709551615
22,3333,random_0,14791,14791,347461,7630,44340,1633,7317,3204,14790,4882,0,9909,0,0,0,6322,28132,18446744073709551615
22,3333,budget_random_0,14564,14564,340802,7265,44340,797,3640,2477,14563,4655,0,9909,0,0,0,6322,28132,3640
22,3333,random_1,14791,14791,347473,7653,44340,1636,7342,3198,14790,4882,0,9909,0,0,0,6322,28417,18446744073709551615
22,3333,budget_random_1,14528,14528,339649,7243,44340,799,3640,2439,14527,4619,0,9909,0,0,0,6322,28417,3640
22,3333,random_2,14789,14789,347430,7613,44340,1576,7184,3169,14788,4880,0,9909,0,0,0,6322,28348,18446744073709551615
22,3333,budget_random_2,14538,14538,340445,7248,44340,805,3640,2435,14537,4629,0,9909,0,0,0,6322,28348,3640
22,3333,random_3,14771,14771,347005,7620,44340,1639,7418,3284,14770,4862,0,9909,0,0,0,6322,28547,18446744073709551615
22,3333,budget_random_3,14527,14527,339888,7227,44340,809,3640,2520,14526,4618,0,9909,0,0,0,6322,28547,3640
22,3333,random_4,14863,14863,349376,7693,44340,1644,7436,3232,14862,4954,0,9909,0,0,0,6322,28385,18446744073709551615
22,3333,budget_random_4,14602,14602,341945,7297,44340,827,3640,2508,14601,4693,0,9909,0,0,0,6322,28385,3640
22,6666,std_binary,0,0,0,0,0,0,0,0,0,0,0,0,0,0,0,0,0,0
22,6666,binary,13663,13663,313936,6187,44340,0,0,0,13662,3754,0,9909,0,0,0,0,0,0
22,6666,fourary,13663,13663,325401,6187,44340,0,0,0,13662,3754,0,9909,0,0,0,0,0,0
22,6666,mean_map,12964,12964,0,0,90180,0,0,0,12963,1203,10,10238,1523,22120,4256,0,0,0
22,6666,mean_ring,12964,12964,0,0,90180,0,0,0,12963,1203,10,10238,1523,22120,4256,0,0,0
22,6666,mean_degree,13471,13471,0,0,88780,0,0,0,13470,3044,39,9934,493,39733,1285,0,0,0
22,6666,max_maxdegree,13503,13503,0,0,88782,0,0,0,13502,3031,36,9932,540,39150,1377,0,0,0
22,6666,original_mean,0,0,0,0,0,0,0,0,0,0,0,0,0,0,0,0,0,0
22,6666,list_both,12964,12964,0,0,52602,0,0,0,12963,1203,10,11761,1523,26264,5285,0,0,0
22,6666,skip_only,12964,12964,0,0,45840,0,0,0,12963,1203,10,10238,1523,22872,4256,0,0,0
22,6666,heavy_only,12964,12964,0,0,96942,0,0,0,12963,1203,10,11761,1523,22120,5285,0,0,0
22,6666,mean_sqrtdegree,13168,13168,0,0,89103,0,0,0,13167,2211,20,10007,950,34022,2685,0,0,0
22,6666,median,12968,12968,0,0,90187,0,0,0,12967,1205,10,10242,1521,22162,4268,0,0,0
22,6666,sd,13070,13070,0,0,89203,0,0,0,13069,2003,17,10031,1036,31799,2931,0,0,0
22,6666,caliber,10723,10723,243928,6463,44340,0,0,0,14183,4275,0,9909,0,0,0,0,0,0
22,6666,degree4,14226,14226,331199,6868,44340,1458,3593,1666,14225,4317,0,9909,0,0,0,6322,15644,18446744073709551615
22,6666,selected_grid,15911,15911,0,0,93114,0,0,0,15910,1963,5,10905,3043,0,5493,0,0,0
22,6666,always,16183,16183,391907,9925,44340,6062,27079,10120,16182,6274,0,9909,0,0,0,44726,199768,18446744073709551615
22,6666,high_high,15721,15721,375878,8946,44340,2669,17250,6877,15720,5812,0,9909,0,0,0,16069,104318,18446744073709551615
22,6666,complement,16199,16199,391733,9830,44340,5311,26032,9766,16198,6290,0,9909,0,0,0,38404,184124,18446744073709551615
22,6666,tail_only,15231,15231,360700,8204,44340,2765,12280,5196,15230,5322,0,9909,0,0,0,12434,55281,18446744073709551615
22,6666,head_only,15492,15492,368657,8494,44340,5064,12629,5314,15491,5583,0,9909,0,0,0,22545,55813,18446744073709551615
22,6666,adaptive,13895,13895,321622,6459,44340,761,1508,723,13894,3986,0,9909,0,0,0,2951,5879,18446744073709551615
22,6666,random_0,14828,14828,348507,7627,44340,1631,7351,3220,14827,4919,0,9909,0,0,0,6322,28132,18446744073709551615
22,6666,budget_random_0,14523,14523,339687,7183,44340,804,3593,2432,14522,4614,0,9909,0,0,0,6322,28132,3593
22,6666,random_1,14754,14754,346529,7542,44340,1622,7289,3169,14753,4845,0,9909,0,0,0,6322,28417,18446744073709551615
22,6666,budget_random_1,14505,14505,339286,7156,44340,813,3593,2432,14504,4596,0,9909,0,0,0,6322,28417,3593
22,6666,random_2,14723,14723,345816,7516,44340,1658,7450,3276,14722,4814,0,9909,0,0,0,6322,28348,18446744073709551615
22,6666,budget_random_2,14439,14439,337550,7073,44340,815,3593,2487,14438,4530,0,9909,0,0,0,6322,28348,3593
22,6666,random_3,14692,14692,345103,7531,44340,1612,7337,3125,14691,4783,0,9909,0,0,0,6322,28547,18446744073709551615
22,6666,budget_random_3,14408,14408,336768,7110,44340,810,3593,2386,14407,4499,0,9909,0,0,0,6322,28547,3593
22,6666,random_4,14886,14886,350051,7649,44340,1613,7319,3223,14885,4977,0,9909,0,0,0,6322,28385,18446744073709551615
22,6666,budget_random_4,14602,14602,341805,7237,44340,796,3593,2442,14601,4693,0,9909,0,0,0,6322,28385,3593
23,333,std_binary,0,0,0,0,0,0,0,0,0,0,0,0,0,0,0,0,0,0
23,333,binary,2413,2413,39773,632,25303,0,0,0,2412,1413,0,1000,0,0,0,0,0,0
23,333,fourary,2413,2413,42829,632,25303,0,0,0,2412,1413,0,1000,0,0,0,0,0,0
23,333,mean_map,2296,2296,0,0,51921,0,0,0,2295,481,19,1052,763,7237,353,0,0,0
23,333,mean_ring,2296,2296,0,0,51921,0,0,0,2295,481,19,1052,763,7237,353,0,0,0
23,333,mean_degree,2414,2414,0,0,50606,0,0,0,2413,1365,318,1000,49,25303,20,0,0,0
23,333,max_maxdegree,2023,2023,0,0,50769,0,0,0,2022,711,50,1006,306,20523,145,0,0,0
23,333,original_mean,0,0,0,0,0,0,0,0,0,0,0,0,0,0,0,0,0,0
23,333,list_both,2296,2296,0,0,45947,0,0,0,2295,481,19,1815,763,13150,594,0,0,0
23,333,skip_only,2296,2296,0,0,26618,0,0,0,2295,481,19,1052,763,7640,353,0,0,0
23,333,heavy_only,2296,2296,0,0,71250,0,0,0,2295,481,19,1815,763,7237,594,0,0,0
23,333,mean_sqrtdegree,2283,2283,0,0,50663,0,0,0,2282,1055,88,1002,226,23883,79,0,0,0
23,333,median,2072,2072,0,0,51203,0,0,0,2071,544,25,1023,505,12651,255,0,0,0
23,333,sd,2503,2503,0,0,53021,0,0,0,2502,430,12,1097,976,760,341,0,0,0
23,333,caliber,2261,2261,37579,695,25303,0,0,0,2474,1475,0,1000,0,0,0,0,0,0
23,333,degree4,2413,2413,39773,632,25303,0,0,0,2412,1413,0,1000,0,0,0,0,0,18446744073709551615
23,333,selected_grid,2883,2883,0,0,57118,0,0,0,2882,55,3,1262,1566,624,1181,0,0,0
23,333,always,3234,3234,61221,1379,25303,687,17380,2546,3233,2234,0,1000,0,0,0,25303,641019,18446744073709551615
23,333,high_high,3234,3234,61221,1379,25303,687,17380,2546,3233,2234,0,1000,0,0,0,25303,641019,18446744073709551615
23,333,complement,3234,3234,61221,1379,25303,687,17380,2546,3233,2234,0,1000,0,0,0,25303,641019,18446744073709551615
23,333,tail_only,2413,2413,39773,632,25303,0,0,0,2412,1413,0,1000,0,0,0,0,0,18446744073709551615
23,333,head_only,2413,2413,39773,632,25303,0,0,0,2412,1413,0,1000,0,0,0,0,0,18446744073709551615
23,333,adaptive,2413,2413,39773,632,25303,0,0,0,2412,1413,0,1000,0,0,0,0,0,18446744073709551615
23,333,random_0,2413,2413,39773,632,25303,0,0,0,2412,1413,0,1000,0,0,0,0,0,18446744073709551615
23,333,budget_random_0,2413,2413,39773,632,25303,0,0,0,2412,1413,0,1000,0,0,0,0,0,0
23,333,random_1,2413,2413,39773,632,25303,0,0,0,2412,1413,0,1000,0,0,0,0,0,18446744073709551615
23,333,budget_random_1,2413,2413,39773,632,25303,0,0,0,2412,1413,0,1000,0,0,0,0,0,0
23,333,random_2,2413,2413,39773,632,25303,0,0,0,2412,1413,0,1000,0,0,0,0,0,18446744073709551615
23,333,budget_random_2,2413,2413,39773,632,25303,0,0,0,2412,1413,0,1000,0,0,0,0,0,0
23,333,random_3,2413,2413,39773,632,25303,0,0,0,2412,1413,0,1000,0,0,0,0,0,18446744073709551615
23,333,budget_random_3,2413,2413,39773,632,25303,0,0,0,2412,1413,0,1000,0,0,0,0,0,0
23,333,random_4,2413,2413,39773,632,25303,0,0,0,2412,1413,0,1000,0,0,0,0,0,18446744073709551615
23,333,budget_random_4,2413,2413,39773,632,25303,0,0,0,2412,1413,0,1000,0,0,0,0,0,0
23,666,std_binary,0,0,0,0,0,0,0,0,0,0,0,0,0,0,0,0,0,0
23,666,binary,2422,2422,39540,681,25303,0,0,0,2421,1422,0,1000,0,0,0,0,0,0
23,666,fourary,2422,2422,42011,681,25303,0,0,0,2421,1422,0,1000,0,0,0,0,0,0
23,666,mean_map,2307,2307,0,0,52611,0,0,0,2306,544,19,1081,682,7237,376,0,0,0
23,666,mean_ring,2307,2307,0,0,52611,0,0,0,2306,544,19,1081,682,7237,376,0,0,0
23,666,mean_degree,2416,2416,0,0,50606,0,0,0,2415,1363,359,1000,53,25303,25,0,0,0
23,666,max_maxdegree,2007,2007,0,0,50700,0,0,0,2006,714,51,1004,289,20523,175,0,0,0
23,666,original_mean,0,0,0,0,0,0,0,0,0,0,0,0,0,0,0,0,0,0
23,666,list_both,2307,2307,0,0,44683,0,0,0,2306,544,19,1763,682,12779,627,0,0,0
23,666,skip_only,2307,2307,0,0,27308,0,0,0,2306,544,19,1081,682,7831,376,0,0,0
23,666,heavy_only,2307,2307,0,0,69986,0,0,0,2306,544,19,1763,682,7237,627,0,0,0
23,666,mean_sqrtdegree,2303,2303,0,0,50606,0,0,0,2302,1050,92,1000,253,23883,96,0,0,0
23,666,median,2118,2118,0,0,51760,0,0,0,2117,564,27,1047,507,12651,246,0,0,0
23,666,sd,2506,2506,0,0,53386,0,0,0,2505,518,12,1110,878,760,504,0,0,0
23,666,caliber,2245,2245,36575,692,25303,0,0,0,2461,1462,0,1000,0,0,0,0,0,0
23,666,degree4,2422,2422,39540,681,25303,0,0,0,2421,1422,0,1000,0,0,0,0,0,18446744073709551615
23,666,selected_grid,3163,3163,0,0,59335,0,0,0,3162,118,3,1348,1697,624,1230,0,0,0
23,666,always,3179,3179,58883,1385,25303,685,17286,2493,3178,2179,0,1000,0,0,0,25303,641019,18446744073709551615
23,666,high_high,3179,3179,58883,1385,25303,685,17286,2493,3178,2179,0,1000,0,0,0,25303,641019,18446744073709551615
23,666,complement,3179,3179,58883,1385,25303,685,17286,2493,3178,2179,0,1000,0,0,0,25303,641019,18446744073709551615
23,666,tail_only,2422,2422,39540,681,25303,0,0,0,2421,1422,0,1000,0,0,0,0,0,18446744073709551615
23,666,head_only,2422,2422,39540,681,25303,0,0,0,2421,1422,0,1000,0,0,0,0,0,18446744073709551615
23,666,adaptive,2422,2422,39540,681,25303,0,0,0,2421,1422,0,1000,0,0,0,0,0,18446744073709551615
23,666,random_0,2422,2422,39540,681,25303,0,0,0,2421,1422,0,1000,0,0,0,0,0,18446744073709551615
23,666,budget_random_0,2422,2422,39540,681,25303,0,0,0,2421,1422,0,1000,0,0,0,0,0,0
23,666,random_1,2422,2422,39540,681,25303,0,0,0,2421,1422,0,1000,0,0,0,0,0,18446744073709551615
23,666,budget_random_1,2422,2422,39540,681,25303,0,0,0,2421,1422,0,1000,0,0,0,0,0,0
23,666,random_2,2422,2422,39540,681,25303,0,0,0,2421,1422,0,1000,0,0,0,0,0,18446744073709551615
23,666,budget_random_2,2422,2422,39540,681,25303,0,0,0,2421,1422,0,1000,0,0,0,0,0,0
23,666,random_3,2422,2422,39540,681,25303,0,0,0,2421,1422,0,1000,0,0,0,0,0,18446744073709551615
23,666,budget_random_3,2422,2422,39540,681,25303,0,0,0,2421,1422,0,1000,0,0,0,0,0,0
23,666,random_4,2422,2422,39540,681,25303,0,0,0,2421,1422,0,1000,0,0,0,0,0,18446744073709551615
23,666,budget_random_4,2422,2422,39540,681,25303,0,0,0,2421,1422,0,1000,0,0,0,0,0,0
24,666,std_binary,0,0,0,0,0,0,0,0,0,0,0,0,0,0,0,0,0,0
24,666,binary,5264,5264,102331,1527,52192,0,0,0,5263,3264,0,2000,0,0,0,0,0,0
24,666,fourary,5264,5264,104979,1527,52192,0,0,0,5263,3264,0,2000,0,0,0,0,0,0
24,666,mean_map,5309,5309,0,0,109050,0,0,0,5308,1327,17,2178,1804,4993,659,0,0,0
24,666,mean_ring,5309,5309,0,0,109050,0,0,0,5308,1327,17,2178,1804,4993,659,0,0,0
24,666,mean_degree,5258,5258,0,0,104384,0,0,0,5257,3122,353,2000,136,52192,45,0,0,0
24,666,max_maxdegree,4526,4526,0,0,104577,0,0,0,4525,1918,60,2008,600,44398,241,0,0,0
24,666,original_mean,0,0,0,0,0,0,0,0,0,0,0,0,0,0,0,0,0,0
24,666,list_both,5309,5309,0,0,103823,0,0,0,5308,1327,17,3982,1804,9937,1077,0,0,0
24,666,skip_only,5309,5309,0,0,56858,0,0,0,5308,1327,17,2178,1804,5497,659,0,0,0
24,666,heavy_only,5309,5309,0,0,156015,0,0,0,5308,1327,17,3982,1804,4993,1077,0,0,0
24,666,mean_sqrtdegree,4759,4759,0,0,104586,0,0,0,4758,2222,77,2008,529,47392,183,0,0,0
24,666,median,4540,4540,0,0,105994,0,0,0,4539,1321,26,2061,1158,26095,532,0,0,0
24,666,sd,5288,5288,0,0,109150,0,0,0,5287,1378,9,2183,1727,3120,811,0,0,0
24,666,caliber,4930,4930,95571,1542,52192,0,0,0,5390,3391,0,2000,0,0,0,0,0,0
24,666,degree4,5264,5264,102331,1527,52192,0,0,0,5263,3264,0,2000,0,0,0,0,0,18446744073709551615
24,666,selected_grid,5620,5620,0,0,112950,0,0,0,5619,744,9,2328,2548,3120,1080,0,0,0
24,666,always,6908,6908,147442,3316,52192,1427,37295,5480,6907,4908,0,2000,0,0,0,52192,1365144,18446744073709551615
24,666,high_high,6908,6908,147442,3316,52192,1427,37295,5480,6907,4908,0,2000,0,0,0,52192,1365144,18446744073709551615
24,666,complement,6908,6908,147442,3316,52192,1427,37295,5480,6907,4908,0,2000,0,0,0,52192,1365144,18446744073709551615
24,666,tail_only,5264,5264,102331,1527,52192,0,0,0,5263,3264,0,2000,0,0,0,0,0,18446744073709551615
24,666,head_only,5264,5264,102331,1527,52192,0,0,0,5263,3264,0,2000,0,0,0,0,0,18446744073709551615
24,666,adaptive,5264,5264,102331,1527,52192,0,0,0,5263,3264,0,2000,0,0,0,0,0,18446744073709551615
24,666,random_0,5264,5264,102331,1527,52192,0,0,0,5263,3264,0,2000,0,0,0,0,0,18446744073709551615
24,666,budget_random_0,5264,5264,102331,1527,52192,0,0,0,5263,3264,0,2000,0,0,0,0,0,0
24,666,random_1,5264,5264,102331,1527,52192,0,0,0,5263,3264,0,2000,0,0,0,0,0,18446744073709551615
24,666,budget_random_1,5264,5264,102331,1527,52192,0,0,0,5263,3264,0,2000,0,0,0,0,0,0
24,666,random_2,5264,5264,102331,1527,52192,0,0,0,5263,3264,0,2000,0,0,0,0,0,18446744073709551615
24,666,budget_random_2,5264,5264,102331,1527,52192,0,0,0,5263,3264,0,2000,0,0,0,0,0,0
24,666,random_3,5264,5264,102331,1527,52192,0,0,0,5263,3264,0,2000,0,0,0,0,0,18446744073709551615
24,666,budget_random_3,5264,5264,102331,1527,52192,0,0,0,5263,3264,0,2000,0,0,0,0,0,0
24,666,random_4,5264,5264,102331,1527,52192,0,0,0,5263,3264,0,2000,0,0,0,0,0,18446744073709551615
24,666,budget_random_4,5264,5264,102331,1527,52192,0,0,0,5263,3264,0,2000,0,0,0,0,0,0
24,1333,std_binary,0,0,0,0,0,0,0,0,0,0,0,0,0,0,0,0,0,0
24,1333,binary,5259,5259,100430,1536,52192,0,0,0,5258,3259,0,2000,0,0,0,0,0,0
24,1333,fourary,5259,5259,104651,1536,52192,0,0,0,5258,3259,0,2000,0,0,0,0,0,0
24,1333,mean_map,5287,5287,0,0,109268,0,0,0,5286,1396,17,2189,1702,4993,624,0,0,0
24,1333,mean_ring,5287,5287,0,0,109268,0,0,0,5286,1396,17,2189,1702,4993,624,0,0,0
24,1333,mean_degree,5280,5280,0,0,104384,0,0,0,5279,3152,357,2000,128,52192,39,0,0,0
24,1333,max_maxdegree,4504,4504,0,0,104607,0,0,0,4503,1906,59,2009,589,44398,199,0,0,0
24,1333,original_mean,0,0,0,0,0,0,0,0,0,0,0,0,0,0,0,0,0,0
24,1333,list_both,5287,5287,0,0,101227,0,0,0,5286,1396,17,3891,1702,9672,1061,0,0,0
24,1333,skip_only,5287,5287,0,0,57076,0,0,0,5286,1396,17,2189,1702,5464,624,0,0,0
24,1333,heavy_only,5287,5287,0,0,153419,0,0,0,5286,1396,17,3891,1702,4993,1061,0,0,0
24,1333,mean_sqrtdegree,4834,4834,0,0,104587,0,0,0,4833,2297,76,2008,529,47392,168,0,0,0
24,1333,median,4536,4536,0,0,106018,0,0,0,4535,1415,25,2063,1058,26095,367,0,0,0
24,1333,sd,5368,5368,0,0,111221,0,0,0,5367,1106,9,2264,1998,3120,987,0,0,0
24,1333,caliber,4991,4991,95149,1576,52192,0,0,0,5431,3432,0,2000,0,0,0,0,0,0
24,1333,degree4,5259,5259,100430,1536,52192,0,0,0,5258,3259,0,2000,0,0,0,0,0,18446744073709551615
24,1333,selected_grid,5406,5406,0,0,112593,0,0,0,5405,837,9,2316,2253,3120,1163,0,0,0
24,1333,always,7115,7115,148432,3098,52192,1431,37412,5683,7114,5115,0,2000,0,0,0,52192,1365144,18446744073709551615
24,1333,high_high,7115,7115,148432,3098,52192,1431,37412,5683,7114,5115,0,2000,0,0,0,52192,1365144,18446744073709551615
24,1333,complement,7115,7115,148432,3098,52192,1431,37412,5683,7114,5115,0,2000,0,0,0,52192,1365144,18446744073709551615
24,1333,tail_only,5259,5259,100430,1536,52192,0,0,0,5258,3259,0,2000,0,0,0,0,0,18446744073709551615
24,1333,head_only,5259,5259,100430,1536,52192,0,0,0,5258,3259,0,2000,0,0,0,0,0,18446744073709551615
24,1333,adaptive,5259,5259,100430,1536,52192,0,0,0,5258,3259,0,2000,0,0,0,0,0,18446744073709551615
24,1333,random_0,5259,5259,100430,1536,52192,0,0,0,5258,3259,0,2000,0,0,0,0,0,18446744073709551615
24,1333,budget_random_0,5259,5259,100430,1536,52192,0,0,0,5258,3259,0,2000,0,0,0,0,0,0
24,1333,random_1,5259,5259,100430,1536,52192,0,0,0,5258,3259,0,2000,0,0,0,0,0,18446744073709551615
24,1333,budget_random_1,5259,5259,100430,1536,52192,0,0,0,5258,3259,0,2000,0,0,0,0,0,0
24,1333,random_2,5259,5259,100430,1536,52192,0,0,0,5258,3259,0,2000,0,0,0,0,0,18446744073709551615
24,1333,budget_random_2,5259,5259,100430,1536,52192,0,0,0,5258,3259,0,2000,0,0,0,0,0,0
24,1333,random_3,5259,5259,100430,1536,52192,0,0,0,5258,3259,0,2000,0,0,0,0,0,18446744073709551615
24,1333,budget_random_3,5259,5259,100430,1536,52192,0,0,0,5258,3259,0,2000,0,0,0,0,0,0
24,1333,random_4,5259,5259,100430,1536,52192,0,0,0,5258,3259,0,2000,0,0,0,0,0,18446744073709551615
24,1333,budget_random_4,5259,5259,100430,1536,52192,0,0,0,5258,3259,0,2000,0,0,0,0,0,0
25,1666,std_binary,0,0,0,0,0,0,0,0,0,0,0,0,0,0,0,0,0,0
25,1666,binary,15379,15379,350319,5335,142297,0,0,0,15378,10379,0,5000,0,0,0,0,0,0
25,1666,fourary,15379,15379,360791,5335,142297,0,0,0,15378,10379,0,5000,0,0,0,0,0,0
25,1666,mean_map,15437,15437,0,0,303936,0,0,0,15436,4770,11,5680,4987,19800,2297,0,0,0
25,1666,mean_ring,15437,15437,0,0,303936,0,0,0,15436,4770,11,5680,4987,19800,2297,0,0,0
25,1666,mean_degree,15359,15359,0,0,284594,0,0,0,15358,9828,254,5000,531,142297,135,0,0,0
25,1666,max_maxdegree,13612,13612,0,0,285239,0,0,0,13611,7083,62,5023,1506,124239,454,0,0,0
25,1666,original_mean,0,0,0,0,0,0,0,0,0,0,0,0,0,0,0,0,0,0
25,1666,list_both,15437,15437,0,0,303695,0,0,0,15436,4770,11,10667,4987,42143,4321,0,0,0
25,1666,skip_only,15437,15437,0,0,161639,0,0,0,15436,4770,11,5680,4987,22495,2297,0,0,0
25,1666,heavy_only,15437,15437,0,0,445992,0,0,0,15436,4770,11,10667,4987,19800,4321,0,0,0
25,1666,mean_sqrtdegree,13120,13120,0,0,285820,0,0,0,13119,6487,51,5046,1587,117267,530,0,0,0
25,1666,median,13624,13624,0,0,293275,0,0,0,13623,5233,23,5305,3086,71148,1051,0,0,0
25,1666,sd,15194,15194,0,0,309133,0,0,0,15193,3711,7,5858,5625,19800,2817,0,0,0
25,1666,caliber,14569,14569,331727,5425,142297,0,0,0,15718,10719,0,5000,0,0,0,0,0,0
25,1666,degree4,15379,15379,350319,5335,142297,0,0,0,15378,10379,0,5000,0,0,0,0,0,18446744073709551615
25,1666,selected_grid,15437,15437,0,0,303936,0,0,0,15436,4770,11,5680,4987,19800,2297,0,0,0
25,1666,always,19837,19837,476603,9627,142297,3738,106989,16098,19836,14837,0,5000,0,0,0,142297,4070770,18446744073709551615
25,1666,high_high,19837,19837,476603,9627,142297,3738,106989,16098,19836,14837,0,5000,0,0,0,142297,4070770,18446744073709551615
25,1666,complement,19837,19837,476603,9627,142297,3738,106989,16098,19836,14837,0,5000,0,0,0,142297,4070770,18446744073709551615
25,1666,tail_only,15379,15379,350319,5335,142297,0,0,0,15378,10379,0,5000,0,0,0,0,0,18446744073709551615
25,1666,head_only,15379,15379,350319,5335,142297,0,0,0,15378,10379,0,5000,0,0,0,0,0,18446744073709551615
25,1666,adaptive,15379,15379,350319,5335,142297,0,0,0,15378,10379,0,5000,0,0,0,0,0,18446744073709551615
25,1666,random_0,15379,15379,350319,5335,142297,0,0,0,15378,10379,0,5000,0,0,0,0,0,18446744073709551615
25,1666,budget_random_0,15379,15379,350319,5335,142297,0,0,0,15378,10379,0,5000,0,0,0,0,0,0
25,1666,random_1,15379,15379,350319,5335,142297,0,0,0,15378,10379,0,5000,0,0,0,0,0,18446744073709551615
25,1666,budget_random_1,15379,15379,350319,5335,142297,0,0,0,15378,10379,0,5000,0,0,0,0,0,0
25,1666,random_2,15379,15379,350319,5335,142297,0,0,0,15378,10379,0,5000,0,0,0,0,0,18446744073709551615
25,1666,budget_random_2,15379,15379,350319,5335,142297,0,0,0,15378,10379,0,5000,0,0,0,0,0,0
25,1666,random_3,15379,15379,350319,5335,142297,0,0,0,15378,10379,0,5000,0,0,0,0,0,18446744073709551615
25,1666,budget_random_3,15379,15379,350319,5335,142297,0,0,0,15378,10379,0,5000,0,0,0,0,0,0
25,1666,random_4,15379,15379,350319,5335,142297,0,0,0,15378,10379,0,5000,0,0,0,0,0,18446744073709551615
25,1666,budget_random_4,15379,15379,350319,5335,142297,0,0,0,15378,10379,0,5000,0,0,0,0,0,0
25,3333,std_binary,0,0,0,0,0,0,0,0,0,0,0,0,0,0,0,0,0,0
25,3333,binary,15140,15140,346428,5776,142297,0,0,0,15139,10140,0,5000,0,0,0,0,0,0
25,3333,fourary,15140,15140,356810,5776,142297,0,0,0,15139,10140,0,5000,0,0,0,0,0,0
25,3333,mean_map,14377,14377,0,0,300602,0,0,0,14376,3820,11,5565,4992,19800,2719,0,0,0
25,3333,mean_ring,14377,14377,0,0,300602,0,0,0,14376,3820,11,5565,4992,19800,2719,0,0,0
25,3333,mean_degree,15156,15156,0,0,284594,0,0,0,15155,9654,257,5000,502,142297,126,0,0,0
25,3333,max_maxdegree,13414,13414,0,0,285285,0,0,0,13413,6940,63,5024,1450,124239,477,0,0,0
25,3333,original_mean,0,0,0,0,0,0,0,0,0,0,0,0,0,0,0,0,0,0
25,3333,list_both,14377,14377,0,0,300430,0,0,0,14376,3820,11,10557,4992,41712,5116,0,0,0
25,3333,skip_only,14377,14377,0,0,158305,0,0,0,14376,3820,11,5565,4992,22002,2719,0,0,0
25,3333,heavy_only,14377,14377,0,0,442727,0,0,0,14376,3820,11,10557,4992,19800,5116,0,0,0
25,3333,mean_sqrtdegree,12919,12919,0,0,285383,0,0,0,12918,6380,52,5027,1512,117267,570,0,0,0
25,3333,median,13264,13264,0,0,289975,0,0,0,13263,5193,25,5188,2883,71148,1234,0,0,0
25,3333,sd,14651,14651,0,0,307419,0,0,0,14650,3075,7,5803,5773,19800,2894,0,0,0
25,3333,caliber,14381,14381,329632,6003,142297,0,0,0,15504,10505,0,5000,0,0,0,0,0,0
25,3333,degree4,15140,15140,346428,5776,142297,0,0,0,15139,10140,0,5000,0,0,0,0,0,18446744073709551615
25,3333,selected_grid,14377,14377,0,0,300602,0,0,0,14376,3820,11,5565,4992,19800,2719,0,0,0
25,3333,always,19164,19164,460196,9562,142297,3697,105793,15466,19163,14164,0,5000,0,0,0,142297,4070770,18446744073709551615
25,3333,high_high,19164,19164,460196,9562,142297,3697,105793,15466,19163,14164,0,5000,0,0,0,142297,4070770,18446744073709551615
25,3333,complement,19164,19164,460196,9562,142297,3697,105793,15466,19163,14164,0,5000,0,0,0,142297,4070770,18446744073709551615
25,3333,tail_only,15140,15140,346428,5776,142297,0,0,0,15139,10140,0,5000,0,0,0,0,0,18446744073709551615
25,3333,head_only,15140,15140,346428,5776,142297,0,0,0,15139,10140,0,5000,0,0,0,0,0,18446744073709551615
25,3333,adaptive,15140,15140,346428,5776,142297,0,0,0,15139,10140,0,5000,0,0,0,0,0,18446744073709551615
25,3333,random_0,15140,15140,346428,5776,142297,0,0,0,15139,10140,0,5000,0,0,0,0,0,18446744073709551615
25,3333,budget_random_0,15140,15140,346428,5776,142297,0,0,0,15139,10140,0,5000,0,0,0,0,0,0
25,3333,random_1,15140,15140,346428,5776,142297,0,0,0,15139,10140,0,5000,0,0,0,0,0,18446744073709551615
25,3333,budget_random_1,15140,15140,346428,5776,142297,0,0,0,15139,10140,0,5000,0,0,0,0,0,0
25,3333,random_2,15140,15140,346428,5776,142297,0,0,0,15139,10140,0,5000,0,0,0,0,0,18446744073709551615
25,3333,budget_random_2,15140,15140,346428,5776,142297,0,0,0,15139,10140,0,5000,0,0,0,0,0,0
25,3333,random_3,15140,15140,346428,5776,142297,0,0,0,15139,10140,0,5000,0,0,0,0,0,18446744073709551615
25,3333,budget_random_3,15140,15140,346428,5776,142297,0,0,0,15139,10140,0,5000,0,0,0,0,0,0
25,3333,random_4,15140,15140,346428,5776,142297,0,0,0,15139,10140,0,5000,0,0,0,0,0,18446744073709551615
25,3333,budget_random_4,15140,15140,346428,5776,142297,0,0,0,15139,10140,0,5000,0,0,0,0,0,0
26,3333,std_binary,0,0,0,0,0,0,0,0,0,0,0,0,0,0,0,0,0,0
26,3333,binary,34022,34022,861603,15092,325130,0,0,0,34021,24022,0,10000,0,0,0,0,0,0
26,3333,fourary,34022,34022,908739,15092,325130,0,0,0,34021,24022,0,10000,0,0,0,0,0,0
26,3333,mean_map,33601,33601,0,0,699809,0,0,0,33600,11103,8,11517,10981,79600,6404,0,0,0
26,3333,mean_ring,33601,33601,0,0,699809,0,0,0,33600,11103,8,11517,10981,79600,6404,0,0,0
26,3333,mean_degree,34005,34005,0,0,650260,0,0,0,34004,22751,196,10000,1254,325130,232,0,0,0
26,3333,max_maxdegree,31182,31182,0,0,651329,0,0,0,31181,18523,69,10033,2626,296534,630,0,0,0
26,3333,original_mean,0,0,0,0,0,0,0,0,0,0,0,0,0,0,0,0,0,0
26,3333,list_both,33601,33601,0,0,732093,0,0,0,33600,11103,8,22498,10981,179321,12735,0,0,0
26,3333,skip_only,33601,33601,0,0,374679,0,0,0,33600,11103,8,11517,10981,91783,6404,0,0,0
26,3333,heavy_only,33601,33601,0,0,1057223,0,0,0,33600,11103,8,22498,10981,79600,12735,0,0,0
26,3333,mean_sqrtdegree,29157,29157,0,0,654551,0,0,0,29156,15018,37,10132,4007,244519,1191,0,0,0
26,3333,median,31083,31083,0,0,667410,0,0,0,31082,13895,21,10527,6661,162564,2093,0,0,0
26,3333,sd,31420,31420,0,0,708894,0,0,0,31419,7262,6,11795,12363,79600,9042,0,0,0
26,3333,caliber,32510,32510,823765,15346,325130,0,0,0,34714,24715,0,10000,0,0,0,0,0,0
26,3333,degree4,34022,34022,861603,15092,325130,0,0,0,34021,24022,0,10000,0,0,0,0,0,18446744073709551615
26,3333,selected_grid,28348,28348,0,0,719217,0,0,0,28347,2324,5,12104,13920,79600,9914,0,0,0
26,3333,always,41445,41445,1089586,21963,325130,7714,251510,33730,41444,31445,0,10000,0,0,0,325130,10649247,18446744073709551615
26,3333,high_high,41445,41445,1089586,21963,325130,7714,251510,33730,41444,31445,0,10000,0,0,0,325130,10649247,18446744073709551615
26,3333,complement,41445,41445,1089586,21963,325130,7714,251510,33730,41444,31445,0,10000,0,0,0,325130,10649247,18446744073709551615
26,3333,tail_only,34022,34022,861603,15092,325130,0,0,0,34021,24022,0,10000,0,0,0,0,0,18446744073709551615
26,3333,head_only,34022,34022,861603,15092,325130,0,0,0,34021,24022,0,10000,0,0,0,0,0,18446744073709551615
26,3333,adaptive,34022,34022,861603,15092,325130,0,0,0,34021,24022,0,10000,0,0,0,0,0,18446744073709551615
26,3333,random_0,34022,34022,861603,15092,325130,0,0,0,34021,24022,0,10000,0,0,0,0,0,18446744073709551615
26,3333,budget_random_0,34022,34022,861603,15092,325130,0,0,0,34021,24022,0,10000,0,0,0,0,0,0
26,3333,random_1,34022,34022,861603,15092,325130,0,0,0,34021,24022,0,10000,0,0,0,0,0,18446744073709551615
26,3333,budget_random_1,34022,34022,861603,15092,325130,0,0,0,34021,24022,0,10000,0,0,0,0,0,0
26,3333,random_2,34022,34022,861603,15092,325130,0,0,0,34021,24022,0,10000,0,0,0,0,0,18446744073709551615
26,3333,budget_random_2,34022,34022,861603,15092,325130,0,0,0,34021,24022,0,10000,0,0,0,0,0,0
26,3333,random_3,34022,34022,861603,15092,325130,0,0,0,34021,24022,0,10000,0,0,0,0,0,18446744073709551615
26,3333,budget_random_3,34022,34022,861603,15092,325130,0,0,0,34021,24022,0,10000,0,0,0,0,0,0
26,3333,random_4,34022,34022,861603,15092,325130,0,0,0,34021,24022,0,10000,0,0,0,0,0,18446744073709551615
26,3333,budget_random_4,34022,34022,861603,15092,325130,0,0,0,34021,24022,0,10000,0,0,0,0,0,0
26,6666,std_binary,0,0,0,0,0,0,0,0,0,0,0,0,0,0,0,0,0,0
26,6666,binary,34238,34238,859787,14825,325130,0,0,0,34237,24238,0,10000,0,0,0,0,0,0
26,6666,fourary,34238,34238,914509,14825,325130,0,0,0,34237,24238,0,10000,0,0,0,0,0,0
26,6666,mean_map,33051,33051,0,0,696483,0,0,0,33050,10885,7,11414,10752,79600,6130,0,0,0
26,6666,mean_ring,33051,33051,0,0,696483,0,0,0,33050,10885,7,11414,10752,79600,6130,0,0,0
26,6666,mean_degree,34183,34183,0,0,650260,0,0,0,34182,22946,191,10000,1237,325130,287,0,0,0
26,6666,max_maxdegree,31234,31234,0,0,651674,0,0,0,31233,18539,68,10043,2652,296534,797,0,0,0
26,6666,original_mean,0,0,0,0,0,0,0,0,0,0,0,0,0,0,0,0,0,0
26,6666,list_both,33051,33051,0,0,719671,0,0,0,33050,10885,7,22166,10752,175791,12313,0,0,0
26,6666,skip_only,33051,33051,0,0,371353,0,0,0,33050,10885,7,11414,10752,91016,6130,0,0,0
26,6666,heavy_only,33051,33051,0,0,1044801,0,0,0,33050,10885,7,22166,10752,79600,12313,0,0,0
26,6666,mean_sqrtdegree,28682,28682,0,0,654888,0,0,0,28681,14619,37,10140,3923,244519,1484,0,0,0
26,6666,median,30593,30593,0,0,670508,0,0,0,30592,13381,21,10621,6591,162564,2663,0,0,0
26,6666,sd,32007,32007,0,0,708449,0,0,0,32006,8044,7,11787,12176,79600,9070,0,0,0
26,6666,caliber,32708,32708,823334,15103,325130,0,0,0,34937,24938,0,10000,0,0,0,0,0,0
26,6666,degree4,34238,34238,859787,14825,325130,0,0,0,34237,24238,0,10000,0,0,0,0,0,18446744073709551615
26,6666,selected_grid,28158,28158,0,0,719433,0,0,0,28157,2046,5,12127,13985,79600,10275,0,0,0
26,6666,always,40508,40508,1066359,21603,325130,7849,255928,32658,40507,30508,0,10000,0,0,0,325130,10649247,18446744073709551615
26,6666,high_high,40508,40508,1066359,21603,325130,7849,255928,32658,40507,30508,0,10000,0,0,0,325130,10649247,18446744073709551615
26,6666,complement,40508,40508,1066359,21603,325130,7849,255928,32658,40507,30508,0,10000,0,0,0,325130,10649247,18446744073709551615
26,6666,tail_only,34238,34238,859787,14825,325130,0,0,0,34237,24238,0,10000,0,0,0,0,0,18446744073709551615
26,6666,head_only,34238,34238,859787,14825,325130,0,0,0,34237,24238,0,10000,0,0,0,0,0,18446744073709551615
26,6666,adaptive,34238,34238,859787,14825,325130,0,0,0,34237,24238,0,10000,0,0,0,0,0,18446744073709551615
26,6666,random_0,34238,34238,859787,14825,325130,0,0,0,34237,24238,0,10000,0,0,0,0,0,18446744073709551615
26,6666,budget_random_0,34238,34238,859787,14825,325130,0,0,0,34237,24238,0,10000,0,0,0,0,0,0
26,6666,random_1,34238,34238,859787,14825,325130,0,0,0,34237,24238,0,10000,0,0,0,0,0,18446744073709551615
26,6666,budget_random_1,34238,34238,859787,14825,325130,0,0,0,34237,24238,0,10000,0,0,0,0,0,0
26,6666,random_2,34238,34238,859787,14825,325130,0,0,0,34237,24238,0,10000,0,0,0,0,0,18446744073709551615
26,6666,budget_random_2,34238,34238,859787,14825,325130,0,0,0,34237,24238,0,10000,0,0,0,0,0,0
26,6666,random_3,34238,34238,859787,14825,325130,0,0,0,34237,24238,0,10000,0,0,0,0,0,18446744073709551615
26,6666,budget_random_3,34238,34238,859787,14825,325130,0,0,0,34237,24238,0,10000,0,0,0,0,0,0
26,6666,random_4,34238,34238,859787,14825,325130,0,0,0,34237,24238,0,10000,0,0,0,0,0,18446744073709551615
26,6666,budget_random_4,34238,34238,859787,14825,325130,0,0,0,34237,24238,0,10000,0,0,0,0,0,0
27,333,std_binary,0,0,0,0,0,0,0,0,0,0,0,0,0,0,0,0,0,0
27,333,binary,3884,3884,81521,3258,100295,0,0,0,3883,2884,0,1000,0,0,0,0,0,0
27,333,fourary,3884,3884,83908,3258,100295,0,0,0,3883,2884,0,1000,0,0,0,0,0,0
27,333,mean_map,5052,5052,0,0,301633,0,0,0,5051,471,2,2007,2574,50100,2007,0,0,0
27,333,mean_ring,5052,5052,0,0,301633,0,0,0,5051,471,2,2007,2574,50100,2007,0,0,0
27,333,mean_degree,3889,3889,0,0,200590,0,0,0,3888,2847,207,1000,42,100295,101,0,0,0
27,333,max_maxdegree,3887,3887,0,0,200590,0,0,0,3886,2815,138,1000,72,100295,138,0,0,0
27,333,original_mean,0,0,0,0,0,0,0,0,0,0,0,0,0,0,0,0,0,0
27,333,list_both,5052,5052,0,0,459973,0,0,0,5051,471,2,4581,2574,230007,4581,0,0,0
27,333,skip_only,5052,5052,0,0,201338,0,0,0,5051,471,2,2007,2574,100728,2007,0,0,0
27,333,heavy_only,5052,5052,0,0,560268,0,0,0,5051,471,2,4581,2574,50100,4581,0,0,0
27,333,mean_sqrtdegree,3222,3222,0,0,203092,0,0,0,3221,1892,22,1025,305,96125,717,0,0,0
27,333,median,5051,5051,0,0,301435,0,0,0,5050,474,2,2005,2572,50147,2005,0,0,0
27,333,sd,3953,3953,0,0,279977,0,0,0,3952,648,2,1791,1514,72051,1791,0,0,0
27,333,caliber,3612,3612,75348,3259,100295,0,0,0,3892,2893,0,1000,0,0,0,0,0,0
27,333,degree4,3884,3884,81521,3258,100295,0,0,0,3883,2884,0,1000,0,0,0,0,0,18446744073709551615
27,333,selected_grid,2274,2274,0,0,211947,0,0,0,2273,299,8,1113,862,88340,686,0,0,0
27,333,always,5161,5161,113542,4688,100295,781,78245,4379,5160,4161,0,1000,0,0,0,100295,10063772,18446744073709551615
27,333,high_high,5161,5161,113542,4688,100295,781,78245,4379,5160,4161,0,1000,0,0,0,100295,10063772,18446744073709551615
27,333,complement,5161,5161,113542,4688,100295,781,78245,4379,5160,4161,0,1000,0,0,0,100295,10063772,18446744073709551615
27,333,tail_only,3884,3884,81521,3258,100295,0,0,0,3883,2884,0,1000,0,0,0,0,0,18446744073709551615
27,333,head_only,3884,3884,81521,3258,100295,0,0,0,3883,2884,0,1000,0,0,0,0,0,18446744073709551615
27,333,adaptive,3884,3884,81521,3258,100295,0,0,0,3883,2884,0,1000,0,0,0,0,0,18446744073709551615
27,333,random_0,3884,3884,81521,3258,100295,0,0,0,3883,2884,0,1000,0,0,0,0,0,18446744073709551615
27,333,budget_random_0,3884,3884,81521,3258,100295,0,0,0,3883,2884,0,1000,0,0,0,0,0,0
27,333,random_1,3884,3884,81521,3258,100295,0,0,0,3883,2884,0,1000,0,0,0,0,0,18446744073709551615
27,333,budget_random_1,3884,3884,81521,3258,100295,0,0,0,3883,2884,0,1000,0,0,0,0,0,0
27,333,random_2,3884,3884,81521,3258,100295,0,0,0,3883,2884,0,1000,0,0,0,0,0,18446744073709551615
27,333,budget_random_2,3884,3884,81521,3258,100295,0,0,0,3883,2884,0,1000,0,0,0,0,0,0
27,333,random_3,3884,3884,81521,3258,100295,0,0,0,3883,2884,0,1000,0,0,0,0,0,18446744073709551615
27,333,budget_random_3,3884,3884,81521,3258,100295,0,0,0,3883,2884,0,1000,0,0,0,0,0,0
27,333,random_4,3884,3884,81521,3258,100295,0,0,0,3883,2884,0,1000,0,0,0,0,0,18446744073709551615
27,333,budget_random_4,3884,3884,81521,3258,100295,0,0,0,3883,2884,0,1000,0,0,0,0,0,0
27,666,std_binary,0,0,0,0,0,0,0,0,0,0,0,0,0,0,0,0,0,0
27,666,binary,3824,3824,79783,3195,100295,0,0,0,3823,2824,0,1000,0,0,0,0,0,0
27,666,fourary,3824,3824,82610,3195,100295,0,0,0,3823,2824,0,1000,0,0,0,0,0,0
27,666,mean_map,5007,5007,0,0,298624,0,0,0,5006,422,2,1977,2608,50100,1977,0,0,0
27,666,mean_ring,5007,5007,0,0,298624,0,0,0,5006,422,2,1977,2608,50100,1977,0,0,0
27,666,mean_degree,3824,3824,0,0,200590,0,0,0,3823,2772,208,1000,52,100295,90,0,0,0
27,666,max_maxdegree,3873,3873,0,0,200590,0,0,0,3872,2796,137,1000,77,100295,126,0,0,0
27,666,original_mean,0,0,0,0,0,0,0,0,0,0,0,0,0,0,0,0,0,0
27,666,list_both,5007,5007,0,0,459853,0,0,0,5006,422,2,4585,2608,229445,4585,0,0,0
27,666,skip_only,5007,5007,0,0,198329,0,0,0,5006,422,2,1977,2608,99017,1977,0,0,0
27,666,heavy_only,5007,5007,0,0,560148,0,0,0,5006,422,2,4585,2608,50100,4585,0,0,0
27,666,mean_sqrtdegree,3107,3107,0,0,203663,0,0,0,3106,1799,22,1031,277,96125,736,0,0,0
27,666,median,5051,5051,0,0,301350,0,0,0,5050,423,2,2004,2624,50147,2004,0,0,0
27,666,sd,4094,4094,0,0,276440,0,0,0,4093,732,2,1755,1607,72051,1755,0,0,0
27,666,caliber,3631,3631,75547,3260,100295,0,0,0,3905,2906,0,1000,0,0,0,0,0,0
27,666,degree4,3824,3824,79783,3195,100295,0,0,0,3823,2824,0,1000,0,0,0,0,0,18446744073709551615
27,666,selected_grid,2245,2245,0,0,208210,0,0,0,2244,362,9,1077,806,88340,598,0,0,0
27,666,always,5039,5039,110421,4569,100295,833,83657,4205,5038,4039,0,1000,0,0,0,100295,10063772,18446744073709551615
27,666,high_high,5039,5039,110421,4569,100295,833,83657,4205,5038,4039,0,1000,0,0,0,100295,10063772,18446744073709551615
27,666,complement,5039,5039,110421,4569,100295,833,83657,4205,5038,4039,0,1000,0,0,0,100295,10063772,18446744073709551615
27,666,tail_only,3824,3824,79783,3195,100295,0,0,0,3823,2824,0,1000,0,0,0,0,0,18446744073709551615
27,666,head_only,3824,3824,79783,3195,100295,0,0,0,3823,2824,0,1000,0,0,0,0,0,18446744073709551615
27,666,adaptive,3824,3824,79783,3195,100295,0,0,0,3823,2824,0,1000,0,0,0,0,0,18446744073709551615
27,666,random_0,3824,3824,79783,3195,100295,0,0,0,3823,2824,0,1000,0,0,0,0,0,18446744073709551615
27,666,budget_random_0,3824,3824,79783,3195,100295,0,0,0,3823,2824,0,1000,0,0,0,0,0,0
27,666,random_1,3824,3824,79783,3195,100295,0,0,0,3823,2824,0,1000,0,0,0,0,0,18446744073709551615
27,666,budget_random_1,3824,3824,79783,3195,100295,0,0,0,3823,2824,0,1000,0,0,0,0,0,0
27,666,random_2,3824,3824,79783,3195,100295,0,0,0,3823,2824,0,1000,0,0,0,0,0,18446744073709551615
27,666,budget_random_2,3824,3824,79783,3195,100295,0,0,0,3823,2824,0,1000,0,0,0,0,0,0
27,666,random_3,3824,3824,79783,3195,100295,0,0,0,3823,2824,0,1000,0,0,0,0,0,18446744073709551615
27,666,budget_random_3,3824,3824,79783,3195,100295,0,0,0,3823,2824,0,1000,0,0,0,0,0,0
27,666,random_4,3824,3824,79783,3195,100295,0,0,0,3823,2824,0,1000,0,0,0,0,0,18446744073709551615
27,666,budget_random_4,3824,3824,79783,3195,100295,0,0,0,3823,2824,0,1000,0,0,0,0,0,0
28,666,std_binary,0,0,0,0,0,0,0,0,0,0,0,0,0,0,0,0,0,0
28,666,binary,8499,8499,197439,7451,400547,0,0,0,8498,6499,0,2000,0,0,0,0,0,0
28,666,fourary,8499,8499,203003,7451,400547,0,0,0,8498,6499,0,2000,0,0,0,0,0,0
28,666,mean_map,10417,10417,0,0,1084936,0,0,0,10416,383,2,3417,6617,200050,3417,0,0,0
28,666,mean_ring,10417,10417,0,0,1084936,0,0,0,10416,383,2,3417,6617,200050,3417,0,0,0
28,666,mean_degree,8513,8513,0,0,801094,0,0,0,8512,6431,408,2000,82,400547,147,0,0,0
28,666,max_maxdegree,8521,8521,0,0,801094,0,0,0,8520,6384,255,2000,137,400547,231,0,0,0
28,666,original_mean,0,0,0,0,0,0,0,0,0,0,0,0,0,0,0,0,0,0
28,666,list_both,10417,10417,0,0,2008294,0,0,0,10416,383,2,10034,6617,1003063,10034,0,0,0
28,666,skip_only,10417,10417,0,0,684389,0,0,0,10416,383,2,3417,6617,341842,3417,0,0,0
28,666,heavy_only,10417,10417,0,0,2408841,0,0,0,10416,383,2,10034,6617,200050,10034,0,0,0
28,666,mean_sqrtdegree,6455,6455,0,0,808106,0,0,0,6454,3699,30,2035,721,390251,1452,0,0,0
28,666,median,10416,10416,0,0,1084727,0,0,0,10415,386,2,3416,6614,200273,3416,0,0,0
28,666,sd,9216,9216,0,0,1062257,0,0,0,9215,888,2,3301,5027,288323,3301,0,0,0
28,666,caliber,8191,8191,189623,7527,400547,0,0,0,8675,6676,0,2000,0,0,0,0,0,0
28,666,degree4,8499,8499,197439,7451,400547,0,0,0,8498,6499,0,2000,0,0,0,0,0,18446744073709551615
28,666,selected_grid,7451,7451,0,0,802645,0,0,0,7450,4911,42,2008,532,394355,1149,0,0,0
28,666,always,10933,10933,265296,10159,400547,1544,309140,9388,10932,8933,0,2000,0,0,0,400547,80217037,18446744073709551615
28,666,high_high,10933,10933,265296,10159,400547,1544,309140,9388,10932,8933,0,2000,0,0,0,400547,80217037,18446744073709551615
28,666,complement,10933,10933,265296,10159,400547,1544,309140,9388,10932,8933,0,2000,0,0,0,400547,80217037,18446744073709551615
28,666,tail_only,8499,8499,197439,7451,400547,0,0,0,8498,6499,0,2000,0,0,0,0,0,18446744073709551615
28,666,head_only,8499,8499,197439,7451,400547,0,0,0,8498,6499,0,2000,0,0,0,0,0,18446744073709551615
28,666,adaptive,8499,8499,197439,7451,400547,0,0,0,8498,6499,0,2000,0,0,0,0,0,18446744073709551615
28,666,random_0,8499,8499,197439,7451,400547,0,0,0,8498,6499,0,2000,0,0,0,0,0,18446744073709551615
28,666,budget_random_0,8499,8499,197439,7451,400547,0,0,0,8498,6499,0,2000,0,0,0,0,0,0
28,666,random_1,8499,8499,197439,7451,400547,0,0,0,8498,6499,0,2000,0,0,0,0,0,18446744073709551615
28,666,budget_random_1,8499,8499,197439,7451,400547,0,0,0,8498,6499,0,2000,0,0,0,0,0,0
28,666,random_2,8499,8499,197439,7451,400547,0,0,0,8498,6499,0,2000,0,0,0,0,0,18446744073709551615
28,666,budget_random_2,8499,8499,197439,7451,400547,0,0,0,8498,6499,0,2000,0,0,0,0,0,0
28,666,random_3,8499,8499,197439,7451,400547,0,0,0,8498,6499,0,2000,0,0,0,0,0,18446744073709551615
28,666,budget_random_3,8499,8499,197439,7451,400547,0,0,0,8498,6499,0,2000,0,0,0,0,0,0
28,666,random_4,8499,8499,197439,7451,400547,0,0,0,8498,6499,0,2000,0,0,0,0,0,18446744073709551615
28,666,budget_random_4,8499,8499,197439,7451,400547,0,0,0,8498,6499,0,2000,0,0,0,0,0,0
28,1333,std_binary,0,0,0,0,0,0,0,0,0,0,0,0,0,0,0,0,0,0
28,1333,binary,8656,8656,201407,7541,400547,0,0,0,8655,6656,0,2000,0,0,0,0,0,0
28,1333,fourary,8656,8656,207650,7541,400547,0,0,0,8655,6656,0,2000,0,0,0,0,0,0
28,1333,mean_map,11770,11770,0,0,1229558,0,0,0,11769,530,2,4142,7098,200050,4142,0,0,0
28,1333,mean_ring,11770,11770,0,0,1229558,0,0,0,11769,530,2,4142,7098,200050,4142,0,0,0
28,1333,mean_degree,8670,8670,0,0,801094,0,0,0,8669,6613,407,2000,57,400547,146,0,0,0
28,1333,max_maxdegree,8686,8686,0,0,801094,0,0,0,8685,6568,256,2000,118,400547,214,0,0,0
28,1333,original_mean,0,0,0,0,0,0,0,0,0,0,0,0,0,0,0,0,0,0
28,1333,list_both,11770,11770,0,0,2248793,0,0,0,11769,530,2,11240,7098,1122786,11240,0,0,0
28,1333,skip_only,11770,11770,0,0,829011,0,0,0,11769,530,2,4142,7098,413825,4142,0,0,0
28,1333,heavy_only,11770,11770,0,0,2649340,0,0,0,11769,530,2,11240,7098,200050,11240,0,0,0
28,1333,mean_sqrtdegree,7010,7010,0,0,807386,0,0,0,7009,4228,30,2031,751,390251,1019,0,0,0
28,1333,median,11764,11764,0,0,1229361,0,0,0,11763,529,2,4141,7094,200273,4141,0,0,0
28,1333,sd,10090,10090,0,0,1167079,0,0,0,10089,1216,2,3827,5047,288323,3827,0,0,0
28,1333,caliber,8315,8315,193082,7628,400547,0,0,0,8825,6826,0,2000,0,0,0,0,0,0
28,1333,degree4,8656,8656,201407,7541,400547,0,0,0,8655,6656,0,2000,0,0,0,0,0,18446744073709551615
28,1333,selected_grid,7622,7622,0,0,803652,0,0,0,7621,5108,42,2013,501,394355,1116,0,0,0
28,1333,always,11199,11199,272857,10346,400547,1549,310029,9649,11198,9199,0,2000,0,0,0,400547,80217037,18446744073709551615
28,1333,high_high,11199,11199,272857,10346,400547,1549,310029,9649,11198,9199,0,2000,0,0,0,400547,80217037,18446744073709551615
28,1333,complement,11199,11199,272857,10346,400547,1549,310029,9649,11198,9199,0,2000,0,0,0,400547,80217037,18446744073709551615
28,1333,tail_only,8656,8656,201407,7541,400547,0,0,0,8655,6656,0,2000,0,0,0,0,0,18446744073709551615
28,1333,head_only,8656,8656,201407,7541,400547,0,0,0,8655,6656,0,2000,0,0,0,0,0,18446744073709551615
28,1333,adaptive,8656,8656,201407,7541,400547,0,0,0,8655,6656,0,2000,0,0,0,0,0,18446744073709551615
28,1333,random_0,8656,8656,201407,7541,400547,0,0,0,8655,6656,0,2000,0,0,0,0,0,18446744073709551615
28,1333,budget_random_0,8656,8656,201407,7541,400547,0,0,0,8655,6656,0,2000,0,0,0,0,0,0
28,1333,random_1,8656,8656,201407,7541,400547,0,0,0,8655,6656,0,2000,0,0,0,0,0,18446744073709551615
28,1333,budget_random_1,8656,8656,201407,7541,400547,0,0,0,8655,6656,0,2000,0,0,0,0,0,0
28,1333,random_2,8656,8656,201407,7541,400547,0,0,0,8655,6656,0,2000,0,0,0,0,0,18446744073709551615
28,1333,budget_random_2,8656,8656,201407,7541,400547,0,0,0,8655,6656,0,2000,0,0,0,0,0,0
28,1333,random_3,8656,8656,201407,7541,400547,0,0,0,8655,6656,0,2000,0,0,0,0,0,18446744073709551615
28,1333,budget_random_3,8656,8656,201407,7541,400547,0,0,0,8655,6656,0,2000,0,0,0,0,0,0
28,1333,random_4,8656,8656,201407,7541,400547,0,0,0,8655,6656,0,2000,0,0,0,0,0,18446744073709551615
28,1333,budget_random_4,8656,8656,201407,7541,400547,0,0,0,8655,6656,0,2000,0,0,0,0,0,0
29,1666,std_binary,0,0,0,0,0,0,0,0,0,0,0,0,0,0,0,0,0,0
29,1666,binary,23983,23983,633124,21848,2500648,0,0,0,23982,18983,0,5000,0,0,0,0,0,0
29,1666,fourary,23983,23983,633863,21848,2500648,0,0,0,23982,18983,0,5000,0,0,0,0,0,0
29,1666,mean_map,29071,29071,0,0,6484455,0,0,0,29070,375,2,7961,20735,1250618,7961,0,0,0
29,1666,mean_ring,29071,29071,0,0,6484455,0,0,0,29070,375,2,7961,20735,1250618,7961,0,0,0
29,1666,mean_degree,23993,23993,0,0,5001296,0,0,0,23992,18851,997,5000,142,2500648,249,0,0,0
29,1666,max_maxdegree,24055,24055,0,0,5001296,0,0,0,24054,18839,586,5000,216,2500648,416,0,0,0
29,1666,original_mean,0,0,0,0,0,0,0,0,0,0,0,0,0,0,0,0,0,0
29,1666,list_both,29071,29071,0,0,14352082,0,0,0,29070,375,2,28696,20735,7179145,28696,0,0,0
29,1666,skip_only,29071,29071,0,0,3983807,0,0,0,29070,375,2,7961,20735,1992300,7961,0,0,0
29,1666,heavy_only,29071,29071,0,0,16852730,0,0,0,29070,375,2,28696,20735,1250618,28696,0,0,0
29,1666,mean_sqrtdegree,19705,19705,0,0,5010788,0,0,0,19704,12736,46,5019,1950,2468711,3249,0,0,0
29,1666,median,29072,29072,0,0,6484952,0,0,0,29071,374,2,7962,20736,1250323,7962,0,0,0
29,1666,sd,25051,25051,0,0,6242717,0,0,0,25050,1127,2,7478,16446,1802978,7478,0,0,0
29,1666,caliber,23616,23616,623302,22146,2500648,0,0,0,24557,19558,0,5000,0,0,0,0,0,0
29,1666,degree4,23983,23983,633124,21848,2500648,0,0,0,23982,18983,0,5000,0,0,0,0,0,18446744073709551615
29,1666,selected_grid,22400,22400,0,0,5006377,0,0,0,22399,15766,66,5010,1624,2485944,2394,0,0,0
29,1666,always,30392,30392,825714,28660,2500648,3440,1718765,26951,30391,25392,0,5000,0,0,0,2500648,1250604217,18446744073709551615
29,1666,high_high,30392,30392,825714,28660,2500648,3440,1718765,26951,30391,25392,0,5000,0,0,0,2500648,1250604217,18446744073709551615
29,1666,complement,30392,30392,825714,28660,2500648,3440,1718765,26951,30391,25392,0,5000,0,0,0,2500648,1250604217,18446744073709551615
29,1666,tail_only,23983,23983,633124,21848,2500648,0,0,0,23982,18983,0,5000,0,0,0,0,0,18446744073709551615
29,1666,head_only,23983,23983,633124,21848,2500648,0,0,0,23982,18983,0,5000,0,0,0,0,0,18446744073709551615
29,1666,adaptive,23983,23983,633124,21848,2500648,0,0,0,23982,18983,0,5000,0,0,0,0,0,18446744073709551615
29,1666,random_0,23983,23983,633124,21848,2500648,0,0,0,23982,18983,0,5000,0,0,0,0,0,18446744073709551615
29,1666,budget_random_0,23983,23983,633124,21848,2500648,0,0,0,23982,18983,0,5000,0,0,0,0,0,0
29,1666,random_1,23983,23983,633124,21848,2500648,0,0,0,23982,18983,0,5000,0,0,0,0,0,18446744073709551615
29,1666,budget_random_1,23983,23983,633124,21848,2500648,0,0,0,23982,18983,0,5000,0,0,0,0,0,0
29,1666,random_2,23983,23983,633124,21848,2500648,0,0,0,23982,18983,0,5000,0,0,0,0,0,18446744073709551615
29,1666,budget_random_2,23983,23983,633124,21848,2500648,0,0,0,23982,18983,0,5000,0,0,0,0,0,0
29,1666,random_3,23983,23983,633124,21848,2500648,0,0,0,23982,18983,0,5000,0,0,0,0,0,18446744073709551615
29,1666,budget_random_3,23983,23983,633124,21848,2500648,0,0,0,23982,18983,0,5000,0,0,0,0,0,0
29,1666,random_4,23983,23983,633124,21848,2500648,0,0,0,23982,18983,0,5000,0,0,0,0,0,18446744073709551615
29,1666,budget_random_4,23983,23983,633124,21848,2500648,0,0,0,23982,18983,0,5000,0,0,0,0,0,0
29,3333,std_binary,0,0,0,0,0,0,0,0,0,0,0,0,0,0,0,0,0,0
29,3333,binary,23874,23874,629517,21770,2500648,0,0,0,23873,18874,0,5000,0,0,0,0,0,0
29,3333,fourary,23874,23874,630844,21770,2500648,0,0,0,23873,18874,0,5000,0,0,0,0,0,0
29,3333,mean_map,30329,30329,0,0,6688212,0,0,0,30328,430,2,8372,21527,1250618,8372,0,0,0
29,3333,mean_ring,30329,30329,0,0,6688212,0,0,0,30328,430,2,8372,21527,1250618,8372,0,0,0
29,3333,mean_degree,23876,23876,0,0,5001296,0,0,0,23875,18725,1000,5000,151,2500648,245,0,0,0
29,3333,max_maxdegree,23891,23891,0,0,5001296,0,0,0,23890,18651,584,5000,240,2500648,421,0,0,0
29,3333,original_mean,0,0,0,0,0,0,0,0,0,0,0,0,0,0,0,0,0,0
29,3333,list_both,30329,30329,0,0,14953520,0,0,0,30328,430,2,29899,21527,7478856,29899,0,0,0
29,3333,skip_only,30329,30329,0,0,4187564,0,0,0,30328,430,2,8372,21527,2095138,8372,0,0,0
29,3333,heavy_only,30329,30329,0,0,17454168,0,0,0,30328,430,2,29899,21527,1250618,29899,0,0,0
29,3333,mean_sqrtdegree,19660,19660,0,0,5012225,0,0,0,19659,12620,46,5022,2018,2468711,2718,0,0,0
29,3333,median,30330,30330,0,0,6688212,0,0,0,30329,429,2,8372,21529,1250323,8372,0,0,0
29,3333,sd,26356,26356,0,0,6464858,0,0,0,26355,1429,2,7926,17001,1802978,7926,0,0,0
29,3333,caliber,23563,23563,621869,22128,2500648,0,0,0,24489,19490,0,5000,0,0,0,0,0,0
29,3333,degree4,23874,23874,629517,21770,2500648,0,0,0,23873,18874,0,5000,0,0,0,0,0,18446744073709551615
29,3333,selected_grid,21916,21916,0,0,5006201,0,0,0,21915,15369,66,5010,1537,2485944,3126,0,0,0
29,3333,always,30567,30567,830871,29025,2500648,3528,1764346,27038,30566,25567,0,5000,0,0,0,2500648,1250604217,18446744073709551615
29,3333,high_high,30567,30567,830871,29025,2500648,3528,1764346,27038,30566,25567,0,5000,0,0,0,2500648,1250604217,18446744073709551615
29,3333,complement,30567,30567,830871,29025,2500648,3528,1764346,27038,30566,25567,0,5000,0,0,0,2500648,1250604217,18446744073709551615
29,3333,tail_only,23874,23874,629517,21770,2500648,0,0,0,23873,18874,0,5000,0,0,0,0,0,18446744073709551615
29,3333,head_only,23874,23874,629517,21770,2500648,0,0,0,23873,18874,0,5000,0,0,0,0,0,18446744073709551615
29,3333,adaptive,23874,23874,629517,21770,2500648,0,0,0,23873,18874,0,5000,0,0,0,0,0,18446744073709551615
29,3333,random_0,23874,23874,629517,21770,2500648,0,0,0,23873,18874,0,5000,0,0,0,0,0,18446744073709551615
29,3333,budget_random_0,23874,23874,629517,21770,2500648,0,0,0,23873,18874,0,5000,0,0,0,0,0,0
29,3333,random_1,23874,23874,629517,21770,2500648,0,0,0,23873,18874,0,5000,0,0,0,0,0,18446744073709551615
29,3333,budget_random_1,23874,23874,629517,21770,2500648,0,0,0,23873,18874,0,5000,0,0,0,0,0,0
29,3333,random_2,23874,23874,629517,21770,2500648,0,0,0,23873,18874,0,5000,0,0,0,0,0,18446744073709551615
29,3333,budget_random_2,23874,23874,629517,21770,2500648,0,0,0,23873,18874,0,5000,0,0,0,0,0,0
29,3333,random_3,23874,23874,629517,21770,2500648,0,0,0,23873,18874,0,5000,0,0,0,0,0,18446744073709551615
29,3333,budget_random_3,23874,23874,629517,21770,2500648,0,0,0,23873,18874,0,5000,0,0,0,0,0,0
29,3333,random_4,23874,23874,629517,21770,2500648,0,0,0,23873,18874,0,5000,0,0,0,0,0,18446744073709551615
29,3333,budget_random_4,23874,23874,629517,21770,2500648,0,0,0,23873,18874,0,5000,0,0,0,0,0,0
30,333,std_binary,0,0,0,0,0,0,0,0,0,0,0,0,0,0,0,0,0,0
30,333,binary,1238,1238,13199,81,3870,0,0,0,1237,238,0,1000,0,0,0,0,0,0
30,333,fourary,1238,1238,14665,81,3870,0,0,0,1237,238,0,1000,0,0,0,0,0,0
30,333,mean_map,1172,1172,0,0,7748,0,0,0,1171,65,28,1002,105,1946,68,0,0,0
30,333,mean_ring,1172,1172,0,0,7748,0,0,0,1171,65,28,1002,105,1946,68,0,0,0
30,333,mean_degree,1235,1235,0,0,7740,0,0,0,1234,187,101,1000,48,3690,22,0,0,0
30,333,max_maxdegree,1229,1229,0,0,7740,0,0,0,1228,151,59,1000,78,3226,35,0,0,0
30,333,original_mean,0,0,0,0,0,0,0,0,0,0,0,0,0,0,0,0,0,0
30,333,list_both,1172,1172,0,0,4283,0,0,0,1171,65,28,1107,105,2149,76,0,0,0
30,333,skip_only,1172,1172,0,0,3878,0,0,0,1171,65,28,1002,105,1952,68,0,0,0
30,333,heavy_only,1172,1172,0,0,8153,0,0,0,1171,65,28,1107,105,1946,76,0,0,0
30,333,mean_sqrtdegree,1221,1221,0,0,7740,0,0,0,1220,129,54,1000,92,3104,35,0,0,0
30,333,median,1170,1170,0,0,7744,0,0,0,1169,60,28,1001,109,1934,69,0,0,0
30,333,sd,1219,1219,0,0,7740,0,0,0,1218,145,57,1000,74,3180,35,0,0,0
30,333,caliber,999,999,10888,91,3870,0,0,0,1299,300,0,1000,0,0,0,0,0,0
30,333,degree4,1398,1398,16938,133,3870,636,2460,761,1397,398,0,1000,0,0,0,3870,15098,18446744073709551615
30,333,always,1398,1398,16938,133,3870,636,2460,761,1397,398,0,1000,0,0,0,3870,15098,18446744073709551615
30,333,high_high,1238,1238,13199,81,3870,0,0,0,1237,238,0,1000,0,0,0,0,0,18446744073709551615
30,333,complement,1238,1238,13199,81,3870,0,0,0,1237,238,0,1000,0,0,0,0,0,18446744073709551615
30,333,tail_only,1398,1398,16938,133,3870,636,2460,761,1397,398,0,1000,0,0,0,3870,15098,18446744073709551615
30,333,head_only,1398,1398,16938,133,3870,636,2460,761,1397,398,0,1000,0,0,0,3870,15098,18446744073709551615
30,333,adaptive,1250,1250,13489,83,3870,42,122,36,1249,250,0,1000,0,0,0,252,748,18446744073709551615
30,333,random_0,1398,1398,16938,133,3870,636,2460,761,1397,398,0,1000,0,0,0,3870,15098,18446744073709551615
30,333,budget_random_0,1398,1398,16938,133,3870,636,2460,761,1397,398,0,1000,0,0,0,3870,15098,2460
30,333,random_1,1398,1398,16938,133,3870,636,2460,761,1397,398,0,1000,0,0,0,3870,15098,18446744073709551615
30,333,budget_random_1,1398,1398,16938,133,3870,636,2460,761,1397,398,0,1000,0,0,0,3870,15098,2460
30,333,random_2,1398,1398,16938,133,3870,636,2460,761,1397,398,0,1000,0,0,0,3870,15098,18446744073709551615
30,333,budget_random_2,1398,1398,16938,133,3870,636,2460,761,1397,398,0,1000,0,0,0,3870,15098,2460
30,333,random_3,1398,1398,16938,133,3870,636,2460,761,1397,398,0,1000,0,0,0,3870,15098,18446744073709551615
30,333,budget_random_3,1398,1398,16938,133,3870,636,2460,761,1397,398,0,1000,0,0,0,3870,15098,2460
30,333,random_4,1398,1398,16938,133,3870,636,2460,761,1397,398,0,1000,0,0,0,3870,15098,18446744073709551615
30,333,budget_random_4,1398,1398,16938,133,3870,636,2460,761,1397,398,0,1000,0,0,0,3870,15098,2460
30,666,std_binary,0,0,0,0,0,0,0,0,0,0,0,0,0,0,0,0,0,0
30,666,binary,1258,1258,13197,78,3870,0,0,0,1257,258,0,1000,0,0,0,0,0,0
30,666,fourary,1258,1258,14770,78,3870,0,0,0,1257,258,0,1000,0,0,0,0,0,0
30,666,mean_map,1178,1178,0,0,7760,0,0,0,1177,66,29,1005,107,1946,65,0,0,0
30,666,mean_ring,1178,1178,0,0,7760,0,0,0,1177,66,29,1005,107,1946,65,0,0,0
30,666,mean_degree,1267,1267,0,0,7740,0,0,0,1266,228,107,1000,39,3690,23,0,0,0
30,666,max_maxdegree,1251,1251,0,0,7748,0,0,0,1250,164,61,1002,85,3226,38,0,0,0
30,666,original_mean,0,0,0,0,0,0,0,0,0,0,0,0,0,0,0,0,0,0
30,666,list_both,1178,1178,0,0,4303,0,0,0,1177,66,29,1112,107,2166,73,0,0,0
30,666,skip_only,1178,1178,0,0,3890,0,0,0,1177,66,29,1005,107,1955,65,0,0,0
30,666,heavy_only,1178,1178,0,0,8173,0,0,0,1177,66,29,1112,107,1946,73,0,0,0
30,666,mean_sqrtdegree,1233,1233,0,0,7752,0,0,0,1232,157,56,1003,73,3104,39,0,0,0
30,666,median,1189,1189,0,0,7768,0,0,0,1188,65,29,1007,117,1934,64,0,0,0
30,666,sd,1246,1246,0,0,7748,0,0,0,1245,160,59,1002,84,3180,35,0,0,0
30,666,caliber,1029,1029,11177,87,3870,0,0,0,1343,344,0,1000,0,0,0,0,0,0
30,666,degree4,1378,1378,16473,128,3870,620,2408,757,1377,378,0,1000,0,0,0,3870,15098,18446744073709551615
30,666,always,1378,1378,16473,128,3870,620,2408,757,1377,378,0,1000,0,0,0,3870,15098,18446744073709551615
30,666,high_high,1258,1258,13197,78,3870,0,0,0,1257,258,0,1000,0,0,0,0,0,18446744073709551615
30,666,complement,1258,1258,13197,78,3870,0,0,0,1257,258,0,1000,0,0,0,0,0,18446744073709551615
30,666,tail_only,1378,1378,16473,128,3870,620,2408,757,1377,378,0,1000,0,0,0,3870,15098,18446744073709551615
30,666,head_only,1378,1378,16473,128,3870,620,2408,757,1377,378,0,1000,0,0,0,3870,15098,18446744073709551615
30,666,adaptive,1269,1269,13476,81,3870,47,137,40,1268,269,0,1000,0,0,0,252,748,18446744073709551615
30,666,random_0,1378,1378,16473,128,3870,620,2408,757,1377,378,0,1000,0,0,0,3870,15098,18446744073709551615
30,666,budget_random_0,1378,1378,16473,128,3870,620,2408,757,1377,378,0,1000,0,0,0,3870,15098,2408
30,666,random_1,1378,1378,16473,128,3870,620,2408,757,1377,378,0,1000,0,0,0,3870,15098,18446744073709551615
30,666,budget_random_1,1378,1378,16473,128,3870,620,2408,757,1377,378,0,1000,0,0,0,3870,15098,2408
30,666,random_2,1378,1378,16473,128,3870,620,2408,757,1377,378,0,1000,0,0,0,3870,15098,18446744073709551615
30,666,budget_random_2,1378,1378,16473,128,3870,620,2408,757,1377,378,0,1000,0,0,0,3870,15098,2408
30,666,random_3,1378,1378,16473,128,3870,620,2408,757,1377,378,0,1000,0,0,0,3870,15098,18446744073709551615
30,666,budget_random_3,1378,1378,16473,128,3870,620,2408,757,1377,378,0,1000,0,0,0,3870,15098,2408
30,666,random_4,1378,1378,16473,128,3870,620,2408,757,1377,378,0,1000,0,0,0,3870,15098,18446744073709551615
30,666,budget_random_4,1378,1378,16473,128,3870,620,2408,757,1377,378,0,1000,0,0,0,3870,15098,2408
31,666,std_binary,0,0,0,0,0,0,0,0,0,0,0,0,0,0,0,0,0,0
31,666,binary,2502,2502,30177,125,7820,0,0,0,2501,502,0,2000,0,0,0,0,0,0
31,666,fourary,2502,2502,33486,125,7820,0,0,0,2501,502,0,2000,0,0,0,0,0,0
31,666,mean_map,2371,2371,0,0,15679,0,0,0,2370,130,35,2010,231,3940,108,0,0,0
31,666,mean_ring,2371,2371,0,0,15679,0,0,0,2370,130,35,2010,231,3940,108,0,0,0
31,666,mean_degree,2493,2493,0,0,15640,0,0,0,2492,399,128,2000,94,7484,34,0,0,0
31,666,max_maxdegree,2435,2435,0,0,15647,0,0,0,2434,273,73,2002,160,6472,53,0,0,0
31,666,original_mean,0,0,0,0,0,0,0,0,0,0,0,0,0,0,0,0,0,0
31,666,list_both,2371,2371,0,0,8760,0,0,0,2370,130,35,2241,231,4416,125,0,0,0
31,666,skip_only,2371,2371,0,0,7859,0,0,0,2370,130,35,2010,231,3954,108,0,0,0
31,666,heavy_only,2371,2371,0,0,16580,0,0,0,2370,130,35,2241,231,3940,125,0,0,0
31,666,mean_sqrtdegree,2430,2430,0,0,15644,0,0,0,2429,255,67,2001,174,6252,61,0,0,0
31,666,median,2364,2364,0,0,15683,0,0,0,2363,115,34,2011,238,3908,105,0,0,0
31,666,sd,2430,2430,0,0,15644,0,0,0,2429,272,70,2001,157,6370,61,0,0,0
31,666,caliber,2003,2003,24836,144,7820,0,0,0,2630,631,0,2000,0,0,0,0,0,0
31,666,degree4,2752,2752,37098,210,7820,1244,4870,1507,2751,752,0,2000,0,0,0,7820,30748,18446744073709551615
31,666,always,2752,2752,37098,210,7820,1244,4870,1507,2751,752,0,2000,0,0,0,7820,30748,18446744073709551615
31,666,high_high,2502,2502,30177,125,7820,0,0,0,2501,502,0,2000,0,0,0,0,0,18446744073709551615
31,666,complement,2502,2502,30177,125,7820,0,0,0,2501,502,0,2000,0,0,0,0,0,18446744073709551615
31,666,tail_only,2752,2752,37098,210,7820,1244,4870,1507,2751,752,0,2000,0,0,0,7820,30748,18446744073709551615
31,666,head_only,2752,2752,37098,210,7820,1244,4870,1507,2751,752,0,2000,0,0,0,7820,30748,18446744073709551615
31,666,adaptive,2520,2520,30511,127,7820,70,208,51,2519,520,0,2000,0,0,0,352,1048,18446744073709551615
31,666,random_0,2752,2752,37098,210,7820,1244,4870,1507,2751,752,0,2000,0,0,0,7820,30748,18446744073709551615
31,666,budget_random_0,2752,2752,37098,210,7820,1244,4870,1507,2751,752,0,2000,0,0,0,7820,30748,4870
31,666,random_1,2752,2752,37098,210,7820,1244,4870,1507,2751,752,0,2000,0,0,0,7820,30748,18446744073709551615
31,666,budget_random_1,2752,2752,37098,210,7820,1244,4870,1507,2751,752,0,2000,0,0,0,7820,30748,4870
31,666,random_2,2752,2752,37098,210,7820,1244,4870,1507,2751,752,0,2000,0,0,0,7820,30748,18446744073709551615
31,666,budget_random_2,2752,2752,37098,210,7820,1244,4870,1507,2751,752,0,2000,0,0,0,7820,30748,4870
31,666,random_3,2752,2752,37098,210,7820,1244,4870,1507,2751,752,0,2000,0,0,0,7820,30748,18446744073709551615
31,666,budget_random_3,2752,2752,37098,210,7820,1244,4870,1507,2751,752,0,2000,0,0,0,7820,30748,4870
31,666,random_4,2752,2752,37098,210,7820,1244,4870,1507,2751,752,0,2000,0,0,0,7820,30748,18446744073709551615
31,666,budget_random_4,2752,2752,37098,210,7820,1244,4870,1507,2751,752,0,2000,0,0,0,7820,30748,4870
31,1333,std_binary,0,0,0,0,0,0,0,0,0,0,0,0,0,0,0,0,0,0
31,1333,binary,2534,2534,30226,139,7820,0,0,0,2533,534,0,2000,0,0,0,0,0,0
31,1333,fourary,2534,2534,33543,139,7820,0,0,0,2533,534,0,2000,0,0,0,0,0,0
31,1333,mean_map,2400,2400,0,0,15688,0,0,0,2399,150,36,2012,238,3940,119,0,0,0
31,1333,mean_ring,2400,2400,0,0,15688,0,0,0,2399,150,36,2012,238,3940,119,0,0,0
31,1333,mean_degree,2531,2531,0,0,15640,0,0,0,2530,405,137,2000,126,7484,34,0,0,0
31,1333,max_maxdegree,2486,2486,0,0,15652,0,0,0,2485,310,79,2003,173,6472,55,0,0,0
31,1333,original_mean,0,0,0,0,0,0,0,0,0,0,0,0,0,0,0,0,0,0
31,1333,list_both,2400,2400,0,0,8798,0,0,0,2399,150,36,2250,238,4454,129,0,0,0
31,1333,skip_only,2400,2400,0,0,7868,0,0,0,2399,150,36,2012,238,3956,119,0,0,0
31,1333,heavy_only,2400,2400,0,0,16618,0,0,0,2399,150,36,2250,238,3940,129,0,0,0
31,1333,mean_sqrtdegree,2480,2480,0,0,15660,0,0,0,2479,294,71,2005,181,6252,58,0,0,0
31,1333,median,2390,2390,0,0,15690,0,0,0,2389,123,36,2013,254,3908,118,0,0,0
31,1333,sd,2491,2491,0,0,15660,0,0,0,2490,293,75,2005,193,6370,56,0,0,0
31,1333,caliber,2035,2035,24975,167,7820,0,0,0,2694,695,0,2000,0,0,0,0,0,0
31,1333,degree4,2820,2820,37825,218,7820,1273,4982,1546,2819,820,0,2000,0,0,0,7820,30748,18446744073709551615
31,1333,always,2820,2820,37825,218,7820,1273,4982,1546,2819,820,0,2000,0,0,0,7820,30748,18446744073709551615
31,1333,high_high,2534,2534,30226,139,7820,0,0,0,2533,534,0,2000,0,0,0,0,0,18446744073709551615
31,1333,complement,2534,2534,30226,139,7820,0,0,0,2533,534,0,2000,0,0,0,0,0,18446744073709551615
31,1333,tail_only,2820,2820,37825,218,7820,1273,4982,1546,2819,820,0,2000,0,0,0,7820,30748,18446744073709551615
31,1333,head_only,2820,2820,37825,218,7820,1273,4982,1546,2819,820,0,2000,0,0,0,7820,30748,18446744073709551615
31,1333,adaptive,2559,2559,30738,141,7820,74,221,57,2558,559,0,2000,0,0,0,352,1048,18446744073709551615
31,1333,random_0,2820,2820,37825,218,7820,1273,4982,1546,2819,820,0,2000,0,0,0,7820,30748,18446744073709551615
31,1333,budget_random_0,2820,2820,37825,218,7820,1273,4982,1546,2819,820,0,2000,0,0,0,7820,30748,4982
31,1333,random_1,2820,2820,37825,218,7820,1273,4982,1546,2819,820,0,2000,0,0,0,7820,30748,18446744073709551615
31,1333,budget_random_1,2820,2820,37825,218,7820,1273,4982,1546,2819,820,0,2000,0,0,0,7820,30748,4982
31,1333,random_2,2820,2820,37825,218,7820,1273,4982,1546,2819,820,0,2000,0,0,0,7820,30748,18446744073709551615
31,1333,budget_random_2,2820,2820,37825,218,7820,1273,4982,1546,2819,820,0,2000,0,0,0,7820,30748,4982
31,1333,random_3,2820,2820,37825,218,7820,1273,4982,1546,2819,820,0,2000,0,0,0,7820,30748,18446744073709551615
31,1333,budget_random_3,2820,2820,37825,218,7820,1273,4982,1546,2819,820,0,2000,0,0,0,7820,30748,4982
31,1333,random_4,2820,2820,37825,218,7820,1273,4982,1546,2819,820,0,2000,0,0,0,7820,30748,18446744073709551615
31,1333,budget_random_4,2820,2820,37825,218,7820,1273,4982,1546,2819,820,0,2000,0,0,0,7820,30748,4982
32,1666,std_binary,0,0,0,0,0,0,0,0,0,0,0,0,0,0,0,0,0,0
32,1666,binary,6339,6339,82139,196,19700,0,0,0,6338,1339,0,5000,0,0,0,0,0,0
32,1666,fourary,6339,6339,90970,196,19700,0,0,0,6338,1339,0,5000,0,0,0,0,0,0
32,1666,mean_map,5915,5915,0,0,39507,0,0,0,5914,280,59,5027,608,9794,169,0,0,0
32,1666,mean_ring,5915,5915,0,0,39507,0,0,0,5914,280,59,5027,608,9794,169,0,0,0
32,1666,mean_degree,6331,6331,0,0,39400,0,0,0,6330,1054,228,5000,277,18850,48,0,0,0
32,1666,max_maxdegree,6227,6227,0,0,39416,0,0,0,6226,774,128,5004,449,16378,88,0,0,0
32,1666,original_mean,0,0,0,0,0,0,0,0,0,0,0,0,0,0,0,0,0,0
32,1666,list_both,5915,5915,0,0,22196,0,0,0,5914,280,59,5635,608,11026,195,0,0,0
32,1666,skip_only,5915,5915,0,0,19807,0,0,0,5914,280,59,5027,608,9843,169,0,0,0
32,1666,heavy_only,5915,5915,0,0,41896,0,0,0,5914,280,59,5635,608,9794,195,0,0,0
32,1666,mean_sqrtdegree,6199,6199,0,0,39436,0,0,0,6198,730,115,5009,460,15852,87,0,0,0
32,1666,median,5944,5944,0,0,39504,0,0,0,5943,313,59,5026,605,9848,160,0,0,0
32,1666,sd,6193,6193,0,0,39440,0,0,0,6192,767,123,5010,416,16156,87,0,0,0
32,1666,caliber,5021,5021,66949,243,19700,0,0,0,6668,1669,0,5000,0,0,0,0,0,0
32,1666,degree4,7036,7036,101760,344,19700,3174,12513,3861,7035,2036,0,5000,0,0,0,19700,77908,18446744073709551615
32,1666,always,7036,7036,101760,344,19700,3174,12513,3861,7035,2036,0,5000,0,0,0,19700,77908,18446744073709551615
32,1666,high_high,6339,6339,82139,196,19700,0,0,0,6338,1339,0,5000,0,0,0,0,0,18446744073709551615
32,1666,complement,6339,6339,82139,196,19700,0,0,0,6338,1339,0,5000,0,0,0,0,0,18446744073709551615
32,1666,tail_only,7036,7036,101760,344,19700,3174,12513,3861,7035,2036,0,5000,0,0,0,19700,77908,18446744073709551615
32,1666,head_only,7036,7036,101760,344,19700,3174,12513,3861,7035,2036,0,5000,0,0,0,19700,77908,18446744073709551615
32,1666,adaptive,6380,6380,83144,198,19700,124,366,102,6379,1380,0,5000,0,0,0,592,1768,18446744073709551615
32,1666,random_0,7036,7036,101760,344,19700,3174,12513,3861,7035,2036,0,5000,0,0,0,19700,77908,18446744073709551615
32,1666,budget_random_0,7036,7036,101760,344,19700,3174,12513,3861,7035,2036,0,5000,0,0,0,19700,77908,12513
32,1666,random_1,7036,7036,101760,344,19700,3174,12513,3861,7035,2036,0,5000,0,0,0,19700,77908,18446744073709551615
32,1666,budget_random_1,7036,7036,101760,344,19700,3174,12513,3861,7035,2036,0,5000,0,0,0,19700,77908,12513
32,1666,random_2,7036,7036,101760,344,19700,3174,12513,3861,7035,2036,0,5000,0,0,0,19700,77908,18446744073709551615
32,1666,budget_random_2,7036,7036,101760,344,19700,3174,12513,3861,7035,2036,0,5000,0,0,0,19700,77908,12513
32,1666,random_3,7036,7036,101760,344,19700,3174,12513,3861,7035,2036,0,5000,0,0,0,19700,77908,18446744073709551615
32,1666,budget_random_3,7036,7036,101760,344,19700,3174,12513,3861,7035,2036,0,5000,0,0,0,19700,77908,12513
32,1666,random_4,7036,7036,101760,344,19700,3174,12513,3861,7035,2036,0,5000,0,0,0,19700,77908,18446744073709551615
32,1666,budget_random_4,7036,7036,101760,344,19700,3174,12513,3861,7035,2036,0,5000,0,0,0,19700,77908,12513
32,3333,std_binary,0,0,0,0,0,0,0,0,0,0,0,0,0,0,0,0,0,0
32,3333,binary,6389,6389,83721,209,19700,0,0,0,6388,1389,0,5000,0,0,0,0,0,0
32,3333,fourary,6389,6389,92786,209,19700,0,0,0,6388,1389,0,5000,0,0,0,0,0,0
32,3333,mean_map,5972,5972,0,0,39539,0,0,0,5971,326,58,5035,611,9794,175,0,0,0
32,3333,mean_ring,5972,5972,0,0,39539,0,0,0,5971,326,58,5035,611,9794,175,0,0,0
32,3333,mean_degree,6380,6380,0,0,39400,0,0,0,6379,1102,227,5000,278,18850,50,0,0,0
32,3333,max_maxdegree,6247,6247,0,0,39424,0,0,0,6246,799,127,5006,442,16378,85,0,0,0
32,3333,original_mean,0,0,0,0,0,0,0,0,0,0,0,0,0,0,0,0,0,0
32,3333,list_both,5972,5972,0,0,22236,0,0,0,5971,326,58,5646,611,11058,198,0,0,0
32,3333,skip_only,5972,5972,0,0,19839,0,0,0,5971,326,58,5035,611,9849,175,0,0,0
32,3333,heavy_only,5972,5972,0,0,41936,0,0,0,5971,326,58,5646,611,9794,198,0,0,0
32,3333,mean_sqrtdegree,6177,6177,0,0,39443,0,0,0,6176,716,115,5011,450,15852,95,0,0,0
32,3333,median,5943,5943,0,0,39518,0,0,0,5942,322,59,5030,591,9848,171,0,0,0
32,3333,sd,6218,6218,0,0,39420,0,0,0,6217,770,122,5005,443,16156,86,0,0,0
32,3333,caliber,5076,5076,68168,235,19700,0,0,0,6693,1694,0,5000,0,0,0,0,0,0
32,3333,degree4,7051,7051,102754,337,19700,3192,12579,3858,7050,2051,0,5000,0,0,0,19700,77908,18446744073709551615
32,3333,always,7051,7051,102754,337,19700,3192,12579,3858,7050,2051,0,5000,0,0,0,19700,77908,18446744073709551615
32,3333,high_high,6389,6389,83721,209,19700,0,0,0,6388,1389,0,5000,0,0,0,0,0,18446744073709551615
32,3333,complement,6389,6389,83721,209,19700,0,0,0,6388,1389,0,5000,0,0,0,0,0,18446744073709551615
32,3333,tail_only,7051,7051,102754,337,19700,3192,12579,3858,7050,2051,0,5000,0,0,0,19700,77908,18446744073709551615
32,3333,head_only,7051,7051,102754,337,19700,3192,12579,3858,7050,2051,0,5000,0,0,0,19700,77908,18446744073709551615
32,3333,adaptive,6422,6422,84477,211,19700,124,366,104,6421,1422,0,5000,0,0,0,592,1768,18446744073709551615
32,3333,random_0,7051,7051,102754,337,19700,3192,12579,3858,7050,2051,0,5000,0,0,0,19700,77908,18446744073709551615
32,3333,budget_random_0,7051,7051,102754,337,19700,3192,12579,3858,7050,2051,0,5000,0,0,0,19700,77908,12579
32,3333,random_1,7051,7051,102754,337,19700,3192,12579,3858,7050,2051,0,5000,0,0,0,19700,77908,18446744073709551615
32,3333,budget_random_1,7051,7051,102754,337,19700,3192,12579,3858,7050,2051,0,5000,0,0,0,19700,77908,12579
32,3333,random_2,7051,7051,102754,337,19700,3192,12579,3858,7050,2051,0,5000,0,0,0,19700,77908,18446744073709551615
32,3333,budget_random_2,7051,7051,102754,337,19700,3192,12579,3858,7050,2051,0,5000,0,0,0,19700,77908,12579
32,3333,random_3,7051,7051,102754,337,19700,3192,12579,3858,7050,2051,0,5000,0,0,0,19700,77908,18446744073709551615
32,3333,budget_random_3,7051,7051,102754,337,19700,3192,12579,3858,7050,2051,0,5000,0,0,0,19700,77908,12579
32,3333,random_4,7051,7051,102754,337,19700,3192,12579,3858,7050,2051,0,5000,0,0,0,19700,77908,18446744073709551615
32,3333,budget_random_4,7051,7051,102754,337,19700,3192,12579,3858,7050,2051,0,5000,0,0,0,19700,77908,12579
33,3333,std_binary,0,0,0,0,0,0,0,0,0,0,0,0,0,0,0,0,0,0
33,3333,binary,12717,12717,181488,287,39600,0,0,0,12716,2717,0,10000,0,0,0,0,0,0
33,3333,fourary,12717,12717,200209,287,39600,0,0,0,12716,2717,0,10000,0,0,0,0,0,0
33,3333,mean_map,11941,11941,0,0,79446,0,0,0,11940,671,80,10062,1208,19766,240,0,0,0
33,3333,mean_ring,11941,11941,0,0,79446,0,0,0,11940,671,80,10062,1208,19766,240,0,0,0
33,3333,mean_degree,12703,12703,0,0,79208,0,0,0,12702,2188,311,10002,513,37936,67,0,0,0
33,3333,max_maxdegree,12454,12454,0,0,79244,0,0,0,12453,1582,174,10011,861,33014,117,0,0,0
33,3333,original_mean,0,0,0,0,0,0,0,0,0,0,0,0,0,0,0,0,0,0
33,3333,list_both,11941,11941,0,0,44632,0,0,0,11940,671,80,11270,1208,22307,265,0,0,0
33,3333,skip_only,11941,11941,0,0,39846,0,0,0,11940,671,80,10062,1208,19867,240,0,0,0
33,3333,heavy_only,11941,11941,0,0,84232,0,0,0,11940,671,80,11270,1208,19766,265,0,0,0
33,3333,mean_sqrtdegree,12355,12355,0,0,79276,0,0,0,12354,1441,158,10019,895,31898,131,0,0,0
33,3333,median,11957,11957,0,0,79447,0,0,0,11956,662,80,10062,1233,19798,240,0,0,0
33,3333,sd,12397,12397,0,0,79243,0,0,0,12396,1511,169,10011,875,32588,122,0,0,0
33,3333,caliber,10218,10218,150478,323,39600,0,0,0,13426,3427,0,10000,0,0,0,0,0,0
33,3333,degree4,14090,14090,223220,481,39600,6376,25249,7713,14089,4090,0,10000,0,0,0,39600,157208,18446744073709551615
33,3333,always,14090,14090,223220,481,39600,6376,25249,7713,14089,4090,0,10000,0,0,0,39600,157208,18446744073709551615
33,3333,high_high,12717,12717,181488,287,39600,0,0,0,12716,2717,0,10000,0,0,0,0,0,18446744073709551615
33,3333,complement,12717,12717,181488,287,39600,0,0,0,12716,2717,0,10000,0,0,0,0,0,18446744073709551615
33,3333,tail_only,14090,14090,223220,481,39600,6376,25249,7713,14089,4090,0,10000,0,0,0,39600,157208,18446744073709551615
33,3333,head_only,14090,14090,223220,481,39600,6376,25249,7713,14089,4090,0,10000,0,0,0,39600,157208,18446744073709551615
33,3333,adaptive,12759,12759,182543,290,39600,168,499,146,12758,2759,0,10000,0,0,0,792,2368,18446744073709551615
33,3333,random_0,14090,14090,223220,481,39600,6376,25249,7713,14089,4090,0,10000,0,0,0,39600,157208,18446744073709551615
33,3333,budget_random_0,14090,14090,223220,481,39600,6376,25249,7713,14089,4090,0,10000,0,0,0,39600,157208,25249
33,3333,random_1,14090,14090,223220,481,39600,6376,25249,7713,14089,4090,0,10000,0,0,0,39600,157208,18446744073709551615
33,3333,budget_random_1,14090,14090,223220,481,39600,6376,25249,7713,14089,4090,0,10000,0,0,0,39600,157208,25249
33,3333,random_2,14090,14090,223220,481,39600,6376,25249,7713,14089,4090,0,10000,0,0,0,39600,157208,18446744073709551615
33,3333,budget_random_2,14090,14090,223220,481,39600,6376,25249,7713,14089,4090,0,10000,0,0,0,39600,157208,25249
33,3333,random_3,14090,14090,223220,481,39600,6376,25249,7713,14089,4090,0,10000,0,0,0,39600,157208,18446744073709551615
33,3333,budget_random_3,14090,14090,223220,481,39600,6376,25249,7713,14089,4090,0,10000,0,0,0,39600,157208,25249
33,3333,random_4,14090,14090,223220,481,39600,6376,25249,7713,14089,4090,0,10000,0,0,0,39600,157208,18446744073709551615
33,3333,budget_random_4,14090,14090,223220,481,39600,6376,25249,7713,14089,4090,0,10000,0,0,0,39600,157208,25249
33,6666,std_binary,0,0,0,0,0,0,0,0,0,0,0,0,0,0,0,0,0,0
33,6666,binary,12723,12723,181563,275,39600,0,0,0,12722,2723,0,10000,0,0,0,0,0,0
33,6666,fourary,12723,12723,200626,275,39600,0,0,0,12722,2723,0,10000,0,0,0,0,0,0
33,6666,mean_map,11924,11924,0,0,79430,0,0,0,11923,678,79,10058,1188,19766,237,0,0,0
33,6666,mean_ring,11924,11924,0,0,79430,0,0,0,11923,678,79,10058,1188,19766,237,0,0,0
33,6666,mean_degree,12683,12683,0,0,79200,0,0,0,12682,2124,311,10000,559,37936,70,0,0,0
33,6666,max_maxdegree,12463,12463,0,0,79228,0,0,0,12462,1586,173,10007,870,33014,114,0,0,0
33,6666,original_mean,0,0,0,0,0,0,0,0,0,0,0,0,0,0,0,0,0,0
33,6666,list_both,11924,11924,0,0,44535,0,0,0,11923,678,79,11246,1188,22271,263,0,0,0
33,6666,skip_only,11924,11924,0,0,39830,0,0,0,11923,678,79,10058,1188,19866,237,0,0,0
33,6666,heavy_only,11924,11924,0,0,84135,0,0,0,11923,678,79,11246,1188,19766,263,0,0,0
33,6666,mean_sqrtdegree,12415,12415,0,0,79252,0,0,0,12414,1479,157,10013,923,31898,128,0,0,0
33,6666,median,11928,11928,0,0,79438,0,0,0,11927,645,79,10060,1223,19798,241,0,0,0
33,6666,sd,12456,12456,0,0,79236,0,0,0,12455,1574,166,10009,873,32588,118,0,0,0
33,6666,caliber,10224,10224,150433,320,39600,0,0,0,13407,3408,0,10000,0,0,0,0,0,0
33,6666,degree4,14079,14079,222904,467,39600,6380,25271,7698,14078,4079,0,10000,0,0,0,39600,157208,18446744073709551615
33,6666,always,14079,14079,222904,467,39600,6380,25271,7698,14078,4079,0,10000,0,0,0,39600,157208,18446744073709551615
33,6666,high_high,12723,12723,181563,275,39600,0,0,0,12722,2723,0,10000,0,0,0,0,0,18446744073709551615
33,6666,complement,12723,12723,181563,275,39600,0,0,0,12722,2723,0,10000,0,0,0,0,0,18446744073709551615
33,6666,tail_only,14079,14079,222904,467,39600,6380,25271,7698,14078,4079,0,10000,0,0,0,39600,157208,18446744073709551615
33,6666,head_only,14079,14079,222904,467,39600,6380,25271,7698,14078,4079,0,10000,0,0,0,39600,157208,18446744073709551615
33,6666,adaptive,12767,12767,182783,278,39600,164,487,141,12766,2767,0,10000,0,0,0,792,2368,18446744073709551615
33,6666,random_0,14079,14079,222904,467,39600,6380,25271,7698,14078,4079,0,10000,0,0,0,39600,157208,18446744073709551615
33,6666,budget_random_0,14079,14079,222904,467,39600,6380,25271,7698,14078,4079,0,10000,0,0,0,39600,157208,25271
33,6666,random_1,14079,14079,222904,467,39600,6380,25271,7698,14078,4079,0,10000,0,0,0,39600,157208,18446744073709551615
33,6666,budget_random_1,14079,14079,222904,467,39600,6380,25271,7698,14078,4079,0,10000,0,0,0,39600,157208,25271
33,6666,random_2,14079,14079,222904,467,39600,6380,25271,7698,14078,4079,0,10000,0,0,0,39600,157208,18446744073709551615
33,6666,budget_random_2,14079,14079,222904,467,39600,6380,25271,7698,14078,4079,0,10000,0,0,0,39600,157208,25271
33,6666,random_3,14079,14079,222904,467,39600,6380,25271,7698,14078,4079,0,10000,0,0,0,39600,157208,18446744073709551615
33,6666,budget_random_3,14079,14079,222904,467,39600,6380,25271,7698,14078,4079,0,10000,0,0,0,39600,157208,25271
33,6666,random_4,14079,14079,222904,467,39600,6380,25271,7698,14078,4079,0,10000,0,0,0,39600,157208,18446744073709551615
33,6666,budget_random_4,14079,14079,222904,467,39600,6380,25271,7698,14078,4079,0,10000,0,0,0,39600,157208,25271
34,333,std_binary,0,0,0,0,0,0,0,0,0,0,0,0,0,0,0,0,0,0
34,333,binary,1381,1381,14913,92,5994,0,0,0,1380,382,0,999,0,0,0,0,0,0
34,333,fourary,1381,1381,16515,92,5994,0,0,0,1380,382,0,999,0,0,0,0,0,0
34,333,mean_map,1323,1323,0,0,11994,0,0,0,1322,62,32,1000,261,2911,71,0,0,0
34,333,mean_ring,1323,1323,0,0,11994,0,0,0,1322,62,32,1000,261,2911,71,0,0,0
34,333,mean_degree,1389,1389,0,0,11988,0,0,0,1388,283,177,999,107,5923,17,0,0,0
34,333,max_maxdegree,1382,1382,0,0,11994,0,0,0,1381,167,63,1000,215,5196,38,0,0,0
34,333,original_mean,0,0,0,0,0,0,0,0,0,0,0,0,0,0,0,0,0,0
34,333,list_both,1323,1323,0,0,7566,0,0,0,1322,62,32,1261,261,3598,86,0,0,0
34,333,skip_only,1323,1323,0,0,6000,0,0,0,1322,62,32,1000,261,2912,71,0,0,0
34,333,heavy_only,1323,1323,0,0,13560,0,0,0,1322,62,32,1261,261,2911,86,0,0,0
34,333,mean_sqrtdegree,1385,1385,0,0,11988,0,0,0,1384,203,77,999,183,5513,35,0,0,0
34,333,median,1286,1286,0,0,11994,0,0,0,1285,61,32,1000,225,2993,70,0,0,0
34,333,sd,1397,1397,0,0,11988,0,0,0,1396,201,73,999,197,5450,32,0,0,0
34,333,caliber,1181,1181,12820,94,5994,0,0,0,1404,406,0,999,0,0,0,0,0,0
34,333,degree4,1381,1381,14913,92,5994,0,0,0,1380,382,0,999,0,0,0,0,0,18446744073709551615
34,333,always,1744,1744,22329,178,5994,578,3468,1165,1743,745,0,999,0,0,0,6000,36000,18446744073709551615
34,333,high_high,1744,1744,22329,178,5994,578,3468,1165,1743,745,0,999,0,0,0,6000,36000,18446744073709551615
34,333,complement,1744,1744,22329,178,5994,578,3468,1165,1743,745,0,999,0,0,0,6000,36000,18446744073709551615
34,333,tail_only,1381,1381,14913,92,5994,0,0,0,1380,382,0,999,0,0,0,0,0,18446744073709551615
34,333,head_only,1381,1381,14913,92,5994,0,0,0,1380,382,0,999,0,0,0,0,0,18446744073709551615
34,333,adaptive,1381,1381,14913,92,5994,0,0,0,1380,382,0,999,0,0,0,0,0,18446744073709551615
34,333,random_0,1381,1381,14913,92,5994,0,0,0,1380,382,0,999,0,0,0,0,0,18446744073709551615
34,333,budget_random_0,1381,1381,14913,92,5994,0,0,0,1380,382,0,999,0,0,0,0,0,0
34,333,random_1,1381,1381,14913,92,5994,0,0,0,1380,382,0,999,0,0,0,0,0,18446744073709551615
34,333,budget_random_1,1381,1381,14913,92,5994,0,0,0,1380,382,0,999,0,0,0,0,0,0
34,333,random_2,1381,1381,14913,92,5994,0,0,0,1380,382,0,999,0,0,0,0,0,18446744073709551615
34,333,budget_random_2,1381,1381,14913,92,5994,0,0,0,1380,382,0,999,0,0,0,0,0,0
34,333,random_3,1381,1381,14913,92,5994,0,0,0,1380,382,0,999,0,0,0,0,0,18446744073709551615
34,333,budget_random_3,1381,1381,14913,92,5994,0,0,0,1380,382,0,999,0,0,0,0,0,0
34,333,random_4,1381,1381,14913,92,5994,0,0,0,1380,382,0,999,0,0,0,0,0,18446744073709551615
34,333,budget_random_4,1381,1381,14913,92,5994,0,0,0,1380,382,0,999,0,0,0,0,0,0
34,666,std_binary,0,0,0,0,0,0,0,0,0,0,0,0,0,0,0,0,0,0
34,666,binary,1392,1392,14693,85,5994,0,0,0,1391,393,0,999,0,0,0,0,0,0
34,666,fourary,1392,1392,16516,85,5994,0,0,0,1391,393,0,999,0,0,0,0,0,0
34,666,mean_map,1316,1316,0,0,12006,0,0,0,1315,75,34,1002,239,2911,58,0,0,0
34,666,mean_ring,1316,1316,0,0,12006,0,0,0,1315,75,34,1002,239,2911,58,0,0,0
34,666,mean_degree,1391,1391,0,0,11988,0,0,0,1390,306,188,999,86,5923,18,0,0,0
34,666,max_maxdegree,1392,1392,0,0,11988,0,0,0,1391,170,66,999,223,5196,41,0,0,0
34,666,original_mean,0,0,0,0,0,0,0,0,0,0,0,0,0,0,0,0,0,0
34,666,list_both,1316,1316,0,0,7446,0,0,0,1315,75,34,1241,239,3544,76,0,0,0
34,666,skip_only,1316,1316,0,0,6012,0,0,0,1315,75,34,1002,239,2920,58,0,0,0
34,666,heavy_only,1316,1316,0,0,13440,0,0,0,1315,75,34,1241,239,2911,76,0,0,0
34,666,mean_sqrtdegree,1392,1392,0,0,11988,0,0,0,1391,208,81,999,185,5513,29,0,0,0
34,666,median,1327,1327,0,0,12000,0,0,0,1326,53,34,1001,273,2993,61,0,0,0
34,666,sd,1390,1390,0,0,11988,0,0,0,1389,181,77,999,210,5450,33,0,0,0
34,666,caliber,1192,1192,12669,84,5994,0,0,0,1412,414,0,999,0,0,0,0,0,0
34,666,degree4,1392,1392,14693,85,5994,0,0,0,1391,393,0,999,0,0,0,0,0,18446744073709551615
34,666,always,1789,1789,22571,169,5994,593,3558,1195,1788,790,0,999,0,0,0,6000,36000,18446744073709551615
34,666,high_high,1789,1789,22571,169,5994,593,3558,1195,1788,790,0,999,0,0,0,6000,36000,18446744073709551615
34,666,complement,1789,1789,22571,169,5994,593,3558,1195,1788,790,0,999,0,0,0,6000,36000,18446744073709551615
34,666,tail_only,1392,1392,14693,85,5994,0,0,0,1391,393,0,999,0,0,0,0,0,18446744073709551615
34,666,head_only,1392,1392,14693,85,5994,0,0,0,1391,393,0,999,0,0,0,0,0,18446744073709551615
34,666,adaptive,1392,1392,14693,85,5994,0,0,0,1391,393,0,999,0,0,0,0,0,18446744073709551615
34,666,random_0,1392,1392,14693,85,5994,0,0,0,1391,393,0,999,0,0,0,0,0,18446744073709551615
34,666,budget_random_0,1392,1392,14693,85,5994,0,0,0,1391,393,0,999,0,0,0,0,0,0
34,666,random_1,1392,1392,14693,85,5994,0,0,0,1391,393,0,999,0,0,0,0,0,18446744073709551615
34,666,budget_random_1,1392,1392,14693,85,5994,0,0,0,1391,393,0,999,0,0,0,0,0,0
34,666,random_2,1392,1392,14693,85,5994,0,0,0,1391,393,0,999,0,0,0,0,0,18446744073709551615
34,666,budget_random_2,1392,1392,14693,85,5994,0,0,0,1391,393,0,999,0,0,0,0,0,0
34,666,random_3,1392,1392,14693,85,5994,0,0,0,1391,393,0,999,0,0,0,0,0,18446744073709551615
34,666,budget_random_3,1392,1392,14693,85,5994,0,0,0,1391,393,0,999,0,0,0,0,0,0
34,666,random_4,1392,1392,14693,85,5994,0,0,0,1391,393,0,999,0,0,0,0,0,18446744073709551615
34,666,budget_random_4,1392,1392,14693,85,5994,0,0,0,1391,393,0,999,0,0,0,0,0,0
35,666,std_binary,0,0,0,0,0,0,0,0,0,0,0,0,0,0,0,0,0,0
35,666,binary,2774,2774,31695,104,11970,0,0,0,2773,779,0,1995,0,0,0,0,0,0
35,666,fourary,2774,2774,34599,104,11970,0,0,0,2773,779,0,1995,0,0,0,0,0,0
35,666,mean_map,2663,2663,0,0,23970,0,0,0,2662,123,53,2000,540,5805,73,0,0,0
35,666,mean_ring,2663,2663,0,0,23970,0,0,0,2662,123,53,2000,540,5805,73,0,0,0
35,666,mean_degree,2778,2778,0,0,23940,0,0,0,2777,567,292,1995,216,11812,19,0,0,0
35,666,max_maxdegree,2724,2724,0,0,23940,0,0,0,2723,288,106,1995,441,10444,47,0,0,0
35,666,original_mean,0,0,0,0,0,0,0,0,0,0,0,0,0,0,0,0,0,0
35,666,list_both,2663,2663,0,0,15240,0,0,0,2662,123,53,2540,540,7161,96,0,0,0
35,666,skip_only,2663,2663,0,0,12000,0,0,0,2662,123,53,2000,540,5821,73,0,0,0
35,666,heavy_only,2663,2663,0,0,27210,0,0,0,2662,123,53,2540,540,5805,96,0,0,0
35,666,mean_sqrtdegree,2740,2740,0,0,23940,0,0,0,2739,350,127,1995,395,10957,33,0,0,0
35,666,median,2657,2657,0,0,23946,0,0,0,2656,139,54,1996,522,5973,69,0,0,0
35,666,sd,2742,2742,0,0,23940,0,0,0,2741,342,119,1995,405,10821,41,0,0,0
35,666,caliber,2396,2396,27525,111,11970,0,0,0,2837,843,0,1995,0,0,0,0,0,0
35,666,degree4,2774,2774,31695,104,11970,0,0,0,2773,779,0,1995,0,0,0,0,0,18446744073709551615
35,666,always,3532,3532,47527,231,11970,1182,7092,2349,3531,1537,0,1995,0,0,0,12000,72000,18446744073709551615
35,666,high_high,3532,3532,47527,231,11970,1182,7092,2349,3531,1537,0,1995,0,0,0,12000,72000,18446744073709551615
35,666,complement,3532,3532,47527,231,11970,1182,7092,2349,3531,1537,0,1995,0,0,0,12000,72000,18446744073709551615
35,666,tail_only,2774,2774,31695,104,11970,0,0,0,2773,779,0,1995,0,0,0,0,0,18446744073709551615
35,666,head_only,2774,2774,31695,104,11970,0,0,0,2773,779,0,1995,0,0,0,0,0,18446744073709551615
35,666,adaptive,2774,2774,31695,104,11970,0,0,0,2773,779,0,1995,0,0,0,0,0,18446744073709551615
35,666,random_0,2774,2774,31695,104,11970,0,0,0,2773,779,0,1995,0,0,0,0,0,18446744073709551615
35,666,budget_random_0,2774,2774,31695,104,11970,0,0,0,2773,779,0,1995,0,0,0,0,0,0
35,666,random_1,2774,2774,31695,104,11970,0,0,0,2773,779,0,1995,0,0,0,0,0,18446744073709551615
35,666,budget_random_1,2774,2774,31695,104,11970,0,0,0,2773,779,0,1995,0,0,0,0,0,0
35,666,random_2,2774,2774,31695,104,11970,0,0,0,2773,779,0,1995,0,0,0,0,0,18446744073709551615
35,666,budget_random_2,2774,2774,31695,104,11970,0,0,0,2773,779,0,1995,0,0,0,0,0,0
35,666,random_3,2774,2774,31695,104,11970,0,0,0,2773,779,0,1995,0,0,0,0,0,18446744073709551615
35,666,budget_random_3,2774,2774,31695,104,11970,0,0,0,2773,779,0,1995,0,0,0,0,0,0
35,666,random_4,2774,2774,31695,104,11970,0,0,0,2773,779,0,1995,0,0,0,0,0,18446744073709551615
35,666,budget_random_4,2774,2774,31695,104,11970,0,0,0,2773,779,0,1995,0,0,0,0,0,0
35,1333,std_binary,0,0,0,0,0,0,0,0,0,0,0,0,0,0,0,0,0,0
35,1333,binary,2741,2741,32032,119,11970,0,0,0,2740,746,0,1995,0,0,0,0,0,0
35,1333,fourary,2741,2741,35068,119,11970,0,0,0,2740,746,0,1995,0,0,0,0,0,0
35,1333,mean_map,2634,2634,0,0,23958,0,0,0,2633,107,45,1998,529,5805,87,0,0,0
35,1333,mean_ring,2634,2634,0,0,23958,0,0,0,2633,107,45,1998,529,5805,87,0,0,0
35,1333,mean_degree,2744,2744,0,0,23940,0,0,0,2743,547,256,1995,202,11812,20,0,0,0
35,1333,max_maxdegree,2708,2708,0,0,23940,0,0,0,2707,264,91,1995,449,10444,43,0,0,0
35,1333,original_mean,0,0,0,0,0,0,0,0,0,0,0,0,0,0,0,0,0,0
35,1333,list_both,2634,2634,0,0,15162,0,0,0,2633,107,45,2527,529,7180,111,0,0,0
35,1333,skip_only,2634,2634,0,0,11988,0,0,0,2633,107,45,1998,529,5813,87,0,0,0
35,1333,heavy_only,2634,2634,0,0,27132,0,0,0,2633,107,45,2527,529,5805,111,0,0,0
35,1333,mean_sqrtdegree,2719,2719,0,0,23946,0,0,0,2718,330,109,1996,393,10957,38,0,0,0
35,1333,median,2651,2651,0,0,23952,0,0,0,2650,125,46,1997,529,5973,82,0,0,0
35,1333,sd,2736,2736,0,0,23940,0,0,0,2735,335,103,1995,406,10821,39,0,0,0
35,1333,caliber,2365,2365,27761,122,11970,0,0,0,2804,810,0,1995,0,0,0,0,0,0
35,1333,degree4,2741,2741,32032,119,11970,0,0,0,2740,746,0,1995,0,0,0,0,0,18446744073709551615
35,1333,always,3605,3605,49831,281,11970,1193,7158,2411,3604,1610,0,1995,0,0,0,12000,72000,18446744073709551615
35,1333,high_high,3605,3605,49831,281,11970,1193,7158,2411,3604,1610,0,1995,0,0,0,12000,72000,18446744073709551615
35,1333,complement,3605,3605,49831,281,11970,1193,7158,2411,3604,1610,0,1995,0,0,0,12000,72000,18446744073709551615
35,1333,tail_only,2741,2741,32032,119,11970,0,0,0,2740,746,0,1995,0,0,0,0,0,18446744073709551615
35,1333,head_only,2741,2741,32032,119,11970,0,0,0,2740,746,0,1995,0,0,0,0,0,18446744073709551615
35,1333,adaptive,2741,2741,32032,119,11970,0,0,0,2740,746,0,1995,0,0,0,0,0,18446744073709551615
35,1333,random_0,2741,2741,32032,119,11970,0,0,0,2740,746,0,1995,0,0,0,0,0,18446744073709551615
35,1333,budget_random_0,2741,2741,32032,119,11970,0,0,0,2740,746,0,1995,0,0,0,0,0,0
35,1333,random_1,2741,2741,32032,119,11970,0,0,0,2740,746,0,1995,0,0,0,0,0,18446744073709551615
35,1333,budget_random_1,2741,2741,32032,119,11970,0,0,0,2740,746,0,1995,0,0,0,0,0,0
35,1333,random_2,2741,2741,32032,119,11970,0,0,0,2740,746,0,1995,0,0,0,0,0,18446744073709551615
35,1333,budget_random_2,2741,2741,32032,119,11970,0,0,0,2740,746,0,1995,0,0,0,0,0,0
35,1333,random_3,2741,2741,32032,119,11970,0,0,0,2740,746,0,1995,0,0,0,0,0,18446744073709551615
35,1333,budget_random_3,2741,2741,32032,119,11970,0,0,0,2740,746,0,1995,0,0,0,0,0,0
35,1333,random_4,2741,2741,32032,119,11970,0,0,0,2740,746,0,1995,0,0,0,0,0,18446744073709551615
35,1333,budget_random_4,2741,2741,32032,119,11970,0,0,0,2740,746,0,1995,0,0,0,0,0,0
36,1666,std_binary,0,0,0,0,0,0,0,0,0,0,0,0,0,0,0,0,0,0
36,1666,binary,6938,6938,85276,163,29970,0,0,0,6937,1943,0,4995,0,0,0,0,0,0
36,1666,fourary,6938,6938,94419,163,29970,0,0,0,6937,1943,0,4995,0,0,0,0,0,0
36,1666,mean_map,6677,6677,0,0,59994,0,0,0,6676,345,92,5004,1328,14688,118,0,0,0
36,1666,mean_ring,6677,6677,0,0,59994,0,0,0,6676,345,92,5004,1328,14688,118,0,0,0
36,1666,mean_degree,6949,6949,0,0,59940,0,0,0,6948,1464,538,4995,490,29556,31,0,0,0
36,1666,max_maxdegree,6902,6902,0,0,59970,0,0,0,6901,787,184,5000,1115,26057,62,0,0,0
36,1666,original_mean,0,0,0,0,0,0,0,0,0,0,0,0,0,0,0,0,0,0
36,1666,list_both,6677,6677,0,0,37992,0,0,0,6676,345,92,6332,1328,18182,161,0,0,0
36,1666,skip_only,6677,6677,0,0,30024,0,0,0,6676,345,92,5004,1328,14709,118,0,0,0
36,1666,heavy_only,6677,6677,0,0,67962,0,0,0,6676,345,92,6332,1328,14688,161,0,0,0
36,1666,mean_sqrtdegree,6904,6904,0,0,59958,0,0,0,6903,956,223,4998,950,27344,52,0,0,0
36,1666,median,6715,6715,0,0,60000,0,0,0,6714,360,93,5005,1350,14977,114,0,0,0
36,1666,sd,6919,6919,0,0,59952,0,0,0,6918,898,212,4997,1024,27053,52,0,0,0
36,1666,caliber,6055,6055,75110,173,29970,0,0,0,7121,2127,0,4995,0,0,0,0,0,0
36,1666,degree4,6938,6938,85276,163,29970,0,0,0,6937,1943,0,4995,0,0,0,0,0,18446744073709551615
36,1666,always,8837,8837,127113,351,29970,2945,17670,5891,8836,3842,0,4995,0,0,0,30000,180000,18446744073709551615
36,1666,high_high,8837,8837,127113,351,29970,2945,17670,5891,8836,3842,0,4995,0,0,0,30000,180000,18446744073709551615
36,1666,complement,8837,8837,127113,351,29970,2945,17670,5891,8836,3842,0,4995,0,0,0,30000,180000,18446744073709551615
36,1666,tail_only,6938,6938,85276,163,29970,0,0,0,6937,1943,0,4995,0,0,0,0,0,18446744073709551615
36,1666,head_only,6938,6938,85276,163,29970,0,0,0,6937,1943,0,4995,0,0,0,0,0,18446744073709551615
36,1666,adaptive,6938,6938,85276,163,29970,0,0,0,6937,1943,0,4995,0,0,0,0,0,18446744073709551615
36,1666,random_0,6938,6938,85276,163,29970,0,0,0,6937,1943,0,4995,0,0,0,0,0,18446744073709551615
36,1666,budget_random_0,6938,6938,85276,163,29970,0,0,0,6937,1943,0,4995,0,0,0,0,0,0
36,1666,random_1,6938,6938,85276,163,29970,0,0,0,6937,1943,0,4995,0,0,0,0,0,18446744073709551615
36,1666,budget_random_1,6938,6938,85276,163,29970,0,0,0,6937,1943,0,4995,0,0,0,0,0,0
36,1666,random_2,6938,6938,85276,163,29970,0,0,0,6937,1943,0,4995,0,0,0,0,0,18446744073709551615
36,1666,budget_random_2,6938,6938,85276,163,29970,0,0,0,6937,1943,0,4995,0,0,0,0,0,0
36,1666,random_3,6938,6938,85276,163,29970,0,0,0,6937,1943,0,4995,0,0,0,0,0,18446744073709551615
36,1666,budget_random_3,6938,6938,85276,163,29970,0,0,0,6937,1943,0,4995,0,0,0,0,0,0
36,1666,random_4,6938,6938,85276,163,29970,0,0,0,6937,1943,0,4995,0,0,0,0,0,18446744073709551615
36,1666,budget_random_4,6938,6938,85276,163,29970,0,0,0,6937,1943,0,4995,0,0,0,0,0,0
36,3333,std_binary,0,0,0,0,0,0,0,0,0,0,0,0,0,0,0,0,0,0
36,3333,binary,6920,6920,90225,185,29970,0,0,0,6919,1925,0,4995,0,0,0,0,0,0
36,3333,fourary,6920,6920,100219,185,29970,0,0,0,6919,1925,0,4995,0,0,0,0,0,0
36,3333,mean_map,6627,6627,0,0,60000,0,0,0,6626,332,73,5005,1290,14688,137,0,0,0
36,3333,mean_ring,6627,6627,0,0,60000,0,0,0,6626,332,73,5005,1290,14688,137,0,0,0
36,3333,mean_degree,6930,6930,0,0,59940,0,0,0,6929,1430,424,4995,505,29556,38,0,0,0
36,3333,max_maxdegree,6851,6851,0,0,59958,0,0,0,6850,770,146,4998,1083,26057,75,0,0,0
36,3333,original_mean,0,0,0,0,0,0,0,0,0,0,0,0,0,0,0,0,0,0
36,3333,list_both,6627,6627,0,0,37770,0,0,0,6626,332,73,6295,1290,18076,166,0,0,0
36,3333,skip_only,6627,6627,0,0,30030,0,0,0,6626,332,73,5005,1290,14712,137,0,0,0
36,3333,heavy_only,6627,6627,0,0,67740,0,0,0,6626,332,73,6295,1290,14688,166,0,0,0
36,3333,mean_sqrtdegree,6918,6918,0,0,59946,0,0,0,6917,934,177,4996,988,27344,67,0,0,0
36,3333,median,6626,6626,0,0,60000,0,0,0,6625,301,74,5005,1320,14977,131,0,0,0
36,3333,sd,6915,6915,0,0,59946,0,0,0,6914,889,168,4996,1030,27053,60,0,0,0
36,3333,caliber,6016,6016,79023,201,29970,0,0,0,7082,2088,0,4995,0,0,0,0,0,0
36,3333,degree4,6920,6920,90225,185,29970,0,0,0,6919,1925,0,4995,0,0,0,0,0,18446744073709551615
36,3333,always,8864,8864,134238,410,29970,2911,17466,5952,8863,3869,0,4995,0,0,0,30000,180000,18446744073709551615
36,3333,high_high,8864,8864,134238,410,29970,2911,17466,5952,8863,3869,0,4995,0,0,0,30000,180000,18446744073709551615
36,3333,complement,8864,8864,134238,410,29970,2911,17466,5952,8863,3869,0,4995,0,0,0,30000,180000,18446744073709551615
36,3333,tail_only,6920,6920,90225,185,29970,0,0,0,6919,1925,0,4995,0,0,0,0,0,18446744073709551615
36,3333,head_only,6920,6920,90225,185,29970,0,0,0,6919,1925,0,4995,0,0,0,0,0,18446744073709551615
36,3333,adaptive,6920,6920,90225,185,29970,0,0,0,6919,1925,0,4995,0,0,0,0,0,18446744073709551615
36,3333,random_0,6920,6920,90225,185,29970,0,0,0,6919,1925,0,4995,0,0,0,0,0,18446744073709551615
36,3333,budget_random_0,6920,6920,90225,185,29970,0,0,0,6919,1925,0,4995,0,0,0,0,0,0
36,3333,random_1,6920,6920,90225,185,29970,0,0,0,6919,1925,0,4995,0,0,0,0,0,18446744073709551615
36,3333,budget_random_1,6920,6920,90225,185,29970,0,0,0,6919,1925,0,4995,0,0,0,0,0,0
36,3333,random_2,6920,6920,90225,185,29970,0,0,0,6919,1925,0,4995,0,0,0,0,0,18446744073709551615
36,3333,budget_random_2,6920,6920,90225,185,29970,0,0,0,6919,1925,0,4995,0,0,0,0,0,0
36,3333,random_3,6920,6920,90225,185,29970,0,0,0,6919,1925,0,4995,0,0,0,0,0,18446744073709551615
36,3333,budget_random_3,6920,6920,90225,185,29970,0,0,0,6919,1925,0,4995,0,0,0,0,0,0
36,3333,random_4,6920,6920,90225,185,29970,0,0,0,6919,1925,0,4995,0,0,0,0,0,18446744073709551615
36,3333,budget_random_4,6920,6920,90225,185,29970,0,0,0,6919,1925,0,4995,0,0,0,0,0,0
37,333,std_binary,0,0,0,0,0,0,0,0,0,0,0,0,0,0,0,0,0,0
37,333,binary,1361,1361,22237,620,4525,0,0,0,1360,370,0,991,0,0,0,0,0,0
37,333,fourary,1361,1361,23689,620,4525,0,0,0,1360,370,0,991,0,0,0,0,0,0
37,333,mean_map,1280,1280,0,0,9216,0,0,0,1279,106,8,1024,150,2266,445,0,0,0
37,333,mean_ring,1280,1280,0,0,9216,0,0,0,1279,106,8,1024,150,2266,445,0,0,0
37,333,mean_degree,1359,1359,0,0,9060,0,0,0,1358,314,25,993,52,4045,123,0,0,0
37,333,max_maxdegree,1347,1347,0,0,9062,0,0,0,1346,292,23,993,62,3975,139,0,0,0
37,333,original_mean,0,0,0,0,0,0,0,0,0,0,0,0,0,0,0,0,0,0
37,333,list_both,1280,1280,0,0,5352,0,0,0,1279,106,8,1174,150,2688,485,0,0,0
37,333,skip_only,1280,1280,0,0,4691,0,0,0,1279,106,8,1024,150,2351,445,0,0,0
37,333,heavy_only,1280,1280,0,0,9877,0,0,0,1279,106,8,1174,150,2266,485,0,0,0
37,333,mean_sqrtdegree,1306,1306,0,0,9080,0,0,0,1305,208,14,998,100,3494,253,0,0,0
37,333,median,1280,1280,0,0,9200,0,0,0,1279,106,8,1021,153,2259,451,0,0,0
37,333,sd,1322,1322,0,0,9116,0,0,0,1321,204,13,1006,112,3257,288,0,0,0
37,333,caliber,1076,1076,17413,663,4525,0,0,0,1419,429,0,991,0,0,0,0,0,0
37,333,degree4,1432,1432,23960,696,4525,145,382,196,1431,441,0,991,0,0,0,629,1561,18446744073709551615
37,333,selected_grid,2710,2710,0,0,13933,0,0,0,2709,0,1,2038,672,0,2038,0,0,0
37,333,always,1609,1609,28136,997,4525,596,2748,1012,1608,618,0,991,0,0,0,4561,20535,18446744073709551615
37,333,high_high,1537,1537,26365,872,4525,272,1777,669,1536,546,0,991,0,0,0,1702,11120,18446744073709551615
37,333,complement,1633,1633,28627,997,4525,537,2668,972,1632,642,0,991,0,0,0,3932,18974,18446744073709551615
37,333,tail_only,1555,1555,26732,851,4525,274,1239,522,1554,564,0,991,0,0,0,1202,5323,18446744073709551615
37,333,head_only,1526,1526,26211,835,4525,472,1139,503,1525,535,0,991,0,0,0,2286,5653,18446744073709551615
37,333,adaptive,1396,1396,23141,660,4525,68,141,79,1395,405,0,991,0,0,0,274,552,18446744073709551615
37,333,random_0,1492,1492,25320,790,4525,163,713,302,1491,501,0,991,0,0,0,629,2818,18446744073709551615
37,333,budget_random_0,1477,1477,24908,760,4525,89,382,251,1476,486,0,991,0,0,0,629,2818,382
37,333,random_1,1464,1464,24837,753,4525,158,746,334,1463,473,0,991,0,0,0,629,2817,18446744073709551615
37,333,budget_random_1,1437,1437,24126,710,4525,79,382,256,1436,446,0,991,0,0,0,629,2817,382
37,333,random_2,1442,1442,24201,730,4525,165,706,282,1441,451,0,991,0,0,0,629,2805,18446744073709551615
37,333,budget_random_2,1422,1422,23789,709,4525,93,382,238,1421,431,0,991,0,0,0,629,2805,382
37,333,random_3,1475,1475,24957,773,4525,158,705,315,1474,484,0,991,0,0,0,629,2830,18446744073709551615
37,333,budget_random_3,1459,1459,24544,741,4525,84,382,252,1458,468,0,991,0,0,0,629,2830,382
37,333,random_4,1465,1465,24818,747,4525,154,668,310,1464,474,0,991,0,0,0,629,2834,18446744073709551615
37,333,budget_random_4,1455,1455,24469,724,4525,93,382,254,1454,464,0,991,0,0,0,629,2834,382
37,666,std_binary,0,0,0,0,0,0,0,0,0,0,0,0,0,0,0,0,0,0
37,666,binary,1379,1379,22646,621,4525,0,0,0,1378,388,0,991,0,0,0,0,0,0
37,666,fourary,1379,1379,24060,621,4525,0,0,0,1378,388,0,991,0,0,0,0,0,0
37,666,mean_map,1317,1317,0,0,9215,0,0,0,1316,135,7,1026,156,2266,472,0,0,0
37,666,mean_ring,1317,1317,0,0,9215,0,0,0,1316,135,7,1026,156,2266,472,0,0,0
37,666,mean_degree,1352,1352,0,0,9066,0,0,0,1351,317,27,994,41,4045,119,0,0,0
37,666,max_maxdegree,1362,1362,0,0,9060,0,0,0,1361,311,23,993,58,3975,132,0,0,0
37,666,original_mean,0,0,0,0,0,0,0,0,0,0,0,0,0,0,0,0,0,0
37,666,list_both,1317,1317,0,0,5421,0,0,0,1316,135,7,1182,156,2712,521,0,0,0
37,666,skip_only,1317,1317,0,0,4690,0,0,0,1316,135,7,1026,156,2343,472,0,0,0
37,666,heavy_only,1317,1317,0,0,9946,0,0,0,1316,135,7,1182,156,2266,521,0,0,0
37,666,mean_sqrtdegree,1314,1314,0,0,9101,0,0,0,1313,223,14,1002,89,3494,235,0,0,0
37,666,median,1322,1322,0,0,9215,0,0,0,1321,137,7,1026,159,2259,476,0,0,0
37,666,sd,1289,1289,0,0,9092,0,0,0,1288,184,11,1002,103,3257,279,0,0,0
37,666,caliber,1128,1128,18440,681,4525,0,0,0,1472,482,0,991,0,0,0,0,0,0
37,666,degree4,1436,1436,23963,684,4525,161,392,176,1435,445,0,991,0,0,0,629,1561,18446744073709551615
37,666,selected_grid,2212,2212,0,0,12116,0,0,0,2211,0,1,1655,557,0,1655,0,0,0
37,666,always,1657,1657,29180,1035,4525,612,2795,1044,1656,666,0,991,0,0,0,4561,20535,18446744073709551615
37,666,high_high,1615,1615,28137,938,4525,285,1863,733,1614,624,0,991,0,0,0,1702,11120,18446744073709551615
37,666,complement,1653,1653,29015,1001,4525,520,2658,993,1652,662,0,991,0,0,0,3932,18974,18446744073709551615
37,666,tail_only,1536,1536,26419,835,4525,278,1212,502,1535,545,0,991,0,0,0,1202,5323,18446744073709551615
37,666,head_only,1557,1557,26857,832,4525,491,1231,524,1556,566,0,991,0,0,0,2286,5653,18446744073709551615
37,666,adaptive,1401,1401,23190,646,4525,82,173,74,1400,410,0,991,0,0,0,274,552,18446744073709551615
37,666,random_0,1493,1493,25333,764,4525,154,738,314,1492,502,0,991,0,0,0,629,2818,18446744073709551615
37,666,budget_random_0,1472,1472,24839,726,4525,80,392,240,1471,481,0,991,0,0,0,629,2818,392
37,666,random_1,1502,1502,25548,768,4525,161,770,348,1501,511,0,991,0,0,0,629,2817,18446744073709551615
37,666,budget_random_1,1478,1478,25033,736,4525,86,392,261,1477,487,0,991,0,0,0,629,2817,392
37,666,random_2,1505,1505,25719,786,4525,167,740,331,1504,514,0,991,0,0,0,629,2805,18446744073709551615
37,666,budget_random_2,1487,1487,25265,752,4525,88,392,270,1486,496,0,991,0,0,0,629,2805,392
37,666,random_3,1515,1515,25886,767,4525,170,750,355,1514,524,0,991,0,0,0,629,2830,18446744073709551615
37,666,budget_random_3,1478,1478,25074,722,4525,90,392,265,1477,487,0,991,0,0,0,629,2830,392
37,666,random_4,1481,1481,25009,744,4525,156,704,335,1480,490,0,991,0,0,0,629,2834,18446744073709551615
37,666,budget_random_4,1456,1456,24517,709,4525,84,392,265,1455,465,0,991,0,0,0,629,2834,392
38,666,std_binary,0,0,0,0,0,0,0,0,0,0,0,0,0,0,0,0,0,0
38,666,binary,2763,2763,50812,1259,8893,0,0,0,2762,775,0,1988,0,0,0,0,0,0
38,666,fourary,2763,2763,53109,1259,8893,0,0,0,2762,775,0,1988,0,0,0,0,0,0
38,666,mean_map,2599,2599,0,0,18078,0,0,0,2598,264,8,2051,284,4461,1043,0,0,0
38,666,mean_ring,2599,2599,0,0,18078,0,0,0,2598,264,8,2051,284,4461,1043,0,0,0
38,666,mean_degree,2711,2711,0,0,17793,0,0,0,2710,641,29,1990,80,7941,249,0,0,0
38,666,max_maxdegree,2711,2711,0,0,17816,0,0,0,2710,618,27,1993,100,7835,280,0,0,0
38,666,original_mean,0,0,0,0,0,0,0,0,0,0,0,0,0,0,0,0,0,0
38,666,list_both,2599,2599,0,0,10459,0,0,0,2598,264,8,2335,284,5228,1179,0,0,0
38,666,skip_only,2599,2599,0,0,9185,0,0,0,2598,264,8,2051,284,4603,1043,0,0,0
38,666,heavy_only,2599,2599,0,0,19352,0,0,0,2598,264,8,2335,284,4461,1179,0,0,0
38,666,mean_sqrtdegree,2660,2660,0,0,17831,0,0,0,2659,485,16,1999,176,6862,485,0,0,0
38,666,median,2599,2599,0,0,18085,0,0,0,2598,265,8,2051,283,4450,1052,0,0,0
38,666,sd,2621,2621,0,0,17853,0,0,0,2620,423,13,2005,193,6421,601,0,0,0
38,666,caliber,2176,2176,39582,1323,8893,0,0,0,2865,878,0,1988,0,0,0,0,0,0
38,666,degree4,2863,2863,53630,1410,8893,298,753,355,2862,875,0,1988,0,0,0,1348,3434,18446744073709551615
38,666,selected_grid,3258,3258,0,0,18717,0,0,0,3257,538,4,2191,529,0,1550,0,0,0
38,666,always,3243,3243,63366,2045,8893,1196,5428,2046,3242,1255,0,1988,0,0,0,8953,39992,18446744073709551615
38,666,high_high,3197,3197,61893,1879,8893,538,3445,1409,3196,1209,0,1988,0,0,0,3212,20774,18446744073709551615
38,666,complement,3304,3304,64654,2049,8893,1060,5141,1983,3303,1316,0,1988,0,0,0,7605,36558,18446744073709551615
38,666,tail_only,3053,3053,58578,1675,8893,546,2390,1026,3052,1065,0,1988,0,0,0,2539,11134,18446744073709551615
38,666,head_only,3129,3129,60194,1726,8893,1041,2617,1063,3128,1141,0,1988,0,0,0,4550,11518,18446744073709551615
38,666,adaptive,2803,2803,51910,1315,8893,149,303,139,2802,815,0,1988,0,0,0,594,1184,18446744073709551615
38,666,random_0,2993,2993,56993,1552,8893,327,1467,663,2992,1005,0,1988,0,0,0,1348,5861,18446744073709551615
38,666,budget_random_0,2943,2943,55617,1468,8893,166,753,510,2942,955,0,1988,0,0,0,1348,5861,753
38,666,random_1,2998,2998,57091,1550,8893,347,1563,685,2997,1010,0,1988,0,0,0,1348,5975,18446744073709551615
38,666,budget_random_1,2928,2928,55360,1455,8893,158,753,523,2927,940,0,1988,0,0,0,1348,5975,753
38,666,random_2,2998,2998,56929,1566,8893,341,1502,650,2997,1010,0,1988,0,0,0,1348,5974,18446744073709551615
38,666,budget_random_2,2968,2968,56081,1500,8893,171,753,521,2967,980,0,1988,0,0,0,1348,5974,753
38,666,random_3,2955,2955,56027,1501,8893,344,1454,618,2954,967,0,1988,0,0,0,1348,5946,18446744073709551615
38,666,budget_random_3,2924,2924,55256,1447,8893,184,753,497,2923,936,0,1988,0,0,0,1348,5946,753
38,666,random_4,3027,3027,57595,1599,8893,376,1704,732,3026,1039,0,1988,0,0,0,1348,6142,18446744073709551615
38,666,budget_random_4,2956,2956,55845,1479,8893,172,753,519,2955,968,0,1988,0,0,0,1348,6142,753
38,1333,std_binary,0,0,0,0,0,0,0,0,0,0,0,0,0,0,0,0,0,0
38,1333,binary,2758,2758,50632,1242,8893,0,0,0,2757,770,0,1988,0,0,0,0,0,0
38,1333,fourary,2758,2758,52767,1242,8893,0,0,0,2757,770,0,1988,0,0,0,0,0,0
38,1333,mean_map,2592,2592,0,0,18138,0,0,0,2591,237,7,2068,287,4461,961,0,0,0
38,1333,mean_ring,2592,2592,0,0,18138,0,0,0,2591,237,7,2068,287,4461,961,0,0,0
38,1333,mean_degree,2743,2743,0,0,17808,0,0,0,2742,636,30,1993,114,7941,251,0,0,0
38,1333,max_maxdegree,2744,2744,0,0,17794,0,0,0,2743,630,28,1991,123,7835,280,0,0,0
38,1333,original_mean,0,0,0,0,0,0,0,0,0,0,0,0,0,0,0,0,0,0
38,1333,list_both,2592,2592,0,0,10542,0,0,0,2591,237,7,2355,287,5302,1049,0,0,0
38,1333,skip_only,2592,2592,0,0,9245,0,0,0,2591,237,7,2068,287,4640,961,0,0,0
38,1333,heavy_only,2592,2592,0,0,19435,0,0,0,2591,237,7,2355,287,4461,1049,0,0,0
38,1333,mean_sqrtdegree,2685,2685,0,0,17874,0,0,0,2684,468,15,2010,207,6862,517,0,0,0
38,1333,median,2601,2601,0,0,18138,0,0,0,2600,243,7,2068,290,4450,961,0,0,0
38,1333,sd,2615,2615,0,0,17913,0,0,0,2614,366,13,2018,231,6421,598,0,0,0
38,1333,caliber,2175,2175,39566,1313,8893,0,0,0,2851,864,0,1988,0,0,0,0,0,0
38,1333,degree4,2937,2937,55200,1430,8893,343,847,369,2936,949,0,1988,0,0,0,1348,3434,18446744073709551615
38,1333,selected_grid,3296,3296,0,0,18833,0,0,0,3295,492,4,2217,587,0,1385,0,0,0
38,1333,always,3337,3337,65399,2066,8893,1229,5531,2107,3336,1349,0,1988,0,0,0,8953,39992,18446744073709551615
38,1333,high_high,3168,3168,61129,1804,8893,520,3378,1377,3167,1180,0,1988,0,0,0,3212,20774,18446744073709551615
38,1333,complement,3269,3269,63722,1986,8893,1061,5186,1963,3268,1281,0,1988,0,0,0,7605,36558,18446744073709551615
38,1333,tail_only,3135,3135,60216,1717,8893,607,2585,1090,3134,1147,0,1988,0,0,0,2539,11134,18446744073709551615
38,1333,head_only,3101,3101,59609,1703,8893,1004,2560,1112,3100,1113,0,1988,0,0,0,4550,11518,18446744073709551615
38,1333,adaptive,2827,2827,52505,1326,8893,169,336,162,2826,839,0,1988,0,0,0,594,1184,18446744073709551615
38,1333,random_0,2967,2967,56125,1515,8893,346,1479,659,2966,979,0,1988,0,0,0,1348,5861,18446744073709551615
38,1333,budget_random_0,2932,2932,55259,1456,8893,198,847,536,2931,944,0,1988,0,0,0,1348,5861,847
38,1333,random_1,2981,2981,56644,1528,8893,354,1528,663,2980,993,0,1988,0,0,0,1348,5975,18446744073709551615
38,1333,budget_random_1,2952,2952,55823,1461,8893,195,847,544,2951,964,0,1988,0,0,0,1348,5975,847
38,1333,random_2,3026,3026,57479,1561,8893,350,1572,679,3025,1038,0,1988,0,0,0,1348,5974,18446744073709551615
38,1333,budget_random_2,2979,2979,56297,1501,8893,191,847,544,2978,991,0,1988,0,0,0,1348,5974,847
38,1333,random_3,3013,3013,57209,1545,8893,342,1477,670,3012,1025,0,1988,0,0,0,1348,5946,18446744073709551615
38,1333,budget_random_3,2967,2967,56086,1481,8893,197,847,542,2966,979,0,1988,0,0,0,1348,5946,847
38,1333,random_4,2943,2943,55720,1514,8893,337,1547,686,2942,955,0,1988,0,0,0,1348,6142,18446744073709551615
38,1333,budget_random_4,2914,2914,54887,1448,8893,184,847,560,2913,926,0,1988,0,0,0,1348,6142,847
39,1666,std_binary,0,0,0,0,0,0,0,0,0,0,0,0,0,0,0,0,0,0
39,1666,binary,6803,6803,142182,3082,22050,0,0,0,6802,1863,0,4940,0,0,0,0,0,0
39,1666,fourary,6803,6803,149673,3082,22050,0,0,0,6802,1863,0,4940,0,0,0,0,0,0
39,1666,mean_map,6454,6454,0,0,44780,0,0,0,6453,611,10,5088,755,11063,2200,0,0,0
39,1666,mean_ring,6454,6454,0,0,44780,0,0,0,6453,611,10,5088,755,11063,2200,0,0,0
39,1666,mean_degree,6737,6737,0,0,44138,0,0,0,6736,1515,37,4951,271,19824,613,0,0,0
39,1666,max_maxdegree,6719,6719,0,0,44168,0,0,0,6718,1502,34,4958,259,19584,652,0,0,0
39,1666,original_mean,0,0,0,0,0,0,0,0,0,0,0,0,0,0,0,0,0,0
39,1666,list_both,6454,6454,0,0,26178,0,0,0,6453,611,10,5843,755,13168,2384,0,0,0
39,1666,skip_only,6454,6454,0,0,22730,0,0,0,6453,611,10,5088,755,11416,2200,0,0,0
39,1666,heavy_only,6454,6454,0,0,48228,0,0,0,6453,611,10,5843,755,11063,2384,0,0,0
39,1666,mean_sqrtdegree,6568,6568,0,0,44250,0,0,0,6567,1138,19,4976,454,17002,1239,0,0,0
39,1666,median,6452,6452,0,0,44775,0,0,0,6451,628,9,5088,736,11014,2260,0,0,0
39,1666,sd,6524,6524,0,0,44370,0,0,0,6523,1010,17,5000,514,15983,1435,0,0,0
39,1666,caliber,5371,5371,111220,3219,22050,0,0,0,7048,2109,0,4940,0,0,0,0,0,0
39,1666,degree4,7137,7137,151833,3474,22050,783,1918,880,7136,2197,0,4940,0,0,0,3252,8074,18446744073709551615
39,1666,selected_grid,8055,8055,0,0,48732,0,0,0,8054,114,3,5971,1970,0,5258,0,0,0
39,1666,always,8125,8125,180018,4965,22050,3006,13609,5118,8124,3185,0,4940,0,0,0,22339,99531,18446744073709551615
39,1666,high_high,7890,7890,172562,4477,22050,1303,8490,3396,7889,2950,0,4940,0,0,0,7959,51746,18446744073709551615
39,1666,complement,8120,8120,180163,4988,22050,2612,12793,4857,8119,3180,0,4940,0,0,0,19087,91457,18446744073709551615
39,1666,tail_only,7678,7678,166597,4176,22050,1450,6432,2747,7677,2738,0,4940,0,0,0,6257,27645,18446744073709551615
39,1666,head_only,7649,7649,166029,4157,22050,2492,6243,2676,7648,2709,0,4940,0,0,0,11375,28214,18446744073709551615
39,1666,adaptive,6935,6935,146117,3232,22050,374,730,354,6934,1995,0,4940,0,0,0,1461,2911,18446744073709551615
39,1666,random_0,7335,7335,157199,3737,22050,819,3714,1615,7334,2395,0,4940,0,0,0,3252,14619,18446744073709551615
39,1666,budget_random_0,7201,7201,153745,3538,22050,428,1918,1265,7200,2261,0,4940,0,0,0,3252,14619,1918
39,1666,random_1,7446,7446,160119,3874,22050,849,3851,1656,7445,2506,0,4940,0,0,0,3252,14567,18446744073709551615
39,1666,budget_random_1,7321,7321,156791,3670,22050,430,1918,1293,7320,2381,0,4940,0,0,0,3252,14567,1918
39,1666,random_2,7375,7375,158410,3801,22050,846,3813,1601,7374,2435,0,4940,0,0,0,3252,14581,18446744073709551615
39,1666,budget_random_2,7244,7244,154853,3609,22050,424,1918,1266,7243,2304,0,4940,0,0,0,3252,14581,1918
39,1666,random_3,7360,7360,158107,3802,22050,849,3856,1625,7359,2420,0,4940,0,0,0,3252,14535,18446744073709551615
39,1666,budget_random_3,7244,7244,154781,3591,22050,430,1918,1263,7243,2304,0,4940,0,0,0,3252,14535,1918
39,1666,random_4,7369,7369,158100,3788,22050,818,3706,1609,7368,2429,0,4940,0,0,0,3252,14585,18446744073709551615
39,1666,budget_random_4,7276,7276,155525,3613,22050,419,1918,1261,7275,2336,0,4940,0,0,0,3252,14585,1918
39,3333,std_binary,0,0,0,0,0,0,0,0,0,0,0,0,0,0,0,0,0,0
39,3333,binary,6789,6789,142318,3072,22050,0,0,0,6788,1849,0,4940,0,0,0,0,0,0
39,3333,fourary,6789,6789,149627,3072,22050,0,0,0,6788,1849,0,4940,0,0,0,0,0,0
39,3333,mean_map,6422,6422,0,0,44767,0,0,0,6421,623,8,5085,714,11063,2569,0,0,0
39,3333,mean_ring,6422,6422,0,0,44767,0,0,0,6421,623,8,5085,714,11063,2569,0,0,0
39,3333,mean_degree,6671,6671,0,0,44118,0,0,0,6670,1457,33,4945,269,19824,643,0,0,0
39,3333,max_maxdegree,6688,6688,0,0,44130,0,0,0,6687,1463,31,4947,278,19584,675,0,0,0
39,3333,original_mean,0,0,0,0,0,0,0,0,0,0,0,0,0,0,0,0,0,0
39,3333,list_both,6422,6422,0,0,25932,0,0,0,6421,623,8,5799,714,13083,2853,0,0,0
39,3333,skip_only,6422,6422,0,0,22717,0,0,0,6421,623,8,5085,714,11392,2569,0,0,0
39,3333,heavy_only,6422,6422,0,0,47982,0,0,0,6421,623,8,5799,714,11063,2853,0,0,0
39,3333,mean_sqrtdegree,6524,6524,0,0,44235,0,0,0,6523,1076,16,4970,478,17002,1285,0,0,0
39,3333,median,6424,6424,0,0,44758,0,0,0,6423,609,8,5079,736,11014,2571,0,0,0
39,3333,sd,6533,6533,0,0,44391,0,0,0,6532,977,14,5003,553,15983,1523,0,0,0
39,3333,caliber,5387,5387,111801,3239,22050,0,0,0,7059,2120,0,4940,0,0,0,0,0,0
39,3333,degree4,7148,7148,152473,3483,22050,755,1882,878,7147,2208,0,4940,0,0,0,3252,8074,18446744073709551615
39,3333,selected_grid,8826,8826,0,0,47548,0,0,0,8825,1648,2,5729,1449,0,4090,0,0,0
39,3333,always,8100,8100,179775,5035,22050,3018,13377,5081,8099,3160,0,4940,0,0,0,22339,99531,18446744073709551615
39,3333,high_high,7782,7782,169885,4443,22050,1278,8333,3396,7781,2842,0,4940,0,0,0,7959,51746,18446744073709551615
39,3333,complement,8038,8038,178226,4935,22050,2605,12608,4825,8037,3098,0,4940,0,0,0,19087,91457,18446744073709551615
39,3333,tail_only,7674,7674,166819,4197,22050,1407,6247,2619,7673,2734,0,4940,0,0,0,6257,27645,18446744073709551615
39,3333,head_only,7671,7671,166811,4164,22050,2522,6258,2687,7670,2731,0,4940,0,0,0,11375,28214,18446744073709551615
39,3333,adaptive,6918,6918,146077,3224,22050,355,702,357,6917,1978,0,4940,0,0,0,1461,2911,18446744073709551615
39,3333,random_0,7341,7341,157776,3766,22050,809,3582,1603,7340,2401,0,4940,0,0,0,3252,14619,18446744073709551615
39,3333,budget_random_0,7209,7209,154191,3557,22050,421,1882,1257,7208,2269,0,4940,0,0,0,3252,14619,1882
39,3333,random_1,7388,7388,159299,3819,22050,836,3754,1600,7387,2448,0,4940,0,0,0,3252,14567,18446744073709551615
39,3333,budget_random_1,7235,7235,154912,3583,22050,423,1882,1219,7234,2295,0,4940,0,0,0,3252,14567,1882
39,3333,random_2,7432,7432,160149,3843,22050,858,3791,1672,7431,2492,0,4940,0,0,0,3252,14581,18446744073709551615
39,3333,budget_random_2,7290,7290,156260,3618,22050,423,1882,1278,7289,2350,0,4940,0,0,0,3252,14581,1882
39,3333,random_3,7306,7306,156915,3727,22050,816,3652,1623,7305,2366,0,4940,0,0,0,3252,14535,18446744073709551615
39,3333,budget_random_3,7179,7179,153305,3509,22050,424,1882,1244,7178,2239,0,4940,0,0,0,3252,14535,1882
39,3333,random_4,7362,7362,158197,3761,22050,818,3672,1576,7361,2422,0,4940,0,0,0,3252,14585,18446744073709551615
39,3333,budget_random_4,7234,7234,154684,3568,22050,428,1882,1223,7233,2294,0,4940,0,0,0,3252,14585,1882
40,3333,std_binary,0,0,0,0,0,0,0,0,0,0,0,0,0,0,0,0,0,0
40,3333,binary,13667,13667,314050,6227,44254,0,0,0,13666,3803,0,9864,0,0,0,0,0,0
40,3333,fourary,13667,13667,325713,6227,44254,0,0,0,13666,3803,0,9864,0,0,0,0,0,0
40,3333,mean_map,12989,12989,0,0,89940,0,0,0,12988,1296,9,10172,1521,22156,5139,0,0,0
40,3333,mean_ring,12989,12989,0,0,89940,0,0,0,12988,1296,9,10172,1521,22156,5139,0,0,0
40,3333,mean_degree,13526,13526,0,0,88611,0,0,0,13525,3163,37,9888,475,39637,1223,0,0,0
40,3333,max_maxdegree,13520,13520,0,0,88629,0,0,0,13519,3123,34,9889,508,39083,1345,0,0,0
40,3333,original_mean,0,0,0,0,0,0,0,0,0,0,0,0,0,0,0,0,0,0
40,3333,list_both,12989,12989,0,0,52496,0,0,0,12988,1296,9,11693,1521,26313,5916,0,0,0
40,3333,skip_only,12989,12989,0,0,45686,0,0,0,12988,1296,9,10172,1521,22891,5139,0,0,0
40,3333,heavy_only,12989,12989,0,0,96750,0,0,0,12988,1296,9,11693,1521,22156,5916,0,0,0
40,3333,mean_sqrtdegree,13211,13211,0,0,88902,0,0,0,13210,2329,19,9949,933,33970,2527,0,0,0
40,3333,median,12993,12993,0,0,89959,0,0,0,12992,1289,9,10177,1527,22138,5143,0,0,0
40,3333,sd,13097,13097,0,0,89116,0,0,0,13096,2014,16,9995,1088,31825,2918,0,0,0
40,3333,caliber,10741,10741,244421,6494,44254,0,0,0,14119,4256,0,9864,0,0,0,0,0,0
40,3333,degree4,14250,14250,332205,6938,44254,1489,3670,1668,14249,4386,0,9864,0,0,0,6270,15448,18446744073709551615
40,3333,selected_grid,15609,15609,0,0,94153,0,0,0,15608,1382,5,11105,3122,0,8082,0,0,0
40,3333,always,16445,16445,399116,10182,44254,6080,27285,10364,16444,6581,0,9864,0,0,0,44873,201117,18446744073709551615
40,3333,high_high,15900,15900,380670,9061,44254,2667,17396,6977,15899,6036,0,9864,0,0,0,16185,105390,18446744073709551615
40,3333,complement,16373,16373,396635,10037,44254,5292,25891,9932,16372,6509,0,9864,0,0,0,38603,185669,18446744073709551615
40,3333,tail_only,15343,15343,364286,8368,44254,2832,12558,5176,15342,5479,0,9864,0,0,0,12419,55469,18446744073709551615
40,3333,head_only,15451,15451,367841,8524,44254,5038,12513,5361,15450,5587,0,9864,0,0,0,22539,55706,18446744073709551615
40,3333,adaptive,13889,13889,321384,6507,44254,757,1494,675,13888,4025,0,9864,0,0,0,2830,5508,18446744073709551615
40,3333,random_0,14809,14809,348206,7662,44254,1641,7407,3178,14808,4945,0,9864,0,0,0,6270,27905,18446744073709551615
40,3333,budget_random_0,14534,14534,340207,7266,44254,835,3670,2449,14533,4670,0,9864,0,0,0,6270,27905,3670
40,3333,random_1,14797,14797,347968,7595,44254,1634,7155,3180,14796,4933,0,9864,0,0,0,6270,27800,18446744073709551615
40,3333,budget_random_1,14538,14538,340583,7220,44254,833,3670,2487,14537,4674,0,9864,0,0,0,6270,27800,3670
40,3333,random_2,14802,14802,348156,7628,44254,1637,7284,3183,14801,4938,0,9864,0,0,0,6270,28126,18446744073709551615
40,3333,budget_random_2,14571,14571,341212,7218,44254,843,3670,2451,14570,4707,0,9864,0,0,0,6270,28126,3670
40,3333,random_3,14750,14750,346662,7632,44254,1633,7384,3153,14749,4886,0,9864,0,0,0,6270,27914,18446744073709551615
40,3333,budget_random_3,14512,14512,339564,7232,44254,844,3670,2406,14511,4648,0,9864,0,0,0,6270,27914,3670
40,3333,random_4,14708,14708,345602,7528,44254,1583,7219,3087,14707,4844,0,9864,0,0,0,6270,28168,18446744073709551615
40,3333,budget_random_4,14475,14475,338741,7173,44254,822,3670,2450,14474,4611,0,9864,0,0,0,6270,28168,3670
40,6666,std_binary,0,0,0,0,0,0,0,0,0,0,0,0,0,0,0,0,0,0
40,6666,binary,13716,13716,315776,6220,44254,0,0,0,13715,3852,0,9864,0,0,0,0,0,0
40,6666,fourary,13716,13716,327663,6220,44254,0,0,0,13715,3852,0,9864,0,0,0,0,0,0
40,6666,mean_map,12905,12905,0,0,89723,0,0,0,12904,1208,10,10146,1551,22156,5125,0,0,0
40,6666,mean_ring,12905,12905,0,0,89723,0,0,0,12904,1208,10,10146,1551,22156,5125,0,0,0
40,6666,mean_degree,13586,13586,0,0,88579,0,0,0,13585,3174,36,9881,531,39637,1223,0,0,0
40,6666,max_maxdegree,13572,13572,0,0,88588,0,0,0,13571,3104,32,9885,583,39083,1324,0,0,0
40,6666,original_mean,0,0,0,0,0,0,0,0,0,0,0,0,0,0,0,0,0,0
40,6666,list_both,12905,12905,0,0,52269,0,0,0,12904,1208,10,11697,1551,26157,5853,0,0,0
40,6666,skip_only,12905,12905,0,0,45469,0,0,0,12904,1208,10,10146,1551,22772,5125,0,0,0
40,6666,heavy_only,12905,12905,0,0,96523,0,0,0,12904,1208,10,11697,1551,22156,5853,0,0,0
40,6666,mean_sqrtdegree,13221,13221,0,0,88949,0,0,0,13220,2301,17,9964,956,33970,2431,0,0,0
40,6666,median,12920,12920,0,0,89740,0,0,0,12919,1211,10,10151,1558,22138,5147,0,0,0
40,6666,sd,13064,13064,0,0,88983,0,0,0,13063,1959,15,9986,1119,31825,2903,0,0,0
40,6666,caliber,10843,10843,247172,6556,44254,0,0,0,14268,4405,0,9864,0,0,0,0,0,0
40,6666,degree4,14339,14339,334329,6946,44254,1456,3642,1656,14338,4475,0,9864,0,0,0,6270,15448,18446744073709551615
40,6666,selected_grid,16710,16710,0,0,94350,0,0,0,16709,2863,5,11163,2684,0,7961,0,0,0
40,6666,always,16237,16237,393572,9951,44254,6000,26966,10236,16236,6373,0,9864,0,0,0,44873,201117,18446744073709551615
40,6666,high_high,15711,15711,375754,8973,44254,2616,17027,6936,15710,5847,0,9864,0,0,0,16185,105390,18446744073709551615
40,6666,complement,16224,16224,392564,9827,44254,5223,25704,9827,16223,6360,0,9864,0,0,0,38603,185669,18446744073709551615
40,6666,tail_only,15440,15440,366797,8381,44254,2783,12525,5205,15439,5576,0,9864,0,0,0,12419,55469,18446744073709551615
40,6666,head_only,15555,15555,370468,8503,44254,5145,12738,5362,15554,5691,0,9864,0,0,0,22539,55706,18446744073709551615
40,6666,adaptive,13958,13958,322946,6502,44254,704,1384,670,13957,4094,0,9864,0,0,0,2830,5508,18446744073709551615
40,6666,random_0,14847,14847,349574,7625,44254,1618,7374,3290,14846,4983,0,9864,0,0,0,6270,27905,18446744073709551615
40,6666,budget_random_0,14546,14546,340624,7186,44254,796,3642,2489,14545,4682,0,9864,0,0,0,6270,27905,3642
40,6666,random_1,14911,14911,350986,7646,44254,1637,7281,3151,14910,5047,0,9864,0,0,0,6270,27800,18446744073709551615
40,6666,budget_random_1,14611,14611,342380,7242,44254,831,3642,2405,14610,4747,0,9864,0,0,0,6270,27800,3642
40,6666,random_2,14704,14704,345562,7469,44254,1597,7215,3150,14703,4840,0,9864,0,0,0,6270,28126,18446744073709551615
40,6666,budget_random_2,14482,14482,338858,7110,44254,807,3642,2443,14481,4618,0,9864,0,0,0,6270,28126,3642
40,6666,random_3,14813,14813,348250,7598,44254,1620,7381,3234,14812,4949,0,9864,0,0,0,6270,27914,18446744073709551615
40,6666,budget_random_3,14500,14500,339178,7158,44254,815,3642,2451,14499,4636,0,9864,0,0,0,6270,27914,3642
40,6666,random_4,14824,14824,348664,7587,44254,1592,7102,3195,14823,4960,0,9864,0,0,0,6270,28168,18446744073709551615
40,6666,budget_random_4,14579,14579,341603,7193,44254,823,3642,2464,14578,4715,0,9864,0,0,0,6270,28168,3642
41,333,std_binary,0,0,0,0,0,0,0,0,0,0,0,0,0,0,0,0,0,0
41,333,binary,2378,2378,38874,579,25331,0,0,0,2377,1378,0,1000,0,0,0,0,0,0
41,333,fourary,2378,2378,41929,579,25331,0,0,0,2377,1378,0,1000,0,0,0,0,0,0
41,333,mean_map,2247,2247,0,0,52172,0,0,0,2246,483,19,1060,704,7360,257,0,0,0
41,333,mean_ring,2247,2247,0,0,52172,0,0,0,2246,483,19,1060,704,7360,257,0,0,0
41,333,mean_degree,2386,2386,0,0,50662,0,0,0,2385,1330,335,1000,56,25331,21,0,0,0
41,333,max_maxdegree,1997,1997,0,0,50763,0,0,0,1996,695,52,1004,298,20776,127,0,0,0
41,333,original_mean,0,0,0,0,0,0,0,0,0,0,0,0,0,0,0,0,0,0
41,333,list_both,2247,2247,0,0,44738,0,0,0,2246,483,19,1764,704,12832,444,0,0,0
41,333,skip_only,2247,2247,0,0,26841,0,0,0,2246,483,19,1060,704,7789,257,0,0,0
41,333,heavy_only,2247,2247,0,0,70069,0,0,0,2246,483,19,1764,704,7360,444,0,0,0
41,333,mean_sqrtdegree,2249,2249,0,0,50662,0,0,0,2248,1023,90,1000,226,23978,74,0,0,0
41,333,median,2071,2071,0,0,51653,0,0,0,2070,520,26,1039,512,12665,186,0,0,0
41,333,sd,2541,2541,0,0,53595,0,0,0,2540,577,12,1114,850,760,373,0,0,0
41,333,caliber,2193,2193,35916,609,25331,0,0,0,2431,1432,0,1000,0,0,0,0,0,0
41,333,degree4,2378,2378,38874,579,25331,0,0,0,2377,1378,0,1000,0,0,0,0,0,18446744073709551615
41,333,selected_grid,2601,2601,0,0,53985,0,0,0,2600,469,10,1132,1000,760,403,0,0,0
41,333,always,3018,3018,55958,1265,25331,687,17345,2330,3017,2018,0,1000,0,0,0,25331,642644,18446744073709551615
41,333,high_high,3018,3018,55958,1265,25331,687,17345,2330,3017,2018,0,1000,0,0,0,25331,642644,18446744073709551615
41,333,complement,3018,3018,55958,1265,25331,687,17345,2330,3017,2018,0,1000,0,0,0,25331,642644,18446744073709551615
41,333,tail_only,2378,2378,38874,579,25331,0,0,0,2377,1378,0,1000,0,0,0,0,0,18446744073709551615
41,333,head_only,2378,2378,38874,579,25331,0,0,0,2377,1378,0,1000,0,0,0,0,0,18446744073709551615
41,333,adaptive,2378,2378,38874,579,25331,0,0,0,2377,1378,0,1000,0,0,0,0,0,18446744073709551615
41,333,random_0,2378,2378,38874,579,25331,0,0,0,2377,1378,0,1000,0,0,0,0,0,18446744073709551615
41,333,budget_random_0,2378,2378,38874,579,25331,0,0,0,2377,1378,0,1000,0,0,0,0,0,0
41,333,random_1,2378,2378,38874,579,25331,0,0,0,2377,1378,0,1000,0,0,0,0,0,18446744073709551615
41,333,budget_random_1,2378,2378,38874,579,25331,0,0,0,2377,1378,0,1000,0,0,0,0,0,0
41,333,random_2,2378,2378,38874,579,25331,0,0,0,2377,1378,0,1000,0,0,0,0,0,18446744073709551615
41,333,budget_random_2,2378,2378,38874,579,25331,0,0,0,2377,1378,0,1000,0,0,0,0,0,0
41,333,random_3,2378,2378,38874,579,25331,0,0,0,2377,1378,0,1000,0,0,0,0,0,18446744073709551615
41,333,budget_random_3,2378,2378,38874,579,25331,0,0,0,2377,1378,0,1000,0,0,0,0,0,0
41,333,random_4,2378,2378,38874,579,25331,0,0,0,2377,1378,0,1000,0,0,0,0,0,18446744073709551615
41,333,budget_random_4,2378,2378,38874,579,25331,0,0,0,2377,1378,0,1000,0,0,0,0,0,0
41,666,std_binary,0,0,0,0,0,0,0,0,0,0,0,0,0,0,0,0,0,0
41,666,binary,2426,2426,39699,646,25331,0,0,0,2425,1426,0,1000,0,0,0,0,0,0
41,666,fourary,2426,2426,43282,646,25331,0,0,0,2425,1426,0,1000,0,0,0,0,0,0
41,666,mean_map,2235,2235,0,0,52219,0,0,0,2234,457,18,1060,718,7360,350,0,0,0
41,666,mean_ring,2235,2235,0,0,52219,0,0,0,2234,457,18,1060,718,7360,350,0,0,0
41,666,mean_degree,2424,2424,0,0,50662,0,0,0,2423,1368,289,1000,56,25331,25,0,0,0
41,666,max_maxdegree,2005,2005,0,0,50734,0,0,0,2004,669,47,1003,333,20776,123,0,0,0
41,666,original_mean,0,0,0,0,0,0,0,0,0,0,0,0,0,0,0,0,0,0
41,666,list_both,2235,2235,0,0,44857,0,0,0,2234,457,18,1778,718,12889,631,0,0,0
41,666,skip_only,2235,2235,0,0,26888,0,0,0,2234,457,18,1060,718,7783,350,0,0,0
41,666,heavy_only,2235,2235,0,0,70188,0,0,0,2234,457,18,1778,718,7360,631,0,0,0
41,666,mean_sqrtdegree,2292,2292,0,0,50687,0,0,0,2291,1042,79,1001,249,23978,105,0,0,0
41,666,median,2028,2028,0,0,51562,0,0,0,2027,509,25,1033,486,12665,252,0,0,0
41,666,sd,2420,2420,0,0,52888,0,0,0,2419,434,11,1086,900,760,477,0,0,0
41,666,caliber,2247,2247,36729,647,25331,0,0,0,2480,1481,0,1000,0,0,0,0,0,0
41,666,degree4,2426,2426,39699,646,25331,0,0,0,2425,1426,0,1000,0,0,0,0,0,18446744073709551615
41,666,selected_grid,2469,2469,0,0,53729,0,0,0,2468,317,10,1121,1031,760,571,0,0,0
41,666,always,3307,3307,62241,1303,25331,696,17739,2610,3306,2307,0,1000,0,0,0,25331,642644,18446744073709551615
41,666,high_high,3307,3307,62241,1303,25331,696,17739,2610,3306,2307,0,1000,0,0,0,25331,642644,18446744073709551615
41,666,complement,3307,3307,62241,1303,25331,696,17739,2610,3306,2307,0,1000,0,0,0,25331,642644,18446744073709551615
41,666,tail_only,2426,2426,39699,646,25331,0,0,0,2425,1426,0,1000,0,0,0,0,0,18446744073709551615
41,666,head_only,2426,2426,39699,646,25331,0,0,0,2425,1426,0,1000,0,0,0,0,0,18446744073709551615
41,666,adaptive,2426,2426,39699,646,25331,0,0,0,2425,1426,0,1000,0,0,0,0,0,18446744073709551615
41,666,random_0,2426,2426,39699,646,25331,0,0,0,2425,1426,0,1000,0,0,0,0,0,18446744073709551615
41,666,budget_random_0,2426,2426,39699,646,25331,0,0,0,2425,1426,0,1000,0,0,0,0,0,0
41,666,random_1,2426,2426,39699,646,25331,0,0,0,2425,1426,0,1000,0,0,0,0,0,18446744073709551615
41,666,budget_random_1,2426,2426,39699,646,25331,0,0,0,2425,1426,0,1000,0,0,0,0,0,0
41,666,random_2,2426,2426,39699,646,25331,0,0,0,2425,1426,0,1000,0,0,0,0,0,18446744073709551615
41,666,budget_random_2,2426,2426,39699,646,25331,0,0,0,2425,1426,0,1000,0,0,0,0,0,0
41,666,random_3,2426,2426,39699,646,25331,0,0,0,2425,1426,0,1000,0,0,0,0,0,18446744073709551615
41,666,budget_random_3,2426,2426,39699,646,25331,0,0,0,2425,1426,0,1000,0,0,0,0,0,0
41,666,random_4,2426,2426,39699,646,25331,0,0,0,2425,1426,0,1000,0,0,0,0,0,18446744073709551615
41,666,budget_random_4,2426,2426,39699,646,25331,0,0,0,2425,1426,0,1000,0,0,0,0,0,0
42,666,std_binary,0,0,0,0,0,0,0,0,0,0,0,0,0,0,0,0,0,0
42,666,binary,5259,5259,99990,1532,52301,0,0,0,5258,3259,0,2000,0,0,0,0,0,0
42,666,fourary,5259,5259,104946,1532,52301,0,0,0,5258,3259,0,2000,0,0,0,0,0,0
42,666,mean_map,5193,5193,0,0,108908,0,0,0,5192,1277,16,2165,1751,5327,711,0,0,0
42,666,mean_ring,5193,5193,0,0,108908,0,0,0,5192,1277,16,2165,1751,5327,711,0,0,0
42,666,mean_degree,5273,5273,0,0,104602,0,0,0,5272,3135,334,2000,138,52301,44,0,0,0
42,666,max_maxdegree,4496,4496,0,0,104816,0,0,0,4495,1891,55,2008,597,43462,224,0,0,0
42,666,original_mean,0,0,0,0,0,0,0,0,0,0,0,0,0,0,0,0,0,0
42,666,list_both,5193,5193,0,0,102247,0,0,0,5192,1277,16,3916,1751,10220,1256,0,0,0
42,666,skip_only,5193,5193,0,0,56607,0,0,0,5192,1277,16,2165,1751,5750,711,0,0,0
42,666,heavy_only,5193,5193,0,0,154548,0,0,0,5192,1277,16,3916,1751,5327,1256,0,0,0
42,666,mean_sqrtdegree,4821,4821,0,0,104701,0,0,0,4820,2290,74,2004,527,47583,159,0,0,0
42,666,median,4581,4581,0,0,106377,0,0,0,4580,1430,25,2068,1083,26150,478,0,0,0
42,666,sd,5302,5302,0,0,109964,0,0,0,5301,1102,9,2205,1995,3120,920,0,0,0
42,666,caliber,4996,4996,95484,1608,52301,0,0,0,5446,3447,0,2000,0,0,0,0,0,0
42,666,degree4,5259,5259,99990,1532,52301,0,0,0,5258,3259,0,2000,0,0,0,0,0,18446744073709551615
42,666,selected_grid,5204,5204,0,0,109970,0,0,0,5203,1012,11,2207,1985,3120,941,0,0,0
42,666,always,7098,7098,150052,3163,52301,1438,37745,5659,7097,5098,0,2000,0,0,0,52301,1371430,18446744073709551615
42,666,high_high,7098,7098,150052,3163,52301,1438,37745,5659,7097,5098,0,2000,0,0,0,52301,1371430,18446744073709551615
42,666,complement,7098,7098,150052,3163,52301,1438,37745,5659,7097,5098,0,2000,0,0,0,52301,1371430,18446744073709551615
42,666,tail_only,5259,5259,99990,1532,52301,0,0,0,5258,3259,0,2000,0,0,0,0,0,18446744073709551615
42,666,head_only,5259,5259,99990,1532,52301,0,0,0,5258,3259,0,2000,0,0,0,0,0,18446744073709551615
42,666,adaptive,5259,5259,99990,1532,52301,0,0,0,5258,3259,0,2000,0,0,0,0,0,18446744073709551615
42,666,random_0,5259,5259,99990,1532,52301,0,0,0,5258,3259,0,2000,0,0,0,0,0,18446744073709551615
42,666,budget_random_0,5259,5259,99990,1532,52301,0,0,0,5258,3259,0,2000,0,0,0,0,0,0
42,666,random_1,5259,5259,99990,1532,52301,0,0,0,5258,3259,0,2000,0,0,0,0,0,18446744073709551615
42,666,budget_random_1,5259,5259,99990,1532,52301,0,0,0,5258,3259,0,2000,0,0,0,0,0,0
42,666,random_2,5259,5259,99990,1532,52301,0,0,0,5258,3259,0,2000,0,0,0,0,0,18446744073709551615
42,666,budget_random_2,5259,5259,99990,1532,52301,0,0,0,5258,3259,0,2000,0,0,0,0,0,0
42,666,random_3,5259,5259,99990,1532,52301,0,0,0,5258,3259,0,2000,0,0,0,0,0,18446744073709551615
42,666,budget_random_3,5259,5259,99990,1532,52301,0,0,0,5258,3259,0,2000,0,0,0,0,0,0
42,666,random_4,5259,5259,99990,1532,52301,0,0,0,5258,3259,0,2000,0,0,0,0,0,18446744073709551615
42,666,budget_random_4,5259,5259,99990,1532,52301,0,0,0,5258,3259,0,2000,0,0,0,0,0,0
42,1333,std_binary,0,0,0,0,0,0,0,0,0,0,0,0,0,0,0,0,0,0
42,1333,binary,5298,5298,100344,1447,52301,0,0,0,5297,3298,0,2000,0,0,0,0,0,0
42,1333,fourary,5298,5298,105255,1447,52301,0,0,0,5297,3298,0,2000,0,0,0,0,0,0
42,1333,mean_map,5218,5218,0,0,109514,0,0,0,5217,1174,16,2187,1857,5327,690,0,0,0
42,1333,mean_ring,5218,5218,0,0,109514,0,0,0,5217,1174,16,2187,1857,5327,690,0,0,0
42,1333,mean_degree,5318,5318,0,0,104602,0,0,0,5317,3183,335,2000,135,52301,53,0,0,0
42,1333,max_maxdegree,4485,4485,0,0,104978,0,0,0,4484,1834,52,2014,637,43462,238,0,0,0
42,1333,original_mean,0,0,0,0,0,0,0,0,0,0,0,0,0,0,0,0,0,0
42,1333,list_both,5218,5218,0,0,105881,0,0,0,5217,1174,16,4044,1857,10732,1265,0,0,0
42,1333,skip_only,5218,5218,0,0,57213,0,0,0,5217,1174,16,2187,1857,5834,690,0,0,0
42,1333,heavy_only,5218,5218,0,0,158182,0,0,0,5217,1174,16,4044,1857,5327,1265,0,0,0
42,1333,mean_sqrtdegree,4832,4832,0,0,104686,0,0,0,4831,2301,73,2003,528,47583,211,0,0,0
42,1333,median,4577,4577,0,0,107136,0,0,0,4576,1358,24,2097,1122,26150,481,0,0,0
42,1333,sd,5282,5282,0,0,110875,0,0,0,5281,952,9,2238,2092,3120,1090,0,0,0
42,1333,caliber,4966,4966,94622,1521,52301,0,0,0,5404,3405,0,2000,0,0,0,0,0,0
42,1333,degree4,5298,5298,100344,1447,52301,0,0,0,5297,3298,0,2000,0,0,0,0,0,18446744073709551615
42,1333,selected_grid,5351,5351,0,0,111646,0,0,0,5350,1129,11,2267,1955,3120,1084,0,0,0
42,1333,always,7380,7380,154743,3295,52301,1456,38321,5923,7379,5380,0,2000,0,0,0,52301,1371430,18446744073709551615
42,1333,high_high,7380,7380,154743,3295,52301,1456,38321,5923,7379,5380,0,2000,0,0,0,52301,1371430,18446744073709551615
42,1333,complement,7380,7380,154743,3295,52301,1456,38321,5923,7379,5380,0,2000,0,0,0,52301,1371430,18446744073709551615
42,1333,tail_only,5298,5298,100344,1447,52301,0,0,0,5297,3298,0,2000,0,0,0,0,0,18446744073709551615
42,1333,head_only,5298,5298,100344,1447,52301,0,0,0,5297,3298,0,2000,0,0,0,0,0,18446744073709551615
42,1333,adaptive,5298,5298,100344,1447,52301,0,0,0,5297,3298,0,2000,0,0,0,0,0,18446744073709551615
42,1333,random_0,5298,5298,100344,1447,52301,0,0,0,5297,3298,0,2000,0,0,0,0,0,18446744073709551615
42,1333,budget_random_0,5298,5298,100344,1447,52301,0,0,0,5297,3298,0,2000,0,0,0,0,0,0
42,1333,random_1,5298,5298,100344,1447,52301,0,0,0,5297,3298,0,2000,0,0,0,0,0,18446744073709551615
42,1333,budget_random_1,5298,5298,100344,1447,52301,0,0,0,5297,3298,0,2000,0,0,0,0,0,0
42,1333,random_2,5298,5298,100344,1447,52301,0,0,0,5297,3298,0,2000,0,0,0,0,0,18446744073709551615
42,1333,budget_random_2,5298,5298,100344,1447,52301,0,0,0,5297,3298,0,2000,0,0,0,0,0,0
42,1333,random_3,5298,5298,100344,1447,52301,0,0,0,5297,3298,0,2000,0,0,0,0,0,18446744073709551615
42,1333,budget_random_3,5298,5298,100344,1447,52301,0,0,0,5297,3298,0,2000,0,0,0,0,0,0
42,1333,random_4,5298,5298,100344,1447,52301,0,0,0,5297,3298,0,2000,0,0,0,0,0,18446744073709551615
42,1333,budget_random_4,5298,5298,100344,1447,52301,0,0,0,5297,3298,0,2000,0,0,0,0,0,0
43,1666,std_binary,0,0,0,0,0,0,0,0,0,0,0,0,0,0,0,0,0,0
43,1666,binary,15110,15110,342522,5598,142739,0,0,0,15109,10110,0,5000,0,0,0,0,0,0
43,1666,fourary,15110,15110,353746,5598,142739,0,0,0,15109,10110,0,5000,0,0,0,0,0,0
43,1666,mean_map,14641,14641,0,0,299878,0,0,0,14640,4341,10,5504,4796,19800,2372,0,0,0
43,1666,mean_ring,14641,14641,0,0,299878,0,0,0,14640,4341,10,5504,4796,19800,2372,0,0,0
43,1666,mean_degree,15138,15138,0,0,285478,0,0,0,15137,9624,248,5000,514,142739,148,0,0,0
43,1666,max_maxdegree,13526,13526,0,0,286305,0,0,0,13525,7091,61,5029,1406,125213,598,0,0,0
43,1666,original_mean,0,0,0,0,0,0,0,0,0,0,0,0,0,0,0,0,0,0
43,1666,list_both,14641,14641,0,0,294122,0,0,0,14640,4341,10,10300,4796,40748,4579,0,0,0
43,1666,skip_only,14641,14641,0,0,157139,0,0,0,14640,4341,10,5504,4796,21821,2372,0,0,0
43,1666,heavy_only,14641,14641,0,0,436861,0,0,0,14640,4341,10,10300,4796,19800,4579,0,0,0
43,1666,mean_sqrtdegree,12910,12910,0,0,286261,0,0,0,12909,6212,49,5028,1670,117493,701,0,0,0
43,1666,median,13353,13353,0,0,292558,0,0,0,13352,5151,23,5249,2953,71369,1132,0,0,0
43,1666,sd,14762,14762,0,0,309252,0,0,0,14761,2884,7,5832,6046,19800,3041,0,0,0
43,1666,caliber,14398,14398,327653,5722,142739,0,0,0,15499,10500,0,5000,0,0,0,0,0,0
43,1666,degree4,15110,15110,342522,5598,142739,0,0,0,15109,10110,0,5000,0,0,0,0,0,18446744073709551615
43,1666,selected_grid,14394,14394,0,0,307979,0,0,0,14393,2841,7,5787,5766,19800,4359,0,0,0
43,1666,always,18641,18641,444526,9363,142739,3745,107586,14895,18640,13641,0,5000,0,0,0,142739,4095358,18446744073709551615
43,1666,high_high,18641,18641,444526,9363,142739,3745,107586,14895,18640,13641,0,5000,0,0,0,142739,4095358,18446744073709551615
43,1666,complement,18641,18641,444526,9363,142739,3745,107586,14895,18640,13641,0,5000,0,0,0,142739,4095358,18446744073709551615
43,1666,tail_only,15110,15110,342522,5598,142739,0,0,0,15109,10110,0,5000,0,0,0,0,0,18446744073709551615
43,1666,head_only,15110,15110,342522,5598,142739,0,0,0,15109,10110,0,5000,0,0,0,0,0,18446744073709551615
43,1666,adaptive,15110,15110,342522,5598,142739,0,0,0,15109,10110,0,5000,0,0,0,0,0,18446744073709551615
43,1666,random_0,15110,15110,342522,5598,142739,0,0,0,15109,10110,0,5000,0,0,0,0,0,18446744073709551615
43,1666,budget_random_0,15110,15110,342522,5598,142739,0,0,0,15109,10110,0,5000,0,0,0,0,0,0
43,1666,random_1,15110,15110,342522,5598,142739,0,0,0,15109,10110,0,5000,0,0,0,0,0,18446744073709551615
43,1666,budget_random_1,15110,15110,342522,5598,142739,0,0,0,15109,10110,0,5000,0,0,0,0,0,0
43,1666,random_2,15110,15110,342522,5598,142739,0,0,0,15109,10110,0,5000,0,0,0,0,0,18446744073709551615
43,1666,budget_random_2,15110,15110,342522,5598,142739,0,0,0,15109,10110,0,5000,0,0,0,0,0,0
43,1666,random_3,15110,15110,342522,5598,142739,0,0,0,15109,10110,0,5000,0,0,0,0,0,18446744073709551615
43,1666,budget_random_3,15110,15110,342522,5598,142739,0,0,0,15109,10110,0,5000,0,0,0,0,0,0
43,1666,random_4,15110,15110,342522,5598,142739,0,0,0,15109,10110,0,5000,0,0,0,0,0,18446744073709551615
43,1666,budget_random_4,15110,15110,342522,5598,142739,0,0,0,15109,10110,0,5000,0,0,0,0,0,0
43,3333,std_binary,0,0,0,0,0,0,0,0,0,0,0,0,0,0,0,0,0,0
43,3333,binary,15260,15260,350454,5660,142739,0,0,0,15259,10260,0,5000,0,0,0,0,0,0
43,3333,fourary,15260,15260,361177,5660,142739,0,0,0,15259,10260,0,5000,0,0,0,0,0,0
43,3333,mean_map,14922,14922,0,0,301041,0,0,0,14921,4576,11,5547,4799,19800,2292,0,0,0
43,3333,mean_ring,14922,14922,0,0,301041,0,0,0,14921,4576,11,5547,4799,19800,2292,0,0,0
43,3333,mean_degree,15282,15282,0,0,285478,0,0,0,15281,9831,263,5000,451,142739,116,0,0,0
43,3333,max_maxdegree,13584,13584,0,0,286125,0,0,0,13583,7202,65,5023,1359,125213,427,0,0,0
43,3333,original_mean,0,0,0,0,0,0,0,0,0,0,0,0,0,0,0,0,0,0
43,3333,list_both,14922,14922,0,0,295281,0,0,0,14921,4576,11,10346,4799,40885,4438,0,0,0
43,3333,skip_only,14922,14922,0,0,158302,0,0,0,14921,4576,11,5547,4799,21955,2292,0,0,0
43,3333,heavy_only,14922,14922,0,0,438020,0,0,0,14921,4576,11,10346,4799,19800,4438,0,0,0
43,3333,mean_sqrtdegree,13083,13083,0,0,286566,0,0,0,13082,6512,52,5037,1534,117493,538,0,0,0
43,3333,median,13613,13613,0,0,293842,0,0,0,13612,5402,23,5295,2916,71369,1004,0,0,0
43,3333,sd,15076,15076,0,0,309315,0,0,0,15075,3299,7,5836,5941,19800,3159,0,0,0
43,3333,caliber,14553,14553,334788,5806,142739,0,0,0,15668,10669,0,5000,0,0,0,0,0,0
43,3333,degree4,15260,15260,350454,5660,142739,0,0,0,15259,10260,0,5000,0,0,0,0,0,18446744073709551615
43,3333,selected_grid,14918,14918,0,0,309432,0,0,0,14917,3168,7,5839,5911,19800,4397,0,0,0
43,3333,always,19110,19110,457505,9028,142739,3682,105340,15427,19109,14110,0,5000,0,0,0,142739,4095358,18446744073709551615
43,3333,high_high,19110,19110,457505,9028,142739,3682,105340,15427,19109,14110,0,5000,0,0,0,142739,4095358,18446744073709551615
43,3333,complement,19110,19110,457505,9028,142739,3682,105340,15427,19109,14110,0,5000,0,0,0,142739,4095358,18446744073709551615
43,3333,tail_only,15260,15260,350454,5660,142739,0,0,0,15259,10260,0,5000,0,0,0,0,0,18446744073709551615
43,3333,head_only,15260,15260,350454,5660,142739,0,0,0,15259,10260,0,5000,0,0,0,0,0,18446744073709551615
43,3333,adaptive,15260,15260,350454,5660,142739,0,0,0,15259,10260,0,5000,0,0,0,0,0,18446744073709551615
43,3333,random_0,15260,15260,350454,5660,142739,0,0,0,15259,10260,0,5000,0,0,0,0,0,18446744073709551615
43,3333,budget_random_0,15260,15260,350454,5660,142739,0,0,0,15259,10260,0,5000,0,0,0,0,0,0
43,3333,random_1,15260,15260,350454,5660,142739,0,0,0,15259,10260,0,5000,0,0,0,0,0,18446744073709551615
43,3333,budget_random_1,15260,15260,350454,5660,142739,0,0,0,15259,10260,0,5000,0,0,0,0,0,0
43,3333,random_2,15260,15260,350454,5660,142739,0,0,0,15259,10260,0,5000,0,0,0,0,0,18446744073709551615
43,3333,budget_random_2,15260,15260,350454,5660,142739,0,0,0,15259,10260,0,5000,0,0,0,0,0,0
43,3333,random_3,15260,15260,350454,5660,142739,0,0,0,15259,10260,0,5000,0,0,0,0,0,18446744073709551615
43,3333,budget_random_3,15260,15260,350454,5660,142739,0,0,0,15259,10260,0,5000,0,0,0,0,0,0
43,3333,random_4,15260,15260,350454,5660,142739,0,0,0,15259,10260,0,5000,0,0,0,0,0,18446744073709551615
43,3333,budget_random_4,15260,15260,350454,5660,142739,0,0,0,15259,10260,0,5000,0,0,0,0,0,0
44,3333,std_binary,0,0,0,0,0,0,0,0,0,0,0,0,0,0,0,0,0,0
44,3333,binary,34140,34140,862724,14912,324846,0,0,0,34139,24140,0,10000,0,0,0,0,0,0
44,3333,fourary,34140,34140,911107,14912,324846,0,0,0,34139,24140,0,10000,0,0,0,0,0,0
44,3333,mean_map,33297,33297,0,0,698925,0,0,0,33296,10386,8,11513,11398,79600,6251,0,0,0
44,3333,mean_ring,33297,33297,0,0,698925,0,0,0,33296,10386,8,11513,11398,79600,6251,0,0,0
44,3333,mean_degree,34138,34138,0,0,649692,0,0,0,34137,22925,195,10000,1213,324846,266,0,0,0
44,3333,max_maxdegree,31769,31769,0,0,650395,0,0,0,31768,19087,75,10022,2660,300688,707,0,0,0
44,3333,original_mean,0,0,0,0,0,0,0,0,0,0,0,0,0,0,0,0,0,0
44,3333,list_both,33297,33297,0,0,744960,0,0,0,33296,10386,8,22911,11398,182014,12530,0,0,0
44,3333,skip_only,33297,33297,0,0,374079,0,0,0,33296,10386,8,11513,11398,91692,6251,0,0,0
44,3333,heavy_only,33297,33297,0,0,1069806,0,0,0,33296,10386,8,22911,11398,79600,12530,0,0,0
44,3333,mean_sqrtdegree,29103,29103,0,0,653776,0,0,0,29102,14983,37,10127,3993,244212,1432,0,0,0
44,3333,median,30892,30892,0,0,666414,0,0,0,30891,13708,21,10520,6664,162422,2063,0,0,0
44,3333,sd,32418,32418,0,0,705531,0,0,0,32417,8656,6,11719,12043,79600,8697,0,0,0
44,3333,caliber,32618,32618,825171,15042,324846,0,0,0,34772,24773,0,10000,0,0,0,0,0,0
44,3333,degree4,34140,34140,862724,14912,324846,0,0,0,34139,24140,0,10000,0,0,0,0,0,18446744073709551615
44,3333,selected_grid,28193,28193,0,0,716294,0,0,0,28192,2142,5,12042,14009,79600,10106,0,0,0
44,3333,always,41382,41382,1088891,21442,324846,7671,250297,33710,41381,31382,0,10000,0,0,0,324846,10630475,18446744073709551615
44,3333,high_high,41382,41382,1088891,21442,324846,7671,250297,33710,41381,31382,0,10000,0,0,0,324846,10630475,18446744073709551615
44,3333,complement,41382,41382,1088891,21442,324846,7671,250297,33710,41381,31382,0,10000,0,0,0,324846,10630475,18446744073709551615
44,3333,tail_only,34140,34140,862724,14912,324846,0,0,0,34139,24140,0,10000,0,0,0,0,0,18446744073709551615
44,3333,head_only,34140,34140,862724,14912,324846,0,0,0,34139,24140,0,10000,0,0,0,0,0,18446744073709551615
44,3333,adaptive,34140,34140,862724,14912,324846,0,0,0,34139,24140,0,10000,0,0,0,0,0,18446744073709551615
44,3333,random_0,34140,34140,862724,14912,324846,0,0,0,34139,24140,0,10000,0,0,0,0,0,18446744073709551615
44,3333,budget_random_0,34140,34140,862724,14912,324846,0,0,0,34139,24140,0,10000,0,0,0,0,0,0
44,3333,random_1,34140,34140,862724,14912,324846,0,0,0,34139,24140,0,10000,0,0,0,0,0,18446744073709551615
44,3333,budget_random_1,34140,34140,862724,14912,324846,0,0,0,34139,24140,0,10000,0,0,0,0,0,0
44,3333,random_2,34140,34140,862724,14912,324846,0,0,0,34139,24140,0,10000,0,0,0,0,0,18446744073709551615
44,3333,budget_random_2,34140,34140,862724,14912,324846,0,0,0,34139,24140,0,10000,0,0,0,0,0,0
44,3333,random_3,34140,34140,862724,14912,324846,0,0,0,34139,24140,0,10000,0,0,0,0,0,18446744073709551615
44,3333,budget_random_3,34140,34140,862724,14912,324846,0,0,0,34139,24140,0,10000,0,0,0,0,0,0
44,3333,random_4,34140,34140,862724,14912,324846,0,0,0,34139,24140,0,10000,0,0,0,0,0,18446744073709551615
44,3333,budget_random_4,34140,34140,862724,14912,324846,0,0,0,34139,24140,0,10000,0,0,0,0,0,0
44,6666,std_binary,0,0,0,0,0,0,0,0,0,0,0,0,0,0,0,0,0,0
44,6666,binary,34143,34143,865036,15201,324846,0,0,0,34142,24143,0,10000,0,0,0,0,0,0
44,6666,fourary,34143,34143,911436,15201,324846,0,0,0,34142,24143,0,10000,0,0,0,0,0,0
44,6666,mean_map,33284,33284,0,0,700969,0,0,0,33283,10859,8,11581,10844,79600,6580,0,0,0
44,6666,mean_ring,33284,33284,0,0,700969,0,0,0,33283,10859,8,11581,10844,79600,6580,0,0,0
44,6666,mean_degree,34112,34112,0,0,649692,0,0,0,34111,22850,194,10000,1262,324846,262,0,0,0
44,6666,max_maxdegree,31711,31711,0,0,650498,0,0,0,31710,19102,74,10024,2585,300688,662,0,0,0
44,6666,original_mean,0,0,0,0,0,0,0,0,0,0,0,0,0,0,0,0,0,0
44,6666,list_both,33284,33284,0,0,728243,0,0,0,33283,10859,8,22425,10844,178745,13121,0,0,0
44,6666,skip_only,33284,33284,0,0,376123,0,0,0,33283,10859,8,11581,10844,92275,6580,0,0,0
44,6666,heavy_only,33284,33284,0,0,1053089,0,0,0,33283,10859,8,22425,10844,79600,13121,0,0,0
44,6666,mean_sqrtdegree,29017,29017,0,0,653383,0,0,0,29016,14805,35,10113,4099,244212,1292,0,0,0
44,6666,median,30921,30921,0,0,667857,0,0,0,30920,13874,22,10562,6485,162422,2211,0,0,0
44,6666,sd,31654,31654,0,0,709411,0,0,0,31653,7500,7,11841,12313,79600,9301,0,0,0
44,6666,caliber,32613,32613,827416,15412,324846,0,0,0,34792,24793,0,10000,0,0,0,0,0,0
44,6666,degree4,34143,34143,865036,15201,324846,0,0,0,34142,24143,0,10000,0,0,0,0,0,18446744073709551615
44,6666,selected_grid,28272,28272,0,0,723488,0,0,0,28271,2182,5,12269,13821,79600,10257,0,0,0
44,6666,always,40268,40268,1060259,20674,324846,7765,252850,32502,40267,30268,0,10000,0,0,0,324846,10630475,18446744073709551615
44,6666,high_high,40268,40268,1060259,20674,324846,7765,252850,32502,40267,30268,0,10000,0,0,0,324846,10630475,18446744073709551615
44,6666,complement,40268,40268,1060259,20674,324846,7765,252850,32502,40267,30268,0,10000,0,0,0,324846,10630475,18446744073709551615
44,6666,tail_only,34143,34143,865036,15201,324846,0,0,0,34142,24143,0,10000,0,0,0,0,0,18446744073709551615
44,6666,head_only,34143,34143,865036,15201,324846,0,0,0,34142,24143,0,10000,0,0,0,0,0,18446744073709551615
44,6666,adaptive,34143,34143,865036,15201,324846,0,0,0,34142,24143,0,10000,0,0,0,0,0,18446744073709551615
44,6666,random_0,34143,34143,865036,15201,324846,0,0,0,34142,24143,0,10000,0,0,0,0,0,18446744073709551615
44,6666,budget_random_0,34143,34143,865036,15201,324846,0,0,0,34142,24143,0,10000,0,0,0,0,0,0
44,6666,random_1,34143,34143,865036,15201,324846,0,0,0,34142,24143,0,10000,0,0,0,0,0,18446744073709551615
44,6666,budget_random_1,34143,34143,865036,15201,324846,0,0,0,34142,24143,0,10000,0,0,0,0,0,0
44,6666,random_2,34143,34143,865036,15201,324846,0,0,0,34142,24143,0,10000,0,0,0,0,0,18446744073709551615
44,6666,budget_random_2,34143,34143,865036,15201,324846,0,0,0,34142,24143,0,10000,0,0,0,0,0,0
44,6666,random_3,34143,34143,865036,15201,324846,0,0,0,34142,24143,0,10000,0,0,0,0,0,18446744073709551615
44,6666,budget_random_3,34143,34143,865036,15201,324846,0,0,0,34142,24143,0,10000,0,0,0,0,0,0
44,6666,random_4,34143,34143,865036,15201,324846,0,0,0,34142,24143,0,10000,0,0,0,0,0,18446744073709551615
44,6666,budget_random_4,34143,34143,865036,15201,324846,0,0,0,34142,24143,0,10000,0,0,0,0,0,0
45,333,std_binary,0,0,0,0,0,0,0,0,0,0,0,0,0,0,0,0,0,0
45,333,binary,3835,3835,80275,3194,99880,0,0,0,3834,2835,0,1000,0,0,0,0,0,0
45,333,fourary,3835,3835,83025,3194,99880,0,0,0,3834,2835,0,1000,0,0,0,0,0,0
45,333,mean_map,4562,4562,0,0,273069,0,0,0,4561,251,2,1737,2574,49789,1737,0,0,0
45,333,mean_ring,4562,4562,0,0,273069,0,0,0,4561,251,2,1737,2574,49789,1737,0,0,0
45,333,mean_degree,3836,3836,0,0,199760,0,0,0,3835,2788,203,1000,48,99880,103,0,0,0
45,333,max_maxdegree,3846,3846,0,0,199760,0,0,0,3845,2761,135,1000,85,99880,147,0,0,0
45,333,original_mean,0,0,0,0,0,0,0,0,0,0,0,0,0,0,0,0,0,0
45,333,list_both,4562,4562,0,0,429562,0,0,0,4561,251,2,4311,2574,213632,4311,0,0,0
45,333,skip_only,4562,4562,0,0,173189,0,0,0,4561,251,2,1737,2574,86107,1737,0,0,0
45,333,heavy_only,4562,4562,0,0,529442,0,0,0,4561,251,2,4311,2574,49789,4311,0,0,0
45,333,mean_sqrtdegree,3015,3015,0,0,203784,0,0,0,3014,1641,21,1041,333,95831,702,0,0,0
45,333,median,4559,4559,0,0,272861,0,0,0,4558,251,2,1735,2573,49939,1735,0,0,0
45,333,sd,3790,3790,0,0,259571,0,0,0,3789,538,2,1600,1652,72116,1600,0,0,0
45,333,caliber,3637,3637,75742,3263,99880,0,0,0,3936,2937,0,1000,0,0,0,0,0,0
45,333,degree4,3835,3835,80275,3194,99880,0,0,0,3834,2835,0,1000,0,0,0,0,0,18446744073709551615
45,333,selected_grid,2351,2351,0,0,207803,0,0,0,2350,673,2,1081,597,88263,768,0,0,0
45,333,always,4743,4743,102592,4282,99880,778,77706,3964,4742,3743,0,1000,0,0,0,99880,9974046,18446744073709551615
45,333,high_high,4743,4743,102592,4282,99880,778,77706,3964,4742,3743,0,1000,0,0,0,99880,9974046,18446744073709551615
45,333,complement,4743,4743,102592,4282,99880,778,77706,3964,4742,3743,0,1000,0,0,0,99880,9974046,18446744073709551615
45,333,tail_only,3835,3835,80275,3194,99880,0,0,0,3834,2835,0,1000,0,0,0,0,0,18446744073709551615
45,333,head_only,3835,3835,80275,3194,99880,0,0,0,3834,2835,0,1000,0,0,0,0,0,18446744073709551615
45,333,adaptive,3835,3835,80275,3194,99880,0,0,0,3834,2835,0,1000,0,0,0,0,0,18446744073709551615
45,333,random_0,3835,3835,80275,3194,99880,0,0,0,3834,2835,0,1000,0,0,0,0,0,18446744073709551615
45,333,budget_random_0,3835,3835,80275,3194,99880,0,0,0,3834,2835,0,1000,0,0,0,0,0,0
45,333,random_1,3835,3835,80275,3194,99880,0,0,0,3834,2835,0,1000,0,0,0,0,0,18446744073709551615
45,333,budget_random_1,3835,3835,80275,3194,99880,0,0,0,3834,2835,0,1000,0,0,0,0,0,0
45,333,random_2,3835,3835,80275,3194,99880,0,0,0,3834,2835,0,1000,0,0,0,0,0,18446744073709551615
45,333,budget_random_2,3835,3835,80275,3194,99880,0,0,0,3834,2835,0,1000,0,0,0,0,0,0
45,333,random_3,3835,3835,80275,3194,99880,0,0,0,3834,2835,0,1000,0,0,0,0,0,18446744073709551615
45,333,budget_random_3,3835,3835,80275,3194,99880,0,0,0,3834,2835,0,1000,0,0,0,0,0,0
45,333,random_4,3835,3835,80275,3194,99880,0,0,0,3834,2835,0,1000,0,0,0,0,0,18446744073709551615
45,333,budget_random_4,3835,3835,80275,3194,99880,0,0,0,3834,2835,0,1000,0,0,0,0,0,0
45,666,std_binary,0,0,0,0,0,0,0,0,0,0,0,0,0,0,0,0,0,0
45,666,binary,3771,3771,78584,3167,99880,0,0,0,3770,2771,0,1000,0,0,0,0,0,0
45,666,fourary,3771,3771,81354,3167,99880,0,0,0,3770,2771,0,1000,0,0,0,0,0,0
45,666,mean_map,4531,4531,0,0,280020,0,0,0,4530,284,2,1805,2442,49789,1805,0,0,0
45,666,mean_ring,4531,4531,0,0,280020,0,0,0,4530,284,2,1805,2442,49789,1805,0,0,0
45,666,mean_degree,3776,3776,0,0,199760,0,0,0,3775,2736,203,1000,40,99880,98,0,0,0
45,666,max_maxdegree,3774,3774,0,0,199760,0,0,0,3773,2697,135,1000,77,99880,141,0,0,0
45,666,original_mean,0,0,0,0,0,0,0,0,0,0,0,0,0,0,0,0,0,0
45,666,list_both,4531,4531,0,0,425075,0,0,0,4530,284,2,4247,2442,212188,4247,0,0,0
45,666,skip_only,4531,4531,0,0,180140,0,0,0,4530,284,2,1805,2442,89856,1805,0,0,0
45,666,heavy_only,4531,4531,0,0,524955,0,0,0,4530,284,2,4247,2442,49789,4247,0,0,0
45,666,mean_sqrtdegree,3041,3041,0,0,202037,0,0,0,3040,1738,22,1023,280,95831,626,0,0,0
45,666,median,4530,4530,0,0,279744,0,0,0,4529,287,2,1802,2441,49939,1802,0,0,0
45,666,sd,3763,3763,0,0,257352,0,0,0,3762,711,2,1580,1472,72116,1580,0,0,0
45,666,caliber,3565,3565,74098,3212,99880,0,0,0,3842,2843,0,1000,0,0,0,0,0,0
45,666,degree4,3771,3771,78584,3167,99880,0,0,0,3770,2771,0,1000,0,0,0,0,0,18446744073709551615
45,666,selected_grid,2155,2155,0,0,210597,0,0,0,2154,228,9,1108,819,88263,837,0,0,0
45,666,always,4759,4759,102804,4266,99880,786,78320,3972,4758,3759,0,1000,0,0,0,99880,9974046,18446744073709551615
45,666,high_high,4759,4759,102804,4266,99880,786,78320,3972,4758,3759,0,1000,0,0,0,99880,9974046,18446744073709551615
45,666,complement,4759,4759,102804,4266,99880,786,78320,3972,4758,3759,0,1000,0,0,0,99880,9974046,18446744073709551615
45,666,tail_only,3771,3771,78584,3167,99880,0,0,0,3770,2771,0,1000,0,0,0,0,0,18446744073709551615
45,666,head_only,3771,3771,78584,3167,99880,0,0,0,3770,2771,0,1000,0,0,0,0,0,18446744073709551615
45,666,adaptive,3771,3771,78584,3167,99880,0,0,0,3770,2771,0,1000,0,0,0,0,0,18446744073709551615
45,666,random_0,3771,3771,78584,3167,99880,0,0,0,3770,2771,0,1000,0,0,0,0,0,18446744073709551615
45,666,budget_random_0,3771,3771,78584,3167,99880,0,0,0,3770,2771,0,1000,0,0,0,0,0,0
45,666,random_1,3771,3771,78584,3167,99880,0,0,0,3770,2771,0,1000,0,0,0,0,0,18446744073709551615
45,666,budget_random_1,3771,3771,78584,3167,99880,0,0,0,3770,2771,0,1000,0,0,0,0,0,0
45,666,random_2,3771,3771,78584,3167,99880,0,0,0,3770,2771,0,1000,0,0,0,0,0,18446744073709551615
45,666,budget_random_2,3771,3771,78584,3167,99880,0,0,0,3770,2771,0,1000,0,0,0,0,0,0
45,666,random_3,3771,3771,78584,3167,99880,0,0,0,3770,2771,0,1000,0,0,0,0,0,18446744073709551615
45,666,budget_random_3,3771,3771,78584,3167,99880,0,0,0,3770,2771,0,1000,0,0,0,0,0,0
45,666,random_4,3771,3771,78584,3167,99880,0,0,0,3770,2771,0,1000,0,0,0,0,0,18446744073709551615
45,666,budget_random_4,3771,3771,78584,3167,99880,0,0,0,3770,2771,0,1000,0,0,0,0,0,0
46,666,std_binary,0,0,0,0,0,0,0,0,0,0,0,0,0,0,0,0,0,0
46,666,binary,8586,8586,199422,7482,399842,0,0,0,8585,6586,0,2000,0,0,0,0,0,0
46,666,fourary,8586,8586,205594,7482,399842,0,0,0,8585,6586,0,2000,0,0,0,0,0,0
46,666,mean_map,10754,10754,0,0,1142097,0,0,0,10753,401,2,3712,6641,199723,3712,0,0,0
46,666,mean_ring,10754,10754,0,0,1142097,0,0,0,10753,401,2,3712,6641,199723,3712,0,0,0
46,666,mean_degree,8565,8565,0,0,799684,0,0,0,8564,6494,405,2000,71,399842,142,0,0,0
46,666,max_maxdegree,8586,8586,0,0,799684,0,0,0,8585,6462,262,2000,124,399842,221,0,0,0
46,666,original_mean,0,0,0,0,0,0,0,0,0,0,0,0,0,0,0,0,0,0
46,666,list_both,10754,10754,0,0,2070747,0,0,0,10753,401,2,10353,6641,1034248,10353,0,0,0
46,666,skip_only,10754,10754,0,0,742255,0,0,0,10753,401,2,3712,6641,371163,3712,0,0,0
46,666,heavy_only,10754,10754,0,0,2470589,0,0,0,10753,401,2,10353,6641,199723,10353,0,0,0
46,666,mean_sqrtdegree,7089,7089,0,0,806817,0,0,0,7088,4344,30,2036,709,389463,1325,0,0,0
46,666,median,10754,10754,0,0,1142097,0,0,0,10753,402,2,3712,6640,199920,3712,0,0,0
46,666,sd,9198,9198,0,0,1101898,0,0,0,9197,949,2,3511,4738,288798,3511,0,0,0
46,666,caliber,8316,8316,192791,7629,399842,0,0,0,8794,6795,0,2000,0,0,0,0,0,0
46,666,degree4,8586,8586,199422,7482,399842,0,0,0,8585,6586,0,2000,0,0,0,0,0,18446744073709551615
46,666,selected_grid,6077,6077,0,0,809572,0,0,0,6076,3026,21,2050,1001,383560,1125,0,0,0
46,666,always,11015,11015,267526,10201,399842,1565,313471,9449,11014,9015,0,2000,0,0,0,399842,79925420,18446744073709551615
46,666,high_high,11015,11015,267526,10201,399842,1565,313471,9449,11014,9015,0,2000,0,0,0,399842,79925420,18446744073709551615
46,666,complement,11015,11015,267526,10201,399842,1565,313471,9449,11014,9015,0,2000,0,0,0,399842,79925420,18446744073709551615
46,666,tail_only,8586,8586,199422,7482,399842,0,0,0,8585,6586,0,2000,0,0,0,0,0,18446744073709551615
46,666,head_only,8586,8586,199422,7482,399842,0,0,0,8585,6586,0,2000,0,0,0,0,0,18446744073709551615
46,666,adaptive,8586,8586,199422,7482,399842,0,0,0,8585,6586,0,2000,0,0,0,0,0,18446744073709551615
46,666,random_0,8586,8586,199422,7482,399842,0,0,0,8585,6586,0,2000,0,0,0,0,0,18446744073709551615
46,666,budget_random_0,8586,8586,199422,7482,399842,0,0,0,8585,6586,0,2000,0,0,0,0,0,0
46,666,random_1,8586,8586,199422,7482,399842,0,0,0,8585,6586,0,2000,0,0,0,0,0,18446744073709551615
46,666,budget_random_1,8586,8586,199422,7482,399842,0,0,0,8585,6586,0,2000,0,0,0,0,0,0
46,666,random_2,8586,8586,199422,7482,399842,0,0,0,8585,6586,0,2000,0,0,0,0,0,18446744073709551615
46,666,budget_random_2,8586,8586,199422,7482,399842,0,0,0,8585,6586,0,2000,0,0,0,0,0,0
46,666,random_3,8586,8586,199422,7482,399842,0,0,0,8585,6586,0,2000,0,0,0,0,0,18446744073709551615
46,666,budget_random_3,8586,8586,199422,7482,399842,0,0,0,8585,6586,0,2000,0,0,0,0,0,0
46,666,random_4,8586,8586,199422,7482,399842,0,0,0,8585,6586,0,2000,0,0,0,0,0,18446744073709551615
46,666,budget_random_4,8586,8586,199422,7482,399842,0,0,0,8585,6586,0,2000,0,0,0,0,0,0
46,1333,std_binary,0,0,0,0,0,0,0,0,0,0,0,0,0,0,0,0,0,0
46,1333,binary,8715,8715,203083,7632,399842,0,0,0,8714,6715,0,2000,0,0,0,0,0,0
46,1333,fourary,8715,8715,209124,7632,399842,0,0,0,8714,6715,0,2000,0,0,0,0,0,0
46,1333,mean_map,11718,11718,0,0,1174163,0,0,0,11717,568,2,3872,7278,199723,3872,0,0,0
46,1333,mean_ring,11718,11718,0,0,1174163,0,0,0,11717,568,2,3872,7278,199723,3872,0,0,0
46,1333,mean_degree,8739,8739,0,0,799684,0,0,0,8738,6668,405,2000,71,399842,149,0,0,0
46,1333,max_maxdegree,8807,8807,0,0,799684,0,0,0,8806,6676,261,2000,131,399842,219,0,0,0
46,1333,original_mean,0,0,0,0,0,0,0,0,0,0,0,0,0,0,0,0,0,0
46,1333,list_both,11718,11718,0,0,2228488,0,0,0,11717,568,2,11150,7278,1113433,11150,0,0,0
46,1333,skip_only,11718,11718,0,0,774321,0,0,0,11717,568,2,3872,7278,386540,3872,0,0,0
46,1333,heavy_only,11718,11718,0,0,2628330,0,0,0,11717,568,2,11150,7278,199723,11150,0,0,0
46,1333,mean_sqrtdegree,7002,7002,0,0,807137,0,0,0,7001,4233,30,2037,732,389463,1499,0,0,0
46,1333,median,11717,11717,0,0,1173967,0,0,0,11716,569,2,3871,7277,199920,3871,0,0,0
46,1333,sd,10144,10144,0,0,1143830,0,0,0,10143,1165,2,3722,5257,288798,3722,0,0,0
46,1333,caliber,8430,8430,196147,7741,399842,0,0,0,8932,6933,0,2000,0,0,0,0,0,0
46,1333,degree4,8715,8715,203083,7632,399842,0,0,0,8714,6715,0,2000,0,0,0,0,0,18446744073709551615
46,1333,selected_grid,6602,6602,0,0,812272,0,0,0,6601,3642,21,2063,897,383560,1395,0,0,0
46,1333,always,11150,11150,271084,10328,399842,1602,321211,9547,11149,9150,0,2000,0,0,0,399842,79925420,18446744073709551615
46,1333,high_high,11150,11150,271084,10328,399842,1602,321211,9547,11149,9150,0,2000,0,0,0,399842,79925420,18446744073709551615
46,1333,complement,11150,11150,271084,10328,399842,1602,321211,9547,11149,9150,0,2000,0,0,0,399842,79925420,18446744073709551615
46,1333,tail_only,8715,8715,203083,7632,399842,0,0,0,8714,6715,0,2000,0,0,0,0,0,18446744073709551615
46,1333,head_only,8715,8715,203083,7632,399842,0,0,0,8714,6715,0,2000,0,0,0,0,0,18446744073709551615
46,1333,adaptive,8715,8715,203083,7632,399842,0,0,0,8714,6715,0,2000,0,0,0,0,0,18446744073709551615
46,1333,random_0,8715,8715,203083,7632,399842,0,0,0,8714,6715,0,2000,0,0,0,0,0,18446744073709551615
46,1333,budget_random_0,8715,8715,203083,7632,399842,0,0,0,8714,6715,0,2000,0,0,0,0,0,0
46,1333,random_1,8715,8715,203083,7632,399842,0,0,0,8714,6715,0,2000,0,0,0,0,0,18446744073709551615
46,1333,budget_random_1,8715,8715,203083,7632,399842,0,0,0,8714,6715,0,2000,0,0,0,0,0,0
46,1333,random_2,8715,8715,203083,7632,399842,0,0,0,8714,6715,0,2000,0,0,0,0,0,18446744073709551615
46,1333,budget_random_2,8715,8715,203083,7632,399842,0,0,0,8714,6715,0,2000,0,0,0,0,0,0
46,1333,random_3,8715,8715,203083,7632,399842,0,0,0,8714,6715,0,2000,0,0,0,0,0,18446744073709551615
46,1333,budget_random_3,8715,8715,203083,7632,399842,0,0,0,8714,6715,0,2000,0,0,0,0,0,0
46,1333,random_4,8715,8715,203083,7632,399842,0,0,0,8714,6715,0,2000,0,0,0,0,0,18446744073709551615
46,1333,budget_random_4,8715,8715,203083,7632,399842,0,0,0,8714,6715,0,2000,0,0,0,0,0,0
47,1666,std_binary,0,0,0,0,0,0,0,0,0,0,0,0,0,0,0,0,0,0
47,1666,binary,24062,24062,635260,21888,2497754,0,0,0,24061,19062,0,5000,0,0,0,0,0,0
47,1666,fourary,24062,24062,636180,21888,2497754,0,0,0,24061,19062,0,5000,0,0,0,0,0,0
47,1666,mean_map,30405,30405,0,0,6614640,0,0,0,30404,501,2,8239,21665,1248871,8239,0,0,0
47,1666,mean_ring,30405,30405,0,0,6614640,0,0,0,30404,501,2,8239,21665,1248871,8239,0,0,0
47,1666,mean_degree,24047,24047,0,0,4995508,0,0,0,24046,18901,1000,5000,146,2497754,242,0,0,0
47,1666,max_maxdegree,24063,24063,0,0,4995508,0,0,0,24062,18832,591,5000,231,2497754,391,0,0,0
47,1666,original_mean,0,0,0,0,0,0,0,0,0,0,0,0,0,0,0,0,0,0
47,1666,list_both,30405,30405,0,0,14947553,0,0,0,30404,501,2,29904,21665,7472036,29904,0,0,0
47,1666,skip_only,30405,30405,0,0,4116886,0,0,0,30404,501,2,8239,21665,2057921,8239,0,0,0
47,1666,heavy_only,30405,30405,0,0,17445307,0,0,0,30404,501,2,29904,21665,1248871,29904,0,0,0
47,1666,mean_sqrtdegree,19504,19504,0,0,5003017,0,0,0,19503,12573,46,5015,1916,2466065,3023,0,0,0
47,1666,median,30405,30405,0,0,6614640,0,0,0,30404,501,2,8239,21665,1248876,8239,0,0,0
47,1666,sd,26303,26303,0,0,6476755,0,0,0,26302,1463,2,7966,16874,1801570,7966,0,0,0
47,1666,caliber,23912,23912,632272,22405,2497754,0,0,0,24851,19852,0,5000,0,0,0,0,0,0
47,1666,degree4,24062,24062,635260,21888,2497754,0,0,0,24061,19062,0,5000,0,0,0,0,0,18446744073709551615
47,1666,selected_grid,19561,19561,0,0,5010358,0,0,0,19560,12525,41,5030,2006,2459347,3456,0,0,0
47,1666,always,30460,30460,828895,28782,2497754,3582,1788795,26877,30459,25460,0,5000,0,0,0,2497754,1247754624,18446744073709551615
47,1666,high_high,30460,30460,828895,28782,2497754,3582,1788795,26877,30459,25460,0,5000,0,0,0,2497754,1247754624,18446744073709551615
47,1666,complement,30460,30460,828895,28782,2497754,3582,1788795,26877,30459,25460,0,5000,0,0,0,2497754,1247754624,18446744073709551615
47,1666,tail_only,24062,24062,635260,21888,2497754,0,0,0,24061,19062,0,5000,0,0,0,0,0,18446744073709551615
47,1666,head_only,24062,24062,635260,21888,2497754,0,0,0,24061,19062,0,5000,0,0,0,0,0,18446744073709551615
47,1666,adaptive,24062,24062,635260,21888,2497754,0,0,0,24061,19062,0,5000,0,0,0,0,0,18446744073709551615
47,1666,random_0,24062,24062,635260,21888,2497754,0,0,0,24061,19062,0,5000,0,0,0,0,0,18446744073709551615
47,1666,budget_random_0,24062,24062,635260,21888,2497754,0,0,0,24061,19062,0,5000,0,0,0,0,0,0
47,1666,random_1,24062,24062,635260,21888,2497754,0,0,0,24061,19062,0,5000,0,0,0,0,0,18446744073709551615
47,1666,budget_random_1,24062,24062,635260,21888,2497754,0,0,0,24061,19062,0,5000,0,0,0,0,0,0
47,1666,random_2,24062,24062,635260,21888,2497754,0,0,0,24061,19062,0,5000,0,0,0,0,0,18446744073709551615
47,1666,budget_random_2,24062,24062,635260,21888,2497754,0,0,0,24061,19062,0,5000,0,0,0,0,0,0
47,1666,random_3,24062,24062,635260,21888,2497754,0,0,0,24061,19062,0,5000,0,0,0,0,0,18446744073709551615
47,1666,budget_random_3,24062,24062,635260,21888,2497754,0,0,0,24061,19062,0,5000,0,0,0,0,0,0
47,1666,random_4,24062,24062,635260,21888,2497754,0,0,0,24061,19062,0,5000,0,0,0,0,0,18446744073709551615
47,1666,budget_random_4,24062,24062,635260,21888,2497754,0,0,0,24061,19062,0,5000,0,0,0,0,0,0
47,3333,std_binary,0,0,0,0,0,0,0,0,0,0,0,0,0,0,0,0,0,0
47,3333,binary,23943,23943,632034,21832,2497754,0,0,0,23942,18943,0,5000,0,0,0,0,0,0
47,3333,fourary,23943,23943,631834,21832,2497754,0,0,0,23942,18943,0,5000,0,0,0,0,0,0
47,3333,mean_map,29919,29919,0,0,6645715,0,0,0,29918,529,2,8303,21087,1248871,8303,0,0,0
47,3333,mean_ring,29919,29919,0,0,6645715,0,0,0,29918,529,2,8303,21087,1248871,8303,0,0,0
47,3333,mean_degree,23935,23935,0,0,4995508,0,0,0,23934,18793,994,5000,142,2497754,241,0,0,0
47,3333,max_maxdegree,23906,23906,0,0,4995508,0,0,0,23905,18676,589,5000,230,2497754,393,0,0,0
47,3333,original_mean,0,0,0,0,0,0,0,0,0,0,0,0,0,0,0,0,0,0
47,3333,list_both,29919,29919,0,0,14684060,0,0,0,29918,529,2,29390,21087,7343663,29390,0,0,0
47,3333,skip_only,29919,29919,0,0,4147961,0,0,0,29918,529,2,8303,21087,2073634,8303,0,0,0
47,3333,heavy_only,29919,29919,0,0,17181814,0,0,0,29918,529,2,29390,21087,1248871,29390,0,0,0
47,3333,mean_sqrtdegree,19592,19592,0,0,5009051,0,0,0,19591,12610,47,5027,1955,2466065,2816,0,0,0
47,3333,median,29919,29919,0,0,6645715,0,0,0,29918,529,2,8303,21087,1248876,8303,0,0,0
47,3333,sd,25895,25895,0,0,6474838,0,0,0,25894,1475,2,7960,16460,1801570,7960,0,0,0
47,3333,caliber,23772,23772,627760,22286,2497754,0,0,0,24672,19673,0,5000,0,0,0,0,0,0
47,3333,degree4,23943,23943,632034,21832,2497754,0,0,0,23942,18943,0,5000,0,0,0,0,0,18446744073709551615
47,3333,selected_grid,19795,19795,0,0,5016899,0,0,0,19794,12735,42,5043,2017,2459347,3689,0,0,0
47,3333,always,30633,30633,833151,29106,2497754,3473,1736248,27159,30632,25633,0,5000,0,0,0,2497754,1247754624,18446744073709551615
47,3333,high_high,30633,30633,833151,29106,2497754,3473,1736248,27159,30632,25633,0,5000,0,0,0,2497754,1247754624,18446744073709551615
47,3333,complement,30633,30633,833151,29106,2497754,3473,1736248,27159,30632,25633,0,5000,0,0,0,2497754,1247754624,18446744073709551615
47,3333,tail_only,23943,23943,632034,21832,2497754,0,0,0,23942,18943,0,5000,0,0,0,0,0,18446744073709551615
47,3333,head_only,23943,23943,632034,21832,2497754,0,0,0,23942,18943,0,5000,0,0,0,0,0,18446744073709551615
47,3333,adaptive,23943,23943,632034,21832,2497754,0,0,0,23942,18943,0,5000,0,0,0,0,0,18446744073709551615
47,3333,random_0,23943,23943,632034,21832,2497754,0,0,0,23942,18943,0,5000,0,0,0,0,0,18446744073709551615
47,3333,budget_random_0,23943,23943,632034,21832,2497754,0,0,0,23942,18943,0,5000,0,0,0,0,0,0
47,3333,random_1,23943,23943,632034,21832,2497754,0,0,0,23942,18943,0,5000,0,0,0,0,0,18446744073709551615
47,3333,budget_random_1,23943,23943,632034,21832,2497754,0,0,0,23942,18943,0,5000,0,0,0,0,0,0
47,3333,random_2,23943,23943,632034,21832,2497754,0,0,0,23942,18943,0,5000,0,0,0,0,0,18446744073709551615
47,3333,budget_random_2,23943,23943,632034,21832,2497754,0,0,0,23942,18943,0,5000,0,0,0,0,0,0
47,3333,random_3,23943,23943,632034,21832,2497754,0,0,0,23942,18943,0,5000,0,0,0,0,0,18446744073709551615
47,3333,budget_random_3,23943,23943,632034,21832,2497754,0,0,0,23942,18943,0,5000,0,0,0,0,0,0
47,3333,random_4,23943,23943,632034,21832,2497754,0,0,0,23942,18943,0,5000,0,0,0,0,0,18446744073709551615
47,3333,budget_random_4,23943,23943,632034,21832,2497754,0,0,0,23942,18943,0,5000,0,0,0,0,0,0
48,333,std_binary,0,0,0,0,0,0,0,0,0,0,0,0,0,0,0,0,0,0
48,333,binary,1251,1251,13443,83,3870,0,0,0,1250,251,0,1000,0,0,0,0,0,0
48,333,fourary,1251,1251,14988,83,3870,0,0,0,1250,251,0,1000,0,0,0,0,0,0
48,333,mean_map,1185,1185,0,0,7767,0,0,0,1184,63,26,1007,115,1940,73,0,0,0
48,333,mean_ring,1185,1185,0,0,7767,0,0,0,1184,63,26,1007,115,1940,73,0,0,0
48,333,mean_degree,1257,1257,0,0,7740,0,0,0,1256,213,95,1000,44,3702,23,0,0,0
48,333,max_maxdegree,1244,1244,0,0,7740,0,0,0,1243,169,56,1000,75,3230,38,0,0,0
48,333,original_mean,0,0,0,0,0,0,0,0,0,0,0,0,0,0,0,0,0,0
48,333,list_both,1185,1185,0,0,4344,0,0,0,1184,63,26,1122,115,2178,80,0,0,0
48,333,skip_only,1185,1185,0,0,3897,0,0,0,1184,63,26,1007,115,1950,73,0,0,0
48,333,heavy_only,1185,1185,0,0,8214,0,0,0,1184,63,26,1122,115,1940,80,0,0,0
48,333,mean_sqrtdegree,1234,1234,0,0,7740,0,0,0,1233,148,50,1000,86,3114,38,0,0,0
48,333,median,1190,1190,0,0,7763,0,0,0,1189,69,26,1006,115,1934,73,0,0,0
48,333,sd,1238,1238,0,0,7740,0,0,0,1237,155,55,1000,83,3194,37,0,0,0
48,333,caliber,1006,1006,11200,94,3870,0,0,0,1319,320,0,1000,0,0,0,0,0,0
48,333,degree4,1371,1371,16667,143,3870,628,2428,742,1370,371,0,1000,0,0,0,3870,15098,18446744073709551615
48,333,always,1371,1371,16667,143,3870,628,2428,742,1370,371,0,1000,0,0,0,3870,15098,18446744073709551615
48,333,high_high,1251,1251,13443,83,3870,0,0,0,1250,251,0,1000,0,0,0,0,0,18446744073709551615
48,333,complement,1251,1251,13443,83,3870,0,0,0,1250,251,0,1000,0,0,0,0,0,18446744073709551615
48,333,tail_only,1371,1371,16667,143,3870,628,2428,742,1370,371,0,1000,0,0,0,3870,15098,18446744073709551615
48,333,head_only,1371,1371,16667,143,3870,628,2428,742,1370,371,0,1000,0,0,0,3870,15098,18446744073709551615
48,333,adaptive,1263,1263,13729,85,3870,46,133,34,1262,263,0,1000,0,0,0,252,748,18446744073709551615
48,333,random_0,1371,1371,16667,143,3870,628,2428,742,1370,371,0,1000,0,0,0,3870,15098,18446744073709551615
48,333,budget_random_0,1371,1371,16667,143,3870,628,2428,742,1370,371,0,1000,0,0,0,3870,15098,2428
48,333,random_1,1371,1371,16667,143,3870,628,2428,742,1370,371,0,1000,0,0,0,3870,15098,18446744073709551615
48,333,budget_random_1,1371,1371,16667,143,3870,628,2428,742,1370,371,0,1000,0,0,0,3870,15098,2428
48,333,random_2,1371,1371,16667,143,3870,628,2428,742,1370,371,0,1000,0,0,0,3870,15098,18446744073709551615
48,333,budget_random_2,1371,1371,16667,143,3870,628,2428,742,1370,371,0,1000,0,0,0,3870,15098,2428
48,333,random_3,1371,1371,16667,143,3870,628,2428,742,1370,371,0,1000,0,0,0,3870,15098,18446744073709551615
48,333,budget_random_3,1371,1371,16667,143,3870,628,2428,742,1370,371,0,1000,0,0,0,3870,15098,2428
48,333,random_4,1371,1371,16667,143,3870,628,2428,742,1370,371,0,1000,0,0,0,3870,15098,18446744073709551615
48,333,budget_random_4,1371,1371,16667,143,3870,628,2428,742,1370,371,0,1000,0,0,0,3870,15098,2428
48,666,std_binary,0,0,0,0,0,0,0,0,0,0,0,0,0,0,0,0,0,0
48,666,binary,1262,1262,13865,88,3870,0,0,0,1261,262,0,1000,0,0,0,0,0,0
48,666,fourary,1262,1262,15275,88,3870,0,0,0,1261,262,0,1000,0,0,0,0,0,0
48,666,mean_map,1214,1214,0,0,7760,0,0,0,1213,67,24,1005,142,1940,71,0,0,0
48,666,mean_ring,1214,1214,0,0,7760,0,0,0,1213,67,24,1005,142,1940,71,0,0,0
48,666,mean_degree,1257,1257,0,0,7740,0,0,0,1256,206,91,1000,51,3702,24,0,0,0
48,666,max_maxdegree,1240,1240,0,0,7744,0,0,0,1239,156,52,1001,83,3230,40,0,0,0
48,666,original_mean,0,0,0,0,0,0,0,0,0,0,0,0,0,0,0,0,0,0
48,666,list_both,1214,1214,0,0,4436,0,0,0,1213,67,24,1147,142,2237,82,0,0,0
48,666,skip_only,1214,1214,0,0,3890,0,0,0,1213,67,24,1005,142,1949,71,0,0,0
48,666,heavy_only,1214,1214,0,0,8306,0,0,0,1213,67,24,1147,142,1940,82,0,0,0
48,666,mean_sqrtdegree,1239,1239,0,0,7752,0,0,0,1238,138,46,1003,98,3114,46,0,0,0
48,666,median,1210,1210,0,0,7756,0,0,0,1209,65,24,1004,141,1934,70,0,0,0
48,666,sd,1254,1254,0,0,7744,0,0,0,1253,151,51,1001,102,3194,40,0,0,0
48,666,caliber,1000,1000,11255,97,3870,0,0,0,1325,326,0,1000,0,0,0,0,0,0
48,666,degree4,1383,1383,17043,144,3870,626,2420,756,1382,383,0,1000,0,0,0,3870,15098,18446744073709551615
48,666,always,1383,1383,17043,144,3870,626,2420,756,1382,383,0,1000,0,0,0,3870,15098,18446744073709551615
48,666,high_high,1262,1262,13865,88,3870,0,0,0,1261,262,0,1000,0,0,0,0,0,18446744073709551615
48,666,complement,1262,1262,13865,88,3870,0,0,0,1261,262,0,1000,0,0,0,0,0,18446744073709551615
48,666,tail_only,1383,1383,17043,144,3870,626,2420,756,1382,383,0,1000,0,0,0,3870,15098,18446744073709551615
48,666,head_only,1383,1383,17043,144,3870,626,2420,756,1382,383,0,1000,0,0,0,3870,15098,18446744073709551615
48,666,adaptive,1272,1272,14056,90,3870,51,149,35,1271,272,0,1000,0,0,0,252,748,18446744073709551615
48,666,random_0,1383,1383,17043,144,3870,626,2420,756,1382,383,0,1000,0,0,0,3870,15098,18446744073709551615
48,666,budget_random_0,1383,1383,17043,144,3870,626,2420,756,1382,383,0,1000,0,0,0,3870,15098,2420
48,666,random_1,1383,1383,17043,144,3870,626,2420,756,1382,383,0,1000,0,0,0,3870,15098,18446744073709551615
48,666,budget_random_1,1383,1383,17043,144,3870,626,2420,756,1382,383,0,1000,0,0,0,3870,15098,2420
48,666,random_2,1383,1383,17043,144,3870,626,2420,756,1382,383,0,1000,0,0,0,3870,15098,18446744073709551615
48,666,budget_random_2,1383,1383,17043,144,3870,626,2420,756,1382,383,0,1000,0,0,0,3870,15098,2420
48,666,random_3,1383,1383,17043,144,3870,626,2420,756,1382,383,0,1000,0,0,0,3870,15098,18446744073709551615
48,666,budget_random_3,1383,1383,17043,144,3870,626,2420,756,1382,383,0,1000,0,0,0,3870,15098,2420
48,666,random_4,1383,1383,17043,144,3870,626,2420,756,1382,383,0,1000,0,0,0,3870,15098,18446744073709551615
48,666,budget_random_4,1383,1383,17043,144,3870,626,2420,756,1382,383,0,1000,0,0,0,3870,15098,2420
49,666,std_binary,0,0,0,0,0,0,0,0,0,0,0,0,0,0,0,0,0,0
49,666,binary,2519,2519,29889,123,7820,0,0,0,2518,519,0,2000,0,0,0,0,0,0
49,666,fourary,2519,2519,32931,123,7820,0,0,0,2518,519,0,2000,0,0,0,0,0,0
49,666,mean_map,2347,2347,0,0,15671,0,0,0,2346,114,35,2008,225,3928,102,0,0,0
49,666,mean_ring,2347,2347,0,0,15671,0,0,0,2346,114,35,2008,225,3928,102,0,0,0
49,666,mean_degree,2511,2511,0,0,15644,0,0,0,2510,418,136,2001,92,7476,32,0,0,0
49,666,max_maxdegree,2454,2454,0,0,15644,0,0,0,2453,308,78,2001,145,6532,51,0,0,0
49,666,original_mean,0,0,0,0,0,0,0,0,0,0,0,0,0,0,0,0,0,0
49,666,list_both,2347,2347,0,0,8736,0,0,0,2346,114,35,2233,225,4398,117,0,0,0
49,666,skip_only,2347,2347,0,0,7851,0,0,0,2346,114,35,2008,225,3941,102,0,0,0
49,666,heavy_only,2347,2347,0,0,16556,0,0,0,2346,114,35,2233,225,3928,117,0,0,0
49,666,mean_sqrtdegree,2446,2446,0,0,15652,0,0,0,2445,283,69,2003,160,6320,58,0,0,0
49,666,median,2356,2356,0,0,15676,0,0,0,2355,123,35,2009,224,3908,102,0,0,0
49,666,sd,2455,2455,0,0,15644,0,0,0,2454,303,75,2001,151,6464,54,0,0,0
49,666,caliber,2013,2013,24530,133,7820,0,0,0,2659,660,0,2000,0,0,0,0,0,0
49,666,degree4,2782,2782,37067,209,7820,1249,4881,1532,2781,782,0,2000,0,0,0,7820,30748,18446744073709551615
49,666,always,2782,2782,37067,209,7820,1249,4881,1532,2781,782,0,2000,0,0,0,7820,30748,18446744073709551615
49,666,high_high,2519,2519,29889,123,7820,0,0,0,2518,519,0,2000,0,0,0,0,0,18446744073709551615
49,666,complement,2519,2519,29889,123,7820,0,0,0,2518,519,0,2000,0,0,0,0,0,18446744073709551615
49,666,tail_only,2782,2782,37067,209,7820,1249,4881,1532,2781,782,0,2000,0,0,0,7820,30748,18446744073709551615
49,666,head_only,2782,2782,37067,209,7820,1249,4881,1532,2781,782,0,2000,0,0,0,7820,30748,18446744073709551615
49,666,adaptive,2545,2545,30370,125,7820,74,217,57,2544,545,0,2000,0,0,0,352,1048,18446744073709551615
49,666,random_0,2782,2782,37067,209,7820,1249,4881,1532,2781,782,0,2000,0,0,0,7820,30748,18446744073709551615
49,666,budget_random_0,2782,2782,37067,209,7820,1249,4881,1532,2781,782,0,2000,0,0,0,7820,30748,4881
49,666,random_1,2782,2782,37067,209,7820,1249,4881,1532,2781,782,0,2000,0,0,0,7820,30748,18446744073709551615
49,666,budget_random_1,2782,2782,37067,209,7820,1249,4881,1532,2781,782,0,2000,0,0,0,7820,30748,4881
49,666,random_2,2782,2782,37067,209,7820,1249,4881,1532,2781,782,0,2000,0,0,0,7820,30748,18446744073709551615
49,666,budget_random_2,2782,2782,37067,209,7820,1249,4881,1532,2781,782,0,2000,0,0,0,7820,30748,4881
49,666,random_3,2782,2782,37067,209,7820,1249,4881,1532,2781,782,0,2000,0,0,0,7820,30748,18446744073709551615
49,666,budget_random_3,2782,2782,37067,209,7820,1249,4881,1532,2781,782,0,2000,0,0,0,7820,30748,4881
49,666,random_4,2782,2782,37067,209,7820,1249,4881,1532,2781,782,0,2000,0,0,0,7820,30748,18446744073709551615
49,666,budget_random_4,2782,2782,37067,209,7820,1249,4881,1532,2781,782,0,2000,0,0,0,7820,30748,4881
49,1333,std_binary,0,0,0,0,0,0,0,0,0,0,0,0,0,0,0,0,0,0
49,1333,binary,2525,2525,29739,117,7820,0,0,0,2524,525,0,2000,0,0,0,0,0,0
49,1333,fourary,2525,2525,32817,117,7820,0,0,0,2524,525,0,2000,0,0,0,0,0,0
49,1333,mean_map,2346,2346,0,0,15686,0,0,0,2345,115,38,2012,219,3928,96,0,0,0
49,1333,mean_ring,2346,2346,0,0,15686,0,0,0,2345,115,38,2012,219,3928,96,0,0,0
49,1333,mean_degree,2516,2516,0,0,15640,0,0,0,2515,434,144,2000,82,7476,32,0,0,0
49,1333,max_maxdegree,2465,2465,0,0,15640,0,0,0,2464,322,83,2000,143,6532,50,0,0,0
49,1333,original_mean,0,0,0,0,0,0,0,0,0,0,0,0,0,0,0,0,0,0
49,1333,list_both,2346,2346,0,0,8721,0,0,0,2345,115,38,2231,219,4383,109,0,0,0
49,1333,skip_only,2346,2346,0,0,7866,0,0,0,2345,115,38,2012,219,3949,96,0,0,0
49,1333,heavy_only,2346,2346,0,0,16541,0,0,0,2345,115,38,2231,219,3928,109,0,0,0
49,1333,mean_sqrtdegree,2434,2434,0,0,15644,0,0,0,2433,288,74,2001,145,6320,55,0,0,0
49,1333,median,2377,2377,0,0,15683,0,0,0,2376,127,38,2011,239,3908,93,0,0,0
49,1333,sd,2458,2458,0,0,15644,0,0,0,2457,313,80,2001,144,6464,52,0,0,0
49,1333,caliber,2030,2030,24647,131,7820,0,0,0,2685,686,0,2000,0,0,0,0,0,0
49,1333,degree4,2765,2765,36600,190,7820,1262,4932,1502,2764,765,0,2000,0,0,0,7820,30748,18446744073709551615
49,1333,always,2765,2765,36600,190,7820,1262,4932,1502,2764,765,0,2000,0,0,0,7820,30748,18446744073709551615
49,1333,high_high,2525,2525,29739,117,7820,0,0,0,2524,525,0,2000,0,0,0,0,0,18446744073709551615
49,1333,complement,2525,2525,29739,117,7820,0,0,0,2524,525,0,2000,0,0,0,0,0,18446744073709551615
49,1333,tail_only,2765,2765,36600,190,7820,1262,4932,1502,2764,765,0,2000,0,0,0,7820,30748,18446744073709551615
49,1333,head_only,2765,2765,36600,190,7820,1262,4932,1502,2764,765,0,2000,0,0,0,7820,30748,18446744073709551615
49,1333,adaptive,2539,2539,30044,118,7820,67,196,48,2538,539,0,2000,0,0,0,352,1048,18446744073709551615
49,1333,random_0,2765,2765,36600,190,7820,1262,4932,1502,2764,765,0,2000,0,0,0,7820,30748,18446744073709551615
49,1333,budget_random_0,2765,2765,36600,190,7820,1262,4932,1502,2764,765,0,2000,0,0,0,7820,30748,4932
49,1333,random_1,2765,2765,36600,190,7820,1262,4932,1502,2764,765,0,2000,0,0,0,7820,30748,18446744073709551615
49,1333,budget_random_1,2765,2765,36600,190,7820,1262,4932,1502,2764,765,0,2000,0,0,0,7820,30748,4932
49,1333,random_2,2765,2765,36600,190,7820,1262,4932,1502,2764,765,0,2000,0,0,0,7820,30748,18446744073709551615
49,1333,budget_random_2,2765,2765,36600,190,7820,1262,4932,1502,2764,765,0,2000,0,0,0,7820,30748,4932
49,1333,random_3,2765,2765,36600,190,7820,1262,4932,1502,2764,765,0,2000,0,0,0,7820,30748,18446744073709551615
49,1333,budget_random_3,2765,2765,36600,190,7820,1262,4932,1502,2764,765,0,2000,0,0,0,7820,30748,4932
49,1333,random_4,2765,2765,36600,190,7820,1262,4932,1502,2764,765,0,2000,0,0,0,7820,30748,18446744073709551615
49,1333,budget_random_4,2765,2765,36600,190,7820,1262,4932,1502,2764,765,0,2000,0,0,0,7820,30748,4932
50,1666,std_binary,0,0,0,0,0,0,0,0,0,0,0,0,0,0,0,0,0,0
50,1666,binary,6332,6332,82427,212,19700,0,0,0,6331,1332,0,5000,0,0,0,0,0,0
50,1666,fourary,6332,6332,91417,212,19700,0,0,0,6331,1332,0,5000,0,0,0,0,0,0
50,1666,mean_map,5954,5954,0,0,39468,0,0,0,5953,309,59,5017,628,9882,186,0,0,0
50,1666,mean_ring,5954,5954,0,0,39468,0,0,0,5953,309,59,5017,628,9882,186,0,0,0
50,1666,mean_degree,6328,6328,0,0,39400,0,0,0,6327,1081,228,5000,247,18902,53,0,0,0
50,1666,max_maxdegree,6223,6223,0,0,39408,0,0,0,6222,807,129,5002,414,16508,94,0,0,0
50,1666,original_mean,0,0,0,0,0,0,0,0,0,0,0,0,0,0,0,0,0,0
50,1666,list_both,5954,5954,0,0,22241,0,0,0,5953,309,59,5645,628,11158,205,0,0,0
50,1666,skip_only,5954,5954,0,0,19768,0,0,0,5953,309,59,5017,628,9912,186,0,0,0
50,1666,heavy_only,5954,5954,0,0,41941,0,0,0,5953,309,59,5645,628,9882,205,0,0,0
50,1666,mean_sqrtdegree,6196,6196,0,0,39424,0,0,0,6195,737,117,5006,453,15900,102,0,0,0
50,1666,median,5955,5955,0,0,39479,0,0,0,5954,309,59,5020,626,9848,187,0,0,0
50,1666,sd,6209,6209,0,0,39420,0,0,0,6208,784,125,5005,420,16308,88,0,0,0
50,1666,caliber,5061,5061,67865,260,19700,0,0,0,6683,1684,0,5000,0,0,0,0,0,0
50,1666,degree4,7046,7046,102571,359,19700,3167,12484,3878,7045,2046,0,5000,0,0,0,19700,77908,18446744073709551615
50,1666,always,7046,7046,102571,359,19700,3167,12484,3878,7045,2046,0,5000,0,0,0,19700,77908,18446744073709551615
50,1666,high_high,6332,6332,82427,212,19700,0,0,0,6331,1332,0,5000,0,0,0,0,0,18446744073709551615
50,1666,complement,6332,6332,82427,212,19700,0,0,0,6331,1332,0,5000,0,0,0,0,0,18446744073709551615
50,1666,tail_only,7046,7046,102571,359,19700,3167,12484,3878,7045,2046,0,5000,0,0,0,19700,77908,18446744073709551615
50,1666,head_only,7046,7046,102571,359,19700,3167,12484,3878,7045,2046,0,5000,0,0,0,19700,77908,18446744073709551615
50,1666,adaptive,6367,6367,83386,214,19700,121,361,106,6366,1367,0,5000,0,0,0,592,1768,18446744073709551615
50,1666,random_0,7046,7046,102571,359,19700,3167,12484,3878,7045,2046,0,5000,0,0,0,19700,77908,18446744073709551615
50,1666,budget_random_0,7046,7046,102571,359,19700,3167,12484,3878,7045,2046,0,5000,0,0,0,19700,77908,12484
50,1666,random_1,7046,7046,102571,359,19700,3167,12484,3878,7045,2046,0,5000,0,0,0,19700,77908,18446744073709551615
50,1666,budget_random_1,7046,7046,102571,359,19700,3167,12484,3878,7045,2046,0,5000,0,0,0,19700,77908,12484
50,1666,random_2,7046,7046,102571,359,19700,3167,12484,3878,7045,2046,0,5000,0,0,0,19700,77908,18446744073709551615
50,1666,budget_random_2,7046,7046,102571,359,19700,3167,12484,3878,7045,2046,0,5000,0,0,0,19700,77908,12484
50,1666,random_3,7046,7046,102571,359,19700,3167,12484,3878,7045,2046,0,5000,0,0,0,19700,77908,18446744073709551615
50,1666,budget_random_3,7046,7046,102571,359,19700,3167,12484,3878,7045,2046,0,5000,0,0,0,19700,77908,12484
50,1666,random_4,7046,7046,102571,359,19700,3167,12484,3878,7045,2046,0,5000,0,0,0,19700,77908,18446744073709551615
50,1666,budget_random_4,7046,7046,102571,359,19700,3167,12484,3878,7045,2046,0,5000,0,0,0,19700,77908,12484
50,3333,std_binary,0,0,0,0,0,0,0,0,0,0,0,0,0,0,0,0,0,0
50,3333,binary,6385,6385,82183,188,19700,0,0,0,6384,1385,0,5000,0,0,0,0,0,0
50,3333,fourary,6385,6385,91302,188,19700,0,0,0,6384,1385,0,5000,0,0,0,0,0,0
50,3333,mean_map,6014,6014,0,0,39475,0,0,0,6013,371,64,5019,624,9882,170,0,0,0
50,3333,mean_ring,6014,6014,0,0,39475,0,0,0,6013,371,64,5019,624,9882,170,0,0,0
50,3333,mean_degree,6373,6373,0,0,39400,0,0,0,6372,1087,247,5000,286,18902,46,0,0,0
50,3333,max_maxdegree,6264,6264,0,0,39435,0,0,0,6263,801,141,5009,454,16508,81,0,0,0
50,3333,original_mean,0,0,0,0,0,0,0,0,0,0,0,0,0,0,0,0,0,0
50,3333,list_both,6014,6014,0,0,22239,0,0,0,6013,371,64,5643,624,11133,188,0,0,0
50,3333,skip_only,6014,6014,0,0,19775,0,0,0,6013,371,64,5019,624,9913,170,0,0,0
50,3333,heavy_only,6014,6014,0,0,41939,0,0,0,6013,371,64,5643,624,9882,188,0,0,0
50,3333,mean_sqrtdegree,6244,6244,0,0,39423,0,0,0,6243,746,126,5006,492,15900,89,0,0,0
50,3333,median,6003,6003,0,0,39499,0,0,0,6002,348,64,5025,630,9848,161,0,0,0
50,3333,sd,6251,6251,0,0,39420,0,0,0,6250,776,136,5005,470,16308,84,0,0,0
50,3333,caliber,5139,5139,68515,224,19700,0,0,0,6768,1769,0,5000,0,0,0,0,0,0
50,3333,degree4,7133,7133,102897,326,19700,3197,12605,3935,7132,2133,0,5000,0,0,0,19700,77908,18446744073709551615
50,3333,always,7133,7133,102897,326,19700,3197,12605,3935,7132,2133,0,5000,0,0,0,19700,77908,18446744073709551615
50,3333,high_high,6385,6385,82183,188,19700,0,0,0,6384,1385,0,5000,0,0,0,0,0,18446744073709551615
50,3333,complement,6385,6385,82183,188,19700,0,0,0,6384,1385,0,5000,0,0,0,0,0,18446744073709551615
50,3333,tail_only,7133,7133,102897,326,19700,3197,12605,3935,7132,2133,0,5000,0,0,0,19700,77908,18446744073709551615
50,3333,head_only,7133,7133,102897,326,19700,3197,12605,3935,7132,2133,0,5000,0,0,0,19700,77908,18446744073709551615
50,3333,adaptive,6425,6425,83175,192,19700,124,370,109,6424,1425,0,5000,0,0,0,592,1768,18446744073709551615
50,3333,random_0,7133,7133,102897,326,19700,3197,12605,3935,7132,2133,0,5000,0,0,0,19700,77908,18446744073709551615
50,3333,budget_random_0,7133,7133,102897,326,19700,3197,12605,3935,7132,2133,0,5000,0,0,0,19700,77908,12605
50,3333,random_1,7133,7133,102897,326,19700,3197,12605,3935,7132,2133,0,5000,0,0,0,19700,77908,18446744073709551615
50,3333,budget_random_1,7133,7133,102897,326,19700,3197,12605,3935,7132,2133,0,5000,0,0,0,19700,77908,12605
50,3333,random_2,7133,7133,102897,326,19700,3197,12605,3935,7132,2133,0,5000,0,0,0,19700,77908,18446744073709551615
50,3333,budget_random_2,7133,7133,102897,326,19700,3197,12605,3935,7132,2133,0,5000,0,0,0,19700,77908,12605
50,3333,random_3,7133,7133,102897,326,19700,3197,12605,3935,7132,2133,0,5000,0,0,0,19700,77908,18446744073709551615
50,3333,budget_random_3,7133,7133,102897,326,19700,3197,12605,3935,7132,2133,0,5000,0,0,0,19700,77908,12605
50,3333,random_4,7133,7133,102897,326,19700,3197,12605,3935,7132,2133,0,5000,0,0,0,19700,77908,18446744073709551615
50,3333,budget_random_4,7133,7133,102897,326,19700,3197,12605,3935,7132,2133,0,5000,0,0,0,19700,77908,12605
51,3333,std_binary,0,0,0,0,0,0,0,0,0,0,0,0,0,0,0,0,0,0
51,3333,binary,12772,12772,182721,291,39600,0,0,0,12771,2772,0,10000,0,0,0,0,0,0
51,3333,fourary,12772,12772,201500,291,39600,0,0,0,12771,2772,0,10000,0,0,0,0,0,0
51,3333,mean_map,11997,11997,0,0,79438,0,0,0,11996,667,79,10060,1270,19928,248,0,0,0
51,3333,mean_ring,11997,11997,0,0,79438,0,0,0,11996,667,79,10060,1270,19928,248,0,0,0
51,3333,mean_degree,12761,12761,0,0,79204,0,0,0,12760,2200,309,10001,560,37978,73,0,0,0
51,3333,max_maxdegree,12502,12502,0,0,79266,0,0,0,12501,1604,174,10017,881,33102,116,0,0,0
51,3333,original_mean,0,0,0,0,0,0,0,0,0,0,0,0,0,0,0,0,0,0
51,3333,list_both,11997,11997,0,0,44865,0,0,0,11996,667,79,11330,1270,22565,278,0,0,0
51,3333,skip_only,11997,11997,0,0,39838,0,0,0,11996,667,79,10060,1270,20025,248,0,0,0
51,3333,heavy_only,11997,11997,0,0,84465,0,0,0,11996,667,79,11330,1270,19928,278,0,0,0
51,3333,mean_sqrtdegree,12468,12468,0,0,79264,0,0,0,12467,1493,157,10017,958,31980,133,0,0,0
51,3333,median,11996,11996,0,0,79381,0,0,0,11995,703,78,10046,1247,19798,257,0,0,0
51,3333,sd,12485,12485,0,0,79266,0,0,0,12484,1525,168,10017,943,32774,128,0,0,0
51,3333,caliber,10279,10279,152262,350,39600,0,0,0,13530,3531,0,10000,0,0,0,0,0,0
51,3333,degree4,14251,14251,226718,499,39600,6400,25352,7850,14250,4251,0,10000,0,0,0,39600,157208,18446744073709551615
51,3333,always,14251,14251,226718,499,39600,6400,25352,7850,14250,4251,0,10000,0,0,0,39600,157208,18446744073709551615
51,3333,high_high,12772,12772,182721,291,39600,0,0,0,12771,2772,0,10000,0,0,0,0,0,18446744073709551615
51,3333,complement,12772,12772,182721,291,39600,0,0,0,12771,2772,0,10000,0,0,0,0,0,18446744073709551615
51,3333,tail_only,14251,14251,226718,499,39600,6400,25352,7850,14250,4251,0,10000,0,0,0,39600,157208,18446744073709551615
51,3333,head_only,14251,14251,226718,499,39600,6400,25352,7850,14250,4251,0,10000,0,0,0,39600,157208,18446744073709551615
51,3333,adaptive,12820,12820,184143,295,39600,169,504,140,12819,2820,0,10000,0,0,0,792,2368,18446744073709551615
51,3333,random_0,14251,14251,226718,499,39600,6400,25352,7850,14250,4251,0,10000,0,0,0,39600,157208,18446744073709551615
51,3333,budget_random_0,14251,14251,226718,499,39600,6400,25352,7850,14250,4251,0,10000,0,0,0,39600,157208,25352
51,3333,random_1,14251,14251,226718,499,39600,6400,25352,7850,14250,4251,0,10000,0,0,0,39600,157208,18446744073709551615
51,3333,budget_random_1,14251,14251,226718,499,39600,6400,25352,7850,14250,4251,0,10000,0,0,0,39600,157208,25352
51,3333,random_2,14251,14251,226718,499,39600,6400,25352,7850,14250,4251,0,10000,0,0,0,39600,157208,18446744073709551615
51,3333,budget_random_2,14251,14251,226718,499,39600,6400,25352,7850,14250,4251,0,10000,0,0,0,39600,157208,25352
51,3333,random_3,14251,14251,226718,499,39600,6400,25352,7850,14250,4251,0,10000,0,0,0,39600,157208,18446744073709551615
51,3333,budget_random_3,14251,14251,226718,499,39600,6400,25352,7850,14250,4251,0,10000,0,0,0,39600,157208,25352
51,3333,random_4,14251,14251,226718,499,39600,6400,25352,7850,14250,4251,0,10000,0,0,0,39600,157208,18446744073709551615
51,3333,budget_random_4,14251,14251,226718,499,39600,6400,25352,7850,14250,4251,0,10000,0,0,0,39600,157208,25352
51,6666,std_binary,0,0,0,0,0,0,0,0,0,0,0,0,0,0,0,0,0,0
51,6666,binary,12684,12684,181480,288,39600,0,0,0,12683,2684,0,10000,0,0,0,0,0,0
51,6666,fourary,12684,12684,200002,288,39600,0,0,0,12683,2684,0,10000,0,0,0,0,0,0
51,6666,mean_map,11917,11917,0,0,79406,0,0,0,11916,650,80,10052,1215,19928,240,0,0,0
51,6666,mean_ring,11917,11917,0,0,79406,0,0,0,11916,650,80,10052,1215,19928,240,0,0,0
51,6666,mean_degree,12686,12686,0,0,79200,0,0,0,12685,2196,312,10000,490,37978,71,0,0,0
51,6666,max_maxdegree,12432,12432,0,0,79231,0,0,0,12431,1589,175,10008,835,33102,118,0,0,0
51,6666,original_mean,0,0,0,0,0,0,0,0,0,0,0,0,0,0,0,0,0,0
51,6666,list_both,11917,11917,0,0,44619,0,0,0,11916,650,80,11267,1215,22435,265,0,0,0
51,6666,skip_only,11917,11917,0,0,39806,0,0,0,11916,650,80,10052,1215,20009,240,0,0,0
51,6666,heavy_only,11917,11917,0,0,84219,0,0,0,11916,650,80,11267,1215,19928,265,0,0,0
51,6666,mean_sqrtdegree,12425,12425,0,0,79271,0,0,0,12424,1485,159,10018,922,31980,132,0,0,0
51,6666,median,11936,11936,0,0,79432,0,0,0,11935,683,80,10058,1195,19798,256,0,0,0
51,6666,sd,12463,12463,0,0,79232,0,0,0,12462,1605,171,10008,850,32774,122,0,0,0
51,6666,caliber,10132,10132,149345,333,39600,0,0,0,13357,3358,0,10000,0,0,0,0,0,0
51,6666,degree4,14098,14098,223853,478,39600,6338,25108,7759,14097,4098,0,10000,0,0,0,39600,157208,18446744073709551615
51,6666,always,14098,14098,223853,478,39600,6338,25108,7759,14097,4098,0,10000,0,0,0,39600,157208,18446744073709551615
51,6666,high_high,12684,12684,181480,288,39600,0,0,0,12683,2684,0,10000,0,0,0,0,0,18446744073709551615
51,6666,complement,12684,12684,181480,288,39600,0,0,0,12683,2684,0,10000,0,0,0,0,0,18446744073709551615
51,6666,tail_only,14098,14098,223853,478,39600,6338,25108,7759,14097,4098,0,10000,0,0,0,39600,157208,18446744073709551615
51,6666,head_only,14098,14098,223853,478,39600,6338,25108,7759,14097,4098,0,10000,0,0,0,39600,157208,18446744073709551615
51,6666,adaptive,12728,12728,182714,290,39600,164,489,138,12727,2728,0,10000,0,0,0,792,2368,18446744073709551615
51,6666,random_0,14098,14098,223853,478,39600,6338,25108,7759,14097,4098,0,10000,0,0,0,39600,157208,18446744073709551615
51,6666,budget_random_0,14098,14098,223853,478,39600,6338,25108,7759,14097,4098,0,10000,0,0,0,39600,157208,25108
51,6666,random_1,14098,14098,223853,478,39600,6338,25108,7759,14097,4098,0,10000,0,0,0,39600,157208,18446744073709551615
51,6666,budget_random_1,14098,14098,223853,478,39600,6338,25108,7759,14097,4098,0,10000,0,0,0,39600,157208,25108
51,6666,random_2,14098,14098,223853,478,39600,6338,25108,7759,14097,4098,0,10000,0,0,0,39600,157208,18446744073709551615
51,6666,budget_random_2,14098,14098,223853,478,39600,6338,25108,7759,14097,4098,0,10000,0,0,0,39600,157208,25108
51,6666,random_3,14098,14098,223853,478,39600,6338,25108,7759,14097,4098,0,10000,0,0,0,39600,157208,18446744073709551615
51,6666,budget_random_3,14098,14098,223853,478,39600,6338,25108,7759,14097,4098,0,10000,0,0,0,39600,157208,25108
51,6666,random_4,14098,14098,223853,478,39600,6338,25108,7759,14097,4098,0,10000,0,0,0,39600,157208,18446744073709551615
51,6666,budget_random_4,14098,14098,223853,478,39600,6338,25108,7759,14097,4098,0,10000,0,0,0,39600,157208,25108
52,333,std_binary,0,0,0,0,0,0,0,0,0,0,0,0,0,0,0,0,0,0
52,333,binary,1390,1390,14228,78,5994,0,0,0,1389,391,0,999,0,0,0,0,0,0
52,333,fourary,1390,1390,16068,78,5994,0,0,0,1389,391,0,999,0,0,0,0,0,0
52,333,mean_map,1339,1339,0,0,11994,0,0,0,1338,63,39,1000,276,2884,55,0,0,0
52,333,mean_ring,1339,1339,0,0,11994,0,0,0,1338,63,39,1000,276,2884,55,0,0,0
52,333,mean_degree,1387,1387,0,0,11994,0,0,0,1386,289,208,1000,98,5877,14,0,0,0
52,333,max_maxdegree,1345,1345,0,0,12006,0,0,0,1344,106,61,1002,237,4784,36,0,0,0
52,333,original_mean,0,0,0,0,0,0,0,0,0,0,0,0,0,0,0,0,0,0
52,333,list_both,1339,1339,0,0,7656,0,0,0,1338,63,39,1276,276,3536,69,0,0,0
52,333,skip_only,1339,1339,0,0,6000,0,0,0,1338,63,39,1000,276,2885,55,0,0,0
52,333,heavy_only,1339,1339,0,0,13650,0,0,0,1338,63,39,1276,276,2884,69,0,0,0
52,333,mean_sqrtdegree,1375,1375,0,0,11994,0,0,0,1374,165,91,1000,210,5454,26,0,0,0
52,333,median,1333,1333,0,0,12012,0,0,0,1332,64,39,1003,266,2993,59,0,0,0
52,333,sd,1383,1383,0,0,12006,0,0,0,1382,166,83,1002,215,5360,28,0,0,0
52,333,caliber,1216,1216,12541,83,5994,0,0,0,1420,422,0,999,0,0,0,0,0,0
52,333,degree4,1390,1390,14228,78,5994,0,0,0,1389,391,0,999,0,0,0,0,0,18446744073709551615
52,333,always,1795,1795,22225,167,5994,580,3480,1214,1794,796,0,999,0,0,0,6000,36000,18446744073709551615
52,333,high_high,1795,1795,22225,167,5994,580,3480,1214,1794,796,0,999,0,0,0,6000,36000,18446744073709551615
52,333,complement,1795,1795,22225,167,5994,580,3480,1214,1794,796,0,999,0,0,0,6000,36000,18446744073709551615
52,333,tail_only,1390,1390,14228,78,5994,0,0,0,1389,391,0,999,0,0,0,0,0,18446744073709551615
52,333,head_only,1390,1390,14228,78,5994,0,0,0,1389,391,0,999,0,0,0,0,0,18446744073709551615
52,333,adaptive,1390,1390,14228,78,5994,0,0,0,1389,391,0,999,0,0,0,0,0,18446744073709551615
52,333,random_0,1390,1390,14228,78,5994,0,0,0,1389,391,0,999,0,0,0,0,0,18446744073709551615
52,333,budget_random_0,1390,1390,14228,78,5994,0,0,0,1389,391,0,999,0,0,0,0,0,0
52,333,random_1,1390,1390,14228,78,5994,0,0,0,1389,391,0,999,0,0,0,0,0,18446744073709551615
52,333,budget_random_1,1390,1390,14228,78,5994,0,0,0,1389,391,0,999,0,0,0,0,0,0
52,333,random_2,1390,1390,14228,78,5994,0,0,0,1389,391,0,999,0,0,0,0,0,18446744073709551615
52,333,budget_random_2,1390,1390,14228,78,5994,0,0,0,1389,391,0,999,0,0,0,0,0,0
52,333,random_3,1390,1390,14228,78,5994,0,0,0,1389,391,0,999,0,0,0,0,0,18446744073709551615
52,333,budget_random_3,1390,1390,14228,78,5994,0,0,0,1389,391,0,999,0,0,0,0,0,0
52,333,random_4,1390,1390,14228,78,5994,0,0,0,1389,391,0,999,0,0,0,0,0,18446744073709551615
52,333,budget_random_4,1390,1390,14228,78,5994,0,0,0,1389,391,0,999,0,0,0,0,0,0
52,666,std_binary,0,0,0,0,0,0,0,0,0,0,0,0,0,0,0,0,0,0
52,666,binary,1388,1388,14025,85,5994,0,0,0,1387,389,0,999,0,0,0,0,0,0
52,666,fourary,1388,1388,15823,85,5994,0,0,0,1387,389,0,999,0,0,0,0,0,0
52,666,mean_map,1348,1348,0,0,12006,0,0,0,1347,65,40,1002,281,2884,56,0,0,0
52,666,mean_ring,1348,1348,0,0,12006,0,0,0,1347,65,40,1002,281,2884,56,0,0,0
52,666,mean_degree,1384,1384,0,0,11988,0,0,0,1383,273,221,999,112,5877,17,0,0,0
52,666,max_maxdegree,1348,1348,0,0,12006,0,0,0,1347,120,64,1002,226,4784,41,0,0,0
52,666,original_mean,0,0,0,0,0,0,0,0,0,0,0,0,0,0,0,0,0,0
52,666,list_both,1348,1348,0,0,7698,0,0,0,1347,65,40,1283,281,3556,72,0,0,0
52,666,skip_only,1348,1348,0,0,6012,0,0,0,1347,65,40,1002,281,2892,56,0,0,0
52,666,heavy_only,1348,1348,0,0,13692,0,0,0,1347,65,40,1283,281,2884,72,0,0,0
52,666,mean_sqrtdegree,1378,1378,0,0,12000,0,0,0,1377,181,97,1001,196,5454,31,0,0,0
52,666,median,1321,1321,0,0,12006,0,0,0,1320,53,41,1002,266,2993,55,0,0,0
52,666,sd,1376,1376,0,0,11994,0,0,0,1375,166,89,1000,210,5360,33,0,0,0
52,666,caliber,1218,1218,12430,86,5994,0,0,0,1429,431,0,999,0,0,0,0,0,0
52,666,degree4,1388,1388,14025,85,5994,0,0,0,1387,389,0,999,0,0,0,0,0,18446744073709551615
52,666,always,1753,1753,21018,147,5994,573,3438,1179,1752,754,0,999,0,0,0,6000,36000,18446744073709551615
52,666,high_high,1753,1753,21018,147,5994,573,3438,1179,1752,754,0,999,0,0,0,6000,36000,18446744073709551615
52,666,complement,1753,1753,21018,147,5994,573,3438,1179,1752,754,0,999,0,0,0,6000,36000,18446744073709551615
52,666,tail_only,1388,1388,14025,85,5994,0,0,0,1387,389,0,999,0,0,0,0,0,18446744073709551615
52,666,head_only,1388,1388,14025,85,5994,0,0,0,1387,389,0,999,0,0,0,0,0,18446744073709551615
52,666,adaptive,1388,1388,14025,85,5994,0,0,0,1387,389,0,999,0,0,0,0,0,18446744073709551615
52,666,random_0,1388,1388,14025,85,5994,0,0,0,1387,389,0,999,0,0,0,0,0,18446744073709551615
52,666,budget_random_0,1388,1388,14025,85,5994,0,0,0,1387,389,0,999,0,0,0,0,0,0
52,666,random_1,1388,1388,14025,85,5994,0,0,0,1387,389,0,999,0,0,0,0,0,18446744073709551615
52,666,budget_random_1,1388,1388,14025,85,5994,0,0,0,1387,389,0,999,0,0,0,0,0,0
52,666,random_2,1388,1388,14025,85,5994,0,0,0,1387,389,0,999,0,0,0,0,0,18446744073709551615
52,666,budget_random_2,1388,1388,14025,85,5994,0,0,0,1387,389,0,999,0,0,0,0,0,0
52,666,random_3,1388,1388,14025,85,5994,0,0,0,1387,389,0,999,0,0,0,0,0,18446744073709551615
52,666,budget_random_3,1388,1388,14025,85,5994,0,0,0,1387,389,0,999,0,0,0,0,0,0
52,666,random_4,1388,1388,14025,85,5994,0,0,0,1387,389,0,999,0,0,0,0,0,18446744073709551615
52,666,budget_random_4,1388,1388,14025,85,5994,0,0,0,1387,389,0,999,0,0,0,0,0,0
53,666,std_binary,0,0,0,0,0,0,0,0,0,0,0,0,0,0,0,0,0,0
53,666,binary,2743,2743,30632,103,11964,0,0,0,2742,749,0,1994,0,0,0,0,0,0
53,666,fourary,2743,2743,33760,103,11964,0,0,0,2742,749,0,1994,0,0,0,0,0,0
53,666,mean_map,2671,2671,0,0,23946,0,0,0,2670,131,56,1997,543,5865,77,0,0,0
53,666,mean_ring,2671,2671,0,0,23946,0,0,0,2670,131,56,1997,543,5865,77,0,0,0
53,666,mean_degree,2759,2759,0,0,23928,0,0,0,2758,558,310,1994,207,11791,20,0,0,0
53,666,max_maxdegree,2717,2717,0,0,23940,0,0,0,2716,272,97,1996,449,9791,48,0,0,0
53,666,original_mean,0,0,0,0,0,0,0,0,0,0,0,0,0,0,0,0,0,0
53,666,list_both,2671,2671,0,0,15240,0,0,0,2670,131,56,2540,543,7243,96,0,0,0
53,666,skip_only,2671,2671,0,0,11982,0,0,0,2670,131,56,1997,543,5868,77,0,0,0
53,666,heavy_only,2671,2671,0,0,27204,0,0,0,2670,131,56,2540,543,5865,96,0,0,0
53,666,mean_sqrtdegree,2749,2749,0,0,23940,0,0,0,2748,369,134,1996,384,10858,35,0,0,0
53,666,median,2637,2637,0,0,23934,0,0,0,2636,115,57,1995,527,5974,80,0,0,0
53,666,sd,2740,2740,0,0,23934,0,0,0,2739,321,124,1995,424,10682,40,0,0,0
53,666,caliber,2387,2387,26923,109,11964,0,0,0,2805,812,0,1994,0,0,0,0,0,0
53,666,degree4,2743,2743,30632,103,11964,0,0,0,2742,749,0,1994,0,0,0,0,0,18446744073709551615
53,666,always,3521,3521,46429,201,11964,1191,7146,2329,3520,1527,0,1994,0,0,0,12000,72000,18446744073709551615
53,666,high_high,3521,3521,46429,201,11964,1191,7146,2329,3520,1527,0,1994,0,0,0,12000,72000,18446744073709551615
53,666,complement,3521,3521,46429,201,11964,1191,7146,2329,3520,1527,0,1994,0,0,0,12000,72000,18446744073709551615
53,666,tail_only,2743,2743,30632,103,11964,0,0,0,2742,749,0,1994,0,0,0,0,0,18446744073709551615
53,666,head_only,2743,2743,30632,103,11964,0,0,0,2742,749,0,1994,0,0,0,0,0,18446744073709551615
53,666,adaptive,2743,2743,30632,103,11964,0,0,0,2742,749,0,1994,0,0,0,0,0,18446744073709551615
53,666,random_0,2743,2743,30632,103,11964,0,0,0,2742,749,0,1994,0,0,0,0,0,18446744073709551615
53,666,budget_random_0,2743,2743,30632,103,11964,0,0,0,2742,749,0,1994,0,0,0,0,0,0
53,666,random_1,2743,2743,30632,103,11964,0,0,0,2742,749,0,1994,0,0,0,0,0,18446744073709551615
53,666,budget_random_1,2743,2743,30632,103,11964,0,0,0,2742,749,0,1994,0,0,0,0,0,0
53,666,random_2,2743,2743,30632,103,11964,0,0,0,2742,749,0,1994,0,0,0,0,0,18446744073709551615
53,666,budget_random_2,2743,2743,30632,103,11964,0,0,0,2742,749,0,1994,0,0,0,0,0,0
53,666,random_3,2743,2743,30632,103,11964,0,0,0,2742,749,0,1994,0,0,0,0,0,18446744073709551615
53,666,budget_random_3,2743,2743,30632,103,11964,0,0,0,2742,749,0,1994,0,0,0,0,0,0
53,666,random_4,2743,2743,30632,103,11964,0,0,0,2742,749,0,1994,0,0,0,0,0,18446744073709551615
53,666,budget_random_4,2743,2743,30632,103,11964,0,0,0,2742,749,0,1994,0,0,0,0,0,0
53,1333,std_binary,0,0,0,0,0,0,0,0,0,0,0,0,0,0,0,0,0,0
53,1333,binary,2773,2773,32947,143,11964,0,0,0,2772,779,0,1994,0,0,0,0,0,0
53,1333,fourary,2773,2773,36239,143,11964,0,0,0,2772,779,0,1994,0,0,0,0,0,0
53,1333,mean_map,2680,2680,0,0,23958,0,0,0,2679,123,48,1999,558,5865,98,0,0,0
53,1333,mean_ring,2680,2680,0,0,23958,0,0,0,2679,123,48,1999,558,5865,98,0,0,0
53,1333,mean_degree,2789,2789,0,0,23940,0,0,0,2788,569,258,1996,224,11791,24,0,0,0
53,1333,max_maxdegree,2727,2727,0,0,23952,0,0,0,2726,264,82,1998,465,9791,60,0,0,0
53,1333,original_mean,0,0,0,0,0,0,0,0,0,0,0,0,0,0,0,0,0,0
53,1333,list_both,2680,2680,0,0,15342,0,0,0,2679,123,48,2557,558,7255,132,0,0,0
53,1333,skip_only,2680,2680,0,0,11994,0,0,0,2679,123,48,1999,558,5882,98,0,0,0
53,1333,heavy_only,2680,2680,0,0,27306,0,0,0,2679,123,48,2557,558,5865,132,0,0,0
53,1333,mean_sqrtdegree,2789,2789,0,0,23946,0,0,0,2788,367,116,1997,425,10858,46,0,0,0
53,1333,median,2659,2659,0,0,23964,0,0,0,2658,124,49,2000,535,5974,109,0,0,0
53,1333,sd,2774,2774,0,0,23940,0,0,0,2773,332,107,1996,446,10682,48,0,0,0
53,1333,caliber,2396,2396,28621,154,11964,0,0,0,2843,850,0,1994,0,0,0,0,0,0
53,1333,degree4,2773,2773,32947,143,11964,0,0,0,2772,779,0,1994,0,0,0,0,0,18446744073709551615
53,1333,always,3443,3443,47809,293,11964,1141,6846,2301,3442,1449,0,1994,0,0,0,12000,72000,18446744073709551615
53,1333,high_high,3443,3443,47809,293,11964,1141,6846,2301,3442,1449,0,1994,0,0,0,12000,72000,18446744073709551615
53,1333,complement,3443,3443,47809,293,11964,1141,6846,2301,3442,1449,0,1994,0,0,0,12000,72000,18446744073709551615
53,1333,tail_only,2773,2773,32947,143,11964,0,0,0,2772,779,0,1994,0,0,0,0,0,18446744073709551615
53,1333,head_only,2773,2773,32947,143,11964,0,0,0,2772,779,0,1994,0,0,0,0,0,18446744073709551615
53,1333,adaptive,2773,2773,32947,143,11964,0,0,0,2772,779,0,1994,0,0,0,0,0,18446744073709551615
53,1333,random_0,2773,2773,32947,143,11964,0,0,0,2772,779,0,1994,0,0,0,0,0,18446744073709551615
53,1333,budget_random_0,2773,2773,32947,143,11964,0,0,0,2772,779,0,1994,0,0,0,0,0,0
53,1333,random_1,2773,2773,32947,143,11964,0,0,0,2772,779,0,1994,0,0,0,0,0,18446744073709551615
53,1333,budget_random_1,2773,2773,32947,143,11964,0,0,0,2772,779,0,1994,0,0,0,0,0,0
53,1333,random_2,2773,2773,32947,143,11964,0,0,0,2772,779,0,1994,0,0,0,0,0,18446744073709551615
53,1333,budget_random_2,2773,2773,32947,143,11964,0,0,0,2772,779,0,1994,0,0,0,0,0,0
53,1333,random_3,2773,2773,32947,143,11964,0,0,0,2772,779,0,1994,0,0,0,0,0,18446744073709551615
53,1333,budget_random_3,2773,2773,32947,143,11964,0,0,0,2772,779,0,1994,0,0,0,0,0,0
53,1333,random_4,2773,2773,32947,143,11964,0,0,0,2772,779,0,1994,0,0,0,0,0,18446744073709551615
53,1333,budget_random_4,2773,2773,32947,143,11964,0,0,0,2772,779,0,1994,0,0,0,0,0,0
54,1666,std_binary,0,0,0,0,0,0,0,0,0,0,0,0,0,0,0,0,0,0
54,1666,binary,7000,7000,87698,157,29946,0,0,0,6999,2009,0,4991,0,0,0,0,0,0
54,1666,fourary,7000,7000,97385,157,29946,0,0,0,6999,2009,0,4991,0,0,0,0,0,0
54,1666,mean_map,6669,6669,0,0,59988,0,0,0,6668,327,82,5007,1335,14682,106,0,0,0
54,1666,mean_ring,6669,6669,0,0,59988,0,0,0,6668,327,82,5007,1335,14682,106,0,0,0
54,1666,mean_degree,6984,6984,0,0,59898,0,0,0,6983,1469,481,4992,523,29481,27,0,0,0
54,1666,max_maxdegree,6887,6887,0,0,59928,0,0,0,6886,691,141,4997,1199,24598,73,0,0,0
54,1666,original_mean,0,0,0,0,0,0,0,0,0,0,0,0,0,0,0,0,0,0
54,1666,list_both,6669,6669,0,0,38052,0,0,0,6668,327,82,6342,1335,18021,135,0,0,0
54,1666,skip_only,6669,6669,0,0,30042,0,0,0,6668,327,82,5007,1335,14704,106,0,0,0
54,1666,heavy_only,6669,6669,0,0,67998,0,0,0,6668,327,82,6342,1335,14682,135,0,0,0
54,1666,mean_sqrtdegree,6986,6986,0,0,59922,0,0,0,6985,981,201,4996,1009,27341,55,0,0,0
54,1666,median,6703,6703,0,0,59958,0,0,0,6702,337,83,5002,1364,14972,106,0,0,0
54,1666,sd,6943,6943,0,0,59922,0,0,0,6942,934,189,4996,1013,26989,51,0,0,0
54,1666,caliber,6089,6089,76827,166,29946,0,0,0,7178,2188,0,4991,0,0,0,0,0,0
54,1666,degree4,7000,7000,87698,157,29946,0,0,0,6999,2009,0,4991,0,0,0,0,0,18446744073709551615
54,1666,always,8908,8908,130192,337,29946,2948,17688,5959,8907,3917,0,4991,0,0,0,30000,180000,18446744073709551615
54,1666,high_high,8908,8908,130192,337,29946,2948,17688,5959,8907,3917,0,4991,0,0,0,30000,180000,18446744073709551615
54,1666,complement,8908,8908,130192,337,29946,2948,17688,5959,8907,3917,0,4991,0,0,0,30000,180000,18446744073709551615
54,1666,tail_only,7000,7000,87698,157,29946,0,0,0,6999,2009,0,4991,0,0,0,0,0,18446744073709551615
54,1666,head_only,7000,7000,87698,157,29946,0,0,0,6999,2009,0,4991,0,0,0,0,0,18446744073709551615
54,1666,adaptive,7000,7000,87698,157,29946,0,0,0,6999,2009,0,4991,0,0,0,0,0,18446744073709551615
54,1666,random_0,7000,7000,87698,157,29946,0,0,0,6999,2009,0,4991,0,0,0,0,0,18446744073709551615
54,1666,budget_random_0,7000,7000,87698,157,29946,0,0,0,6999,2009,0,4991,0,0,0,0,0,0
54,1666,random_1,7000,7000,87698,157,29946,0,0,0,6999,2009,0,4991,0,0,0,0,0,18446744073709551615
54,1666,budget_random_1,7000,7000,87698,157,29946,0,0,0,6999,2009,0,4991,0,0,0,0,0,0
54,1666,random_2,7000,7000,87698,157,29946,0,0,0,6999,2009,0,4991,0,0,0,0,0,18446744073709551615
54,1666,budget_random_2,7000,7000,87698,157,29946,0,0,0,6999,2009,0,4991,0,0,0,0,0,0
54,1666,random_3,7000,7000,87698,157,29946,0,0,0,6999,2009,0,4991,0,0,0,0,0,18446744073709551615
54,1666,budget_random_3,7000,7000,87698,157,29946,0,0,0,6999,2009,0,4991,0,0,0,0,0,0
54,1666,random_4,7000,7000,87698,157,29946,0,0,0,6999,2009,0,4991,0,0,0,0,0,18446744073709551615
54,1666,budget_random_4,7000,7000,87698,157,29946,0,0,0,6999,2009,0,4991,0,0,0,0,0,0
54,3333,std_binary,0,0,0,0,0,0,0,0,0,0,0,0,0,0,0,0,0,0
54,3333,binary,6984,6984,89074,179,29946,0,0,0,6983,1993,0,4991,0,0,0,0,0,0
54,3333,fourary,6984,6984,98512,179,29946,0,0,0,6983,1993,0,4991,0,0,0,0,0,0
54,3333,mean_map,6711,6711,0,0,59952,0,0,0,6710,352,76,5001,1358,14682,124,0,0,0
54,3333,mean_ring,6711,6711,0,0,59952,0,0,0,6710,352,76,5001,1358,14682,124,0,0,0
54,3333,mean_degree,6995,6995,0,0,59898,0,0,0,6994,1486,445,4992,517,29481,31,0,0,0
54,3333,max_maxdegree,6880,6880,0,0,59934,0,0,0,6879,710,129,4998,1172,24598,80,0,0,0
54,3333,original_mean,0,0,0,0,0,0,0,0,0,0,0,0,0,0,0,0,0,0
54,3333,list_both,6711,6711,0,0,38154,0,0,0,6710,352,76,6359,1358,18087,156,0,0,0
54,3333,skip_only,6711,6711,0,0,30006,0,0,0,6710,352,76,5001,1358,14699,124,0,0,0
54,3333,heavy_only,6711,6711,0,0,68100,0,0,0,6710,352,76,6359,1358,14682,156,0,0,0
54,3333,mean_sqrtdegree,6942,6942,0,0,59910,0,0,0,6941,967,184,4994,981,27341,59,0,0,0
54,3333,median,6690,6690,0,0,59958,0,0,0,6689,307,76,5002,1381,14972,121,0,0,0
54,3333,sd,6956,6956,0,0,59922,0,0,0,6955,953,173,4996,1007,26989,62,0,0,0
54,3333,caliber,6043,6043,77470,191,29946,0,0,0,7168,2178,0,4991,0,0,0,0,0,0
54,3333,degree4,6984,6984,89074,179,29946,0,0,0,6983,1993,0,4991,0,0,0,0,0,18446744073709551615
54,3333,always,8793,8793,130055,370,29946,2914,17484,5878,8792,3802,0,4991,0,0,0,30000,180000,18446744073709551615
54,3333,high_high,8793,8793,130055,370,29946,2914,17484,5878,8792,3802,0,4991,0,0,0,30000,180000,18446744073709551615
54,3333,complement,8793,8793,130055,370,29946,2914,17484,5878,8792,3802,0,4991,0,0,0,30000,180000,18446744073709551615
54,3333,tail_only,6984,6984,89074,179,29946,0,0,0,6983,1993,0,4991,0,0,0,0,0,18446744073709551615
54,3333,head_only,6984,6984,89074,179,29946,0,0,0,6983,1993,0,4991,0,0,0,0,0,18446744073709551615
54,3333,adaptive,6984,6984,89074,179,29946,0,0,0,6983,1993,0,4991,0,0,0,0,0,18446744073709551615
54,3333,random_0,6984,6984,89074,179,29946,0,0,0,6983,1993,0,4991,0,0,0,0,0,18446744073709551615
54,3333,budget_random_0,6984,6984,89074,179,29946,0,0,0,6983,1993,0,4991,0,0,0,0,0,0
54,3333,random_1,6984,6984,89074,179,29946,0,0,0,6983,1993,0,4991,0,0,0,0,0,18446744073709551615
54,3333,budget_random_1,6984,6984,89074,179,29946,0,0,0,6983,1993,0,4991,0,0,0,0,0,0
54,3333,random_2,6984,6984,89074,179,29946,0,0,0,6983,1993,0,4991,0,0,0,0,0,18446744073709551615
54,3333,budget_random_2,6984,6984,89074,179,29946,0,0,0,6983,1993,0,4991,0,0,0,0,0,0
54,3333,random_3,6984,6984,89074,179,29946,0,0,0,6983,1993,0,4991,0,0,0,0,0,18446744073709551615
54,3333,budget_random_3,6984,6984,89074,179,29946,0,0,0,6983,1993,0,4991,0,0,0,0,0,0
54,3333,random_4,6984,6984,89074,179,29946,0,0,0,6983,1993,0,4991,0,0,0,0,0,18446744073709551615
54,3333,budget_random_4,6984,6984,89074,179,29946,0,0,0,6983,1993,0,4991,0,0,0,0,0,0
