case,stage,family,n,m,seed,source,arm,round,position,ns,width,prep_ns
1,layout,weight,5000,22662,42,1666,mean_ring,0,0,550400,50.895298328097134,38800
1,layout,weight,5000,22662,42,1666,fourary,0,1,1078200,0,0
1,layout,weight,5000,22662,42,1666,mean_map,0,2,583300,50.895298328097134,38800
1,layout,weight,5000,22662,42,1666,degree4,0,3,1221500,0,341600
1,layout,weight,5000,22662,42,1666,caliber,0,4,960100,0,119300
1,layout,weight,5000,22662,42,1666,std_binary,0,5,1048400,0,0
1,layout,weight,5000,22662,42,1666,mean_degree,0,6,673200,11.229215940362089,38800
1,layout,weight,5000,22662,42,1666,binary,0,7,1118800,0,0
1,layout,weight,5000,22662,42,1666,max_maxdegree,0,8,651300,12.499669899545111,112600
1,layout,weight,5000,22662,42,1666,max_maxdegree,1,0,645900,12.499669899545111,112600
1,layout,weight,5000,22662,42,1666,binary,1,1,1065400,0,0
1,layout,weight,5000,22662,42,1666,mean_degree,1,2,651000,11.229215940362089,38800
1,layout,weight,5000,22662,42,1666,std_binary,1,3,1025700,0,0
1,layout,weight,5000,22662,42,1666,caliber,1,4,935900,0,119300
1,layout,weight,5000,22662,42,1666,degree4,1,5,1212400,0,341600
1,layout,weight,5000,22662,42,1666,mean_map,1,6,588800,50.895298328097134,38800
1,layout,weight,5000,22662,42,1666,fourary,1,7,1144900,0,0
1,layout,weight,5000,22662,42,1666,mean_ring,1,8,545100,50.895298328097134,38800
1,layout,weight,5000,22662,42,1666,mean_ring,2,0,517300,50.895298328097134,38800
1,layout,weight,5000,22662,42,1666,mean_degree,2,1,782500,11.229215940362089,38800
1,layout,weight,5000,22662,42,1666,mean_map,2,2,695100,50.895298328097134,38800
1,layout,weight,5000,22662,42,1666,degree4,2,3,1239800,0,341600
1,layout,weight,5000,22662,42,1666,caliber,2,4,938000,0,119300
1,layout,weight,5000,22662,42,1666,max_maxdegree,2,5,1149700,12.499669899545111,112600
1,layout,weight,5000,22662,42,1666,fourary,2,6,1130600,0,0
1,layout,weight,5000,22662,42,1666,binary,2,7,1114500,0,0
1,layout,weight,5000,22662,42,1666,std_binary,2,8,1065700,0,0
1,layout,weight,5000,22662,42,1666,std_binary,3,0,1056000,0,0
1,layout,weight,5000,22662,42,1666,binary,3,1,1100800,0,0
1,layout,weight,5000,22662,42,1666,fourary,3,2,1123100,0,0
1,layout,weight,5000,22662,42,1666,max_maxdegree,3,3,704800,12.499669899545111,112600
1,layout,weight,5000,22662,42,1666,caliber,3,4,966900,0,119300
1,layout,weight,5000,22662,42,1666,degree4,3,5,1639900,0,341600
1,layout,weight,5000,22662,42,1666,mean_map,3,6,748600,50.895298328097134,38800
1,layout,weight,5000,22662,42,1666,mean_degree,3,7,701800,11.229215940362089,38800
1,layout,weight,5000,22662,42,1666,mean_ring,3,8,530200,50.895298328097134,38800
1,layout,weight,5000,22662,42,1666,mean_map,4,0,579400,50.895298328097134,38800
1,layout,weight,5000,22662,42,1666,fourary,4,1,1186300,0,0
1,layout,weight,5000,22662,42,1666,binary,4,2,1172900,0,0
1,layout,weight,5000,22662,42,1666,max_maxdegree,4,3,675600,12.499669899545111,112600
1,layout,weight,5000,22662,42,1666,mean_degree,4,4,670100,11.229215940362089,38800
1,layout,weight,5000,22662,42,1666,mean_ring,4,5,554900,50.895298328097134,38800
1,layout,weight,5000,22662,42,1666,degree4,4,6,1311400,0,341600
1,layout,weight,5000,22662,42,1666,caliber,4,7,950000,0,119300
1,layout,weight,5000,22662,42,1666,std_binary,4,8,1043500,0,0
1,layout,weight,5000,22662,42,1666,std_binary,5,0,1049200,0,0
1,layout,weight,5000,22662,42,1666,caliber,5,1,940700,0,119300
1,layout,weight,5000,22662,42,1666,degree4,5,2,1204300,0,341600
1,layout,weight,5000,22662,42,1666,mean_ring,5,3,541000,50.895298328097134,38800
1,layout,weight,5000,22662,42,1666,mean_degree,5,4,677700,11.229215940362089,38800
1,layout,weight,5000,22662,42,1666,max_maxdegree,5,5,661800,12.499669899545111,112600
1,layout,weight,5000,22662,42,1666,binary,5,6,1081100,0,0
1,layout,weight,5000,22662,42,1666,fourary,5,7,1040900,0,0
1,layout,weight,5000,22662,42,1666,mean_map,5,8,658000,50.895298328097134,38800
1,layout,weight,5000,22662,42,1666,std_binary,6,0,1015200,0,0
1,layout,weight,5000,22662,42,1666,mean_degree,6,1,670800,11.229215940362089,38800
1,layout,weight,5000,22662,42,1666,fourary,6,2,1069800,0,0
1,layout,weight,5000,22662,42,1666,mean_ring,6,3,1193900,50.895298328097134,38800
1,layout,weight,5000,22662,42,1666,max_maxdegree,6,4,808100,12.499669899545111,112600
1,layout,weight,5000,22662,42,1666,degree4,6,5,1346200,0,341600
1,layout,weight,5000,22662,42,1666,caliber,6,6,1076100,0,119300
1,layout,weight,5000,22662,42,1666,mean_map,6,7,609300,50.895298328097134,38800
1,layout,weight,5000,22662,42,1666,binary,6,8,1086000,0,0
1,layout,weight,5000,22662,42,1666,binary,7,0,1306700,0,0
1,layout,weight,5000,22662,42,1666,mean_map,7,1,749300,50.895298328097134,38800
1,layout,weight,5000,22662,42,1666,caliber,7,2,966900,0,119300
1,layout,weight,5000,22662,42,1666,degree4,7,3,1231600,0,341600
1,layout,weight,5000,22662,42,1666,max_maxdegree,7,4,659600,12.499669899545111,112600
1,layout,weight,5000,22662,42,1666,mean_ring,7,5,532200,50.895298328097134,38800
1,layout,weight,5000,22662,42,1666,fourary,7,6,1083200,0,0
1,layout,weight,5000,22662,42,1666,mean_degree,7,7,766000,11.229215940362089,38800
1,layout,weight,5000,22662,42,1666,std_binary,7,8,1061600,0,0
1,layout,weight,5000,22662,42,3333,fourary,0,0,1988900,0,0
1,layout,weight,5000,22662,42,3333,binary,0,1,1180800,0,0
1,layout,weight,5000,22662,42,3333,mean_ring,0,2,552800,50.895298328097134,38800
1,layout,weight,5000,22662,42,3333,mean_map,0,3,579800,50.895298328097134,38800
1,layout,weight,5000,22662,42,3333,caliber,0,4,954900,0,119300
1,layout,weight,5000,22662,42,3333,mean_degree,0,5,745400,11.229215940362089,38800
1,layout,weight,5000,22662,42,3333,std_binary,0,6,1128000,0,0
1,layout,weight,5000,22662,42,3333,max_maxdegree,0,7,698600,12.499669899545111,112600
1,layout,weight,5000,22662,42,3333,degree4,0,8,1240700,0,341600
1,layout,weight,5000,22662,42,3333,degree4,1,0,1178100,0,341600
1,layout,weight,5000,22662,42,3333,max_maxdegree,1,1,672100,12.499669899545111,112600
1,layout,weight,5000,22662,42,3333,std_binary,1,2,1244800,0,0
1,layout,weight,5000,22662,42,3333,mean_degree,1,3,764300,11.229215940362089,38800
1,layout,weight,5000,22662,42,3333,caliber,1,4,971100,0,119300
1,layout,weight,5000,22662,42,3333,mean_map,1,5,590400,50.895298328097134,38800
1,layout,weight,5000,22662,42,3333,mean_ring,1,6,626200,50.895298328097134,38800
1,layout,weight,5000,22662,42,3333,binary,1,7,1102000,0,0
1,layout,weight,5000,22662,42,3333,fourary,1,8,1215000,0,0
1,layout,weight,5000,22662,42,3333,caliber,2,0,995200,0,119300
1,layout,weight,5000,22662,42,3333,mean_map,2,1,650200,50.895298328097134,38800
1,layout,weight,5000,22662,42,3333,mean_ring,2,2,556600,50.895298328097134,38800
1,layout,weight,5000,22662,42,3333,fourary,2,3,1058700,0,0
1,layout,weight,5000,22662,42,3333,max_maxdegree,2,4,710600,12.499669899545111,112600
1,layout,weight,5000,22662,42,3333,binary,2,5,1089700,0,0
1,layout,weight,5000,22662,42,3333,degree4,2,6,1225000,0,341600
1,layout,weight,5000,22662,42,3333,std_binary,2,7,1039100,0,0
1,layout,weight,5000,22662,42,3333,mean_degree,2,8,669400,11.229215940362089,38800
1,layout,weight,5000,22662,42,3333,mean_degree,3,0,653900,11.229215940362089,38800
1,layout,weight,5000,22662,42,3333,std_binary,3,1,1044900,0,0
1,layout,weight,5000,22662,42,3333,degree4,3,2,1218300,0,341600
1,layout,weight,5000,22662,42,3333,binary,3,3,1158400,0,0
1,layout,weight,5000,22662,42,3333,max_maxdegree,3,4,799500,12.499669899545111,112600
1,layout,weight,5000,22662,42,3333,fourary,3,5,1841800,0,0
1,layout,weight,5000,22662,42,3333,mean_ring,3,6,1062600,50.895298328097134,38800
1,layout,weight,5000,22662,42,3333,mean_map,3,7,660400,50.895298328097134,38800
1,layout,weight,5000,22662,42,3333,caliber,3,8,946200,0,119300
1,layout,weight,5000,22662,42,3333,std_binary,4,0,1045400,0,0
1,layout,weight,5000,22662,42,3333,max_maxdegree,4,1,698700,12.499669899545111,112600
1,layout,weight,5000,22662,42,3333,degree4,4,2,1250800,0,341600
1,layout,weight,5000,22662,42,3333,mean_map,4,3,594900,50.895298328097134,38800
1,layout,weight,5000,22662,42,3333,fourary,4,4,1123100,0,0
1,layout,weight,5000,22662,42,3333,caliber,4,5,951700,0,119300
1,layout,weight,5000,22662,42,3333,mean_ring,4,6,568800,50.895298328097134,38800
1,layout,weight,5000,22662,42,3333,mean_degree,4,7,712100,11.229215940362089,38800
1,layout,weight,5000,22662,42,3333,binary,4,8,1071400,0,0
1,layout,weight,5000,22662,42,3333,binary,5,0,1062500,0,0
1,layout,weight,5000,22662,42,3333,mean_degree,5,1,675300,11.229215940362089,38800
1,layout,weight,5000,22662,42,3333,mean_ring,5,2,555100,50.895298328097134,38800
1,layout,weight,5000,22662,42,3333,caliber,5,3,937000,0,119300
1,layout,weight,5000,22662,42,3333,fourary,5,4,1061400,0,0
1,layout,weight,5000,22662,42,3333,mean_map,5,5,754400,50.895298328097134,38800
1,layout,weight,5000,22662,42,3333,degree4,5,6,1290300,0,341600
1,layout,weight,5000,22662,42,3333,max_maxdegree,5,7,751800,12.499669899545111,112600
1,layout,weight,5000,22662,42,3333,std_binary,5,8,1069200,0,0
1,layout,weight,5000,22662,42,3333,mean_map,6,0,580400,50.895298328097134,38800
1,layout,weight,5000,22662,42,3333,mean_degree,6,1,687800,11.229215940362089,38800
1,layout,weight,5000,22662,42,3333,fourary,6,2,1097000,0,0
1,layout,weight,5000,22662,42,3333,caliber,6,3,941700,0,119300
1,layout,weight,5000,22662,42,3333,max_maxdegree,6,4,795700,12.499669899545111,112600
1,layout,weight,5000,22662,42,3333,degree4,6,5,1419600,0,341600
1,layout,weight,5000,22662,42,3333,binary,6,6,1083000,0,0
1,layout,weight,5000,22662,42,3333,std_binary,6,7,1026200,0,0
1,layout,weight,5000,22662,42,3333,mean_ring,6,8,545100,50.895298328097134,38800
1,layout,weight,5000,22662,42,3333,mean_ring,7,0,540500,50.895298328097134,38800
1,layout,weight,5000,22662,42,3333,std_binary,7,1,1036700,0,0
1,layout,weight,5000,22662,42,3333,binary,7,2,1070600,0,0
1,layout,weight,5000,22662,42,3333,degree4,7,3,1202000,0,341600
1,layout,weight,5000,22662,42,3333,max_maxdegree,7,4,695200,12.499669899545111,112600
1,layout,weight,5000,22662,42,3333,caliber,7,5,1400900,0,119300
1,layout,weight,5000,22662,42,3333,fourary,7,6,1343600,0,0
1,layout,weight,5000,22662,42,3333,mean_degree,7,7,697700,11.229215940362089,38800
1,layout,weight,5000,22662,42,3333,mean_map,7,8,598500,50.895298328097134,38800
2,layout,destination,5000,22662,42,1666,mean_ring,0,0,725500,50.895298328097134,35800
2,layout,destination,5000,22662,42,1666,fourary,0,1,1233700,0,0
2,layout,destination,5000,22662,42,1666,mean_map,0,2,1193200,50.895298328097134,35800
2,layout,destination,5000,22662,42,1666,degree4,0,3,1364100,0,308600
2,layout,destination,5000,22662,42,1666,caliber,0,4,946200,0,89400
2,layout,destination,5000,22662,42,1666,std_binary,0,5,1086400,0,0
2,layout,destination,5000,22662,42,1666,mean_degree,0,6,714800,11.229215940362089,35800
2,layout,destination,5000,22662,42,1666,binary,0,7,1205300,0,0
2,layout,destination,5000,22662,42,1666,max_maxdegree,0,8,663200,12.499669899545111,82100
2,layout,destination,5000,22662,42,1666,max_maxdegree,1,0,650900,12.499669899545111,82100
2,layout,destination,5000,22662,42,1666,binary,1,1,1093900,0,0
2,layout,destination,5000,22662,42,1666,mean_degree,1,2,672400,11.229215940362089,35800
2,layout,destination,5000,22662,42,1666,std_binary,1,3,1105900,0,0
2,layout,destination,5000,22662,42,1666,caliber,1,4,993500,0,89400
2,layout,destination,5000,22662,42,1666,degree4,1,5,1275200,0,308600
2,layout,destination,5000,22662,42,1666,mean_map,1,6,758700,50.895298328097134,35800
2,layout,destination,5000,22662,42,1666,fourary,1,7,1424400,0,0
2,layout,destination,5000,22662,42,1666,mean_ring,1,8,708400,50.895298328097134,35800
2,layout,destination,5000,22662,42,1666,mean_ring,2,0,756100,50.895298328097134,35800
2,layout,destination,5000,22662,42,1666,mean_degree,2,1,694100,11.229215940362089,35800
2,layout,destination,5000,22662,42,1666,mean_map,2,2,782300,50.895298328097134,35800
2,layout,destination,5000,22662,42,1666,degree4,2,3,1400000,0,308600
2,layout,destination,5000,22662,42,1666,caliber,2,4,1034600,0,89400
2,layout,destination,5000,22662,42,1666,max_maxdegree,2,5,736500,12.499669899545111,82100
2,layout,destination,5000,22662,42,1666,fourary,2,6,1097400,0,0
2,layout,destination,5000,22662,42,1666,binary,2,7,1336400,0,0
2,layout,destination,5000,22662,42,1666,std_binary,2,8,1169400,0,0
2,layout,destination,5000,22662,42,1666,std_binary,3,0,1100500,0,0
2,layout,destination,5000,22662,42,1666,binary,3,1,1155000,0,0
2,layout,destination,5000,22662,42,1666,fourary,3,2,1312900,0,0
2,layout,destination,5000,22662,42,1666,max_maxdegree,3,3,953400,12.499669899545111,82100
2,layout,destination,5000,22662,42,1666,caliber,3,4,1020800,0,89400
2,layout,destination,5000,22662,42,1666,degree4,3,5,1309800,0,308600
2,layout,destination,5000,22662,42,1666,mean_map,3,6,777100,50.895298328097134,35800
2,layout,destination,5000,22662,42,1666,mean_degree,3,7,856500,11.229215940362089,35800
2,layout,destination,5000,22662,42,1666,mean_ring,3,8,1165100,50.895298328097134,35800
2,layout,destination,5000,22662,42,1666,mean_map,4,0,858500,50.895298328097134,35800
2,layout,destination,5000,22662,42,1666,fourary,4,1,1096500,0,0
2,layout,destination,5000,22662,42,1666,binary,4,2,1114800,0,0
2,layout,destination,5000,22662,42,1666,max_maxdegree,4,3,689200,12.499669899545111,82100
2,layout,destination,5000,22662,42,1666,mean_degree,4,4,684500,11.229215940362089,35800
2,layout,destination,5000,22662,42,1666,mean_ring,4,5,708800,50.895298328097134,35800
2,layout,destination,5000,22662,42,1666,degree4,4,6,1262100,0,308600
2,layout,destination,5000,22662,42,1666,caliber,4,7,1115800,0,89400
2,layout,destination,5000,22662,42,1666,std_binary,4,8,1092600,0,0
2,layout,destination,5000,22662,42,1666,std_binary,5,0,1086700,0,0
2,layout,destination,5000,22662,42,1666,caliber,5,1,956000,0,89400
2,layout,destination,5000,22662,42,1666,degree4,5,2,2403100,0,308600
2,layout,destination,5000,22662,42,1666,mean_ring,5,3,873900,50.895298328097134,35800
2,layout,destination,5000,22662,42,1666,mean_degree,5,4,674800,11.229215940362089,35800
2,layout,destination,5000,22662,42,1666,max_maxdegree,5,5,772700,12.499669899545111,82100
2,layout,destination,5000,22662,42,1666,binary,5,6,1101100,0,0
2,layout,destination,5000,22662,42,1666,fourary,5,7,1038200,0,0
2,layout,destination,5000,22662,42,1666,mean_map,5,8,716200,50.895298328097134,35800
2,layout,destination,5000,22662,42,1666,std_binary,6,0,1113500,0,0
2,layout,destination,5000,22662,42,1666,mean_degree,6,1,720500,11.229215940362089,35800
2,layout,destination,5000,22662,42,1666,fourary,6,2,1076100,0,0
2,layout,destination,5000,22662,42,1666,mean_ring,6,3,685100,50.895298328097134,35800
2,layout,destination,5000,22662,42,1666,max_maxdegree,6,4,661400,12.499669899545111,82100
2,layout,destination,5000,22662,42,1666,degree4,6,5,1212700,0,308600
2,layout,destination,5000,22662,42,1666,caliber,6,6,933800,0,89400
2,layout,destination,5000,22662,42,1666,mean_map,6,7,796900,50.895298328097134,35800
2,layout,destination,5000,22662,42,1666,binary,6,8,1123200,0,0
2,layout,destination,5000,22662,42,1666,binary,7,0,1051500,0,0
2,layout,destination,5000,22662,42,1666,mean_map,7,1,743600,50.895298328097134,35800
2,layout,destination,5000,22662,42,1666,caliber,7,2,926900,0,89400
2,layout,destination,5000,22662,42,1666,degree4,7,3,1202900,0,308600
2,layout,destination,5000,22662,42,1666,max_maxdegree,7,4,660200,12.499669899545111,82100
2,layout,destination,5000,22662,42,1666,mean_ring,7,5,971300,50.895298328097134,35800
2,layout,destination,5000,22662,42,1666,fourary,7,6,1047000,0,0
2,layout,destination,5000,22662,42,1666,mean_degree,7,7,753400,11.229215940362089,35800
2,layout,destination,5000,22662,42,1666,std_binary,7,8,1064100,0,0
2,layout,destination,5000,22662,42,3333,fourary,0,0,1068900,0,0
2,layout,destination,5000,22662,42,3333,binary,0,1,1166900,0,0
2,layout,destination,5000,22662,42,3333,mean_ring,0,2,892300,50.895298328097134,35800
2,layout,destination,5000,22662,42,3333,mean_map,0,3,725100,50.895298328097134,35800
2,layout,destination,5000,22662,42,3333,caliber,0,4,921500,0,89400
2,layout,destination,5000,22662,42,3333,mean_degree,0,5,656800,11.229215940362089,35800
2,layout,destination,5000,22662,42,3333,std_binary,0,6,1040900,0,0
2,layout,destination,5000,22662,42,3333,max_maxdegree,0,7,668600,12.499669899545111,82100
2,layout,destination,5000,22662,42,3333,degree4,0,8,1203600,0,308600
2,layout,destination,5000,22662,42,3333,degree4,1,0,1166600,0,308600
2,layout,destination,5000,22662,42,3333,max_maxdegree,1,1,634700,12.499669899545111,82100
2,layout,destination,5000,22662,42,3333,std_binary,1,2,1032800,0,0
2,layout,destination,5000,22662,42,3333,mean_degree,1,3,682400,11.229215940362089,35800
2,layout,destination,5000,22662,42,3333,caliber,1,4,934400,0,89400
2,layout,destination,5000,22662,42,3333,mean_map,1,5,724600,50.895298328097134,35800
2,layout,destination,5000,22662,42,3333,mean_ring,1,6,697100,50.895298328097134,35800
2,layout,destination,5000,22662,42,3333,binary,1,7,1060700,0,0
2,layout,destination,5000,22662,42,3333,fourary,1,8,1029400,0,0
2,layout,destination,5000,22662,42,3333,caliber,2,0,920100,0,89400
2,layout,destination,5000,22662,42,3333,mean_map,2,1,731000,50.895298328097134,35800
2,layout,destination,5000,22662,42,3333,mean_ring,2,2,666000,50.895298328097134,35800
2,layout,destination,5000,22662,42,3333,fourary,2,3,1220300,0,0
2,layout,destination,5000,22662,42,3333,max_maxdegree,2,4,670600,12.499669899545111,82100
2,layout,destination,5000,22662,42,3333,binary,2,5,1091500,0,0
2,layout,destination,5000,22662,42,3333,degree4,2,6,1891400,0,308600
2,layout,destination,5000,22662,42,3333,std_binary,2,7,1274100,0,0
2,layout,destination,5000,22662,42,3333,mean_degree,2,8,700100,11.229215940362089,35800
2,layout,destination,5000,22662,42,3333,mean_degree,3,0,649800,11.229215940362089,35800
2,layout,destination,5000,22662,42,3333,std_binary,3,1,1053100,0,0
2,layout,destination,5000,22662,42,3333,degree4,3,2,1252500,0,308600
2,layout,destination,5000,22662,42,3333,binary,3,3,1146000,0,0
2,layout,destination,5000,22662,42,3333,max_maxdegree,3,4,719800,12.499669899545111,82100
2,layout,destination,5000,22662,42,3333,fourary,3,5,1034700,0,0
2,layout,destination,5000,22662,42,3333,mean_ring,3,6,697900,50.895298328097134,35800
2,layout,destination,5000,22662,42,3333,mean_map,3,7,845600,50.895298328097134,35800
2,layout,destination,5000,22662,42,3333,caliber,3,8,987400,0,89400
2,layout,destination,5000,22662,42,3333,std_binary,4,0,1062100,0,0
2,layout,destination,5000,22662,42,3333,max_maxdegree,4,1,670300,12.499669899545111,82100
2,layout,destination,5000,22662,42,3333,degree4,4,2,1275300,0,308600
2,layout,destination,5000,22662,42,3333,mean_map,4,3,743700,50.895298328097134,35800
2,layout,destination,5000,22662,42,3333,fourary,4,4,1133200,0,0
2,layout,destination,5000,22662,42,3333,caliber,4,5,928000,0,89400
2,layout,destination,5000,22662,42,3333,mean_ring,4,6,691000,50.895298328097134,35800
2,layout,destination,5000,22662,42,3333,mean_degree,4,7,673100,11.229215940362089,35800
2,layout,destination,5000,22662,42,3333,binary,4,8,1064500,0,0
2,layout,destination,5000,22662,42,3333,binary,5,0,1041900,0,0
2,layout,destination,5000,22662,42,3333,mean_degree,5,1,856900,11.229215940362089,35800
2,layout,destination,5000,22662,42,3333,mean_ring,5,2,914200,50.895298328097134,35800
2,layout,destination,5000,22662,42,3333,caliber,5,3,996800,0,89400
2,layout,destination,5000,22662,42,3333,fourary,5,4,1043400,0,0
2,layout,destination,5000,22662,42,3333,mean_map,5,5,723700,50.895298328097134,35800
2,layout,destination,5000,22662,42,3333,degree4,5,6,1215000,0,308600
2,layout,destination,5000,22662,42,3333,max_maxdegree,5,7,662900,12.499669899545111,82100
2,layout,destination,5000,22662,42,3333,std_binary,5,8,1074200,0,0
2,layout,destination,5000,22662,42,3333,mean_map,6,0,742800,50.895298328097134,35800
2,layout,destination,5000,22662,42,3333,mean_degree,6,1,719400,11.229215940362089,35800
2,layout,destination,5000,22662,42,3333,fourary,6,2,1086700,0,0
2,layout,destination,5000,22662,42,3333,caliber,6,3,964600,0,89400
2,layout,destination,5000,22662,42,3333,max_maxdegree,6,4,657300,12.499669899545111,82100
2,layout,destination,5000,22662,42,3333,degree4,6,5,1221500,0,308600
2,layout,destination,5000,22662,42,3333,binary,6,6,1105100,0,0
2,layout,destination,5000,22662,42,3333,std_binary,6,7,1048300,0,0
2,layout,destination,5000,22662,42,3333,mean_ring,6,8,676700,50.895298328097134,35800
2,layout,destination,5000,22662,42,3333,mean_ring,7,0,659800,50.895298328097134,35800
2,layout,destination,5000,22662,42,3333,std_binary,7,1,1042700,0,0
2,layout,destination,5000,22662,42,3333,binary,7,2,1130200,0,0
2,layout,destination,5000,22662,42,3333,degree4,7,3,1425500,0,308600
2,layout,destination,5000,22662,42,3333,max_maxdegree,7,4,735900,12.499669899545111,82100
2,layout,destination,5000,22662,42,3333,caliber,7,5,1031900,0,89400
2,layout,destination,5000,22662,42,3333,fourary,7,6,1339900,0,0
2,layout,destination,5000,22662,42,3333,mean_degree,7,7,686000,11.229215940362089,35800
2,layout,destination,5000,22662,42,3333,mean_map,7,8,756400,50.895298328097134,35800
3,layout,random,5000,22662,42,1666,mean_ring,0,0,697300,50.89529832809714,43900
3,layout,random,5000,22662,42,1666,fourary,0,1,1117600,0,0
3,layout,random,5000,22662,42,1666,mean_map,0,2,728800,50.89529832809714,43900
3,layout,random,5000,22662,42,1666,degree4,0,3,1388100,0,296400
3,layout,random,5000,22662,42,1666,caliber,0,4,937900,0,90700
3,layout,random,5000,22662,42,1666,std_binary,0,5,1037400,0,0
3,layout,random,5000,22662,42,1666,mean_degree,0,6,658200,11.22921594036209,43900
3,layout,random,5000,22662,42,1666,binary,0,7,1083700,0,0
3,layout,random,5000,22662,42,1666,max_maxdegree,0,8,651100,12.499669899545111,78700
3,layout,random,5000,22662,42,1666,max_maxdegree,1,0,655200,12.499669899545111,78700
3,layout,random,5000,22662,42,1666,binary,1,1,1058400,0,0
3,layout,random,5000,22662,42,1666,mean_degree,1,2,692900,11.22921594036209,43900
3,layout,random,5000,22662,42,1666,std_binary,1,3,1019300,0,0
3,layout,random,5000,22662,42,1666,caliber,1,4,913200,0,90700
3,layout,random,5000,22662,42,1666,degree4,1,5,1204200,0,296400
3,layout,random,5000,22662,42,1666,mean_map,1,6,1296100,50.89529832809714,43900
3,layout,random,5000,22662,42,1666,fourary,1,7,1215200,0,0
3,layout,random,5000,22662,42,1666,mean_ring,1,8,703000,50.89529832809714,43900
3,layout,random,5000,22662,42,1666,mean_ring,2,0,666800,50.89529832809714,43900
3,layout,random,5000,22662,42,1666,mean_degree,2,1,663000,11.22921594036209,43900
3,layout,random,5000,22662,42,1666,mean_map,2,2,735800,50.89529832809714,43900
3,layout,random,5000,22662,42,1666,degree4,2,3,1473400,0,296400
3,layout,random,5000,22662,42,1666,caliber,2,4,1060000,0,90700
3,layout,random,5000,22662,42,1666,max_maxdegree,2,5,679700,12.499669899545111,78700
3,layout,random,5000,22662,42,1666,fourary,2,6,1235600,0,0
3,layout,random,5000,22662,42,1666,binary,2,7,1066500,0,0
3,layout,random,5000,22662,42,1666,std_binary,2,8,1025600,0,0
3,layout,random,5000,22662,42,1666,std_binary,3,0,1038100,0,0
3,layout,random,5000,22662,42,1666,binary,3,1,1143600,0,0
3,layout,random,5000,22662,42,1666,fourary,3,2,1039800,0,0
3,layout,random,5000,22662,42,1666,max_maxdegree,3,3,658900,12.499669899545111,78700
3,layout,random,5000,22662,42,1666,caliber,3,4,919700,0,90700
3,layout,random,5000,22662,42,1666,degree4,3,5,1221200,0,296400
3,layout,random,5000,22662,42,1666,mean_map,3,6,735800,50.89529832809714,43900
3,layout,random,5000,22662,42,1666,mean_degree,3,7,694600,11.22921594036209,43900
3,layout,random,5000,22662,42,1666,mean_ring,3,8,666600,50.89529832809714,43900
3,layout,random,5000,22662,42,1666,mean_map,4,0,723700,50.89529832809714,43900
3,layout,random,5000,22662,42,1666,fourary,4,1,1058200,0,0
3,layout,random,5000,22662,42,1666,binary,4,2,1057100,0,0
3,layout,random,5000,22662,42,1666,max_maxdegree,4,3,661800,12.499669899545111,78700
3,layout,random,5000,22662,42,1666,mean_degree,4,4,659700,11.22921594036209,43900
3,layout,random,5000,22662,42,1666,mean_ring,4,5,681600,50.89529832809714,43900
3,layout,random,5000,22662,42,1666,degree4,4,6,1197200,0,296400
3,layout,random,5000,22662,42,1666,caliber,4,7,921500,0,90700
3,layout,random,5000,22662,42,1666,std_binary,4,8,1028600,0,0
3,layout,random,5000,22662,42,1666,std_binary,5,0,1018900,0,0
3,layout,random,5000,22662,42,1666,caliber,5,1,905700,0,90700
3,layout,random,5000,22662,42,1666,degree4,5,2,1199600,0,296400
3,layout,random,5000,22662,42,1666,mean_ring,5,3,674400,50.89529832809714,43900
3,layout,random,5000,22662,42,1666,mean_degree,5,4,649600,11.22921594036209,43900
3,layout,random,5000,22662,42,1666,max_maxdegree,5,5,655300,12.499669899545111,78700
3,layout,random,5000,22662,42,1666,binary,5,6,1067600,0,0
3,layout,random,5000,22662,42,1666,fourary,5,7,1142600,0,0
3,layout,random,5000,22662,42,1666,mean_map,5,8,754500,50.89529832809714,43900
3,layout,random,5000,22662,42,1666,std_binary,6,0,1082300,0,0
3,layout,random,5000,22662,42,1666,mean_degree,6,1,747300,11.22921594036209,43900
3,layout,random,5000,22662,42,1666,fourary,6,2,1210400,0,0
3,layout,random,5000,22662,42,1666,mean_ring,6,3,666400,50.89529832809714,43900
3,layout,random,5000,22662,42,1666,max_maxdegree,6,4,676300,12.499669899545111,78700
3,layout,random,5000,22662,42,1666,degree4,6,5,1226500,0,296400
3,layout,random,5000,22662,42,1666,caliber,6,6,1012300,0,90700
3,layout,random,5000,22662,42,1666,mean_map,6,7,735400,50.89529832809714,43900
3,layout,random,5000,22662,42,1666,binary,6,8,1147000,0,0
3,layout,random,5000,22662,42,1666,binary,7,0,1054200,0,0
3,layout,random,5000,22662,42,1666,mean_map,7,1,735300,50.89529832809714,43900
3,layout,random,5000,22662,42,1666,caliber,7,2,929800,0,90700
3,layout,random,5000,22662,42,1666,degree4,7,3,1289000,0,296400
3,layout,random,5000,22662,42,1666,max_maxdegree,7,4,664000,12.499669899545111,78700
3,layout,random,5000,22662,42,1666,mean_ring,7,5,689500,50.89529832809714,43900
3,layout,random,5000,22662,42,1666,fourary,7,6,1256100,0,0
3,layout,random,5000,22662,42,1666,mean_degree,7,7,708900,11.22921594036209,43900
3,layout,random,5000,22662,42,1666,std_binary,7,8,1024800,0,0
3,layout,random,5000,22662,42,3333,fourary,0,0,1095500,0,0
3,layout,random,5000,22662,42,3333,binary,0,1,1074900,0,0
3,layout,random,5000,22662,42,3333,mean_ring,0,2,742700,50.89529832809714,43900
3,layout,random,5000,22662,42,3333,mean_map,0,3,757800,50.89529832809714,43900
3,layout,random,5000,22662,42,3333,caliber,0,4,964200,0,90700
3,layout,random,5000,22662,42,3333,mean_degree,0,5,665500,11.22921594036209,43900
3,layout,random,5000,22662,42,3333,std_binary,0,6,1054100,0,0
3,layout,random,5000,22662,42,3333,max_maxdegree,0,7,659900,12.499669899545111,78700
3,layout,random,5000,22662,42,3333,degree4,0,8,1255300,0,296400
3,layout,random,5000,22662,42,3333,degree4,1,0,1335400,0,296400
3,layout,random,5000,22662,42,3333,max_maxdegree,1,1,660700,12.499669899545111,78700
3,layout,random,5000,22662,42,3333,std_binary,1,2,1058200,0,0
3,layout,random,5000,22662,42,3333,mean_degree,1,3,667300,11.22921594036209,43900
3,layout,random,5000,22662,42,3333,caliber,1,4,915000,0,90700
3,layout,random,5000,22662,42,3333,mean_map,1,5,927000,50.89529832809714,43900
3,layout,random,5000,22662,42,3333,mean_ring,1,6,699600,50.89529832809714,43900
3,layout,random,5000,22662,42,3333,binary,1,7,1179400,0,0
3,layout,random,5000,22662,42,3333,fourary,1,8,1040100,0,0
3,layout,random,5000,22662,42,3333,caliber,2,0,928500,0,90700
3,layout,random,5000,22662,42,3333,mean_map,2,1,738300,50.89529832809714,43900
3,layout,random,5000,22662,42,3333,mean_ring,2,2,673400,50.89529832809714,43900
3,layout,random,5000,22662,42,3333,fourary,2,3,1277500,0,0
3,layout,random,5000,22662,42,3333,max_maxdegree,2,4,747900,12.499669899545111,78700
3,layout,random,5000,22662,42,3333,binary,2,5,1195400,0,0
3,layout,random,5000,22662,42,3333,degree4,2,6,1213900,0,296400
3,layout,random,5000,22662,42,3333,std_binary,2,7,1032300,0,0
3,layout,random,5000,22662,42,3333,mean_degree,2,8,657900,11.22921594036209,43900
3,layout,random,5000,22662,42,3333,mean_degree,3,0,661800,11.22921594036209,43900
3,layout,random,5000,22662,42,3333,std_binary,3,1,1063500,0,0
3,layout,random,5000,22662,42,3333,degree4,3,2,1719300,0,296400
3,layout,random,5000,22662,42,3333,binary,3,3,1234100,0,0
3,layout,random,5000,22662,42,3333,max_maxdegree,3,4,784800,12.499669899545111,78700
3,layout,random,5000,22662,42,3333,fourary,3,5,1775500,0,0
3,layout,random,5000,22662,42,3333,mean_ring,3,6,739500,50.89529832809714,43900
3,layout,random,5000,22662,42,3333,mean_map,3,7,734200,50.89529832809714,43900
3,layout,random,5000,22662,42,3333,caliber,3,8,981900,0,90700
3,layout,random,5000,22662,42,3333,std_binary,4,0,1025600,0,0
3,layout,random,5000,22662,42,3333,max_maxdegree,4,1,673800,12.499669899545111,78700
3,layout,random,5000,22662,42,3333,degree4,4,2,1334700,0,296400
3,layout,random,5000,22662,42,3333,mean_map,4,3,941500,50.89529832809714,43900
3,layout,random,5000,22662,42,3333,fourary,4,4,1497600,0,0
3,layout,random,5000,22662,42,3333,caliber,4,5,995900,0,90700
3,layout,random,5000,22662,42,3333,mean_ring,4,6,675300,50.89529832809714,43900
3,layout,random,5000,22662,42,3333,mean_degree,4,7,668800,11.22921594036209,43900
3,layout,random,5000,22662,42,3333,binary,4,8,1083800,0,0
3,layout,random,5000,22662,42,3333,binary,5,0,1121200,0,0
3,layout,random,5000,22662,42,3333,mean_degree,5,1,655600,11.22921594036209,43900
3,layout,random,5000,22662,42,3333,mean_ring,5,2,675100,50.89529832809714,43900
3,layout,random,5000,22662,42,3333,caliber,5,3,992400,0,90700
3,layout,random,5000,22662,42,3333,fourary,5,4,1025600,0,0
3,layout,random,5000,22662,42,3333,mean_map,5,5,733600,50.89529832809714,43900
3,layout,random,5000,22662,42,3333,degree4,5,6,1207700,0,296400
3,layout,random,5000,22662,42,3333,max_maxdegree,5,7,717100,12.499669899545111,78700
3,layout,random,5000,22662,42,3333,std_binary,5,8,1151200,0,0
3,layout,random,5000,22662,42,3333,mean_map,6,0,744100,50.89529832809714,43900
3,layout,random,5000,22662,42,3333,mean_degree,6,1,703900,11.22921594036209,43900
3,layout,random,5000,22662,42,3333,fourary,6,2,1041100,0,0
3,layout,random,5000,22662,42,3333,caliber,6,3,936800,0,90700
3,layout,random,5000,22662,42,3333,max_maxdegree,6,4,723200,12.499669899545111,78700
3,layout,random,5000,22662,42,3333,degree4,6,5,1320400,0,296400
3,layout,random,5000,22662,42,3333,binary,6,6,1070900,0,0
3,layout,random,5000,22662,42,3333,std_binary,6,7,1050500,0,0
3,layout,random,5000,22662,42,3333,mean_ring,6,8,683600,50.89529832809714,43900
3,layout,random,5000,22662,42,3333,mean_ring,7,0,655400,50.89529832809714,43900
3,layout,random,5000,22662,42,3333,std_binary,7,1,1164100,0,0
3,layout,random,5000,22662,42,3333,binary,7,2,1345300,0,0
3,layout,random,5000,22662,42,3333,degree4,7,3,1196500,0,296400
3,layout,random,5000,22662,42,3333,max_maxdegree,7,4,818200,12.499669899545111,78700
3,layout,random,5000,22662,42,3333,caliber,7,5,1539800,0,90700
3,layout,random,5000,22662,42,3333,fourary,7,6,1320100,0,0
3,layout,random,5000,22662,42,3333,mean_degree,7,7,803100,11.22921594036209,43900
3,layout,random,5000,22662,42,3333,mean_map,7,8,1190600,50.89529832809714,43900
4,layout,bfs,5000,22662,42,4621,mean_ring,0,0,559400,50.89529832809743,46300
4,layout,bfs,5000,22662,42,4621,degree4,0,1,1233400,0,356700
4,layout,bfs,5000,22662,42,4621,mean_degree,0,2,709300,11.229215940362156,46300
4,layout,bfs,5000,22662,42,4621,std_binary,0,3,1064900,0,0
4,layout,bfs,5000,22662,42,4621,caliber,0,4,919900,0,136700
4,layout,bfs,5000,22662,42,4621,fourary,0,5,1127200,0,0
4,layout,bfs,5000,22662,42,4621,mean_map,0,6,642000,50.89529832809743,46300
4,layout,bfs,5000,22662,42,4621,max_maxdegree,0,7,664000,12.499669899545111,79300
4,layout,bfs,5000,22662,42,4621,binary,0,8,1065500,0,0
4,layout,bfs,5000,22662,42,4621,binary,1,0,1052600,0,0
4,layout,bfs,5000,22662,42,4621,max_maxdegree,1,1,721900,12.499669899545111,79300
4,layout,bfs,5000,22662,42,4621,mean_map,1,2,670000,50.89529832809743,46300
4,layout,bfs,5000,22662,42,4621,fourary,1,3,1163300,0,0
4,layout,bfs,5000,22662,42,4621,caliber,1,4,949400,0,136700
4,layout,bfs,5000,22662,42,4621,std_binary,1,5,1026000,0,0
4,layout,bfs,5000,22662,42,4621,mean_degree,1,6,644900,11.229215940362156,46300
4,layout,bfs,5000,22662,42,4621,degree4,1,7,1248800,0,356700
4,layout,bfs,5000,22662,42,4621,mean_ring,1,8,556300,50.89529832809743,46300
4,layout,bfs,5000,22662,42,4621,mean_map,2,0,736300,50.89529832809743,46300
4,layout,bfs,5000,22662,42,4621,mean_ring,2,1,534900,50.89529832809743,46300
4,layout,bfs,5000,22662,42,4621,fourary,2,2,1531900,0,0
4,layout,bfs,5000,22662,42,4621,degree4,2,3,1218800,0,356700
4,layout,bfs,5000,22662,42,4621,binary,2,4,1062400,0,0
4,layout,bfs,5000,22662,42,4621,mean_degree,2,5,1473000,11.229215940362156,46300
4,layout,bfs,5000,22662,42,4621,std_binary,2,6,1293300,0,0
4,layout,bfs,5000,22662,42,4621,max_maxdegree,2,7,820900,12.499669899545111,79300
4,layout,bfs,5000,22662,42,4621,caliber,2,8,1210700,0,136700
4,layout,bfs,5000,22662,42,4621,caliber,3,0,1054600,0,136700
4,layout,bfs,5000,22662,42,4621,max_maxdegree,3,1,884000,12.499669899545111,79300
4,layout,bfs,5000,22662,42,4621,std_binary,3,2,1035400,0,0
4,layout,bfs,5000,22662,42,4621,mean_degree,3,3,699100,11.229215940362156,46300
4,layout,bfs,5000,22662,42,4621,binary,3,4,1186200,0,0
4,layout,bfs,5000,22662,42,4621,degree4,3,5,1478800,0,356700
4,layout,bfs,5000,22662,42,4621,fourary,3,6,1105800,0,0
4,layout,bfs,5000,22662,42,4621,mean_ring,3,7,717400,50.89529832809743,46300
4,layout,bfs,5000,22662,42,4621,mean_map,3,8,739100,50.89529832809743,46300
4,layout,bfs,5000,22662,42,4621,mean_degree,4,0,785900,11.229215940362156,46300
4,layout,bfs,5000,22662,42,4621,fourary,4,1,1094100,0,0
4,layout,bfs,5000,22662,42,4621,caliber,4,2,1027200,0,136700
4,layout,bfs,5000,22662,42,4621,mean_ring,4,3,559600,50.89529832809743,46300
4,layout,bfs,5000,22662,42,4621,mean_map,4,4,753400,50.89529832809743,46300
4,layout,bfs,5000,22662,42,4621,degree4,4,5,1387900,0,356700
4,layout,bfs,5000,22662,42,4621,binary,4,6,1098300,0,0
4,layout,bfs,5000,22662,42,4621,std_binary,4,7,1040200,0,0
4,layout,bfs,5000,22662,42,4621,max_maxdegree,4,8,694000,12.499669899545111,79300
4,layout,bfs,5000,22662,42,4621,max_maxdegree,5,0,636900,12.499669899545111,79300
4,layout,bfs,5000,22662,42,4621,std_binary,5,1,1033800,0,0
4,layout,bfs,5000,22662,42,4621,binary,5,2,1479900,0,0
4,layout,bfs,5000,22662,42,4621,degree4,5,3,1970200,0,356700
4,layout,bfs,5000,22662,42,4621,mean_map,5,4,607100,50.89529832809743,46300
4,layout,bfs,5000,22662,42,4621,mean_ring,5,5,524700,50.89529832809743,46300
4,layout,bfs,5000,22662,42,4621,caliber,5,6,908000,0,136700
4,layout,bfs,5000,22662,42,4621,fourary,5,7,1132500,0,0
4,layout,bfs,5000,22662,42,4621,mean_degree,5,8,672400,11.229215940362156,46300
4,layout,bfs,5000,22662,42,4621,max_maxdegree,6,0,822300,12.499669899545111,79300
4,layout,bfs,5000,22662,42,4621,std_binary,6,1,1066100,0,0
4,layout,bfs,5000,22662,42,4621,degree4,6,2,1276100,0,356700
4,layout,bfs,5000,22662,42,4621,mean_ring,6,3,558600,50.89529832809743,46300
4,layout,bfs,5000,22662,42,4621,fourary,6,4,1084700,0,0
4,layout,bfs,5000,22662,42,4621,binary,6,5,1073900,0,0
4,layout,bfs,5000,22662,42,4621,caliber,6,6,927200,0,136700
4,layout,bfs,5000,22662,42,4621,mean_map,6,7,968300,50.89529832809743,46300
4,layout,bfs,5000,22662,42,4621,mean_degree,6,8,897900,11.229215940362156,46300
4,layout,bfs,5000,22662,42,4621,mean_degree,7,0,788600,11.229215940362156,46300
4,layout,bfs,5000,22662,42,4621,mean_map,7,1,596700,50.89529832809743,46300
4,layout,bfs,5000,22662,42,4621,caliber,7,2,2494800,0,136700
4,layout,bfs,5000,22662,42,4621,binary,7,3,1067300,0,0
4,layout,bfs,5000,22662,42,4621,fourary,7,4,1054500,0,0
4,layout,bfs,5000,22662,42,4621,mean_ring,7,5,535200,50.89529832809743,46300
4,layout,bfs,5000,22662,42,4621,degree4,7,6,1217100,0,356700
4,layout,bfs,5000,22662,42,4621,std_binary,7,7,1021200,0,0
4,layout,bfs,5000,22662,42,4621,max_maxdegree,7,8,674300,12.499669899545111,79300
4,layout,bfs,5000,22662,42,623,fourary,0,0,1120900,0,0
4,layout,bfs,5000,22662,42,623,mean_degree,0,1,720200,11.229215940362156,46300
4,layout,bfs,5000,22662,42,623,binary,0,2,1071600,0,0
4,layout,bfs,5000,22662,42,623,mean_ring,0,3,550200,50.89529832809743,46300
4,layout,bfs,5000,22662,42,623,max_maxdegree,0,4,676400,12.499669899545111,79300
4,layout,bfs,5000,22662,42,623,caliber,0,5,943100,0,136700
4,layout,bfs,5000,22662,42,623,mean_map,0,6,595700,50.89529832809743,46300
4,layout,bfs,5000,22662,42,623,degree4,0,7,1313900,0,356700
4,layout,bfs,5000,22662,42,623,std_binary,0,8,1020700,0,0
4,layout,bfs,5000,22662,42,623,std_binary,1,0,1056700,0,0
4,layout,bfs,5000,22662,42,623,degree4,1,1,1235900,0,356700
4,layout,bfs,5000,22662,42,623,mean_map,1,2,618600,50.89529832809743,46300
4,layout,bfs,5000,22662,42,623,caliber,1,3,916300,0,136700
4,layout,bfs,5000,22662,42,623,max_maxdegree,1,4,697100,12.499669899545111,79300
4,layout,bfs,5000,22662,42,623,mean_ring,1,5,566300,50.89529832809743,46300
4,layout,bfs,5000,22662,42,623,binary,1,6,1083700,0,0
4,layout,bfs,5000,22662,42,623,mean_degree,1,7,675400,11.229215940362156,46300
4,layout,bfs,5000,22662,42,623,fourary,1,8,1080300,0,0
4,layout,bfs,5000,22662,42,623,mean_ring,2,0,568600,50.89529832809743,46300
4,layout,bfs,5000,22662,42,623,std_binary,2,1,1144200,0,0
4,layout,bfs,5000,22662,42,623,degree4,2,2,1235600,0,356700
4,layout,bfs,5000,22662,42,623,mean_degree,2,3,684200,11.229215940362156,46300
4,layout,bfs,5000,22662,42,623,binary,2,4,1056500,0,0
4,layout,bfs,5000,22662,42,623,max_maxdegree,2,5,668700,12.499669899545111,79300
4,layout,bfs,5000,22662,42,623,caliber,2,6,916500,0,136700
4,layout,bfs,5000,22662,42,623,mean_map,2,7,670500,50.89529832809743,46300
4,layout,bfs,5000,22662,42,623,fourary,2,8,1056000,0,0
4,layout,bfs,5000,22662,42,623,fourary,3,0,1079500,0,0
4,layout,bfs,5000,22662,42,623,mean_map,3,1,822000,50.89529832809743,46300
4,layout,bfs,5000,22662,42,623,caliber,3,2,1010700,0,136700
4,layout,bfs,5000,22662,42,623,max_maxdegree,3,3,672700,12.499669899545111,79300
4,layout,bfs,5000,22662,42,623,binary,3,4,1047200,0,0
4,layout,bfs,5000,22662,42,623,mean_degree,3,5,668800,11.229215940362156,46300
4,layout,bfs,5000,22662,42,623,degree4,3,6,1203600,0,356700
4,layout,bfs,5000,22662,42,623,std_binary,3,7,1040700,0,0
4,layout,bfs,5000,22662,42,623,mean_ring,3,8,561900,50.89529832809743,46300
4,layout,bfs,5000,22662,42,623,mean_degree,4,0,704100,11.229215940362156,46300
4,layout,bfs,5000,22662,42,623,degree4,4,1,1207300,0,356700
4,layout,bfs,5000,22662,42,623,std_binary,4,2,1018000,0,0
4,layout,bfs,5000,22662,42,623,max_maxdegree,4,3,667000,12.499669899545111,79300
4,layout,bfs,5000,22662,42,623,mean_ring,4,4,1024100,50.89529832809743,46300
4,layout,bfs,5000,22662,42,623,fourary,4,5,1145700,0,0
4,layout,bfs,5000,22662,42,623,mean_map,4,6,609300,50.89529832809743,46300
4,layout,bfs,5000,22662,42,623,caliber,4,7,918800,0,136700
4,layout,bfs,5000,22662,42,623,binary,4,8,1072300,0,0
4,layout,bfs,5000,22662,42,623,binary,5,0,1074500,0,0
4,layout,bfs,5000,22662,42,623,caliber,5,1,907900,0,136700
4,layout,bfs,5000,22662,42,623,mean_map,5,2,637500,50.89529832809743,46300
4,layout,bfs,5000,22662,42,623,fourary,5,3,1042200,0,0
4,layout,bfs,5000,22662,42,623,mean_ring,5,4,565000,50.89529832809743,46300
4,layout,bfs,5000,22662,42,623,max_maxdegree,5,5,663700,12.499669899545111,79300
4,layout,bfs,5000,22662,42,623,std_binary,5,6,1070500,0,0
4,layout,bfs,5000,22662,42,623,degree4,5,7,1258800,0,356700
4,layout,bfs,5000,22662,42,623,mean_degree,5,8,935700,11.229215940362156,46300
4,layout,bfs,5000,22662,42,623,fourary,6,0,1260800,0,0
4,layout,bfs,5000,22662,42,623,binary,6,1,1238400,0,0
4,layout,bfs,5000,22662,42,623,degree4,6,2,1216100,0,356700
4,layout,bfs,5000,22662,42,623,mean_degree,6,3,687600,11.229215940362156,46300
4,layout,bfs,5000,22662,42,623,max_maxdegree,6,4,635600,12.499669899545111,79300
4,layout,bfs,5000,22662,42,623,std_binary,6,5,1025500,0,0
4,layout,bfs,5000,22662,42,623,mean_ring,6,6,546600,50.89529832809743,46300
4,layout,bfs,5000,22662,42,623,mean_map,6,7,622100,50.89529832809743,46300
4,layout,bfs,5000,22662,42,623,caliber,6,8,1040000,0,136700
4,layout,bfs,5000,22662,42,623,caliber,7,0,983900,0,136700
4,layout,bfs,5000,22662,42,623,mean_map,7,1,624100,50.89529832809743,46300
4,layout,bfs,5000,22662,42,623,mean_ring,7,2,525000,50.89529832809743,46300
4,layout,bfs,5000,22662,42,623,std_binary,7,3,1026200,0,0
4,layout,bfs,5000,22662,42,623,max_maxdegree,7,4,651600,12.499669899545111,79300
4,layout,bfs,5000,22662,42,623,mean_degree,7,5,1248200,11.229215940362156,46300
4,layout,bfs,5000,22662,42,623,degree4,7,6,1481800,0,356700
4,layout,bfs,5000,22662,42,623,binary,7,7,1089800,0,0
4,layout,bfs,5000,22662,42,623,fourary,7,8,1076300,0,0
5,layout,rcm,5000,22662,42,378,degree4,0,0,1257400,0,286400
5,layout,rcm,5000,22662,42,378,max_maxdegree,0,1,662600,12.499669899545111,79900
5,layout,rcm,5000,22662,42,378,mean_map,0,2,688100,50.895298328097,35700
5,layout,rcm,5000,22662,42,378,mean_ring,0,3,516000,50.895298328097,35700
5,layout,rcm,5000,22662,42,378,binary,0,4,1092400,0,0
5,layout,rcm,5000,22662,42,378,caliber,0,5,937000,0,115600
5,layout,rcm,5000,22662,42,378,mean_degree,0,6,660500,11.22921594036206,35700
5,layout,rcm,5000,22662,42,378,std_binary,0,7,1060900,0,0
5,layout,rcm,5000,22662,42,378,fourary,0,8,1133100,0,0
5,layout,rcm,5000,22662,42,378,fourary,1,0,1039400,0,0
5,layout,rcm,5000,22662,42,378,std_binary,1,1,1083500,0,0
5,layout,rcm,5000,22662,42,378,mean_degree,1,2,1077500,11.22921594036206,35700
5,layout,rcm,5000,22662,42,378,caliber,1,3,988600,0,115600
5,layout,rcm,5000,22662,42,378,binary,1,4,1058100,0,0
5,layout,rcm,5000,22662,42,378,mean_ring,1,5,526900,50.895298328097,35700
5,layout,rcm,5000,22662,42,378,mean_map,1,6,580400,50.895298328097,35700
5,layout,rcm,5000,22662,42,378,max_maxdegree,1,7,704300,12.499669899545111,79900
5,layout,rcm,5000,22662,42,378,degree4,1,8,1318800,0,286400
5,layout,rcm,5000,22662,42,378,mean_degree,2,0,663700,11.22921594036206,35700
5,layout,rcm,5000,22662,42,378,max_maxdegree,2,1,648400,12.499669899545111,79900
5,layout,rcm,5000,22662,42,378,fourary,2,2,1050800,0,0
5,layout,rcm,5000,22662,42,378,mean_ring,2,3,529900,50.895298328097,35700
5,layout,rcm,5000,22662,42,378,binary,2,4,1042900,0,0
5,layout,rcm,5000,22662,42,378,caliber,2,5,931300,0,115600
5,layout,rcm,5000,22662,42,378,std_binary,2,6,1030100,0,0
5,layout,rcm,5000,22662,42,378,mean_map,2,7,589600,50.895298328097,35700
5,layout,rcm,5000,22662,42,378,degree4,2,8,1209000,0,286400
5,layout,rcm,5000,22662,42,378,degree4,3,0,1213700,0,286400
5,layout,rcm,5000,22662,42,378,mean_map,3,1,605000,50.895298328097,35700
5,layout,rcm,5000,22662,42,378,std_binary,3,2,1069000,0,0
5,layout,rcm,5000,22662,42,378,caliber,3,3,922800,0,115600
5,layout,rcm,5000,22662,42,378,binary,3,4,1153400,0,0
5,layout,rcm,5000,22662,42,378,mean_ring,3,5,592000,50.895298328097,35700
5,layout,rcm,5000,22662,42,378,fourary,3,6,1065600,0,0
5,layout,rcm,5000,22662,42,378,max_maxdegree,3,7,725200,12.499669899545111,79900
5,layout,rcm,5000,22662,42,378,mean_degree,3,8,674000,11.22921594036206,35700
5,layout,rcm,5000,22662,42,378,fourary,4,0,1066600,0,0
5,layout,rcm,5000,22662,42,378,mean_ring,4,1,522500,50.895298328097,35700
5,layout,rcm,5000,22662,42,378,max_maxdegree,4,2,693600,12.499669899545111,79900
5,layout,rcm,5000,22662,42,378,mean_degree,4,3,695000,11.22921594036206,35700
5,layout,rcm,5000,22662,42,378,std_binary,4,4,1524000,0,0
5,layout,rcm,5000,22662,42,378,mean_map,4,5,596400,50.895298328097,35700
5,layout,rcm,5000,22662,42,378,degree4,4,6,1276700,0,286400
5,layout,rcm,5000,22662,42,378,caliber,4,7,932300,0,115600
5,layout,rcm,5000,22662,42,378,binary,4,8,1098800,0,0
5,layout,rcm,5000,22662,42,378,binary,5,0,1232400,0,0
5,layout,rcm,5000,22662,42,378,caliber,5,1,1186300,0,115600
5,layout,rcm,5000,22662,42,378,degree4,5,2,1275800,0,286400
5,layout,rcm,5000,22662,42,378,mean_map,5,3,595100,50.895298328097,35700
5,layout,rcm,5000,22662,42,378,std_binary,5,4,1101400,0,0
5,layout,rcm,5000,22662,42,378,mean_degree,5,5,670200,11.22921594036206,35700
5,layout,rcm,5000,22662,42,378,max_maxdegree,5,6,807800,12.499669899545111,79900
5,layout,rcm,5000,22662,42,378,mean_ring,5,7,719500,50.895298328097,35700
5,layout,rcm,5000,22662,42,378,fourary,5,8,1153700,0,0
5,layout,rcm,5000,22662,42,378,mean_degree,6,0,652500,11.22921594036206,35700
5,layout,rcm,5000,22662,42,378,mean_map,6,1,595700,50.895298328097,35700
5,layout,rcm,5000,22662,42,378,degree4,6,2,1293000,0,286400
5,layout,rcm,5000,22662,42,378,max_maxdegree,6,3,684700,12.499669899545111,79900
5,layout,rcm,5000,22662,42,378,caliber,6,4,944400,0,115600
5,layout,rcm,5000,22662,42,378,fourary,6,5,1054700,0,0
5,layout,rcm,5000,22662,42,378,std_binary,6,6,1043700,0,0
5,layout,rcm,5000,22662,42,378,binary,6,7,1044700,0,0
5,layout,rcm,5000,22662,42,378,mean_ring,6,8,551900,50.895298328097,35700
5,layout,rcm,5000,22662,42,378,mean_ring,7,0,531800,50.895298328097,35700
5,layout,rcm,5000,22662,42,378,binary,7,1,1185800,0,0
5,layout,rcm,5000,22662,42,378,std_binary,7,2,1111400,0,0
5,layout,rcm,5000,22662,42,378,fourary,7,3,1128600,0,0
5,layout,rcm,5000,22662,42,378,caliber,7,4,973500,0,115600
5,layout,rcm,5000,22662,42,378,max_maxdegree,7,5,784100,12.499669899545111,79900
5,layout,rcm,5000,22662,42,378,degree4,7,6,1427900,0,286400
5,layout,rcm,5000,22662,42,378,mean_map,7,7,742400,50.895298328097,35700
5,layout,rcm,5000,22662,42,378,mean_degree,7,8,694900,11.22921594036206,35700
5,layout,rcm,5000,22662,42,4376,caliber,0,0,963000,0,115600
5,layout,rcm,5000,22662,42,4376,fourary,0,1,1073000,0,0
5,layout,rcm,5000,22662,42,4376,max_maxdegree,0,2,673200,12.499669899545111,79900
5,layout,rcm,5000,22662,42,4376,mean_degree,0,3,695700,11.22921594036206,35700
5,layout,rcm,5000,22662,42,4376,binary,0,4,1299800,0,0
5,layout,rcm,5000,22662,42,4376,mean_map,0,5,661000,50.895298328097,35700
5,layout,rcm,5000,22662,42,4376,degree4,0,6,1309100,0,286400
5,layout,rcm,5000,22662,42,4376,std_binary,0,7,1055000,0,0
5,layout,rcm,5000,22662,42,4376,mean_ring,0,8,588900,50.895298328097,35700
5,layout,rcm,5000,22662,42,4376,mean_ring,1,0,531200,50.895298328097,35700
5,layout,rcm,5000,22662,42,4376,std_binary,1,1,1038600,0,0
5,layout,rcm,5000,22662,42,4376,degree4,1,2,1349900,0,286400
5,layout,rcm,5000,22662,42,4376,mean_map,1,3,643100,50.895298328097,35700
5,layout,rcm,5000,22662,42,4376,binary,1,4,1097000,0,0
5,layout,rcm,5000,22662,42,4376,mean_degree,1,5,759900,11.22921594036206,35700
5,layout,rcm,5000,22662,42,4376,max_maxdegree,1,6,733700,12.499669899545111,79900
5,layout,rcm,5000,22662,42,4376,fourary,1,7,1075800,0,0
5,layout,rcm,5000,22662,42,4376,caliber,1,8,1124100,0,115600
5,layout,rcm,5000,22662,42,4376,mean_degree,2,0,929700,11.22921594036206,35700
5,layout,rcm,5000,22662,42,4376,std_binary,2,1,1044700,0,0
5,layout,rcm,5000,22662,42,4376,max_maxdegree,2,2,657100,12.499669899545111,79900
5,layout,rcm,5000,22662,42,4376,mean_map,2,3,620900,50.895298328097,35700
5,layout,rcm,5000,22662,42,4376,degree4,2,4,1316900,0,286400
5,layout,rcm,5000,22662,42,4376,mean_ring,2,5,561400,50.895298328097,35700
5,layout,rcm,5000,22662,42,4376,binary,2,6,1216300,0,0
5,layout,rcm,5000,22662,42,4376,fourary,2,7,1057500,0,0
5,layout,rcm,5000,22662,42,4376,caliber,2,8,1008000,0,115600
5,layout,rcm,5000,22662,42,4376,caliber,3,0,936700,0,115600
5,layout,rcm,5000,22662,42,4376,fourary,3,1,1076300,0,0
5,layout,rcm,5000,22662,42,4376,binary,3,2,1315300,0,0
5,layout,rcm,5000,22662,42,4376,mean_ring,3,3,818000,50.895298328097,35700
5,layout,rcm,5000,22662,42,4376,degree4,3,4,1350800,0,286400
5,layout,rcm,5000,22662,42,4376,mean_map,3,5,767500,50.895298328097,35700
5,layout,rcm,5000,22662,42,4376,max_maxdegree,3,6,830900,12.499669899545111,79900
5,layout,rcm,5000,22662,42,4376,std_binary,3,7,1060100,0,0
5,layout,rcm,5000,22662,42,4376,mean_degree,3,8,740300,11.22921594036206,35700
5,layout,rcm,5000,22662,42,4376,std_binary,4,0,1033900,0,0
5,layout,rcm,5000,22662,42,4376,binary,4,1,1104100,0,0
5,layout,rcm,5000,22662,42,4376,max_maxdegree,4,2,696300,12.499669899545111,79900
5,layout,rcm,5000,22662,42,4376,degree4,4,3,1300300,0,286400
5,layout,rcm,5000,22662,42,4376,fourary,4,4,1069500,0,0
5,layout,rcm,5000,22662,42,4376,mean_map,4,5,759000,50.895298328097,35700
5,layout,rcm,5000,22662,42,4376,mean_degree,4,6,713700,11.22921594036206,35700
5,layout,rcm,5000,22662,42,4376,caliber,4,7,1024400,0,115600
5,layout,rcm,5000,22662,42,4376,mean_ring,4,8,565200,50.895298328097,35700
5,layout,rcm,5000,22662,42,4376,mean_ring,5,0,574400,50.895298328097,35700
5,layout,rcm,5000,22662,42,4376,caliber,5,1,1014400,0,115600
5,layout,rcm,5000,22662,42,4376,mean_degree,5,2,694600,11.22921594036206,35700
5,layout,rcm,5000,22662,42,4376,mean_map,5,3,625200,50.895298328097,35700
5,layout,rcm,5000,22662,42,4376,fourary,5,4,1133700,0,0
5,layout,rcm,5000,22662,42,4376,degree4,5,5,1304500,0,286400
5,layout,rcm,5000,22662,42,4376,max_maxdegree,5,6,692800,12.499669899545111,79900
5,layout,rcm,5000,22662,42,4376,binary,5,7,1533600,0,0
5,layout,rcm,5000,22662,42,4376,std_binary,5,8,1124900,0,0
5,layout,rcm,5000,22662,42,4376,caliber,6,0,969000,0,115600
5,layout,rcm,5000,22662,42,4376,max_maxdegree,6,1,757800,12.499669899545111,79900
5,layout,rcm,5000,22662,42,4376,degree4,6,2,1310800,0,286400
5,layout,rcm,5000,22662,42,4376,mean_ring,6,3,625300,50.895298328097,35700
5,layout,rcm,5000,22662,42,4376,std_binary,6,4,1118400,0,0
5,layout,rcm,5000,22662,42,4376,fourary,6,5,1121300,0,0
5,layout,rcm,5000,22662,42,4376,binary,6,6,1378500,0,0
5,layout,rcm,5000,22662,42,4376,mean_map,6,7,726600,50.895298328097,35700
5,layout,rcm,5000,22662,42,4376,mean_degree,6,8,792000,11.22921594036206,35700
5,layout,rcm,5000,22662,42,4376,mean_degree,7,0,700400,11.22921594036206,35700
5,layout,rcm,5000,22662,42,4376,mean_map,7,1,657100,50.895298328097,35700
5,layout,rcm,5000,22662,42,4376,binary,7,2,1255500,0,0
5,layout,rcm,5000,22662,42,4376,fourary,7,3,1109000,0,0
5,layout,rcm,5000,22662,42,4376,std_binary,7,4,1086400,0,0
5,layout,rcm,5000,22662,42,4376,mean_ring,7,5,594500,50.895298328097,35700
5,layout,rcm,5000,22662,42,4376,degree4,7,6,1324500,0,286400
5,layout,rcm,5000,22662,42,4376,max_maxdegree,7,7,736100,12.499669899545111,79900
5,layout,rcm,5000,22662,42,4376,caliber,7,8,947600,0,115600
6,layout,weight,100000,450557,42,33333,mean_degree,0,0,23467300,11.225725203330558,1580400
6,layout,weight,100000,450557,42,33333,std_binary,0,1,44470900,0,0
6,layout,weight,100000,450557,42,33333,binary,0,2,49456000,0,0
6,layout,weight,100000,450557,42,33333,caliber,0,3,44922800,0,1949900
6,layout,weight,100000,450557,42,33333,mean_map,0,4,26232100,50.57829070437006,1580400
6,layout,weight,100000,450557,42,33333,degree4,0,5,57574900,0,7634000
6,layout,weight,100000,450557,42,33333,max_maxdegree,0,6,23185600,12.499991064546379,2534400
6,layout,weight,100000,450557,42,33333,mean_ring,0,7,22996400,50.57829070437006,1580400
6,layout,weight,100000,450557,42,33333,fourary,0,8,47671000,0,0
6,layout,weight,100000,450557,42,33333,fourary,1,0,46634800,0,0
6,layout,weight,100000,450557,42,33333,mean_ring,1,1,25041100,50.57829070437006,1580400
6,layout,weight,100000,450557,42,33333,max_maxdegree,1,2,24452700,12.499991064546379,2534400
6,layout,weight,100000,450557,42,33333,degree4,1,3,60973300,0,7634000
6,layout,weight,100000,450557,42,33333,mean_map,1,4,24442200,50.57829070437006,1580400
6,layout,weight,100000,450557,42,33333,caliber,1,5,40678200,0,1949900
6,layout,weight,100000,450557,42,33333,binary,1,6,45281000,0,0
6,layout,weight,100000,450557,42,33333,std_binary,1,7,46971300,0,0
6,layout,weight,100000,450557,42,33333,mean_degree,1,8,24395600,11.225725203330558,1580400
6,layout,weight,100000,450557,42,33333,std_binary,2,0,45867300,0,0
6,layout,weight,100000,450557,42,33333,mean_ring,2,1,27410900,50.57829070437006,1580400
6,layout,weight,100000,450557,42,33333,binary,2,2,47019400,0,0
6,layout,weight,100000,450557,42,33333,fourary,2,3,45425300,0,0
6,layout,weight,100000,450557,42,33333,max_maxdegree,2,4,24360000,12.499991064546379,2534400
6,layout,weight,100000,450557,42,33333,mean_degree,2,5,23294100,11.225725203330558,1580400
6,layout,weight,100000,450557,42,33333,caliber,2,6,41281600,0,1949900
6,layout,weight,100000,450557,42,33333,degree4,2,7,57374900,0,7634000
6,layout,weight,100000,450557,42,33333,mean_map,2,8,25167200,50.57829070437006,1580400
6,layout,weight,100000,450557,42,33333,mean_map,3,0,24679500,50.57829070437006,1580400
6,layout,weight,100000,450557,42,33333,degree4,3,1,56940000,0,7634000
6,layout,weight,100000,450557,42,33333,caliber,3,2,39609200,0,1949900
6,layout,weight,100000,450557,42,33333,mean_degree,3,3,28352700,11.225725203330558,1580400
6,layout,weight,100000,450557,42,33333,max_maxdegree,3,4,23691000,12.499991064546379,2534400
6,layout,weight,100000,450557,42,33333,fourary,3,5,45348400,0,0
6,layout,weight,100000,450557,42,33333,binary,3,6,45993800,0,0
6,layout,weight,100000,450557,42,33333,mean_ring,3,7,22082000,50.57829070437006,1580400
6,layout,weight,100000,450557,42,33333,std_binary,3,8,43976000,0,0
6,layout,weight,100000,450557,42,33333,std_binary,4,0,43838000,0,0
6,layout,weight,100000,450557,42,33333,fourary,4,1,46497900,0,0
6,layout,weight,100000,450557,42,33333,caliber,4,2,42505500,0,1949900
6,layout,weight,100000,450557,42,33333,mean_ring,4,3,25794000,50.57829070437006,1580400
6,layout,weight,100000,450557,42,33333,mean_degree,4,4,24495600,11.225725203330558,1580400
6,layout,weight,100000,450557,42,33333,binary,4,5,48378500,0,0
6,layout,weight,100000,450557,42,33333,degree4,4,6,61057000,0,7634000
6,layout,weight,100000,450557,42,33333,max_maxdegree,4,7,23811000,12.499991064546379,2534400
6,layout,weight,100000,450557,42,33333,mean_map,4,8,24339400,50.57829070437006,1580400
6,layout,weight,100000,450557,42,33333,mean_map,5,0,25992000,50.57829070437006,1580400
6,layout,weight,100000,450557,42,33333,max_maxdegree,5,1,25839100,12.499991064546379,2534400
6,layout,weight,100000,450557,42,33333,degree4,5,2,58822100,0,7634000
6,layout,weight,100000,450557,42,33333,binary,5,3,46675100,0,0
6,layout,weight,100000,450557,42,33333,mean_degree,5,4,22352400,11.225725203330558,1580400
6,layout,weight,100000,450557,42,33333,mean_ring,5,5,23166700,50.57829070437006,1580400
6,layout,weight,100000,450557,42,33333,caliber,5,6,42711600,0,1949900
6,layout,weight,100000,450557,42,33333,fourary,5,7,45922800,0,0
6,layout,weight,100000,450557,42,33333,std_binary,5,8,47101300,0,0
6,layout,weight,100000,450557,42,33333,fourary,6,0,46210500,0,0
6,layout,weight,100000,450557,42,33333,mean_ring,6,1,23905700,50.57829070437006,1580400
6,layout,weight,100000,450557,42,33333,mean_degree,6,2,23667200,11.225725203330558,1580400
6,layout,weight,100000,450557,42,33333,std_binary,6,3,44204300,0,0
6,layout,weight,100000,450557,42,33333,mean_map,6,4,23198600,50.57829070437006,1580400
6,layout,weight,100000,450557,42,33333,caliber,6,5,43587500,0,1949900
6,layout,weight,100000,450557,42,33333,binary,6,6,43351400,0,0
6,layout,weight,100000,450557,42,33333,degree4,6,7,56427800,0,7634000
6,layout,weight,100000,450557,42,33333,max_maxdegree,6,8,24398700,12.499991064546379,2534400
6,layout,weight,100000,450557,42,33333,max_maxdegree,7,0,22912600,12.499991064546379,2534400
6,layout,weight,100000,450557,42,33333,degree4,7,1,55377200,0,7634000
6,layout,weight,100000,450557,42,33333,binary,7,2,45236400,0,0
6,layout,weight,100000,450557,42,33333,caliber,7,3,40110600,0,1949900
6,layout,weight,100000,450557,42,33333,mean_map,7,4,23732700,50.57829070437006,1580400
6,layout,weight,100000,450557,42,33333,std_binary,7,5,45541600,0,0
6,layout,weight,100000,450557,42,33333,mean_degree,7,6,24071200,11.225725203330558,1580400
6,layout,weight,100000,450557,42,33333,mean_ring,7,7,23530200,50.57829070437006,1580400
6,layout,weight,100000,450557,42,33333,fourary,7,8,46838300,0,0
6,layout,weight,100000,450557,42,66666,mean_degree,0,0,24250500,11.225725203330558,1580400
6,layout,weight,100000,450557,42,66666,max_maxdegree,0,1,23694700,12.499991064546379,2534400
6,layout,weight,100000,450557,42,66666,degree4,0,2,56195600,0,7634000
6,layout,weight,100000,450557,42,66666,fourary,0,3,48266300,0,0
6,layout,weight,100000,450557,42,66666,mean_ring,0,4,25230100,50.57829070437006,1580400
6,layout,weight,100000,450557,42,66666,mean_map,0,5,25100100,50.57829070437006,1580400
6,layout,weight,100000,450557,42,66666,binary,0,6,48624800,0,0
6,layout,weight,100000,450557,42,66666,std_binary,0,7,46813200,0,0
6,layout,weight,100000,450557,42,66666,caliber,0,8,42282400,0,1949900
6,layout,weight,100000,450557,42,66666,caliber,1,0,41855300,0,1949900
6,layout,weight,100000,450557,42,66666,std_binary,1,1,47756300,0,0
6,layout,weight,100000,450557,42,66666,binary,1,2,48463300,0,0
6,layout,weight,100000,450557,42,66666,mean_map,1,3,25832700,50.57829070437006,1580400
6,layout,weight,100000,450557,42,66666,mean_ring,1,4,24343700,50.57829070437006,1580400
6,layout,weight,100000,450557,42,66666,fourary,1,5,47548100,0,0
6,layout,weight,100000,450557,42,66666,degree4,1,6,54932600,0,7634000
6,layout,weight,100000,450557,42,66666,max_maxdegree,1,7,23837100,12.499991064546379,2534400
6,layout,weight,100000,450557,42,66666,mean_degree,1,8,24437400,11.225725203330558,1580400
6,layout,weight,100000,450557,42,66666,std_binary,2,0,45975000,0,0
6,layout,weight,100000,450557,42,66666,mean_degree,2,1,25618700,11.225725203330558,1580400
6,layout,weight,100000,450557,42,66666,binary,2,2,48537500,0,0
6,layout,weight,100000,450557,42,66666,max_maxdegree,2,3,22564700,12.499991064546379,2534400
6,layout,weight,100000,450557,42,66666,fourary,2,4,45026700,0,0
6,layout,weight,100000,450557,42,66666,caliber,2,5,40991800,0,1949900
6,layout,weight,100000,450557,42,66666,mean_ring,2,6,24284400,50.57829070437006,1580400
6,layout,weight,100000,450557,42,66666,degree4,2,7,57277000,0,7634000
6,layout,weight,100000,450557,42,66666,mean_map,2,8,24327800,50.57829070437006,1580400
6,layout,weight,100000,450557,42,66666,mean_map,3,0,25760200,50.57829070437006,1580400
6,layout,weight,100000,450557,42,66666,degree4,3,1,56279900,0,7634000
6,layout,weight,100000,450557,42,66666,mean_ring,3,2,23590300,50.57829070437006,1580400
6,layout,weight,100000,450557,42,66666,caliber,3,3,40800100,0,1949900
6,layout,weight,100000,450557,42,66666,fourary,3,4,47357600,0,0
6,layout,weight,100000,450557,42,66666,max_maxdegree,3,5,22872200,12.499991064546379,2534400
6,layout,weight,100000,450557,42,66666,binary,3,6,48185700,0,0
6,layout,weight,100000,450557,42,66666,mean_degree,3,7,23108500,11.225725203330558,1580400
6,layout,weight,100000,450557,42,66666,std_binary,3,8,45672600,0,0
6,layout,weight,100000,450557,42,66666,mean_ring,4,0,23175200,50.57829070437006,1580400
6,layout,weight,100000,450557,42,66666,caliber,4,1,42766800,0,1949900
6,layout,weight,100000,450557,42,66666,std_binary,4,2,42184200,0,0
6,layout,weight,100000,450557,42,66666,mean_degree,4,3,23054300,11.225725203330558,1580400
6,layout,weight,100000,450557,42,66666,binary,4,4,46380900,0,0
6,layout,weight,100000,450557,42,66666,fourary,4,5,43817700,0,0
6,layout,weight,100000,450557,42,66666,degree4,4,6,53769300,0,7634000
6,layout,weight,100000,450557,42,66666,mean_map,4,7,25778600,50.57829070437006,1580400
6,layout,weight,100000,450557,42,66666,max_maxdegree,4,8,24117000,12.499991064546379,2534400
6,layout,weight,100000,450557,42,66666,max_maxdegree,5,0,23631700,12.499991064546379,2534400
6,layout,weight,100000,450557,42,66666,mean_map,5,1,25429600,50.57829070437006,1580400
6,layout,weight,100000,450557,42,66666,degree4,5,2,58656200,0,7634000
6,layout,weight,100000,450557,42,66666,fourary,5,3,44873800,0,0
6,layout,weight,100000,450557,42,66666,binary,5,4,47199000,0,0
6,layout,weight,100000,450557,42,66666,mean_degree,5,5,23131600,11.225725203330558,1580400
6,layout,weight,100000,450557,42,66666,std_binary,5,6,47114100,0,0
6,layout,weight,100000,450557,42,66666,caliber,5,7,40291900,0,1949900
6,layout,weight,100000,450557,42,66666,mean_ring,5,8,25066300,50.57829070437006,1580400
6,layout,weight,100000,450557,42,66666,fourary,6,0,47410300,0,0
6,layout,weight,100000,450557,42,66666,std_binary,6,1,43416200,0,0
6,layout,weight,100000,450557,42,66666,caliber,6,2,39270000,0,1949900
6,layout,weight,100000,450557,42,66666,mean_ring,6,3,23529900,50.57829070437006,1580400
6,layout,weight,100000,450557,42,66666,binary,6,4,44110600,0,0
6,layout,weight,100000,450557,42,66666,degree4,6,5,53525100,0,7634000
6,layout,weight,100000,450557,42,66666,max_maxdegree,6,6,23966400,12.499991064546379,2534400
6,layout,weight,100000,450557,42,66666,mean_map,6,7,22076100,50.57829070437006,1580400
6,layout,weight,100000,450557,42,66666,mean_degree,6,8,24789000,11.225725203330558,1580400
6,layout,weight,100000,450557,42,66666,mean_degree,7,0,23688500,11.225725203330558,1580400
6,layout,weight,100000,450557,42,66666,mean_map,7,1,23706800,50.57829070437006,1580400
6,layout,weight,100000,450557,42,66666,max_maxdegree,7,2,22942800,12.499991064546379,2534400
6,layout,weight,100000,450557,42,66666,degree4,7,3,58098300,0,7634000
6,layout,weight,100000,450557,42,66666,binary,7,4,47332100,0,0
6,layout,weight,100000,450557,42,66666,mean_ring,7,5,24103700,50.57829070437006,1580400
6,layout,weight,100000,450557,42,66666,caliber,7,6,40774800,0,1949900
6,layout,weight,100000,450557,42,66666,std_binary,7,7,43904600,0,0
6,layout,weight,100000,450557,42,66666,fourary,7,8,44466800,0,0
7,layout,destination,100000,450557,42,33333,mean_degree,0,0,23875000,11.225725203330555,1472400
7,layout,destination,100000,450557,42,33333,std_binary,0,1,48040600,0,0
7,layout,destination,100000,450557,42,33333,binary,0,2,48518800,0,0
7,layout,destination,100000,450557,42,33333,caliber,0,3,41152800,0,2350700
7,layout,destination,100000,450557,42,33333,mean_map,0,4,34579700,50.57829070437005,1472400
7,layout,destination,100000,450557,42,33333,degree4,0,5,58911800,0,7461100
7,layout,destination,100000,450557,42,33333,max_maxdegree,0,6,24184500,12.499991064546379,2637000
7,layout,destination,100000,450557,42,33333,mean_ring,0,7,29580300,50.57829070437005,1472400
7,layout,destination,100000,450557,42,33333,fourary,0,8,46781300,0,0
7,layout,destination,100000,450557,42,33333,fourary,1,0,47657000,0,0
7,layout,destination,100000,450557,42,33333,mean_ring,1,1,29038500,50.57829070437005,1472400
7,layout,destination,100000,450557,42,33333,max_maxdegree,1,2,25152900,12.499991064546379,2637000
7,layout,destination,100000,450557,42,33333,degree4,1,3,57610100,0,7461100
7,layout,destination,100000,450557,42,33333,mean_map,1,4,28008400,50.57829070437005,1472400
7,layout,destination,100000,450557,42,33333,caliber,1,5,43944100,0,2350700
7,layout,destination,100000,450557,42,33333,binary,1,6,47992900,0,0
7,layout,destination,100000,450557,42,33333,std_binary,1,7,46641000,0,0
7,layout,destination,100000,450557,42,33333,mean_degree,1,8,24153000,11.225725203330555,1472400
7,layout,destination,100000,450557,42,33333,std_binary,2,0,47420400,0,0
7,layout,destination,100000,450557,42,33333,mean_ring,2,1,27484700,50.57829070437005,1472400
7,layout,destination,100000,450557,42,33333,binary,2,2,45438600,0,0
7,layout,destination,100000,450557,42,33333,fourary,2,3,44871300,0,0
7,layout,destination,100000,450557,42,33333,max_maxdegree,2,4,25262000,12.499991064546379,2637000
7,layout,destination,100000,450557,42,33333,mean_degree,2,5,26113200,11.225725203330555,1472400
7,layout,destination,100000,450557,42,33333,caliber,2,6,44466400,0,2350700
7,layout,destination,100000,450557,42,33333,degree4,2,7,58562500,0,7461100
7,layout,destination,100000,450557,42,33333,mean_map,2,8,29787400,50.57829070437005,1472400
7,layout,destination,100000,450557,42,33333,mean_map,3,0,30240200,50.57829070437005,1472400
7,layout,destination,100000,450557,42,33333,degree4,3,1,57569800,0,7461100
7,layout,destination,100000,450557,42,33333,caliber,3,2,42329400,0,2350700
7,layout,destination,100000,450557,42,33333,mean_degree,3,3,24762000,11.225725203330555,1472400
7,layout,destination,100000,450557,42,33333,max_maxdegree,3,4,23868900,12.499991064546379,2637000
7,layout,destination,100000,450557,42,33333,fourary,3,5,46448900,0,0
7,layout,destination,100000,450557,42,33333,binary,3,6,48808300,0,0
7,layout,destination,100000,450557,42,33333,mean_ring,3,7,30786300,50.57829070437005,1472400
7,layout,destination,100000,450557,42,33333,std_binary,3,8,55501500,0,0
7,layout,destination,100000,450557,42,33333,std_binary,4,0,53432300,0,0
7,layout,destination,100000,450557,42,33333,fourary,4,1,49937600,0,0
7,layout,destination,100000,450557,42,33333,caliber,4,2,47527200,0,2350700
7,layout,destination,100000,450557,42,33333,mean_ring,4,3,35315600,50.57829070437005,1472400
7,layout,destination,100000,450557,42,33333,mean_degree,4,4,28530200,11.225725203330555,1472400
7,layout,destination,100000,450557,42,33333,binary,4,5,49869700,0,0
7,layout,destination,100000,450557,42,33333,degree4,4,6,62950700,0,7461100
7,layout,destination,100000,450557,42,33333,max_maxdegree,4,7,26781500,12.499991064546379,2637000
7,layout,destination,100000,450557,42,33333,mean_map,4,8,32513700,50.57829070437005,1472400
7,layout,destination,100000,450557,42,33333,mean_map,5,0,30761800,50.57829070437005,1472400
7,layout,destination,100000,450557,42,33333,max_maxdegree,5,1,25406100,12.499991064546379,2637000
7,layout,destination,100000,450557,42,33333,degree4,5,2,56922700,0,7461100
7,layout,destination,100000,450557,42,33333,binary,5,3,48857200,0,0
7,layout,destination,100000,450557,42,33333,mean_degree,5,4,23459200,11.225725203330555,1472400
7,layout,destination,100000,450557,42,33333,mean_ring,5,5,30511800,50.57829070437005,1472400
7,layout,destination,100000,450557,42,33333,caliber,5,6,47360800,0,2350700
7,layout,destination,100000,450557,42,33333,fourary,5,7,46402900,0,0
7,layout,destination,100000,450557,42,33333,std_binary,5,8,46872000,0,0
7,layout,destination,100000,450557,42,33333,fourary,6,0,46758400,0,0
7,layout,destination,100000,450557,42,33333,mean_ring,6,1,29306500,50.57829070437005,1472400
7,layout,destination,100000,450557,42,33333,mean_degree,6,2,31426400,11.225725203330555,1472400
7,layout,destination,100000,450557,42,33333,std_binary,6,3,48240500,0,0
7,layout,destination,100000,450557,42,33333,mean_map,6,4,32811000,50.57829070437005,1472400
7,layout,destination,100000,450557,42,33333,caliber,6,5,43029300,0,2350700
7,layout,destination,100000,450557,42,33333,binary,6,6,48791200,0,0
7,layout,destination,100000,450557,42,33333,degree4,6,7,62012400,0,7461100
7,layout,destination,100000,450557,42,33333,max_maxdegree,6,8,25027400,12.499991064546379,2637000
7,layout,destination,100000,450557,42,33333,max_maxdegree,7,0,25109000,12.499991064546379,2637000
7,layout,destination,100000,450557,42,33333,degree4,7,1,58901800,0,7461100
7,layout,destination,100000,450557,42,33333,binary,7,2,49133400,0,0
7,layout,destination,100000,450557,42,33333,caliber,7,3,43453600,0,2350700
7,layout,destination,100000,450557,42,33333,mean_map,7,4,31943900,50.57829070437005,1472400
7,layout,destination,100000,450557,42,33333,std_binary,7,5,44596300,0,0
7,layout,destination,100000,450557,42,33333,mean_degree,7,6,23291200,11.225725203330555,1472400
7,layout,destination,100000,450557,42,33333,mean_ring,7,7,27955800,50.57829070437005,1472400
7,layout,destination,100000,450557,42,33333,fourary,7,8,48466500,0,0
7,layout,destination,100000,450557,42,66666,mean_degree,0,0,23943900,11.225725203330555,1472400
7,layout,destination,100000,450557,42,66666,max_maxdegree,0,1,28063100,12.499991064546379,2637000
7,layout,destination,100000,450557,42,66666,degree4,0,2,62584400,0,7461100
7,layout,destination,100000,450557,42,66666,fourary,0,3,46251500,0,0
7,layout,destination,100000,450557,42,66666,mean_ring,0,4,27635600,50.57829070437005,1472400
7,layout,destination,100000,450557,42,66666,mean_map,0,5,29443800,50.57829070437005,1472400
7,layout,destination,100000,450557,42,66666,binary,0,6,45167900,0,0
7,layout,destination,100000,450557,42,66666,std_binary,0,7,45399700,0,0
7,layout,destination,100000,450557,42,66666,caliber,0,8,42768500,0,2350700
7,layout,destination,100000,450557,42,66666,caliber,1,0,42758500,0,2350700
7,layout,destination,100000,450557,42,66666,std_binary,1,1,44785900,0,0
7,layout,destination,100000,450557,42,66666,binary,1,2,46215300,0,0
7,layout,destination,100000,450557,42,66666,mean_map,1,3,30706200,50.57829070437005,1472400
7,layout,destination,100000,450557,42,66666,mean_ring,1,4,26427900,50.57829070437005,1472400
7,layout,destination,100000,450557,42,66666,fourary,1,5,45867000,0,0
7,layout,destination,100000,450557,42,66666,degree4,1,6,53877300,0,7461100
7,layout,destination,100000,450557,42,66666,max_maxdegree,1,7,23611900,12.499991064546379,2637000
7,layout,destination,100000,450557,42,66666,mean_degree,1,8,30138800,11.225725203330555,1472400
7,layout,destination,100000,450557,42,66666,std_binary,2,0,49143400,0,0
7,layout,destination,100000,450557,42,66666,mean_degree,2,1,26291300,11.225725203330555,1472400
7,layout,destination,100000,450557,42,66666,binary,2,2,48327800,0,0
7,layout,destination,100000,450557,42,66666,max_maxdegree,2,3,24812100,12.499991064546379,2637000
7,layout,destination,100000,450557,42,66666,fourary,2,4,47258100,0,0
7,layout,destination,100000,450557,42,66666,caliber,2,5,42402100,0,2350700
7,layout,destination,100000,450557,42,66666,mean_ring,2,6,29316300,50.57829070437005,1472400
7,layout,destination,100000,450557,42,66666,degree4,2,7,56314200,0,7461100
7,layout,destination,100000,450557,42,66666,mean_map,2,8,29138800,50.57829070437005,1472400
7,layout,destination,100000,450557,42,66666,mean_map,3,0,30329500,50.57829070437005,1472400
7,layout,destination,100000,450557,42,66666,degree4,3,1,57857100,0,7461100
7,layout,destination,100000,450557,42,66666,mean_ring,3,2,27843400,50.57829070437005,1472400
7,layout,destination,100000,450557,42,66666,caliber,3,3,41353000,0,2350700
7,layout,destination,100000,450557,42,66666,fourary,3,4,45379300,0,0
7,layout,destination,100000,450557,42,66666,max_maxdegree,3,5,22169200,12.499991064546379,2637000
7,layout,destination,100000,450557,42,66666,binary,3,6,45217300,0,0
7,layout,destination,100000,450557,42,66666,mean_degree,3,7,23497600,11.225725203330555,1472400
7,layout,destination,100000,450557,42,66666,std_binary,3,8,43142700,0,0
7,layout,destination,100000,450557,42,66666,mean_ring,4,0,29068600,50.57829070437005,1472400
7,layout,destination,100000,450557,42,66666,caliber,4,1,41423800,0,2350700
7,layout,destination,100000,450557,42,66666,std_binary,4,2,46239300,0,0
7,layout,destination,100000,450557,42,66666,mean_degree,4,3,23753600,11.225725203330555,1472400
7,layout,destination,100000,450557,42,66666,binary,4,4,46744000,0,0
7,layout,destination,100000,450557,42,66666,fourary,4,5,45888800,0,0
7,layout,destination,100000,450557,42,66666,degree4,4,6,57291700,0,7461100
7,layout,destination,100000,450557,42,66666,mean_map,4,7,28070000,50.57829070437005,1472400
7,layout,destination,100000,450557,42,66666,max_maxdegree,4,8,25866700,12.499991064546379,2637000
7,layout,destination,100000,450557,42,66666,max_maxdegree,5,0,25686500,12.499991064546379,2637000
7,layout,destination,100000,450557,42,66666,mean_map,5,1,28963900,50.57829070437005,1472400
7,layout,destination,100000,450557,42,66666,degree4,5,2,59073600,0,7461100
7,layout,destination,100000,450557,42,66666,fourary,5,3,45580900,0,0
7,layout,destination,100000,450557,42,66666,binary,5,4,47246000,0,0
7,layout,destination,100000,450557,42,66666,mean_degree,5,5,23677600,11.225725203330555,1472400
7,layout,destination,100000,450557,42,66666,std_binary,5,6,45600200,0,0
7,layout,destination,100000,450557,42,66666,caliber,5,7,43012000,0,2350700
7,layout,destination,100000,450557,42,66666,mean_ring,5,8,29461100,50.57829070437005,1472400
7,layout,destination,100000,450557,42,66666,fourary,6,0,47016100,0,0
7,layout,destination,100000,450557,42,66666,std_binary,6,1,46547700,0,0
7,layout,destination,100000,450557,42,66666,caliber,6,2,42469000,0,2350700
7,layout,destination,100000,450557,42,66666,mean_ring,6,3,30638500,50.57829070437005,1472400
7,layout,destination,100000,450557,42,66666,binary,6,4,48325200,0,0
7,layout,destination,100000,450557,42,66666,degree4,6,5,57066200,0,7461100
7,layout,destination,100000,450557,42,66666,max_maxdegree,6,6,25634500,12.499991064546379,2637000
7,layout,destination,100000,450557,42,66666,mean_map,6,7,31618100,50.57829070437005,1472400
7,layout,destination,100000,450557,42,66666,mean_degree,6,8,25405500,11.225725203330555,1472400
7,layout,destination,100000,450557,42,66666,mean_degree,7,0,24567800,11.225725203330555,1472400
7,layout,destination,100000,450557,42,66666,mean_map,7,1,30230900,50.57829070437005,1472400
7,layout,destination,100000,450557,42,66666,max_maxdegree,7,2,25458900,12.499991064546379,2637000
7,layout,destination,100000,450557,42,66666,degree4,7,3,80945100,0,7461100
7,layout,destination,100000,450557,42,66666,binary,7,4,70067400,0,0
7,layout,destination,100000,450557,42,66666,mean_ring,7,5,47756000,50.57829070437005,1472400
7,layout,destination,100000,450557,42,66666,caliber,7,6,53206800,0,2350700
7,layout,destination,100000,450557,42,66666,std_binary,7,7,56211200,0,0
7,layout,destination,100000,450557,42,66666,fourary,7,8,55898200,0,0
8,layout,random,100000,450557,42,33333,mean_degree,0,0,24402300,11.225725203330558,1691100
8,layout,random,100000,450557,42,33333,std_binary,0,1,44779700,0,0
8,layout,random,100000,450557,42,33333,binary,0,2,46840700,0,0
8,layout,random,100000,450557,42,33333,caliber,0,3,43650300,0,1981200
8,layout,random,100000,450557,42,33333,mean_map,0,4,30591900,50.57829070437006,1691100
8,layout,random,100000,450557,42,33333,degree4,0,5,58523600,0,7321300
8,layout,random,100000,450557,42,33333,max_maxdegree,0,6,23786800,12.499991064546379,2850000
8,layout,random,100000,450557,42,33333,mean_ring,0,7,28510900,50.57829070437006,1691100
8,layout,random,100000,450557,42,33333,fourary,0,8,44649700,0,0
8,layout,random,100000,450557,42,33333,fourary,1,0,50245200,0,0
8,layout,random,100000,450557,42,33333,mean_ring,1,1,30644800,50.57829070437006,1691100
8,layout,random,100000,450557,42,33333,max_maxdegree,1,2,24754800,12.499991064546379,2850000
8,layout,random,100000,450557,42,33333,degree4,1,3,56280700,0,7321300
8,layout,random,100000,450557,42,33333,mean_map,1,4,29795500,50.57829070437006,1691100
8,layout,random,100000,450557,42,33333,caliber,1,5,41547400,0,1981200
8,layout,random,100000,450557,42,33333,binary,1,6,49314700,0,0
8,layout,random,100000,450557,42,33333,std_binary,1,7,47229100,0,0
8,layout,random,100000,450557,42,33333,mean_degree,1,8,24366700,11.225725203330558,1691100
8,layout,random,100000,450557,42,33333,std_binary,2,0,45456300,0,0
8,layout,random,100000,450557,42,33333,mean_ring,2,1,29195100,50.57829070437006,1691100
8,layout,random,100000,450557,42,33333,binary,2,2,47499800,0,0
8,layout,random,100000,450557,42,33333,fourary,2,3,50096600,0,0
8,layout,random,100000,450557,42,33333,max_maxdegree,2,4,26736800,12.499991064546379,2850000
8,layout,random,100000,450557,42,33333,mean_degree,2,5,23937900,11.225725203330558,1691100
8,layout,random,100000,450557,42,33333,caliber,2,6,40862500,0,1981200
8,layout,random,100000,450557,42,33333,degree4,2,7,56661300,0,7321300
8,layout,random,100000,450557,42,33333,mean_map,2,8,30819600,50.57829070437006,1691100
8,layout,random,100000,450557,42,33333,mean_map,3,0,31064400,50.57829070437006,1691100
8,layout,random,100000,450557,42,33333,degree4,3,1,59824600,0,7321300
8,layout,random,100000,450557,42,33333,caliber,3,2,41238700,0,1981200
8,layout,random,100000,450557,42,33333,mean_degree,3,3,23591800,11.225725203330558,1691100
8,layout,random,100000,450557,42,33333,max_maxdegree,3,4,25264000,12.499991064546379,2850000
8,layout,random,100000,450557,42,33333,fourary,3,5,45860700,0,0
8,layout,random,100000,450557,42,33333,binary,3,6,45742300,0,0
8,layout,random,100000,450557,42,33333,mean_ring,3,7,28422000,50.57829070437006,1691100
8,layout,random,100000,450557,42,33333,std_binary,3,8,46633900,0,0
8,layout,random,100000,450557,42,33333,std_binary,4,0,44816700,0,0
8,layout,random,100000,450557,42,33333,fourary,4,1,47864100,0,0
8,layout,random,100000,450557,42,33333,caliber,4,2,44474800,0,1981200
8,layout,random,100000,450557,42,33333,mean_ring,4,3,27902200,50.57829070437006,1691100
8,layout,random,100000,450557,42,33333,mean_degree,4,4,25123600,11.225725203330558,1691100
8,layout,random,100000,450557,42,33333,binary,4,5,48167300,0,0
8,layout,random,100000,450557,42,33333,degree4,4,6,58837400,0,7321300
8,layout,random,100000,450557,42,33333,max_maxdegree,4,7,23962400,12.499991064546379,2850000
8,layout,random,100000,450557,42,33333,mean_map,4,8,30524800,50.57829070437006,1691100
8,layout,random,100000,450557,42,33333,mean_map,5,0,30776000,50.57829070437006,1691100
8,layout,random,100000,450557,42,33333,max_maxdegree,5,1,26890900,12.499991064546379,2850000
8,layout,random,100000,450557,42,33333,degree4,5,2,58391100,0,7321300
8,layout,random,100000,450557,42,33333,binary,5,3,51528300,0,0
8,layout,random,100000,450557,42,33333,mean_degree,5,4,25542400,11.225725203330558,1691100
8,layout,random,100000,450557,42,33333,mean_ring,5,5,30102900,50.57829070437006,1691100
8,layout,random,100000,450557,42,33333,caliber,5,6,42729100,0,1981200
8,layout,random,100000,450557,42,33333,fourary,5,7,50248100,0,0
8,layout,random,100000,450557,42,33333,std_binary,5,8,48109000,0,0
8,layout,random,100000,450557,42,33333,fourary,6,0,47728600,0,0
8,layout,random,100000,450557,42,33333,mean_ring,6,1,28311700,50.57829070437006,1691100
8,layout,random,100000,450557,42,33333,mean_degree,6,2,24415800,11.225725203330558,1691100
8,layout,random,100000,450557,42,33333,std_binary,6,3,44167700,0,0
8,layout,random,100000,450557,42,33333,mean_map,6,4,29902400,50.57829070437006,1691100
8,layout,random,100000,450557,42,33333,caliber,6,5,40992800,0,1981200
8,layout,random,100000,450557,42,33333,binary,6,6,49927700,0,0
8,layout,random,100000,450557,42,33333,degree4,6,7,60318200,0,7321300
8,layout,random,100000,450557,42,33333,max_maxdegree,6,8,24251600,12.499991064546379,2850000
8,layout,random,100000,450557,42,33333,max_maxdegree,7,0,23952800,12.499991064546379,2850000
8,layout,random,100000,450557,42,33333,degree4,7,1,60476700,0,7321300
8,layout,random,100000,450557,42,33333,binary,7,2,45728600,0,0
8,layout,random,100000,450557,42,33333,caliber,7,3,42640500,0,1981200
8,layout,random,100000,450557,42,33333,mean_map,7,4,29953300,50.57829070437006,1691100
8,layout,random,100000,450557,42,33333,std_binary,7,5,47449000,0,0
8,layout,random,100000,450557,42,33333,mean_degree,7,6,25142600,11.225725203330558,1691100
8,layout,random,100000,450557,42,33333,mean_ring,7,7,28935500,50.57829070437006,1691100
8,layout,random,100000,450557,42,33333,fourary,7,8,46270500,0,0
8,layout,random,100000,450557,42,66666,mean_degree,0,0,30267600,11.225725203330558,1691100
8,layout,random,100000,450557,42,66666,max_maxdegree,0,1,30987100,12.499991064546379,2850000
8,layout,random,100000,450557,42,66666,degree4,0,2,67540800,0,7321300
8,layout,random,100000,450557,42,66666,fourary,0,3,54845300,0,0
8,layout,random,100000,450557,42,66666,mean_ring,0,4,34247700,50.57829070437006,1691100
8,layout,random,100000,450557,42,66666,mean_map,0,5,36336000,50.57829070437006,1691100
8,layout,random,100000,450557,42,66666,binary,0,6,56999400,0,0
8,layout,random,100000,450557,42,66666,std_binary,0,7,56454400,0,0
8,layout,random,100000,450557,42,66666,caliber,0,8,51447800,0,1981200
8,layout,random,100000,450557,42,66666,caliber,1,0,48657500,0,1981200
8,layout,random,100000,450557,42,66666,std_binary,1,1,52855300,0,0
8,layout,random,100000,450557,42,66666,binary,1,2,54569200,0,0
8,layout,random,100000,450557,42,66666,mean_map,1,3,34787500,50.57829070437006,1691100
8,layout,random,100000,450557,42,66666,mean_ring,1,4,33933000,50.57829070437006,1691100
8,layout,random,100000,450557,42,66666,fourary,1,5,53952000,0,0
8,layout,random,100000,450557,42,66666,degree4,1,6,62517000,0,7321300
8,layout,random,100000,450557,42,66666,max_maxdegree,1,7,28125900,12.499991064546379,2850000
8,layout,random,100000,450557,42,66666,mean_degree,1,8,29277800,11.225725203330558,1691100
8,layout,random,100000,450557,42,66666,std_binary,2,0,51359500,0,0
8,layout,random,100000,450557,42,66666,mean_degree,2,1,27647400,11.225725203330558,1691100
8,layout,random,100000,450557,42,66666,binary,2,2,53820100,0,0
8,layout,random,100000,450557,42,66666,max_maxdegree,2,3,27037300,12.499991064546379,2850000
8,layout,random,100000,450557,42,66666,fourary,2,4,51608600,0,0
8,layout,random,100000,450557,42,66666,caliber,2,5,44950800,0,1981200
8,layout,random,100000,450557,42,66666,mean_ring,2,6,32732300,50.57829070437006,1691100
8,layout,random,100000,450557,42,66666,degree4,2,7,61073600,0,7321300
8,layout,random,100000,450557,42,66666,mean_map,2,8,30397700,50.57829070437006,1691100
8,layout,random,100000,450557,42,66666,mean_map,3,0,31779700,50.57829070437006,1691100
8,layout,random,100000,450557,42,66666,degree4,3,1,59358800,0,7321300
8,layout,random,100000,450557,42,66666,mean_ring,3,2,30087600,50.57829070437006,1691100
8,layout,random,100000,450557,42,66666,caliber,3,3,44590600,0,1981200
8,layout,random,100000,450557,42,66666,fourary,3,4,48646700,0,0
8,layout,random,100000,450557,42,66666,max_maxdegree,3,5,25940300,12.499991064546379,2850000
8,layout,random,100000,450557,42,66666,binary,3,6,51774400,0,0
8,layout,random,100000,450557,42,66666,mean_degree,3,7,28265800,11.225725203330558,1691100
8,layout,random,100000,450557,42,66666,std_binary,3,8,48218600,0,0
8,layout,random,100000,450557,42,66666,mean_ring,4,0,29574600,50.57829070437006,1691100
8,layout,random,100000,450557,42,66666,caliber,4,1,44564500,0,1981200
8,layout,random,100000,450557,42,66666,std_binary,4,2,49135000,0,0
8,layout,random,100000,450557,42,66666,mean_degree,4,3,24739700,11.225725203330558,1691100
8,layout,random,100000,450557,42,66666,binary,4,4,56659300,0,0
8,layout,random,100000,450557,42,66666,fourary,4,5,49596300,0,0
8,layout,random,100000,450557,42,66666,degree4,4,6,58969400,0,7321300
8,layout,random,100000,450557,42,66666,mean_map,4,7,31494900,50.57829070437006,1691100
8,layout,random,100000,450557,42,66666,max_maxdegree,4,8,25510300,12.499991064546379,2850000
8,layout,random,100000,450557,42,66666,max_maxdegree,5,0,25647500,12.499991064546379,2850000
8,layout,random,100000,450557,42,66666,mean_map,5,1,30073500,50.57829070437006,1691100
8,layout,random,100000,450557,42,66666,degree4,5,2,62403100,0,7321300
8,layout,random,100000,450557,42,66666,fourary,5,3,48806100,0,0
8,layout,random,100000,450557,42,66666,binary,5,4,51433100,0,0
8,layout,random,100000,450557,42,66666,mean_degree,5,5,25254700,11.225725203330558,1691100
8,layout,random,100000,450557,42,66666,std_binary,5,6,48244300,0,0
8,layout,random,100000,450557,42,66666,caliber,5,7,43721000,0,1981200
8,layout,random,100000,450557,42,66666,mean_ring,5,8,28989100,50.57829070437006,1691100
8,layout,random,100000,450557,42,66666,fourary,6,0,49383800,0,0
8,layout,random,100000,450557,42,66666,std_binary,6,1,49021300,0,0
8,layout,random,100000,450557,42,66666,caliber,6,2,43399200,0,1981200
8,layout,random,100000,450557,42,66666,mean_ring,6,3,30536100,50.57829070437006,1691100
8,layout,random,100000,450557,42,66666,binary,6,4,50853400,0,0
8,layout,random,100000,450557,42,66666,degree4,6,5,59070200,0,7321300
8,layout,random,100000,450557,42,66666,max_maxdegree,6,6,25151200,12.499991064546379,2850000
8,layout,random,100000,450557,42,66666,mean_map,6,7,31433200,50.57829070437006,1691100
8,layout,random,100000,450557,42,66666,mean_degree,6,8,25293100,11.225725203330558,1691100
8,layout,random,100000,450557,42,66666,mean_degree,7,0,24213900,11.225725203330558,1691100
8,layout,random,100000,450557,42,66666,mean_map,7,1,32050800,50.57829070437006,1691100
8,layout,random,100000,450557,42,66666,max_maxdegree,7,2,25803600,12.499991064546379,2850000
8,layout,random,100000,450557,42,66666,degree4,7,3,62236600,0,7321300
8,layout,random,100000,450557,42,66666,binary,7,4,50371300,0,0
8,layout,random,100000,450557,42,66666,mean_ring,7,5,28279900,50.57829070437006,1691100
8,layout,random,100000,450557,42,66666,caliber,7,6,44128900,0,1981200
8,layout,random,100000,450557,42,66666,std_binary,7,7,46064200,0,0
8,layout,random,100000,450557,42,66666,fourary,7,8,47937100,0,0
9,layout,bfs,100000,450557,42,3927,binary,0,0,47150700,0,0
9,layout,bfs,100000,450557,42,3927,mean_ring,0,1,26452300,50.57829070436939,1593400
9,layout,bfs,100000,450557,42,3927,fourary,0,2,48245100,0,0
9,layout,bfs,100000,450557,42,3927,std_binary,0,3,48212400,0,0
9,layout,bfs,100000,450557,42,3927,degree4,0,4,56413600,0,7836900
9,layout,bfs,100000,450557,42,3927,mean_map,0,5,26253700,50.57829070436939,1593400
9,layout,bfs,100000,450557,42,3927,max_maxdegree,0,6,27039100,12.499991064546379,4174500
9,layout,bfs,100000,450557,42,3927,caliber,0,7,41267500,0,3773800
9,layout,bfs,100000,450557,42,3927,mean_degree,0,8,25211200,11.22572520333041,1593400
9,layout,bfs,100000,450557,42,3927,mean_degree,1,0,26389500,11.22572520333041,1593400
9,layout,bfs,100000,450557,42,3927,caliber,1,1,43902800,0,3773800
9,layout,bfs,100000,450557,42,3927,max_maxdegree,1,2,25602900,12.499991064546379,4174500
9,layout,bfs,100000,450557,42,3927,mean_map,1,3,26076700,50.57829070436939,1593400
9,layout,bfs,100000,450557,42,3927,degree4,1,4,58721300,0,7836900
9,layout,bfs,100000,450557,42,3927,std_binary,1,5,47982700,0,0
9,layout,bfs,100000,450557,42,3927,fourary,1,6,48218400,0,0
9,layout,bfs,100000,450557,42,3927,mean_ring,1,7,25579800,50.57829070436939,1593400
9,layout,bfs,100000,450557,42,3927,binary,1,8,47099000,0,0
9,layout,bfs,100000,450557,42,3927,caliber,2,0,42590400,0,3773800
9,layout,bfs,100000,450557,42,3927,fourary,2,1,46616100,0,0
9,layout,bfs,100000,450557,42,3927,max_maxdegree,2,2,26300300,12.499991064546379,4174500
9,layout,bfs,100000,450557,42,3927,mean_degree,2,3,24883800,11.22572520333041,1593400
9,layout,bfs,100000,450557,42,3927,mean_map,2,4,23857300,50.57829070436939,1593400
9,layout,bfs,100000,450557,42,3927,std_binary,2,5,45825200,0,0
9,layout,bfs,100000,450557,42,3927,binary,2,6,48887300,0,0
9,layout,bfs,100000,450557,42,3927,degree4,2,7,58458700,0,7836900
9,layout,bfs,100000,450557,42,3927,mean_ring,2,8,25281700,50.57829070436939,1593400
9,layout,bfs,100000,450557,42,3927,mean_ring,3,0,25951800,50.57829070436939,1593400
9,layout,bfs,100000,450557,42,3927,degree4,3,1,57507300,0,7836900
9,layout,bfs,100000,450557,42,3927,binary,3,2,47309600,0,0
9,layout,bfs,100000,450557,42,3927,std_binary,3,3,48271200,0,0
9,layout,bfs,100000,450557,42,3927,mean_map,3,4,25532600,50.57829070436939,1593400
9,layout,bfs,100000,450557,42,3927,mean_degree,3,5,23823900,11.22572520333041,1593400
9,layout,bfs,100000,450557,42,3927,max_maxdegree,3,6,24188200,12.499991064546379,4174500
9,layout,bfs,100000,450557,42,3927,fourary,3,7,46381400,0,0
9,layout,bfs,100000,450557,42,3927,caliber,3,8,41213800,0,3773800
9,layout,bfs,100000,450557,42,3927,degree4,4,0,60184500,0,7836900
9,layout,bfs,100000,450557,42,3927,caliber,4,1,43331900,0,3773800
9,layout,bfs,100000,450557,42,3927,mean_map,4,2,25724200,50.57829070436939,1593400
9,layout,bfs,100000,450557,42,3927,std_binary,4,3,46939100,0,0
9,layout,bfs,100000,450557,42,3927,fourary,4,4,48528600,0,0
9,layout,bfs,100000,450557,42,3927,binary,4,5,51494200,0,0
9,layout,bfs,100000,450557,42,3927,mean_ring,4,6,27821700,50.57829070436939,1593400
9,layout,bfs,100000,450557,42,3927,max_maxdegree,4,7,26922100,12.499991064546379,4174500
9,layout,bfs,100000,450557,42,3927,mean_degree,4,8,26528200,11.22572520333041,1593400
9,layout,bfs,100000,450557,42,3927,mean_degree,5,0,26537000,11.22572520333041,1593400
9,layout,bfs,100000,450557,42,3927,max_maxdegree,5,1,25392900,12.499991064546379,4174500
9,layout,bfs,100000,450557,42,3927,mean_ring,5,2,25757000,50.57829070436939,1593400
9,layout,bfs,100000,450557,42,3927,binary,5,3,50120300,0,0
9,layout,bfs,100000,450557,42,3927,fourary,5,4,49677700,0,0
9,layout,bfs,100000,450557,42,3927,std_binary,5,5,47808800,0,0
9,layout,bfs,100000,450557,42,3927,mean_map,5,6,26090600,50.57829070436939,1593400
9,layout,bfs,100000,450557,42,3927,caliber,5,7,45115800,0,3773800
9,layout,bfs,100000,450557,42,3927,degree4,5,8,61436000,0,7836900
9,layout,bfs,100000,450557,42,3927,max_maxdegree,6,0,25770000,12.499991064546379,4174500
9,layout,bfs,100000,450557,42,3927,std_binary,6,1,45821700,0,0
9,layout,bfs,100000,450557,42,3927,binary,6,2,49457400,0,0
9,layout,bfs,100000,450557,42,3927,mean_ring,6,3,25126600,50.57829070436939,1593400
9,layout,bfs,100000,450557,42,3927,fourary,6,4,48913800,0,0
9,layout,bfs,100000,450557,42,3927,mean_map,6,5,27622800,50.57829070436939,1593400
9,layout,bfs,100000,450557,42,3927,mean_degree,6,6,25299100,11.22572520333041,1593400
9,layout,bfs,100000,450557,42,3927,degree4,6,7,57114600,0,7836900
9,layout,bfs,100000,450557,42,3927,caliber,6,8,41938200,0,3773800
9,layout,bfs,100000,450557,42,3927,caliber,7,0,42354900,0,3773800
9,layout,bfs,100000,450557,42,3927,degree4,7,1,60030800,0,7836900
9,layout,bfs,100000,450557,42,3927,mean_degree,7,2,26046000,11.22572520333041,1593400
9,layout,bfs,100000,450557,42,3927,mean_map,7,3,27551200,50.57829070436939,1593400
9,layout,bfs,100000,450557,42,3927,fourary,7,4,53350400,0,0
9,layout,bfs,100000,450557,42,3927,mean_ring,7,5,28091300,50.57829070436939,1593400
9,layout,bfs,100000,450557,42,3927,binary,7,6,48877400,0,0
9,layout,bfs,100000,450557,42,3927,std_binary,7,7,45490500,0,0
9,layout,bfs,100000,450557,42,3927,max_maxdegree,7,8,23820000,12.499991064546379,4174500
9,layout,bfs,100000,450557,42,22537,std_binary,0,0,47028300,0,0
9,layout,bfs,100000,450557,42,22537,mean_ring,0,1,24746100,50.57829070436939,1593400
9,layout,bfs,100000,450557,42,22537,mean_degree,0,2,25298100,11.22572520333041,1593400
9,layout,bfs,100000,450557,42,22537,degree4,0,3,58007500,0,7836900
9,layout,bfs,100000,450557,42,22537,max_maxdegree,0,4,25410000,12.499991064546379,4174500
9,layout,bfs,100000,450557,42,22537,binary,0,5,49927300,0,0
9,layout,bfs,100000,450557,42,22537,fourary,0,6,51545900,0,0
9,layout,bfs,100000,450557,42,22537,caliber,0,7,43266100,0,3773800
9,layout,bfs,100000,450557,42,22537,mean_map,0,8,27115400,50.57829070436939,1593400
9,layout,bfs,100000,450557,42,22537,mean_map,1,0,24905300,50.57829070436939,1593400
9,layout,bfs,100000,450557,42,22537,caliber,1,1,42202100,0,3773800
9,layout,bfs,100000,450557,42,22537,fourary,1,2,49486000,0,0
9,layout,bfs,100000,450557,42,22537,binary,1,3,47351000,0,0
9,layout,bfs,100000,450557,42,22537,max_maxdegree,1,4,24644200,12.499991064546379,4174500
9,layout,bfs,100000,450557,42,22537,degree4,1,5,59133800,0,7836900
9,layout,bfs,100000,450557,42,22537,mean_degree,1,6,26482900,11.22572520333041,1593400
9,layout,bfs,100000,450557,42,22537,mean_ring,1,7,25738600,50.57829070436939,1593400
9,layout,bfs,100000,450557,42,22537,std_binary,1,8,48860400,0,0
9,layout,bfs,100000,450557,42,22537,caliber,2,0,44002400,0,3773800
9,layout,bfs,100000,450557,42,22537,std_binary,2,1,47912000,0,0
9,layout,bfs,100000,450557,42,22537,mean_map,2,2,27059100,50.57829070436939,1593400
9,layout,bfs,100000,450557,42,22537,binary,2,3,50166900,0,0
9,layout,bfs,100000,450557,42,22537,mean_degree,2,4,27398800,11.22572520333041,1593400
9,layout,bfs,100000,450557,42,22537,max_maxdegree,2,5,28263500,12.499991064546379,4174500
9,layout,bfs,100000,450557,42,22537,fourary,2,6,49459300,0,0
9,layout,bfs,100000,450557,42,22537,degree4,2,7,59746700,0,7836900
9,layout,bfs,100000,450557,42,22537,mean_ring,2,8,27044300,50.57829070436939,1593400
9,layout,bfs,100000,450557,42,22537,mean_ring,3,0,24694200,50.57829070436939,1593400
9,layout,bfs,100000,450557,42,22537,degree4,3,1,60613800,0,7836900
9,layout,bfs,100000,450557,42,22537,fourary,3,2,50488700,0,0
9,layout,bfs,100000,450557,42,22537,max_maxdegree,3,3,24065900,12.499991064546379,4174500
9,layout,bfs,100000,450557,42,22537,mean_degree,3,4,27925400,11.22572520333041,1593400
9,layout,bfs,100000,450557,42,22537,binary,3,5,50644700,0,0
9,layout,bfs,100000,450557,42,22537,mean_map,3,6,29300100,50.57829070436939,1593400
9,layout,bfs,100000,450557,42,22537,std_binary,3,7,46749700,0,0
9,layout,bfs,100000,450557,42,22537,caliber,3,8,43540600,0,3773800
9,layout,bfs,100000,450557,42,22537,mean_degree,4,0,25604400,11.22572520333041,1593400
9,layout,bfs,100000,450557,42,22537,degree4,4,1,60277000,0,7836900
9,layout,bfs,100000,450557,42,22537,max_maxdegree,4,2,30014400,12.499991064546379,4174500
9,layout,bfs,100000,450557,42,22537,binary,4,3,51833400,0,0
9,layout,bfs,100000,450557,42,22537,fourary,4,4,49239700,0,0
9,layout,bfs,100000,450557,42,22537,caliber,4,5,43104400,0,3773800
9,layout,bfs,100000,450557,42,22537,mean_map,4,6,25468600,50.57829070436939,1593400
9,layout,bfs,100000,450557,42,22537,std_binary,4,7,47251700,0,0
9,layout,bfs,100000,450557,42,22537,mean_ring,4,8,29491900,50.57829070436939,1593400
9,layout,bfs,100000,450557,42,22537,mean_ring,5,0,24885200,50.57829070436939,1593400
9,layout,bfs,100000,450557,42,22537,std_binary,5,1,45964400,0,0
9,layout,bfs,100000,450557,42,22537,mean_map,5,2,27577200,50.57829070436939,1593400
9,layout,bfs,100000,450557,42,22537,caliber,5,3,44044100,0,3773800
9,layout,bfs,100000,450557,42,22537,fourary,5,4,48219400,0,0
9,layout,bfs,100000,450557,42,22537,binary,5,5,51369000,0,0
9,layout,bfs,100000,450557,42,22537,max_maxdegree,5,6,25809400,12.499991064546379,4174500
9,layout,bfs,100000,450557,42,22537,degree4,5,7,56849600,0,7836900
9,layout,bfs,100000,450557,42,22537,mean_degree,5,8,24342800,11.22572520333041,1593400
9,layout,bfs,100000,450557,42,22537,fourary,6,0,48632800,0,0
9,layout,bfs,100000,450557,42,22537,binary,6,1,49426500,0,0
9,layout,bfs,100000,450557,42,22537,max_maxdegree,6,2,24502500,12.499991064546379,4174500
9,layout,bfs,100000,450557,42,22537,mean_degree,6,3,23687100,11.22572520333041,1593400
9,layout,bfs,100000,450557,42,22537,degree4,6,4,57388900,0,7836900
9,layout,bfs,100000,450557,42,22537,mean_map,6,5,25755200,50.57829070436939,1593400
9,layout,bfs,100000,450557,42,22537,mean_ring,6,6,25277600,50.57829070436939,1593400
9,layout,bfs,100000,450557,42,22537,caliber,6,7,43236600,0,3773800
9,layout,bfs,100000,450557,42,22537,std_binary,6,8,47456900,0,0
9,layout,bfs,100000,450557,42,22537,std_binary,7,0,48723900,0,0
9,layout,bfs,100000,450557,42,22537,caliber,7,1,45068900,0,3773800
9,layout,bfs,100000,450557,42,22537,mean_ring,7,2,26812000,50.57829070436939,1593400
9,layout,bfs,100000,450557,42,22537,mean_map,7,3,28924000,50.57829070436939,1593400
9,layout,bfs,100000,450557,42,22537,degree4,7,4,58706700,0,7836900
9,layout,bfs,100000,450557,42,22537,mean_degree,7,5,27258100,11.22572520333041,1593400
9,layout,bfs,100000,450557,42,22537,max_maxdegree,7,6,26640000,12.499991064546379,4174500
9,layout,bfs,100000,450557,42,22537,binary,7,7,49329300,0,0
9,layout,bfs,100000,450557,42,22537,fourary,7,8,51251600,0,0
10,layout,rcm,100000,450557,42,96072,mean_degree,0,0,30826600,11.225725203330509,1740400
10,layout,rcm,100000,450557,42,96072,std_binary,0,1,59121400,0,0
10,layout,rcm,100000,450557,42,96072,fourary,0,2,60070300,0,0
10,layout,rcm,100000,450557,42,96072,mean_map,0,3,31686000,50.578290704369834,1740400
10,layout,rcm,100000,450557,42,96072,degree4,0,4,71426200,0,14086900
10,layout,rcm,100000,450557,42,96072,caliber,0,5,54248100,0,3108700
10,layout,rcm,100000,450557,42,96072,binary,0,6,53288700,0,0
10,layout,rcm,100000,450557,42,96072,mean_ring,0,7,27076400,50.578290704369834,1740400
10,layout,rcm,100000,450557,42,96072,max_maxdegree,0,8,27167500,12.499991064546379,5008800
10,layout,rcm,100000,450557,42,96072,max_maxdegree,1,0,29703700,12.499991064546379,5008800
10,layout,rcm,100000,450557,42,96072,mean_ring,1,1,29488700,50.578290704369834,1740400
10,layout,rcm,100000,450557,42,96072,binary,1,2,54672300,0,0
10,layout,rcm,100000,450557,42,96072,caliber,1,3,51817400,0,3108700
10,layout,rcm,100000,450557,42,96072,degree4,1,4,65840000,0,14086900
10,layout,rcm,100000,450557,42,96072,mean_map,1,5,27719700,50.578290704369834,1740400
10,layout,rcm,100000,450557,42,96072,fourary,1,6,51431900,0,0
10,layout,rcm,100000,450557,42,96072,std_binary,1,7,49072600,0,0
10,layout,rcm,100000,450557,42,96072,mean_degree,1,8,27468800,11.225725203330509,1740400
10,layout,rcm,100000,450557,42,96072,max_maxdegree,2,0,26328800,12.499991064546379,5008800
10,layout,rcm,100000,450557,42,96072,fourary,2,1,50263800,0,0
10,layout,rcm,100000,450557,42,96072,degree4,2,2,60745800,0,14086900
10,layout,rcm,100000,450557,42,96072,binary,2,3,48944600,0,0
10,layout,rcm,100000,450557,42,96072,caliber,2,4,46418900,0,3108700
10,layout,rcm,100000,450557,42,96072,mean_ring,2,5,28936900,50.578290704369834,1740400
10,layout,rcm,100000,450557,42,96072,std_binary,2,6,47417600,0,0
10,layout,rcm,100000,450557,42,96072,mean_map,2,7,26644800,50.578290704369834,1740400
10,layout,rcm,100000,450557,42,96072,mean_degree,2,8,25598600,11.225725203330509,1740400
10,layout,rcm,100000,450557,42,96072,mean_degree,3,0,27177700,11.225725203330509,1740400
10,layout,rcm,100000,450557,42,96072,mean_map,3,1,26585800,50.578290704369834,1740400
10,layout,rcm,100000,450557,42,96072,std_binary,3,2,47785500,0,0
10,layout,rcm,100000,450557,42,96072,mean_ring,3,3,29817500,50.578290704369834,1740400
10,layout,rcm,100000,450557,42,96072,caliber,3,4,45948100,0,3108700
10,layout,rcm,100000,450557,42,96072,binary,3,5,50373200,0,0
10,layout,rcm,100000,450557,42,96072,degree4,3,6,59254800,0,14086900
10,layout,rcm,100000,450557,42,96072,fourary,3,7,48707600,0,0
10,layout,rcm,100000,450557,42,96072,max_maxdegree,3,8,27609500,12.499991064546379,5008800
10,layout,rcm,100000,450557,42,96072,std_binary,4,0,48141000,0,0
10,layout,rcm,100000,450557,42,96072,max_maxdegree,4,1,25548700,12.499991064546379,5008800
10,layout,rcm,100000,450557,42,96072,mean_degree,4,2,25666300,11.225725203330509,1740400
10,layout,rcm,100000,450557,42,96072,caliber,4,3,43281800,0,3108700
10,layout,rcm,100000,450557,42,96072,degree4,4,4,60202500,0,14086900
10,layout,rcm,100000,450557,42,96072,binary,4,5,48896900,0,0
10,layout,rcm,100000,450557,42,96072,mean_ring,4,6,27136400,50.578290704369834,1740400
10,layout,rcm,100000,450557,42,96072,mean_map,4,7,27198800,50.578290704369834,1740400
10,layout,rcm,100000,450557,42,96072,fourary,4,8,49409700,0,0
10,layout,rcm,100000,450557,42,96072,fourary,5,0,48872700,0,0
10,layout,rcm,100000,450557,42,96072,mean_map,5,1,28688700,50.578290704369834,1740400
10,layout,rcm,100000,450557,42,96072,mean_ring,5,2,28458100,50.578290704369834,1740400
10,layout,rcm,100000,450557,42,96072,binary,5,3,51250700,0,0
10,layout,rcm,100000,450557,42,96072,degree4,5,4,60304900,0,14086900
10,layout,rcm,100000,450557,42,96072,caliber,5,5,46415900,0,3108700
10,layout,rcm,100000,450557,42,96072,mean_degree,5,6,23936700,11.225725203330509,1740400
10,layout,rcm,100000,450557,42,96072,max_maxdegree,5,7,25627200,12.499991064546379,5008800
10,layout,rcm,100000,450557,42,96072,std_binary,5,8,47930400,0,0
10,layout,rcm,100000,450557,42,96072,mean_ring,6,0,25270100,50.578290704369834,1740400
10,layout,rcm,100000,450557,42,96072,max_maxdegree,6,1,26306200,12.499991064546379,5008800
10,layout,rcm,100000,450557,42,96072,std_binary,6,2,47632500,0,0
10,layout,rcm,100000,450557,42,96072,fourary,6,3,52141500,0,0
10,layout,rcm,100000,450557,42,96072,degree4,6,4,61336800,0,14086900
10,layout,rcm,100000,450557,42,96072,mean_map,6,5,29257900,50.578290704369834,1740400
10,layout,rcm,100000,450557,42,96072,binary,6,6,50461500,0,0
10,layout,rcm,100000,450557,42,96072,caliber,6,7,50346400,0,3108700
10,layout,rcm,100000,450557,42,96072,mean_degree,6,8,26325800,11.225725203330509,1740400
10,layout,rcm,100000,450557,42,96072,mean_degree,7,0,25366100,11.225725203330509,1740400
10,layout,rcm,100000,450557,42,96072,caliber,7,1,45388900,0,3108700
10,layout,rcm,100000,450557,42,96072,binary,7,2,53321000,0,0
10,layout,rcm,100000,450557,42,96072,mean_map,7,3,27616100,50.578290704369834,1740400
10,layout,rcm,100000,450557,42,96072,degree4,7,4,62390800,0,14086900
10,layout,rcm,100000,450557,42,96072,fourary,7,5,48333800,0,0
10,layout,rcm,100000,450557,42,96072,std_binary,7,6,51366600,0,0
10,layout,rcm,100000,450557,42,96072,max_maxdegree,7,7,25956900,12.499991064546379,5008800
10,layout,rcm,100000,450557,42,96072,mean_ring,7,8,27897900,50.578290704369834,1740400
10,layout,rcm,100000,450557,42,77462,mean_ring,0,0,33185700,50.578290704369834,1740400
10,layout,rcm,100000,450557,42,77462,mean_map,0,1,34599500,50.578290704369834,1740400
10,layout,rcm,100000,450557,42,77462,std_binary,0,2,60838100,0,0
10,layout,rcm,100000,450557,42,77462,mean_degree,0,3,30584100,11.225725203330509,1740400
10,layout,rcm,100000,450557,42,77462,caliber,0,4,53839100,0,3108700
10,layout,rcm,100000,450557,42,77462,degree4,0,5,71407100,0,14086900
10,layout,rcm,100000,450557,42,77462,max_maxdegree,0,6,30357100,12.499991064546379,5008800
10,layout,rcm,100000,450557,42,77462,binary,0,7,56464100,0,0
10,layout,rcm,100000,450557,42,77462,fourary,0,8,55034900,0,0
10,layout,rcm,100000,450557,42,77462,fourary,1,0,54440400,0,0
10,layout,rcm,100000,450557,42,77462,binary,1,1,55269600,0,0
10,layout,rcm,100000,450557,42,77462,max_maxdegree,1,2,29325500,12.499991064546379,5008800
10,layout,rcm,100000,450557,42,77462,degree4,1,3,66680800,0,14086900
10,layout,rcm,100000,450557,42,77462,caliber,1,4,45473800,0,3108700
10,layout,rcm,100000,450557,42,77462,mean_degree,1,5,29939600,11.225725203330509,1740400
10,layout,rcm,100000,450557,42,77462,std_binary,1,6,50496100,0,0
10,layout,rcm,100000,450557,42,77462,mean_map,1,7,31930900,50.578290704369834,1740400
10,layout,rcm,100000,450557,42,77462,mean_ring,1,8,29424800,50.578290704369834,1740400
10,layout,rcm,100000,450557,42,77462,std_binary,2,0,50852600,0,0
10,layout,rcm,100000,450557,42,77462,fourary,2,1,52948000,0,0
10,layout,rcm,100000,450557,42,77462,mean_degree,2,2,27376200,11.225725203330509,1740400
10,layout,rcm,100000,450557,42,77462,binary,2,3,51271000,0,0
10,layout,rcm,100000,450557,42,77462,max_maxdegree,2,4,27050100,12.499991064546379,5008800
10,layout,rcm,100000,450557,42,77462,mean_ring,2,5,28305400,50.578290704369834,1740400
10,layout,rcm,100000,450557,42,77462,caliber,2,6,45360400,0,3108700
10,layout,rcm,100000,450557,42,77462,mean_map,2,7,28731500,50.578290704369834,1740400
10,layout,rcm,100000,450557,42,77462,degree4,2,8,58665500,0,14086900
10,layout,rcm,100000,450557,42,77462,degree4,3,0,62020900,0,14086900
10,layout,rcm,100000,450557,42,77462,mean_map,3,1,27776900,50.578290704369834,1740400
10,layout,rcm,100000,450557,42,77462,caliber,3,2,48032400,0,3108700
10,layout,rcm,100000,450557,42,77462,mean_ring,3,3,27813800,50.578290704369834,1740400
10,layout,rcm,100000,450557,42,77462,max_maxdegree,3,4,27697100,12.499991064546379,5008800
10,layout,rcm,100000,450557,42,77462,binary,3,5,51587600,0,0
10,layout,rcm,100000,450557,42,77462,mean_degree,3,6,27904200,11.225725203330509,1740400
10,layout,rcm,100000,450557,42,77462,fourary,3,7,53342700,0,0
10,layout,rcm,100000,450557,42,77462,std_binary,3,8,50704400,0,0
10,layout,rcm,100000,450557,42,77462,std_binary,4,0,49161400,0,0
10,layout,rcm,100000,450557,42,77462,max_maxdegree,4,1,27268600,12.499991064546379,5008800
10,layout,rcm,100000,450557,42,77462,mean_degree,4,2,27558300,11.225725203330509,1740400
10,layout,rcm,100000,450557,42,77462,caliber,4,3,47816100,0,3108700
10,layout,rcm,100000,450557,42,77462,binary,4,4,53383600,0,0
10,layout,rcm,100000,450557,42,77462,mean_ring,4,5,27568800,50.578290704369834,1740400
10,layout,rcm,100000,450557,42,77462,degree4,4,6,65801100,0,14086900
10,layout,rcm,100000,450557,42,77462,fourary,4,7,50483900,0,0
10,layout,rcm,100000,450557,42,77462,mean_map,4,8,30172400,50.578290704369834,1740400
10,layout,rcm,100000,450557,42,77462,mean_map,5,0,30850200,50.578290704369834,1740400
10,layout,rcm,100000,450557,42,77462,fourary,5,1,51853500,0,0
10,layout,rcm,100000,450557,42,77462,degree4,5,2,65448800,0,14086900
10,layout,rcm,100000,450557,42,77462,mean_ring,5,3,29093800,50.578290704369834,1740400
10,layout,rcm,100000,450557,42,77462,binary,5,4,50877400,0,0
10,layout,rcm,100000,450557,42,77462,caliber,5,5,46495500,0,3108700
10,layout,rcm,100000,450557,42,77462,mean_degree,5,6,27681200,11.225725203330509,1740400
10,layout,rcm,100000,450557,42,77462,max_maxdegree,5,7,26192100,12.499991064546379,5008800
10,layout,rcm,100000,450557,42,77462,std_binary,5,8,47511400,0,0
10,layout,rcm,100000,450557,42,77462,mean_ring,6,0,27222000,50.578290704369834,1740400
10,layout,rcm,100000,450557,42,77462,caliber,6,1,46762700,0,3108700
10,layout,rcm,100000,450557,42,77462,std_binary,6,2,51444800,0,0
10,layout,rcm,100000,450557,42,77462,degree4,6,3,60500800,0,14086900
10,layout,rcm,100000,450557,42,77462,mean_map,6,4,27118600,50.578290704369834,1740400
10,layout,rcm,100000,450557,42,77462,mean_degree,6,5,25790600,11.225725203330509,1740400
10,layout,rcm,100000,450557,42,77462,fourary,6,6,52897700,0,0
10,layout,rcm,100000,450557,42,77462,max_maxdegree,6,7,24881000,12.499991064546379,5008800
10,layout,rcm,100000,450557,42,77462,binary,6,8,50614000,0,0
10,layout,rcm,100000,450557,42,77462,binary,7,0,52672400,0,0
10,layout,rcm,100000,450557,42,77462,max_maxdegree,7,1,25846900,12.499991064546379,5008800
10,layout,rcm,100000,450557,42,77462,fourary,7,2,49552200,0,0
10,layout,rcm,100000,450557,42,77462,mean_degree,7,3,30002700,11.225725203330509,1740400
10,layout,rcm,100000,450557,42,77462,mean_map,7,4,28200100,50.578290704369834,1740400
10,layout,rcm,100000,450557,42,77462,degree4,7,5,60515400,0,14086900
10,layout,rcm,100000,450557,42,77462,std_binary,7,6,48784800,0,0
10,layout,rcm,100000,450557,42,77462,caliber,7,7,44166800,0,3108700
10,layout,rcm,100000,450557,42,77462,mean_ring,7,8,28137400,50.578290704369834,1740400
11,layout,weight,5000,22447,1729,1666,mean_map,0,0,598500,50.48010237309992,39400
11,layout,weight,5000,22447,1729,1666,mean_degree,0,1,731400,11.244287070232085,39400
11,layout,weight,5000,22447,1729,1666,degree4,0,2,1277500,0,302600
11,layout,weight,5000,22447,1729,1666,fourary,0,3,1175900,0,0
11,layout,weight,5000,22447,1729,1666,binary,0,4,1093500,0,0
11,layout,weight,5000,22447,1729,1666,max_maxdegree,0,5,758800,12.499216362942441,99400
11,layout,weight,5000,22447,1729,1666,std_binary,0,6,1425200,0,0
11,layout,weight,5000,22447,1729,1666,caliber,0,7,979100,0,92800
11,layout,weight,5000,22447,1729,1666,mean_ring,0,8,549500,50.48010237309992,39400
11,layout,weight,5000,22447,1729,1666,mean_ring,1,0,542100,50.48010237309992,39400
11,layout,weight,5000,22447,1729,1666,caliber,1,1,934700,0,92800
11,layout,weight,5000,22447,1729,1666,std_binary,1,2,1154700,0,0
11,layout,weight,5000,22447,1729,1666,max_maxdegree,1,3,693000,12.499216362942441,99400
11,layout,weight,5000,22447,1729,1666,binary,1,4,1107000,0,0
11,layout,weight,5000,22447,1729,1666,fourary,1,5,1127500,0,0
11,layout,weight,5000,22447,1729,1666,degree4,1,6,1318400,0,302600
11,layout,weight,5000,22447,1729,1666,mean_degree,1,7,753300,11.244287070232085,39400
11,layout,weight,5000,22447,1729,1666,mean_map,1,8,618400,50.48010237309992,39400
11,layout,weight,5000,22447,1729,1666,binary,2,0,1533700,0,0
11,layout,weight,5000,22447,1729,1666,max_maxdegree,2,1,873900,12.499216362942441,99400
11,layout,weight,5000,22447,1729,1666,caliber,2,2,1042400,0,92800
11,layout,weight,5000,22447,1729,1666,degree4,2,3,1331100,0,302600
11,layout,weight,5000,22447,1729,1666,mean_degree,2,4,739900,11.244287070232085,39400
11,layout,weight,5000,22447,1729,1666,mean_ring,2,5,594700,50.48010237309992,39400
11,layout,weight,5000,22447,1729,1666,mean_map,2,6,627600,50.48010237309992,39400
11,layout,weight,5000,22447,1729,1666,std_binary,2,7,1096500,0,0
11,layout,weight,5000,22447,1729,1666,fourary,2,8,1272500,0,0
11,layout,weight,5000,22447,1729,1666,fourary,3,0,1235700,0,0
11,layout,weight,5000,22447,1729,1666,std_binary,3,1,1061900,0,0
11,layout,weight,5000,22447,1729,1666,mean_map,3,2,656700,50.48010237309992,39400
11,layout,weight,5000,22447,1729,1666,mean_ring,3,3,544200,50.48010237309992,39400
11,layout,weight,5000,22447,1729,1666,mean_degree,3,4,703800,11.244287070232085,39400
11,layout,weight,5000,22447,1729,1666,degree4,3,5,1397400,0,302600
11,layout,weight,5000,22447,1729,1666,caliber,3,6,1179900,0,92800
11,layout,weight,5000,22447,1729,1666,max_maxdegree,3,7,704900,12.499216362942441,99400
11,layout,weight,5000,22447,1729,1666,binary,3,8,1086100,0,0
11,layout,weight,5000,22447,1729,1666,mean_ring,4,0,552200,50.48010237309992,39400
11,layout,weight,5000,22447,1729,1666,mean_map,4,1,609600,50.48010237309992,39400
11,layout,weight,5000,22447,1729,1666,fourary,4,2,1104900,0,0
11,layout,weight,5000,22447,1729,1666,binary,4,3,1643500,0,0
11,layout,weight,5000,22447,1729,1666,degree4,4,4,1397300,0,302600
11,layout,weight,5000,22447,1729,1666,caliber,4,5,972400,0,92800
11,layout,weight,5000,22447,1729,1666,std_binary,4,6,1156300,0,0
11,layout,weight,5000,22447,1729,1666,max_maxdegree,4,7,746400,12.499216362942441,99400
11,layout,weight,5000,22447,1729,1666,mean_degree,4,8,789000,11.244287070232085,39400
11,layout,weight,5000,22447,1729,1666,mean_degree,5,0,896700,11.244287070232085,39400
11,layout,weight,5000,22447,1729,1666,max_maxdegree,5,1,758900,12.499216362942441,99400
11,layout,weight,5000,22447,1729,1666,std_binary,5,2,1113500,0,0
11,layout,weight,5000,22447,1729,1666,caliber,5,3,965600,0,92800
11,layout,weight,5000,22447,1729,1666,degree4,5,4,1287400,0,302600
11,layout,weight,5000,22447,1729,1666,binary,5,5,1188000,0,0
11,layout,weight,5000,22447,1729,1666,fourary,5,6,1240200,0,0
11,layout,weight,5000,22447,1729,1666,mean_map,5,7,648800,50.48010237309992,39400
11,layout,weight,5000,22447,1729,1666,mean_ring,5,8,582600,50.48010237309992,39400
11,layout,weight,5000,22447,1729,1666,caliber,6,0,1085100,0,92800
11,layout,weight,5000,22447,1729,1666,degree4,6,1,1290400,0,302600
11,layout,weight,5000,22447,1729,1666,max_maxdegree,6,2,801600,12.499216362942441,99400
11,layout,weight,5000,22447,1729,1666,mean_degree,6,3,674800,11.244287070232085,39400
11,layout,weight,5000,22447,1729,1666,std_binary,6,4,1222900,0,0
11,layout,weight,5000,22447,1729,1666,fourary,6,5,1075300,0,0
11,layout,weight,5000,22447,1729,1666,binary,6,6,1116900,0,0
11,layout,weight,5000,22447,1729,1666,mean_map,6,7,615900,50.48010237309992,39400
11,layout,weight,5000,22447,1729,1666,mean_ring,6,8,564600,50.48010237309992,39400
11,layout,weight,5000,22447,1729,1666,mean_ring,7,0,542000,50.48010237309992,39400
11,layout,weight,5000,22447,1729,1666,mean_map,7,1,587200,50.48010237309992,39400
11,layout,weight,5000,22447,1729,1666,binary,7,2,1120400,0,0
11,layout,weight,5000,22447,1729,1666,fourary,7,3,1137200,0,0
11,layout,weight,5000,22447,1729,1666,std_binary,7,4,1046600,0,0
11,layout,weight,5000,22447,1729,1666,mean_degree,7,5,719900,11.244287070232085,39400
11,layout,weight,5000,22447,1729,1666,max_maxdegree,7,6,657700,12.499216362942441,99400
11,layout,weight,5000,22447,1729,1666,degree4,7,7,1405900,0,302600
11,layout,weight,5000,22447,1729,1666,caliber,7,8,1123900,0,92800
11,layout,weight,5000,22447,1729,3333,binary,0,0,1151500,0,0
11,layout,weight,5000,22447,1729,3333,std_binary,0,1,1063500,0,0
11,layout,weight,5000,22447,1729,3333,fourary,0,2,1080400,0,0
11,layout,weight,5000,22447,1729,3333,mean_ring,0,3,773000,50.48010237309992,39400
11,layout,weight,5000,22447,1729,3333,caliber,0,4,965300,0,92800
11,layout,weight,5000,22447,1729,3333,mean_map,0,5,652900,50.48010237309992,39400
11,layout,weight,5000,22447,1729,3333,degree4,0,6,1272700,0,302600
11,layout,weight,5000,22447,1729,3333,mean_degree,0,7,685400,11.244287070232085,39400
11,layout,weight,5000,22447,1729,3333,max_maxdegree,0,8,662800,12.499216362942441,99400
11,layout,weight,5000,22447,1729,3333,max_maxdegree,1,0,659700,12.499216362942441,99400
11,layout,weight,5000,22447,1729,3333,mean_degree,1,1,658600,11.244287070232085,39400
11,layout,weight,5000,22447,1729,3333,degree4,1,2,1502600,0,302600
11,layout,weight,5000,22447,1729,3333,mean_map,1,3,686100,50.48010237309992,39400
11,layout,weight,5000,22447,1729,3333,caliber,1,4,957300,0,92800
11,layout,weight,5000,22447,1729,3333,mean_ring,1,5,635900,50.48010237309992,39400
11,layout,weight,5000,22447,1729,3333,fourary,1,6,1284900,0,0
11,layout,weight,5000,22447,1729,3333,std_binary,1,7,1125900,0,0
11,layout,weight,5000,22447,1729,3333,binary,1,8,1318500,0,0
11,layout,weight,5000,22447,1729,3333,mean_degree,2,0,812700,11.244287070232085,39400
11,layout,weight,5000,22447,1729,3333,std_binary,2,1,1072200,0,0
11,layout,weight,5000,22447,1729,3333,degree4,2,2,1253200,0,302600
11,layout,weight,5000,22447,1729,3333,mean_ring,2,3,581900,50.48010237309992,39400
11,layout,weight,5000,22447,1729,3333,binary,2,4,1209100,0,0
11,layout,weight,5000,22447,1729,3333,max_maxdegree,2,5,844100,12.499216362942441,99400
11,layout,weight,5000,22447,1729,3333,mean_map,2,6,694100,50.48010237309992,39400
11,layout,weight,5000,22447,1729,3333,caliber,2,7,939000,0,92800
11,layout,weight,5000,22447,1729,3333,fourary,2,8,1064600,0,0
11,layout,weight,5000,22447,1729,3333,fourary,3,0,1044600,0,0
11,layout,weight,5000,22447,1729,3333,caliber,3,1,941100,0,92800
11,layout,weight,5000,22447,1729,3333,mean_map,3,2,777100,50.48010237309992,39400
11,layout,weight,5000,22447,1729,3333,max_maxdegree,3,3,835600,12.499216362942441,99400
11,layout,weight,5000,22447,1729,3333,binary,3,4,1087100,0,0
11,layout,weight,5000,22447,1729,3333,mean_ring,3,5,548800,50.48010237309992,39400
11,layout,weight,5000,22447,1729,3333,degree4,3,6,1238900,0,302600
11,layout,weight,5000,22447,1729,3333,std_binary,3,7,1046300,0,0
11,layout,weight,5000,22447,1729,3333,mean_degree,3,8,714900,11.244287070232085,39400
11,layout,weight,5000,22447,1729,3333,mean_ring,4,0,749000,50.48010237309992,39400
11,layout,weight,5000,22447,1729,3333,caliber,4,1,1240100,0,92800
11,layout,weight,5000,22447,1729,3333,std_binary,4,2,1152500,0,0
11,layout,weight,5000,22447,1729,3333,fourary,4,3,1068700,0,0
11,layout,weight,5000,22447,1729,3333,degree4,4,4,1305700,0,302600
11,layout,weight,5000,22447,1729,3333,mean_degree,4,5,687600,11.244287070232085,39400
11,layout,weight,5000,22447,1729,3333,mean_map,4,6,594200,50.48010237309992,39400
11,layout,weight,5000,22447,1729,3333,binary,4,7,1125400,0,0
11,layout,weight,5000,22447,1729,3333,max_maxdegree,4,8,673400,12.499216362942441,99400
11,layout,weight,5000,22447,1729,3333,max_maxdegree,5,0,663600,12.499216362942441,99400
11,layout,weight,5000,22447,1729,3333,binary,5,1,1229400,0,0
11,layout,weight,5000,22447,1729,3333,mean_map,5,2,622700,50.48010237309992,39400
11,layout,weight,5000,22447,1729,3333,mean_degree,5,3,685500,11.244287070232085,39400
11,layout,weight,5000,22447,1729,3333,degree4,5,4,1360400,0,302600
11,layout,weight,5000,22447,1729,3333,fourary,5,5,1157500,0,0
11,layout,weight,5000,22447,1729,3333,std_binary,5,6,1093500,0,0
11,layout,weight,5000,22447,1729,3333,caliber,5,7,935000,0,92800
11,layout,weight,5000,22447,1729,3333,mean_ring,5,8,561400,50.48010237309992,39400
11,layout,weight,5000,22447,1729,3333,fourary,6,0,1167700,0,0
11,layout,weight,5000,22447,1729,3333,max_maxdegree,6,1,846300,12.499216362942441,99400
11,layout,weight,5000,22447,1729,3333,std_binary,6,2,1057500,0,0
11,layout,weight,5000,22447,1729,3333,caliber,6,3,930900,0,92800
11,layout,weight,5000,22447,1729,3333,mean_degree,6,4,699800,11.244287070232085,39400
11,layout,weight,5000,22447,1729,3333,degree4,6,5,1237000,0,302600
11,layout,weight,5000,22447,1729,3333,mean_ring,6,6,544000,50.48010237309992,39400
11,layout,weight,5000,22447,1729,3333,binary,6,7,1248700,0,0
11,layout,weight,5000,22447,1729,3333,mean_map,6,8,782700,50.48010237309992,39400
11,layout,weight,5000,22447,1729,3333,mean_map,7,0,814600,50.48010237309992,39400
11,layout,weight,5000,22447,1729,3333,binary,7,1,1371000,0,0
11,layout,weight,5000,22447,1729,3333,mean_ring,7,2,1315500,50.48010237309992,39400
11,layout,weight,5000,22447,1729,3333,degree4,7,3,1795900,0,302600
11,layout,weight,5000,22447,1729,3333,mean_degree,7,4,823100,11.244287070232085,39400
11,layout,weight,5000,22447,1729,3333,caliber,7,5,1012000,0,92800
11,layout,weight,5000,22447,1729,3333,std_binary,7,6,1060200,0,0
11,layout,weight,5000,22447,1729,3333,max_maxdegree,7,7,665000,12.499216362942441,99400
11,layout,weight,5000,22447,1729,3333,fourary,7,8,1119500,0,0
12,layout,destination,5000,22447,1729,1666,mean_map,0,0,939900,50.48010237309992,42600
12,layout,destination,5000,22447,1729,1666,mean_degree,0,1,722800,11.244287070232085,42600
12,layout,destination,5000,22447,1729,1666,degree4,0,2,1331600,0,304000
12,layout,destination,5000,22447,1729,1666,fourary,0,3,1089200,0,0
12,layout,destination,5000,22447,1729,1666,binary,0,4,1091300,0,0
12,layout,destination,5000,22447,1729,1666,max_maxdegree,0,5,724800,12.499216362942441,108200
12,layout,destination,5000,22447,1729,1666,std_binary,0,6,1118900,0,0
12,layout,destination,5000,22447,1729,1666,caliber,0,7,975500,0,89900
12,layout,destination,5000,22447,1729,1666,mean_ring,0,8,702800,50.48010237309992,42600
12,layout,destination,5000,22447,1729,1666,mean_ring,1,0,681900,50.48010237309992,42600
12,layout,destination,5000,22447,1729,1666,caliber,1,1,1021100,0,89900
12,layout,destination,5000,22447,1729,1666,std_binary,1,2,1155600,0,0
12,layout,destination,5000,22447,1729,1666,max_maxdegree,1,3,730900,12.499216362942441,108200
12,layout,destination,5000,22447,1729,1666,binary,1,4,1193000,0,0
12,layout,destination,5000,22447,1729,1666,fourary,1,5,1097500,0,0
12,layout,destination,5000,22447,1729,1666,degree4,1,6,1272400,0,304000
12,layout,destination,5000,22447,1729,1666,mean_degree,1,7,709100,11.244287070232085,42600
12,layout,destination,5000,22447,1729,1666,mean_map,1,8,762100,50.48010237309992,42600
12,layout,destination,5000,22447,1729,1666,binary,2,0,1255200,0,0
12,layout,destination,5000,22447,1729,1666,max_maxdegree,2,1,705300,12.499216362942441,108200
12,layout,destination,5000,22447,1729,1666,caliber,2,2,969800,0,89900
12,layout,destination,5000,22447,1729,1666,degree4,2,3,1249800,0,304000
12,layout,destination,5000,22447,1729,1666,mean_degree,2,4,820800,11.244287070232085,42600
12,layout,destination,5000,22447,1729,1666,mean_ring,2,5,879800,50.48010237309992,42600
12,layout,destination,5000,22447,1729,1666,mean_map,2,6,775900,50.48010237309992,42600
12,layout,destination,5000,22447,1729,1666,std_binary,2,7,1450800,0,0
12,layout,destination,5000,22447,1729,1666,fourary,2,8,1237300,0,0
12,layout,destination,5000,22447,1729,1666,fourary,3,0,1092000,0,0
12,layout,destination,5000,22447,1729,1666,std_binary,3,1,1080000,0,0
12,layout,destination,5000,22447,1729,1666,mean_map,3,2,779600,50.48010237309992,42600
12,layout,destination,5000,22447,1729,1666,mean_ring,3,3,741200,50.48010237309992,42600
12,layout,destination,5000,22447,1729,1666,mean_degree,3,4,740700,11.244287070232085,42600
12,layout,destination,5000,22447,1729,1666,degree4,3,5,1361500,0,304000
12,layout,destination,5000,22447,1729,1666,caliber,3,6,1089600,0,89900
12,layout,destination,5000,22447,1729,1666,max_maxdegree,3,7,771600,12.499216362942441,108200
12,layout,destination,5000,22447,1729,1666,binary,3,8,1113900,0,0
12,layout,destination,5000,22447,1729,1666,mean_ring,4,0,731200,50.48010237309992,42600
12,layout,destination,5000,22447,1729,1666,mean_map,4,1,764900,50.48010237309992,42600
12,layout,destination,5000,22447,1729,1666,fourary,4,2,1236500,0,0
12,layout,destination,5000,22447,1729,1666,binary,4,3,1200500,0,0
12,layout,destination,5000,22447,1729,1666,degree4,4,4,1283800,0,304000
12,layout,destination,5000,22447,1729,1666,caliber,4,5,983000,0,89900
12,layout,destination,5000,22447,1729,1666,std_binary,4,6,1122400,0,0
12,layout,destination,5000,22447,1729,1666,max_maxdegree,4,7,1067800,12.499216362942441,108200
12,layout,destination,5000,22447,1729,1666,mean_degree,4,8,728300,11.244287070232085,42600
12,layout,destination,5000,22447,1729,1666,mean_degree,5,0,681200,11.244287070232085,42600
12,layout,destination,5000,22447,1729,1666,max_maxdegree,5,1,676100,12.499216362942441,108200
12,layout,destination,5000,22447,1729,1666,std_binary,5,2,1136300,0,0
12,layout,destination,5000,22447,1729,1666,caliber,5,3,1000600,0,89900
12,layout,destination,5000,22447,1729,1666,degree4,5,4,1333100,0,304000
12,layout,destination,5000,22447,1729,1666,binary,5,5,1134700,0,0
12,layout,destination,5000,22447,1729,1666,fourary,5,6,1074000,0,0
12,layout,destination,5000,22447,1729,1666,mean_map,5,7,790300,50.48010237309992,42600
12,layout,destination,5000,22447,1729,1666,mean_ring,5,8,810600,50.48010237309992,42600
12,layout,destination,5000,22447,1729,1666,caliber,6,0,1132400,0,89900
12,layout,destination,5000,22447,1729,1666,degree4,6,1,1336600,0,304000
12,layout,destination,5000,22447,1729,1666,max_maxdegree,6,2,701400,12.499216362942441,108200
12,layout,destination,5000,22447,1729,1666,mean_degree,6,3,1187600,11.244287070232085,42600
12,layout,destination,5000,22447,1729,1666,std_binary,6,4,1085000,0,0
12,layout,destination,5000,22447,1729,1666,fourary,6,5,1081100,0,0
12,layout,destination,5000,22447,1729,1666,binary,6,6,1344800,0,0
12,layout,destination,5000,22447,1729,1666,mean_map,6,7,968400,50.48010237309992,42600
12,layout,destination,5000,22447,1729,1666,mean_ring,6,8,698000,50.48010237309992,42600
12,layout,destination,5000,22447,1729,1666,mean_ring,7,0,785500,50.48010237309992,42600
12,layout,destination,5000,22447,1729,1666,mean_map,7,1,773900,50.48010237309992,42600
12,layout,destination,5000,22447,1729,1666,binary,7,2,1110600,0,0
12,layout,destination,5000,22447,1729,1666,fourary,7,3,1089300,0,0
12,layout,destination,5000,22447,1729,1666,std_binary,7,4,1086200,0,0
12,layout,destination,5000,22447,1729,1666,mean_degree,7,5,724700,11.244287070232085,42600
12,layout,destination,5000,22447,1729,1666,max_maxdegree,7,6,691800,12.499216362942441,108200
12,layout,destination,5000,22447,1729,1666,degree4,7,7,1396200,0,304000
12,layout,destination,5000,22447,1729,1666,caliber,7,8,1027300,0,89900
12,layout,destination,5000,22447,1729,3333,binary,0,0,1170100,0,0
12,layout,destination,5000,22447,1729,3333,std_binary,0,1,1097600,0,0
12,layout,destination,5000,22447,1729,3333,fourary,0,2,1162400,0,0
12,layout,destination,5000,22447,1729,3333,mean_ring,0,3,722300,50.48010237309992,42600
12,layout,destination,5000,22447,1729,3333,caliber,0,4,1046000,0,89900
12,layout,destination,5000,22447,1729,3333,mean_map,0,5,881400,50.48010237309992,42600
12,layout,destination,5000,22447,1729,3333,degree4,0,6,1284600,0,304000
12,layout,destination,5000,22447,1729,3333,mean_degree,0,7,748400,11.244287070232085,42600
12,layout,destination,5000,22447,1729,3333,max_maxdegree,0,8,683200,12.499216362942441,108200
12,layout,destination,5000,22447,1729,3333,max_maxdegree,1,0,660800,12.499216362942441,108200
12,layout,destination,5000,22447,1729,3333,mean_degree,1,1,668100,11.244287070232085,42600
12,layout,destination,5000,22447,1729,3333,degree4,1,2,1311100,0,304000
12,layout,destination,5000,22447,1729,3333,mean_map,1,3,765600,50.48010237309992,42600
12,layout,destination,5000,22447,1729,3333,caliber,1,4,977700,0,89900
12,layout,destination,5000,22447,1729,3333,mean_ring,1,5,705000,50.48010237309992,42600
12,layout,destination,5000,22447,1729,3333,fourary,1,6,1141400,0,0
12,layout,destination,5000,22447,1729,3333,std_binary,1,7,1098800,0,0
12,layout,destination,5000,22447,1729,3333,binary,1,8,1168500,0,0
12,layout,destination,5000,22447,1729,3333,mean_degree,2,0,734400,11.244287070232085,42600
12,layout,destination,5000,22447,1729,3333,std_binary,2,1,1126300,0,0
12,layout,destination,5000,22447,1729,3333,degree4,2,2,1273400,0,304000
12,layout,destination,5000,22447,1729,3333,mean_ring,2,3,719000,50.48010237309992,42600
12,layout,destination,5000,22447,1729,3333,binary,2,4,1132600,0,0
12,layout,destination,5000,22447,1729,3333,max_maxdegree,2,5,756800,12.499216362942441,108200
12,layout,destination,5000,22447,1729,3333,mean_map,2,6,899800,50.48010237309992,42600
12,layout,destination,5000,22447,1729,3333,caliber,2,7,981200,0,89900
12,layout,destination,5000,22447,1729,3333,fourary,2,8,1228000,0,0
12,layout,destination,5000,22447,1729,3333,fourary,3,0,1151600,0,0
12,layout,destination,5000,22447,1729,3333,caliber,3,1,1555500,0,89900
12,layout,destination,5000,22447,1729,3333,mean_map,3,2,997000,50.48010237309992,42600
12,layout,destination,5000,22447,1729,3333,max_maxdegree,3,3,674600,12.499216362942441,108200
12,layout,destination,5000,22447,1729,3333,binary,3,4,1126500,0,0
12,layout,destination,5000,22447,1729,3333,mean_ring,3,5,697600,50.48010237309992,42600
12,layout,destination,5000,22447,1729,3333,degree4,3,6,1301500,0,304000
12,layout,destination,5000,22447,1729,3333,std_binary,3,7,1098100,0,0
12,layout,destination,5000,22447,1729,3333,mean_degree,3,8,708600,11.244287070232085,42600
12,layout,destination,5000,22447,1729,3333,mean_ring,4,0,709100,50.48010237309992,42600
12,layout,destination,5000,22447,1729,3333,caliber,4,1,963800,0,89900
12,layout,destination,5000,22447,1729,3333,std_binary,4,2,1107700,0,0
12,layout,destination,5000,22447,1729,3333,fourary,4,3,1173600,0,0
12,layout,destination,5000,22447,1729,3333,degree4,4,4,1275900,0,304000
12,layout,destination,5000,22447,1729,3333,mean_degree,4,5,800500,11.244287070232085,42600
12,layout,destination,5000,22447,1729,3333,mean_map,4,6,802300,50.48010237309992,42600
12,layout,destination,5000,22447,1729,3333,binary,4,7,1104700,0,0
12,layout,destination,5000,22447,1729,3333,max_maxdegree,4,8,684000,12.499216362942441,108200
12,layout,destination,5000,22447,1729,3333,max_maxdegree,5,0,694000,12.499216362942441,108200
12,layout,destination,5000,22447,1729,3333,binary,5,1,1091000,0,0
12,layout,destination,5000,22447,1729,3333,mean_map,5,2,776300,50.48010237309992,42600
12,layout,destination,5000,22447,1729,3333,mean_degree,5,3,708300,11.244287070232085,42600
12,layout,destination,5000,22447,1729,3333,degree4,5,4,1274700,0,304000
12,layout,destination,5000,22447,1729,3333,fourary,5,5,1078900,0,0
12,layout,destination,5000,22447,1729,3333,std_binary,5,6,1113100,0,0
12,layout,destination,5000,22447,1729,3333,caliber,5,7,954500,0,89900
12,layout,destination,5000,22447,1729,3333,mean_ring,5,8,699200,50.48010237309992,42600
12,layout,destination,5000,22447,1729,3333,fourary,6,0,1156100,0,0
12,layout,destination,5000,22447,1729,3333,max_maxdegree,6,1,793200,12.499216362942441,108200
12,layout,destination,5000,22447,1729,3333,std_binary,6,2,1105400,0,0
12,layout,destination,5000,22447,1729,3333,caliber,6,3,984200,0,89900
12,layout,destination,5000,22447,1729,3333,mean_degree,6,4,691600,11.244287070232085,42600
12,layout,destination,5000,22447,1729,3333,degree4,6,5,1420300,0,304000
12,layout,destination,5000,22447,1729,3333,mean_ring,6,6,1343100,50.48010237309992,42600
12,layout,destination,5000,22447,1729,3333,binary,6,7,1257000,0,0
12,layout,destination,5000,22447,1729,3333,mean_map,6,8,778700,50.48010237309992,42600
12,layout,destination,5000,22447,1729,3333,mean_map,7,0,740500,50.48010237309992,42600
12,layout,destination,5000,22447,1729,3333,binary,7,1,1206800,0,0
12,layout,destination,5000,22447,1729,3333,mean_ring,7,2,776900,50.48010237309992,42600
12,layout,destination,5000,22447,1729,3333,degree4,7,3,1391600,0,304000
12,layout,destination,5000,22447,1729,3333,mean_degree,7,4,721100,11.244287070232085,42600
12,layout,destination,5000,22447,1729,3333,caliber,7,5,1026100,0,89900
12,layout,destination,5000,22447,1729,3333,std_binary,7,6,1131100,0,0
12,layout,destination,5000,22447,1729,3333,max_maxdegree,7,7,694800,12.499216362942441,108200
12,layout,destination,5000,22447,1729,3333,fourary,7,8,1150300,0,0
13,layout,random,5000,22447,1729,1666,mean_map,0,0,760900,50.48010237309992,52400
13,layout,random,5000,22447,1729,1666,mean_degree,0,1,734000,11.244287070232085,52400
13,layout,random,5000,22447,1729,1666,degree4,0,2,1239300,0,293100
13,layout,random,5000,22447,1729,1666,fourary,0,3,1326800,0,0
13,layout,random,5000,22447,1729,1666,binary,0,4,1137600,0,0
13,layout,random,5000,22447,1729,1666,max_maxdegree,0,5,695900,12.499216362942441,80600
13,layout,random,5000,22447,1729,1666,std_binary,0,6,1191700,0,0
13,layout,random,5000,22447,1729,1666,caliber,0,7,1039800,0,96300
13,layout,random,5000,22447,1729,1666,mean_ring,0,8,703800,50.48010237309992,52400
13,layout,random,5000,22447,1729,1666,mean_ring,1,0,829600,50.48010237309992,52400
13,layout,random,5000,22447,1729,1666,caliber,1,1,961100,0,96300
13,layout,random,5000,22447,1729,1666,std_binary,1,2,1136200,0,0
13,layout,random,5000,22447,1729,1666,max_maxdegree,1,3,721400,12.499216362942441,80600
13,layout,random,5000,22447,1729,1666,binary,1,4,1126500,0,0
13,layout,random,5000,22447,1729,1666,fourary,1,5,1206100,0,0
13,layout,random,5000,22447,1729,1666,degree4,1,6,1431000,0,293100
13,layout,random,5000,22447,1729,1666,mean_degree,1,7,695400,11.244287070232085,52400
13,layout,random,5000,22447,1729,1666,mean_map,1,8,809700,50.48010237309992,52400
13,layout,random,5000,22447,1729,1666,binary,2,0,1224700,0,0
13,layout,random,5000,22447,1729,1666,max_maxdegree,2,1,709200,12.499216362942441,80600
13,layout,random,5000,22447,1729,1666,caliber,2,2,990600,0,96300
13,layout,random,5000,22447,1729,1666,degree4,2,3,1643600,0,293100
13,layout,random,5000,22447,1729,1666,mean_degree,2,4,1101500,11.244287070232085,52400
13,layout,random,5000,22447,1729,1666,mean_ring,2,5,990700,50.48010237309992,52400
13,layout,random,5000,22447,1729,1666,mean_map,2,6,796700,50.48010237309992,52400
13,layout,random,5000,22447,1729,1666,std_binary,2,7,1291800,0,0
13,layout,random,5000,22447,1729,1666,fourary,2,8,1116500,0,0
13,layout,random,5000,22447,1729,1666,fourary,3,0,1090000,0,0
13,layout,random,5000,22447,1729,1666,std_binary,3,1,1107100,0,0
13,layout,random,5000,22447,1729,1666,mean_map,3,2,785700,50.48010237309992,52400
13,layout,random,5000,22447,1729,1666,mean_ring,3,3,722800,50.48010237309992,52400
13,layout,random,5000,22447,1729,1666,mean_degree,3,4,684600,11.244287070232085,52400
13,layout,random,5000,22447,1729,1666,degree4,3,5,1429700,0,293100
13,layout,random,5000,22447,1729,1666,caliber,3,6,1077900,0,96300
13,layout,random,5000,22447,1729,1666,max_maxdegree,3,7,686200,12.499216362942441,80600
13,layout,random,5000,22447,1729,1666,binary,3,8,1334400,0,0
13,layout,random,5000,22447,1729,1666,mean_ring,4,0,846500,50.48010237309992,52400
13,layout,random,5000,22447,1729,1666,mean_map,4,1,802700,50.48010237309992,52400
13,layout,random,5000,22447,1729,1666,fourary,4,2,1074700,0,0
13,layout,random,5000,22447,1729,1666,binary,4,3,1112900,0,0
13,layout,random,5000,22447,1729,1666,degree4,4,4,1251500,0,293100
13,layout,random,5000,22447,1729,1666,caliber,4,5,1339300,0,96300
13,layout,random,5000,22447,1729,1666,std_binary,4,6,1088700,0,0
13,layout,random,5000,22447,1729,1666,max_maxdegree,4,7,707000,12.499216362942441,80600
13,layout,random,5000,22447,1729,1666,mean_degree,4,8,678000,11.244287070232085,52400
13,layout,random,5000,22447,1729,1666,mean_degree,5,0,682600,11.244287070232085,52400
13,layout,random,5000,22447,1729,1666,max_maxdegree,5,1,694300,12.499216362942441,80600
13,layout,random,5000,22447,1729,1666,std_binary,5,2,1121900,0,0
13,layout,random,5000,22447,1729,1666,caliber,5,3,930100,0,96300
13,layout,random,5000,22447,1729,1666,degree4,5,4,1279400,0,293100
13,layout,random,5000,22447,1729,1666,binary,5,5,1084700,0,0
13,layout,random,5000,22447,1729,1666,fourary,5,6,1069300,0,0
13,layout,random,5000,22447,1729,1666,mean_map,5,7,766600,50.48010237309992,52400
13,layout,random,5000,22447,1729,1666,mean_ring,5,8,688700,50.48010237309992,52400
13,layout,random,5000,22447,1729,1666,caliber,6,0,1066800,0,96300
13,layout,random,5000,22447,1729,1666,degree4,6,1,1649400,0,293100
13,layout,random,5000,22447,1729,1666,max_maxdegree,6,2,742000,12.499216362942441,80600
13,layout,random,5000,22447,1729,1666,mean_degree,6,3,663200,11.244287070232085,52400
13,layout,random,5000,22447,1729,1666,std_binary,6,4,1134800,0,0
13,layout,random,5000,22447,1729,1666,fourary,6,5,1858200,0,0
13,layout,random,5000,22447,1729,1666,binary,6,6,1125000,0,0
13,layout,random,5000,22447,1729,1666,mean_map,6,7,772100,50.48010237309992,52400
13,layout,random,5000,22447,1729,1666,mean_ring,6,8,695400,50.48010237309992,52400
13,layout,random,5000,22447,1729,1666,mean_ring,7,0,689600,50.48010237309992,52400
13,layout,random,5000,22447,1729,1666,mean_map,7,1,750300,50.48010237309992,52400
13,layout,random,5000,22447,1729,1666,binary,7,2,1227300,0,0
13,layout,random,5000,22447,1729,1666,fourary,7,3,1083000,0,0
13,layout,random,5000,22447,1729,1666,std_binary,7,4,1151700,0,0
13,layout,random,5000,22447,1729,1666,mean_degree,7,5,717200,11.244287070232085,52400
13,layout,random,5000,22447,1729,1666,max_maxdegree,7,6,776800,12.499216362942441,80600
13,layout,random,5000,22447,1729,1666,degree4,7,7,1270900,0,293100
13,layout,random,5000,22447,1729,1666,caliber,7,8,947800,0,96300
13,layout,random,5000,22447,1729,3333,binary,0,0,1147400,0,0
13,layout,random,5000,22447,1729,3333,std_binary,0,1,1045800,0,0
13,layout,random,5000,22447,1729,3333,fourary,0,2,1189500,0,0
13,layout,random,5000,22447,1729,3333,mean_ring,0,3,694600,50.48010237309992,52400
13,layout,random,5000,22447,1729,3333,caliber,0,4,950000,0,96300
13,layout,random,5000,22447,1729,3333,mean_map,0,5,756000,50.48010237309992,52400
13,layout,random,5000,22447,1729,3333,degree4,0,6,1293700,0,293100
13,layout,random,5000,22447,1729,3333,mean_degree,0,7,731100,11.244287070232085,52400
13,layout,random,5000,22447,1729,3333,max_maxdegree,0,8,830300,12.499216362942441,80600
13,layout,random,5000,22447,1729,3333,max_maxdegree,1,0,738100,12.499216362942441,80600
13,layout,random,5000,22447,1729,3333,mean_degree,1,1,645600,11.244287070232085,52400
13,layout,random,5000,22447,1729,3333,degree4,1,2,1702900,0,293100
13,layout,random,5000,22447,1729,3333,mean_map,1,3,954700,50.48010237309992,52400
13,layout,random,5000,22447,1729,3333,caliber,1,4,1211400,0,96300
13,layout,random,5000,22447,1729,3333,mean_ring,1,5,703400,50.48010237309992,52400
13,layout,random,5000,22447,1729,3333,fourary,1,6,1159800,0,0
13,layout,random,5000,22447,1729,3333,std_binary,1,7,1117500,0,0
13,layout,random,5000,22447,1729,3333,binary,1,8,1250800,0,0
13,layout,random,5000,22447,1729,3333,mean_degree,2,0,860400,11.244287070232085,52400
13,layout,random,5000,22447,1729,3333,std_binary,2,1,1130200,0,0
13,layout,random,5000,22447,1729,3333,degree4,2,2,1240500,0,293100
13,layout,random,5000,22447,1729,3333,mean_ring,2,3,697900,50.48010237309992,52400
13,layout,random,5000,22447,1729,3333,binary,2,4,1116600,0,0
13,layout,random,5000,22447,1729,3333,max_maxdegree,2,5,677100,12.499216362942441,80600
13,layout,random,5000,22447,1729,3333,mean_map,2,6,891100,50.48010237309992,52400
13,layout,random,5000,22447,1729,3333,caliber,2,7,982000,0,96300
13,layout,random,5000,22447,1729,3333,fourary,2,8,1094800,0,0
13,layout,random,5000,22447,1729,3333,fourary,3,0,1061900,0,0
13,layout,random,5000,22447,1729,3333,caliber,3,1,1000200,0,96300
13,layout,random,5000,22447,1729,3333,mean_map,3,2,748100,50.48010237309992,52400
13,layout,random,5000,22447,1729,3333,max_maxdegree,3,3,705800,12.499216362942441,80600
13,layout,random,5000,22447,1729,3333,binary,3,4,1075300,0,0
13,layout,random,5000,22447,1729,3333,mean_ring,3,5,689100,50.48010237309992,52400
13,layout,random,5000,22447,1729,3333,degree4,3,6,1263100,0,293100
13,layout,random,5000,22447,1729,3333,std_binary,3,7,1193500,0,0
13,layout,random,5000,22447,1729,3333,mean_degree,3,8,713200,11.244287070232085,52400
13,layout,random,5000,22447,1729,3333,mean_ring,4,0,685500,50.48010237309992,52400
13,layout,random,5000,22447,1729,3333,caliber,4,1,942500,0,96300
13,layout,random,5000,22447,1729,3333,std_binary,4,2,1081000,0,0
13,layout,random,5000,22447,1729,3333,fourary,4,3,1053700,0,0
13,layout,random,5000,22447,1729,3333,degree4,4,4,1347300,0,293100
13,layout,random,5000,22447,1729,3333,mean_degree,4,5,690200,11.244287070232085,52400
13,layout,random,5000,22447,1729,3333,mean_map,4,6,795600,50.48010237309992,52400
13,layout,random,5000,22447,1729,3333,binary,4,7,1134300,0,0
13,layout,random,5000,22447,1729,3333,max_maxdegree,4,8,719400,12.499216362942441,80600
13,layout,random,5000,22447,1729,3333,max_maxdegree,5,0,1176900,12.499216362942441,80600
13,layout,random,5000,22447,1729,3333,binary,5,1,1432800,0,0
13,layout,random,5000,22447,1729,3333,mean_map,5,2,773100,50.48010237309992,52400
13,layout,random,5000,22447,1729,3333,mean_degree,5,3,713400,11.244287070232085,52400
13,layout,random,5000,22447,1729,3333,degree4,5,4,1344400,0,293100
13,layout,random,5000,22447,1729,3333,fourary,5,5,1241400,0,0
13,layout,random,5000,22447,1729,3333,std_binary,5,6,1105900,0,0
13,layout,random,5000,22447,1729,3333,caliber,5,7,974500,0,96300
13,layout,random,5000,22447,1729,3333,mean_ring,5,8,755200,50.48010237309992,52400
13,layout,random,5000,22447,1729,3333,fourary,6,0,1113900,0,0
13,layout,random,5000,22447,1729,3333,max_maxdegree,6,1,702500,12.499216362942441,80600
13,layout,random,5000,22447,1729,3333,std_binary,6,2,1166000,0,0
13,layout,random,5000,22447,1729,3333,caliber,6,3,989400,0,96300
13,layout,random,5000,22447,1729,3333,mean_degree,6,4,672900,11.244287070232085,52400
13,layout,random,5000,22447,1729,3333,degree4,6,5,1342700,0,293100
13,layout,random,5000,22447,1729,3333,mean_ring,6,6,749100,50.48010237309992,52400
13,layout,random,5000,22447,1729,3333,binary,6,7,1355400,0,0
13,layout,random,5000,22447,1729,3333,mean_map,6,8,766300,50.48010237309992,52400
13,layout,random,5000,22447,1729,3333,mean_map,7,0,719300,50.48010237309992,52400
13,layout,random,5000,22447,1729,3333,binary,7,1,1095600,0,0
13,layout,random,5000,22447,1729,3333,mean_ring,7,2,696800,50.48010237309992,52400
13,layout,random,5000,22447,1729,3333,degree4,7,3,1267900,0,293100
13,layout,random,5000,22447,1729,3333,mean_degree,7,4,687000,11.244287070232085,52400
13,layout,random,5000,22447,1729,3333,caliber,7,5,1133200,0,96300
13,layout,random,5000,22447,1729,3333,std_binary,7,6,1123900,0,0
13,layout,random,5000,22447,1729,3333,max_maxdegree,7,7,663600,12.499216362942441,80600
13,layout,random,5000,22447,1729,3333,fourary,7,8,1060100,0,0
14,layout,bfs,5000,22447,1729,1989,std_binary,0,0,1035300,0,0
14,layout,bfs,5000,22447,1729,1989,binary,0,1,1063700,0,0
14,layout,bfs,5000,22447,1729,1989,fourary,0,2,1036500,0,0
14,layout,bfs,5000,22447,1729,1989,mean_map,0,3,576800,50.48010237309998,35900
14,layout,bfs,5000,22447,1729,1989,caliber,0,4,919700,0,89200
14,layout,bfs,5000,22447,1729,1989,mean_degree,0,5,688500,11.2442870702321,35900
14,layout,bfs,5000,22447,1729,1989,mean_ring,0,6,572700,50.48010237309998,35900
14,layout,bfs,5000,22447,1729,1989,degree4,0,7,3368300,0,299800
14,layout,bfs,5000,22447,1729,1989,max_maxdegree,0,8,681100,12.499216362942441,96300
14,layout,bfs,5000,22447,1729,1989,max_maxdegree,1,0,664400,12.499216362942441,96300
14,layout,bfs,5000,22447,1729,1989,degree4,1,1,1242500,0,299800
14,layout,bfs,5000,22447,1729,1989,mean_ring,1,2,557800,50.48010237309998,35900
14,layout,bfs,5000,22447,1729,1989,mean_degree,1,3,705300,11.2442870702321,35900
14,layout,bfs,5000,22447,1729,1989,caliber,1,4,964700,0,89200
14,layout,bfs,5000,22447,1729,1989,mean_map,1,5,664800,50.48010237309998,35900
14,layout,bfs,5000,22447,1729,1989,fourary,1,6,1391500,0,0
14,layout,bfs,5000,22447,1729,1989,binary,1,7,1098900,0,0
14,layout,bfs,5000,22447,1729,1989,std_binary,1,8,1060000,0,0
14,layout,bfs,5000,22447,1729,1989,mean_map,2,0,585500,50.48010237309998,35900
14,layout,bfs,5000,22447,1729,1989,max_maxdegree,2,1,796600,12.499216362942441,96300
14,layout,bfs,5000,22447,1729,1989,fourary,2,2,1301400,0,0
14,layout,bfs,5000,22447,1729,1989,mean_degree,2,3,712200,11.2442870702321,35900
14,layout,bfs,5000,22447,1729,1989,binary,2,4,1122700,0,0
14,layout,bfs,5000,22447,1729,1989,caliber,2,5,936600,0,89200
14,layout,bfs,5000,22447,1729,1989,std_binary,2,6,1147300,0,0
14,layout,bfs,5000,22447,1729,1989,degree4,2,7,1223100,0,299800
14,layout,bfs,5000,22447,1729,1989,mean_ring,2,8,570600,50.48010237309998,35900
14,layout,bfs,5000,22447,1729,1989,mean_ring,3,0,528900,50.48010237309998,35900
14,layout,bfs,5000,22447,1729,1989,degree4,3,1,1273200,0,299800
14,layout,bfs,5000,22447,1729,1989,std_binary,3,2,1054400,0,0
14,layout,bfs,5000,22447,1729,1989,caliber,3,3,937700,0,89200
14,layout,bfs,5000,22447,1729,1989,binary,3,4,1161600,0,0
14,layout,bfs,5000,22447,1729,1989,mean_degree,3,5,712600,11.2442870702321,35900
14,layout,bfs,5000,22447,1729,1989,fourary,3,6,1210900,0,0
14,layout,bfs,5000,22447,1729,1989,max_maxdegree,3,7,644500,12.499216362942441,96300
14,layout,bfs,5000,22447,1729,1989,mean_map,3,8,603200,50.48010237309998,35900
14,layout,bfs,5000,22447,1729,1989,caliber,4,0,1001200,0,89200
14,layout,bfs,5000,22447,1729,1989,max_maxdegree,4,1,668600,12.499216362942441,96300
14,layout,bfs,5000,22447,1729,1989,mean_degree,4,2,692400,11.2442870702321,35900
14,layout,bfs,5000,22447,1729,1989,fourary,4,3,1719900,0,0
14,layout,bfs,5000,22447,1729,1989,mean_ring,4,4,626900,50.48010237309998,35900
14,layout,bfs,5000,22447,1729,1989,mean_map,4,5,842300,50.48010237309998,35900
14,layout,bfs,5000,22447,1729,1989,degree4,4,6,1257900,0,299800
14,layout,bfs,5000,22447,1729,1989,binary,4,7,1110600,0,0
14,layout,bfs,5000,22447,1729,1989,std_binary,4,8,1093400,0,0
14,layout,bfs,5000,22447,1729,1989,std_binary,5,0,1105800,0,0
14,layout,bfs,5000,22447,1729,1989,binary,5,1,1204800,0,0
14,layout,bfs,5000,22447,1729,1989,degree4,5,2,1390700,0,299800
14,layout,bfs,5000,22447,1729,1989,mean_map,5,3,601000,50.48010237309998,35900
14,layout,bfs,5000,22447,1729,1989,mean_ring,5,4,542300,50.48010237309998,35900
14,layout,bfs,5000,22447,1729,1989,fourary,5,5,1225900,0,0
14,layout,bfs,5000,22447,1729,1989,mean_degree,5,6,967000,11.2442870702321,35900
14,layout,bfs,5000,22447,1729,1989,max_maxdegree,5,7,806700,12.499216362942441,96300
14,layout,bfs,5000,22447,1729,1989,caliber,5,8,959600,0,89200
14,layout,bfs,5000,22447,1729,1989,degree4,6,0,1247100,0,299800
14,layout,bfs,5000,22447,1729,1989,max_maxdegree,6,1,706000,12.499216362942441,96300
14,layout,bfs,5000,22447,1729,1989,fourary,6,2,1212600,0,0
14,layout,bfs,5000,22447,1729,1989,mean_ring,6,3,566100,50.48010237309998,35900
14,layout,bfs,5000,22447,1729,1989,mean_map,6,4,715600,50.48010237309998,35900
14,layout,bfs,5000,22447,1729,1989,binary,6,5,1085000,0,0
14,layout,bfs,5000,22447,1729,1989,mean_degree,6,6,703300,11.2442870702321,35900
14,layout,bfs,5000,22447,1729,1989,caliber,6,7,1073600,0,89200
14,layout,bfs,5000,22447,1729,1989,std_binary,6,8,1179800,0,0
14,layout,bfs,5000,22447,1729,1989,std_binary,7,0,1042700,0,0
14,layout,bfs,5000,22447,1729,1989,caliber,7,1,956700,0,89200
14,layout,bfs,5000,22447,1729,1989,mean_degree,7,2,766000,11.2442870702321,35900
14,layout,bfs,5000,22447,1729,1989,binary,7,3,1122500,0,0
14,layout,bfs,5000,22447,1729,1989,mean_map,7,4,621700,50.48010237309998,35900
14,layout,bfs,5000,22447,1729,1989,mean_ring,7,5,548900,50.48010237309998,35900
14,layout,bfs,5000,22447,1729,1989,fourary,7,6,1040900,0,0
14,layout,bfs,5000,22447,1729,1989,max_maxdegree,7,7,1065100,12.499216362942441,96300
14,layout,bfs,5000,22447,1729,1989,degree4,7,8,1316200,0,299800
14,layout,bfs,5000,22447,1729,2419,max_maxdegree,0,0,934300,12.499216362942441,96300
14,layout,bfs,5000,22447,1729,2419,std_binary,0,1,1230800,0,0
14,layout,bfs,5000,22447,1729,2419,caliber,0,2,931100,0,89200
14,layout,bfs,5000,22447,1729,2419,mean_map,0,3,605300,50.48010237309998,35900
14,layout,bfs,5000,22447,1729,2419,mean_degree,0,4,676700,11.2442870702321,35900
14,layout,bfs,5000,22447,1729,2419,degree4,0,5,1409400,0,299800
14,layout,bfs,5000,22447,1729,2419,binary,0,6,1071600,0,0
14,layout,bfs,5000,22447,1729,2419,fourary,0,7,1084000,0,0
14,layout,bfs,5000,22447,1729,2419,mean_ring,0,8,573300,50.48010237309998,35900
14,layout,bfs,5000,22447,1729,2419,mean_ring,1,0,522300,50.48010237309998,35900
14,layout,bfs,5000,22447,1729,2419,fourary,1,1,1218800,0,0
14,layout,bfs,5000,22447,1729,2419,binary,1,2,1169600,0,0
14,layout,bfs,5000,22447,1729,2419,degree4,1,3,1241000,0,299800
14,layout,bfs,5000,22447,1729,2419,mean_degree,1,4,791400,11.2442870702321,35900
14,layout,bfs,5000,22447,1729,2419,mean_map,1,5,1181100,50.48010237309998,35900
14,layout,bfs,5000,22447,1729,2419,caliber,1,6,1029100,0,89200
14,layout,bfs,5000,22447,1729,2419,std_binary,1,7,1200300,0,0
14,layout,bfs,5000,22447,1729,2419,max_maxdegree,1,8,711000,12.499216362942441,96300
14,layout,bfs,5000,22447,1729,2419,caliber,2,0,1046500,0,89200
14,layout,bfs,5000,22447,1729,2419,binary,2,1,1117200,0,0
14,layout,bfs,5000,22447,1729,2419,fourary,2,2,1129700,0,0
14,layout,bfs,5000,22447,1729,2419,mean_map,2,3,631000,50.48010237309998,35900
14,layout,bfs,5000,22447,1729,2419,max_maxdegree,2,4,742200,12.499216362942441,96300
14,layout,bfs,5000,22447,1729,2419,mean_degree,2,5,744100,11.2442870702321,35900
14,layout,bfs,5000,22447,1729,2419,mean_ring,2,6,630600,50.48010237309998,35900
14,layout,bfs,5000,22447,1729,2419,std_binary,2,7,1095000,0,0
14,layout,bfs,5000,22447,1729,2419,degree4,2,8,1253400,0,299800
14,layout,bfs,5000,22447,1729,2419,degree4,3,0,1206600,0,299800
14,layout,bfs,5000,22447,1729,2419,std_binary,3,1,1102900,0,0
14,layout,bfs,5000,22447,1729,2419,mean_ring,3,2,597300,50.48010237309998,35900
14,layout,bfs,5000,22447,1729,2419,mean_degree,3,3,721100,11.2442870702321,35900
14,layout,bfs,5000,22447,1729,2419,max_maxdegree,3,4,678200,12.499216362942441,96300
14,layout,bfs,5000,22447,1729,2419,mean_map,3,5,607900,50.48010237309998,35900
14,layout,bfs,5000,22447,1729,2419,fourary,3,6,1100500,0,0
14,layout,bfs,5000,22447,1729,2419,binary,3,7,1080600,0,0
14,layout,bfs,5000,22447,1729,2419,caliber,3,8,1121000,0,89200
14,layout,bfs,5000,22447,1729,2419,mean_degree,4,0,866500,11.2442870702321,35900
14,layout,bfs,5000,22447,1729,2419,mean_map,4,1,674600,50.48010237309998,35900
14,layout,bfs,5000,22447,1729,2419,caliber,4,2,1096000,0,89200
14,layout,bfs,5000,22447,1729,2419,std_binary,4,3,1100800,0,0
14,layout,bfs,5000,22447,1729,2419,mean_ring,4,4,578900,50.48010237309998,35900
14,layout,bfs,5000,22447,1729,2419,degree4,4,5,1285000,0,299800
14,layout,bfs,5000,22447,1729,2419,fourary,4,6,1305200,0,0
14,layout,bfs,5000,22447,1729,2419,max_maxdegree,4,7,777300,12.499216362942441,96300
14,layout,bfs,5000,22447,1729,2419,binary,4,8,1049600,0,0
14,layout,bfs,5000,22447,1729,2419,binary,5,0,1063300,0,0
14,layout,bfs,5000,22447,1729,2419,max_maxdegree,5,1,656900,12.499216362942441,96300
14,layout,bfs,5000,22447,1729,2419,fourary,5,2,1676700,0,0
14,layout,bfs,5000,22447,1729,2419,degree4,5,3,1496100,0,299800
14,layout,bfs,5000,22447,1729,2419,mean_ring,5,4,568800,50.48010237309998,35900
14,layout,bfs,5000,22447,1729,2419,std_binary,5,5,1087100,0,0
14,layout,bfs,5000,22447,1729,2419,caliber,5,6,968100,0,89200
14,layout,bfs,5000,22447,1729,2419,mean_map,5,7,625900,50.48010237309998,35900
14,layout,bfs,5000,22447,1729,2419,mean_degree,5,8,791900,11.2442870702321,35900
14,layout,bfs,5000,22447,1729,2419,binary,6,0,1127000,0,0
14,layout,bfs,5000,22447,1729,2419,std_binary,6,1,1197000,0,0
14,layout,bfs,5000,22447,1729,2419,caliber,6,2,1011300,0,89200
14,layout,bfs,5000,22447,1729,2419,mean_ring,6,3,606700,50.48010237309998,35900
14,layout,bfs,5000,22447,1729,2419,fourary,6,4,1124400,0,0
14,layout,bfs,5000,22447,1729,2419,mean_map,6,5,613400,50.48010237309998,35900
14,layout,bfs,5000,22447,1729,2419,mean_degree,6,6,983500,11.2442870702321,35900
14,layout,bfs,5000,22447,1729,2419,degree4,6,7,1491300,0,299800
14,layout,bfs,5000,22447,1729,2419,max_maxdegree,6,8,863800,12.499216362942441,96300
14,layout,bfs,5000,22447,1729,2419,max_maxdegree,7,0,678500,12.499216362942441,96300
14,layout,bfs,5000,22447,1729,2419,degree4,7,1,1322100,0,299800
14,layout,bfs,5000,22447,1729,2419,mean_degree,7,2,694600,11.2442870702321,35900
14,layout,bfs,5000,22447,1729,2419,mean_map,7,3,642000,50.48010237309998,35900
14,layout,bfs,5000,22447,1729,2419,fourary,7,4,1157400,0,0
14,layout,bfs,5000,22447,1729,2419,mean_ring,7,5,702600,50.48010237309998,35900
14,layout,bfs,5000,22447,1729,2419,caliber,7,6,1002100,0,89200
14,layout,bfs,5000,22447,1729,2419,std_binary,7,7,1266400,0,0
14,layout,bfs,5000,22447,1729,2419,binary,7,8,1091700,0,0
15,layout,rcm,5000,22447,1729,3010,binary,0,0,1099800,0,0
15,layout,rcm,5000,22447,1729,3010,mean_degree,0,1,699400,11.244287070232117,43600
15,layout,rcm,5000,22447,1729,3010,std_binary,0,2,1187600,0,0
15,layout,rcm,5000,22447,1729,3010,mean_ring,0,3,723100,50.48010237310007,43600
15,layout,rcm,5000,22447,1729,3010,max_maxdegree,0,4,761200,12.499216362942441,81300
15,layout,rcm,5000,22447,1729,3010,mean_map,0,5,597300,50.48010237310007,43600
15,layout,rcm,5000,22447,1729,3010,degree4,0,6,1283700,0,280900
15,layout,rcm,5000,22447,1729,3010,fourary,0,7,1084900,0,0
15,layout,rcm,5000,22447,1729,3010,caliber,0,8,958000,0,91700
15,layout,rcm,5000,22447,1729,3010,caliber,1,0,1025000,0,91700
15,layout,rcm,5000,22447,1729,3010,fourary,1,1,1928800,0,0
15,layout,rcm,5000,22447,1729,3010,degree4,1,2,1445700,0,280900
15,layout,rcm,5000,22447,1729,3010,mean_map,1,3,627400,50.48010237310007,43600
15,layout,rcm,5000,22447,1729,3010,max_maxdegree,1,4,698800,12.499216362942441,81300
15,layout,rcm,5000,22447,1729,3010,mean_ring,1,5,543200,50.48010237310007,43600
15,layout,rcm,5000,22447,1729,3010,std_binary,1,6,2845900,0,0
15,layout,rcm,5000,22447,1729,3010,mean_degree,1,7,692900,11.244287070232117,43600
15,layout,rcm,5000,22447,1729,3010,binary,1,8,1247500,0,0
15,layout,rcm,5000,22447,1729,3010,mean_degree,2,0,692900,11.244287070232117,43600
15,layout,rcm,5000,22447,1729,3010,binary,2,1,1248300,0,0
15,layout,rcm,5000,22447,1729,3010,mean_ring,2,2,2257700,50.48010237310007,43600
15,layout,rcm,5000,22447,1729,3010,std_binary,2,3,1327800,0,0
15,layout,rcm,5000,22447,1729,3010,mean_map,2,4,628100,50.48010237310007,43600
15,layout,rcm,5000,22447,1729,3010,max_maxdegree,2,5,699700,12.499216362942441,81300
15,layout,rcm,5000,22447,1729,3010,caliber,2,6,1055400,0,91700
15,layout,rcm,5000,22447,1729,3010,fourary,2,7,1268700,0,0
15,layout,rcm,5000,22447,1729,3010,degree4,2,8,1260500,0,280900
15,layout,rcm,5000,22447,1729,3010,degree4,3,0,1209300,0,280900
15,layout,rcm,5000,22447,1729,3010,fourary,3,1,1134100,0,0
15,layout,rcm,5000,22447,1729,3010,caliber,3,2,957100,0,91700
15,layout,rcm,5000,22447,1729,3010,max_maxdegree,3,3,938000,12.499216362942441,81300
15,layout,rcm,5000,22447,1729,3010,mean_map,3,4,732800,50.48010237310007,43600
15,layout,rcm,5000,22447,1729,3010,std_binary,3,5,1053000,0,0
15,layout,rcm,5000,22447,1729,3010,mean_ring,3,6,553800,50.48010237310007,43600
15,layout,rcm,5000,22447,1729,3010,binary,3,7,1091300,0,0
15,layout,rcm,5000,22447,1729,3010,mean_degree,3,8,687700,11.244287070232117,43600
15,layout,rcm,5000,22447,1729,3010,caliber,4,0,982600,0,91700
15,layout,rcm,5000,22447,1729,3010,mean_degree,4,1,877000,11.244287070232117,43600
15,layout,rcm,5000,22447,1729,3010,mean_map,4,2,632100,50.48010237310007,43600
15,layout,rcm,5000,22447,1729,3010,max_maxdegree,4,3,667500,12.499216362942441,81300
15,layout,rcm,5000,22447,1729,3010,mean_ring,4,4,578200,50.48010237310007,43600
15,layout,rcm,5000,22447,1729,3010,fourary,4,5,1131800,0,0
15,layout,rcm,5000,22447,1729,3010,binary,4,6,1127800,0,0
15,layout,rcm,5000,22447,1729,3010,degree4,4,7,1257400,0,280900
15,layout,rcm,5000,22447,1729,3010,std_binary,4,8,1113000,0,0
15,layout,rcm,5000,22447,1729,3010,std_binary,5,0,1064500,0,0
15,layout,rcm,5000,22447,1729,3010,degree4,5,1,1339400,0,280900
15,layout,rcm,5000,22447,1729,3010,binary,5,2,1125800,0,0
15,layout,rcm,5000,22447,1729,3010,fourary,5,3,1105600,0,0
15,layout,rcm,5000,22447,1729,3010,mean_ring,5,4,721000,50.48010237310007,43600
15,layout,rcm,5000,22447,1729,3010,max_maxdegree,5,5,797200,12.499216362942441,81300
15,layout,rcm,5000,22447,1729,3010,mean_map,5,6,645900,50.48010237310007,43600
15,layout,rcm,5000,22447,1729,3010,mean_degree,5,7,712100,11.244287070232117,43600
15,layout,rcm,5000,22447,1729,3010,caliber,5,8,1544700,0,91700
15,layout,rcm,5000,22447,1729,3010,caliber,6,0,1022500,0,91700
15,layout,rcm,5000,22447,1729,3010,mean_map,6,1,592100,50.48010237310007,43600
15,layout,rcm,5000,22447,1729,3010,mean_ring,6,2,548300,50.48010237310007,43600
15,layout,rcm,5000,22447,1729,3010,std_binary,6,3,1146800,0,0
15,layout,rcm,5000,22447,1729,3010,fourary,6,4,1110600,0,0
15,layout,rcm,5000,22447,1729,3010,mean_degree,6,5,692600,11.244287070232117,43600
15,layout,rcm,5000,22447,1729,3010,max_maxdegree,6,6,665800,12.499216362942441,81300
15,layout,rcm,5000,22447,1729,3010,degree4,6,7,1311300,0,280900
15,layout,rcm,5000,22447,1729,3010,binary,6,8,1114400,0,0
15,layout,rcm,5000,22447,1729,3010,binary,7,0,1161300,0,0
15,layout,rcm,5000,22447,1729,3010,degree4,7,1,1260800,0,280900
15,layout,rcm,5000,22447,1729,3010,max_maxdegree,7,2,676900,12.499216362942441,81300
15,layout,rcm,5000,22447,1729,3010,mean_degree,7,3,677500,11.244287070232117,43600
15,layout,rcm,5000,22447,1729,3010,fourary,7,4,1164400,0,0
15,layout,rcm,5000,22447,1729,3010,std_binary,7,5,1156700,0,0
15,layout,rcm,5000,22447,1729,3010,mean_ring,7,6,805400,50.48010237310007,43600
15,layout,rcm,5000,22447,1729,3010,mean_map,7,7,828600,50.48010237310007,43600
15,layout,rcm,5000,22447,1729,3010,caliber,7,8,1245600,0,91700
15,layout,rcm,5000,22447,1729,2580,std_binary,0,0,1055000,0,0
15,layout,rcm,5000,22447,1729,2580,fourary,0,1,1142000,0,0
15,layout,rcm,5000,22447,1729,2580,mean_ring,0,2,612000,50.48010237310007,43600
15,layout,rcm,5000,22447,1729,2580,caliber,0,3,988900,0,91700
15,layout,rcm,5000,22447,1729,2580,binary,0,4,1122300,0,0
15,layout,rcm,5000,22447,1729,2580,mean_map,0,5,616200,50.48010237310007,43600
15,layout,rcm,5000,22447,1729,2580,degree4,0,6,1324100,0,280900
15,layout,rcm,5000,22447,1729,2580,mean_degree,0,7,715400,11.244287070232117,43600
15,layout,rcm,5000,22447,1729,2580,max_maxdegree,0,8,699200,12.499216362942441,81300
15,layout,rcm,5000,22447,1729,2580,max_maxdegree,1,0,739000,12.499216362942441,81300
15,layout,rcm,5000,22447,1729,2580,mean_degree,1,1,680100,11.244287070232117,43600
15,layout,rcm,5000,22447,1729,2580,degree4,1,2,1271800,0,280900
15,layout,rcm,5000,22447,1729,2580,mean_map,1,3,610600,50.48010237310007,43600
15,layout,rcm,5000,22447,1729,2580,binary,1,4,1153800,0,0
15,layout,rcm,5000,22447,1729,2580,caliber,1,5,965100,0,91700
15,layout,rcm,5000,22447,1729,2580,mean_ring,1,6,570700,50.48010237310007,43600
15,layout,rcm,5000,22447,1729,2580,fourary,1,7,1149600,0,0
15,layout,rcm,5000,22447,1729,2580,std_binary,1,8,1104300,0,0
15,layout,rcm,5000,22447,1729,2580,binary,2,0,1092100,0,0
15,layout,rcm,5000,22447,1729,2580,degree4,2,1,1275700,0,280900
15,layout,rcm,5000,22447,1729,2580,mean_map,2,2,625800,50.48010237310007,43600
15,layout,rcm,5000,22447,1729,2580,caliber,2,3,979300,0,91700
15,layout,rcm,5000,22447,1729,2580,fourary,2,4,1166500,0,0
15,layout,rcm,5000,22447,1729,2580,mean_degree,2,5,686500,11.244287070232117,43600
15,layout,rcm,5000,22447,1729,2580,mean_ring,2,6,719000,50.48010237310007,43600
15,layout,rcm,5000,22447,1729,2580,std_binary,2,7,1153600,0,0
15,layout,rcm,5000,22447,1729,2580,max_maxdegree,2,8,876800,12.499216362942441,81300
15,layout,rcm,5000,22447,1729,2580,max_maxdegree,3,0,784100,12.499216362942441,81300
15,layout,rcm,5000,22447,1729,2580,std_binary,3,1,1849900,0,0
15,layout,rcm,5000,22447,1729,2580,mean_ring,3,2,628500,50.48010237310007,43600
15,layout,rcm,5000,22447,1729,2580,mean_degree,3,3,786400,11.244287070232117,43600
15,layout,rcm,5000,22447,1729,2580,fourary,3,4,1184200,0,0
15,layout,rcm,5000,22447,1729,2580,caliber,3,5,962700,0,91700
15,layout,rcm,5000,22447,1729,2580,mean_map,3,6,632200,50.48010237310007,43600
15,layout,rcm,5000,22447,1729,2580,degree4,3,7,2636700,0,280900
15,layout,rcm,5000,22447,1729,2580,binary,3,8,1323100,0,0
15,layout,rcm,5000,22447,1729,2580,fourary,4,0,1086700,0,0
15,layout,rcm,5000,22447,1729,2580,mean_degree,4,1,695000,11.244287070232117,43600
15,layout,rcm,5000,22447,1729,2580,binary,4,2,1164500,0,0
15,layout,rcm,5000,22447,1729,2580,degree4,4,3,1420900,0,280900
15,layout,rcm,5000,22447,1729,2580,max_maxdegree,4,4,752500,12.499216362942441,81300
15,layout,rcm,5000,22447,1729,2580,std_binary,4,5,1020200,0,0
15,layout,rcm,5000,22447,1729,2580,caliber,4,6,922700,0,91700
15,layout,rcm,5000,22447,1729,2580,mean_map,4,7,707200,50.48010237310007,43600
15,layout,rcm,5000,22447,1729,2580,mean_ring,4,8,572800,50.48010237310007,43600
15,layout,rcm,5000,22447,1729,2580,mean_ring,5,0,667900,50.48010237310007,43600
15,layout,rcm,5000,22447,1729,2580,mean_map,5,1,755300,50.48010237310007,43600
15,layout,rcm,5000,22447,1729,2580,caliber,5,2,1007800,0,91700
15,layout,rcm,5000,22447,1729,2580,std_binary,5,3,1014000,0,0
15,layout,rcm,5000,22447,1729,2580,max_maxdegree,5,4,670600,12.499216362942441,81300
15,layout,rcm,5000,22447,1729,2580,degree4,5,5,1238300,0,280900
15,layout,rcm,5000,22447,1729,2580,binary,5,6,1078800,0,0
15,layout,rcm,5000,22447,1729,2580,mean_degree,5,7,676000,11.244287070232117,43600
15,layout,rcm,5000,22447,1729,2580,fourary,5,8,1147200,0,0
15,layout,rcm,5000,22447,1729,2580,mean_ring,6,0,547700,50.48010237310007,43600
15,layout,rcm,5000,22447,1729,2580,std_binary,6,1,1040600,0,0
15,layout,rcm,5000,22447,1729,2580,degree4,6,2,1253200,0,280900
15,layout,rcm,5000,22447,1729,2580,mean_degree,6,3,1709200,11.244287070232117,43600
15,layout,rcm,5000,22447,1729,2580,max_maxdegree,6,4,1042700,12.499216362942441,81300
15,layout,rcm,5000,22447,1729,2580,mean_map,6,5,742400,50.48010237310007,43600
15,layout,rcm,5000,22447,1729,2580,binary,6,6,1307700,0,0
15,layout,rcm,5000,22447,1729,2580,caliber,6,7,962500,0,91700
15,layout,rcm,5000,22447,1729,2580,fourary,6,8,1052100,0,0
15,layout,rcm,5000,22447,1729,2580,fourary,7,0,1076700,0,0
15,layout,rcm,5000,22447,1729,2580,caliber,7,1,1078500,0,91700
15,layout,rcm,5000,22447,1729,2580,binary,7,2,1135000,0,0
15,layout,rcm,5000,22447,1729,2580,mean_map,7,3,610300,50.48010237310007,43600
15,layout,rcm,5000,22447,1729,2580,max_maxdegree,7,4,843100,12.499216362942441,81300
15,layout,rcm,5000,22447,1729,2580,mean_degree,7,5,654900,11.244287070232117,43600
15,layout,rcm,5000,22447,1729,2580,degree4,7,6,1368700,0,280900
15,layout,rcm,5000,22447,1729,2580,std_binary,7,7,1040000,0,0
15,layout,rcm,5000,22447,1729,2580,mean_ring,7,8,543800,50.48010237310007,43600
16,layout,weight,100000,448748,1729,33333,mean_ring,0,0,27125100,50.46894984033692,1462200
16,layout,weight,100000,448748,1729,33333,mean_degree,0,1,25373000,11.246612762694635,1462200
16,layout,weight,100000,448748,1729,33333,binary,0,2,51242400,0,0
16,layout,weight,100000,448748,1729,33333,max_maxdegree,0,3,26338700,12.499951645704984,2367100
16,layout,weight,100000,448748,1729,33333,std_binary,0,4,48880500,0,0
16,layout,weight,100000,448748,1729,33333,fourary,0,5,51752100,0,0
16,layout,weight,100000,448748,1729,33333,caliber,0,6,44679300,0,1903100
16,layout,weight,100000,448748,1729,33333,degree4,0,7,63428700,0,8854000
16,layout,weight,100000,448748,1729,33333,mean_map,0,8,27099800,50.46894984033692,1462200
16,layout,weight,100000,448748,1729,33333,mean_map,1,0,29458600,50.46894984033692,1462200
16,layout,weight,100000,448748,1729,33333,degree4,1,1,61195900,0,8854000
16,layout,weight,100000,448748,1729,33333,caliber,1,2,46644700,0,1903100
16,layout,weight,100000,448748,1729,33333,fourary,1,3,53569200,0,0
16,layout,weight,100000,448748,1729,33333,std_binary,1,4,49681700,0,0
16,layout,weight,100000,448748,1729,33333,max_maxdegree,1,5,26556000,12.499951645704984,2367100
16,layout,weight,100000,448748,1729,33333,binary,1,6,49785500,0,0
16,layout,weight,100000,448748,1729,33333,mean_degree,1,7,27512500,11.246612762694635,1462200
16,layout,weight,100000,448748,1729,33333,mean_ring,1,8,25749800,50.46894984033692,1462200
16,layout,weight,100000,448748,1729,33333,fourary,2,0,49884600,0,0
16,layout,weight,100000,448748,1729,33333,binary,2,1,52357800,0,0
16,layout,weight,100000,448748,1729,33333,caliber,2,2,50557200,0,1903100
16,layout,weight,100000,448748,1729,33333,std_binary,2,3,53253800,0,0
16,layout,weight,100000,448748,1729,33333,mean_map,2,4,28668600,50.46894984033692,1462200
16,layout,weight,100000,448748,1729,33333,max_maxdegree,2,5,27737400,12.499951645704984,2367100
16,layout,weight,100000,448748,1729,33333,degree4,2,6,61985700,0,8854000
16,layout,weight,100000,448748,1729,33333,mean_degree,2,7,26437800,11.246612762694635,1462200
16,layout,weight,100000,448748,1729,33333,mean_ring,2,8,27180000,50.46894984033692,1462200
16,layout,weight,100000,448748,1729,33333,mean_ring,3,0,26949500,50.46894984033692,1462200
16,layout,weight,100000,448748,1729,33333,mean_degree,3,1,27573600,11.246612762694635,1462200
16,layout,weight,100000,448748,1729,33333,degree4,3,2,63562200,0,8854000
16,layout,weight,100000,448748,1729,33333,max_maxdegree,3,3,25820900,12.499951645704984,2367100
16,layout,weight,100000,448748,1729,33333,mean_map,3,4,26705600,50.46894984033692,1462200
16,layout,weight,100000,448748,1729,33333,std_binary,3,5,48734500,0,0
16,layout,weight,100000,448748,1729,33333,caliber,3,6,45297400,0,1903100
16,layout,weight,100000,448748,1729,33333,binary,3,7,50447400,0,0
16,layout,weight,100000,448748,1729,33333,fourary,3,8,49269100,0,0
16,layout,weight,100000,448748,1729,33333,binary,4,0,49031500,0,0
16,layout,weight,100000,448748,1729,33333,caliber,4,1,43155000,0,1903100
16,layout,weight,100000,448748,1729,33333,mean_map,4,2,26732100,50.46894984033692,1462200
16,layout,weight,100000,448748,1729,33333,std_binary,4,3,50808900,0,0
16,layout,weight,100000,448748,1729,33333,degree4,4,4,59311600,0,8854000
16,layout,weight,100000,448748,1729,33333,mean_ring,4,5,24917800,50.46894984033692,1462200
16,layout,weight,100000,448748,1729,33333,max_maxdegree,4,6,24992600,12.499951645704984,2367100
16,layout,weight,100000,448748,1729,33333,fourary,4,7,49276000,0,0
16,layout,weight,100000,448748,1729,33333,mean_degree,4,8,24853900,11.246612762694635,1462200
16,layout,weight,100000,448748,1729,33333,mean_degree,5,0,26960700,11.246612762694635,1462200
16,layout,weight,100000,448748,1729,33333,fourary,5,1,49273000,0,0
16,layout,weight,100000,448748,1729,33333,max_maxdegree,5,2,25771000,12.499951645704984,2367100
16,layout,weight,100000,448748,1729,33333,mean_ring,5,3,28005700,50.46894984033692,1462200
16,layout,weight,100000,448748,1729,33333,degree4,5,4,61236600,0,8854000
16,layout,weight,100000,448748,1729,33333,std_binary,5,5,48075300,0,0
16,layout,weight,100000,448748,1729,33333,mean_map,5,6,26025100,50.46894984033692,1462200
16,layout,weight,100000,448748,1729,33333,caliber,5,7,43661200,0,1903100
16,layout,weight,100000,448748,1729,33333,binary,5,8,50385000,0,0
16,layout,weight,100000,448748,1729,33333,max_maxdegree,6,0,25597500,12.499951645704984,2367100
16,layout,weight,100000,448748,1729,33333,binary,6,1,52047900,0,0
16,layout,weight,100000,448748,1729,33333,caliber,6,2,45199100,0,1903100
16,layout,weight,100000,448748,1729,33333,fourary,6,3,48725900,0,0
16,layout,weight,100000,448748,1729,33333,mean_ring,6,4,26424400,50.46894984033692,1462200
16,layout,weight,100000,448748,1729,33333,mean_degree,6,5,26010100,11.246612762694635,1462200
16,layout,weight,100000,448748,1729,33333,mean_map,6,6,26696300,50.46894984033692,1462200
16,layout,weight,100000,448748,1729,33333,std_binary,6,7,50226900,0,0
16,layout,weight,100000,448748,1729,33333,degree4,6,8,59973200,0,8854000
16,layout,weight,100000,448748,1729,33333,degree4,7,0,55728300,0,8854000
16,layout,weight,100000,448748,1729,33333,std_binary,7,1,46372100,0,0
16,layout,weight,100000,448748,1729,33333,mean_map,7,2,25265300,50.46894984033692,1462200
16,layout,weight,100000,448748,1729,33333,mean_degree,7,3,23998600,11.246612762694635,1462200
16,layout,weight,100000,448748,1729,33333,mean_ring,7,4,25953600,50.46894984033692,1462200
16,layout,weight,100000,448748,1729,33333,fourary,7,5,47394800,0,0
16,layout,weight,100000,448748,1729,33333,caliber,7,6,41157300,0,1903100
16,layout,weight,100000,448748,1729,33333,binary,7,7,49367400,0,0
16,layout,weight,100000,448748,1729,33333,max_maxdegree,7,8,23790300,12.499951645704984,2367100
16,layout,weight,100000,448748,1729,66666,max_maxdegree,0,0,23132300,12.499951645704984,2367100
16,layout,weight,100000,448748,1729,66666,mean_map,0,1,29809800,50.46894984033692,1462200
16,layout,weight,100000,448748,1729,66666,degree4,0,2,57631100,0,8854000
16,layout,weight,100000,448748,1729,66666,binary,0,3,49364700,0,0
16,layout,weight,100000,448748,1729,66666,caliber,0,4,45919100,0,1903100
16,layout,weight,100000,448748,1729,66666,fourary,0,5,48843000,0,0
16,layout,weight,100000,448748,1729,66666,mean_ring,0,6,26438700,50.46894984033692,1462200
16,layout,weight,100000,448748,1729,66666,mean_degree,0,7,25019500,11.246612762694635,1462200
16,layout,weight,100000,448748,1729,66666,std_binary,0,8,50888000,0,0
16,layout,weight,100000,448748,1729,66666,std_binary,1,0,47686500,0,0
16,layout,weight,100000,448748,1729,66666,mean_degree,1,1,28424100,11.246612762694635,1462200
16,layout,weight,100000,448748,1729,66666,mean_ring,1,2,29083200,50.46894984033692,1462200
16,layout,weight,100000,448748,1729,66666,fourary,1,3,50626900,0,0
16,layout,weight,100000,448748,1729,66666,caliber,1,4,47264800,0,1903100
16,layout,weight,100000,448748,1729,66666,binary,1,5,49772900,0,0
16,layout,weight,100000,448748,1729,66666,degree4,1,6,62093200,0,8854000
16,layout,weight,100000,448748,1729,66666,mean_map,1,7,26711100,50.46894984033692,1462200
16,layout,weight,100000,448748,1729,66666,max_maxdegree,1,8,25817300,12.499951645704984,2367100
16,layout,weight,100000,448748,1729,66666,fourary,2,0,52665500,0,0
16,layout,weight,100000,448748,1729,66666,mean_map,2,1,27135300,50.46894984033692,1462200
16,layout,weight,100000,448748,1729,66666,max_maxdegree,2,2,26882200,12.499951645704984,2367100
16,layout,weight,100000,448748,1729,66666,degree4,2,3,62394000,0,8854000
16,layout,weight,100000,448748,1729,66666,mean_degree,2,4,28704800,11.246612762694635,1462200
16,layout,weight,100000,448748,1729,66666,std_binary,2,5,50039400,0,0
16,layout,weight,100000,448748,1729,66666,caliber,2,6,45269900,0,1903100
16,layout,weight,100000,448748,1729,66666,mean_ring,2,7,27084500,50.46894984033692,1462200
16,layout,weight,100000,448748,1729,66666,binary,2,8,52316600,0,0
16,layout,weight,100000,448748,1729,66666,binary,3,0,50794200,0,0
16,layout,weight,100000,448748,1729,66666,mean_ring,3,1,26702300,50.46894984033692,1462200
16,layout,weight,100000,448748,1729,66666,caliber,3,2,47715200,0,1903100
16,layout,weight,100000,448748,1729,66666,std_binary,3,3,54458800,0,0
16,layout,weight,100000,448748,1729,66666,mean_degree,3,4,27155100,11.246612762694635,1462200
16,layout,weight,100000,448748,1729,66666,degree4,3,5,64854500,0,8854000
16,layout,weight,100000,448748,1729,66666,max_maxdegree,3,6,27273400,12.499951645704984,2367100
16,layout,weight,100000,448748,1729,66666,mean_map,3,7,29063700,50.46894984033692,1462200
16,layout,weight,100000,448748,1729,66666,fourary,3,8,50981600,0,0
16,layout,weight,100000,448748,1729,66666,fourary,4,0,50832900,0,0
16,layout,weight,100000,448748,1729,66666,degree4,4,1,63400100,0,8854000
16,layout,weight,100000,448748,1729,66666,mean_ring,4,2,28970100,50.46894984033692,1462200
16,layout,weight,100000,448748,1729,66666,mean_degree,4,3,24811100,11.246612762694635,1462200
16,layout,weight,100000,448748,1729,66666,max_maxdegree,4,4,24646400,12.499951645704984,2367100
16,layout,weight,100000,448748,1729,66666,std_binary,4,5,47664300,0,0
16,layout,weight,100000,448748,1729,66666,binary,4,6,50756700,0,0
16,layout,weight,100000,448748,1729,66666,caliber,4,7,45591000,0,1903100
16,layout,weight,100000,448748,1729,66666,mean_map,4,8,27483300,50.46894984033692,1462200
16,layout,weight,100000,448748,1729,66666,mean_map,5,0,28750600,50.46894984033692,1462200
16,layout,weight,100000,448748,1729,66666,caliber,5,1,43843000,0,1903100
16,layout,weight,100000,448748,1729,66666,binary,5,2,48444600,0,0
16,layout,weight,100000,448748,1729,66666,std_binary,5,3,46381600,0,0
16,layout,weight,100000,448748,1729,66666,max_maxdegree,5,4,25158200,12.499951645704984,2367100
16,layout,weight,100000,448748,1729,66666,mean_degree,5,5,26726800,11.246612762694635,1462200
16,layout,weight,100000,448748,1729,66666,mean_ring,5,6,24711000,50.46894984033692,1462200
16,layout,weight,100000,448748,1729,66666,degree4,5,7,60421600,0,8854000
16,layout,weight,100000,448748,1729,66666,fourary,5,8,49680900,0,0
16,layout,weight,100000,448748,1729,66666,caliber,6,0,44602800,0,1903100
16,layout,weight,100000,448748,1729,66666,max_maxdegree,6,1,23822100,12.499951645704984,2367100
16,layout,weight,100000,448748,1729,66666,mean_map,6,2,26615300,50.46894984033692,1462200
16,layout,weight,100000,448748,1729,66666,fourary,6,3,48860300,0,0
16,layout,weight,100000,448748,1729,66666,std_binary,6,4,46044500,0,0
16,layout,weight,100000,448748,1729,66666,mean_degree,6,5,26739700,11.246612762694635,1462200
16,layout,weight,100000,448748,1729,66666,degree4,6,6,60018600,0,8854000
16,layout,weight,100000,448748,1729,66666,binary,6,7,50583500,0,0
16,layout,weight,100000,448748,1729,66666,mean_ring,6,8,25275600,50.46894984033692,1462200
16,layout,weight,100000,448748,1729,66666,mean_ring,7,0,24757200,50.46894984033692,1462200
16,layout,weight,100000,448748,1729,66666,binary,7,1,46838700,0,0
16,layout,weight,100000,448748,1729,66666,degree4,7,2,59459100,0,8854000
16,layout,weight,100000,448748,1729,66666,mean_degree,7,3,25070600,11.246612762694635,1462200
16,layout,weight,100000,448748,1729,66666,std_binary,7,4,45755700,0,0
16,layout,weight,100000,448748,1729,66666,fourary,7,5,50756300,0,0
16,layout,weight,100000,448748,1729,66666,mean_map,7,6,25005300,50.46894984033692,1462200
16,layout,weight,100000,448748,1729,66666,max_maxdegree,7,7,24310600,12.499951645704984,2367100
16,layout,weight,100000,448748,1729,66666,caliber,7,8,43765700,0,1903100
17,layout,destination,100000,448748,1729,33333,mean_ring,0,0,29888100,50.46894984033691,1658600
17,layout,destination,100000,448748,1729,33333,mean_degree,0,1,24889100,11.246612762694634,1658600
17,layout,destination,100000,448748,1729,33333,binary,0,2,49678700,0,0
17,layout,destination,100000,448748,1729,33333,max_maxdegree,0,3,23272000,12.499951645704984,2749100
17,layout,destination,100000,448748,1729,33333,std_binary,0,4,47975100,0,0
17,layout,destination,100000,448748,1729,33333,fourary,0,5,47613400,0,0
17,layout,destination,100000,448748,1729,33333,caliber,0,6,45188700,0,2137800
17,layout,destination,100000,448748,1729,33333,degree4,0,7,58264500,0,6942100
17,layout,destination,100000,448748,1729,33333,mean_map,0,8,32373700,50.46894984033691,1658600
17,layout,destination,100000,448748,1729,33333,mean_map,1,0,37278400,50.46894984033691,1658600
17,layout,destination,100000,448748,1729,33333,degree4,1,1,95630600,0,6942100
17,layout,destination,100000,448748,1729,33333,caliber,1,2,64594700,0,2137800
17,layout,destination,100000,448748,1729,33333,fourary,1,3,65223400,0,0
17,layout,destination,100000,448748,1729,33333,std_binary,1,4,60215600,0,0
17,layout,destination,100000,448748,1729,33333,max_maxdegree,1,5,29778000,12.499951645704984,2749100
17,layout,destination,100000,448748,1729,33333,binary,1,6,56507700,0,0
17,layout,destination,100000,448748,1729,33333,mean_degree,1,7,31706900,11.246612762694634,1658600
17,layout,destination,100000,448748,1729,33333,mean_ring,1,8,35617600,50.46894984033691,1658600
17,layout,destination,100000,448748,1729,33333,fourary,2,0,56964800,0,0
17,layout,destination,100000,448748,1729,33333,binary,2,1,59682900,0,0
17,layout,destination,100000,448748,1729,33333,caliber,2,2,52876300,0,2137800
17,layout,destination,100000,448748,1729,33333,std_binary,2,3,53784300,0,0
17,layout,destination,100000,448748,1729,33333,mean_map,2,4,36509600,50.46894984033691,1658600
17,layout,destination,100000,448748,1729,33333,max_maxdegree,2,5,29278600,12.499951645704984,2749100
17,layout,destination,100000,448748,1729,33333,degree4,2,6,67005700,0,6942100
17,layout,destination,100000,448748,1729,33333,mean_degree,2,7,29307800,11.246612762694634,1658600
17,layout,destination,100000,448748,1729,33333,mean_ring,2,8,34491300,50.46894984033691,1658600
17,layout,destination,100000,448748,1729,33333,mean_ring,3,0,34287400,50.46894984033691,1658600
17,layout,destination,100000,448748,1729,33333,mean_degree,3,1,30391800,11.246612762694634,1658600
17,layout,destination,100000,448748,1729,33333,degree4,3,2,69932000,0,6942100
17,layout,destination,100000,448748,1729,33333,max_maxdegree,3,3,26250500,12.499951645704984,2749100
17,layout,destination,100000,448748,1729,33333,mean_map,3,4,32979600,50.46894984033691,1658600
17,layout,destination,100000,448748,1729,33333,std_binary,3,5,52509200,0,0
17,layout,destination,100000,448748,1729,33333,caliber,3,6,46819500,0,2137800
17,layout,destination,100000,448748,1729,33333,binary,3,7,52183300,0,0
17,layout,destination,100000,448748,1729,33333,fourary,3,8,50535100,0,0
17,layout,destination,100000,448748,1729,33333,binary,4,0,52206000,0,0
17,layout,destination,100000,448748,1729,33333,caliber,4,1,45086800,0,2137800
17,layout,destination,100000,448748,1729,33333,mean_map,4,2,31859100,50.46894984033691,1658600
17,layout,destination,100000,448748,1729,33333,std_binary,4,3,49597000,0,0
17,layout,destination,100000,448748,1729,33333,degree4,4,4,62380500,0,6942100
17,layout,destination,100000,448748,1729,33333,mean_ring,4,5,30229100,50.46894984033691,1658600
17,layout,destination,100000,448748,1729,33333,max_maxdegree,4,6,27852000,12.499951645704984,2749100
17,layout,destination,100000,448748,1729,33333,fourary,4,7,49808500,0,0
17,layout,destination,100000,448748,1729,33333,mean_degree,4,8,25335200,11.246612762694634,1658600
17,layout,destination,100000,448748,1729,33333,mean_degree,5,0,25096600,11.246612762694634,1658600
17,layout,destination,100000,448748,1729,33333,fourary,5,1,50971600,0,0
17,layout,destination,100000,448748,1729,33333,max_maxdegree,5,2,25302700,12.499951645704984,2749100
17,layout,destination,100000,448748,1729,33333,mean_ring,5,3,30646900,50.46894984033691,1658600
17,layout,destination,100000,448748,1729,33333,degree4,5,4,61289700,0,6942100
17,layout,destination,100000,448748,1729,33333,std_binary,5,5,47881800,0,0
17,layout,destination,100000,448748,1729,33333,mean_map,5,6,31644800,50.46894984033691,1658600
17,layout,destination,100000,448748,1729,33333,caliber,5,7,44812600,0,2137800
17,layout,destination,100000,448748,1729,33333,binary,5,8,49383500,0,0
17,layout,destination,100000,448748,1729,33333,max_maxdegree,6,0,24386700,12.499951645704984,2749100
17,layout,destination,100000,448748,1729,33333,binary,6,1,50147100,0,0
17,layout,destination,100000,448748,1729,33333,caliber,6,2,44973900,0,2137800
17,layout,destination,100000,448748,1729,33333,fourary,6,3,50929800,0,0
17,layout,destination,100000,448748,1729,33333,mean_ring,6,4,32075300,50.46894984033691,1658600
17,layout,destination,100000,448748,1729,33333,mean_degree,6,5,26928400,11.246612762694634,1658600
17,layout,destination,100000,448748,1729,33333,mean_map,6,6,33155500,50.46894984033691,1658600
17,layout,destination,100000,448748,1729,33333,std_binary,6,7,50253800,0,0
17,layout,destination,100000,448748,1729,33333,degree4,6,8,61619200,0,6942100
17,layout,destination,100000,448748,1729,33333,degree4,7,0,67498600,0,6942100
17,layout,destination,100000,448748,1729,33333,std_binary,7,1,53506100,0,0
17,layout,destination,100000,448748,1729,33333,mean_map,7,2,32335600,50.46894984033691,1658600
17,layout,destination,100000,448748,1729,33333,mean_degree,7,3,28313700,11.246612762694634,1658600
17,layout,destination,100000,448748,1729,33333,mean_ring,7,4,31879200,50.46894984033691,1658600
17,layout,destination,100000,448748,1729,33333,fourary,7,5,52642000,0,0
17,layout,destination,100000,448748,1729,33333,caliber,7,6,45392000,0,2137800
17,layout,destination,100000,448748,1729,33333,binary,7,7,50739200,0,0
17,layout,destination,100000,448748,1729,33333,max_maxdegree,7,8,28191300,12.499951645704984,2749100
17,layout,destination,100000,448748,1729,66666,max_maxdegree,0,0,23693300,12.499951645704984,2749100
17,layout,destination,100000,448748,1729,66666,mean_map,0,1,35592100,50.46894984033691,1658600
17,layout,destination,100000,448748,1729,66666,degree4,0,2,62379300,0,6942100
17,layout,destination,100000,448748,1729,66666,binary,0,3,52120800,0,0
17,layout,destination,100000,448748,1729,66666,caliber,0,4,46951400,0,2137800
17,layout,destination,100000,448748,1729,66666,fourary,0,5,52883600,0,0
17,layout,destination,100000,448748,1729,66666,mean_ring,0,6,32205200,50.46894984033691,1658600
17,layout,destination,100000,448748,1729,66666,mean_degree,0,7,26808400,11.246612762694634,1658600
17,layout,destination,100000,448748,1729,66666,std_binary,0,8,49697900,0,0
17,layout,destination,100000,448748,1729,66666,std_binary,1,0,50310400,0,0
17,layout,destination,100000,448748,1729,66666,mean_degree,1,1,31248200,11.246612762694634,1658600
17,layout,destination,100000,448748,1729,66666,mean_ring,1,2,33882200,50.46894984033691,1658600
17,layout,destination,100000,448748,1729,66666,fourary,1,3,48720000,0,0
17,layout,destination,100000,448748,1729,66666,caliber,1,4,50859700,0,2137800
17,layout,destination,100000,448748,1729,66666,binary,1,5,51733700,0,0
17,layout,destination,100000,448748,1729,66666,degree4,1,6,62796600,0,6942100
17,layout,destination,100000,448748,1729,66666,mean_map,1,7,33269500,50.46894984033691,1658600
17,layout,destination,100000,448748,1729,66666,max_maxdegree,1,8,27376500,12.499951645704984,2749100
17,layout,destination,100000,448748,1729,66666,fourary,2,0,52628900,0,0
17,layout,destination,100000,448748,1729,66666,mean_map,2,1,33052100,50.46894984033691,1658600
17,layout,destination,100000,448748,1729,66666,max_maxdegree,2,2,27082600,12.499951645704984,2749100
17,layout,destination,100000,448748,1729,66666,degree4,2,3,63474100,0,6942100
17,layout,destination,100000,448748,1729,66666,mean_degree,2,4,27835200,11.246612762694634,1658600
17,layout,destination,100000,448748,1729,66666,std_binary,2,5,49300700,0,0
17,layout,destination,100000,448748,1729,66666,caliber,2,6,46673500,0,2137800
17,layout,destination,100000,448748,1729,66666,mean_ring,2,7,31416800,50.46894984033691,1658600
17,layout,destination,100000,448748,1729,66666,binary,2,8,50079400,0,0
17,layout,destination,100000,448748,1729,66666,binary,3,0,54348000,0,0
17,layout,destination,100000,448748,1729,66666,mean_ring,3,1,29750900,50.46894984033691,1658600
17,layout,destination,100000,448748,1729,66666,caliber,3,2,50205100,0,2137800
17,layout,destination,100000,448748,1729,66666,std_binary,3,3,48206400,0,0
17,layout,destination,100000,448748,1729,66666,mean_degree,3,4,26172600,11.246612762694634,1658600
17,layout,destination,100000,448748,1729,66666,degree4,3,5,63493000,0,6942100
17,layout,destination,100000,448748,1729,66666,max_maxdegree,3,6,26707700,12.499951645704984,2749100
17,layout,destination,100000,448748,1729,66666,mean_map,3,7,31645500,50.46894984033691,1658600
17,layout,destination,100000,448748,1729,66666,fourary,3,8,48781300,0,0
17,layout,destination,100000,448748,1729,66666,fourary,4,0,49730700,0,0
17,layout,destination,100000,448748,1729,66666,degree4,4,1,58083700,0,6942100
17,layout,destination,100000,448748,1729,66666,mean_ring,4,2,28961200,50.46894984033691,1658600
17,layout,destination,100000,448748,1729,66666,mean_degree,4,3,27147500,11.246612762694634,1658600
17,layout,destination,100000,448748,1729,66666,max_maxdegree,4,4,27041600,12.499951645704984,2749100
17,layout,destination,100000,448748,1729,66666,std_binary,4,5,48147500,0,0
17,layout,destination,100000,448748,1729,66666,binary,4,6,52086300,0,0
17,layout,destination,100000,448748,1729,66666,caliber,4,7,44445800,0,2137800
17,layout,destination,100000,448748,1729,66666,mean_map,4,8,32561900,50.46894984033691,1658600
17,layout,destination,100000,448748,1729,66666,mean_map,5,0,30013000,50.46894984033691,1658600
17,layout,destination,100000,448748,1729,66666,caliber,5,1,44507900,0,2137800
17,layout,destination,100000,448748,1729,66666,binary,5,2,49521500,0,0
17,layout,destination,100000,448748,1729,66666,std_binary,5,3,47842700,0,0
17,layout,destination,100000,448748,1729,66666,max_maxdegree,5,4,25939900,12.499951645704984,2749100
17,layout,destination,100000,448748,1729,66666,mean_degree,5,5,25249300,11.246612762694634,1658600
17,layout,destination,100000,448748,1729,66666,mean_ring,5,6,26617600,50.46894984033691,1658600
17,layout,destination,100000,448748,1729,66666,degree4,5,7,58517900,0,6942100
17,layout,destination,100000,448748,1729,66666,fourary,5,8,47326600,0,0
17,layout,destination,100000,448748,1729,66666,caliber,6,0,41710200,0,2137800
17,layout,destination,100000,448748,1729,66666,max_maxdegree,6,1,26297300,12.499951645704984,2749100
17,layout,destination,100000,448748,1729,66666,mean_map,6,2,31321800,50.46894984033691,1658600
17,layout,destination,100000,448748,1729,66666,fourary,6,3,45180800,0,0
17,layout,destination,100000,448748,1729,66666,std_binary,6,4,43969700,0,0
17,layout,destination,100000,448748,1729,66666,mean_degree,6,5,23426900,11.246612762694634,1658600
17,layout,destination,100000,448748,1729,66666,degree4,6,6,60118500,0,6942100
17,layout,destination,100000,448748,1729,66666,binary,6,7,47810500,0,0
17,layout,destination,100000,448748,1729,66666,mean_ring,6,8,27893800,50.46894984033691,1658600
17,layout,destination,100000,448748,1729,66666,mean_ring,7,0,27539700,50.46894984033691,1658600
17,layout,destination,100000,448748,1729,66666,binary,7,1,47283700,0,0
17,layout,destination,100000,448748,1729,66666,degree4,7,2,56603400,0,6942100
17,layout,destination,100000,448748,1729,66666,mean_degree,7,3,24670700,11.246612762694634,1658600
17,layout,destination,100000,448748,1729,66666,std_binary,7,4,46417200,0,0
17,layout,destination,100000,448748,1729,66666,fourary,7,5,47944600,0,0
17,layout,destination,100000,448748,1729,66666,mean_map,7,6,28764100,50.46894984033691,1658600
17,layout,destination,100000,448748,1729,66666,max_maxdegree,7,7,27352400,12.499951645704984,2749100
17,layout,destination,100000,448748,1729,66666,caliber,7,8,42944000,0,2137800
18,layout,random,100000,448748,1729,33333,mean_ring,0,0,28650700,50.46894984033691,1666500
18,layout,random,100000,448748,1729,33333,mean_degree,0,1,25619600,11.246612762694634,1666500
18,layout,random,100000,448748,1729,33333,binary,0,2,45168800,0,0
18,layout,random,100000,448748,1729,33333,max_maxdegree,0,3,24678100,12.499951645704984,2611300
18,layout,random,100000,448748,1729,33333,std_binary,0,4,44810900,0,0
18,layout,random,100000,448748,1729,33333,fourary,0,5,46866500,0,0
18,layout,random,100000,448748,1729,33333,caliber,0,6,38490500,0,1855000
18,layout,random,100000,448748,1729,33333,degree4,0,7,56978900,0,7208800
18,layout,random,100000,448748,1729,33333,mean_map,0,8,30538200,50.46894984033691,1666500
18,layout,random,100000,448748,1729,33333,mean_map,1,0,29533300,50.46894984033691,1666500
18,layout,random,100000,448748,1729,33333,degree4,1,1,57788900,0,7208800
18,layout,random,100000,448748,1729,33333,caliber,1,2,43501600,0,1855000
18,layout,random,100000,448748,1729,33333,fourary,1,3,48746500,0,0
18,layout,random,100000,448748,1729,33333,std_binary,1,4,46461700,0,0
18,layout,random,100000,448748,1729,33333,max_maxdegree,1,5,23815300,12.499951645704984,2611300
18,layout,random,100000,448748,1729,33333,binary,1,6,47746400,0,0
18,layout,random,100000,448748,1729,33333,mean_degree,1,7,25270300,11.246612762694634,1666500
18,layout,random,100000,448748,1729,33333,mean_ring,1,8,31567300,50.46894984033691,1666500
18,layout,random,100000,448748,1729,33333,fourary,2,0,47227400,0,0
18,layout,random,100000,448748,1729,33333,binary,2,1,47421200,0,0
18,layout,random,100000,448748,1729,33333,caliber,2,2,43564000,0,1855000
18,layout,random,100000,448748,1729,33333,std_binary,2,3,45200100,0,0
18,layout,random,100000,448748,1729,33333,mean_map,2,4,31650100,50.46894984033691,1666500
18,layout,random,100000,448748,1729,33333,max_maxdegree,2,5,24634800,12.499951645704984,2611300
18,layout,random,100000,448748,1729,33333,degree4,2,6,57337000,0,7208800
18,layout,random,100000,448748,1729,33333,mean_degree,2,7,24400600,11.246612762694634,1666500
18,layout,random,100000,448748,1729,33333,mean_ring,2,8,30430700,50.46894984033691,1666500
18,layout,random,100000,448748,1729,33333,mean_ring,3,0,29601600,50.46894984033691,1666500
18,layout,random,100000,448748,1729,33333,mean_degree,3,1,25098400,11.246612762694634,1666500
18,layout,random,100000,448748,1729,33333,degree4,3,2,61933500,0,7208800
18,layout,random,100000,448748,1729,33333,max_maxdegree,3,3,25107000,12.499951645704984,2611300
18,layout,random,100000,448748,1729,33333,mean_map,3,4,32507900,50.46894984033691,1666500
18,layout,random,100000,448748,1729,33333,std_binary,3,5,52138100,0,0
18,layout,random,100000,448748,1729,33333,caliber,3,6,43779500,0,1855000
18,layout,random,100000,448748,1729,33333,binary,3,7,50608600,0,0
18,layout,random,100000,448748,1729,33333,fourary,3,8,49716700,0,0
18,layout,random,100000,448748,1729,33333,binary,4,0,50506800,0,0
18,layout,random,100000,448748,1729,33333,caliber,4,1,44990300,0,1855000
18,layout,random,100000,448748,1729,33333,mean_map,4,2,32635000,50.46894984033691,1666500
18,layout,random,100000,448748,1729,33333,std_binary,4,3,45918600,0,0
18,layout,random,100000,448748,1729,33333,degree4,4,4,58845100,0,7208800
18,layout,random,100000,448748,1729,33333,mean_ring,4,5,29417000,50.46894984033691,1666500
18,layout,random,100000,448748,1729,33333,max_maxdegree,4,6,26320100,12.499951645704984,2611300
18,layout,random,100000,448748,1729,33333,fourary,4,7,47516200,0,0
18,layout,random,100000,448748,1729,33333,mean_degree,4,8,26478500,11.246612762694634,1666500
18,layout,random,100000,448748,1729,33333,mean_degree,5,0,23058600,11.246612762694634,1666500
18,layout,random,100000,448748,1729,33333,fourary,5,1,46192300,0,0
18,layout,random,100000,448748,1729,33333,max_maxdegree,5,2,25168600,12.499951645704984,2611300
18,layout,random,100000,448748,1729,33333,mean_ring,5,3,27741200,50.46894984033691,1666500
18,layout,random,100000,448748,1729,33333,degree4,5,4,58056900,0,7208800
18,layout,random,100000,448748,1729,33333,std_binary,5,5,46442500,0,0
18,layout,random,100000,448748,1729,33333,mean_map,5,6,32156100,50.46894984033691,1666500
18,layout,random,100000,448748,1729,33333,caliber,5,7,43055400,0,1855000
18,layout,random,100000,448748,1729,33333,binary,5,8,48479000,0,0
18,layout,random,100000,448748,1729,33333,max_maxdegree,6,0,26817800,12.499951645704984,2611300
18,layout,random,100000,448748,1729,33333,binary,6,1,51828200,0,0
18,layout,random,100000,448748,1729,33333,caliber,6,2,43075700,0,1855000
18,layout,random,100000,448748,1729,33333,fourary,6,3,48073800,0,0
18,layout,random,100000,448748,1729,33333,mean_ring,6,4,30039600,50.46894984033691,1666500
18,layout,random,100000,448748,1729,33333,mean_degree,6,5,25640500,11.246612762694634,1666500
18,layout,random,100000,448748,1729,33333,mean_map,6,6,34046100,50.46894984033691,1666500
18,layout,random,100000,448748,1729,33333,std_binary,6,7,51142300,0,0
18,layout,random,100000,448748,1729,33333,degree4,6,8,59254200,0,7208800
18,layout,random,100000,448748,1729,33333,degree4,7,0,60336400,0,7208800
18,layout,random,100000,448748,1729,33333,std_binary,7,1,50719400,0,0
18,layout,random,100000,448748,1729,33333,mean_map,7,2,32354500,50.46894984033691,1666500
18,layout,random,100000,448748,1729,33333,mean_degree,7,3,26005500,11.246612762694634,1666500
18,layout,random,100000,448748,1729,33333,mean_ring,7,4,27981700,50.46894984033691,1666500
18,layout,random,100000,448748,1729,33333,fourary,7,5,47215100,0,0
18,layout,random,100000,448748,1729,33333,caliber,7,6,44904100,0,1855000
18,layout,random,100000,448748,1729,33333,binary,7,7,48724800,0,0
18,layout,random,100000,448748,1729,33333,max_maxdegree,7,8,25299900,12.499951645704984,2611300
18,layout,random,100000,448748,1729,66666,max_maxdegree,0,0,22753000,12.499951645704984,2611300
18,layout,random,100000,448748,1729,66666,mean_map,0,1,27443000,50.46894984033691,1666500
18,layout,random,100000,448748,1729,66666,degree4,0,2,64113900,0,7208800
18,layout,random,100000,448748,1729,66666,binary,0,3,45728700,0,0
18,layout,random,100000,448748,1729,66666,caliber,0,4,43745800,0,1855000
18,layout,random,100000,448748,1729,66666,fourary,0,5,47907500,0,0
18,layout,random,100000,448748,1729,66666,mean_ring,0,6,31125700,50.46894984033691,1666500
18,layout,random,100000,448748,1729,66666,mean_degree,0,7,24910300,11.246612762694634,1666500
18,layout,random,100000,448748,1729,66666,std_binary,0,8,45091000,0,0
18,layout,random,100000,448748,1729,66666,std_binary,1,0,44290600,0,0
18,layout,random,100000,448748,1729,66666,mean_degree,1,1,25382100,11.246612762694634,1666500
18,layout,random,100000,448748,1729,66666,mean_ring,1,2,29060700,50.46894984033691,1666500
18,layout,random,100000,448748,1729,66666,fourary,1,3,45211200,0,0
18,layout,random,100000,448748,1729,66666,caliber,1,4,43318200,0,1855000
18,layout,random,100000,448748,1729,66666,binary,1,5,46010000,0,0
18,layout,random,100000,448748,1729,66666,degree4,1,6,54802000,0,7208800
18,layout,random,100000,448748,1729,66666,mean_map,1,7,28931800,50.46894984033691,1666500
18,layout,random,100000,448748,1729,66666,max_maxdegree,1,8,23650700,12.499951645704984,2611300
18,layout,random,100000,448748,1729,66666,fourary,2,0,45439500,0,0
18,layout,random,100000,448748,1729,66666,mean_map,2,1,29556100,50.46894984033691,1666500
18,layout,random,100000,448748,1729,66666,max_maxdegree,2,2,24547400,12.499951645704984,2611300
18,layout,random,100000,448748,1729,66666,degree4,2,3,57005200,0,7208800
18,layout,random,100000,448748,1729,66666,mean_degree,2,4,26574900,11.246612762694634,1666500
18,layout,random,100000,448748,1729,66666,std_binary,2,5,45607700,0,0
18,layout,random,100000,448748,1729,66666,caliber,2,6,45580700,0,1855000
18,layout,random,100000,448748,1729,66666,mean_ring,2,7,29122500,50.46894984033691,1666500
18,layout,random,100000,448748,1729,66666,binary,2,8,46521800,0,0
18,layout,random,100000,448748,1729,66666,binary,3,0,48235500,0,0
18,layout,random,100000,448748,1729,66666,mean_ring,3,1,28946300,50.46894984033691,1666500
18,layout,random,100000,448748,1729,66666,caliber,3,2,45302900,0,1855000
18,layout,random,100000,448748,1729,66666,std_binary,3,3,48609500,0,0
18,layout,random,100000,448748,1729,66666,mean_degree,3,4,25052900,11.246612762694634,1666500
18,layout,random,100000,448748,1729,66666,degree4,3,5,56993900,0,7208800
18,layout,random,100000,448748,1729,66666,max_maxdegree,3,6,26184000,12.499951645704984,2611300
18,layout,random,100000,448748,1729,66666,mean_map,3,7,29628100,50.46894984033691,1666500
18,layout,random,100000,448748,1729,66666,fourary,3,8,48796200,0,0
18,layout,random,100000,448748,1729,66666,fourary,4,0,48304600,0,0
18,layout,random,100000,448748,1729,66666,degree4,4,1,61349600,0,7208800
18,layout,random,100000,448748,1729,66666,mean_ring,4,2,29300400,50.46894984033691,1666500
18,layout,random,100000,448748,1729,66666,mean_degree,4,3,26930400,11.246612762694634,1666500
18,layout,random,100000,448748,1729,66666,max_maxdegree,4,4,28488100,12.499951645704984,2611300
18,layout,random,100000,448748,1729,66666,std_binary,4,5,45521800,0,0
18,layout,random,100000,448748,1729,66666,binary,4,6,51723600,0,0
18,layout,random,100000,448748,1729,66666,caliber,4,7,43991600,0,1855000
18,layout,random,100000,448748,1729,66666,mean_map,4,8,31754200,50.46894984033691,1666500
18,layout,random,100000,448748,1729,66666,mean_map,5,0,31767600,50.46894984033691,1666500
18,layout,random,100000,448748,1729,66666,caliber,5,1,44680300,0,1855000
18,layout,random,100000,448748,1729,66666,binary,5,2,48107600,0,0
18,layout,random,100000,448748,1729,66666,std_binary,5,3,48869300,0,0
18,layout,random,100000,448748,1729,66666,max_maxdegree,5,4,25092900,12.499951645704984,2611300
18,layout,random,100000,448748,1729,66666,mean_degree,5,5,24682200,11.246612762694634,1666500
18,layout,random,100000,448748,1729,66666,mean_ring,5,6,29128100,50.46894984033691,1666500
18,layout,random,100000,448748,1729,66666,degree4,5,7,60395100,0,7208800
18,layout,random,100000,448748,1729,66666,fourary,5,8,47447900,0,0
18,layout,random,100000,448748,1729,66666,caliber,6,0,43678300,0,1855000
18,layout,random,100000,448748,1729,66666,max_maxdegree,6,1,27395600,12.499951645704984,2611300
18,layout,random,100000,448748,1729,66666,mean_map,6,2,30778300,50.46894984033691,1666500
18,layout,random,100000,448748,1729,66666,fourary,6,3,46769600,0,0
18,layout,random,100000,448748,1729,66666,std_binary,6,4,45069900,0,0
18,layout,random,100000,448748,1729,66666,mean_degree,6,5,23976200,11.246612762694634,1666500
18,layout,random,100000,448748,1729,66666,degree4,6,6,60196500,0,7208800
18,layout,random,100000,448748,1729,66666,binary,6,7,48551900,0,0
18,layout,random,100000,448748,1729,66666,mean_ring,6,8,29511300,50.46894984033691,1666500
18,layout,random,100000,448748,1729,66666,mean_ring,7,0,27038400,50.46894984033691,1666500
18,layout,random,100000,448748,1729,66666,binary,7,1,45553100,0,0
18,layout,random,100000,448748,1729,66666,degree4,7,2,57837900,0,7208800
18,layout,random,100000,448748,1729,66666,mean_degree,7,3,23338500,11.246612762694634,1666500
18,layout,random,100000,448748,1729,66666,std_binary,7,4,44915600,0,0
18,layout,random,100000,448748,1729,66666,fourary,7,5,48727600,0,0
18,layout,random,100000,448748,1729,66666,mean_map,7,6,28776800,50.46894984033691,1666500
18,layout,random,100000,448748,1729,66666,max_maxdegree,7,7,24278200,12.499951645704984,2611300
18,layout,random,100000,448748,1729,66666,caliber,7,8,42348700,0,1855000
19,layout,bfs,100000,448748,1729,97704,binary,0,0,46439800,0,0
19,layout,bfs,100000,448748,1729,97704,mean_ring,0,1,22722200,50.46894984033791,1550300
19,layout,bfs,100000,448748,1729,97704,mean_map,0,2,25118500,50.46894984033791,1550300
19,layout,bfs,100000,448748,1729,97704,std_binary,0,3,43971600,0,0
19,layout,bfs,100000,448748,1729,97704,fourary,0,4,47054300,0,0
19,layout,bfs,100000,448748,1729,97704,caliber,0,5,41590800,0,3096200
19,layout,bfs,100000,448748,1729,97704,degree4,0,6,59124700,0,7983000
19,layout,bfs,100000,448748,1729,97704,mean_degree,0,7,25798200,11.246612762694857,1550300
19,layout,bfs,100000,448748,1729,97704,max_maxdegree,0,8,26386300,12.499951645704984,4875100
19,layout,bfs,100000,448748,1729,97704,max_maxdegree,1,0,25685900,12.499951645704984,4875100
19,layout,bfs,100000,448748,1729,97704,mean_degree,1,1,25315400,11.246612762694857,1550300
19,layout,bfs,100000,448748,1729,97704,degree4,1,2,59627400,0,7983000
19,layout,bfs,100000,448748,1729,97704,caliber,1,3,41011600,0,3096200
19,layout,bfs,100000,448748,1729,97704,fourary,1,4,47093500,0,0
19,layout,bfs,100000,448748,1729,97704,std_binary,1,5,47113300,0,0
19,layout,bfs,100000,448748,1729,97704,mean_map,1,6,25670900,50.46894984033791,1550300
19,layout,bfs,100000,448748,1729,97704,mean_ring,1,7,23893800,50.46894984033791,1550300
19,layout,bfs,100000,448748,1729,97704,binary,1,8,48048500,0,0
19,layout,bfs,100000,448748,1729,97704,degree4,2,0,54132400,0,7983000
19,layout,bfs,100000,448748,1729,97704,max_maxdegree,2,1,25966500,12.499951645704984,4875100
19,layout,bfs,100000,448748,1729,97704,fourary,2,2,45374900,0,0
19,layout,bfs,100000,448748,1729,97704,mean_ring,2,3,25916200,50.46894984033791,1550300
19,layout,bfs,100000,448748,1729,97704,binary,2,4,48911500,0,0
19,layout,bfs,100000,448748,1729,97704,mean_map,2,5,25192000,50.46894984033791,1550300
19,layout,bfs,100000,448748,1729,97704,caliber,2,6,44912200,0,3096200
19,layout,bfs,100000,448748,1729,97704,std_binary,2,7,45322600,0,0
19,layout,bfs,100000,448748,1729,97704,mean_degree,2,8,24862100,11.246612762694857,1550300
19,layout,bfs,100000,448748,1729,97704,mean_degree,3,0,25963300,11.246612762694857,1550300
19,layout,bfs,100000,448748,1729,97704,std_binary,3,1,48146600,0,0
19,layout,bfs,100000,448748,1729,97704,caliber,3,2,46050800,0,3096200
19,layout,bfs,100000,448748,1729,97704,mean_map,3,3,27046600,50.46894984033791,1550300
19,layout,bfs,100000,448748,1729,97704,binary,3,4,48291500,0,0
19,layout,bfs,100000,448748,1729,97704,mean_ring,3,5,25049200,50.46894984033791,1550300
19,layout,bfs,100000,448748,1729,97704,fourary,3,6,50104000,0,0
19,layout,bfs,100000,448748,1729,97704,max_maxdegree,3,7,25828000,12.499951645704984,4875100
19,layout,bfs,100000,448748,1729,97704,degree4,3,8,62811100,0,7983000
19,layout,bfs,100000,448748,1729,97704,caliber,4,0,46439300,0,3096200
19,layout,bfs,100000,448748,1729,97704,mean_degree,4,1,27074100,11.246612762694857,1550300
19,layout,bfs,100000,448748,1729,97704,fourary,4,2,51604900,0,0
19,layout,bfs,100000,448748,1729,97704,binary,4,3,50606700,0,0
19,layout,bfs,100000,448748,1729,97704,mean_ring,4,4,26157500,50.46894984033791,1550300
19,layout,bfs,100000,448748,1729,97704,mean_map,4,5,26026200,50.46894984033791,1550300
19,layout,bfs,100000,448748,1729,97704,degree4,4,6,62619700,0,7983000
19,layout,bfs,100000,448748,1729,97704,max_maxdegree,4,7,25810200,12.499951645704984,4875100
19,layout,bfs,100000,448748,1729,97704,std_binary,4,8,49381000,0,0
19,layout,bfs,100000,448748,1729,97704,std_binary,5,0,49627000,0,0
19,layout,bfs,100000,448748,1729,97704,max_maxdegree,5,1,26311000,12.499951645704984,4875100
19,layout,bfs,100000,448748,1729,97704,degree4,5,2,60620700,0,7983000
19,layout,bfs,100000,448748,1729,97704,mean_map,5,3,26833700,50.46894984033791,1550300
19,layout,bfs,100000,448748,1729,97704,mean_ring,5,4,29787000,50.46894984033791,1550300
19,layout,bfs,100000,448748,1729,97704,binary,5,5,49888400,0,0
19,layout,bfs,100000,448748,1729,97704,fourary,5,6,48532600,0,0
19,layout,bfs,100000,448748,1729,97704,mean_degree,5,7,25879700,11.246612762694857,1550300
19,layout,bfs,100000,448748,1729,97704,caliber,5,8,41915200,0,3096200
19,layout,bfs,100000,448748,1729,97704,mean_map,6,0,26533700,50.46894984033791,1550300
19,layout,bfs,100000,448748,1729,97704,degree4,6,1,58682700,0,7983000
19,layout,bfs,100000,448748,1729,97704,caliber,6,2,43661700,0,3096200
19,layout,bfs,100000,448748,1729,97704,max_maxdegree,6,3,26908400,12.499951645704984,4875100
19,layout,bfs,100000,448748,1729,97704,fourary,6,4,47863100,0,0
19,layout,bfs,100000,448748,1729,97704,binary,6,5,46154800,0,0
19,layout,bfs,100000,448748,1729,97704,mean_ring,6,6,27476600,50.46894984033791,1550300
19,layout,bfs,100000,448748,1729,97704,std_binary,6,7,46888600,0,0
19,layout,bfs,100000,448748,1729,97704,mean_degree,6,8,28915900,11.246612762694857,1550300
19,layout,bfs,100000,448748,1729,97704,mean_degree,7,0,25797200,11.246612762694857,1550300
19,layout,bfs,100000,448748,1729,97704,std_binary,7,1,48817900,0,0
19,layout,bfs,100000,448748,1729,97704,mean_ring,7,2,24170700,50.46894984033791,1550300
19,layout,bfs,100000,448748,1729,97704,binary,7,3,47556700,0,0
19,layout,bfs,100000,448748,1729,97704,fourary,7,4,48451900,0,0
19,layout,bfs,100000,448748,1729,97704,max_maxdegree,7,5,27548500,12.499951645704984,4875100
19,layout,bfs,100000,448748,1729,97704,caliber,7,6,42496300,0,3096200
19,layout,bfs,100000,448748,1729,97704,degree4,7,7,59982100,0,7983000
19,layout,bfs,100000,448748,1729,97704,mean_map,7,8,29621300,50.46894984033791,1550300
19,layout,bfs,100000,448748,1729,30541,binary,0,0,46157500,0,0
19,layout,bfs,100000,448748,1729,30541,degree4,0,1,57070900,0,7983000
19,layout,bfs,100000,448748,1729,30541,std_binary,0,2,50268500,0,0
19,layout,bfs,100000,448748,1729,30541,mean_ring,0,3,24253900,50.46894984033791,1550300
19,layout,bfs,100000,448748,1729,30541,max_maxdegree,0,4,24802300,12.499951645704984,4875100
19,layout,bfs,100000,448748,1729,30541,fourary,0,5,47259300,0,0
19,layout,bfs,100000,448748,1729,30541,mean_map,0,6,25396000,50.46894984033791,1550300
19,layout,bfs,100000,448748,1729,30541,mean_degree,0,7,26225800,11.246612762694857,1550300
19,layout,bfs,100000,448748,1729,30541,caliber,0,8,43982900,0,3096200
19,layout,bfs,100000,448748,1729,30541,caliber,1,0,43257800,0,3096200
19,layout,bfs,100000,448748,1729,30541,mean_degree,1,1,25718100,11.246612762694857,1550300
19,layout,bfs,100000,448748,1729,30541,mean_map,1,2,26185500,50.46894984033791,1550300
19,layout,bfs,100000,448748,1729,30541,fourary,1,3,52216400,0,0
19,layout,bfs,100000,448748,1729,30541,max_maxdegree,1,4,28662100,12.499951645704984,4875100
19,layout,bfs,100000,448748,1729,30541,mean_ring,1,5,26926000,50.46894984033791,1550300
19,layout,bfs,100000,448748,1729,30541,std_binary,1,6,44108200,0,0
19,layout,bfs,100000,448748,1729,30541,degree4,1,7,58802700,0,7983000
19,layout,bfs,100000,448748,1729,30541,binary,1,8,47104900,0,0
19,layout,bfs,100000,448748,1729,30541,binary,2,0,46724700,0,0
19,layout,bfs,100000,448748,1729,30541,caliber,2,1,42512700,0,3096200
19,layout,bfs,100000,448748,1729,30541,mean_map,2,2,26300400,50.46894984033791,1550300
19,layout,bfs,100000,448748,1729,30541,max_maxdegree,2,3,25413300,12.499951645704984,4875100
19,layout,bfs,100000,448748,1729,30541,mean_ring,2,4,24278200,50.46894984033791,1550300
19,layout,bfs,100000,448748,1729,30541,fourary,2,5,49584200,0,0
19,layout,bfs,100000,448748,1729,30541,std_binary,2,6,47807000,0,0
19,layout,bfs,100000,448748,1729,30541,mean_degree,2,7,25992500,11.246612762694857,1550300
19,layout,bfs,100000,448748,1729,30541,degree4,2,8,57694300,0,7983000
19,layout,bfs,100000,448748,1729,30541,degree4,3,0,57452000,0,7983000
19,layout,bfs,100000,448748,1729,30541,mean_degree,3,1,26219800,11.246612762694857,1550300
19,layout,bfs,100000,448748,1729,30541,std_binary,3,2,44484800,0,0
19,layout,bfs,100000,448748,1729,30541,fourary,3,3,45709200,0,0
19,layout,bfs,100000,448748,1729,30541,mean_ring,3,4,26023200,50.46894984033791,1550300
19,layout,bfs,100000,448748,1729,30541,max_maxdegree,3,5,23780100,12.499951645704984,4875100
19,layout,bfs,100000,448748,1729,30541,mean_map,3,6,25980500,50.46894984033791,1550300
19,layout,bfs,100000,448748,1729,30541,caliber,3,7,43916900,0,3096200
19,layout,bfs,100000,448748,1729,30541,binary,3,8,48150600,0,0
19,layout,bfs,100000,448748,1729,30541,fourary,4,0,48665100,0,0
19,layout,bfs,100000,448748,1729,30541,mean_degree,4,1,23783900,11.246612762694857,1550300
19,layout,bfs,100000,448748,1729,30541,mean_ring,4,2,29447900,50.46894984033791,1550300
19,layout,bfs,100000,448748,1729,30541,std_binary,4,3,46465700,0,0
19,layout,bfs,100000,448748,1729,30541,degree4,4,4,58928400,0,7983000
19,layout,bfs,100000,448748,1729,30541,max_maxdegree,4,5,27181500,12.499951645704984,4875100
19,layout,bfs,100000,448748,1729,30541,binary,4,6,48136000,0,0
19,layout,bfs,100000,448748,1729,30541,caliber,4,7,43725100,0,3096200
19,layout,bfs,100000,448748,1729,30541,mean_map,4,8,27206800,50.46894984033791,1550300
19,layout,bfs,100000,448748,1729,30541,mean_map,5,0,26550700,50.46894984033791,1550300
19,layout,bfs,100000,448748,1729,30541,caliber,5,1,44401500,0,3096200
19,layout,bfs,100000,448748,1729,30541,binary,5,2,49129800,0,0
19,layout,bfs,100000,448748,1729,30541,max_maxdegree,5,3,25816700,12.499951645704984,4875100
19,layout,bfs,100000,448748,1729,30541,degree4,5,4,68199700,0,7983000
19,layout,bfs,100000,448748,1729,30541,std_binary,5,5,47113800,0,0
19,layout,bfs,100000,448748,1729,30541,mean_ring,5,6,26104500,50.46894984033791,1550300
19,layout,bfs,100000,448748,1729,30541,mean_degree,5,7,28050800,11.246612762694857,1550300
19,layout,bfs,100000,448748,1729,30541,fourary,5,8,48246100,0,0
19,layout,bfs,100000,448748,1729,30541,degree4,6,0,59578400,0,7983000
19,layout,bfs,100000,448748,1729,30541,mean_degree,6,1,26603300,11.246612762694857,1550300
19,layout,bfs,100000,448748,1729,30541,std_binary,6,2,52239400,0,0
19,layout,bfs,100000,448748,1729,30541,caliber,6,3,45043600,0,3096200
19,layout,bfs,100000,448748,1729,30541,fourary,6,4,50056400,0,0
19,layout,bfs,100000,448748,1729,30541,mean_ring,6,5,26919100,50.46894984033791,1550300
19,layout,bfs,100000,448748,1729,30541,max_maxdegree,6,6,24976800,12.499951645704984,4875100
19,layout,bfs,100000,448748,1729,30541,mean_map,6,7,25100300,50.46894984033791,1550300
19,layout,bfs,100000,448748,1729,30541,binary,6,8,50136500,0,0
19,layout,bfs,100000,448748,1729,30541,binary,7,0,47053900,0,0
19,layout,bfs,100000,448748,1729,30541,mean_map,7,1,25277600,50.46894984033791,1550300
19,layout,bfs,100000,448748,1729,30541,max_maxdegree,7,2,26076200,12.499951645704984,4875100
19,layout,bfs,100000,448748,1729,30541,mean_ring,7,3,25854000,50.46894984033791,1550300
19,layout,bfs,100000,448748,1729,30541,fourary,7,4,48429400,0,0
19,layout,bfs,100000,448748,1729,30541,caliber,7,5,45770200,0,3096200
19,layout,bfs,100000,448748,1729,30541,std_binary,7,6,45926900,0,0
19,layout,bfs,100000,448748,1729,30541,mean_degree,7,7,24903600,11.246612762694857,1550300
19,layout,bfs,100000,448748,1729,30541,degree4,7,8,57611100,0,7983000
20,layout,rcm,100000,448748,1729,2295,mean_degree,0,0,26042800,11.246612762694776,1510500
20,layout,rcm,100000,448748,1729,2295,fourary,0,1,49170600,0,0
20,layout,rcm,100000,448748,1729,2295,std_binary,0,2,50700200,0,0
20,layout,rcm,100000,448748,1729,2295,caliber,0,3,46523100,0,3204500
20,layout,rcm,100000,448748,1729,2295,max_maxdegree,0,4,28244700,12.499951645704984,4058400
20,layout,rcm,100000,448748,1729,2295,mean_ring,0,5,28093900,50.46894984033755,1510500
20,layout,rcm,100000,448748,1729,2295,mean_map,0,6,27544100,50.46894984033755,1510500
20,layout,rcm,100000,448748,1729,2295,binary,0,7,47091400,0,0
20,layout,rcm,100000,448748,1729,2295,degree4,0,8,58245300,0,8348400
20,layout,rcm,100000,448748,1729,2295,degree4,1,0,61808800,0,8348400
20,layout,rcm,100000,448748,1729,2295,binary,1,1,47644500,0,0
20,layout,rcm,100000,448748,1729,2295,mean_map,1,2,25594800,50.46894984033755,1510500
20,layout,rcm,100000,448748,1729,2295,mean_ring,1,3,26286200,50.46894984033755,1510500
20,layout,rcm,100000,448748,1729,2295,max_maxdegree,1,4,27417300,12.499951645704984,4058400
20,layout,rcm,100000,448748,1729,2295,caliber,1,5,43902400,0,3204500
20,layout,rcm,100000,448748,1729,2295,std_binary,1,6,49200400,0,0
20,layout,rcm,100000,448748,1729,2295,fourary,1,7,50845400,0,0
20,layout,rcm,100000,448748,1729,2295,mean_degree,1,8,26906300,11.246612762694776,1510500
20,layout,rcm,100000,448748,1729,2295,caliber,2,0,46666500,0,3204500
20,layout,rcm,100000,448748,1729,2295,mean_map,2,1,27615100,50.46894984033755,1510500
20,layout,rcm,100000,448748,1729,2295,fourary,2,2,47946000,0,0
20,layout,rcm,100000,448748,1729,2295,std_binary,2,3,48275100,0,0
20,layout,rcm,100000,448748,1729,2295,mean_ring,2,4,28002600,50.46894984033755,1510500
20,layout,rcm,100000,448748,1729,2295,binary,2,5,50135000,0,0
20,layout,rcm,100000,448748,1729,2295,degree4,2,6,61333800,0,8348400
20,layout,rcm,100000,448748,1729,2295,mean_degree,2,7,27424400,11.246612762694776,1510500
20,layout,rcm,100000,448748,1729,2295,max_maxdegree,2,8,29606500,12.499951645704984,4058400
20,layout,rcm,100000,448748,1729,2295,max_maxdegree,3,0,26009900,12.499951645704984,4058400
20,layout,rcm,100000,448748,1729,2295,mean_degree,3,1,26701200,11.246612762694776,1510500
20,layout,rcm,100000,448748,1729,2295,degree4,3,2,61916700,0,8348400
20,layout,rcm,100000,448748,1729,2295,binary,3,3,49683300,0,0
20,layout,rcm,100000,448748,1729,2295,mean_ring,3,4,27104100,50.46894984033755,1510500
20,layout,rcm,100000,448748,1729,2295,std_binary,3,5,50601500,0,0
20,layout,rcm,100000,448748,1729,2295,fourary,3,6,49674400,0,0
20,layout,rcm,100000,448748,1729,2295,mean_map,3,7,26619900,50.46894984033755,1510500
20,layout,rcm,100000,448748,1729,2295,caliber,3,8,48013400,0,3204500
20,layout,rcm,100000,448748,1729,2295,mean_map,4,0,27243400,50.46894984033755,1510500
20,layout,rcm,100000,448748,1729,2295,binary,4,1,53252100,0,0
20,layout,rcm,100000,448748,1729,2295,fourary,4,2,47311400,0,0
20,layout,rcm,100000,448748,1729,2295,std_binary,4,3,49342700,0,0
20,layout,rcm,100000,448748,1729,2295,mean_ring,4,4,26855200,50.46894984033755,1510500
20,layout,rcm,100000,448748,1729,2295,max_maxdegree,4,5,25393400,12.499951645704984,4058400
20,layout,rcm,100000,448748,1729,2295,caliber,4,6,46521600,0,3204500
20,layout,rcm,100000,448748,1729,2295,degree4,4,7,57900600,0,8348400
20,layout,rcm,100000,448748,1729,2295,mean_degree,4,8,23747200,11.246612762694776,1510500
20,layout,rcm,100000,448748,1729,2295,mean_degree,5,0,24904700,11.246612762694776,1510500
20,layout,rcm,100000,448748,1729,2295,degree4,5,1,57729900,0,8348400
20,layout,rcm,100000,448748,1729,2295,caliber,5,2,43067100,0,3204500
20,layout,rcm,100000,448748,1729,2295,max_maxdegree,5,3,25068700,12.499951645704984,4058400
20,layout,rcm,100000,448748,1729,2295,mean_ring,5,4,25117600,50.46894984033755,1510500
20,layout,rcm,100000,448748,1729,2295,std_binary,5,5,48226200,0,0
20,layout,rcm,100000,448748,1729,2295,fourary,5,6,46344800,0,0
20,layout,rcm,100000,448748,1729,2295,binary,5,7,47402000,0,0
20,layout,rcm,100000,448748,1729,2295,mean_map,5,8,25207700,50.46894984033755,1510500
20,layout,rcm,100000,448748,1729,2295,fourary,6,0,47162100,0,0
20,layout,rcm,100000,448748,1729,2295,std_binary,6,1,45806300,0,0
20,layout,rcm,100000,448748,1729,2295,binary,6,2,47979300,0,0
20,layout,rcm,100000,448748,1729,2295,max_maxdegree,6,3,25717800,12.499951645704984,4058400
20,layout,rcm,100000,448748,1729,2295,mean_map,6,4,25946900,50.46894984033755,1510500
20,layout,rcm,100000,448748,1729,2295,mean_ring,6,5,26739200,50.46894984033755,1510500
20,layout,rcm,100000,448748,1729,2295,mean_degree,6,6,24392200,11.246612762694776,1510500
20,layout,rcm,100000,448748,1729,2295,degree4,6,7,55673400,0,8348400
20,layout,rcm,100000,448748,1729,2295,caliber,6,8,41679100,0,3204500
20,layout,rcm,100000,448748,1729,2295,caliber,7,0,45681600,0,3204500
20,layout,rcm,100000,448748,1729,2295,degree4,7,1,59210100,0,8348400
20,layout,rcm,100000,448748,1729,2295,mean_degree,7,2,25023700,11.246612762694776,1510500
20,layout,rcm,100000,448748,1729,2295,mean_ring,7,3,23982000,50.46894984033755,1510500
20,layout,rcm,100000,448748,1729,2295,mean_map,7,4,25123700,50.46894984033755,1510500
20,layout,rcm,100000,448748,1729,2295,max_maxdegree,7,5,24522300,12.499951645704984,4058400
20,layout,rcm,100000,448748,1729,2295,binary,7,6,47253500,0,0
20,layout,rcm,100000,448748,1729,2295,std_binary,7,7,46481400,0,0
20,layout,rcm,100000,448748,1729,2295,fourary,7,8,48231300,0,0
20,layout,rcm,100000,448748,1729,69458,caliber,0,0,45603900,0,3204500
20,layout,rcm,100000,448748,1729,69458,std_binary,0,1,45130200,0,0
20,layout,rcm,100000,448748,1729,69458,fourary,0,2,46771200,0,0
20,layout,rcm,100000,448748,1729,69458,mean_map,0,3,26200900,50.46894984033755,1510500
20,layout,rcm,100000,448748,1729,69458,mean_degree,0,4,24734900,11.246612762694776,1510500
20,layout,rcm,100000,448748,1729,69458,max_maxdegree,0,5,25089000,12.499951645704984,4058400
20,layout,rcm,100000,448748,1729,69458,degree4,0,6,58097500,0,8348400
20,layout,rcm,100000,448748,1729,69458,binary,0,7,46564500,0,0
20,layout,rcm,100000,448748,1729,69458,mean_ring,0,8,24722200,50.46894984033755,1510500
20,layout,rcm,100000,448748,1729,69458,mean_ring,1,0,25321400,50.46894984033755,1510500
20,layout,rcm,100000,448748,1729,69458,binary,1,1,45509500,0,0
20,layout,rcm,100000,448748,1729,69458,degree4,1,2,58351900,0,8348400
20,layout,rcm,100000,448748,1729,69458,max_maxdegree,1,3,25096300,12.499951645704984,4058400
20,layout,rcm,100000,448748,1729,69458,mean_degree,1,4,22828900,11.246612762694776,1510500
20,layout,rcm,100000,448748,1729,69458,mean_map,1,5,27727500,50.46894984033755,1510500
20,layout,rcm,100000,448748,1729,69458,fourary,1,6,47457000,0,0
20,layout,rcm,100000,448748,1729,69458,std_binary,1,7,47533600,0,0
20,layout,rcm,100000,448748,1729,69458,caliber,1,8,42789700,0,3204500
20,layout,rcm,100000,448748,1729,69458,binary,2,0,48826500,0,0
20,layout,rcm,100000,448748,1729,69458,std_binary,2,1,45196100,0,0
20,layout,rcm,100000,448748,1729,69458,caliber,2,2,41993000,0,3204500
20,layout,rcm,100000,448748,1729,69458,mean_ring,2,3,24941500,50.46894984033755,1510500
20,layout,rcm,100000,448748,1729,69458,mean_degree,2,4,25872300,11.246612762694776,1510500
20,layout,rcm,100000,448748,1729,69458,fourary,2,5,48218400,0,0
20,layout,rcm,100000,448748,1729,69458,max_maxdegree,2,6,28161500,12.499951645704984,4058400
20,layout,rcm,100000,448748,1729,69458,mean_map,2,7,26856900,50.46894984033755,1510500
20,layout,rcm,100000,448748,1729,69458,degree4,2,8,56311000,0,8348400
20,layout,rcm,100000,448748,1729,69458,degree4,3,0,62187200,0,8348400
20,layout,rcm,100000,448748,1729,69458,mean_map,3,1,27517400,50.46894984033755,1510500
20,layout,rcm,100000,448748,1729,69458,max_maxdegree,3,2,26950900,12.499951645704984,4058400
20,layout,rcm,100000,448748,1729,69458,fourary,3,3,49141800,0,0
20,layout,rcm,100000,448748,1729,69458,mean_degree,3,4,23475200,11.246612762694776,1510500
20,layout,rcm,100000,448748,1729,69458,mean_ring,3,5,26348700,50.46894984033755,1510500
20,layout,rcm,100000,448748,1729,69458,caliber,3,6,42951000,0,3204500
20,layout,rcm,100000,448748,1729,69458,std_binary,3,7,50863800,0,0
20,layout,rcm,100000,448748,1729,69458,binary,3,8,48589400,0,0
20,layout,rcm,100000,448748,1729,69458,max_maxdegree,4,0,26569500,12.499951645704984,4058400
20,layout,rcm,100000,448748,1729,69458,degree4,4,1,59722100,0,8348400
20,layout,rcm,100000,448748,1729,69458,mean_map,4,2,28899500,50.46894984033755,1510500
20,layout,rcm,100000,448748,1729,69458,caliber,4,3,43596700,0,3204500
20,layout,rcm,100000,448748,1729,69458,binary,4,4,50453200,0,0
20,layout,rcm,100000,448748,1729,69458,mean_degree,4,5,23889200,11.246612762694776,1510500
20,layout,rcm,100000,448748,1729,69458,mean_ring,4,6,27994100,50.46894984033755,1510500
20,layout,rcm,100000,448748,1729,69458,fourary,4,7,48801400,0,0
20,layout,rcm,100000,448748,1729,69458,std_binary,4,8,47707700,0,0
20,layout,rcm,100000,448748,1729,69458,std_binary,5,0,51560900,0,0
20,layout,rcm,100000,448748,1729,69458,fourary,5,1,49417300,0,0
20,layout,rcm,100000,448748,1729,69458,mean_ring,5,2,27154700,50.46894984033755,1510500
20,layout,rcm,100000,448748,1729,69458,mean_degree,5,3,27831300,11.246612762694776,1510500
20,layout,rcm,100000,448748,1729,69458,binary,5,4,49327300,0,0
20,layout,rcm,100000,448748,1729,69458,caliber,5,5,47814000,0,3204500
20,layout,rcm,100000,448748,1729,69458,mean_map,5,6,26858600,50.46894984033755,1510500
20,layout,rcm,100000,448748,1729,69458,degree4,5,7,58996800,0,8348400
20,layout,rcm,100000,448748,1729,69458,max_maxdegree,5,8,27942300,12.499951645704984,4058400
20,layout,rcm,100000,448748,1729,69458,caliber,6,0,46761600,0,3204500
20,layout,rcm,100000,448748,1729,69458,mean_ring,6,1,26652900,50.46894984033755,1510500
20,layout,rcm,100000,448748,1729,69458,mean_map,6,2,27091200,50.46894984033755,1510500
20,layout,rcm,100000,448748,1729,69458,degree4,6,3,58024300,0,8348400
20,layout,rcm,100000,448748,1729,69458,max_maxdegree,6,4,25051400,12.499951645704984,4058400
20,layout,rcm,100000,448748,1729,69458,std_binary,6,5,46422800,0,0
20,layout,rcm,100000,448748,1729,69458,fourary,6,6,47668400,0,0
20,layout,rcm,100000,448748,1729,69458,mean_degree,6,7,24546000,11.246612762694776,1510500
20,layout,rcm,100000,448748,1729,69458,binary,6,8,46328700,0,0
20,layout,rcm,100000,448748,1729,69458,binary,7,0,46886900,0,0
20,layout,rcm,100000,448748,1729,69458,mean_degree,7,1,23513800,11.246612762694776,1510500
20,layout,rcm,100000,448748,1729,69458,fourary,7,2,45993500,0,0
20,layout,rcm,100000,448748,1729,69458,std_binary,7,3,49311100,0,0
20,layout,rcm,100000,448748,1729,69458,max_maxdegree,7,4,26583100,12.499951645704984,4058400
20,layout,rcm,100000,448748,1729,69458,degree4,7,5,56002100,0,8348400
20,layout,rcm,100000,448748,1729,69458,mean_map,7,6,24901000,50.46894984033755,1510500
20,layout,rcm,100000,448748,1729,69458,mean_ring,7,7,26702300,50.46894984033755,1510500
20,layout,rcm,100000,448748,1729,69458,caliber,7,8,42004800,0,3204500
21,layout,weight,5000,22617,2026,1666,mean_map,0,0,615500,50.27244842229958,50000
21,layout,weight,5000,22617,2026,1666,mean_degree,0,1,684000,11.113863116748373,50000
21,layout,weight,5000,22617,2026,1666,fourary,0,2,1236800,0,0
21,layout,weight,5000,22617,2026,1666,binary,0,3,1145400,0,0
21,layout,weight,5000,22617,2026,1666,mean_ring,0,4,592400,50.27244842229958,50000
21,layout,weight,5000,22617,2026,1666,degree4,0,5,1625600,0,281300
21,layout,weight,5000,22617,2026,1666,std_binary,0,6,1555600,0,0
21,layout,weight,5000,22617,2026,1666,max_maxdegree,0,7,845700,12.49995752954148,92800
21,layout,weight,5000,22617,2026,1666,caliber,0,8,1015500,0,71500
21,layout,weight,5000,22617,2026,1666,caliber,1,0,997900,0,71500
21,layout,weight,5000,22617,2026,1666,max_maxdegree,1,1,684400,12.49995752954148,92800
21,layout,weight,5000,22617,2026,1666,std_binary,1,2,1059400,0,0
21,layout,weight,5000,22617,2026,1666,degree4,1,3,1231900,0,281300
21,layout,weight,5000,22617,2026,1666,mean_ring,1,4,567000,50.27244842229958,50000
21,layout,weight,5000,22617,2026,1666,binary,1,5,1090100,0,0
21,layout,weight,5000,22617,2026,1666,fourary,1,6,1356500,0,0
21,layout,weight,5000,22617,2026,1666,mean_degree,1,7,700900,11.113863116748373,50000
21,layout,weight,5000,22617,2026,1666,mean_map,1,8,694700,50.27244842229958,50000
21,layout,weight,5000,22617,2026,1666,mean_map,2,0,584900,50.27244842229958,50000
21,layout,weight,5000,22617,2026,1666,fourary,2,1,1104000,0,0
21,layout,weight,5000,22617,2026,1666,caliber,2,2,1036600,0,71500
21,layout,weight,5000,22617,2026,1666,mean_degree,2,3,673300,11.113863116748373,50000
21,layout,weight,5000,22617,2026,1666,std_binary,2,4,1086200,0,0
21,layout,weight,5000,22617,2026,1666,mean_ring,2,5,576100,50.27244842229958,50000
21,layout,weight,5000,22617,2026,1666,max_maxdegree,2,6,695700,12.49995752954148,92800
21,layout,weight,5000,22617,2026,1666,binary,2,7,1113700,0,0
21,layout,weight,5000,22617,2026,1666,degree4,2,8,1255800,0,281300
21,layout,weight,5000,22617,2026,1666,degree4,3,0,1200300,0,281300
21,layout,weight,5000,22617,2026,1666,binary,3,1,1108300,0,0
21,layout,weight,5000,22617,2026,1666,max_maxdegree,3,2,661800,12.49995752954148,92800
21,layout,weight,5000,22617,2026,1666,mean_ring,3,3,539300,50.27244842229958,50000
21,layout,weight,5000,22617,2026,1666,std_binary,3,4,1080900,0,0
21,layout,weight,5000,22617,2026,1666,mean_degree,3,5,658400,11.113863116748373,50000
21,layout,weight,5000,22617,2026,1666,caliber,3,6,948600,0,71500
21,layout,weight,5000,22617,2026,1666,fourary,3,7,1224600,0,0
21,layout,weight,5000,22617,2026,1666,mean_map,3,8,629500,50.27244842229958,50000
21,layout,weight,5000,22617,2026,1666,mean_map,4,0,566100,50.27244842229958,50000
21,layout,weight,5000,22617,2026,1666,degree4,4,1,1446100,0,281300
21,layout,weight,5000,22617,2026,1666,mean_degree,4,2,744600,11.113863116748373,50000
21,layout,weight,5000,22617,2026,1666,mean_ring,4,3,554900,50.27244842229958,50000
21,layout,weight,5000,22617,2026,1666,caliber,4,4,970400,0,71500
21,layout,weight,5000,22617,2026,1666,binary,4,5,1127300,0,0
21,layout,weight,5000,22617,2026,1666,fourary,4,6,1200100,0,0
21,layout,weight,5000,22617,2026,1666,std_binary,4,7,1091500,0,0
21,layout,weight,5000,22617,2026,1666,max_maxdegree,4,8,717700,12.49995752954148,92800
21,layout,weight,5000,22617,2026,1666,max_maxdegree,5,0,682600,12.49995752954148,92800
21,layout,weight,5000,22617,2026,1666,std_binary,5,1,1063300,0,0
21,layout,weight,5000,22617,2026,1666,fourary,5,2,1080100,0,0
21,layout,weight,5000,22617,2026,1666,binary,5,3,1084600,0,0
21,layout,weight,5000,22617,2026,1666,caliber,5,4,956500,0,71500
21,layout,weight,5000,22617,2026,1666,mean_ring,5,5,602100,50.27244842229958,50000
21,layout,weight,5000,22617,2026,1666,mean_degree,5,6,690800,11.113863116748373,50000
21,layout,weight,5000,22617,2026,1666,degree4,5,7,1300900,0,281300
21,layout,weight,5000,22617,2026,1666,mean_map,5,8,587600,50.27244842229958,50000
21,layout,weight,5000,22617,2026,1666,binary,6,0,1755600,0,0
21,layout,weight,5000,22617,2026,1666,fourary,6,1,1173300,0,0
21,layout,weight,5000,22617,2026,1666,mean_degree,6,2,692100,11.113863116748373,50000
21,layout,weight,5000,22617,2026,1666,mean_map,6,3,590600,50.27244842229958,50000
21,layout,weight,5000,22617,2026,1666,max_maxdegree,6,4,678000,12.49995752954148,92800
21,layout,weight,5000,22617,2026,1666,caliber,6,5,945200,0,71500
21,layout,weight,5000,22617,2026,1666,std_binary,6,6,1065600,0,0
21,layout,weight,5000,22617,2026,1666,mean_ring,6,7,543500,50.27244842229958,50000
21,layout,weight,5000,22617,2026,1666,degree4,6,8,1255200,0,281300
21,layout,weight,5000,22617,2026,1666,degree4,7,0,1184000,0,281300
21,layout,weight,5000,22617,2026,1666,mean_ring,7,1,536300,50.27244842229958,50000
21,layout,weight,5000,22617,2026,1666,std_binary,7,2,1059700,0,0
21,layout,weight,5000,22617,2026,1666,caliber,7,3,944600,0,71500
21,layout,weight,5000,22617,2026,1666,max_maxdegree,7,4,679600,12.49995752954148,92800
21,layout,weight,5000,22617,2026,1666,mean_map,7,5,573500,50.27244842229958,50000
21,layout,weight,5000,22617,2026,1666,mean_degree,7,6,664000,11.113863116748373,50000
21,layout,weight,5000,22617,2026,1666,fourary,7,7,1136300,0,0
21,layout,weight,5000,22617,2026,1666,binary,7,8,1314100,0,0
21,layout,weight,5000,22617,2026,3333,fourary,0,0,1099900,0,0
21,layout,weight,5000,22617,2026,3333,mean_ring,0,1,552500,50.27244842229958,50000
21,layout,weight,5000,22617,2026,3333,std_binary,0,2,1104400,0,0
21,layout,weight,5000,22617,2026,3333,mean_degree,0,3,716200,11.113863116748373,50000
21,layout,weight,5000,22617,2026,3333,binary,0,4,1127600,0,0
21,layout,weight,5000,22617,2026,3333,mean_map,0,5,599200,50.27244842229958,50000
21,layout,weight,5000,22617,2026,3333,max_maxdegree,0,6,731400,12.49995752954148,92800
21,layout,weight,5000,22617,2026,3333,degree4,0,7,1290000,0,281300
21,layout,weight,5000,22617,2026,3333,caliber,0,8,971500,0,71500
21,layout,weight,5000,22617,2026,3333,caliber,1,0,945900,0,71500
21,layout,weight,5000,22617,2026,3333,degree4,1,1,1253400,0,281300
21,layout,weight,5000,22617,2026,3333,max_maxdegree,1,2,681700,12.49995752954148,92800
21,layout,weight,5000,22617,2026,3333,mean_map,1,3,587400,50.27244842229958,50000
21,layout,weight,5000,22617,2026,3333,binary,1,4,1136700,0,0
21,layout,weight,5000,22617,2026,3333,mean_degree,1,5,799400,11.113863116748373,50000
21,layout,weight,5000,22617,2026,3333,std_binary,1,6,1107200,0,0
21,layout,weight,5000,22617,2026,3333,mean_ring,1,7,544600,50.27244842229958,50000
21,layout,weight,5000,22617,2026,3333,fourary,1,8,1574300,0,0
21,layout,weight,5000,22617,2026,3333,caliber,2,0,985300,0,71500
21,layout,weight,5000,22617,2026,3333,std_binary,2,1,1059700,0,0
21,layout,weight,5000,22617,2026,3333,mean_degree,2,2,838500,11.113863116748373,50000
21,layout,weight,5000,22617,2026,3333,degree4,2,3,1564100,0,281300
21,layout,weight,5000,22617,2026,3333,binary,2,4,1129300,0,0
21,layout,weight,5000,22617,2026,3333,max_maxdegree,2,5,695000,12.49995752954148,92800
21,layout,weight,5000,22617,2026,3333,mean_ring,2,6,542800,50.27244842229958,50000
21,layout,weight,5000,22617,2026,3333,fourary,2,7,1123900,0,0
21,layout,weight,5000,22617,2026,3333,mean_map,2,8,597100,50.27244842229958,50000
21,layout,weight,5000,22617,2026,3333,mean_map,3,0,596100,50.27244842229958,50000
21,layout,weight,5000,22617,2026,3333,fourary,3,1,1216800,0,0
21,layout,weight,5000,22617,2026,3333,mean_ring,3,2,560700,50.27244842229958,50000
21,layout,weight,5000,22617,2026,3333,max_maxdegree,3,3,672700,12.49995752954148,92800
21,layout,weight,5000,22617,2026,3333,binary,3,4,1310000,0,0
21,layout,weight,5000,22617,2026,3333,degree4,3,5,1305400,0,281300
21,layout,weight,5000,22617,2026,3333,mean_degree,3,6,731200,11.113863116748373,50000
21,layout,weight,5000,22617,2026,3333,std_binary,3,7,1072400,0,0
21,layout,weight,5000,22617,2026,3333,caliber,3,8,991800,0,71500
21,layout,weight,5000,22617,2026,3333,mean_ring,4,0,571400,50.27244842229958,50000
21,layout,weight,5000,22617,2026,3333,mean_degree,4,1,685600,11.113863116748373,50000
21,layout,weight,5000,22617,2026,3333,max_maxdegree,4,2,859700,12.49995752954148,92800
21,layout,weight,5000,22617,2026,3333,fourary,4,3,1120100,0,0
21,layout,weight,5000,22617,2026,3333,binary,4,4,1440300,0,0
21,layout,weight,5000,22617,2026,3333,degree4,4,5,1591100,0,281300
21,layout,weight,5000,22617,2026,3333,mean_map,4,6,738400,50.27244842229958,50000
21,layout,weight,5000,22617,2026,3333,std_binary,4,7,1102000,0,0
21,layout,weight,5000,22617,2026,3333,caliber,4,8,977100,0,71500
21,layout,weight,5000,22617,2026,3333,caliber,5,0,975600,0,71500
21,layout,weight,5000,22617,2026,3333,std_binary,5,1,1082200,0,0
21,layout,weight,5000,22617,2026,3333,mean_map,5,2,650600,50.27244842229958,50000
21,layout,weight,5000,22617,2026,3333,degree4,5,3,1609000,0,281300
21,layout,weight,5000,22617,2026,3333,binary,5,4,1844000,0,0
21,layout,weight,5000,22617,2026,3333,fourary,5,5,1501900,0,0
21,layout,weight,5000,22617,2026,3333,max_maxdegree,5,6,676800,12.49995752954148,92800
21,layout,weight,5000,22617,2026,3333,mean_degree,5,7,719000,11.113863116748373,50000
21,layout,weight,5000,22617,2026,3333,mean_ring,5,8,542500,50.27244842229958,50000
21,layout,weight,5000,22617,2026,3333,fourary,6,0,1077500,0,0
21,layout,weight,5000,22617,2026,3333,degree4,6,1,1324600,0,281300
21,layout,weight,5000,22617,2026,3333,caliber,6,2,1013300,0,71500
21,layout,weight,5000,22617,2026,3333,max_maxdegree,6,3,662300,12.49995752954148,92800
21,layout,weight,5000,22617,2026,3333,mean_degree,6,4,666800,11.113863116748373,50000
21,layout,weight,5000,22617,2026,3333,mean_map,6,5,600100,50.27244842229958,50000
21,layout,weight,5000,22617,2026,3333,mean_ring,6,6,561400,50.27244842229958,50000
21,layout,weight,5000,22617,2026,3333,std_binary,6,7,1098000,0,0
21,layout,weight,5000,22617,2026,3333,binary,6,8,1091900,0,0
21,layout,weight,5000,22617,2026,3333,binary,7,0,1089900,0,0
21,layout,weight,5000,22617,2026,3333,std_binary,7,1,1308900,0,0
21,layout,weight,5000,22617,2026,3333,mean_ring,7,2,659900,50.27244842229958,50000
21,layout,weight,5000,22617,2026,3333,mean_map,7,3,614600,50.27244842229958,50000
21,layout,weight,5000,22617,2026,3333,mean_degree,7,4,728300,11.113863116748373,50000
21,layout,weight,5000,22617,2026,3333,max_maxdegree,7,5,689400,12.49995752954148,92800
21,layout,weight,5000,22617,2026,3333,caliber,7,6,977100,0,71500
21,layout,weight,5000,22617,2026,3333,degree4,7,7,1298800,0,281300
21,layout,weight,5000,22617,2026,3333,fourary,7,8,1258700,0,0
22,layout,destination,5000,22617,2026,1666,mean_map,0,0,758100,50.2724484222996,40700
22,layout,destination,5000,22617,2026,1666,mean_degree,0,1,672400,11.113863116748375,40700
22,layout,destination,5000,22617,2026,1666,fourary,0,2,1393300,0,0
22,layout,destination,5000,22617,2026,1666,binary,0,3,1668600,0,0
22,layout,destination,5000,22617,2026,1666,mean_ring,0,4,857700,50.2724484222996,40700
22,layout,destination,5000,22617,2026,1666,degree4,0,5,1245600,0,299400
22,layout,destination,5000,22617,2026,1666,std_binary,0,6,1090700,0,0
22,layout,destination,5000,22617,2026,1666,max_maxdegree,0,7,765600,12.49995752954148,94400
22,layout,destination,5000,22617,2026,1666,caliber,0,8,1243400,0,72200
22,layout,destination,5000,22617,2026,1666,caliber,1,0,1207300,0,72200
22,layout,destination,5000,22617,2026,1666,max_maxdegree,1,1,708000,12.49995752954148,94400
22,layout,destination,5000,22617,2026,1666,std_binary,1,2,1098400,0,0
22,layout,destination,5000,22617,2026,1666,degree4,1,3,1664900,0,299400
22,layout,destination,5000,22617,2026,1666,mean_ring,1,4,1065400,50.2724484222996,40700
22,layout,destination,5000,22617,2026,1666,binary,1,5,1327500,0,0
22,layout,destination,5000,22617,2026,1666,fourary,1,6,1097900,0,0
22,layout,destination,5000,22617,2026,1666,mean_degree,1,7,701700,11.113863116748375,40700
22,layout,destination,5000,22617,2026,1666,mean_map,1,8,877000,50.2724484222996,40700
22,layout,destination,5000,22617,2026,1666,mean_map,2,0,837500,50.2724484222996,40700
22,layout,destination,5000,22617,2026,1666,fourary,2,1,1144700,0,0
22,layout,destination,5000,22617,2026,1666,caliber,2,2,982900,0,72200
22,layout,destination,5000,22617,2026,1666,mean_degree,2,3,681200,11.113863116748375,40700
22,layout,destination,5000,22617,2026,1666,std_binary,2,4,1098900,0,0
22,layout,destination,5000,22617,2026,1666,mean_ring,2,5,721500,50.2724484222996,40700
22,layout,destination,5000,22617,2026,1666,max_maxdegree,2,6,743300,12.49995752954148,94400
22,layout,destination,5000,22617,2026,1666,binary,2,7,1631000,0,0
22,layout,destination,5000,22617,2026,1666,degree4,2,8,1454900,0,299400
22,layout,destination,5000,22617,2026,1666,degree4,3,0,1210200,0,299400
22,layout,destination,5000,22617,2026,1666,binary,3,1,1091000,0,0
22,layout,destination,5000,22617,2026,1666,max_maxdegree,3,2,709900,12.49995752954148,94400
22,layout,destination,5000,22617,2026,1666,mean_ring,3,3,997400,50.2724484222996,40700
22,layout,destination,5000,22617,2026,1666,std_binary,3,4,1459700,0,0
22,layout,destination,5000,22617,2026,1666,mean_degree,3,5,973700,11.113863116748375,40700
22,layout,destination,5000,22617,2026,1666,caliber,3,6,1161500,0,72200
22,layout,destination,5000,22617,2026,1666,fourary,3,7,1277700,0,0
22,layout,destination,5000,22617,2026,1666,mean_map,3,8,836700,50.2724484222996,40700
22,layout,destination,5000,22617,2026,1666,mean_map,4,0,755400,50.2724484222996,40700
22,layout,destination,5000,22617,2026,1666,degree4,4,1,1311000,0,299400
22,layout,destination,5000,22617,2026,1666,mean_degree,4,2,690200,11.113863116748375,40700
22,layout,destination,5000,22617,2026,1666,mean_ring,4,3,719000,50.2724484222996,40700
22,layout,destination,5000,22617,2026,1666,caliber,4,4,959800,0,72200
22,layout,destination,5000,22617,2026,1666,binary,4,5,1147300,0,0
22,layout,destination,5000,22617,2026,1666,fourary,4,6,1138600,0,0
22,layout,destination,5000,22617,2026,1666,std_binary,4,7,1120900,0,0
22,layout,destination,5000,22617,2026,1666,max_maxdegree,4,8,687700,12.49995752954148,94400
22,layout,destination,5000,22617,2026,1666,max_maxdegree,5,0,762600,12.49995752954148,94400
22,layout,destination,5000,22617,2026,1666,std_binary,5,1,2281000,0,0
22,layout,destination,5000,22617,2026,1666,fourary,5,2,1481900,0,0
22,layout,destination,5000,22617,2026,1666,binary,5,3,1100800,0,0
22,layout,destination,5000,22617,2026,1666,caliber,5,4,972100,0,72200
22,layout,destination,5000,22617,2026,1666,mean_ring,5,5,704600,50.2724484222996,40700
22,layout,destination,5000,22617,2026,1666,mean_degree,5,6,739500,11.113863116748375,40700
22,layout,destination,5000,22617,2026,1666,degree4,5,7,1263600,0,299400
22,layout,destination,5000,22617,2026,1666,mean_map,5,8,823200,50.2724484222996,40700
22,layout,destination,5000,22617,2026,1666,binary,6,0,1109300,0,0
22,layout,destination,5000,22617,2026,1666,fourary,6,1,1184500,0,0
22,layout,destination,5000,22617,2026,1666,mean_degree,6,2,671900,11.113863116748375,40700
22,layout,destination,5000,22617,2026,1666,mean_map,6,3,747600,50.2724484222996,40700
22,layout,destination,5000,22617,2026,1666,max_maxdegree,6,4,668700,12.49995752954148,94400
22,layout,destination,5000,22617,2026,1666,caliber,6,5,1008000,0,72200
22,layout,destination,5000,22617,2026,1666,std_binary,6,6,1105500,0,0
22,layout,destination,5000,22617,2026,1666,mean_ring,6,7,696100,50.2724484222996,40700
22,layout,destination,5000,22617,2026,1666,degree4,6,8,1244300,0,299400
22,layout,destination,5000,22617,2026,1666,degree4,7,0,1227600,0,299400
22,layout,destination,5000,22617,2026,1666,mean_ring,7,1,726800,50.2724484222996,40700
22,layout,destination,5000,22617,2026,1666,std_binary,7,2,1100400,0,0
22,layout,destination,5000,22617,2026,1666,caliber,7,3,1128000,0,72200
22,layout,destination,5000,22617,2026,1666,max_maxdegree,7,4,720400,12.49995752954148,94400
22,layout,destination,5000,22617,2026,1666,mean_map,7,5,756000,50.2724484222996,40700
22,layout,destination,5000,22617,2026,1666,mean_degree,7,6,705500,11.113863116748375,40700
22,layout,destination,5000,22617,2026,1666,fourary,7,7,1079100,0,0
22,layout,destination,5000,22617,2026,1666,binary,7,8,1109800,0,0
22,layout,destination,5000,22617,2026,3333,fourary,0,0,1107300,0,0
22,layout,destination,5000,22617,2026,3333,mean_ring,0,1,711100,50.2724484222996,40700
22,layout,destination,5000,22617,2026,3333,std_binary,0,2,1113000,0,0
22,layout,destination,5000,22617,2026,3333,mean_degree,0,3,746300,11.113863116748375,40700
22,layout,destination,5000,22617,2026,3333,binary,0,4,1136100,0,0
22,layout,destination,5000,22617,2026,3333,mean_map,0,5,1004100,50.2724484222996,40700
22,layout,destination,5000,22617,2026,3333,max_maxdegree,0,6,760000,12.49995752954148,94400
22,layout,destination,5000,22617,2026,3333,degree4,0,7,1479400,0,299400
22,layout,destination,5000,22617,2026,3333,caliber,0,8,978900,0,72200
22,layout,destination,5000,22617,2026,3333,caliber,1,0,1008400,0,72200
22,layout,destination,5000,22617,2026,3333,degree4,1,1,1274500,0,299400
22,layout,destination,5000,22617,2026,3333,max_maxdegree,1,2,698100,12.49995752954148,94400
22,layout,destination,5000,22617,2026,3333,mean_map,1,3,788200,50.2724484222996,40700
22,layout,destination,5000,22617,2026,3333,binary,1,4,1129600,0,0
22,layout,destination,5000,22617,2026,3333,mean_degree,1,5,800800,11.113863116748375,40700
22,layout,destination,5000,22617,2026,3333,std_binary,1,6,1121600,0,0
22,layout,destination,5000,22617,2026,3333,mean_ring,1,7,874000,50.2724484222996,40700
22,layout,destination,5000,22617,2026,3333,fourary,1,8,1496300,0,0
22,layout,destination,5000,22617,2026,3333,caliber,2,0,1087800,0,72200
22,layout,destination,5000,22617,2026,3333,std_binary,2,1,1109300,0,0
22,layout,destination,5000,22617,2026,3333,mean_degree,2,2,848900,11.113863116748375,40700
22,layout,destination,5000,22617,2026,3333,degree4,2,3,1324500,0,299400
22,layout,destination,5000,22617,2026,3333,binary,2,4,1196400,0,0
22,layout,destination,5000,22617,2026,3333,max_maxdegree,2,5,978400,12.49995752954148,94400
22,layout,destination,5000,22617,2026,3333,mean_ring,2,6,715000,50.2724484222996,40700
22,layout,destination,5000,22617,2026,3333,fourary,2,7,1149100,0,0
22,layout,destination,5000,22617,2026,3333,mean_map,2,8,760100,50.2724484222996,40700
22,layout,destination,5000,22617,2026,3333,mean_map,3,0,742300,50.2724484222996,40700
22,layout,destination,5000,22617,2026,3333,fourary,3,1,1188500,0,0
22,layout,destination,5000,22617,2026,3333,mean_ring,3,2,802300,50.2724484222996,40700
22,layout,destination,5000,22617,2026,3333,max_maxdegree,3,3,716800,12.49995752954148,94400
22,layout,destination,5000,22617,2026,3333,binary,3,4,1115500,0,0
22,layout,destination,5000,22617,2026,3333,degree4,3,5,1273500,0,299400
22,layout,destination,5000,22617,2026,3333,mean_degree,3,6,703600,11.113863116748375,40700
22,layout,destination,5000,22617,2026,3333,std_binary,3,7,1146300,0,0
22,layout,destination,5000,22617,2026,3333,caliber,3,8,978700,0,72200
22,layout,destination,5000,22617,2026,3333,mean_ring,4,0,719300,50.2724484222996,40700
22,layout,destination,5000,22617,2026,3333,mean_degree,4,1,681500,11.113863116748375,40700
22,layout,destination,5000,22617,2026,3333,max_maxdegree,4,2,672600,12.49995752954148,94400
22,layout,destination,5000,22617,2026,3333,fourary,4,3,1146900,0,0
22,layout,destination,5000,22617,2026,3333,binary,4,4,1296700,0,0
22,layout,destination,5000,22617,2026,3333,degree4,4,5,1345300,0,299400
22,layout,destination,5000,22617,2026,3333,mean_map,4,6,785400,50.2724484222996,40700
22,layout,destination,5000,22617,2026,3333,std_binary,4,7,1134200,0,0
22,layout,destination,5000,22617,2026,3333,caliber,4,8,1270900,0,72200
22,layout,destination,5000,22617,2026,3333,caliber,5,0,1128400,0,72200
22,layout,destination,5000,22617,2026,3333,std_binary,5,1,1168200,0,0
22,layout,destination,5000,22617,2026,3333,mean_map,5,2,820000,50.2724484222996,40700
22,layout,destination,5000,22617,2026,3333,degree4,5,3,1347800,0,299400
22,layout,destination,5000,22617,2026,3333,binary,5,4,1135200,0,0
22,layout,destination,5000,22617,2026,3333,fourary,5,5,1146900,0,0
22,layout,destination,5000,22617,2026,3333,max_maxdegree,5,6,707100,12.49995752954148,94400
22,layout,destination,5000,22617,2026,3333,mean_degree,5,7,721500,11.113863116748375,40700
22,layout,destination,5000,22617,2026,3333,mean_ring,5,8,760400,50.2724484222996,40700
22,layout,destination,5000,22617,2026,3333,fourary,6,0,1264600,0,0
22,layout,destination,5000,22617,2026,3333,degree4,6,1,1287800,0,299400
22,layout,destination,5000,22617,2026,3333,caliber,6,2,981800,0,72200
22,layout,destination,5000,22617,2026,3333,max_maxdegree,6,3,703100,12.49995752954148,94400
22,layout,destination,5000,22617,2026,3333,mean_degree,6,4,674200,11.113863116748375,40700
22,layout,destination,5000,22617,2026,3333,mean_map,6,5,760000,50.2724484222996,40700
22,layout,destination,5000,22617,2026,3333,mean_ring,6,6,703600,50.2724484222996,40700
22,layout,destination,5000,22617,2026,3333,std_binary,6,7,1115900,0,0
22,layout,destination,5000,22617,2026,3333,binary,6,8,1162200,0,0
22,layout,destination,5000,22617,2026,3333,binary,7,0,1111100,0,0
22,layout,destination,5000,22617,2026,3333,std_binary,7,1,1050000,0,0
22,layout,destination,5000,22617,2026,3333,mean_ring,7,2,1385400,50.2724484222996,40700
22,layout,destination,5000,22617,2026,3333,mean_map,7,3,783300,50.2724484222996,40700
22,layout,destination,5000,22617,2026,3333,mean_degree,7,4,701000,11.113863116748375,40700
22,layout,destination,5000,22617,2026,3333,max_maxdegree,7,5,691000,12.49995752954148,94400
22,layout,destination,5000,22617,2026,3333,caliber,7,6,1100900,0,72200
22,layout,destination,5000,22617,2026,3333,degree4,7,7,1287200,0,299400
22,layout,destination,5000,22617,2026,3333,fourary,7,8,1159600,0,0
23,layout,random,5000,22617,2026,1666,mean_map,0,0,767400,50.2724484222996,53200
23,layout,random,5000,22617,2026,1666,mean_degree,0,1,692100,11.113863116748375,53200
23,layout,random,5000,22617,2026,1666,fourary,0,2,1094800,0,0
23,layout,random,5000,22617,2026,1666,binary,0,3,1176100,0,0
23,layout,random,5000,22617,2026,1666,mean_ring,0,4,710800,50.2724484222996,53200
23,layout,random,5000,22617,2026,1666,degree4,0,5,1308700,0,276200
23,layout,random,5000,22617,2026,1666,std_binary,0,6,1111300,0,0
23,layout,random,5000,22617,2026,1666,max_maxdegree,0,7,741600,12.49995752954148,81700
23,layout,random,5000,22617,2026,1666,caliber,0,8,1093000,0,72100
23,layout,random,5000,22617,2026,1666,caliber,1,0,1149000,0,72100
23,layout,random,5000,22617,2026,1666,max_maxdegree,1,1,738600,12.49995752954148,81700
23,layout,random,5000,22617,2026,1666,std_binary,1,2,1082600,0,0
23,layout,random,5000,22617,2026,1666,degree4,1,3,1282000,0,276200
23,layout,random,5000,22617,2026,1666,mean_ring,1,4,702700,50.2724484222996,53200
23,layout,random,5000,22617,2026,1666,binary,1,5,1274500,0,0
23,layout,random,5000,22617,2026,1666,fourary,1,6,1079600,0,0
23,layout,random,5000,22617,2026,1666,mean_degree,1,7,786900,11.113863116748375,53200
23,layout,random,5000,22617,2026,1666,mean_map,1,8,767500,50.2724484222996,53200
23,layout,random,5000,22617,2026,1666,mean_map,2,0,751900,50.2724484222996,53200
23,layout,random,5000,22617,2026,1666,fourary,2,1,1083300,0,0
23,layout,random,5000,22617,2026,1666,caliber,2,2,1704100,0,72100
23,layout,random,5000,22617,2026,1666,mean_degree,2,3,694200,11.113863116748375,53200
23,layout,random,5000,22617,2026,1666,std_binary,2,4,1155400,0,0
23,layout,random,5000,22617,2026,1666,mean_ring,2,5,708200,50.2724484222996,53200
23,layout,random,5000,22617,2026,1666,max_maxdegree,2,6,701500,12.49995752954148,81700
23,layout,random,5000,22617,2026,1666,binary,2,7,1095000,0,0
23,layout,random,5000,22617,2026,1666,degree4,2,8,1948800,0,276200
23,layout,random,5000,22617,2026,1666,degree4,3,0,1911900,0,276200
23,layout,random,5000,22617,2026,1666,binary,3,1,1563800,0,0
23,layout,random,5000,22617,2026,1666,max_maxdegree,3,2,682900,12.49995752954148,81700
23,layout,random,5000,22617,2026,1666,mean_ring,3,3,716700,50.2724484222996,53200
23,layout,random,5000,22617,2026,1666,std_binary,3,4,1098000,0,0
23,layout,random,5000,22617,2026,1666,mean_degree,3,5,698800,11.113863116748375,53200
23,layout,random,5000,22617,2026,1666,caliber,3,6,1000700,0,72100
23,layout,random,5000,22617,2026,1666,fourary,3,7,1082100,0,0
23,layout,random,5000,22617,2026,1666,mean_map,3,8,840300,50.2724484222996,53200
23,layout,random,5000,22617,2026,1666,mean_map,4,0,754000,50.2724484222996,53200
23,layout,random,5000,22617,2026,1666,degree4,4,1,1471300,0,276200
23,layout,random,5000,22617,2026,1666,mean_degree,4,2,699300,11.113863116748375,53200
23,layout,random,5000,22617,2026,1666,mean_ring,4,3,706000,50.2724484222996,53200
23,layout,random,5000,22617,2026,1666,caliber,4,4,1003300,0,72100
23,layout,random,5000,22617,2026,1666,binary,4,5,1110000,0,0
23,layout,random,5000,22617,2026,1666,fourary,4,6,1068800,0,0
23,layout,random,5000,22617,2026,1666,std_binary,4,7,1143300,0,0
23,layout,random,5000,22617,2026,1666,max_maxdegree,4,8,726600,12.49995752954148,81700
23,layout,random,5000,22617,2026,1666,max_maxdegree,5,0,705700,12.49995752954148,81700
23,layout,random,5000,22617,2026,1666,std_binary,5,1,1203100,0,0
23,layout,random,5000,22617,2026,1666,fourary,5,2,1114000,0,0
23,layout,random,5000,22617,2026,1666,binary,5,3,1108700,0,0
23,layout,random,5000,22617,2026,1666,caliber,5,4,954500,0,72100
23,layout,random,5000,22617,2026,1666,mean_ring,5,5,732500,50.2724484222996,53200
23,layout,random,5000,22617,2026,1666,mean_degree,5,6,703200,11.113863116748375,53200
23,layout,random,5000,22617,2026,1666,degree4,5,7,1270700,0,276200
23,layout,random,5000,22617,2026,1666,mean_map,5,8,768800,50.2724484222996,53200
23,layout,random,5000,22617,2026,1666,binary,6,0,1113800,0,0
23,layout,random,5000,22617,2026,1666,fourary,6,1,1191500,0,0
23,layout,random,5000,22617,2026,1666,mean_degree,6,2,733200,11.113863116748375,53200
23,layout,random,5000,22617,2026,1666,mean_map,6,3,788100,50.2724484222996,53200
23,layout,random,5000,22617,2026,1666,max_maxdegree,6,4,678100,12.49995752954148,81700
23,layout,random,5000,22617,2026,1666,caliber,6,5,993800,0,72100
23,layout,random,5000,22617,2026,1666,std_binary,6,6,1672100,0,0
23,layout,random,5000,22617,2026,1666,mean_ring,6,7,2035600,50.2724484222996,53200
23,layout,random,5000,22617,2026,1666,degree4,6,8,1695000,0,276200
23,layout,random,5000,22617,2026,1666,degree4,7,0,1231500,0,276200
23,layout,random,5000,22617,2026,1666,mean_ring,7,1,742800,50.2724484222996,53200
23,layout,random,5000,22617,2026,1666,std_binary,7,2,1107100,0,0
23,layout,random,5000,22617,2026,1666,caliber,7,3,993000,0,72100
23,layout,random,5000,22617,2026,1666,max_maxdegree,7,4,693000,12.49995752954148,81700
23,layout,random,5000,22617,2026,1666,mean_map,7,5,766300,50.2724484222996,53200
23,layout,random,5000,22617,2026,1666,mean_degree,7,6,680300,11.113863116748375,53200
23,layout,random,5000,22617,2026,1666,fourary,7,7,1148600,0,0
23,layout,random,5000,22617,2026,1666,binary,7,8,1318100,0,0
23,layout,random,5000,22617,2026,3333,fourary,0,0,1131200,0,0
23,layout,random,5000,22617,2026,3333,mean_ring,0,1,721900,50.2724484222996,53200
23,layout,random,5000,22617,2026,3333,std_binary,0,2,1084500,0,0
23,layout,random,5000,22617,2026,3333,mean_degree,0,3,705000,11.113863116748375,53200
23,layout,random,5000,22617,2026,3333,binary,0,4,1166300,0,0
23,layout,random,5000,22617,2026,3333,mean_map,0,5,780700,50.2724484222996,53200
23,layout,random,5000,22617,2026,3333,max_maxdegree,0,6,714400,12.49995752954148,81700
23,layout,random,5000,22617,2026,3333,degree4,0,7,1250800,0,276200
23,layout,random,5000,22617,2026,3333,caliber,0,8,964800,0,72100
23,layout,random,5000,22617,2026,3333,caliber,1,0,942300,0,72100
23,layout,random,5000,22617,2026,3333,degree4,1,1,1246900,0,276200
23,layout,random,5000,22617,2026,3333,max_maxdegree,1,2,750100,12.49995752954148,81700
23,layout,random,5000,22617,2026,3333,mean_map,1,3,776900,50.2724484222996,53200
23,layout,random,5000,22617,2026,3333,binary,1,4,1260400,0,0
23,layout,random,5000,22617,2026,3333,mean_degree,1,5,692500,11.113863116748375,53200
23,layout,random,5000,22617,2026,3333,std_binary,1,6,1127600,0,0
23,layout,random,5000,22617,2026,3333,mean_ring,1,7,705800,50.2724484222996,53200
23,layout,random,5000,22617,2026,3333,fourary,1,8,1180000,0,0
23,layout,random,5000,22617,2026,3333,caliber,2,0,973500,0,72100
23,layout,random,5000,22617,2026,3333,std_binary,2,1,1089000,0,0
23,layout,random,5000,22617,2026,3333,mean_degree,2,2,684700,11.113863116748375,53200
23,layout,random,5000,22617,2026,3333,degree4,2,3,1269300,0,276200
23,layout,random,5000,22617,2026,3333,binary,2,4,1101600,0,0
23,layout,random,5000,22617,2026,3333,max_maxdegree,2,5,711100,12.49995752954148,81700
23,layout,random,5000,22617,2026,3333,mean_ring,2,6,696400,50.2724484222996,53200
23,layout,random,5000,22617,2026,3333,fourary,2,7,1221000,0,0
23,layout,random,5000,22617,2026,3333,mean_map,2,8,798700,50.2724484222996,53200
23,layout,random,5000,22617,2026,3333,mean_map,3,0,745400,50.2724484222996,53200
23,layout,random,5000,22617,2026,3333,fourary,3,1,1203300,0,0
23,layout,random,5000,22617,2026,3333,mean_ring,3,2,788900,50.2724484222996,53200
23,layout,random,5000,22617,2026,3333,max_maxdegree,3,3,719600,12.49995752954148,81700
23,layout,random,5000,22617,2026,3333,binary,3,4,1187100,0,0
23,layout,random,5000,22617,2026,3333,degree4,3,5,1711100,0,276200
23,layout,random,5000,22617,2026,3333,mean_degree,3,6,804700,11.113863116748375,53200
23,layout,random,5000,22617,2026,3333,std_binary,3,7,1092400,0,0
23,layout,random,5000,22617,2026,3333,caliber,3,8,961400,0,72100
23,layout,random,5000,22617,2026,3333,mean_ring,4,0,754900,50.2724484222996,53200
23,layout,random,5000,22617,2026,3333,mean_degree,4,1,705100,11.113863116748375,53200
23,layout,random,5000,22617,2026,3333,max_maxdegree,4,2,677300,12.49995752954148,81700
23,layout,random,5000,22617,2026,3333,fourary,4,3,1149800,0,0
23,layout,random,5000,22617,2026,3333,binary,4,4,1188800,0,0
23,layout,random,5000,22617,2026,3333,degree4,4,5,1310600,0,276200
23,layout,random,5000,22617,2026,3333,mean_map,4,6,774000,50.2724484222996,53200
23,layout,random,5000,22617,2026,3333,std_binary,4,7,1100400,0,0
23,layout,random,5000,22617,2026,3333,caliber,4,8,998300,0,72100
23,layout,random,5000,22617,2026,3333,caliber,5,0,1147100,0,72100
23,layout,random,5000,22617,2026,3333,std_binary,5,1,1310500,0,0
23,layout,random,5000,22617,2026,3333,mean_map,5,2,802200,50.2724484222996,53200
23,layout,random,5000,22617,2026,3333,degree4,5,3,1332700,0,276200
23,layout,random,5000,22617,2026,3333,binary,5,4,1120300,0,0
23,layout,random,5000,22617,2026,3333,fourary,5,5,1079700,0,0
23,layout,random,5000,22617,2026,3333,max_maxdegree,5,6,693200,12.49995752954148,81700
23,layout,random,5000,22617,2026,3333,mean_degree,5,7,678400,11.113863116748375,53200
23,layout,random,5000,22617,2026,3333,mean_ring,5,8,710600,50.2724484222996,53200
23,layout,random,5000,22617,2026,3333,fourary,6,0,1204600,0,0
23,layout,random,5000,22617,2026,3333,degree4,6,1,1252100,0,276200
23,layout,random,5000,22617,2026,3333,caliber,6,2,988200,0,72100
23,layout,random,5000,22617,2026,3333,max_maxdegree,6,3,704100,12.49995752954148,81700
23,layout,random,5000,22617,2026,3333,mean_degree,6,4,667600,11.113863116748375,53200
23,layout,random,5000,22617,2026,3333,mean_map,6,5,749300,50.2724484222996,53200
23,layout,random,5000,22617,2026,3333,mean_ring,6,6,700500,50.2724484222996,53200
23,layout,random,5000,22617,2026,3333,std_binary,6,7,1290500,0,0
23,layout,random,5000,22617,2026,3333,binary,6,8,1247200,0,0
23,layout,random,5000,22617,2026,3333,binary,7,0,1104000,0,0
23,layout,random,5000,22617,2026,3333,std_binary,7,1,1724700,0,0
23,layout,random,5000,22617,2026,3333,mean_ring,7,2,885200,50.2724484222996,53200
23,layout,random,5000,22617,2026,3333,mean_map,7,3,982200,50.2724484222996,53200
23,layout,random,5000,22617,2026,3333,mean_degree,7,4,827900,11.113863116748375,53200
23,layout,random,5000,22617,2026,3333,max_maxdegree,7,5,696900,12.49995752954148,81700
23,layout,random,5000,22617,2026,3333,caliber,7,6,1098600,0,72100
23,layout,random,5000,22617,2026,3333,degree4,7,7,1306300,0,276200
23,layout,random,5000,22617,2026,3333,fourary,7,8,1105600,0,0
24,layout,bfs,5000,22617,2026,289,mean_map,0,0,617100,50.272448422299114,53700
24,layout,bfs,5000,22617,2026,289,fourary,0,1,1217500,0,0
24,layout,bfs,5000,22617,2026,289,mean_degree,0,2,668900,11.113863116748268,53700
24,layout,bfs,5000,22617,2026,289,std_binary,0,3,1056500,0,0
24,layout,bfs,5000,22617,2026,289,caliber,0,4,942700,0,80100
24,layout,bfs,5000,22617,2026,289,mean_ring,0,5,556400,50.272448422299114,53700
24,layout,bfs,5000,22617,2026,289,max_maxdegree,0,6,737000,12.49995752954148,88300
24,layout,bfs,5000,22617,2026,289,binary,0,7,1114200,0,0
24,layout,bfs,5000,22617,2026,289,degree4,0,8,1269700,0,249500
24,layout,bfs,5000,22617,2026,289,degree4,1,0,1249300,0,249500
24,layout,bfs,5000,22617,2026,289,binary,1,1,1090400,0,0
24,layout,bfs,5000,22617,2026,289,max_maxdegree,1,2,699900,12.49995752954148,88300
24,layout,bfs,5000,22617,2026,289,mean_ring,1,3,548900,50.272448422299114,53700
24,layout,bfs,5000,22617,2026,289,caliber,1,4,947700,0,80100
24,layout,bfs,5000,22617,2026,289,std_binary,1,5,1083100,0,0
24,layout,bfs,5000,22617,2026,289,mean_degree,1,6,676700,11.113863116748268,53700
24,layout,bfs,5000,22617,2026,289,fourary,1,7,1076400,0,0
24,layout,bfs,5000,22617,2026,289,mean_map,1,8,589900,50.272448422299114,53700
24,layout,bfs,5000,22617,2026,289,fourary,2,0,1140900,0,0
24,layout,bfs,5000,22617,2026,289,binary,2,1,1153500,0,0
24,layout,bfs,5000,22617,2026,289,degree4,2,2,1255800,0,249500
24,layout,bfs,5000,22617,2026,289,mean_degree,2,3,719900,11.113863116748268,53700
24,layout,bfs,5000,22617,2026,289,mean_map,2,4,670200,50.272448422299114,53700
24,layout,bfs,5000,22617,2026,289,mean_ring,2,5,624700,50.272448422299114,53700
24,layout,bfs,5000,22617,2026,289,std_binary,2,6,1207800,0,0
24,layout,bfs,5000,22617,2026,289,max_maxdegree,2,7,875600,12.49995752954148,88300
24,layout,bfs,5000,22617,2026,289,caliber,2,8,1009300,0,80100
24,layout,bfs,5000,22617,2026,289,caliber,3,0,1379000,0,80100
24,layout,bfs,5000,22617,2026,289,max_maxdegree,3,1,1009000,12.49995752954148,88300
24,layout,bfs,5000,22617,2026,289,std_binary,3,2,1128400,0,0
24,layout,bfs,5000,22617,2026,289,mean_ring,3,3,593300,50.272448422299114,53700
24,layout,bfs,5000,22617,2026,289,mean_map,3,4,604700,50.272448422299114,53700
24,layout,bfs,5000,22617,2026,289,mean_degree,3,5,740800,11.113863116748268,53700
24,layout,bfs,5000,22617,2026,289,degree4,3,6,1355300,0,249500
24,layout,bfs,5000,22617,2026,289,binary,3,7,1105400,0,0
24,layout,bfs,5000,22617,2026,289,fourary,3,8,1101500,0,0
24,layout,bfs,5000,22617,2026,289,max_maxdegree,4,0,721500,12.49995752954148,88300
24,layout,bfs,5000,22617,2026,289,fourary,4,1,1092000,0,0
24,layout,bfs,5000,22617,2026,289,binary,4,2,1324700,0,0
24,layout,bfs,5000,22617,2026,289,std_binary,4,3,1178400,0,0
24,layout,bfs,5000,22617,2026,289,mean_ring,4,4,576100,50.272448422299114,53700
24,layout,bfs,5000,22617,2026,289,mean_degree,4,5,850400,11.113863116748268,53700
24,layout,bfs,5000,22617,2026,289,caliber,4,6,977800,0,80100
24,layout,bfs,5000,22617,2026,289,mean_map,4,7,632400,50.272448422299114,53700
24,layout,bfs,5000,22617,2026,289,degree4,4,8,1409900,0,249500
24,layout,bfs,5000,22617,2026,289,degree4,5,0,1251400,0,249500
24,layout,bfs,5000,22617,2026,289,mean_map,5,1,594100,50.272448422299114,53700
24,layout,bfs,5000,22617,2026,289,caliber,5,2,942500,0,80100
24,layout,bfs,5000,22617,2026,289,mean_degree,5,3,713800,11.113863116748268,53700
24,layout,bfs,5000,22617,2026,289,mean_ring,5,4,543700,50.272448422299114,53700
24,layout,bfs,5000,22617,2026,289,std_binary,5,5,1086000,0,0
24,layout,bfs,5000,22617,2026,289,binary,5,6,1146300,0,0
24,layout,bfs,5000,22617,2026,289,fourary,5,7,1045100,0,0
24,layout,bfs,5000,22617,2026,289,max_maxdegree,5,8,650500,12.49995752954148,88300
24,layout,bfs,5000,22617,2026,289,std_binary,6,0,1038800,0,0
24,layout,bfs,5000,22617,2026,289,caliber,6,1,915400,0,80100
24,layout,bfs,5000,22617,2026,289,max_maxdegree,6,2,631900,12.49995752954148,88300
24,layout,bfs,5000,22617,2026,289,binary,6,3,1057000,0,0
24,layout,bfs,5000,22617,2026,289,mean_map,6,4,584300,50.272448422299114,53700
24,layout,bfs,5000,22617,2026,289,fourary,6,5,1059300,0,0
24,layout,bfs,5000,22617,2026,289,degree4,6,6,1196000,0,249500
24,layout,bfs,5000,22617,2026,289,mean_degree,6,7,675400,11.113863116748268,53700
24,layout,bfs,5000,22617,2026,289,mean_ring,6,8,540500,50.272448422299114,53700
24,layout,bfs,5000,22617,2026,289,mean_ring,7,0,573300,50.272448422299114,53700
24,layout,bfs,5000,22617,2026,289,mean_degree,7,1,664200,11.113863116748268,53700
24,layout,bfs,5000,22617,2026,289,degree4,7,2,1190600,0,249500
24,layout,bfs,5000,22617,2026,289,fourary,7,3,1066900,0,0
24,layout,bfs,5000,22617,2026,289,mean_map,7,4,578900,50.272448422299114,53700
24,layout,bfs,5000,22617,2026,289,binary,7,5,1048700,0,0
24,layout,bfs,5000,22617,2026,289,max_maxdegree,7,6,654300,12.49995752954148,88300
24,layout,bfs,5000,22617,2026,289,caliber,7,7,920000,0,80100
24,layout,bfs,5000,22617,2026,289,std_binary,7,8,997700,0,0
24,layout,bfs,5000,22617,2026,4813,mean_ring,0,0,568900,50.272448422299114,53700
24,layout,bfs,5000,22617,2026,4813,degree4,0,1,1202200,0,249500
24,layout,bfs,5000,22617,2026,4813,binary,0,2,1075500,0,0
24,layout,bfs,5000,22617,2026,4813,mean_degree,0,3,775700,11.113863116748268,53700
24,layout,bfs,5000,22617,2026,4813,fourary,0,4,1133400,0,0
24,layout,bfs,5000,22617,2026,4813,caliber,0,5,1056700,0,80100
24,layout,bfs,5000,22617,2026,4813,std_binary,0,6,1066400,0,0
24,layout,bfs,5000,22617,2026,4813,max_maxdegree,0,7,829200,12.49995752954148,88300
24,layout,bfs,5000,22617,2026,4813,mean_map,0,8,616900,50.272448422299114,53700
24,layout,bfs,5000,22617,2026,4813,mean_map,1,0,585800,50.272448422299114,53700
24,layout,bfs,5000,22617,2026,4813,max_maxdegree,1,1,673800,12.49995752954148,88300
24,layout,bfs,5000,22617,2026,4813,std_binary,1,2,1028300,0,0
24,layout,bfs,5000,22617,2026,4813,caliber,1,3,964200,0,80100
24,layout,bfs,5000,22617,2026,4813,fourary,1,4,1141700,0,0
24,layout,bfs,5000,22617,2026,4813,mean_degree,1,5,687400,11.113863116748268,53700
24,layout,bfs,5000,22617,2026,4813,binary,1,6,1277100,0,0
24,layout,bfs,5000,22617,2026,4813,degree4,1,7,1292000,0,249500
24,layout,bfs,5000,22617,2026,4813,mean_ring,1,8,534700,50.272448422299114,53700
24,layout,bfs,5000,22617,2026,4813,std_binary,2,0,1294100,0,0
24,layout,bfs,5000,22617,2026,4813,fourary,2,1,1513900,0,0
24,layout,bfs,5000,22617,2026,4813,mean_ring,2,2,873700,50.272448422299114,53700
24,layout,bfs,5000,22617,2026,4813,degree4,2,3,1314900,0,249500
24,layout,bfs,5000,22617,2026,4813,max_maxdegree,2,4,768800,12.49995752954148,88300
24,layout,bfs,5000,22617,2026,4813,binary,2,5,1063700,0,0
24,layout,bfs,5000,22617,2026,4813,mean_degree,2,6,736900,11.113863116748268,53700
24,layout,bfs,5000,22617,2026,4813,caliber,2,7,931600,0,80100
24,layout,bfs,5000,22617,2026,4813,mean_map,2,8,609200,50.272448422299114,53700
24,layout,bfs,5000,22617,2026,4813,mean_map,3,0,599800,50.272448422299114,53700
24,layout,bfs,5000,22617,2026,4813,caliber,3,1,922300,0,80100
24,layout,bfs,5000,22617,2026,4813,mean_degree,3,2,673200,11.113863116748268,53700
24,layout,bfs,5000,22617,2026,4813,binary,3,3,1060900,0,0
24,layout,bfs,5000,22617,2026,4813,max_maxdegree,3,4,659200,12.49995752954148,88300
24,layout,bfs,5000,22617,2026,4813,degree4,3,5,1247300,0,249500
24,layout,bfs,5000,22617,2026,4813,mean_ring,3,6,555800,50.272448422299114,53700
24,layout,bfs,5000,22617,2026,4813,fourary,3,7,1077600,0,0
24,layout,bfs,5000,22617,2026,4813,std_binary,3,8,1047700,0,0
24,layout,bfs,5000,22617,2026,4813,degree4,4,0,1212600,0,249500
24,layout,bfs,5000,22617,2026,4813,fourary,4,1,1045100,0,0
24,layout,bfs,5000,22617,2026,4813,mean_ring,4,2,567900,50.272448422299114,53700
24,layout,bfs,5000,22617,2026,4813,caliber,4,3,948500,0,80100
24,layout,bfs,5000,22617,2026,4813,mean_map,4,4,584800,50.272448422299114,53700
24,layout,bfs,5000,22617,2026,4813,binary,4,5,1055400,0,0
24,layout,bfs,5000,22617,2026,4813,std_binary,4,6,1041200,0,0
24,layout,bfs,5000,22617,2026,4813,mean_degree,4,7,660300,11.113863116748268,53700
24,layout,bfs,5000,22617,2026,4813,max_maxdegree,4,8,695100,12.49995752954148,88300
24,layout,bfs,5000,22617,2026,4813,max_maxdegree,5,0,637100,12.49995752954148,88300
24,layout,bfs,5000,22617,2026,4813,mean_degree,5,1,649000,11.113863116748268,53700
24,layout,bfs,5000,22617,2026,4813,std_binary,5,2,1037300,0,0
24,layout,bfs,5000,22617,2026,4813,binary,5,3,1055300,0,0
24,layout,bfs,5000,22617,2026,4813,mean_map,5,4,580900,50.272448422299114,53700
24,layout,bfs,5000,22617,2026,4813,caliber,5,5,926700,0,80100
24,layout,bfs,5000,22617,2026,4813,mean_ring,5,6,527600,50.272448422299114,53700
24,layout,bfs,5000,22617,2026,4813,fourary,5,7,1090600,0,0
24,layout,bfs,5000,22617,2026,4813,degree4,5,8,1280500,0,249500
24,layout,bfs,5000,22617,2026,4813,mean_degree,6,0,690100,11.113863116748268,53700
24,layout,bfs,5000,22617,2026,4813,caliber,6,1,919400,0,80100
24,layout,bfs,5000,22617,2026,4813,mean_map,6,2,581900,50.272448422299114,53700
24,layout,bfs,5000,22617,2026,4813,degree4,6,3,1685100,0,249500
24,layout,bfs,5000,22617,2026,4813,fourary,6,4,1076600,0,0
24,layout,bfs,5000,22617,2026,4813,max_maxdegree,6,5,670500,12.49995752954148,88300
24,layout,bfs,5000,22617,2026,4813,std_binary,6,6,1038900,0,0
24,layout,bfs,5000,22617,2026,4813,mean_ring,6,7,533200,50.272448422299114,53700
24,layout,bfs,5000,22617,2026,4813,binary,6,8,1167800,0,0
24,layout,bfs,5000,22617,2026,4813,binary,7,0,1121400,0,0
24,layout,bfs,5000,22617,2026,4813,mean_ring,7,1,593200,50.272448422299114,53700
24,layout,bfs,5000,22617,2026,4813,std_binary,7,2,1049500,0,0
24,layout,bfs,5000,22617,2026,4813,max_maxdegree,7,3,710800,12.49995752954148,88300
24,layout,bfs,5000,22617,2026,4813,fourary,7,4,1140300,0,0
24,layout,bfs,5000,22617,2026,4813,degree4,7,5,1271900,0,249500
24,layout,bfs,5000,22617,2026,4813,mean_map,7,6,631400,50.272448422299114,53700
24,layout,bfs,5000,22617,2026,4813,caliber,7,7,937100,0,80100
24,layout,bfs,5000,22617,2026,4813,mean_degree,7,8,664400,11.113863116748268,53700
25,layout,rcm,5000,22617,2026,4710,caliber,0,0,963900,0,77900
25,layout,rcm,5000,22617,2026,4710,degree4,0,1,1479500,0,248700
25,layout,rcm,5000,22617,2026,4710,mean_ring,0,2,747400,50.27244842229971,44300
25,layout,rcm,5000,22617,2026,4710,max_maxdegree,0,3,676900,12.49995752954148,90100
25,layout,rcm,5000,22617,2026,4710,binary,0,4,1098000,0,0
25,layout,rcm,5000,22617,2026,4710,mean_map,0,5,615600,50.27244842229971,44300
25,layout,rcm,5000,22617,2026,4710,mean_degree,0,6,706600,11.1138631167484,44300
25,layout,rcm,5000,22617,2026,4710,std_binary,0,7,1040600,0,0
25,layout,rcm,5000,22617,2026,4710,fourary,0,8,1073800,0,0
25,layout,rcm,5000,22617,2026,4710,fourary,1,0,1057000,0,0
25,layout,rcm,5000,22617,2026,4710,std_binary,1,1,1062300,0,0
25,layout,rcm,5000,22617,2026,4710,mean_degree,1,2,674900,11.1138631167484,44300
25,layout,rcm,5000,22617,2026,4710,mean_map,1,3,613500,50.27244842229971,44300
25,layout,rcm,5000,22617,2026,4710,binary,1,4,1093300,0,0
25,layout,rcm,5000,22617,2026,4710,max_maxdegree,1,5,687000,12.49995752954148,90100
25,layout,rcm,5000,22617,2026,4710,mean_ring,1,6,548700,50.27244842229971,44300
25,layout,rcm,5000,22617,2026,4710,degree4,1,7,1226800,0,248700
25,layout,rcm,5000,22617,2026,4710,caliber,1,8,970000,0,77900
25,layout,rcm,5000,22617,2026,4710,max_maxdegree,2,0,776700,12.49995752954148,90100
25,layout,rcm,5000,22617,2026,4710,mean_degree,2,1,702400,11.1138631167484,44300
25,layout,rcm,5000,22617,2026,4710,fourary,2,2,1478700,0,0
25,layout,rcm,5000,22617,2026,4710,mean_ring,2,3,638000,50.27244842229971,44300
25,layout,rcm,5000,22617,2026,4710,std_binary,2,4,1065400,0,0
25,layout,rcm,5000,22617,2026,4710,mean_map,2,5,586200,50.27244842229971,44300
25,layout,rcm,5000,22617,2026,4710,binary,2,6,1251800,0,0
25,layout,rcm,5000,22617,2026,4710,caliber,2,7,1073900,0,77900
25,layout,rcm,5000,22617,2026,4710,degree4,2,8,1256300,0,248700
25,layout,rcm,5000,22617,2026,4710,degree4,3,0,1174300,0,248700
25,layout,rcm,5000,22617,2026,4710,caliber,3,1,1006400,0,77900
25,layout,rcm,5000,22617,2026,4710,binary,3,2,1340100,0,0
25,layout,rcm,5000,22617,2026,4710,mean_map,3,3,606500,50.27244842229971,44300
25,layout,rcm,5000,22617,2026,4710,std_binary,3,4,1096600,0,0
25,layout,rcm,5000,22617,2026,4710,mean_ring,3,5,577800,50.27244842229971,44300
25,layout,rcm,5000,22617,2026,4710,fourary,3,6,1275800,0,0
25,layout,rcm,5000,22617,2026,4710,mean_degree,3,7,731800,11.1138631167484,44300
25,layout,rcm,5000,22617,2026,4710,max_maxdegree,3,8,693200,12.49995752954148,90100
25,layout,rcm,5000,22617,2026,4710,mean_degree,4,0,712500,11.1138631167484,44300
25,layout,rcm,5000,22617,2026,4710,fourary,4,1,1110100,0,0
25,layout,rcm,5000,22617,2026,4710,max_maxdegree,4,2,709000,12.49995752954148,90100
25,layout,rcm,5000,22617,2026,4710,std_binary,4,3,1029400,0,0
25,layout,rcm,5000,22617,2026,4710,binary,4,4,1076200,0,0
25,layout,rcm,5000,22617,2026,4710,mean_ring,4,5,544300,50.27244842229971,44300
25,layout,rcm,5000,22617,2026,4710,degree4,4,6,1227100,0,248700
25,layout,rcm,5000,22617,2026,4710,mean_map,4,7,592500,50.27244842229971,44300
25,layout,rcm,5000,22617,2026,4710,caliber,4,8,991100,0,77900
25,layout,rcm,5000,22617,2026,4710,caliber,5,0,944800,0,77900
25,layout,rcm,5000,22617,2026,4710,mean_map,5,1,756200,50.27244842229971,44300
25,layout,rcm,5000,22617,2026,4710,degree4,5,2,1277900,0,248700
25,layout,rcm,5000,22617,2026,4710,mean_ring,5,3,640200,50.27244842229971,44300
25,layout,rcm,5000,22617,2026,4710,binary,5,4,1093800,0,0
25,layout,rcm,5000,22617,2026,4710,std_binary,5,5,1104100,0,0
25,layout,rcm,5000,22617,2026,4710,max_maxdegree,5,6,777500,12.49995752954148,90100
25,layout,rcm,5000,22617,2026,4710,fourary,5,7,1177500,0,0
25,layout,rcm,5000,22617,2026,4710,mean_degree,5,8,709800,11.1138631167484,44300
25,layout,rcm,5000,22617,2026,4710,degree4,6,0,1494300,0,248700
25,layout,rcm,5000,22617,2026,4710,binary,6,1,1092100,0,0
25,layout,rcm,5000,22617,2026,4710,mean_degree,6,2,782300,11.1138631167484,44300
25,layout,rcm,5000,22617,2026,4710,max_maxdegree,6,3,693000,12.49995752954148,90100
25,layout,rcm,5000,22617,2026,4710,std_binary,6,4,1354200,0,0
25,layout,rcm,5000,22617,2026,4710,fourary,6,5,1229200,0,0
25,layout,rcm,5000,22617,2026,4710,caliber,6,6,960900,0,77900
25,layout,rcm,5000,22617,2026,4710,mean_map,6,7,608300,50.27244842229971,44300
25,layout,rcm,5000,22617,2026,4710,mean_ring,6,8,568600,50.27244842229971,44300
25,layout,rcm,5000,22617,2026,4710,mean_ring,7,0,616100,50.27244842229971,44300
25,layout,rcm,5000,22617,2026,4710,mean_map,7,1,714600,50.27244842229971,44300
25,layout,rcm,5000,22617,2026,4710,caliber,7,2,967600,0,77900
25,layout,rcm,5000,22617,2026,4710,fourary,7,3,1082900,0,0
25,layout,rcm,5000,22617,2026,4710,std_binary,7,4,1059800,0,0
25,layout,rcm,5000,22617,2026,4710,max_maxdegree,7,5,885100,12.49995752954148,90100
25,layout,rcm,5000,22617,2026,4710,mean_degree,7,6,853900,11.1138631167484,44300
25,layout,rcm,5000,22617,2026,4710,binary,7,7,1126100,0,0
25,layout,rcm,5000,22617,2026,4710,degree4,7,8,1248300,0,248700
25,layout,rcm,5000,22617,2026,186,mean_degree,0,0,732300,11.1138631167484,44300
25,layout,rcm,5000,22617,2026,186,degree4,0,1,1205100,0,248700
25,layout,rcm,5000,22617,2026,186,std_binary,0,2,1095600,0,0
25,layout,rcm,5000,22617,2026,186,mean_ring,0,3,591100,50.27244842229971,44300
25,layout,rcm,5000,22617,2026,186,fourary,0,4,1144300,0,0
25,layout,rcm,5000,22617,2026,186,caliber,0,5,981300,0,77900
25,layout,rcm,5000,22617,2026,186,mean_map,0,6,636000,50.27244842229971,44300
25,layout,rcm,5000,22617,2026,186,binary,0,7,1179900,0,0
25,layout,rcm,5000,22617,2026,186,max_maxdegree,0,8,684600,12.49995752954148,90100
25,layout,rcm,5000,22617,2026,186,max_maxdegree,1,0,723400,12.49995752954148,90100
25,layout,rcm,5000,22617,2026,186,binary,1,1,1128000,0,0
25,layout,rcm,5000,22617,2026,186,mean_map,1,2,625000,50.27244842229971,44300
25,layout,rcm,5000,22617,2026,186,caliber,1,3,954900,0,77900
25,layout,rcm,5000,22617,2026,186,fourary,1,4,1122100,0,0
25,layout,rcm,5000,22617,2026,186,mean_ring,1,5,565500,50.27244842229971,44300
25,layout,rcm,5000,22617,2026,186,std_binary,1,6,1088300,0,0
25,layout,rcm,5000,22617,2026,186,degree4,1,7,1261600,0,248700
25,layout,rcm,5000,22617,2026,186,mean_degree,1,8,706300,11.1138631167484,44300
25,layout,rcm,5000,22617,2026,186,fourary,2,0,1100700,0,0
25,layout,rcm,5000,22617,2026,186,std_binary,2,1,1046200,0,0
25,layout,rcm,5000,22617,2026,186,mean_map,2,2,602200,50.27244842229971,44300
25,layout,rcm,5000,22617,2026,186,mean_degree,2,3,732500,11.1138631167484,44300
25,layout,rcm,5000,22617,2026,186,caliber,2,4,991400,0,77900
25,layout,rcm,5000,22617,2026,186,max_maxdegree,2,5,718400,12.49995752954148,90100
25,layout,rcm,5000,22617,2026,186,degree4,2,6,1264500,0,248700
25,layout,rcm,5000,22617,2026,186,mean_ring,2,7,554400,50.27244842229971,44300
25,layout,rcm,5000,22617,2026,186,binary,2,8,1184800,0,0
25,layout,rcm,5000,22617,2026,186,binary,3,0,1099400,0,0
25,layout,rcm,5000,22617,2026,186,mean_ring,3,1,553100,50.27244842229971,44300
25,layout,rcm,5000,22617,2026,186,degree4,3,2,1239200,0,248700
25,layout,rcm,5000,22617,2026,186,max_maxdegree,3,3,890400,12.49995752954148,90100
25,layout,rcm,5000,22617,2026,186,caliber,3,4,1917600,0,77900
25,layout,rcm,5000,22617,2026,186,mean_degree,3,5,828400,11.1138631167484,44300
25,layout,rcm,5000,22617,2026,186,mean_map,3,6,677600,50.27244842229971,44300
25,layout,rcm,5000,22617,2026,186,std_binary,3,7,1114900,0,0
25,layout,rcm,5000,22617,2026,186,fourary,3,8,1403600,0,0
25,layout,rcm,5000,22617,2026,186,mean_degree,4,0,868000,11.1138631167484,44300
25,layout,rcm,5000,22617,2026,186,mean_ring,4,1,586500,50.27244842229971,44300
25,layout,rcm,5000,22617,2026,186,caliber,4,2,967700,0,77900
25,layout,rcm,5000,22617,2026,186,binary,4,3,1104100,0,0
25,layout,rcm,5000,22617,2026,186,degree4,4,4,1270100,0,248700
25,layout,rcm,5000,22617,2026,186,fourary,4,5,1158000,0,0
25,layout,rcm,5000,22617,2026,186,max_maxdegree,4,6,692700,12.49995752954148,90100
25,layout,rcm,5000,22617,2026,186,std_binary,4,7,1160400,0,0
25,layout,rcm,5000,22617,2026,186,mean_map,4,8,673800,50.27244842229971,44300
25,layout,rcm,5000,22617,2026,186,mean_map,5,0,646900,50.27244842229971,44300
25,layout,rcm,5000,22617,2026,186,std_binary,5,1,1133900,0,0
25,layout,rcm,5000,22617,2026,186,max_maxdegree,5,2,725100,12.49995752954148,90100
25,layout,rcm,5000,22617,2026,186,fourary,5,3,1148300,0,0
25,layout,rcm,5000,22617,2026,186,degree4,5,4,1261200,0,248700
25,layout,rcm,5000,22617,2026,186,binary,5,5,1279700,0,0
25,layout,rcm,5000,22617,2026,186,caliber,5,6,991800,0,77900
25,layout,rcm,5000,22617,2026,186,mean_ring,5,7,672800,50.27244842229971,44300
25,layout,rcm,5000,22617,2026,186,mean_degree,5,8,812300,11.1138631167484,44300
25,layout,rcm,5000,22617,2026,186,max_maxdegree,6,0,924600,12.49995752954148,90100
25,layout,rcm,5000,22617,2026,186,std_binary,6,1,1357900,0,0
25,layout,rcm,5000,22617,2026,186,binary,6,2,1165600,0,0
25,layout,rcm,5000,22617,2026,186,mean_degree,6,3,693000,11.1138631167484,44300
25,layout,rcm,5000,22617,2026,186,caliber,6,4,972900,0,77900
25,layout,rcm,5000,22617,2026,186,mean_ring,6,5,594900,50.27244842229971,44300
25,layout,rcm,5000,22617,2026,186,fourary,6,6,1181600,0,0
25,layout,rcm,5000,22617,2026,186,mean_map,6,7,691600,50.27244842229971,44300
25,layout,rcm,5000,22617,2026,186,degree4,6,8,1248700,0,248700
25,layout,rcm,5000,22617,2026,186,degree4,7,0,1471400,0,248700
25,layout,rcm,5000,22617,2026,186,mean_map,7,1,803100,50.27244842229971,44300
25,layout,rcm,5000,22617,2026,186,fourary,7,2,1120700,0,0
25,layout,rcm,5000,22617,2026,186,mean_ring,7,3,567700,50.27244842229971,44300
25,layout,rcm,5000,22617,2026,186,caliber,7,4,988500,0,77900
25,layout,rcm,5000,22617,2026,186,mean_degree,7,5,762600,11.1138631167484,44300
25,layout,rcm,5000,22617,2026,186,binary,7,6,1111100,0,0
25,layout,rcm,5000,22617,2026,186,std_binary,7,7,1078700,0,0
25,layout,rcm,5000,22617,2026,186,max_maxdegree,7,8,685800,12.49995752954148,90100
26,layout,weight,100000,449260,2026,33333,fourary,0,0,46963300,0,0
26,layout,weight,100000,449260,2026,33333,caliber,0,1,43165300,0,1729300
26,layout,weight,100000,449260,2026,33333,binary,0,2,50964400,0,0
26,layout,weight,100000,449260,2026,33333,max_maxdegree,0,3,24018700,12.49996629355553,2608500
26,layout,weight,100000,449260,2026,33333,mean_degree,0,4,28224600,11.229466611178855,1549700
26,layout,weight,100000,449260,2026,33333,std_binary,0,5,46584600,0,0
26,layout,weight,100000,449260,2026,33333,mean_map,0,6,23459000,50.44950169738213,1549700
26,layout,weight,100000,449260,2026,33333,mean_ring,0,7,24393200,50.44950169738213,1549700
26,layout,weight,100000,449260,2026,33333,degree4,0,8,55389300,0,7020300
26,layout,weight,100000,449260,2026,33333,degree4,1,0,57514100,0,7020300
26,layout,weight,100000,449260,2026,33333,mean_ring,1,1,23684300,50.44950169738213,1549700
26,layout,weight,100000,449260,2026,33333,mean_map,1,2,27344600,50.44950169738213,1549700
26,layout,weight,100000,449260,2026,33333,std_binary,1,3,44963800,0,0
26,layout,weight,100000,449260,2026,33333,mean_degree,1,4,22962700,11.229466611178855,1549700
26,layout,weight,100000,449260,2026,33333,max_maxdegree,1,5,22435500,12.49996629355553,2608500
26,layout,weight,100000,449260,2026,33333,binary,1,6,45643400,0,0
26,layout,weight,100000,449260,2026,33333,caliber,1,7,38945300,0,1729300
26,layout,weight,100000,449260,2026,33333,fourary,1,8,46050800,0,0
26,layout,weight,100000,449260,2026,33333,mean_degree,2,0,24355400,11.229466611178855,1549700
26,layout,weight,100000,449260,2026,33333,degree4,2,1,54253900,0,7020300
26,layout,weight,100000,449260,2026,33333,mean_map,2,2,24969200,50.44950169738213,1549700
26,layout,weight,100000,449260,2026,33333,fourary,2,3,45503100,0,0
26,layout,weight,100000,449260,2026,33333,max_maxdegree,2,4,22976000,12.49996629355553,2608500
26,layout,weight,100000,449260,2026,33333,std_binary,2,5,45841300,0,0
26,layout,weight,100000,449260,2026,33333,caliber,2,6,41623500,0,1729300
26,layout,weight,100000,449260,2026,33333,binary,2,7,46332000,0,0
26,layout,weight,100000,449260,2026,33333,mean_ring,2,8,25823700,50.44950169738213,1549700
26,layout,weight,100000,449260,2026,33333,mean_ring,3,0,26003700,50.44950169738213,1549700
26,layout,weight,100000,449260,2026,33333,binary,3,1,45349300,0,0
26,layout,weight,100000,449260,2026,33333,caliber,3,2,42035900,0,1729300
26,layout,weight,100000,449260,2026,33333,std_binary,3,3,45615900,0,0
26,layout,weight,100000,449260,2026,33333,max_maxdegree,3,4,22776000,12.49996629355553,2608500
26,layout,weight,100000,449260,2026,33333,fourary,3,5,48979200,0,0
26,layout,weight,100000,449260,2026,33333,mean_map,3,6,26050300,50.44950169738213,1549700
26,layout,weight,100000,449260,2026,33333,degree4,3,7,57804200,0,7020300
26,layout,weight,100000,449260,2026,33333,mean_degree,3,8,22191300,11.229466611178855,1549700
26,layout,weight,100000,449260,2026,33333,degree4,4,0,57287700,0,7020300
26,layout,weight,100000,449260,2026,33333,fourary,4,1,44222800,0,0
26,layout,weight,100000,449260,2026,33333,max_maxdegree,4,2,23305500,12.49996629355553,2608500
26,layout,weight,100000,449260,2026,33333,binary,4,3,44276200,0,0
26,layout,weight,100000,449260,2026,33333,mean_ring,4,4,24453400,50.44950169738213,1549700
26,layout,weight,100000,449260,2026,33333,std_binary,4,5,42728700,0,0
26,layout,weight,100000,449260,2026,33333,mean_map,4,6,26027500,50.44950169738213,1549700
26,layout,weight,100000,449260,2026,33333,caliber,4,7,41324700,0,1729300
26,layout,weight,100000,449260,2026,33333,mean_degree,4,8,25019600,11.229466611178855,1549700
26,layout,weight,100000,449260,2026,33333,mean_degree,5,0,22390900,11.229466611178855,1549700
26,layout,weight,100000,449260,2026,33333,caliber,5,1,41981800,0,1729300
26,layout,weight,100000,449260,2026,33333,mean_map,5,2,25453900,50.44950169738213,1549700
26,layout,weight,100000,449260,2026,33333,std_binary,5,3,44343200,0,0
26,layout,weight,100000,449260,2026,33333,mean_ring,5,4,23375100,50.44950169738213,1549700
26,layout,weight,100000,449260,2026,33333,binary,5,5,48648800,0,0
26,layout,weight,100000,449260,2026,33333,max_maxdegree,5,6,24129300,12.49996629355553,2608500
26,layout,weight,100000,449260,2026,33333,fourary,5,7,46527500,0,0
26,layout,weight,100000,449260,2026,33333,degree4,5,8,55499900,0,7020300
26,layout,weight,100000,449260,2026,33333,binary,6,0,43722300,0,0
26,layout,weight,100000,449260,2026,33333,max_maxdegree,6,1,23806500,12.49996629355553,2608500
26,layout,weight,100000,449260,2026,33333,fourary,6,2,43362800,0,0
26,layout,weight,100000,449260,2026,33333,degree4,6,3,58837200,0,7020300
26,layout,weight,100000,449260,2026,33333,mean_degree,6,4,22463000,11.229466611178855,1549700
26,layout,weight,100000,449260,2026,33333,mean_map,6,5,23669400,50.44950169738213,1549700
26,layout,weight,100000,449260,2026,33333,caliber,6,6,39312200,0,1729300
26,layout,weight,100000,449260,2026,33333,std_binary,6,7,46801300,0,0
26,layout,weight,100000,449260,2026,33333,mean_ring,6,8,25684400,50.44950169738213,1549700
26,layout,weight,100000,449260,2026,33333,mean_ring,7,0,21828600,50.44950169738213,1549700
26,layout,weight,100000,449260,2026,33333,std_binary,7,1,46391200,0,0
26,layout,weight,100000,449260,2026,33333,caliber,7,2,40382400,0,1729300
26,layout,weight,100000,449260,2026,33333,mean_map,7,3,24140100,50.44950169738213,1549700
26,layout,weight,100000,449260,2026,33333,mean_degree,7,4,25122700,11.229466611178855,1549700
26,layout,weight,100000,449260,2026,33333,degree4,7,5,56797300,0,7020300
26,layout,weight,100000,449260,2026,33333,fourary,7,6,46079900,0,0
26,layout,weight,100000,449260,2026,33333,max_maxdegree,7,7,25105700,12.49996629355553,2608500
26,layout,weight,100000,449260,2026,33333,binary,7,8,45214100,0,0
26,layout,weight,100000,449260,2026,66666,std_binary,0,0,48992200,0,0
26,layout,weight,100000,449260,2026,66666,caliber,0,1,43786600,0,1729300
26,layout,weight,100000,449260,2026,66666,max_maxdegree,0,2,27335200,12.49996629355553,2608500
26,layout,weight,100000,449260,2026,66666,fourary,0,3,48274900,0,0
26,layout,weight,100000,449260,2026,66666,degree4,0,4,58340100,0,7020300
26,layout,weight,100000,449260,2026,66666,binary,0,5,50112600,0,0
26,layout,weight,100000,449260,2026,66666,mean_map,0,6,24490300,50.44950169738213,1549700
26,layout,weight,100000,449260,2026,66666,mean_ring,0,7,28767200,50.44950169738213,1549700
26,layout,weight,100000,449260,2026,66666,mean_degree,0,8,25046000,11.229466611178855,1549700
26,layout,weight,100000,449260,2026,66666,mean_degree,1,0,26317400,11.229466611178855,1549700
26,layout,weight,100000,449260,2026,66666,mean_ring,1,1,25515600,50.44950169738213,1549700
26,layout,weight,100000,449260,2026,66666,mean_map,1,2,26183100,50.44950169738213,1549700
26,layout,weight,100000,449260,2026,66666,binary,1,3,48745400,0,0
26,layout,weight,100000,449260,2026,66666,degree4,1,4,56734400,0,7020300
26,layout,weight,100000,449260,2026,66666,fourary,1,5,48430600,0,0
26,layout,weight,100000,449260,2026,66666,max_maxdegree,1,6,22003100,12.49996629355553,2608500
26,layout,weight,100000,449260,2026,66666,caliber,1,7,42080500,0,1729300
26,layout,weight,100000,449260,2026,66666,std_binary,1,8,48958300,0,0
26,layout,weight,100000,449260,2026,66666,caliber,2,0,42121700,0,1729300
26,layout,weight,100000,449260,2026,66666,mean_ring,2,1,23344700,50.44950169738213,1549700
26,layout,weight,100000,449260,2026,66666,mean_map,2,2,25506300,50.44950169738213,1549700
26,layout,weight,100000,449260,2026,66666,binary,2,3,45168100,0,0
26,layout,weight,100000,449260,2026,66666,max_maxdegree,2,4,24093500,12.49996629355553,2608500
26,layout,weight,100000,449260,2026,66666,mean_degree,2,5,24025500,11.229466611178855,1549700
26,layout,weight,100000,449260,2026,66666,fourary,2,6,45016000,0,0
26,layout,weight,100000,449260,2026,66666,degree4,2,7,57047500,0,7020300
26,layout,weight,100000,449260,2026,66666,std_binary,2,8,45347100,0,0
26,layout,weight,100000,449260,2026,66666,std_binary,3,0,44984100,0,0
26,layout,weight,100000,449260,2026,66666,degree4,3,1,55762500,0,7020300
26,layout,weight,100000,449260,2026,66666,fourary,3,2,45566500,0,0
26,layout,weight,100000,449260,2026,66666,mean_degree,3,3,23407200,11.229466611178855,1549700
26,layout,weight,100000,449260,2026,66666,max_maxdegree,3,4,23750100,12.49996629355553,2608500
26,layout,weight,100000,449260,2026,66666,binary,3,5,45744500,0,0
26,layout,weight,100000,449260,2026,66666,mean_map,3,6,26196900,50.44950169738213,1549700
26,layout,weight,100000,449260,2026,66666,mean_ring,3,7,24017100,50.44950169738213,1549700
26,layout,weight,100000,449260,2026,66666,caliber,3,8,42617400,0,1729300
26,layout,weight,100000,449260,2026,66666,caliber,4,0,42550600,0,1729300
26,layout,weight,100000,449260,2026,66666,mean_map,4,1,24778900,50.44950169738213,1549700
26,layout,weight,100000,449260,2026,66666,degree4,4,2,54893300,0,7020300
26,layout,weight,100000,449260,2026,66666,max_maxdegree,4,3,24120300,12.49996629355553,2608500
26,layout,weight,100000,449260,2026,66666,fourary,4,4,47473900,0,0
26,layout,weight,100000,449260,2026,66666,mean_degree,4,5,24649200,11.229466611178855,1549700
26,layout,weight,100000,449260,2026,66666,mean_ring,4,6,24759400,50.44950169738213,1549700
26,layout,weight,100000,449260,2026,66666,std_binary,4,7,44465800,0,0
26,layout,weight,100000,449260,2026,66666,binary,4,8,44921600,0,0
26,layout,weight,100000,449260,2026,66666,binary,5,0,46869000,0,0
26,layout,weight,100000,449260,2026,66666,std_binary,5,1,45169700,0,0
26,layout,weight,100000,449260,2026,66666,mean_ring,5,2,23471800,50.44950169738213,1549700
26,layout,weight,100000,449260,2026,66666,mean_degree,5,3,23405000,11.229466611178855,1549700
26,layout,weight,100000,449260,2026,66666,fourary,5,4,46499200,0,0
26,layout,weight,100000,449260,2026,66666,max_maxdegree,5,5,24610200,12.49996629355553,2608500
26,layout,weight,100000,449260,2026,66666,degree4,5,6,55539900,0,7020300
26,layout,weight,100000,449260,2026,66666,mean_map,5,7,24060100,50.44950169738213,1549700
26,layout,weight,100000,449260,2026,66666,caliber,5,8,40679400,0,1729300
26,layout,weight,100000,449260,2026,66666,binary,6,0,44190400,0,0
26,layout,weight,100000,449260,2026,66666,fourary,6,1,45599800,0,0
26,layout,weight,100000,449260,2026,66666,mean_degree,6,2,25731000,11.229466611178855,1549700
26,layout,weight,100000,449260,2026,66666,mean_ring,6,3,23003200,50.44950169738213,1549700
26,layout,weight,100000,449260,2026,66666,caliber,6,4,43750700,0,1729300
26,layout,weight,100000,449260,2026,66666,degree4,6,5,54055900,0,7020300
26,layout,weight,100000,449260,2026,66666,max_maxdegree,6,6,22530600,12.49996629355553,2608500
26,layout,weight,100000,449260,2026,66666,mean_map,6,7,25239200,50.44950169738213,1549700
26,layout,weight,100000,449260,2026,66666,std_binary,6,8,46080500,0,0
26,layout,weight,100000,449260,2026,66666,std_binary,7,0,46388700,0,0
26,layout,weight,100000,449260,2026,66666,mean_map,7,1,26755300,50.44950169738213,1549700
26,layout,weight,100000,449260,2026,66666,max_maxdegree,7,2,26376100,12.49996629355553,2608500
26,layout,weight,100000,449260,2026,66666,degree4,7,3,60667000,0,7020300
26,layout,weight,100000,449260,2026,66666,caliber,7,4,42085100,0,1729300
26,layout,weight,100000,449260,2026,66666,mean_ring,7,5,24548200,50.44950169738213,1549700
26,layout,weight,100000,449260,2026,66666,mean_degree,7,6,25118400,11.229466611178855,1549700
26,layout,weight,100000,449260,2026,66666,fourary,7,7,48272900,0,0
26,layout,weight,100000,449260,2026,66666,binary,7,8,45524500,0,0
27,layout,destination,100000,449260,2026,33333,fourary,0,0,51022200,0,0
27,layout,destination,100000,449260,2026,33333,caliber,0,1,45678700,0,1895800
27,layout,destination,100000,449260,2026,33333,binary,0,2,53445000,0,0
27,layout,destination,100000,449260,2026,33333,max_maxdegree,0,3,24667200,12.49996629355553,2655100
27,layout,destination,100000,449260,2026,33333,mean_degree,0,4,28155400,11.229466611178854,1637600
27,layout,destination,100000,449260,2026,33333,std_binary,0,5,50648100,0,0
27,layout,destination,100000,449260,2026,33333,mean_map,0,6,34388700,50.449501697382125,1637600
27,layout,destination,100000,449260,2026,33333,mean_ring,0,7,33767900,50.449501697382125,1637600
27,layout,destination,100000,449260,2026,33333,degree4,0,8,64892300,0,7144800
27,layout,destination,100000,449260,2026,33333,degree4,1,0,65704900,0,7144800
27,layout,destination,100000,449260,2026,33333,mean_ring,1,1,33691500,50.449501697382125,1637600
27,layout,destination,100000,449260,2026,33333,mean_map,1,2,35275700,50.449501697382125,1637600
27,layout,destination,100000,449260,2026,33333,std_binary,1,3,53717200,0,0
27,layout,destination,100000,449260,2026,33333,mean_degree,1,4,29900400,11.229466611178854,1637600
27,layout,destination,100000,449260,2026,33333,max_maxdegree,1,5,27959600,12.49996629355553,2655100
27,layout,destination,100000,449260,2026,33333,binary,1,6,52225800,0,0
27,layout,destination,100000,449260,2026,33333,caliber,1,7,47929400,0,1895800
27,layout,destination,100000,449260,2026,33333,fourary,1,8,51833600,0,0
27,layout,destination,100000,449260,2026,33333,mean_degree,2,0,29043400,11.229466611178854,1637600
27,layout,destination,100000,449260,2026,33333,degree4,2,1,61940000,0,7144800
27,layout,destination,100000,449260,2026,33333,mean_map,2,2,34198200,50.449501697382125,1637600
27,layout,destination,100000,449260,2026,33333,fourary,2,3,55216000,0,0
27,layout,destination,100000,449260,2026,33333,max_maxdegree,2,4,25396300,12.49996629355553,2655100
27,layout,destination,100000,449260,2026,33333,std_binary,2,5,49320600,0,0
27,layout,destination,100000,449260,2026,33333,caliber,2,6,45326900,0,1895800
27,layout,destination,100000,449260,2026,33333,binary,2,7,49760100,0,0
27,layout,destination,100000,449260,2026,33333,mean_ring,2,8,30882100,50.449501697382125,1637600
27,layout,destination,100000,449260,2026,33333,mean_ring,3,0,31759100,50.449501697382125,1637600
27,layout,destination,100000,449260,2026,33333,binary,3,1,49546800,0,0
27,layout,destination,100000,449260,2026,33333,caliber,3,2,43777700,0,1895800
27,layout,destination,100000,449260,2026,33333,std_binary,3,3,49691600,0,0
27,layout,destination,100000,449260,2026,33333,max_maxdegree,3,4,24457000,12.49996629355553,2655100
27,layout,destination,100000,449260,2026,33333,fourary,3,5,52349800,0,0
27,layout,destination,100000,449260,2026,33333,mean_map,3,6,32777400,50.449501697382125,1637600
27,layout,destination,100000,449260,2026,33333,degree4,3,7,59682200,0,7144800
27,layout,destination,100000,449260,2026,33333,mean_degree,3,8,23753500,11.229466611178854,1637600
27,layout,destination,100000,449260,2026,33333,degree4,4,0,60885000,0,7144800
27,layout,destination,100000,449260,2026,33333,fourary,4,1,49095500,0,0
27,layout,destination,100000,449260,2026,33333,max_maxdegree,4,2,27591000,12.49996629355553,2655100
27,layout,destination,100000,449260,2026,33333,binary,4,3,49946300,0,0
27,layout,destination,100000,449260,2026,33333,mean_ring,4,4,28330300,50.449501697382125,1637600
27,layout,destination,100000,449260,2026,33333,std_binary,4,5,46947200,0,0
27,layout,destination,100000,449260,2026,33333,mean_map,4,6,31118400,50.449501697382125,1637600
27,layout,destination,100000,449260,2026,33333,caliber,4,7,43828500,0,1895800
27,layout,destination,100000,449260,2026,33333,mean_degree,4,8,25021800,11.229466611178854,1637600
27,layout,destination,100000,449260,2026,33333,mean_degree,5,0,25082300,11.229466611178854,1637600
27,layout,destination,100000,449260,2026,33333,caliber,5,1,43893500,0,1895800
27,layout,destination,100000,449260,2026,33333,mean_map,5,2,30047100,50.449501697382125,1637600
27,layout,destination,100000,449260,2026,33333,std_binary,5,3,48935800,0,0
27,layout,destination,100000,449260,2026,33333,mean_ring,5,4,29086400,50.449501697382125,1637600
27,layout,destination,100000,449260,2026,33333,binary,5,5,53367800,0,0
27,layout,destination,100000,449260,2026,33333,max_maxdegree,5,6,26399700,12.49996629355553,2655100
27,layout,destination,100000,449260,2026,33333,fourary,5,7,48395400,0,0
27,layout,destination,100000,449260,2026,33333,degree4,5,8,59095100,0,7144800
27,layout,destination,100000,449260,2026,33333,binary,6,0,50418900,0,0
27,layout,destination,100000,449260,2026,33333,max_maxdegree,6,1,24150800,12.49996629355553,2655100
27,layout,destination,100000,449260,2026,33333,fourary,6,2,52527600,0,0
27,layout,destination,100000,449260,2026,33333,degree4,6,3,58180900,0,7144800
27,layout,destination,100000,449260,2026,33333,mean_degree,6,4,25528800,11.229466611178854,1637600
27,layout,destination,100000,449260,2026,33333,mean_map,6,5,29908800,50.449501697382125,1637600
27,layout,destination,100000,449260,2026,33333,caliber,6,6,45433700,0,1895800
27,layout,destination,100000,449260,2026,33333,std_binary,6,7,46950300,0,0
27,layout,destination,100000,449260,2026,33333,mean_ring,6,8,29881600,50.449501697382125,1637600
27,layout,destination,100000,449260,2026,33333,mean_ring,7,0,29120800,50.449501697382125,1637600
27,layout,destination,100000,449260,2026,33333,std_binary,7,1,49267000,0,0
27,layout,destination,100000,449260,2026,33333,caliber,7,2,47006600,0,1895800
27,layout,destination,100000,449260,2026,33333,mean_map,7,3,30808300,50.449501697382125,1637600
27,layout,destination,100000,449260,2026,33333,mean_degree,7,4,25087900,11.229466611178854,1637600
27,layout,destination,100000,449260,2026,33333,degree4,7,5,58278700,0,7144800
27,layout,destination,100000,449260,2026,33333,fourary,7,6,48772000,0,0
27,layout,destination,100000,449260,2026,33333,max_maxdegree,7,7,24728000,12.49996629355553,2655100
27,layout,destination,100000,449260,2026,33333,binary,7,8,53067700,0,0
27,layout,destination,100000,449260,2026,66666,std_binary,0,0,53075200,0,0
27,layout,destination,100000,449260,2026,66666,caliber,0,1,45074300,0,1895800
27,layout,destination,100000,449260,2026,66666,max_maxdegree,0,2,25944400,12.49996629355553,2655100
27,layout,destination,100000,449260,2026,66666,fourary,0,3,53257200,0,0
27,layout,destination,100000,449260,2026,66666,degree4,0,4,64703500,0,7144800
27,layout,destination,100000,449260,2026,66666,binary,0,5,51693400,0,0
27,layout,destination,100000,449260,2026,66666,mean_map,0,6,32323400,50.449501697382125,1637600
27,layout,destination,100000,449260,2026,66666,mean_ring,0,7,30199900,50.449501697382125,1637600
27,layout,destination,100000,449260,2026,66666,mean_degree,0,8,27918800,11.229466611178854,1637600
27,layout,destination,100000,449260,2026,66666,mean_degree,1,0,26549500,11.229466611178854,1637600
27,layout,destination,100000,449260,2026,66666,mean_ring,1,1,31201000,50.449501697382125,1637600
27,layout,destination,100000,449260,2026,66666,mean_map,1,2,33118900,50.449501697382125,1637600
27,layout,destination,100000,449260,2026,66666,binary,1,3,49309600,0,0
27,layout,destination,100000,449260,2026,66666,degree4,1,4,62828200,0,7144800
27,layout,destination,100000,449260,2026,66666,fourary,1,5,52730100,0,0
27,layout,destination,100000,449260,2026,66666,max_maxdegree,1,6,32699700,12.49996629355553,2655100
27,layout,destination,100000,449260,2026,66666,caliber,1,7,47034200,0,1895800
27,layout,destination,100000,449260,2026,66666,std_binary,1,8,51697700,0,0
27,layout,destination,100000,449260,2026,66666,caliber,2,0,50452500,0,1895800
27,layout,destination,100000,449260,2026,66666,mean_ring,2,1,32192300,50.449501697382125,1637600
27,layout,destination,100000,449260,2026,66666,mean_map,2,2,33762400,50.449501697382125,1637600
27,layout,destination,100000,449260,2026,66666,binary,2,3,54661500,0,0
27,layout,destination,100000,449260,2026,66666,max_maxdegree,2,4,26967900,12.49996629355553,2655100
27,layout,destination,100000,449260,2026,66666,mean_degree,2,5,25745000,11.229466611178854,1637600
27,layout,destination,100000,449260,2026,66666,fourary,2,6,50324900,0,0
27,layout,destination,100000,449260,2026,66666,degree4,2,7,66571100,0,7144800
27,layout,destination,100000,449260,2026,66666,std_binary,2,8,48653800,0,0
27,layout,destination,100000,449260,2026,66666,std_binary,3,0,50762500,0,0
27,layout,destination,100000,449260,2026,66666,degree4,3,1,61578000,0,7144800
27,layout,destination,100000,449260,2026,66666,fourary,3,2,51667400,0,0
27,layout,destination,100000,449260,2026,66666,mean_degree,3,3,26707800,11.229466611178854,1637600
27,layout,destination,100000,449260,2026,66666,max_maxdegree,3,4,26488400,12.49996629355553,2655100
27,layout,destination,100000,449260,2026,66666,binary,3,5,51355400,0,0
27,layout,destination,100000,449260,2026,66666,mean_map,3,6,32222400,50.449501697382125,1637600
27,layout,destination,100000,449260,2026,66666,mean_ring,3,7,30650000,50.449501697382125,1637600
27,layout,destination,100000,449260,2026,66666,caliber,3,8,48785500,0,1895800
27,layout,destination,100000,449260,2026,66666,caliber,4,0,46184600,0,1895800
27,layout,destination,100000,449260,2026,66666,mean_map,4,1,31467900,50.449501697382125,1637600
27,layout,destination,100000,449260,2026,66666,degree4,4,2,59766100,0,7144800
27,layout,destination,100000,449260,2026,66666,max_maxdegree,4,3,25011300,12.49996629355553,2655100
27,layout,destination,100000,449260,2026,66666,fourary,4,4,51380500,0,0
27,layout,destination,100000,449260,2026,66666,mean_degree,4,5,26290900,11.229466611178854,1637600
27,layout,destination,100000,449260,2026,66666,mean_ring,4,6,30943000,50.449501697382125,1637600
27,layout,destination,100000,449260,2026,66666,std_binary,4,7,51448200,0,0
27,layout,destination,100000,449260,2026,66666,binary,4,8,53510000,0,0
27,layout,destination,100000,449260,2026,66666,binary,5,0,50089800,0,0
27,layout,destination,100000,449260,2026,66666,std_binary,5,1,53505400,0,0
27,layout,destination,100000,449260,2026,66666,mean_ring,5,2,31904700,50.449501697382125,1637600
27,layout,destination,100000,449260,2026,66666,mean_degree,5,3,34637500,11.229466611178854,1637600
27,layout,destination,100000,449260,2026,66666,fourary,5,4,58031500,0,0
27,layout,destination,100000,449260,2026,66666,max_maxdegree,5,5,33018900,12.49996629355553,2655100
27,layout,destination,100000,449260,2026,66666,degree4,5,6,73357000,0,7144800
27,layout,destination,100000,449260,2026,66666,mean_map,5,7,41303300,50.449501697382125,1637600
27,layout,destination,100000,449260,2026,66666,caliber,5,8,62891100,0,1895800
27,layout,destination,100000,449260,2026,66666,binary,6,0,70567600,0,0
27,layout,destination,100000,449260,2026,66666,fourary,6,1,85070400,0,0
27,layout,destination,100000,449260,2026,66666,mean_degree,6,2,49716500,11.229466611178854,1637600
27,layout,destination,100000,449260,2026,66666,mean_ring,6,3,55882000,50.449501697382125,1637600
27,layout,destination,100000,449260,2026,66666,caliber,6,4,83315500,0,1895800
27,layout,destination,100000,449260,2026,66666,degree4,6,5,114081000,0,7144800
27,layout,destination,100000,449260,2026,66666,max_maxdegree,6,6,43812200,12.49996629355553,2655100
27,layout,destination,100000,449260,2026,66666,mean_map,6,7,51160200,50.449501697382125,1637600
27,layout,destination,100000,449260,2026,66666,std_binary,6,8,75235500,0,0
27,layout,destination,100000,449260,2026,66666,std_binary,7,0,76304800,0,0
27,layout,destination,100000,449260,2026,66666,mean_map,7,1,48736700,50.449501697382125,1637600
27,layout,destination,100000,449260,2026,66666,max_maxdegree,7,2,42307200,12.49996629355553,2655100
27,layout,destination,100000,449260,2026,66666,degree4,7,3,85283700,0,7144800
27,layout,destination,100000,449260,2026,66666,caliber,7,4,62504800,0,1895800
27,layout,destination,100000,449260,2026,66666,mean_ring,7,5,42007500,50.449501697382125,1637600
27,layout,destination,100000,449260,2026,66666,mean_degree,7,6,34305200,11.229466611178854,1637600
27,layout,destination,100000,449260,2026,66666,fourary,7,7,70095400,0,0
27,layout,destination,100000,449260,2026,66666,binary,7,8,72542900,0,0
28,layout,random,100000,449260,2026,33333,fourary,0,0,61665400,0,0
28,layout,random,100000,449260,2026,33333,caliber,0,1,61027900,0,2703000
28,layout,random,100000,449260,2026,33333,binary,0,2,61862900,0,0
28,layout,random,100000,449260,2026,33333,max_maxdegree,0,3,32887700,12.49996629355553,3071700
28,layout,random,100000,449260,2026,33333,mean_degree,0,4,31142200,11.229466611178854,2036000
28,layout,random,100000,449260,2026,33333,std_binary,0,5,59935100,0,0
28,layout,random,100000,449260,2026,33333,mean_map,0,6,39310200,50.449501697382125,2036000
28,layout,random,100000,449260,2026,33333,mean_ring,0,7,37694800,50.449501697382125,2036000
28,layout,random,100000,449260,2026,33333,degree4,0,8,75038000,0,8072900
28,layout,random,100000,449260,2026,33333,degree4,1,0,69829200,0,8072900
28,layout,random,100000,449260,2026,33333,mean_ring,1,1,39452800,50.449501697382125,2036000
28,layout,random,100000,449260,2026,33333,mean_map,1,2,39972300,50.449501697382125,2036000
28,layout,random,100000,449260,2026,33333,std_binary,1,3,56956700,0,0
28,layout,random,100000,449260,2026,33333,mean_degree,1,4,33857900,11.229466611178854,2036000
28,layout,random,100000,449260,2026,33333,max_maxdegree,1,5,31728600,12.49996629355553,3071700
28,layout,random,100000,449260,2026,33333,binary,1,6,58866100,0,0
28,layout,random,100000,449260,2026,33333,caliber,1,7,51220600,0,2703000
28,layout,random,100000,449260,2026,33333,fourary,1,8,57673400,0,0
28,layout,random,100000,449260,2026,33333,mean_degree,2,0,29302100,11.229466611178854,2036000
28,layout,random,100000,449260,2026,33333,degree4,2,1,64361700,0,8072900
28,layout,random,100000,449260,2026,33333,mean_map,2,2,38009800,50.449501697382125,2036000
28,layout,random,100000,449260,2026,33333,fourary,2,3,52523000,0,0
28,layout,random,100000,449260,2026,33333,max_maxdegree,2,4,26954100,12.49996629355553,3071700
28,layout,random,100000,449260,2026,33333,std_binary,2,5,47005500,0,0
28,layout,random,100000,449260,2026,33333,caliber,2,6,45683700,0,2703000
28,layout,random,100000,449260,2026,33333,binary,2,7,52787500,0,0
28,layout,random,100000,449260,2026,33333,mean_ring,2,8,30097600,50.449501697382125,2036000
28,layout,random,100000,449260,2026,33333,mean_ring,3,0,30731900,50.449501697382125,2036000
28,layout,random,100000,449260,2026,33333,binary,3,1,49097000,0,0
28,layout,random,100000,449260,2026,33333,caliber,3,2,42715600,0,2703000
28,layout,random,100000,449260,2026,33333,std_binary,3,3,51173900,0,0
28,layout,random,100000,449260,2026,33333,max_maxdegree,3,4,25739800,12.49996629355553,3071700
28,layout,random,100000,449260,2026,33333,fourary,3,5,49425600,0,0
28,layout,random,100000,449260,2026,33333,mean_map,3,6,30931500,50.449501697382125,2036000
28,layout,random,100000,449260,2026,33333,degree4,3,7,57618500,0,8072900
28,layout,random,100000,449260,2026,33333,mean_degree,3,8,26637000,11.229466611178854,2036000
28,layout,random,100000,449260,2026,33333,degree4,4,0,62189800,0,8072900
28,layout,random,100000,449260,2026,33333,fourary,4,1,46393600,0,0
28,layout,random,100000,449260,2026,33333,max_maxdegree,4,2,24383900,12.49996629355553,3071700
28,layout,random,100000,449260,2026,33333,binary,4,3,46737400,0,0
28,layout,random,100000,449260,2026,33333,mean_ring,4,4,27921600,50.449501697382125,2036000
28,layout,random,100000,449260,2026,33333,std_binary,4,5,48860000,0,0
28,layout,random,100000,449260,2026,33333,mean_map,4,6,30501600,50.449501697382125,2036000
28,layout,random,100000,449260,2026,33333,caliber,4,7,41821900,0,2703000
28,layout,random,100000,449260,2026,33333,mean_degree,4,8,23163600,11.229466611178854,2036000
28,layout,random,100000,449260,2026,33333,mean_degree,5,0,24820900,11.229466611178854,2036000
28,layout,random,100000,449260,2026,33333,caliber,5,1,44577400,0,2703000
28,layout,random,100000,449260,2026,33333,mean_map,5,2,31435800,50.449501697382125,2036000
28,layout,random,100000,449260,2026,33333,std_binary,5,3,45453700,0,0
28,layout,random,100000,449260,2026,33333,mean_ring,5,4,27589000,50.449501697382125,2036000
28,layout,random,100000,449260,2026,33333,binary,5,5,50163000,0,0
28,layout,random,100000,449260,2026,33333,max_maxdegree,5,6,25599200,12.49996629355553,3071700
28,layout,random,100000,449260,2026,33333,fourary,5,7,45899600,0,0
28,layout,random,100000,449260,2026,33333,degree4,5,8,62396000,0,8072900
28,layout,random,100000,449260,2026,33333,binary,6,0,46202600,0,0
28,layout,random,100000,449260,2026,33333,max_maxdegree,6,1,21714100,12.49996629355553,3071700
28,layout,random,100000,449260,2026,33333,fourary,6,2,50249200,0,0
28,layout,random,100000,449260,2026,33333,degree4,6,3,61700300,0,8072900
28,layout,random,100000,449260,2026,33333,mean_degree,6,4,22314800,11.229466611178854,2036000
28,layout,random,100000,449260,2026,33333,mean_map,6,5,26658500,50.449501697382125,2036000
28,layout,random,100000,449260,2026,33333,caliber,6,6,37766500,0,2703000
28,layout,random,100000,449260,2026,33333,std_binary,6,7,43526500,0,0
28,layout,random,100000,449260,2026,33333,mean_ring,6,8,27178700,50.449501697382125,2036000
28,layout,random,100000,449260,2026,33333,mean_ring,7,0,26615000,50.449501697382125,2036000
28,layout,random,100000,449260,2026,33333,std_binary,7,1,44541000,0,0
28,layout,random,100000,449260,2026,33333,caliber,7,2,38866000,0,2703000
28,layout,random,100000,449260,2026,33333,mean_map,7,3,26519700,50.449501697382125,2036000
28,layout,random,100000,449260,2026,33333,mean_degree,7,4,21544900,11.229466611178854,2036000
28,layout,random,100000,449260,2026,33333,degree4,7,5,55820600,0,8072900
28,layout,random,100000,449260,2026,33333,fourary,7,6,43249700,0,0
28,layout,random,100000,449260,2026,33333,max_maxdegree,7,7,22062400,12.49996629355553,3071700
28,layout,random,100000,449260,2026,33333,binary,7,8,43492300,0,0
28,layout,random,100000,449260,2026,66666,std_binary,0,0,46703300,0,0
28,layout,random,100000,449260,2026,66666,caliber,0,1,40245700,0,2703000
28,layout,random,100000,449260,2026,66666,max_maxdegree,0,2,24975800,12.49996629355553,3071700
28,layout,random,100000,449260,2026,66666,fourary,0,3,44854200,0,0
28,layout,random,100000,449260,2026,66666,degree4,0,4,53787300,0,8072900
28,layout,random,100000,449260,2026,66666,binary,0,5,45951100,0,0
28,layout,random,100000,449260,2026,66666,mean_map,0,6,27263600,50.449501697382125,2036000
28,layout,random,100000,449260,2026,66666,mean_ring,0,7,28016400,50.449501697382125,2036000
28,layout,random,100000,449260,2026,66666,mean_degree,0,8,26047800,11.229466611178854,2036000
28,layout,random,100000,449260,2026,66666,mean_degree,1,0,24280200,11.229466611178854,2036000
28,layout,random,100000,449260,2026,66666,mean_ring,1,1,28248100,50.449501697382125,2036000
28,layout,random,100000,449260,2026,66666,mean_map,1,2,28857500,50.449501697382125,2036000
28,layout,random,100000,449260,2026,66666,binary,1,3,46562500,0,0
28,layout,random,100000,449260,2026,66666,degree4,1,4,58196400,0,8072900
28,layout,random,100000,449260,2026,66666,fourary,1,5,45515400,0,0
28,layout,random,100000,449260,2026,66666,max_maxdegree,1,6,23184100,12.49996629355553,3071700
28,layout,random,100000,449260,2026,66666,caliber,1,7,43606300,0,2703000
28,layout,random,100000,449260,2026,66666,std_binary,1,8,46816300,0,0
28,layout,random,100000,449260,2026,66666,caliber,2,0,44075600,0,2703000
28,layout,random,100000,449260,2026,66666,mean_ring,2,1,27418300,50.449501697382125,2036000
28,layout,random,100000,449260,2026,66666,mean_map,2,2,32272900,50.449501697382125,2036000
28,layout,random,100000,449260,2026,66666,binary,2,3,49622700,0,0
28,layout,random,100000,449260,2026,66666,max_maxdegree,2,4,23822000,12.49996629355553,3071700
28,layout,random,100000,449260,2026,66666,mean_degree,2,5,25982100,11.229466611178854,2036000
28,layout,random,100000,449260,2026,66666,fourary,2,6,48604600,0,0
28,layout,random,100000,449260,2026,66666,degree4,2,7,59625300,0,8072900
28,layout,random,100000,449260,2026,66666,std_binary,2,8,48109200,0,0
28,layout,random,100000,449260,2026,66666,std_binary,3,0,46404900,0,0
28,layout,random,100000,449260,2026,66666,degree4,3,1,58469900,0,8072900
28,layout,random,100000,449260,2026,66666,fourary,3,2,50211400,0,0
28,layout,random,100000,449260,2026,66666,mean_degree,3,3,26466600,11.229466611178854,2036000
28,layout,random,100000,449260,2026,66666,max_maxdegree,3,4,26114400,12.49996629355553,3071700
28,layout,random,100000,449260,2026,66666,binary,3,5,49535400,0,0
28,layout,random,100000,449260,2026,66666,mean_map,3,6,31475400,50.449501697382125,2036000
28,layout,random,100000,449260,2026,66666,mean_ring,3,7,30125400,50.449501697382125,2036000
28,layout,random,100000,449260,2026,66666,caliber,3,8,45949800,0,2703000
28,layout,random,100000,449260,2026,66666,caliber,4,0,44723500,0,2703000
28,layout,random,100000,449260,2026,66666,mean_map,4,1,29909100,50.449501697382125,2036000
28,layout,random,100000,449260,2026,66666,degree4,4,2,60947200,0,8072900
28,layout,random,100000,449260,2026,66666,max_maxdegree,4,3,25738000,12.49996629355553,3071700
28,layout,random,100000,449260,2026,66666,fourary,4,4,48982700,0,0
28,layout,random,100000,449260,2026,66666,mean_degree,4,5,26458300,11.229466611178854,2036000
28,layout,random,100000,449260,2026,66666,mean_ring,4,6,29755900,50.449501697382125,2036000
28,layout,random,100000,449260,2026,66666,std_binary,4,7,49242500,0,0
28,layout,random,100000,449260,2026,66666,binary,4,8,49833100,0,0
28,layout,random,100000,449260,2026,66666,binary,5,0,49935400,0,0
28,layout,random,100000,449260,2026,66666,std_binary,5,1,48770000,0,0
28,layout,random,100000,449260,2026,66666,mean_ring,5,2,30299800,50.449501697382125,2036000
28,layout,random,100000,449260,2026,66666,mean_degree,5,3,26412600,11.229466611178854,2036000
28,layout,random,100000,449260,2026,66666,fourary,5,4,51448800,0,0
28,layout,random,100000,449260,2026,66666,max_maxdegree,5,5,26531700,12.49996629355553,3071700
28,layout,random,100000,449260,2026,66666,degree4,5,6,68721900,0,8072900
28,layout,random,100000,449260,2026,66666,mean_map,5,7,32049600,50.449501697382125,2036000
28,layout,random,100000,449260,2026,66666,caliber,5,8,43972100,0,2703000
28,layout,random,100000,449260,2026,66666,binary,6,0,48645800,0,0
28,layout,random,100000,449260,2026,66666,fourary,6,1,49822600,0,0
28,layout,random,100000,449260,2026,66666,mean_degree,6,2,22708600,11.229466611178854,2036000
28,layout,random,100000,449260,2026,66666,mean_ring,6,3,30410400,50.449501697382125,2036000
28,layout,random,100000,449260,2026,66666,caliber,6,4,42395800,0,2703000
28,layout,random,100000,449260,2026,66666,degree4,6,5,56432200,0,8072900
28,layout,random,100000,449260,2026,66666,max_maxdegree,6,6,25300200,12.49996629355553,3071700
28,layout,random,100000,449260,2026,66666,mean_map,6,7,29403000,50.449501697382125,2036000
28,layout,random,100000,449260,2026,66666,std_binary,6,8,47942300,0,0
28,layout,random,100000,449260,2026,66666,std_binary,7,0,45487700,0,0
28,layout,random,100000,449260,2026,66666,mean_map,7,1,28245800,50.449501697382125,2036000
28,layout,random,100000,449260,2026,66666,max_maxdegree,7,2,25094200,12.49996629355553,3071700
28,layout,random,100000,449260,2026,66666,degree4,7,3,59609300,0,8072900
28,layout,random,100000,449260,2026,66666,caliber,7,4,42222300,0,2703000
28,layout,random,100000,449260,2026,66666,mean_ring,7,5,30420900,50.449501697382125,2036000
28,layout,random,100000,449260,2026,66666,mean_degree,7,6,25444500,11.229466611178854,2036000
28,layout,random,100000,449260,2026,66666,fourary,7,7,49350900,0,0
28,layout,random,100000,449260,2026,66666,binary,7,8,51805500,0,0
29,layout,bfs,100000,449260,2026,12031,std_binary,0,0,42924800,0,0
29,layout,bfs,100000,449260,2026,12031,mean_map,0,1,23878300,50.44950169738313,1806400
29,layout,bfs,100000,449260,2026,12031,degree4,0,2,53375000,0,7310300
29,layout,bfs,100000,449260,2026,12031,fourary,0,3,46282500,0,0
29,layout,bfs,100000,449260,2026,12031,mean_ring,0,4,22785100,50.44950169738313,1806400
29,layout,bfs,100000,449260,2026,12031,binary,0,5,46153400,0,0
29,layout,bfs,100000,449260,2026,12031,caliber,0,6,41570700,0,3275100
29,layout,bfs,100000,449260,2026,12031,mean_degree,0,7,23358400,11.229466611179078,1806400
29,layout,bfs,100000,449260,2026,12031,max_maxdegree,0,8,23346200,12.49996629355553,4147200
29,layout,bfs,100000,449260,2026,12031,max_maxdegree,1,0,23745300,12.49996629355553,4147200
29,layout,bfs,100000,449260,2026,12031,mean_degree,1,1,22828200,11.229466611179078,1806400
29,layout,bfs,100000,449260,2026,12031,caliber,1,2,42074900,0,3275100
29,layout,bfs,100000,449260,2026,12031,binary,1,3,45825100,0,0
29,layout,bfs,100000,449260,2026,12031,mean_ring,1,4,23682500,50.44950169738313,1806400
29,layout,bfs,100000,449260,2026,12031,fourary,1,5,43012700,0,0
29,layout,bfs,100000,449260,2026,12031,degree4,1,6,56087600,0,7310300
29,layout,bfs,100000,449260,2026,12031,mean_map,1,7,23994800,50.44950169738313,1806400
29,layout,bfs,100000,449260,2026,12031,std_binary,1,8,42767600,0,0
29,layout,bfs,100000,449260,2026,12031,std_binary,2,0,43148800,0,0
29,layout,bfs,100000,449260,2026,12031,binary,2,1,45555300,0,0
29,layout,bfs,100000,449260,2026,12031,degree4,2,2,54535800,0,7310300
29,layout,bfs,100000,449260,2026,12031,mean_degree,2,3,25346300,11.229466611179078,1806400
29,layout,bfs,100000,449260,2026,12031,max_maxdegree,2,4,25803900,12.49996629355553,4147200
29,layout,bfs,100000,449260,2026,12031,mean_ring,2,5,25418700,50.44950169738313,1806400
29,layout,bfs,100000,449260,2026,12031,fourary,2,6,46240800,0,0
29,layout,bfs,100000,449260,2026,12031,mean_map,2,7,26516000,50.44950169738313,1806400
29,layout,bfs,100000,449260,2026,12031,caliber,2,8,41990600,0,3275100
29,layout,bfs,100000,449260,2026,12031,caliber,3,0,44198800,0,3275100
29,layout,bfs,100000,449260,2026,12031,mean_map,3,1,27995900,50.44950169738313,1806400
29,layout,bfs,100000,449260,2026,12031,fourary,3,2,45521100,0,0
29,layout,bfs,100000,449260,2026,12031,mean_ring,3,3,26742300,50.44950169738313,1806400
29,layout,bfs,100000,449260,2026,12031,max_maxdegree,3,4,24360200,12.49996629355553,4147200
29,layout,bfs,100000,449260,2026,12031,mean_degree,3,5,25789500,11.229466611179078,1806400
29,layout,bfs,100000,449260,2026,12031,degree4,3,6,61423500,0,7310300
29,layout,bfs,100000,449260,2026,12031,binary,3,7,52135200,0,0
29,layout,bfs,100000,449260,2026,12031,std_binary,3,8,48766400,0,0
29,layout,bfs,100000,449260,2026,12031,fourary,4,0,48997200,0,0
29,layout,bfs,100000,449260,2026,12031,max_maxdegree,4,1,27148100,12.49996629355553,4147200
29,layout,bfs,100000,449260,2026,12031,binary,4,2,50574300,0,0
29,layout,bfs,100000,449260,2026,12031,std_binary,4,3,48692500,0,0
29,layout,bfs,100000,449260,2026,12031,mean_ring,4,4,24854000,50.44950169738313,1806400
29,layout,bfs,100000,449260,2026,12031,caliber,4,5,44192700,0,3275100
29,layout,bfs,100000,449260,2026,12031,mean_map,4,6,29020200,50.44950169738313,1806400
29,layout,bfs,100000,449260,2026,12031,degree4,4,7,64523600,0,7310300
29,layout,bfs,100000,449260,2026,12031,mean_degree,4,8,30510200,11.229466611179078,1806400
29,layout,bfs,100000,449260,2026,12031,mean_degree,5,0,27394700,11.229466611179078,1806400
29,layout,bfs,100000,449260,2026,12031,degree4,5,1,67299300,0,7310300
29,layout,bfs,100000,449260,2026,12031,mean_map,5,2,30968000,50.44950169738313,1806400
29,layout,bfs,100000,449260,2026,12031,caliber,5,3,51005900,0,3275100
29,layout,bfs,100000,449260,2026,12031,mean_ring,5,4,33045500,50.44950169738313,1806400
29,layout,bfs,100000,449260,2026,12031,std_binary,5,5,57773200,0,0
29,layout,bfs,100000,449260,2026,12031,binary,5,6,58776700,0,0
29,layout,bfs,100000,449260,2026,12031,max_maxdegree,5,7,31395200,12.49996629355553,4147200
29,layout,bfs,100000,449260,2026,12031,fourary,5,8,59959200,0,0
29,layout,bfs,100000,449260,2026,12031,max_maxdegree,6,0,33641000,12.49996629355553,4147200
29,layout,bfs,100000,449260,2026,12031,mean_map,6,1,32373100,50.44950169738313,1806400
29,layout,bfs,100000,449260,2026,12031,mean_ring,6,2,34666400,50.44950169738313,1806400
29,layout,bfs,100000,449260,2026,12031,mean_degree,6,3,30004600,11.229466611179078,1806400
29,layout,bfs,100000,449260,2026,12031,degree4,6,4,70080800,0,7310300
29,layout,bfs,100000,449260,2026,12031,caliber,6,5,54800700,0,3275100
29,layout,bfs,100000,449260,2026,12031,fourary,6,6,59576400,0,0
29,layout,bfs,100000,449260,2026,12031,std_binary,6,7,56128500,0,0
29,layout,bfs,100000,449260,2026,12031,binary,6,8,56341100,0,0
29,layout,bfs,100000,449260,2026,12031,binary,7,0,59483000,0,0
29,layout,bfs,100000,449260,2026,12031,std_binary,7,1,72275800,0,0
29,layout,bfs,100000,449260,2026,12031,fourary,7,2,58412800,0,0
29,layout,bfs,100000,449260,2026,12031,caliber,7,3,53043400,0,3275100
29,layout,bfs,100000,449260,2026,12031,degree4,7,4,68403400,0,7310300
29,layout,bfs,100000,449260,2026,12031,mean_degree,7,5,29152000,11.229466611179078,1806400
29,layout,bfs,100000,449260,2026,12031,mean_ring,7,6,32166500,50.44950169738313,1806400
29,layout,bfs,100000,449260,2026,12031,mean_map,7,7,30016400,50.44950169738313,1806400
29,layout,bfs,100000,449260,2026,12031,max_maxdegree,7,8,28613800,12.49996629355553,4147200
29,layout,bfs,100000,449260,2026,93579,binary,0,0,49752900,0,0
29,layout,bfs,100000,449260,2026,93579,mean_map,0,1,27405800,50.44950169738313,1806400
29,layout,bfs,100000,449260,2026,93579,caliber,0,2,45510500,0,3275100
29,layout,bfs,100000,449260,2026,93579,max_maxdegree,0,3,28008600,12.49996629355553,4147200
29,layout,bfs,100000,449260,2026,93579,fourary,0,4,50588900,0,0
29,layout,bfs,100000,449260,2026,93579,std_binary,0,5,49001700,0,0
29,layout,bfs,100000,449260,2026,93579,degree4,0,6,59048200,0,7310300
29,layout,bfs,100000,449260,2026,93579,mean_ring,0,7,27854600,50.44950169738313,1806400
29,layout,bfs,100000,449260,2026,93579,mean_degree,0,8,25613400,11.229466611179078,1806400
29,layout,bfs,100000,449260,2026,93579,mean_degree,1,0,26357400,11.229466611179078,1806400
29,layout,bfs,100000,449260,2026,93579,mean_ring,1,1,27632200,50.44950169738313,1806400
29,layout,bfs,100000,449260,2026,93579,degree4,1,2,60413900,0,7310300
29,layout,bfs,100000,449260,2026,93579,std_binary,1,3,47823700,0,0
29,layout,bfs,100000,449260,2026,93579,fourary,1,4,49217300,0,0
29,layout,bfs,100000,449260,2026,93579,max_maxdegree,1,5,27146800,12.49996629355553,4147200
29,layout,bfs,100000,449260,2026,93579,caliber,1,6,45463000,0,3275100
29,layout,bfs,100000,449260,2026,93579,mean_map,1,7,28869800,50.44950169738313,1806400
29,layout,bfs,100000,449260,2026,93579,binary,1,8,49806400,0,0
29,layout,bfs,100000,449260,2026,93579,max_maxdegree,2,0,28244100,12.49996629355553,4147200
29,layout,bfs,100000,449260,2026,93579,std_binary,2,1,47273200,0,0
29,layout,bfs,100000,449260,2026,93579,mean_ring,2,2,26057100,50.44950169738313,1806400
29,layout,bfs,100000,449260,2026,93579,degree4,2,3,65847900,0,7310300
29,layout,bfs,100000,449260,2026,93579,fourary,2,4,52672500,0,0
29,layout,bfs,100000,449260,2026,93579,mean_degree,2,5,26763300,11.229466611179078,1806400
29,layout,bfs,100000,449260,2026,93579,caliber,2,6,52604200,0,3275100
29,layout,bfs,100000,449260,2026,93579,binary,2,7,56737500,0,0
29,layout,bfs,100000,449260,2026,93579,mean_map,2,8,28855100,50.44950169738313,1806400
29,layout,bfs,100000,449260,2026,93579,mean_map,3,0,31008500,50.44950169738313,1806400
29,layout,bfs,100000,449260,2026,93579,binary,3,1,58312900,0,0
29,layout,bfs,100000,449260,2026,93579,caliber,3,2,55884800,0,3275100
29,layout,bfs,100000,449260,2026,93579,mean_degree,3,3,33950000,11.229466611179078,1806400
29,layout,bfs,100000,449260,2026,93579,fourary,3,4,68570000,0,0
29,layout,bfs,100000,449260,2026,93579,degree4,3,5,76193000,0,7310300
29,layout,bfs,100000,449260,2026,93579,mean_ring,3,6,31745000,50.44950169738313,1806400
29,layout,bfs,100000,449260,2026,93579,std_binary,3,7,60238000,0,0
29,layout,bfs,100000,449260,2026,93579,max_maxdegree,3,8,33791900,12.49996629355553,4147200
29,layout,bfs,100000,449260,2026,93579,max_maxdegree,4,0,61298300,12.49996629355553,4147200
29,layout,bfs,100000,449260,2026,93579,fourary,4,1,111277400,0,0
29,layout,bfs,100000,449260,2026,93579,mean_map,4,2,67265500,50.44950169738313,1806400
29,layout,bfs,100000,449260,2026,93579,std_binary,4,3,105126400,0,0
29,layout,bfs,100000,449260,2026,93579,caliber,4,4,67220000,0,3275100
29,layout,bfs,100000,449260,2026,93579,binary,4,5,72431000,0,0
29,layout,bfs,100000,449260,2026,93579,degree4,4,6,83525300,0,7310300
29,layout,bfs,100000,449260,2026,93579,mean_degree,4,7,39466600,11.229466611179078,1806400
29,layout,bfs,100000,449260,2026,93579,mean_ring,4,8,40715400,50.44950169738313,1806400
29,layout,bfs,100000,449260,2026,93579,mean_ring,5,0,41401600,50.44950169738313,1806400
29,layout,bfs,100000,449260,2026,93579,mean_degree,5,1,52735400,11.229466611179078,1806400
29,layout,bfs,100000,449260,2026,93579,degree4,5,2,95132900,0,7310300
29,layout,bfs,100000,449260,2026,93579,binary,5,3,80973500,0,0
29,layout,bfs,100000,449260,2026,93579,caliber,5,4,74685800,0,3275100
29,layout,bfs,100000,449260,2026,93579,std_binary,5,5,88685100,0,0
29,layout,bfs,100000,449260,2026,93579,mean_map,5,6,50090700,50.44950169738313,1806400
29,layout,bfs,100000,449260,2026,93579,fourary,5,7,77916900,0,0
29,layout,bfs,100000,449260,2026,93579,max_maxdegree,5,8,53903400,12.49996629355553,4147200
29,layout,bfs,100000,449260,2026,93579,std_binary,6,0,78542500,0,0
29,layout,bfs,100000,449260,2026,93579,fourary,6,1,75723600,0,0
29,layout,bfs,100000,449260,2026,93579,degree4,6,2,89221700,0,7310300
29,layout,bfs,100000,449260,2026,93579,mean_ring,6,3,40890100,50.44950169738313,1806400
29,layout,bfs,100000,449260,2026,93579,binary,6,4,72349700,0,0
29,layout,bfs,100000,449260,2026,93579,caliber,6,5,65883100,0,3275100
29,layout,bfs,100000,449260,2026,93579,mean_map,6,6,36824400,50.44950169738313,1806400
29,layout,bfs,100000,449260,2026,93579,max_maxdegree,6,7,34683400,12.49996629355553,4147200
29,layout,bfs,100000,449260,2026,93579,mean_degree,6,8,37895300,11.229466611179078,1806400
29,layout,bfs,100000,449260,2026,93579,mean_degree,7,0,32856900,11.229466611179078,1806400
29,layout,bfs,100000,449260,2026,93579,max_maxdegree,7,1,35189100,12.49996629355553,4147200
29,layout,bfs,100000,449260,2026,93579,mean_map,7,2,33769900,50.44950169738313,1806400
29,layout,bfs,100000,449260,2026,93579,caliber,7,3,59231200,0,3275100
29,layout,bfs,100000,449260,2026,93579,binary,7,4,60651200,0,0
29,layout,bfs,100000,449260,2026,93579,mean_ring,7,5,34501600,50.44950169738313,1806400
29,layout,bfs,100000,449260,2026,93579,degree4,7,6,76195700,0,7310300
29,layout,bfs,100000,449260,2026,93579,fourary,7,7,61924500,0,0
29,layout,bfs,100000,449260,2026,93579,std_binary,7,8,61147100,0,0
30,layout,rcm,100000,449260,2026,87968,max_maxdegree,0,0,45433200,12.49996629355553,9545000
30,layout,rcm,100000,449260,2026,87968,mean_ring,0,1,44694500,50.449501697382125,3643600
30,layout,rcm,100000,449260,2026,87968,caliber,0,2,68845700,0,24312000
30,layout,rcm,100000,449260,2026,87968,fourary,0,3,72191200,0,0
30,layout,rcm,100000,449260,2026,87968,binary,0,4,67339100,0,0
30,layout,rcm,100000,449260,2026,87968,mean_map,0,5,36062400,50.449501697382125,3643600
30,layout,rcm,100000,449260,2026,87968,mean_degree,0,6,34275800,11.229466611178854,3643600
30,layout,rcm,100000,449260,2026,87968,degree4,0,7,80747900,0,30313700
30,layout,rcm,100000,449260,2026,87968,std_binary,0,8,60109900,0,0
30,layout,rcm,100000,449260,2026,87968,std_binary,1,0,60995900,0,0
30,layout,rcm,100000,449260,2026,87968,degree4,1,1,78701400,0,30313700
30,layout,rcm,100000,449260,2026,87968,mean_degree,1,2,33330500,11.229466611178854,3643600
30,layout,rcm,100000,449260,2026,87968,mean_map,1,3,32418100,50.449501697382125,3643600
30,layout,rcm,100000,449260,2026,87968,binary,1,4,60699600,0,0
30,layout,rcm,100000,449260,2026,87968,fourary,1,5,59513100,0,0
30,layout,rcm,100000,449260,2026,87968,caliber,1,6,57450100,0,24312000
30,layout,rcm,100000,449260,2026,87968,mean_ring,1,7,31917500,50.449501697382125,3643600
30,layout,rcm,100000,449260,2026,87968,max_maxdegree,1,8,29866800,12.49996629355553,9545000
30,layout,rcm,100000,449260,2026,87968,mean_map,2,0,33135200,50.449501697382125,3643600
30,layout,rcm,100000,449260,2026,87968,binary,2,1,57608100,0,0
30,layout,rcm,100000,449260,2026,87968,max_maxdegree,2,2,31315500,12.49996629355553,9545000
30,layout,rcm,100000,449260,2026,87968,degree4,2,3,68845700,0,30313700
30,layout,rcm,100000,449260,2026,87968,std_binary,2,4,52005300,0,0
30,layout,rcm,100000,449260,2026,87968,mean_ring,2,5,28578900,50.449501697382125,3643600
30,layout,rcm,100000,449260,2026,87968,mean_degree,2,6,26723400,11.229466611178854,3643600
30,layout,rcm,100000,449260,2026,87968,caliber,2,7,53946900,0,24312000
30,layout,rcm,100000,449260,2026,87968,fourary,2,8,52267600,0,0
30,layout,rcm,100000,449260,2026,87968,fourary,3,0,51738500,0,0
30,layout,rcm,100000,449260,2026,87968,caliber,3,1,44834000,0,24312000
30,layout,rcm,100000,449260,2026,87968,mean_degree,3,2,27403200,11.229466611178854,3643600
30,layout,rcm,100000,449260,2026,87968,mean_ring,3,3,27245000,50.449501697382125,3643600
30,layout,rcm,100000,449260,2026,87968,std_binary,3,4,50188200,0,0
30,layout,rcm,100000,449260,2026,87968,degree4,3,5,64251700,0,30313700
30,layout,rcm,100000,449260,2026,87968,max_maxdegree,3,6,28277000,12.49996629355553,9545000
30,layout,rcm,100000,449260,2026,87968,binary,3,7,51423400,0,0
30,layout,rcm,100000,449260,2026,87968,mean_map,3,8,26640700,50.449501697382125,3643600
30,layout,rcm,100000,449260,2026,87968,mean_degree,4,0,28230100,11.229466611178854,3643600
30,layout,rcm,100000,449260,2026,87968,binary,4,1,48489200,0,0
30,layout,rcm,100000,449260,2026,87968,fourary,4,2,48734600,0,0
30,layout,rcm,100000,449260,2026,87968,max_maxdegree,4,3,26343900,12.49996629355553,9545000
30,layout,rcm,100000,449260,2026,87968,mean_map,4,4,26556300,50.449501697382125,3643600
30,layout,rcm,100000,449260,2026,87968,std_binary,4,5,50818900,0,0
30,layout,rcm,100000,449260,2026,87968,mean_ring,4,6,26496400,50.449501697382125,3643600
30,layout,rcm,100000,449260,2026,87968,caliber,4,7,45578700,0,24312000
30,layout,rcm,100000,449260,2026,87968,degree4,4,8,60415500,0,30313700
30,layout,rcm,100000,449260,2026,87968,degree4,5,0,62628100,0,30313700
30,layout,rcm,100000,449260,2026,87968,caliber,5,1,46332300,0,24312000
30,layout,rcm,100000,449260,2026,87968,mean_ring,5,2,25037700,50.449501697382125,3643600
30,layout,rcm,100000,449260,2026,87968,std_binary,5,3,50023300,0,0
30,layout,rcm,100000,449260,2026,87968,mean_map,5,4,28882500,50.449501697382125,3643600
30,layout,rcm,100000,449260,2026,87968,max_maxdegree,5,5,25486900,12.49996629355553,9545000
30,layout,rcm,100000,449260,2026,87968,fourary,5,6,49106800,0,0
30,layout,rcm,100000,449260,2026,87968,binary,5,7,49885400,0,0
30,layout,rcm,100000,449260,2026,87968,mean_degree,5,8,25054900,11.229466611178854,3643600
30,layout,rcm,100000,449260,2026,87968,fourary,6,0,50736500,0,0
30,layout,rcm,100000,449260,2026,87968,std_binary,6,1,47758300,0,0
30,layout,rcm,100000,449260,2026,87968,caliber,6,2,44815300,0,24312000
30,layout,rcm,100000,449260,2026,87968,mean_ring,6,3,26662600,50.449501697382125,3643600
30,layout,rcm,100000,449260,2026,87968,degree4,6,4,61450500,0,30313700
30,layout,rcm,100000,449260,2026,87968,max_maxdegree,6,5,28703900,12.49996629355553,9545000
30,layout,rcm,100000,449260,2026,87968,mean_degree,6,6,28248200,11.229466611178854,3643600
30,layout,rcm,100000,449260,2026,87968,binary,6,7,54306700,0,0
30,layout,rcm,100000,449260,2026,87968,mean_map,6,8,31650900,50.449501697382125,3643600
30,layout,rcm,100000,449260,2026,87968,mean_map,7,0,28837700,50.449501697382125,3643600
30,layout,rcm,100000,449260,2026,87968,binary,7,1,52960700,0,0
30,layout,rcm,100000,449260,2026,87968,mean_degree,7,2,27055600,11.229466611178854,3643600
30,layout,rcm,100000,449260,2026,87968,max_maxdegree,7,3,28724700,12.49996629355553,9545000
30,layout,rcm,100000,449260,2026,87968,degree4,7,4,65491400,0,30313700
30,layout,rcm,100000,449260,2026,87968,mean_ring,7,5,27957000,50.449501697382125,3643600
30,layout,rcm,100000,449260,2026,87968,caliber,7,6,45394300,0,24312000
30,layout,rcm,100000,449260,2026,87968,std_binary,7,7,49069500,0,0
30,layout,rcm,100000,449260,2026,87968,fourary,7,8,49692300,0,0
30,layout,rcm,100000,449260,2026,6420,max_maxdegree,0,0,28943200,12.49996629355553,9545000
30,layout,rcm,100000,449260,2026,6420,mean_map,0,1,33599700,50.449501697382125,3643600
30,layout,rcm,100000,449260,2026,6420,fourary,0,2,53974900,0,0
30,layout,rcm,100000,449260,2026,6420,mean_degree,0,3,28719800,11.229466611178854,3643600
30,layout,rcm,100000,449260,2026,6420,mean_ring,0,4,27092200,50.449501697382125,3643600
30,layout,rcm,100000,449260,2026,6420,std_binary,0,5,51060800,0,0
30,layout,rcm,100000,449260,2026,6420,degree4,0,6,64972700,0,30313700
30,layout,rcm,100000,449260,2026,6420,caliber,0,7,48300000,0,24312000
30,layout,rcm,100000,449260,2026,6420,binary,0,8,51767500,0,0
30,layout,rcm,100000,449260,2026,6420,binary,1,0,54809500,0,0
30,layout,rcm,100000,449260,2026,6420,caliber,1,1,47114600,0,24312000
30,layout,rcm,100000,449260,2026,6420,degree4,1,2,65414200,0,30313700
30,layout,rcm,100000,449260,2026,6420,std_binary,1,3,49332700,0,0
30,layout,rcm,100000,449260,2026,6420,mean_ring,1,4,30176500,50.449501697382125,3643600
30,layout,rcm,100000,449260,2026,6420,mean_degree,1,5,28231100,11.229466611178854,3643600
30,layout,rcm,100000,449260,2026,6420,fourary,1,6,53234900,0,0
30,layout,rcm,100000,449260,2026,6420,mean_map,1,7,31375700,50.449501697382125,3643600
30,layout,rcm,100000,449260,2026,6420,max_maxdegree,1,8,28749900,12.49996629355553,9545000
30,layout,rcm,100000,449260,2026,6420,mean_map,2,0,30711100,50.449501697382125,3643600
30,layout,rcm,100000,449260,2026,6420,fourary,2,1,53112400,0,0
30,layout,rcm,100000,449260,2026,6420,caliber,2,2,45037100,0,24312000
30,layout,rcm,100000,449260,2026,6420,max_maxdegree,2,3,30956400,12.49996629355553,9545000
30,layout,rcm,100000,449260,2026,6420,binary,2,4,52297000,0,0
30,layout,rcm,100000,449260,2026,6420,std_binary,2,5,53408100,0,0
30,layout,rcm,100000,449260,2026,6420,mean_degree,2,6,32347400,11.229466611178854,3643600
30,layout,rcm,100000,449260,2026,6420,degree4,2,7,64390700,0,30313700
30,layout,rcm,100000,449260,2026,6420,mean_ring,2,8,30250500,50.449501697382125,3643600
30,layout,rcm,100000,449260,2026,6420,mean_ring,3,0,27023300,50.449501697382125,3643600
30,layout,rcm,100000,449260,2026,6420,degree4,3,1,64867800,0,30313700
30,layout,rcm,100000,449260,2026,6420,mean_degree,3,2,27386900,11.229466611178854,3643600
30,layout,rcm,100000,449260,2026,6420,std_binary,3,3,51339600,0,0
30,layout,rcm,100000,449260,2026,6420,binary,3,4,52352400,0,0
30,layout,rcm,100000,449260,2026,6420,max_maxdegree,3,5,26316600,12.49996629355553,9545000
30,layout,rcm,100000,449260,2026,6420,caliber,3,6,47694200,0,24312000
30,layout,rcm,100000,449260,2026,6420,fourary,3,7,50123300,0,0
30,layout,rcm,100000,449260,2026,6420,mean_map,3,8,28165300,50.449501697382125,3643600
30,layout,rcm,100000,449260,2026,6420,binary,4,0,52521900,0,0
30,layout,rcm,100000,449260,2026,6420,mean_ring,4,1,26283200,50.449501697382125,3643600
30,layout,rcm,100000,449260,2026,6420,std_binary,4,2,47939800,0,0
30,layout,rcm,100000,449260,2026,6420,degree4,4,3,60697400,0,30313700
30,layout,rcm,100000,449260,2026,6420,mean_degree,4,4,25891800,11.229466611178854,3643600
30,layout,rcm,100000,449260,2026,6420,mean_map,4,5,28710700,50.449501697382125,3643600
30,layout,rcm,100000,449260,2026,6420,max_maxdegree,4,6,32588000,12.49996629355553,9545000
30,layout,rcm,100000,449260,2026,6420,fourary,4,7,51172100,0,0
30,layout,rcm,100000,449260,2026,6420,caliber,4,8,49091400,0,24312000
30,layout,rcm,100000,449260,2026,6420,caliber,5,0,46369600,0,24312000
30,layout,rcm,100000,449260,2026,6420,fourary,5,1,52336100,0,0
30,layout,rcm,100000,449260,2026,6420,max_maxdegree,5,2,26614800,12.49996629355553,9545000
30,layout,rcm,100000,449260,2026,6420,mean_map,5,3,27562200,50.449501697382125,3643600
30,layout,rcm,100000,449260,2026,6420,mean_degree,5,4,26395600,11.229466611178854,3643600
30,layout,rcm,100000,449260,2026,6420,degree4,5,5,61138400,0,30313700
30,layout,rcm,100000,449260,2026,6420,std_binary,5,6,49660100,0,0
30,layout,rcm,100000,449260,2026,6420,mean_ring,5,7,28644600,50.449501697382125,3643600
30,layout,rcm,100000,449260,2026,6420,binary,5,8,51459300,0,0
30,layout,rcm,100000,449260,2026,6420,max_maxdegree,6,0,27299000,12.49996629355553,9545000
30,layout,rcm,100000,449260,2026,6420,std_binary,6,1,50367500,0,0
30,layout,rcm,100000,449260,2026,6420,degree4,6,2,64239700,0,30313700
30,layout,rcm,100000,449260,2026,6420,fourary,6,3,51631300,0,0
30,layout,rcm,100000,449260,2026,6420,mean_ring,6,4,25543000,50.449501697382125,3643600
30,layout,rcm,100000,449260,2026,6420,caliber,6,5,44119900,0,24312000
30,layout,rcm,100000,449260,2026,6420,mean_degree,6,6,27648000,11.229466611178854,3643600
30,layout,rcm,100000,449260,2026,6420,binary,6,7,51089400,0,0
30,layout,rcm,100000,449260,2026,6420,mean_map,6,8,27092000,50.449501697382125,3643600
30,layout,rcm,100000,449260,2026,6420,mean_map,7,0,27542500,50.449501697382125,3643600
30,layout,rcm,100000,449260,2026,6420,binary,7,1,49566400,0,0
30,layout,rcm,100000,449260,2026,6420,mean_degree,7,2,29039000,11.229466611178854,3643600
30,layout,rcm,100000,449260,2026,6420,caliber,7,3,44459800,0,24312000
30,layout,rcm,100000,449260,2026,6420,mean_ring,7,4,25345200,50.449501697382125,3643600
30,layout,rcm,100000,449260,2026,6420,fourary,7,5,51631700,0,0
30,layout,rcm,100000,449260,2026,6420,degree4,7,6,60947700,0,30313700
30,layout,rcm,100000,449260,2026,6420,std_binary,7,7,47813700,0,0
30,layout,rcm,100000,449260,2026,6420,max_maxdegree,7,8,25661900,12.49996629355553,9545000
