case,stage,family,n,m,seed,source,arm,round,position,ns,width,prep_ns
1,calibration,er_d2,1000,2008,42,0,grid_0.75,0,0,72000,37.557630889363274,2000
1,calibration,er_d2,1000,2008,42,0,grid_1,0,1,68300,50.0768411858177,2000
1,calibration,er_d2,1000,2008,42,0,grid_0.1,0,2,114200,5.00768411858177,2000
1,calibration,er_d2,1000,2008,42,0,grid_2,0,3,132600,100.1536823716354,2000
1,calibration,er_d2,1000,2008,42,0,grid_16,0,4,89500,801.2294589730832,2000
1,calibration,er_d2,1000,2008,42,0,grid_0.25,0,5,84800,12.519210296454425,2000
1,calibration,er_d2,1000,2008,42,0,grid_0.5,0,6,76200,25.03842059290885,2000
1,calibration,er_d2,1000,2008,42,0,grid_0.03125,0,7,133600,1.564901287056803,2000
1,calibration,er_d2,1000,2008,42,0,grid_1.5,0,8,65100,75.11526177872655,2000
1,calibration,er_d2,1000,2008,42,0,grid_4,0,9,50200,200.3073647432708,2000
1,calibration,er_d2,1000,2008,42,0,grid_8,0,10,46500,400.6147294865416,2000
1,calibration,er_d2,1000,2008,42,0,grid_0.05,0,11,113300,2.503842059290885,2000
1,calibration,er_d2,1000,2008,42,0,grid_0.05,1,0,100600,2.503842059290885,2000
1,calibration,er_d2,1000,2008,42,0,grid_8,1,1,50500,400.6147294865416,2000
1,calibration,er_d2,1000,2008,42,0,grid_4,1,2,50200,200.3073647432708,2000
1,calibration,er_d2,1000,2008,42,0,grid_1.5,1,3,157600,75.11526177872655,2000
1,calibration,er_d2,1000,2008,42,0,grid_0.03125,1,4,215700,1.564901287056803,2000
1,calibration,er_d2,1000,2008,42,0,grid_0.5,1,5,77900,25.03842059290885,2000
1,calibration,er_d2,1000,2008,42,0,grid_0.25,1,6,82700,12.519210296454425,2000
1,calibration,er_d2,1000,2008,42,0,grid_16,1,7,141200,801.2294589730832,2000
1,calibration,er_d2,1000,2008,42,0,grid_2,1,8,765900,100.1536823716354,2000
1,calibration,er_d2,1000,2008,42,0,grid_0.1,1,9,139400,5.00768411858177,2000
1,calibration,er_d2,1000,2008,42,0,grid_1,1,10,107500,50.0768411858177,2000
1,calibration,er_d2,1000,2008,42,0,grid_0.75,1,11,130500,37.557630889363274,2000
1,calibration,er_d2,1000,2008,42,0,grid_1,2,0,64500,50.0768411858177,2000
1,calibration,er_d2,1000,2008,42,0,grid_0.75,2,1,253200,37.557630889363274,2000
1,calibration,er_d2,1000,2008,42,0,grid_1.5,2,2,62400,75.11526177872655,2000
1,calibration,er_d2,1000,2008,42,0,grid_4,2,3,231800,200.3073647432708,2000
1,calibration,er_d2,1000,2008,42,0,grid_0.03125,2,4,133600,1.564901287056803,2000
1,calibration,er_d2,1000,2008,42,0,grid_0.05,2,5,111700,2.503842059290885,2000
1,calibration,er_d2,1000,2008,42,0,grid_0.25,2,6,83100,12.519210296454425,2000
1,calibration,er_d2,1000,2008,42,0,grid_16,2,7,51700,801.2294589730832,2000
1,calibration,er_d2,1000,2008,42,0,grid_0.1,2,8,131300,5.00768411858177,2000
1,calibration,er_d2,1000,2008,42,0,grid_0.5,2,9,82200,25.03842059290885,2000
1,calibration,er_d2,1000,2008,42,0,grid_8,2,10,57100,400.6147294865416,2000
1,calibration,er_d2,1000,2008,42,0,grid_2,2,11,56300,100.1536823716354,2000
1,calibration,er_d2,1000,2008,42,0,grid_2,3,0,45700,100.1536823716354,2000
1,calibration,er_d2,1000,2008,42,0,grid_8,3,1,47500,400.6147294865416,2000
1,calibration,er_d2,1000,2008,42,0,grid_0.5,3,2,73300,25.03842059290885,2000
1,calibration,er_d2,1000,2008,42,0,grid_0.1,3,3,114100,5.00768411858177,2000
1,calibration,er_d2,1000,2008,42,0,grid_16,3,4,50100,801.2294589730832,2000
1,calibration,er_d2,1000,2008,42,0,grid_0.25,3,5,83700,12.519210296454425,2000
1,calibration,er_d2,1000,2008,42,0,grid_0.05,3,6,113900,2.503842059290885,2000
1,calibration,er_d2,1000,2008,42,0,grid_0.03125,3,7,128800,1.564901287056803,2000
1,calibration,er_d2,1000,2008,42,0,grid_4,3,8,53200,200.3073647432708,2000
1,calibration,er_d2,1000,2008,42,0,grid_1.5,3,9,66800,75.11526177872655,2000
1,calibration,er_d2,1000,2008,42,0,grid_0.75,3,10,75800,37.557630889363274,2000
1,calibration,er_d2,1000,2008,42,0,grid_1,3,11,69900,50.0768411858177,2000
1,calibration,er_d2,1000,2008,42,0,grid_0.03125,4,0,125600,1.564901287056803,2000
1,calibration,er_d2,1000,2008,42,0,grid_0.1,4,1,99300,5.00768411858177,2000
1,calibration,er_d2,1000,2008,42,0,grid_4,4,2,52000,200.3073647432708,2000
1,calibration,er_d2,1000,2008,42,0,grid_2,4,3,60000,100.1536823716354,2000
1,calibration,er_d2,1000,2008,42,0,grid_0.5,4,4,77800,25.03842059290885,2000
1,calibration,er_d2,1000,2008,42,0,grid_8,4,5,52600,400.6147294865416,2000
1,calibration,er_d2,1000,2008,42,0,grid_0.05,4,6,118800,2.503842059290885,2000
1,calibration,er_d2,1000,2008,42,0,grid_0.75,4,7,73300,37.557630889363274,2000
1,calibration,er_d2,1000,2008,42,0,grid_1.5,4,8,64200,75.11526177872655,2000
1,calibration,er_d2,1000,2008,42,0,grid_0.25,4,9,84900,12.519210296454425,2000
1,calibration,er_d2,1000,2008,42,0,grid_16,4,10,52200,801.2294589730832,2000
1,calibration,er_d2,1000,2008,42,0,grid_1,4,11,71600,50.0768411858177,2000
1,calibration,er_d2,1000,2008,42,0,grid_1,5,0,57600,50.0768411858177,2000
1,calibration,er_d2,1000,2008,42,0,grid_16,5,1,52700,801.2294589730832,2000
1,calibration,er_d2,1000,2008,42,0,grid_0.25,5,2,81600,12.519210296454425,2000
1,calibration,er_d2,1000,2008,42,0,grid_1.5,5,3,63000,75.11526177872655,2000
1,calibration,er_d2,1000,2008,42,0,grid_0.75,5,4,70200,37.557630889363274,2000
1,calibration,er_d2,1000,2008,42,0,grid_0.05,5,5,169200,2.503842059290885,2000
1,calibration,er_d2,1000,2008,42,0,grid_8,5,6,53900,400.6147294865416,2000
1,calibration,er_d2,1000,2008,42,0,grid_0.5,5,7,78000,25.03842059290885,2000
1,calibration,er_d2,1000,2008,42,0,grid_2,5,8,56200,100.1536823716354,2000
1,calibration,er_d2,1000,2008,42,0,grid_4,5,9,49400,200.3073647432708,2000
1,calibration,er_d2,1000,2008,42,0,grid_0.1,5,10,102200,5.00768411858177,2000
1,calibration,er_d2,1000,2008,42,0,grid_0.03125,5,11,130800,1.564901287056803,2000
1,density,er_d2,1000,2008,42,333,binary,0,0,74200,0,0
1,density,er_d2,1000,2008,42,333,fourary,0,1,74500,0,0
1,density,er_d2,1000,2008,42,333,selected_grid,0,2,49600,200.3073647432708,7270600
1,density,er_d2,1000,2008,42,333,mean_degree,0,3,76700,24.93866592919208,2000
1,density,er_d2,1000,2008,42,333,max_maxdegree,0,4,83700,12.499538165298677,5100
1,density,er_d2,1000,2008,42,333,mean_map,0,5,69500,50.0768411858177,2000
1,density,er_d2,1000,2008,42,333,caliber,0,6,58100,0,10300
1,density,er_d2,1000,2008,42,333,mean_ring,0,7,62600,50.0768411858177,2000
1,density,er_d2,1000,2008,42,333,degree4,0,8,85800,0,34600
1,density,er_d2,1000,2008,42,333,std_binary,0,9,71900,0,0
1,density,er_d2,1000,2008,42,333,std_binary,1,0,64600,0,0
1,density,er_d2,1000,2008,42,333,degree4,1,1,85100,0,34600
1,density,er_d2,1000,2008,42,333,mean_ring,1,2,60900,50.0768411858177,2000
1,density,er_d2,1000,2008,42,333,caliber,1,3,59000,0,10300
1,density,er_d2,1000,2008,42,333,mean_map,1,4,66900,50.0768411858177,2000
1,density,er_d2,1000,2008,42,333,max_maxdegree,1,5,82200,12.499538165298677,5100
1,density,er_d2,1000,2008,42,333,mean_degree,1,6,76000,24.93866592919208,2000
1,density,er_d2,1000,2008,42,333,selected_grid,1,7,52100,200.3073647432708,7270600
1,density,er_d2,1000,2008,42,333,fourary,1,8,84900,0,0
1,density,er_d2,1000,2008,42,333,binary,1,9,73600,0,0
1,density,er_d2,1000,2008,42,333,max_maxdegree,2,0,78700,12.499538165298677,5100
1,density,er_d2,1000,2008,42,333,binary,2,1,69900,0,0
1,density,er_d2,1000,2008,42,333,mean_degree,2,2,73400,24.93866592919208,2000
1,density,er_d2,1000,2008,42,333,fourary,2,3,71900,0,0
1,density,er_d2,1000,2008,42,333,degree4,2,4,87900,0,34600
1,density,er_d2,1000,2008,42,333,caliber,2,5,56400,0,10300
1,density,er_d2,1000,2008,42,333,mean_map,2,6,65400,50.0768411858177,2000
1,density,er_d2,1000,2008,42,333,mean_ring,2,7,58000,50.0768411858177,2000
1,density,er_d2,1000,2008,42,333,selected_grid,2,8,84700,200.3073647432708,7270600
1,density,er_d2,1000,2008,42,333,std_binary,2,9,70100,0,0
1,density,er_d2,1000,2008,42,333,std_binary,3,0,66400,0,0
1,density,er_d2,1000,2008,42,333,selected_grid,3,1,52200,200.3073647432708,7270600
1,density,er_d2,1000,2008,42,333,mean_ring,3,2,60200,50.0768411858177,2000
1,density,er_d2,1000,2008,42,333,mean_map,3,3,66800,50.0768411858177,2000
1,density,er_d2,1000,2008,42,333,caliber,3,4,59600,0,10300
1,density,er_d2,1000,2008,42,333,degree4,3,5,89900,0,34600
1,density,er_d2,1000,2008,42,333,fourary,3,6,74600,0,0
1,density,er_d2,1000,2008,42,333,mean_degree,3,7,75000,24.93866592919208,2000
1,density,er_d2,1000,2008,42,333,binary,3,8,79400,0,0
1,density,er_d2,1000,2008,42,333,max_maxdegree,3,9,83700,12.499538165298677,5100
1,density,er_d2,1000,2008,42,333,mean_map,4,0,70200,50.0768411858177,2000
1,density,er_d2,1000,2008,42,333,mean_degree,4,1,76700,24.93866592919208,2000
1,density,er_d2,1000,2008,42,333,mean_ring,4,2,62500,50.0768411858177,2000
1,density,er_d2,1000,2008,42,333,selected_grid,4,3,52100,200.3073647432708,7270600
1,density,er_d2,1000,2008,42,333,caliber,4,4,67100,0,10300
1,density,er_d2,1000,2008,42,333,binary,4,5,72400,0,0
1,density,er_d2,1000,2008,42,333,degree4,4,6,90800,0,34600
1,density,er_d2,1000,2008,42,333,fourary,4,7,76200,0,0
1,density,er_d2,1000,2008,42,333,max_maxdegree,4,8,80500,12.499538165298677,5100
1,density,er_d2,1000,2008,42,333,std_binary,4,9,77400,0,0
1,density,er_d2,1000,2008,42,333,std_binary,5,0,70900,0,0
1,density,er_d2,1000,2008,42,333,max_maxdegree,5,1,75900,12.499538165298677,5100
1,density,er_d2,1000,2008,42,333,fourary,5,2,74600,0,0
1,density,er_d2,1000,2008,42,333,degree4,5,3,88200,0,34600
1,density,er_d2,1000,2008,42,333,binary,5,4,73000,0,0
1,density,er_d2,1000,2008,42,333,caliber,5,5,58400,0,10300
1,density,er_d2,1000,2008,42,333,selected_grid,5,6,51800,200.3073647432708,7270600
1,density,er_d2,1000,2008,42,333,mean_ring,5,7,61600,50.0768411858177,2000
1,density,er_d2,1000,2008,42,333,mean_degree,5,8,76300,24.93866592919208,2000
1,density,er_d2,1000,2008,42,333,mean_map,5,9,67900,50.0768411858177,2000
1,density,er_d2,1000,2008,42,333,fourary,6,0,73600,0,0
1,density,er_d2,1000,2008,42,333,mean_degree,6,1,72800,24.93866592919208,2000
1,density,er_d2,1000,2008,42,333,mean_ring,6,2,59600,50.0768411858177,2000
1,density,er_d2,1000,2008,42,333,binary,6,3,71000,0,0
1,density,er_d2,1000,2008,42,333,degree4,6,4,84100,0,34600
1,density,er_d2,1000,2008,42,333,std_binary,6,5,70100,0,0
1,density,er_d2,1000,2008,42,333,selected_grid,6,6,51400,200.3073647432708,7270600
1,density,er_d2,1000,2008,42,333,mean_map,6,7,64900,50.0768411858177,2000
1,density,er_d2,1000,2008,42,333,caliber,6,8,57300,0,10300
1,density,er_d2,1000,2008,42,333,max_maxdegree,6,9,83700,12.499538165298677,5100
1,density,er_d2,1000,2008,42,333,max_maxdegree,7,0,75200,12.499538165298677,5100
1,density,er_d2,1000,2008,42,333,caliber,7,1,55500,0,10300
1,density,er_d2,1000,2008,42,333,mean_map,7,2,73500,50.0768411858177,2000
1,density,er_d2,1000,2008,42,333,selected_grid,7,3,51300,200.3073647432708,7270600
1,density,er_d2,1000,2008,42,333,std_binary,7,4,69900,0,0
1,density,er_d2,1000,2008,42,333,degree4,7,5,89400,0,34600
1,density,er_d2,1000,2008,42,333,binary,7,6,73800,0,0
1,density,er_d2,1000,2008,42,333,mean_ring,7,7,65900,50.0768411858177,2000
1,density,er_d2,1000,2008,42,333,mean_degree,7,8,83600,24.93866592919208,2000
1,density,er_d2,1000,2008,42,333,fourary,7,9,74700,0,0
1,density,er_d2,1000,2008,42,666,std_binary,0,0,71800,0,0
1,density,er_d2,1000,2008,42,666,max_maxdegree,0,1,82600,12.499538165298677,5100
1,density,er_d2,1000,2008,42,666,selected_grid,0,2,51300,200.3073647432708,7270600
1,density,er_d2,1000,2008,42,666,fourary,0,3,70200,0,0
1,density,er_d2,1000,2008,42,666,degree4,0,4,86300,0,34600
1,density,er_d2,1000,2008,42,666,binary,0,5,72200,0,0
1,density,er_d2,1000,2008,42,666,mean_ring,0,6,61900,50.0768411858177,2000
1,density,er_d2,1000,2008,42,666,mean_map,0,7,66700,50.0768411858177,2000
1,density,er_d2,1000,2008,42,666,caliber,0,8,62000,0,10300
1,density,er_d2,1000,2008,42,666,mean_degree,0,9,78600,24.93866592919208,2000
1,density,er_d2,1000,2008,42,666,mean_degree,1,0,64800,24.93866592919208,2000
1,density,er_d2,1000,2008,42,666,caliber,1,1,56100,0,10300
1,density,er_d2,1000,2008,42,666,mean_map,1,2,65800,50.0768411858177,2000
1,density,er_d2,1000,2008,42,666,mean_ring,1,3,59100,50.0768411858177,2000
1,density,er_d2,1000,2008,42,666,binary,1,4,77100,0,0
1,density,er_d2,1000,2008,42,666,degree4,1,5,88900,0,34600
1,density,er_d2,1000,2008,42,666,fourary,1,6,77100,0,0
1,density,er_d2,1000,2008,42,666,selected_grid,1,7,50800,200.3073647432708,7270600
1,density,er_d2,1000,2008,42,666,max_maxdegree,1,8,101100,12.499538165298677,5100
1,density,er_d2,1000,2008,42,666,std_binary,1,9,71200,0,0
1,density,er_d2,1000,2008,42,666,caliber,2,0,61200,0,10300
1,density,er_d2,1000,2008,42,666,fourary,2,1,72000,0,0
1,density,er_d2,1000,2008,42,666,mean_ring,2,2,82100,50.0768411858177,2000
1,density,er_d2,1000,2008,42,666,mean_degree,2,3,104600,24.93866592919208,2000
1,density,er_d2,1000,2008,42,666,binary,2,4,93600,0,0
1,density,er_d2,1000,2008,42,666,selected_grid,2,5,72400,200.3073647432708,7270600
1,density,er_d2,1000,2008,42,666,mean_map,2,6,109600,50.0768411858177,2000
1,density,er_d2,1000,2008,42,666,max_maxdegree,2,7,119800,12.499538165298677,5100
1,density,er_d2,1000,2008,42,666,degree4,2,8,131700,0,34600
1,density,er_d2,1000,2008,42,666,std_binary,2,9,103200,0,0
1,density,er_d2,1000,2008,42,666,std_binary,3,0,87800,0,0
1,density,er_d2,1000,2008,42,666,degree4,3,1,105600,0,34600
1,density,er_d2,1000,2008,42,666,max_maxdegree,3,2,121900,12.499538165298677,5100
1,density,er_d2,1000,2008,42,666,mean_map,3,3,86400,50.0768411858177,2000
1,density,er_d2,1000,2008,42,666,selected_grid,3,4,79700,200.3073647432708,7270600
1,density,er_d2,1000,2008,42,666,binary,3,5,74900,0,0
1,density,er_d2,1000,2008,42,666,mean_degree,3,6,94900,24.93866592919208,2000
1,density,er_d2,1000,2008,42,666,mean_ring,3,7,68400,50.0768411858177,2000
1,density,er_d2,1000,2008,42,666,fourary,3,8,75500,0,0
1,density,er_d2,1000,2008,42,666,caliber,3,9,61500,0,10300
1,density,er_d2,1000,2008,42,666,mean_degree,4,0,77600,24.93866592919208,2000
1,density,er_d2,1000,2008,42,666,binary,4,1,74000,0,0
1,density,er_d2,1000,2008,42,666,mean_ring,4,2,63100,50.0768411858177,2000
1,density,er_d2,1000,2008,42,666,caliber,4,3,58600,0,10300
1,density,er_d2,1000,2008,42,666,mean_map,4,4,69000,50.0768411858177,2000
1,density,er_d2,1000,2008,42,666,fourary,4,5,70600,0,0
1,density,er_d2,1000,2008,42,666,std_binary,4,6,70700,0,0
1,density,er_d2,1000,2008,42,666,selected_grid,4,7,52100,200.3073647432708,7270600
1,density,er_d2,1000,2008,42,666,degree4,4,8,89100,0,34600
1,density,er_d2,1000,2008,42,666,max_maxdegree,4,9,86300,12.499538165298677,5100
1,density,er_d2,1000,2008,42,666,max_maxdegree,5,0,72100,12.499538165298677,5100
1,density,er_d2,1000,2008,42,666,degree4,5,1,88200,0,34600
1,density,er_d2,1000,2008,42,666,selected_grid,5,2,54900,200.3073647432708,7270600
1,density,er_d2,1000,2008,42,666,std_binary,5,3,71900,0,0
1,density,er_d2,1000,2008,42,666,fourary,5,4,90100,0,0
1,density,er_d2,1000,2008,42,666,mean_map,5,5,88300,50.0768411858177,2000
1,density,er_d2,1000,2008,42,666,caliber,5,6,60900,0,10300
1,density,er_d2,1000,2008,42,666,mean_ring,5,7,67500,50.0768411858177,2000
1,density,er_d2,1000,2008,42,666,binary,5,8,74500,0,0
1,density,er_d2,1000,2008,42,666,mean_degree,5,9,78000,24.93866592919208,2000
1,density,er_d2,1000,2008,42,666,binary,6,0,72400,0,0
1,density,er_d2,1000,2008,42,666,degree4,6,1,89600,0,34600
1,density,er_d2,1000,2008,42,666,max_maxdegree,6,2,83100,12.499538165298677,5100
1,density,er_d2,1000,2008,42,666,mean_degree,6,3,75800,24.93866592919208,2000
1,density,er_d2,1000,2008,42,666,fourary,6,4,75900,0,0
1,density,er_d2,1000,2008,42,666,mean_map,6,5,68100,50.0768411858177,2000
1,density,er_d2,1000,2008,42,666,caliber,6,6,61000,0,10300
1,density,er_d2,1000,2008,42,666,mean_ring,6,7,62800,50.0768411858177,2000
1,density,er_d2,1000,2008,42,666,std_binary,6,8,70900,0,0
1,density,er_d2,1000,2008,42,666,selected_grid,6,9,51300,200.3073647432708,7270600
1,density,er_d2,1000,2008,42,666,selected_grid,7,0,40700,200.3073647432708,7270600
1,density,er_d2,1000,2008,42,666,std_binary,7,1,68600,0,0
1,density,er_d2,1000,2008,42,666,mean_ring,7,2,61100,50.0768411858177,2000
1,density,er_d2,1000,2008,42,666,caliber,7,3,60400,0,10300
1,density,er_d2,1000,2008,42,666,mean_map,7,4,66800,50.0768411858177,2000
1,density,er_d2,1000,2008,42,666,fourary,7,5,75600,0,0
1,density,er_d2,1000,2008,42,666,mean_degree,7,6,79400,24.93866592919208,2000
1,density,er_d2,1000,2008,42,666,max_maxdegree,7,7,84300,12.499538165298677,5100
1,density,er_d2,1000,2008,42,666,degree4,7,8,88900,0,34600
1,density,er_d2,1000,2008,42,666,binary,7,9,82600,0,0
2,calibration,er_d4,1000,3958,42,0,grid_0.75,0,0,119400,37.78491779834213,2500
2,calibration,er_d4,1000,3958,42,0,grid_1,0,1,109500,50.3798903977895,2500
2,calibration,er_d4,1000,3958,42,0,grid_0.1,0,2,175000,5.03798903977895,2500
2,calibration,er_d4,1000,3958,42,0,grid_2,0,3,82100,100.759780795579,2500
2,calibration,er_d4,1000,3958,42,0,grid_16,0,4,87400,806.078246364632,2500
2,calibration,er_d4,1000,3958,42,0,grid_0.25,0,5,110600,12.594972599447376,2500
2,calibration,er_d4,1000,3958,42,0,grid_0.5,0,6,98700,25.18994519889475,2500
2,calibration,er_d4,1000,3958,42,0,grid_0.03125,0,7,161100,1.574371574930922,2500
2,calibration,er_d4,1000,3958,42,0,grid_1.5,0,8,90500,75.56983559668426,2500
2,calibration,er_d4,1000,3958,42,0,grid_4,0,9,76100,201.519561591158,2500
2,calibration,er_d4,1000,3958,42,0,grid_8,0,10,89600,403.039123182316,2500
2,calibration,er_d4,1000,3958,42,0,grid_0.05,0,11,144800,2.518994519889475,2500
2,calibration,er_d4,1000,3958,42,0,grid_0.05,1,0,133100,2.518994519889475,2500
2,calibration,er_d4,1000,3958,42,0,grid_8,1,1,96700,403.039123182316,2500
2,calibration,er_d4,1000,3958,42,0,grid_4,1,2,76200,201.519561591158,2500
2,calibration,er_d4,1000,3958,42,0,grid_1.5,1,3,88300,75.56983559668426,2500
2,calibration,er_d4,1000,3958,42,0,grid_0.03125,1,4,167000,1.574371574930922,2500
2,calibration,er_d4,1000,3958,42,0,grid_0.5,1,5,106600,25.18994519889475,2500
2,calibration,er_d4,1000,3958,42,0,grid_0.25,1,6,114100,12.594972599447376,2500
2,calibration,er_d4,1000,3958,42,0,grid_16,1,7,91200,806.078246364632,2500
2,calibration,er_d4,1000,3958,42,0,grid_2,1,8,83000,100.759780795579,2500
2,calibration,er_d4,1000,3958,42,0,grid_0.1,1,9,132900,5.03798903977895,2500
2,calibration,er_d4,1000,3958,42,0,grid_1,1,10,97700,50.3798903977895,2500
2,calibration,er_d4,1000,3958,42,0,grid_0.75,1,11,99000,37.78491779834213,2500
2,calibration,er_d4,1000,3958,42,0,grid_1,2,0,92600,50.3798903977895,2500
2,calibration,er_d4,1000,3958,42,0,grid_0.75,2,1,96200,37.78491779834213,2500
2,calibration,er_d4,1000,3958,42,0,grid_1.5,2,2,91400,75.56983559668426,2500
2,calibration,er_d4,1000,3958,42,0,grid_4,2,3,77200,201.519561591158,2500
2,calibration,er_d4,1000,3958,42,0,grid_0.03125,2,4,165600,1.574371574930922,2500
2,calibration,er_d4,1000,3958,42,0,grid_0.05,2,5,147600,2.518994519889475,2500
2,calibration,er_d4,1000,3958,42,0,grid_0.25,2,6,115600,12.594972599447376,2500
2,calibration,er_d4,1000,3958,42,0,grid_16,2,7,93400,806.078246364632,2500
2,calibration,er_d4,1000,3958,42,0,grid_0.1,2,8,139400,5.03798903977895,2500
2,calibration,er_d4,1000,3958,42,0,grid_0.5,2,9,106800,25.18994519889475,2500
2,calibration,er_d4,1000,3958,42,0,grid_8,2,10,92200,403.039123182316,2500
2,calibration,er_d4,1000,3958,42,0,grid_2,2,11,83000,100.759780795579,2500
2,calibration,er_d4,1000,3958,42,0,grid_2,3,0,84800,100.759780795579,2500
2,calibration,er_d4,1000,3958,42,0,grid_8,3,1,89100,403.039123182316,2500
2,calibration,er_d4,1000,3958,42,0,grid_0.5,3,2,100700,25.18994519889475,2500
2,calibration,er_d4,1000,3958,42,0,grid_0.1,3,3,132900,5.03798903977895,2500
2,calibration,er_d4,1000,3958,42,0,grid_16,3,4,86400,806.078246364632,2500
2,calibration,er_d4,1000,3958,42,0,grid_0.25,3,5,112200,12.594972599447376,2500
2,calibration,er_d4,1000,3958,42,0,grid_0.05,3,6,150700,2.518994519889475,2500
2,calibration,er_d4,1000,3958,42,0,grid_0.03125,3,7,162600,1.574371574930922,2500
2,calibration,er_d4,1000,3958,42,0,grid_4,3,8,80800,201.519561591158,2500
2,calibration,er_d4,1000,3958,42,0,grid_1.5,3,9,92500,75.56983559668426,2500
2,calibration,er_d4,1000,3958,42,0,grid_0.75,3,10,101800,37.78491779834213,2500
2,calibration,er_d4,1000,3958,42,0,grid_1,3,11,94200,50.3798903977895,2500
2,calibration,er_d4,1000,3958,42,0,grid_0.03125,4,0,160800,1.574371574930922,2500
2,calibration,er_d4,1000,3958,42,0,grid_0.1,4,1,138600,5.03798903977895,2500
2,calibration,er_d4,1000,3958,42,0,grid_4,4,2,77900,201.519561591158,2500
2,calibration,er_d4,1000,3958,42,0,grid_2,4,3,80800,100.759780795579,2500
2,calibration,er_d4,1000,3958,42,0,grid_0.5,4,4,104900,25.18994519889475,2500
2,calibration,er_d4,1000,3958,42,0,grid_8,4,5,93200,403.039123182316,2500
2,calibration,er_d4,1000,3958,42,0,grid_0.05,4,6,149000,2.518994519889475,2500
2,calibration,er_d4,1000,3958,42,0,grid_0.75,4,7,99800,37.78491779834213,2500
2,calibration,er_d4,1000,3958,42,0,grid_1.5,4,8,91200,75.56983559668426,2500
2,calibration,er_d4,1000,3958,42,0,grid_0.25,4,9,121800,12.594972599447376,2500
2,calibration,er_d4,1000,3958,42,0,grid_16,4,10,92200,806.078246364632,2500
2,calibration,er_d4,1000,3958,42,0,grid_1,4,11,95200,50.3798903977895,2500
2,calibration,er_d4,1000,3958,42,0,grid_1,5,0,84200,50.3798903977895,2500
2,calibration,er_d4,1000,3958,42,0,grid_16,5,1,89200,806.078246364632,2500
2,calibration,er_d4,1000,3958,42,0,grid_0.25,5,2,115600,12.594972599447376,2500
2,calibration,er_d4,1000,3958,42,0,grid_1.5,5,3,93300,75.56983559668426,2500
2,calibration,er_d4,1000,3958,42,0,grid_0.75,5,4,101100,37.78491779834213,2500
2,calibration,er_d4,1000,3958,42,0,grid_0.05,5,5,158400,2.518994519889475,2500
2,calibration,er_d4,1000,3958,42,0,grid_8,5,6,95400,403.039123182316,2500
2,calibration,er_d4,1000,3958,42,0,grid_0.5,5,7,105300,25.18994519889475,2500
2,calibration,er_d4,1000,3958,42,0,grid_2,5,8,83900,100.759780795579,2500
2,calibration,er_d4,1000,3958,42,0,grid_4,5,9,82900,201.519561591158,2500
2,calibration,er_d4,1000,3958,42,0,grid_0.1,5,10,134100,5.03798903977895,2500
2,calibration,er_d4,1000,3958,42,0,grid_0.03125,5,11,162600,1.574371574930922,2500
2,density,er_d4,1000,3958,42,333,binary,0,0,141800,0,0
2,density,er_d4,1000,3958,42,333,fourary,0,1,142700,0,0
2,density,er_d4,1000,3958,42,333,selected_grid,0,2,83000,201.519561591158,7892600
2,density,er_d4,1000,3958,42,333,mean_degree,0,3,120700,12.728623142443027,2500
2,density,er_d4,1000,3958,42,333,max_maxdegree,0,4,135100,8.333153738319847,9000
2,density,er_d4,1000,3958,42,333,mean_map,0,5,100300,50.3798903977895,2500
2,density,er_d4,1000,3958,42,333,caliber,0,6,122200,0,15900
2,density,er_d4,1000,3958,42,333,mean_ring,0,7,90100,50.3798903977895,2500
2,density,er_d4,1000,3958,42,333,degree4,0,8,165900,0,53200
2,density,er_d4,1000,3958,42,333,std_binary,0,9,136200,0,0
2,density,er_d4,1000,3958,42,333,std_binary,1,0,140000,0,0
2,density,er_d4,1000,3958,42,333,degree4,1,1,160100,0,53200
2,density,er_d4,1000,3958,42,333,mean_ring,1,2,89100,50.3798903977895,2500
2,density,er_d4,1000,3958,42,333,caliber,1,3,119600,0,15900
2,density,er_d4,1000,3958,42,333,mean_map,1,4,96500,50.3798903977895,2500
2,density,er_d4,1000,3958,42,333,max_maxdegree,1,5,137100,8.333153738319847,9000
2,density,er_d4,1000,3958,42,333,mean_degree,1,6,120500,12.728623142443027,2500
2,density,er_d4,1000,3958,42,333,selected_grid,1,7,87500,201.519561591158,7892600
2,density,er_d4,1000,3958,42,333,fourary,1,8,137400,0,0
2,density,er_d4,1000,3958,42,333,binary,1,9,141300,0,0
2,density,er_d4,1000,3958,42,333,max_maxdegree,2,0,128500,8.333153738319847,9000
2,density,er_d4,1000,3958,42,333,binary,2,1,137300,0,0
2,density,er_d4,1000,3958,42,333,mean_degree,2,2,115900,12.728623142443027,2500
2,density,er_d4,1000,3958,42,333,fourary,2,3,133500,0,0
2,density,er_d4,1000,3958,42,333,degree4,2,4,178000,0,53200
2,density,er_d4,1000,3958,42,333,caliber,2,5,139700,0,15900
2,density,er_d4,1000,3958,42,333,mean_map,2,6,108600,50.3798903977895,2500
2,density,er_d4,1000,3958,42,333,mean_ring,2,7,89900,50.3798903977895,2500
2,density,er_d4,1000,3958,42,333,selected_grid,2,8,84300,201.519561591158,7892600
2,density,er_d4,1000,3958,42,333,std_binary,2,9,133100,0,0
2,density,er_d4,1000,3958,42,333,std_binary,3,0,125700,0,0
2,density,er_d4,1000,3958,42,333,selected_grid,3,1,81700,201.519561591158,7892600
2,density,er_d4,1000,3958,42,333,mean_ring,3,2,84500,50.3798903977895,2500
2,density,er_d4,1000,3958,42,333,mean_map,3,3,89400,50.3798903977895,2500
2,density,er_d4,1000,3958,42,333,caliber,3,4,122100,0,15900
2,density,er_d4,1000,3958,42,333,degree4,3,5,169500,0,53200
2,density,er_d4,1000,3958,42,333,fourary,3,6,135500,0,0
2,density,er_d4,1000,3958,42,333,mean_degree,3,7,123000,12.728623142443027,2500
2,density,er_d4,1000,3958,42,333,binary,3,8,140300,0,0
2,density,er_d4,1000,3958,42,333,max_maxdegree,3,9,220700,8.333153738319847,9000
2,density,er_d4,1000,3958,42,333,mean_map,4,0,114500,50.3798903977895,2500
2,density,er_d4,1000,3958,42,333,mean_degree,4,1,163700,12.728623142443027,2500
2,density,er_d4,1000,3958,42,333,mean_ring,4,2,150700,50.3798903977895,2500
2,density,er_d4,1000,3958,42,333,selected_grid,4,3,121600,201.519561591158,7892600
2,density,er_d4,1000,3958,42,333,caliber,4,4,164000,0,15900
2,density,er_d4,1000,3958,42,333,binary,4,5,179900,0,0
2,density,er_d4,1000,3958,42,333,degree4,4,6,218900,0,53200
2,density,er_d4,1000,3958,42,333,fourary,4,7,148000,0,0
2,density,er_d4,1000,3958,42,333,max_maxdegree,4,8,175700,8.333153738319847,9000
2,density,er_d4,1000,3958,42,333,std_binary,4,9,135100,0,0
2,density,er_d4,1000,3958,42,333,std_binary,5,0,129900,0,0
2,density,er_d4,1000,3958,42,333,max_maxdegree,5,1,130400,8.333153738319847,9000
2,density,er_d4,1000,3958,42,333,fourary,5,2,164000,0,0
2,density,er_d4,1000,3958,42,333,degree4,5,3,157300,0,53200
2,density,er_d4,1000,3958,42,333,binary,5,4,139500,0,0
2,density,er_d4,1000,3958,42,333,caliber,5,5,131000,0,15900
2,density,er_d4,1000,3958,42,333,selected_grid,5,6,90100,201.519561591158,7892600
2,density,er_d4,1000,3958,42,333,mean_ring,5,7,91700,50.3798903977895,2500
2,density,er_d4,1000,3958,42,333,mean_degree,5,8,121000,12.728623142443027,2500
2,density,er_d4,1000,3958,42,333,mean_map,5,9,97800,50.3798903977895,2500
2,density,er_d4,1000,3958,42,333,fourary,6,0,144300,0,0
2,density,er_d4,1000,3958,42,333,mean_degree,6,1,115700,12.728623142443027,2500
2,density,er_d4,1000,3958,42,333,mean_ring,6,2,87100,50.3798903977895,2500
2,density,er_d4,1000,3958,42,333,binary,6,3,141600,0,0
2,density,er_d4,1000,3958,42,333,degree4,6,4,172100,0,53200
2,density,er_d4,1000,3958,42,333,std_binary,6,5,129900,0,0
2,density,er_d4,1000,3958,42,333,selected_grid,6,6,85900,201.519561591158,7892600
2,density,er_d4,1000,3958,42,333,mean_map,6,7,97700,50.3798903977895,2500
2,density,er_d4,1000,3958,42,333,caliber,6,8,119600,0,15900
2,density,er_d4,1000,3958,42,333,max_maxdegree,6,9,139300,8.333153738319847,9000
2,density,er_d4,1000,3958,42,333,max_maxdegree,7,0,126600,8.333153738319847,9000
2,density,er_d4,1000,3958,42,333,caliber,7,1,118100,0,15900
2,density,er_d4,1000,3958,42,333,mean_map,7,2,183500,50.3798903977895,2500
2,density,er_d4,1000,3958,42,333,selected_grid,7,3,85400,201.519561591158,7892600
2,density,er_d4,1000,3958,42,333,std_binary,7,4,130600,0,0
2,density,er_d4,1000,3958,42,333,degree4,7,5,160200,0,53200
2,density,er_d4,1000,3958,42,333,binary,7,6,138700,0,0
2,density,er_d4,1000,3958,42,333,mean_ring,7,7,88700,50.3798903977895,2500
2,density,er_d4,1000,3958,42,333,mean_degree,7,8,124700,12.728623142443027,2500
2,density,er_d4,1000,3958,42,333,fourary,7,9,139300,0,0
2,density,er_d4,1000,3958,42,666,std_binary,0,0,134800,0,0
2,density,er_d4,1000,3958,42,666,max_maxdegree,0,1,137200,8.333153738319847,9000
2,density,er_d4,1000,3958,42,666,selected_grid,0,2,84400,201.519561591158,7892600
2,density,er_d4,1000,3958,42,666,fourary,0,3,140900,0,0
2,density,er_d4,1000,3958,42,666,degree4,0,4,159100,0,53200
2,density,er_d4,1000,3958,42,666,binary,0,5,140000,0,0
2,density,er_d4,1000,3958,42,666,mean_ring,0,6,94400,50.3798903977895,2500
2,density,er_d4,1000,3958,42,666,mean_map,0,7,100900,50.3798903977895,2500
2,density,er_d4,1000,3958,42,666,caliber,0,8,121100,0,15900
2,density,er_d4,1000,3958,42,666,mean_degree,0,9,118600,12.728623142443027,2500
2,density,er_d4,1000,3958,42,666,mean_degree,1,0,104300,12.728623142443027,2500
2,density,er_d4,1000,3958,42,666,caliber,1,1,117500,0,15900
2,density,er_d4,1000,3958,42,666,mean_map,1,2,101200,50.3798903977895,2500
2,density,er_d4,1000,3958,42,666,mean_ring,1,3,91500,50.3798903977895,2500
2,density,er_d4,1000,3958,42,666,binary,1,4,142600,0,0
2,density,er_d4,1000,3958,42,666,degree4,1,5,267900,0,53200
2,density,er_d4,1000,3958,42,666,fourary,1,6,140700,0,0
2,density,er_d4,1000,3958,42,666,selected_grid,1,7,86900,201.519561591158,7892600
2,density,er_d4,1000,3958,42,666,max_maxdegree,1,8,136200,8.333153738319847,9000
2,density,er_d4,1000,3958,42,666,std_binary,1,9,134400,0,0
2,density,er_d4,1000,3958,42,666,caliber,2,0,122600,0,15900
2,density,er_d4,1000,3958,42,666,fourary,2,1,135800,0,0
2,density,er_d4,1000,3958,42,666,mean_ring,2,2,111800,50.3798903977895,2500
2,density,er_d4,1000,3958,42,666,mean_degree,2,3,117100,12.728623142443027,2500
2,density,er_d4,1000,3958,42,666,binary,2,4,186100,0,0
2,density,er_d4,1000,3958,42,666,selected_grid,2,5,82100,201.519561591158,7892600
2,density,er_d4,1000,3958,42,666,mean_map,2,6,100700,50.3798903977895,2500
2,density,er_d4,1000,3958,42,666,max_maxdegree,2,7,130600,8.333153738319847,9000
2,density,er_d4,1000,3958,42,666,degree4,2,8,170600,0,53200
2,density,er_d4,1000,3958,42,666,std_binary,2,9,130800,0,0
2,density,er_d4,1000,3958,42,666,std_binary,3,0,141300,0,0
2,density,er_d4,1000,3958,42,666,degree4,3,1,165200,0,53200
2,density,er_d4,1000,3958,42,666,max_maxdegree,3,2,133700,8.333153738319847,9000
2,density,er_d4,1000,3958,42,666,mean_map,3,3,103900,50.3798903977895,2500
2,density,er_d4,1000,3958,42,666,selected_grid,3,4,87700,201.519561591158,7892600
2,density,er_d4,1000,3958,42,666,binary,3,5,139900,0,0
2,density,er_d4,1000,3958,42,666,mean_degree,3,6,117300,12.728623142443027,2500
2,density,er_d4,1000,3958,42,666,mean_ring,3,7,94300,50.3798903977895,2500
2,density,er_d4,1000,3958,42,666,fourary,3,8,165600,0,0
2,density,er_d4,1000,3958,42,666,caliber,3,9,143800,0,15900
2,density,er_d4,1000,3958,42,666,mean_degree,4,0,148900,12.728623142443027,2500
2,density,er_d4,1000,3958,42,666,binary,4,1,166600,0,0
2,density,er_d4,1000,3958,42,666,mean_ring,4,2,114300,50.3798903977895,2500
2,density,er_d4,1000,3958,42,666,caliber,4,3,140400,0,15900
2,density,er_d4,1000,3958,42,666,mean_map,4,4,124700,50.3798903977895,2500
2,density,er_d4,1000,3958,42,666,fourary,4,5,264200,0,0
2,density,er_d4,1000,3958,42,666,std_binary,4,6,181400,0,0
2,density,er_d4,1000,3958,42,666,selected_grid,4,7,133700,201.519561591158,7892600
2,density,er_d4,1000,3958,42,666,degree4,4,8,222700,0,53200
2,density,er_d4,1000,3958,42,666,max_maxdegree,4,9,291900,8.333153738319847,9000
2,density,er_d4,1000,3958,42,666,max_maxdegree,5,0,245700,8.333153738319847,9000
2,density,er_d4,1000,3958,42,666,degree4,5,1,265400,0,53200
2,density,er_d4,1000,3958,42,666,selected_grid,5,2,138600,201.519561591158,7892600
2,density,er_d4,1000,3958,42,666,std_binary,5,3,280000,0,0
2,density,er_d4,1000,3958,42,666,fourary,5,4,262100,0,0
2,density,er_d4,1000,3958,42,666,mean_map,5,5,163200,50.3798903977895,2500
2,density,er_d4,1000,3958,42,666,caliber,5,6,181300,0,15900
2,density,er_d4,1000,3958,42,666,mean_ring,5,7,136600,50.3798903977895,2500
2,density,er_d4,1000,3958,42,666,binary,5,8,208900,0,0
2,density,er_d4,1000,3958,42,666,mean_degree,5,9,224500,12.728623142443027,2500
2,density,er_d4,1000,3958,42,666,binary,6,0,208200,0,0
2,density,er_d4,1000,3958,42,666,degree4,6,1,225800,0,53200
2,density,er_d4,1000,3958,42,666,max_maxdegree,6,2,412300,8.333153738319847,9000
2,density,er_d4,1000,3958,42,666,mean_degree,6,3,139600,12.728623142443027,2500
2,density,er_d4,1000,3958,42,666,fourary,6,4,148700,0,0
2,density,er_d4,1000,3958,42,666,mean_map,6,5,110100,50.3798903977895,2500
2,density,er_d4,1000,3958,42,666,caliber,6,6,130900,0,15900
2,density,er_d4,1000,3958,42,666,mean_ring,6,7,98600,50.3798903977895,2500
2,density,er_d4,1000,3958,42,666,std_binary,6,8,138700,0,0
2,density,er_d4,1000,3958,42,666,selected_grid,6,9,89600,201.519561591158,7892600
2,density,er_d4,1000,3958,42,666,selected_grid,7,0,93400,201.519561591158,7892600
2,density,er_d4,1000,3958,42,666,std_binary,7,1,141400,0,0
2,density,er_d4,1000,3958,42,666,mean_ring,7,2,100600,50.3798903977895,2500
2,density,er_d4,1000,3958,42,666,caliber,7,3,128300,0,15900
2,density,er_d4,1000,3958,42,666,mean_map,7,4,106200,50.3798903977895,2500
2,density,er_d4,1000,3958,42,666,fourary,7,5,159000,0,0
2,density,er_d4,1000,3958,42,666,mean_degree,7,6,138300,12.728623142443027,2500
2,density,er_d4,1000,3958,42,666,max_maxdegree,7,7,167900,8.333153738319847,9000
2,density,er_d4,1000,3958,42,666,degree4,7,8,200700,0,53200
2,density,er_d4,1000,3958,42,666,binary,7,9,152400,0,0
3,calibration,er_d8,1000,8002,42,0,grid_0.75,0,0,127100,37.759046028275044,5100
3,calibration,er_d8,1000,8002,42,0,grid_1,0,1,124100,50.345394704366726,5100
3,calibration,er_d8,1000,8002,42,0,grid_0.1,0,2,171700,5.034539470436673,5100
3,calibration,er_d8,1000,8002,42,0,grid_2,0,3,121800,100.69078940873345,5100
3,calibration,er_d8,1000,8002,42,0,grid_16,0,4,140300,805.5263152698676,5100
3,calibration,er_d8,1000,8002,42,0,grid_0.25,0,5,147700,12.586348676091681,5100
3,calibration,er_d8,1000,8002,42,0,grid_0.5,0,6,130900,25.172697352183363,5100
3,calibration,er_d8,1000,8002,42,0,grid_0.03125,0,7,195100,1.5732935845114602,5100
3,calibration,er_d8,1000,8002,42,0,grid_1.5,0,8,135600,75.51809205655009,5100
3,calibration,er_d8,1000,8002,42,0,grid_4,0,9,143300,201.3815788174669,5100
3,calibration,er_d8,1000,8002,42,0,grid_8,0,10,137100,402.7631576349338,5100
3,calibration,er_d8,1000,8002,42,0,grid_0.05,0,11,177000,2.5172697352183366,5100
3,calibration,er_d8,1000,8002,42,0,grid_0.05,1,0,172800,2.5172697352183366,5100
3,calibration,er_d8,1000,8002,42,0,grid_8,1,1,145900,402.7631576349338,5100
3,calibration,er_d8,1000,8002,42,0,grid_4,1,2,144500,201.3815788174669,5100
3,calibration,er_d8,1000,8002,42,0,grid_1.5,1,3,125900,75.51809205655009,5100
3,calibration,er_d8,1000,8002,42,0,grid_0.03125,1,4,200300,1.5732935845114602,5100
3,calibration,er_d8,1000,8002,42,0,grid_0.5,1,5,138400,25.172697352183363,5100
3,calibration,er_d8,1000,8002,42,0,grid_0.25,1,6,150100,12.586348676091681,5100
3,calibration,er_d8,1000,8002,42,0,grid_16,1,7,139600,805.5263152698676,5100
3,calibration,er_d8,1000,8002,42,0,grid_2,1,8,122100,100.69078940873345,5100
3,calibration,er_d8,1000,8002,42,0,grid_0.1,1,9,179300,5.034539470436673,5100
3,calibration,er_d8,1000,8002,42,0,grid_1,1,10,130200,50.345394704366726,5100
3,calibration,er_d8,1000,8002,42,0,grid_0.75,1,11,127300,37.759046028275044,5100
3,calibration,er_d8,1000,8002,42,0,grid_1,2,0,121800,50.345394704366726,5100
3,calibration,er_d8,1000,8002,42,0,grid_0.75,2,1,123100,37.759046028275044,5100
3,calibration,er_d8,1000,8002,42,0,grid_1.5,2,2,127200,75.51809205655009,5100
3,calibration,er_d8,1000,8002,42,0,grid_4,2,3,151800,201.3815788174669,5100
3,calibration,er_d8,1000,8002,42,0,grid_0.03125,2,4,195600,1.5732935845114602,5100
3,calibration,er_d8,1000,8002,42,0,grid_0.05,2,5,186800,2.5172697352183366,5100
3,calibration,er_d8,1000,8002,42,0,grid_0.25,2,6,154600,12.586348676091681,5100
3,calibration,er_d8,1000,8002,42,0,grid_16,2,7,147400,805.5263152698676,5100
3,calibration,er_d8,1000,8002,42,0,grid_0.1,2,8,166700,5.034539470436673,5100
3,calibration,er_d8,1000,8002,42,0,grid_0.5,2,9,135900,25.172697352183363,5100
3,calibration,er_d8,1000,8002,42,0,grid_8,2,10,153000,402.7631576349338,5100
3,calibration,er_d8,1000,8002,42,0,grid_2,2,11,122300,100.69078940873345,5100
3,calibration,er_d8,1000,8002,42,0,grid_2,3,0,111400,100.69078940873345,5100
3,calibration,er_d8,1000,8002,42,0,grid_8,3,1,144900,402.7631576349338,5100
3,calibration,er_d8,1000,8002,42,0,grid_0.5,3,2,130700,25.172697352183363,5100
3,calibration,er_d8,1000,8002,42,0,grid_0.1,3,3,173200,5.034539470436673,5100
3,calibration,er_d8,1000,8002,42,0,grid_16,3,4,146700,805.5263152698676,5100
3,calibration,er_d8,1000,8002,42,0,grid_0.25,3,5,148900,12.586348676091681,5100
3,calibration,er_d8,1000,8002,42,0,grid_0.05,3,6,181900,2.5172697352183366,5100
3,calibration,er_d8,1000,8002,42,0,grid_0.03125,3,7,199400,1.5732935845114602,5100
3,calibration,er_d8,1000,8002,42,0,grid_4,3,8,149400,201.3815788174669,5100
3,calibration,er_d8,1000,8002,42,0,grid_1.5,3,9,125500,75.51809205655009,5100
3,calibration,er_d8,1000,8002,42,0,grid_0.75,3,10,127500,37.759046028275044,5100
3,calibration,er_d8,1000,8002,42,0,grid_1,3,11,126300,50.345394704366726,5100
3,calibration,er_d8,1000,8002,42,0,grid_0.03125,4,0,196700,1.5732935845114602,5100
3,calibration,er_d8,1000,8002,42,0,grid_0.1,4,1,192200,5.034539470436673,5100
3,calibration,er_d8,1000,8002,42,0,grid_4,4,2,178600,201.3815788174669,5100
3,calibration,er_d8,1000,8002,42,0,grid_2,4,3,123400,100.69078940873345,5100
3,calibration,er_d8,1000,8002,42,0,grid_0.5,4,4,132200,25.172697352183363,5100
3,calibration,er_d8,1000,8002,42,0,grid_8,4,5,150500,402.7631576349338,5100
3,calibration,er_d8,1000,8002,42,0,grid_0.05,4,6,178900,2.5172697352183366,5100
3,calibration,er_d8,1000,8002,42,0,grid_0.75,4,7,159500,37.759046028275044,5100
3,calibration,er_d8,1000,8002,42,0,grid_1.5,4,8,126900,75.51809205655009,5100
3,calibration,er_d8,1000,8002,42,0,grid_0.25,4,9,147800,12.586348676091681,5100
3,calibration,er_d8,1000,8002,42,0,grid_16,4,10,148900,805.5263152698676,5100
3,calibration,er_d8,1000,8002,42,0,grid_1,4,11,125700,50.345394704366726,5100
3,calibration,er_d8,1000,8002,42,0,grid_1,5,0,113500,50.345394704366726,5100
3,calibration,er_d8,1000,8002,42,0,grid_16,5,1,143600,805.5263152698676,5100
3,calibration,er_d8,1000,8002,42,0,grid_0.25,5,2,142300,12.586348676091681,5100
3,calibration,er_d8,1000,8002,42,0,grid_1.5,5,3,122400,75.51809205655009,5100
3,calibration,er_d8,1000,8002,42,0,grid_0.75,5,4,126400,37.759046028275044,5100
3,calibration,er_d8,1000,8002,42,0,grid_0.05,5,5,179800,2.5172697352183366,5100
3,calibration,er_d8,1000,8002,42,0,grid_8,5,6,147600,402.7631576349338,5100
3,calibration,er_d8,1000,8002,42,0,grid_0.5,5,7,213200,25.172697352183363,5100
3,calibration,er_d8,1000,8002,42,0,grid_2,5,8,129500,100.69078940873345,5100
3,calibration,er_d8,1000,8002,42,0,grid_4,5,9,151800,201.3815788174669,5100
3,calibration,er_d8,1000,8002,42,0,grid_0.1,5,10,210800,5.034539470436673,5100
3,calibration,er_d8,1000,8002,42,0,grid_0.03125,5,11,284300,1.5732935845114602,5100
3,density,er_d8,1000,8002,42,333,binary,0,0,202400,0,0
3,density,er_d8,1000,8002,42,333,fourary,0,1,204200,0,0
3,density,er_d8,1000,8002,42,333,selected_grid,0,2,117600,100.69078940873345,10983700
3,density,er_d8,1000,8002,42,333,mean_degree,0,3,164400,6.291601437686419,5100
3,density,er_d8,1000,8002,42,333,max_maxdegree,0,4,170200,4.761879080003162,14300
3,density,er_d8,1000,8002,42,333,mean_map,0,5,137300,50.345394704366726,5100
3,density,er_d8,1000,8002,42,333,caliber,0,6,196000,0,20800
3,density,er_d8,1000,8002,42,333,mean_ring,0,7,131600,50.345394704366726,5100
3,density,er_d8,1000,8002,42,333,degree4,0,8,212000,0,55000
3,density,er_d8,1000,8002,42,333,std_binary,0,9,205400,0,0
3,density,er_d8,1000,8002,42,333,std_binary,1,0,214500,0,0
3,density,er_d8,1000,8002,42,333,degree4,1,1,208800,0,55000
3,density,er_d8,1000,8002,42,333,mean_ring,1,2,118600,50.345394704366726,5100
3,density,er_d8,1000,8002,42,333,caliber,1,3,186400,0,20800
3,density,er_d8,1000,8002,42,333,mean_map,1,4,125300,50.345394704366726,5100
3,density,er_d8,1000,8002,42,333,max_maxdegree,1,5,169700,4.761879080003162,14300
3,density,er_d8,1000,8002,42,333,mean_degree,1,6,160000,6.291601437686419,5100
3,density,er_d8,1000,8002,42,333,selected_grid,1,7,120500,100.69078940873345,10983700
3,density,er_d8,1000,8002,42,333,fourary,1,8,214200,0,0
3,density,er_d8,1000,8002,42,333,binary,1,9,205300,0,0
3,density,er_d8,1000,8002,42,333,max_maxdegree,2,0,162900,4.761879080003162,14300
3,density,er_d8,1000,8002,42,333,binary,2,1,204200,0,0
3,density,er_d8,1000,8002,42,333,mean_degree,2,2,157400,6.291601437686419,5100
3,density,er_d8,1000,8002,42,333,fourary,2,3,205100,0,0
3,density,er_d8,1000,8002,42,333,degree4,2,4,210100,0,55000
3,density,er_d8,1000,8002,42,333,caliber,2,5,188300,0,20800
3,density,er_d8,1000,8002,42,333,mean_map,2,6,122300,50.345394704366726,5100
3,density,er_d8,1000,8002,42,333,mean_ring,2,7,114500,50.345394704366726,5100
3,density,er_d8,1000,8002,42,333,selected_grid,2,8,117100,100.69078940873345,10983700
3,density,er_d8,1000,8002,42,333,std_binary,2,9,201200,0,0
3,density,er_d8,1000,8002,42,333,std_binary,3,0,194900,0,0
3,density,er_d8,1000,8002,42,333,selected_grid,3,1,119300,100.69078940873345,10983700
3,density,er_d8,1000,8002,42,333,mean_ring,3,2,119700,50.345394704366726,5100
3,density,er_d8,1000,8002,42,333,mean_map,3,3,123300,50.345394704366726,5100
3,density,er_d8,1000,8002,42,333,caliber,3,4,192900,0,20800
3,density,er_d8,1000,8002,42,333,degree4,3,5,212100,0,55000
3,density,er_d8,1000,8002,42,333,fourary,3,6,204800,0,0
3,density,er_d8,1000,8002,42,333,mean_degree,3,7,166600,6.291601437686419,5100
3,density,er_d8,1000,8002,42,333,binary,3,8,204600,0,0
3,density,er_d8,1000,8002,42,333,max_maxdegree,3,9,180400,4.761879080003162,14300
3,density,er_d8,1000,8002,42,333,mean_map,4,0,134200,50.345394704366726,5100
3,density,er_d8,1000,8002,42,333,mean_degree,4,1,166200,6.291601437686419,5100
3,density,er_d8,1000,8002,42,333,mean_ring,4,2,123500,50.345394704366726,5100
3,density,er_d8,1000,8002,42,333,selected_grid,4,3,123800,100.69078940873345,10983700
3,density,er_d8,1000,8002,42,333,caliber,4,4,186300,0,20800
3,density,er_d8,1000,8002,42,333,binary,4,5,206000,0,0
3,density,er_d8,1000,8002,42,333,degree4,4,6,209000,0,55000
3,density,er_d8,1000,8002,42,333,fourary,4,7,201400,0,0
3,density,er_d8,1000,8002,42,333,max_maxdegree,4,8,169800,4.761879080003162,14300
3,density,er_d8,1000,8002,42,333,std_binary,4,9,203300,0,0
3,density,er_d8,1000,8002,42,333,std_binary,5,0,195400,0,0
3,density,er_d8,1000,8002,42,333,max_maxdegree,5,1,164600,4.761879080003162,14300
3,density,er_d8,1000,8002,42,333,fourary,5,2,206900,0,0
3,density,er_d8,1000,8002,42,333,degree4,5,3,206100,0,55000
3,density,er_d8,1000,8002,42,333,binary,5,4,204700,0,0
3,density,er_d8,1000,8002,42,333,caliber,5,5,187300,0,20800
3,density,er_d8,1000,8002,42,333,selected_grid,5,6,121300,100.69078940873345,10983700
3,density,er_d8,1000,8002,42,333,mean_ring,5,7,119300,50.345394704366726,5100
3,density,er_d8,1000,8002,42,333,mean_degree,5,8,161100,6.291601437686419,5100
3,density,er_d8,1000,8002,42,333,mean_map,5,9,130200,50.345394704366726,5100
3,density,er_d8,1000,8002,42,333,fourary,6,0,198900,0,0
3,density,er_d8,1000,8002,42,333,mean_degree,6,1,158200,6.291601437686419,5100
3,density,er_d8,1000,8002,42,333,mean_ring,6,2,118100,50.345394704366726,5100
3,density,er_d8,1000,8002,42,333,binary,6,3,203600,0,0
3,density,er_d8,1000,8002,42,333,degree4,6,4,211100,0,55000
3,density,er_d8,1000,8002,42,333,std_binary,6,5,199200,0,0
3,density,er_d8,1000,8002,42,333,selected_grid,6,6,120400,100.69078940873345,10983700
3,density,er_d8,1000,8002,42,333,mean_map,6,7,141200,50.345394704366726,5100
3,density,er_d8,1000,8002,42,333,caliber,6,8,216300,0,20800
3,density,er_d8,1000,8002,42,333,max_maxdegree,6,9,189800,4.761879080003162,14300
3,density,er_d8,1000,8002,42,333,max_maxdegree,7,0,171600,4.761879080003162,14300
3,density,er_d8,1000,8002,42,333,caliber,7,1,183900,0,20800
3,density,er_d8,1000,8002,42,333,mean_map,7,2,169400,50.345394704366726,5100
3,density,er_d8,1000,8002,42,333,selected_grid,7,3,157800,100.69078940873345,10983700
3,density,er_d8,1000,8002,42,333,std_binary,7,4,204100,0,0
3,density,er_d8,1000,8002,42,333,degree4,7,5,231300,0,55000
3,density,er_d8,1000,8002,42,333,binary,7,6,209100,0,0
3,density,er_d8,1000,8002,42,333,mean_ring,7,7,119300,50.345394704366726,5100
3,density,er_d8,1000,8002,42,333,mean_degree,7,8,168600,6.291601437686419,5100
3,density,er_d8,1000,8002,42,333,fourary,7,9,227800,0,0
3,density,er_d8,1000,8002,42,666,std_binary,0,0,354300,0,0
3,density,er_d8,1000,8002,42,666,max_maxdegree,0,1,469400,4.761879080003162,14300
3,density,er_d8,1000,8002,42,666,selected_grid,0,2,239200,100.69078940873345,10983700
3,density,er_d8,1000,8002,42,666,fourary,0,3,273000,0,0
3,density,er_d8,1000,8002,42,666,degree4,0,4,308100,0,55000
3,density,er_d8,1000,8002,42,666,binary,0,5,231900,0,0
3,density,er_d8,1000,8002,42,666,mean_ring,0,6,122800,50.345394704366726,5100
3,density,er_d8,1000,8002,42,666,mean_map,0,7,126100,50.345394704366726,5100
3,density,er_d8,1000,8002,42,666,caliber,0,8,188600,0,20800
3,density,er_d8,1000,8002,42,666,mean_degree,0,9,183800,6.291601437686419,5100
3,density,er_d8,1000,8002,42,666,mean_degree,1,0,249600,6.291601437686419,5100
3,density,er_d8,1000,8002,42,666,caliber,1,1,192000,0,20800
3,density,er_d8,1000,8002,42,666,mean_map,1,2,128700,50.345394704366726,5100
3,density,er_d8,1000,8002,42,666,mean_ring,1,3,121700,50.345394704366726,5100
3,density,er_d8,1000,8002,42,666,binary,1,4,210000,0,0
3,density,er_d8,1000,8002,42,666,degree4,1,5,213300,0,55000
3,density,er_d8,1000,8002,42,666,fourary,1,6,208000,0,0
3,density,er_d8,1000,8002,42,666,selected_grid,1,7,125500,100.69078940873345,10983700
3,density,er_d8,1000,8002,42,666,max_maxdegree,1,8,182400,4.761879080003162,14300
3,density,er_d8,1000,8002,42,666,std_binary,1,9,203100,0,0
3,density,er_d8,1000,8002,42,666,caliber,2,0,193000,0,20800
3,density,er_d8,1000,8002,42,666,fourary,2,1,198500,0,0
3,density,er_d8,1000,8002,42,666,mean_ring,2,2,121200,50.345394704366726,5100
3,density,er_d8,1000,8002,42,666,mean_degree,2,3,170400,6.291601437686419,5100
3,density,er_d8,1000,8002,42,666,binary,2,4,203300,0,0
3,density,er_d8,1000,8002,42,666,selected_grid,2,5,134700,100.69078940873345,10983700
3,density,er_d8,1000,8002,42,666,mean_map,2,6,185800,50.345394704366726,5100
3,density,er_d8,1000,8002,42,666,max_maxdegree,2,7,170000,4.761879080003162,14300
3,density,er_d8,1000,8002,42,666,degree4,2,8,203700,0,55000
3,density,er_d8,1000,8002,42,666,std_binary,2,9,197100,0,0
3,density,er_d8,1000,8002,42,666,std_binary,3,0,191900,0,0
3,density,er_d8,1000,8002,42,666,degree4,3,1,212500,0,55000
3,density,er_d8,1000,8002,42,666,max_maxdegree,3,2,166900,4.761879080003162,14300
3,density,er_d8,1000,8002,42,666,mean_map,3,3,128400,50.345394704366726,5100
3,density,er_d8,1000,8002,42,666,selected_grid,3,4,125800,100.69078940873345,10983700
3,density,er_d8,1000,8002,42,666,binary,3,5,201500,0,0
3,density,er_d8,1000,8002,42,666,mean_degree,3,6,164900,6.291601437686419,5100
3,density,er_d8,1000,8002,42,666,mean_ring,3,7,124600,50.345394704366726,5100
3,density,er_d8,1000,8002,42,666,fourary,3,8,205900,0,0
3,density,er_d8,1000,8002,42,666,caliber,3,9,195000,0,20800
3,density,er_d8,1000,8002,42,666,mean_degree,4,0,164100,6.291601437686419,5100
3,density,er_d8,1000,8002,42,666,binary,4,1,204100,0,0
3,density,er_d8,1000,8002,42,666,mean_ring,4,2,119800,50.345394704366726,5100
3,density,er_d8,1000,8002,42,666,caliber,4,3,185300,0,20800
3,density,er_d8,1000,8002,42,666,mean_map,4,4,125800,50.345394704366726,5100
3,density,er_d8,1000,8002,42,666,fourary,4,5,196300,0,0
3,density,er_d8,1000,8002,42,666,std_binary,4,6,199800,0,0
3,density,er_d8,1000,8002,42,666,selected_grid,4,7,123100,100.69078940873345,10983700
3,density,er_d8,1000,8002,42,666,degree4,4,8,205800,0,55000
3,density,er_d8,1000,8002,42,666,max_maxdegree,4,9,172400,4.761879080003162,14300
3,density,er_d8,1000,8002,42,666,max_maxdegree,5,0,160600,4.761879080003162,14300
3,density,er_d8,1000,8002,42,666,degree4,5,1,204500,0,55000
3,density,er_d8,1000,8002,42,666,selected_grid,5,2,126300,100.69078940873345,10983700
3,density,er_d8,1000,8002,42,666,std_binary,5,3,195400,0,0
3,density,er_d8,1000,8002,42,666,fourary,5,4,206500,0,0
3,density,er_d8,1000,8002,42,666,mean_map,5,5,132000,50.345394704366726,5100
3,density,er_d8,1000,8002,42,666,caliber,5,6,183500,0,20800
3,density,er_d8,1000,8002,42,666,mean_ring,5,7,123600,50.345394704366726,5100
3,density,er_d8,1000,8002,42,666,binary,5,8,205700,0,0
3,density,er_d8,1000,8002,42,666,mean_degree,5,9,176900,6.291601437686419,5100
3,density,er_d8,1000,8002,42,666,binary,6,0,205100,0,0
3,density,er_d8,1000,8002,42,666,degree4,6,1,526300,0,55000
3,density,er_d8,1000,8002,42,666,max_maxdegree,6,2,219700,4.761879080003162,14300
3,density,er_d8,1000,8002,42,666,mean_degree,6,3,161400,6.291601437686419,5100
3,density,er_d8,1000,8002,42,666,fourary,6,4,204000,0,0
3,density,er_d8,1000,8002,42,666,mean_map,6,5,135400,50.345394704366726,5100
3,density,er_d8,1000,8002,42,666,caliber,6,6,185600,0,20800
3,density,er_d8,1000,8002,42,666,mean_ring,6,7,120800,50.345394704366726,5100
3,density,er_d8,1000,8002,42,666,std_binary,6,8,201200,0,0
3,density,er_d8,1000,8002,42,666,selected_grid,6,9,265600,100.69078940873345,10983700
3,density,er_d8,1000,8002,42,666,selected_grid,7,0,131200,100.69078940873345,10983700
3,density,er_d8,1000,8002,42,666,std_binary,7,1,202400,0,0
3,density,er_d8,1000,8002,42,666,mean_ring,7,2,125500,50.345394704366726,5100
3,density,er_d8,1000,8002,42,666,caliber,7,3,185000,0,20800
3,density,er_d8,1000,8002,42,666,mean_map,7,4,128600,50.345394704366726,5100
3,density,er_d8,1000,8002,42,666,fourary,7,5,216300,0,0
3,density,er_d8,1000,8002,42,666,mean_degree,7,6,182600,6.291601437686419,5100
3,density,er_d8,1000,8002,42,666,max_maxdegree,7,7,180000,4.761879080003162,14300
3,density,er_d8,1000,8002,42,666,degree4,7,8,210800,0,55000
3,density,er_d8,1000,8002,42,666,binary,7,9,218600,0,0
4,calibration,er_d16,1000,15852,42,0,grid_0.75,0,0,165400,37.84169666329048,10100
4,calibration,er_d16,1000,15852,42,0,grid_1,0,1,172400,50.45559555105397,10100
4,calibration,er_d16,1000,15852,42,0,grid_0.1,0,2,212100,5.045559555105397,10100
4,calibration,er_d16,1000,15852,42,0,grid_2,0,3,223600,100.91119110210794,10100
4,calibration,er_d16,1000,15852,42,0,grid_16,0,4,236100,807.2895288168635,10100
4,calibration,er_d16,1000,15852,42,0,grid_0.25,0,5,182400,12.613898887763492,10100
4,calibration,er_d16,1000,15852,42,0,grid_0.5,0,6,163000,25.227797775526984,10100
4,calibration,er_d16,1000,15852,42,0,grid_0.03125,0,7,250900,1.5767373609704365,10100
4,calibration,er_d16,1000,15852,42,0,grid_1.5,0,8,533800,75.68339332658095,10100
4,calibration,er_d16,1000,15852,42,0,grid_4,0,9,236100,201.82238220421587,10100
4,calibration,er_d16,1000,15852,42,0,grid_8,0,10,231800,403.64476440843174,10100
4,calibration,er_d16,1000,15852,42,0,grid_0.05,0,11,247500,2.5227797775526986,10100
4,calibration,er_d16,1000,15852,42,0,grid_0.05,1,0,218600,2.5227797775526986,10100
4,calibration,er_d16,1000,15852,42,0,grid_8,1,1,228800,403.64476440843174,10100
4,calibration,er_d16,1000,15852,42,0,grid_4,1,2,226900,201.82238220421587,10100
4,calibration,er_d16,1000,15852,42,0,grid_1.5,1,3,256100,75.68339332658095,10100
4,calibration,er_d16,1000,15852,42,0,grid_0.03125,1,4,253400,1.5767373609704365,10100
4,calibration,er_d16,1000,15852,42,0,grid_0.5,1,5,169600,25.227797775526984,10100
4,calibration,er_d16,1000,15852,42,0,grid_0.25,1,6,180300,12.613898887763492,10100
4,calibration,er_d16,1000,15852,42,0,grid_16,1,7,233800,807.2895288168635,10100
4,calibration,er_d16,1000,15852,42,0,grid_2,1,8,269800,100.91119110210794,10100
4,calibration,er_d16,1000,15852,42,0,grid_0.1,1,9,223600,5.045559555105397,10100
4,calibration,er_d16,1000,15852,42,0,grid_1,1,10,174700,50.45559555105397,10100
4,calibration,er_d16,1000,15852,42,0,grid_0.75,1,11,172400,37.84169666329048,10100
4,calibration,er_d16,1000,15852,42,0,grid_1,2,0,170900,50.45559555105397,10100
4,calibration,er_d16,1000,15852,42,0,grid_0.75,2,1,163000,37.84169666329048,10100
4,calibration,er_d16,1000,15852,42,0,grid_1.5,2,2,221800,75.68339332658095,10100
4,calibration,er_d16,1000,15852,42,0,grid_4,2,3,236600,201.82238220421587,10100
4,calibration,er_d16,1000,15852,42,0,grid_0.03125,2,4,256600,1.5767373609704365,10100
4,calibration,er_d16,1000,15852,42,0,grid_0.05,2,5,226400,2.5227797775526986,10100
4,calibration,er_d16,1000,15852,42,0,grid_0.25,2,6,182400,12.613898887763492,10100
4,calibration,er_d16,1000,15852,42,0,grid_16,2,7,257600,807.2895288168635,10100
4,calibration,er_d16,1000,15852,42,0,grid_0.1,2,8,209500,5.045559555105397,10100
4,calibration,er_d16,1000,15852,42,0,grid_0.5,2,9,167500,25.227797775526984,10100
4,calibration,er_d16,1000,15852,42,0,grid_8,2,10,228400,403.64476440843174,10100
4,calibration,er_d16,1000,15852,42,0,grid_2,2,11,229500,100.91119110210794,10100
4,calibration,er_d16,1000,15852,42,0,grid_2,3,0,220300,100.91119110210794,10100
4,calibration,er_d16,1000,15852,42,0,grid_8,3,1,230000,403.64476440843174,10100
4,calibration,er_d16,1000,15852,42,0,grid_0.5,3,2,161300,25.227797775526984,10100
4,calibration,er_d16,1000,15852,42,0,grid_0.1,3,3,210700,5.045559555105397,10100
4,calibration,er_d16,1000,15852,42,0,grid_16,3,4,230200,807.2895288168635,10100
4,calibration,er_d16,1000,15852,42,0,grid_0.25,3,5,178000,12.613898887763492,10100
4,calibration,er_d16,1000,15852,42,0,grid_0.05,3,6,231300,2.5227797775526986,10100
4,calibration,er_d16,1000,15852,42,0,grid_0.03125,3,7,240100,1.5767373609704365,10100
4,calibration,er_d16,1000,15852,42,0,grid_4,3,8,240400,201.82238220421587,10100
4,calibration,er_d16,1000,15852,42,0,grid_1.5,3,9,224700,75.68339332658095,10100
4,calibration,er_d16,1000,15852,42,0,grid_0.75,3,10,172700,37.84169666329048,10100
4,calibration,er_d16,1000,15852,42,0,grid_1,3,11,175300,50.45559555105397,10100
4,calibration,er_d16,1000,15852,42,0,grid_0.03125,4,0,233200,1.5767373609704365,10100
4,calibration,er_d16,1000,15852,42,0,grid_0.1,4,1,213800,5.045559555105397,10100
4,calibration,er_d16,1000,15852,42,0,grid_4,4,2,238500,201.82238220421587,10100
4,calibration,er_d16,1000,15852,42,0,grid_2,4,3,220100,100.91119110210794,10100
4,calibration,er_d16,1000,15852,42,0,grid_0.5,4,4,165400,25.227797775526984,10100
4,calibration,er_d16,1000,15852,42,0,grid_8,4,5,231100,403.64476440843174,10100
4,calibration,er_d16,1000,15852,42,0,grid_0.05,4,6,271500,2.5227797775526986,10100
4,calibration,er_d16,1000,15852,42,0,grid_0.75,4,7,392600,37.84169666329048,10100
4,calibration,er_d16,1000,15852,42,0,grid_1.5,4,8,224000,75.68339332658095,10100
4,calibration,er_d16,1000,15852,42,0,grid_0.25,4,9,183800,12.613898887763492,10100
4,calibration,er_d16,1000,15852,42,0,grid_16,4,10,233900,807.2895288168635,10100
4,calibration,er_d16,1000,15852,42,0,grid_1,4,11,171800,50.45559555105397,10100
4,calibration,er_d16,1000,15852,42,0,grid_1,5,0,163200,50.45559555105397,10100
4,calibration,er_d16,1000,15852,42,0,grid_16,5,1,239300,807.2895288168635,10100
4,calibration,er_d16,1000,15852,42,0,grid_0.25,5,2,175600,12.613898887763492,10100
4,calibration,er_d16,1000,15852,42,0,grid_1.5,5,3,287000,75.68339332658095,10100
4,calibration,er_d16,1000,15852,42,0,grid_0.75,5,4,167200,37.84169666329048,10100
4,calibration,er_d16,1000,15852,42,0,grid_0.05,5,5,237600,2.5227797775526986,10100
4,calibration,er_d16,1000,15852,42,0,grid_8,5,6,228400,403.64476440843174,10100
4,calibration,er_d16,1000,15852,42,0,grid_0.5,5,7,163300,25.227797775526984,10100
4,calibration,er_d16,1000,15852,42,0,grid_2,5,8,221100,100.91119110210794,10100
4,calibration,er_d16,1000,15852,42,0,grid_4,5,9,227000,201.82238220421587,10100
4,calibration,er_d16,1000,15852,42,0,grid_0.1,5,10,333800,5.045559555105397,10100
4,calibration,er_d16,1000,15852,42,0,grid_0.03125,5,11,246400,1.5767373609704365,10100
4,density,er_d16,1000,15852,42,333,binary,0,0,301100,0,0
4,density,er_d16,1000,15852,42,333,fourary,0,1,266800,0,0
4,density,er_d16,1000,15852,42,333,selected_grid,0,2,170700,25.227797775526984,16075500
4,density,er_d16,1000,15852,42,333,mean_degree,0,3,238100,3.182916701429092,10100
4,density,er_d16,1000,15852,42,333,max_maxdegree,0,4,224600,3.571409310002371,19800
4,density,er_d16,1000,15852,42,333,mean_map,0,5,176200,50.45559555105397,10100
4,density,er_d16,1000,15852,42,333,caliber,0,6,303000,0,22800
4,density,er_d16,1000,15852,42,333,mean_ring,0,7,171900,50.45559555105397,10100
4,density,er_d16,1000,15852,42,333,degree4,0,8,556100,0,43000
4,density,er_d16,1000,15852,42,333,std_binary,0,9,362600,0,0
4,density,er_d16,1000,15852,42,333,std_binary,1,0,288100,0,0
4,density,er_d16,1000,15852,42,333,degree4,1,1,275200,0,43000
4,density,er_d16,1000,15852,42,333,mean_ring,1,2,176500,50.45559555105397,10100
4,density,er_d16,1000,15852,42,333,caliber,1,3,253200,0,22800
4,density,er_d16,1000,15852,42,333,mean_map,1,4,171500,50.45559555105397,10100
4,density,er_d16,1000,15852,42,333,max_maxdegree,1,5,227500,3.571409310002371,19800
4,density,er_d16,1000,15852,42,333,mean_degree,1,6,231200,3.182916701429092,10100
4,density,er_d16,1000,15852,42,333,selected_grid,1,7,172000,25.227797775526984,16075500
4,density,er_d16,1000,15852,42,333,fourary,1,8,276700,0,0
4,density,er_d16,1000,15852,42,333,binary,1,9,274800,0,0
4,density,er_d16,1000,15852,42,333,max_maxdegree,2,0,218400,3.571409310002371,19800
4,density,er_d16,1000,15852,42,333,binary,2,1,280700,0,0
4,density,er_d16,1000,15852,42,333,mean_degree,2,2,227700,3.182916701429092,10100
4,density,er_d16,1000,15852,42,333,fourary,2,3,269100,0,0
4,density,er_d16,1000,15852,42,333,degree4,2,4,277500,0,43000
4,density,er_d16,1000,15852,42,333,caliber,2,5,251900,0,22800
4,density,er_d16,1000,15852,42,333,mean_map,2,6,176500,50.45559555105397,10100
4,density,er_d16,1000,15852,42,333,mean_ring,2,7,183800,50.45559555105397,10100
4,density,er_d16,1000,15852,42,333,selected_grid,2,8,170800,25.227797775526984,16075500
4,density,er_d16,1000,15852,42,333,std_binary,2,9,278500,0,0
4,density,er_d16,1000,15852,42,333,std_binary,3,0,267300,0,0
4,density,er_d16,1000,15852,42,333,selected_grid,3,1,164600,25.227797775526984,16075500
4,density,er_d16,1000,15852,42,333,mean_ring,3,2,164800,50.45559555105397,10100
4,density,er_d16,1000,15852,42,333,mean_map,3,3,176200,50.45559555105397,10100
4,density,er_d16,1000,15852,42,333,caliber,3,4,253000,0,22800
4,density,er_d16,1000,15852,42,333,degree4,3,5,278400,0,43000
4,density,er_d16,1000,15852,42,333,fourary,3,6,268000,0,0
4,density,er_d16,1000,15852,42,333,mean_degree,3,7,234500,3.182916701429092,10100
4,density,er_d16,1000,15852,42,333,binary,3,8,277600,0,0
4,density,er_d16,1000,15852,42,333,max_maxdegree,3,9,221700,3.571409310002371,19800
4,density,er_d16,1000,15852,42,333,mean_map,4,0,180700,50.45559555105397,10100
4,density,er_d16,1000,15852,42,333,mean_degree,4,1,226400,3.182916701429092,10100
4,density,er_d16,1000,15852,42,333,mean_ring,4,2,166600,50.45559555105397,10100
4,density,er_d16,1000,15852,42,333,selected_grid,4,3,169500,25.227797775526984,16075500
4,density,er_d16,1000,15852,42,333,caliber,4,4,251400,0,22800
4,density,er_d16,1000,15852,42,333,binary,4,5,273600,0,0
4,density,er_d16,1000,15852,42,333,degree4,4,6,307600,0,43000
4,density,er_d16,1000,15852,42,333,fourary,4,7,274300,0,0
4,density,er_d16,1000,15852,42,333,max_maxdegree,4,8,222600,3.571409310002371,19800
4,density,er_d16,1000,15852,42,333,std_binary,4,9,287400,0,0
4,density,er_d16,1000,15852,42,333,std_binary,5,0,274900,0,0
4,density,er_d16,1000,15852,42,333,max_maxdegree,5,1,218900,3.571409310002371,19800
4,density,er_d16,1000,15852,42,333,fourary,5,2,268800,0,0
4,density,er_d16,1000,15852,42,333,degree4,5,3,278500,0,43000
4,density,er_d16,1000,15852,42,333,binary,5,4,278800,0,0
4,density,er_d16,1000,15852,42,333,caliber,5,5,253700,0,22800
4,density,er_d16,1000,15852,42,333,selected_grid,5,6,171800,25.227797775526984,16075500
4,density,er_d16,1000,15852,42,333,mean_ring,5,7,163800,50.45559555105397,10100
4,density,er_d16,1000,15852,42,333,mean_degree,5,8,234100,3.182916701429092,10100
4,density,er_d16,1000,15852,42,333,mean_map,5,9,173100,50.45559555105397,10100
4,density,er_d16,1000,15852,42,333,fourary,6,0,264500,0,0
4,density,er_d16,1000,15852,42,333,mean_degree,6,1,229900,3.182916701429092,10100
4,density,er_d16,1000,15852,42,333,mean_ring,6,2,162500,50.45559555105397,10100
4,density,er_d16,1000,15852,42,333,binary,6,3,279200,0,0
4,density,er_d16,1000,15852,42,333,degree4,6,4,281300,0,43000
4,density,er_d16,1000,15852,42,333,std_binary,6,5,283700,0,0
4,density,er_d16,1000,15852,42,333,selected_grid,6,6,180700,25.227797775526984,16075500
4,density,er_d16,1000,15852,42,333,mean_map,6,7,169500,50.45559555105397,10100
4,density,er_d16,1000,15852,42,333,caliber,6,8,251100,0,22800
4,density,er_d16,1000,15852,42,333,max_maxdegree,6,9,222600,3.571409310002371,19800
4,density,er_d16,1000,15852,42,333,max_maxdegree,7,0,211400,3.571409310002371,19800
4,density,er_d16,1000,15852,42,333,caliber,7,1,249600,0,22800
4,density,er_d16,1000,15852,42,333,mean_map,7,2,178000,50.45559555105397,10100
4,density,er_d16,1000,15852,42,333,selected_grid,7,3,166400,25.227797775526984,16075500
4,density,er_d16,1000,15852,42,333,std_binary,7,4,272100,0,0
4,density,er_d16,1000,15852,42,333,degree4,7,5,274600,0,43000
4,density,er_d16,1000,15852,42,333,binary,7,6,272600,0,0
4,density,er_d16,1000,15852,42,333,mean_ring,7,7,162600,50.45559555105397,10100
4,density,er_d16,1000,15852,42,333,mean_degree,7,8,234600,3.182916701429092,10100
4,density,er_d16,1000,15852,42,333,fourary,7,9,314000,0,0
4,density,er_d16,1000,15852,42,666,std_binary,0,0,283000,0,0
4,density,er_d16,1000,15852,42,666,max_maxdegree,0,1,260900,3.571409310002371,19800
4,density,er_d16,1000,15852,42,666,selected_grid,0,2,203800,25.227797775526984,16075500
4,density,er_d16,1000,15852,42,666,fourary,0,3,300100,0,0
4,density,er_d16,1000,15852,42,666,degree4,0,4,300300,0,43000
4,density,er_d16,1000,15852,42,666,binary,0,5,286400,0,0
4,density,er_d16,1000,15852,42,666,mean_ring,0,6,171200,50.45559555105397,10100
4,density,er_d16,1000,15852,42,666,mean_map,0,7,173000,50.45559555105397,10100
4,density,er_d16,1000,15852,42,666,caliber,0,8,266400,0,22800
4,density,er_d16,1000,15852,42,666,mean_degree,0,9,256900,3.182916701429092,10100
4,density,er_d16,1000,15852,42,666,mean_degree,1,0,252300,3.182916701429092,10100
4,density,er_d16,1000,15852,42,666,caliber,1,1,277900,0,22800
4,density,er_d16,1000,15852,42,666,mean_map,1,2,185700,50.45559555105397,10100
4,density,er_d16,1000,15852,42,666,mean_ring,1,3,171200,50.45559555105397,10100
4,density,er_d16,1000,15852,42,666,binary,1,4,281800,0,0
4,density,er_d16,1000,15852,42,666,degree4,1,5,283400,0,43000
4,density,er_d16,1000,15852,42,666,fourary,1,6,284500,0,0
4,density,er_d16,1000,15852,42,666,selected_grid,1,7,170200,25.227797775526984,16075500
4,density,er_d16,1000,15852,42,666,max_maxdegree,1,8,244900,3.571409310002371,19800
4,density,er_d16,1000,15852,42,666,std_binary,1,9,293600,0,0
4,density,er_d16,1000,15852,42,666,caliber,2,0,264100,0,22800
4,density,er_d16,1000,15852,42,666,fourary,2,1,281300,0,0
4,density,er_d16,1000,15852,42,666,mean_ring,2,2,168800,50.45559555105397,10100
4,density,er_d16,1000,15852,42,666,mean_degree,2,3,237700,3.182916701429092,10100
4,density,er_d16,1000,15852,42,666,binary,2,4,308700,0,0
4,density,er_d16,1000,15852,42,666,selected_grid,2,5,175000,25.227797775526984,16075500
4,density,er_d16,1000,15852,42,666,mean_map,2,6,178300,50.45559555105397,10100
4,density,er_d16,1000,15852,42,666,max_maxdegree,2,7,231600,3.571409310002371,19800
4,density,er_d16,1000,15852,42,666,degree4,2,8,308300,0,43000
4,density,er_d16,1000,15852,42,666,std_binary,2,9,331300,0,0
4,density,er_d16,1000,15852,42,666,std_binary,3,0,286300,0,0
4,density,er_d16,1000,15852,42,666,degree4,3,1,282100,0,43000
4,density,er_d16,1000,15852,42,666,max_maxdegree,3,2,232200,3.571409310002371,19800
4,density,er_d16,1000,15852,42,666,mean_map,3,3,182300,50.45559555105397,10100
4,density,er_d16,1000,15852,42,666,selected_grid,3,4,196800,25.227797775526984,16075500
4,density,er_d16,1000,15852,42,666,binary,3,5,280400,0,0
4,density,er_d16,1000,15852,42,666,mean_degree,3,6,581900,3.182916701429092,10100
4,density,er_d16,1000,15852,42,666,mean_ring,3,7,206300,50.45559555105397,10100
4,density,er_d16,1000,15852,42,666,fourary,3,8,332100,0,0
4,density,er_d16,1000,15852,42,666,caliber,3,9,298800,0,22800
4,density,er_d16,1000,15852,42,666,mean_degree,4,0,237300,3.182916701429092,10100
4,density,er_d16,1000,15852,42,666,binary,4,1,297300,0,0
4,density,er_d16,1000,15852,42,666,mean_ring,4,2,168800,50.45559555105397,10100
4,density,er_d16,1000,15852,42,666,caliber,4,3,261900,0,22800
4,density,er_d16,1000,15852,42,666,mean_map,4,4,171600,50.45559555105397,10100
4,density,er_d16,1000,15852,42,666,fourary,4,5,282000,0,0
4,density,er_d16,1000,15852,42,666,std_binary,4,6,291600,0,0
4,density,er_d16,1000,15852,42,666,selected_grid,4,7,173900,25.227797775526984,16075500
4,density,er_d16,1000,15852,42,666,degree4,4,8,292700,0,43000
4,density,er_d16,1000,15852,42,666,max_maxdegree,4,9,277100,3.571409310002371,19800
4,density,er_d16,1000,15852,42,666,max_maxdegree,5,0,262600,3.571409310002371,19800
4,density,er_d16,1000,15852,42,666,degree4,5,1,296300,0,43000
4,density,er_d16,1000,15852,42,666,selected_grid,5,2,173200,25.227797775526984,16075500
4,density,er_d16,1000,15852,42,666,std_binary,5,3,289700,0,0
4,density,er_d16,1000,15852,42,666,fourary,5,4,279800,0,0
4,density,er_d16,1000,15852,42,666,mean_map,5,5,175200,50.45559555105397,10100
4,density,er_d16,1000,15852,42,666,caliber,5,6,263100,0,22800
4,density,er_d16,1000,15852,42,666,mean_ring,5,7,167100,50.45559555105397,10100
4,density,er_d16,1000,15852,42,666,binary,5,8,293000,0,0
4,density,er_d16,1000,15852,42,666,mean_degree,5,9,252300,3.182916701429092,10100
4,density,er_d16,1000,15852,42,666,binary,6,0,306100,0,0
4,density,er_d16,1000,15852,42,666,degree4,6,1,283300,0,43000
4,density,er_d16,1000,15852,42,666,max_maxdegree,6,2,233400,3.571409310002371,19800
4,density,er_d16,1000,15852,42,666,mean_degree,6,3,222200,3.182916701429092,10100
4,density,er_d16,1000,15852,42,666,fourary,6,4,298700,0,0
4,density,er_d16,1000,15852,42,666,mean_map,6,5,183600,50.45559555105397,10100
4,density,er_d16,1000,15852,42,666,caliber,6,6,263500,0,22800
4,density,er_d16,1000,15852,42,666,mean_ring,6,7,165000,50.45559555105397,10100
4,density,er_d16,1000,15852,42,666,std_binary,6,8,313400,0,0
4,density,er_d16,1000,15852,42,666,selected_grid,6,9,172800,25.227797775526984,16075500
4,density,er_d16,1000,15852,42,666,selected_grid,7,0,160800,25.227797775526984,16075500
4,density,er_d16,1000,15852,42,666,std_binary,7,1,283100,0,0
4,density,er_d16,1000,15852,42,666,mean_ring,7,2,166700,50.45559555105397,10100
4,density,er_d16,1000,15852,42,666,caliber,7,3,260900,0,22800
4,density,er_d16,1000,15852,42,666,mean_map,7,4,177300,50.45559555105397,10100
4,density,er_d16,1000,15852,42,666,fourary,7,5,281900,0,0
4,density,er_d16,1000,15852,42,666,mean_degree,7,6,239600,3.182916701429092,10100
4,density,er_d16,1000,15852,42,666,max_maxdegree,7,7,238300,3.571409310002371,19800
4,density,er_d16,1000,15852,42,666,degree4,7,8,286900,0,43000
4,density,er_d16,1000,15852,42,666,binary,7,9,463600,0,0
5,calibration,er_d32,1000,31685,42,0,grid_0.75,0,0,261100,37.851417605963306,20500
5,calibration,er_d32,1000,31685,42,0,grid_1,0,1,299600,50.468556807951074,20500
5,calibration,er_d32,1000,31685,42,0,grid_0.1,0,2,296200,5.046855680795108,20500
5,calibration,er_d32,1000,31685,42,0,grid_2,0,3,328000,100.93711361590215,20500
5,calibration,er_d32,1000,31685,42,0,grid_16,0,4,330300,807.4969089272172,20500
5,calibration,er_d32,1000,31685,42,0,grid_0.25,0,5,264900,12.617139201987769,20500
5,calibration,er_d32,1000,31685,42,0,grid_0.5,0,6,246800,25.234278403975537,20500
5,calibration,er_d32,1000,31685,42,0,grid_0.03125,0,7,336200,1.577142400248471,20500
5,calibration,er_d32,1000,31685,42,0,grid_1.5,0,8,375200,75.70283521192661,20500
5,calibration,er_d32,1000,31685,42,0,grid_4,0,9,338600,201.8742272318043,20500
5,calibration,er_d32,1000,31685,42,0,grid_8,0,10,380700,403.7484544636086,20500
5,calibration,er_d32,1000,31685,42,0,grid_0.05,0,11,347700,2.523427840397554,20500
5,calibration,er_d32,1000,31685,42,0,grid_0.05,1,0,306400,2.523427840397554,20500
5,calibration,er_d32,1000,31685,42,0,grid_8,1,1,330400,403.7484544636086,20500
5,calibration,er_d32,1000,31685,42,0,grid_4,1,2,342300,201.8742272318043,20500
5,calibration,er_d32,1000,31685,42,0,grid_1.5,1,3,334300,75.70283521192661,20500
5,calibration,er_d32,1000,31685,42,0,grid_0.03125,1,4,328000,1.577142400248471,20500
5,calibration,er_d32,1000,31685,42,0,grid_0.5,1,5,402300,25.234278403975537,20500
5,calibration,er_d32,1000,31685,42,0,grid_0.25,1,6,298600,12.617139201987769,20500
5,calibration,er_d32,1000,31685,42,0,grid_16,1,7,380900,807.4969089272172,20500
5,calibration,er_d32,1000,31685,42,0,grid_2,1,8,341000,100.93711361590215,20500
5,calibration,er_d32,1000,31685,42,0,grid_0.1,1,9,302100,5.046855680795108,20500
5,calibration,er_d32,1000,31685,42,0,grid_1,1,10,454900,50.468556807951074,20500
5,calibration,er_d32,1000,31685,42,0,grid_0.75,1,11,259200,37.851417605963306,20500
5,calibration,er_d32,1000,31685,42,0,grid_1,2,0,299600,50.468556807951074,20500
5,calibration,er_d32,1000,31685,42,0,grid_0.75,2,1,252000,37.851417605963306,20500
5,calibration,er_d32,1000,31685,42,0,grid_1.5,2,2,337900,75.70283521192661,20500
5,calibration,er_d32,1000,31685,42,0,grid_4,2,3,330000,201.8742272318043,20500
5,calibration,er_d32,1000,31685,42,0,grid_0.03125,2,4,364300,1.577142400248471,20500
5,calibration,er_d32,1000,31685,42,0,grid_0.05,2,5,315900,2.523427840397554,20500
5,calibration,er_d32,1000,31685,42,0,grid_0.25,2,6,269200,12.617139201987769,20500
5,calibration,er_d32,1000,31685,42,0,grid_16,2,7,333100,807.4969089272172,20500
5,calibration,er_d32,1000,31685,42,0,grid_0.1,2,8,312600,5.046855680795108,20500
5,calibration,er_d32,1000,31685,42,0,grid_0.5,2,9,245400,25.234278403975537,20500
5,calibration,er_d32,1000,31685,42,0,grid_8,2,10,330900,403.7484544636086,20500
5,calibration,er_d32,1000,31685,42,0,grid_2,2,11,333700,100.93711361590215,20500
5,calibration,er_d32,1000,31685,42,0,grid_2,3,0,319300,100.93711361590215,20500
5,calibration,er_d32,1000,31685,42,0,grid_8,3,1,326400,403.7484544636086,20500
5,calibration,er_d32,1000,31685,42,0,grid_0.5,3,2,234600,25.234278403975537,20500
5,calibration,er_d32,1000,31685,42,0,grid_0.1,3,3,292000,5.046855680795108,20500
5,calibration,er_d32,1000,31685,42,0,grid_16,3,4,329400,807.4969089272172,20500
5,calibration,er_d32,1000,31685,42,0,grid_0.25,3,5,255900,12.617139201987769,20500
5,calibration,er_d32,1000,31685,42,0,grid_0.05,3,6,336700,2.523427840397554,20500
5,calibration,er_d32,1000,31685,42,0,grid_0.03125,3,7,332700,1.577142400248471,20500
5,calibration,er_d32,1000,31685,42,0,grid_4,3,8,328500,201.8742272318043,20500
5,calibration,er_d32,1000,31685,42,0,grid_1.5,3,9,336400,75.70283521192661,20500
5,calibration,er_d32,1000,31685,42,0,grid_0.75,3,10,256600,37.851417605963306,20500
5,calibration,er_d32,1000,31685,42,0,grid_1,3,11,306300,50.468556807951074,20500
5,calibration,er_d32,1000,31685,42,0,grid_0.03125,4,0,340300,1.577142400248471,20500
5,calibration,er_d32,1000,31685,42,0,grid_0.1,4,1,288500,5.046855680795108,20500
5,calibration,er_d32,1000,31685,42,0,grid_4,4,2,392700,201.8742272318043,20500
5,calibration,er_d32,1000,31685,42,0,grid_2,4,3,333200,100.93711361590215,20500
5,calibration,er_d32,1000,31685,42,0,grid_0.5,4,4,241600,25.234278403975537,20500
5,calibration,er_d32,1000,31685,42,0,grid_8,4,5,327800,403.7484544636086,20500
5,calibration,er_d32,1000,31685,42,0,grid_0.05,4,6,318100,2.523427840397554,20500
5,calibration,er_d32,1000,31685,42,0,grid_0.75,4,7,260900,37.851417605963306,20500
5,calibration,er_d32,1000,31685,42,0,grid_1.5,4,8,338100,75.70283521192661,20500
5,calibration,er_d32,1000,31685,42,0,grid_0.25,4,9,252300,12.617139201987769,20500
5,calibration,er_d32,1000,31685,42,0,grid_16,4,10,332900,807.4969089272172,20500
5,calibration,er_d32,1000,31685,42,0,grid_1,4,11,302400,50.468556807951074,20500
5,calibration,er_d32,1000,31685,42,0,grid_1,5,0,296300,50.468556807951074,20500
5,calibration,er_d32,1000,31685,42,0,grid_16,5,1,339100,807.4969089272172,20500
5,calibration,er_d32,1000,31685,42,0,grid_0.25,5,2,246800,12.617139201987769,20500
5,calibration,er_d32,1000,31685,42,0,grid_1.5,5,3,339600,75.70283521192661,20500
5,calibration,er_d32,1000,31685,42,0,grid_0.75,5,4,255700,37.851417605963306,20500
5,calibration,er_d32,1000,31685,42,0,grid_0.05,5,5,319300,2.523427840397554,20500
5,calibration,er_d32,1000,31685,42,0,grid_8,5,6,331600,403.7484544636086,20500
5,calibration,er_d32,1000,31685,42,0,grid_0.5,5,7,247000,25.234278403975537,20500
5,calibration,er_d32,1000,31685,42,0,grid_2,5,8,323000,100.93711361590215,20500
5,calibration,er_d32,1000,31685,42,0,grid_4,5,9,328600,201.8742272318043,20500
5,calibration,er_d32,1000,31685,42,0,grid_0.1,5,10,287600,5.046855680795108,20500
5,calibration,er_d32,1000,31685,42,0,grid_0.03125,5,11,335600,1.577142400248471,20500
5,density,er_d32,1000,31685,42,333,binary,0,0,367100,0,0
5,density,er_d32,1000,31685,42,333,fourary,0,1,356600,0,0
5,density,er_d32,1000,31685,42,333,selected_grid,0,2,250100,25.234278403975537,22735400
5,density,er_d32,1000,31685,42,333,mean_degree,0,3,331400,1.5928217392441557,20500
5,density,er_d32,1000,31685,42,333,max_maxdegree,0,4,322800,1.9230665515397383,32200
5,density,er_d32,1000,31685,42,333,mean_map,0,5,300800,50.468556807951074,20500
5,density,er_d32,1000,31685,42,333,caliber,0,6,350700,0,36200
5,density,er_d32,1000,31685,42,333,mean_ring,0,7,298000,50.468556807951074,20500
5,density,er_d32,1000,31685,42,333,degree4,0,8,376300,0,73500
5,density,er_d32,1000,31685,42,333,std_binary,0,9,389300,0,0
5,density,er_d32,1000,31685,42,333,std_binary,1,0,367100,0,0
5,density,er_d32,1000,31685,42,333,degree4,1,1,383500,0,73500
5,density,er_d32,1000,31685,42,333,mean_ring,1,2,302400,50.468556807951074,20500
5,density,er_d32,1000,31685,42,333,caliber,1,3,343200,0,36200
5,density,er_d32,1000,31685,42,333,mean_map,1,4,369800,50.468556807951074,20500
5,density,er_d32,1000,31685,42,333,max_maxdegree,1,5,340700,1.9230665515397383,32200
5,density,er_d32,1000,31685,42,333,mean_degree,1,6,336000,1.5928217392441557,20500
5,density,er_d32,1000,31685,42,333,selected_grid,1,7,263800,25.234278403975537,22735400
5,density,er_d32,1000,31685,42,333,fourary,1,8,352800,0,0
5,density,er_d32,1000,31685,42,333,binary,1,9,393900,0,0
5,density,er_d32,1000,31685,42,333,max_maxdegree,2,0,335000,1.9230665515397383,32200
5,density,er_d32,1000,31685,42,333,binary,2,1,629000,0,0
5,density,er_d32,1000,31685,42,333,mean_degree,2,2,486900,1.5928217392441557,20500
5,density,er_d32,1000,31685,42,333,fourary,2,3,438200,0,0
5,density,er_d32,1000,31685,42,333,degree4,2,4,395400,0,73500
5,density,er_d32,1000,31685,42,333,caliber,2,5,449100,0,36200
5,density,er_d32,1000,31685,42,333,mean_map,2,6,353500,50.468556807951074,20500
5,density,er_d32,1000,31685,42,333,mean_ring,2,7,361000,50.468556807951074,20500
5,density,er_d32,1000,31685,42,333,selected_grid,2,8,293000,25.234278403975537,22735400
5,density,er_d32,1000,31685,42,333,std_binary,2,9,378800,0,0
5,density,er_d32,1000,31685,42,333,std_binary,3,0,376900,0,0
5,density,er_d32,1000,31685,42,333,selected_grid,3,1,246600,25.234278403975537,22735400
5,density,er_d32,1000,31685,42,333,mean_ring,3,2,292600,50.468556807951074,20500
5,density,er_d32,1000,31685,42,333,mean_map,3,3,301900,50.468556807951074,20500
5,density,er_d32,1000,31685,42,333,caliber,3,4,343200,0,36200
5,density,er_d32,1000,31685,42,333,degree4,3,5,386500,0,73500
5,density,er_d32,1000,31685,42,333,fourary,3,6,353800,0,0
5,density,er_d32,1000,31685,42,333,mean_degree,3,7,341200,1.5928217392441557,20500
5,density,er_d32,1000,31685,42,333,binary,3,8,384600,0,0
5,density,er_d32,1000,31685,42,333,max_maxdegree,3,9,329700,1.9230665515397383,32200
5,density,er_d32,1000,31685,42,333,mean_map,4,0,321700,50.468556807951074,20500
5,density,er_d32,1000,31685,42,333,mean_degree,4,1,338000,1.5928217392441557,20500
5,density,er_d32,1000,31685,42,333,mean_ring,4,2,298600,50.468556807951074,20500
5,density,er_d32,1000,31685,42,333,selected_grid,4,3,259100,25.234278403975537,22735400
5,density,er_d32,1000,31685,42,333,caliber,4,4,361100,0,36200
5,density,er_d32,1000,31685,42,333,binary,4,5,356800,0,0
5,density,er_d32,1000,31685,42,333,degree4,4,6,364100,0,73500
5,density,er_d32,1000,31685,42,333,fourary,4,7,363500,0,0
5,density,er_d32,1000,31685,42,333,max_maxdegree,4,8,327200,1.9230665515397383,32200
5,density,er_d32,1000,31685,42,333,std_binary,4,9,390400,0,0
5,density,er_d32,1000,31685,42,333,std_binary,5,0,381600,0,0
5,density,er_d32,1000,31685,42,333,max_maxdegree,5,1,322200,1.9230665515397383,32200
5,density,er_d32,1000,31685,42,333,fourary,5,2,362100,0,0
5,density,er_d32,1000,31685,42,333,degree4,5,3,378600,0,73500
5,density,er_d32,1000,31685,42,333,binary,5,4,355300,0,0
5,density,er_d32,1000,31685,42,333,caliber,5,5,344900,0,36200
5,density,er_d32,1000,31685,42,333,selected_grid,5,6,248900,25.234278403975537,22735400
5,density,er_d32,1000,31685,42,333,mean_ring,5,7,296300,50.468556807951074,20500
5,density,er_d32,1000,31685,42,333,mean_degree,5,8,338500,1.5928217392441557,20500
5,density,er_d32,1000,31685,42,333,mean_map,5,9,301000,50.468556807951074,20500
5,density,er_d32,1000,31685,42,333,fourary,6,0,352500,0,0
5,density,er_d32,1000,31685,42,333,mean_degree,6,1,329800,1.5928217392441557,20500
5,density,er_d32,1000,31685,42,333,mean_ring,6,2,296700,50.468556807951074,20500
5,density,er_d32,1000,31685,42,333,binary,6,3,358900,0,0
5,density,er_d32,1000,31685,42,333,degree4,6,4,378000,0,73500
5,density,er_d32,1000,31685,42,333,std_binary,6,5,386600,0,0
5,density,er_d32,1000,31685,42,333,selected_grid,6,6,249000,25.234278403975537,22735400
5,density,er_d32,1000,31685,42,333,mean_map,6,7,297900,50.468556807951074,20500
5,density,er_d32,1000,31685,42,333,caliber,6,8,349500,0,36200
5,density,er_d32,1000,31685,42,333,max_maxdegree,6,9,328400,1.9230665515397383,32200
5,density,er_d32,1000,31685,42,333,max_maxdegree,7,0,323500,1.9230665515397383,32200
5,density,er_d32,1000,31685,42,333,caliber,7,1,363300,0,36200
5,density,er_d32,1000,31685,42,333,mean_map,7,2,304000,50.468556807951074,20500
5,density,er_d32,1000,31685,42,333,selected_grid,7,3,245200,25.234278403975537,22735400
5,density,er_d32,1000,31685,42,333,std_binary,7,4,379200,0,0
5,density,er_d32,1000,31685,42,333,degree4,7,5,371100,0,73500
5,density,er_d32,1000,31685,42,333,binary,7,6,361300,0,0
5,density,er_d32,1000,31685,42,333,mean_ring,7,7,297900,50.468556807951074,20500
5,density,er_d32,1000,31685,42,333,mean_degree,7,8,337900,1.5928217392441557,20500
5,density,er_d32,1000,31685,42,333,fourary,7,9,389600,0,0
5,density,er_d32,1000,31685,42,666,std_binary,0,0,473000,0,0
5,density,er_d32,1000,31685,42,666,max_maxdegree,0,1,418500,1.9230665515397383,32200
5,density,er_d32,1000,31685,42,666,selected_grid,0,2,290500,25.234278403975537,22735400
5,density,er_d32,1000,31685,42,666,fourary,0,3,364900,0,0
5,density,er_d32,1000,31685,42,666,degree4,0,4,367100,0,73500
5,density,er_d32,1000,31685,42,666,binary,0,5,492500,0,0
5,density,er_d32,1000,31685,42,666,mean_ring,0,6,439800,50.468556807951074,20500
5,density,er_d32,1000,31685,42,666,mean_map,0,7,312700,50.468556807951074,20500
5,density,er_d32,1000,31685,42,666,caliber,0,8,338800,0,36200
5,density,er_d32,1000,31685,42,666,mean_degree,0,9,336100,1.5928217392441557,20500
5,density,er_d32,1000,31685,42,666,mean_degree,1,0,325800,1.5928217392441557,20500
5,density,er_d32,1000,31685,42,666,caliber,1,1,341300,0,36200
5,density,er_d32,1000,31685,42,666,mean_map,1,2,300000,50.468556807951074,20500
5,density,er_d32,1000,31685,42,666,mean_ring,1,3,300800,50.468556807951074,20500
5,density,er_d32,1000,31685,42,666,binary,1,4,385700,0,0
5,density,er_d32,1000,31685,42,666,degree4,1,5,367900,0,73500
5,density,er_d32,1000,31685,42,666,fourary,1,6,747700,0,0
5,density,er_d32,1000,31685,42,666,selected_grid,1,7,243500,25.234278403975537,22735400
5,density,er_d32,1000,31685,42,666,max_maxdegree,1,8,337700,1.9230665515397383,32200
5,density,er_d32,1000,31685,42,666,std_binary,1,9,378500,0,0
5,density,er_d32,1000,31685,42,666,caliber,2,0,378600,0,36200
5,density,er_d32,1000,31685,42,666,fourary,2,1,377000,0,0
5,density,er_d32,1000,31685,42,666,mean_ring,2,2,298800,50.468556807951074,20500
5,density,er_d32,1000,31685,42,666,mean_degree,2,3,349000,1.5928217392441557,20500
5,density,er_d32,1000,31685,42,666,binary,2,4,374800,0,0
5,density,er_d32,1000,31685,42,666,selected_grid,2,5,248300,25.234278403975537,22735400
5,density,er_d32,1000,31685,42,666,mean_map,2,6,303200,50.468556807951074,20500
5,density,er_d32,1000,31685,42,666,max_maxdegree,2,7,396700,1.9230665515397383,32200
5,density,er_d32,1000,31685,42,666,degree4,2,8,380800,0,73500
5,density,er_d32,1000,31685,42,666,std_binary,2,9,384000,0,0
5,density,er_d32,1000,31685,42,666,std_binary,3,0,379800,0,0
5,density,er_d32,1000,31685,42,666,degree4,3,1,371700,0,73500
5,density,er_d32,1000,31685,42,666,max_maxdegree,3,2,328200,1.9230665515397383,32200
5,density,er_d32,1000,31685,42,666,mean_map,3,3,302000,50.468556807951074,20500
5,density,er_d32,1000,31685,42,666,selected_grid,3,4,235300,25.234278403975537,22735400
5,density,er_d32,1000,31685,42,666,binary,3,5,362300,0,0
5,density,er_d32,1000,31685,42,666,mean_degree,3,6,337100,1.5928217392441557,20500
5,density,er_d32,1000,31685,42,666,mean_ring,3,7,310300,50.468556807951074,20500
5,density,er_d32,1000,31685,42,666,fourary,3,8,371100,0,0
5,density,er_d32,1000,31685,42,666,caliber,3,9,339800,0,36200
5,density,er_d32,1000,31685,42,666,mean_degree,4,0,320400,1.5928217392441557,20500
5,density,er_d32,1000,31685,42,666,binary,4,1,378200,0,0
5,density,er_d32,1000,31685,42,666,mean_ring,4,2,299300,50.468556807951074,20500
5,density,er_d32,1000,31685,42,666,caliber,4,3,339100,0,36200
5,density,er_d32,1000,31685,42,666,mean_map,4,4,318300,50.468556807951074,20500
5,density,er_d32,1000,31685,42,666,fourary,4,5,361300,0,0
5,density,er_d32,1000,31685,42,666,std_binary,4,6,378200,0,0
5,density,er_d32,1000,31685,42,666,selected_grid,4,7,252700,25.234278403975537,22735400
5,density,er_d32,1000,31685,42,666,degree4,4,8,384200,0,73500
5,density,er_d32,1000,31685,42,666,max_maxdegree,4,9,335400,1.9230665515397383,32200
5,density,er_d32,1000,31685,42,666,max_maxdegree,5,0,326500,1.9230665515397383,32200
5,density,er_d32,1000,31685,42,666,degree4,5,1,370500,0,73500
5,density,er_d32,1000,31685,42,666,selected_grid,5,2,236100,25.234278403975537,22735400
5,density,er_d32,1000,31685,42,666,std_binary,5,3,399000,0,0
5,density,er_d32,1000,31685,42,666,fourary,5,4,385900,0,0
5,density,er_d32,1000,31685,42,666,mean_map,5,5,312000,50.468556807951074,20500
5,density,er_d32,1000,31685,42,666,caliber,5,6,392300,0,36200
5,density,er_d32,1000,31685,42,666,mean_ring,5,7,334100,50.468556807951074,20500
5,density,er_d32,1000,31685,42,666,binary,5,8,387100,0,0
5,density,er_d32,1000,31685,42,666,mean_degree,5,9,359900,1.5928217392441557,20500
5,density,er_d32,1000,31685,42,666,binary,6,0,377400,0,0
5,density,er_d32,1000,31685,42,666,degree4,6,1,405300,0,73500
5,density,er_d32,1000,31685,42,666,max_maxdegree,6,2,331900,1.9230665515397383,32200
5,density,er_d32,1000,31685,42,666,mean_degree,6,3,336900,1.5928217392441557,20500
5,density,er_d32,1000,31685,42,666,fourary,6,4,379500,0,0
5,density,er_d32,1000,31685,42,666,mean_map,6,5,316500,50.468556807951074,20500
5,density,er_d32,1000,31685,42,666,caliber,6,6,408900,0,36200
5,density,er_d32,1000,31685,42,666,mean_ring,6,7,319600,50.468556807951074,20500
5,density,er_d32,1000,31685,42,666,std_binary,6,8,407500,0,0
5,density,er_d32,1000,31685,42,666,selected_grid,6,9,242300,25.234278403975537,22735400
5,density,er_d32,1000,31685,42,666,selected_grid,7,0,235500,25.234278403975537,22735400
5,density,er_d32,1000,31685,42,666,std_binary,7,1,385500,0,0
5,density,er_d32,1000,31685,42,666,mean_ring,7,2,318400,50.468556807951074,20500
5,density,er_d32,1000,31685,42,666,caliber,7,3,349900,0,36200
5,density,er_d32,1000,31685,42,666,mean_map,7,4,310300,50.468556807951074,20500
5,density,er_d32,1000,31685,42,666,fourary,7,5,377500,0,0
5,density,er_d32,1000,31685,42,666,mean_degree,7,6,348000,1.5928217392441557,20500
5,density,er_d32,1000,31685,42,666,max_maxdegree,7,7,330800,1.9230665515397383,32200
5,density,er_d32,1000,31685,42,666,degree4,7,8,400900,0,73500
5,density,er_d32,1000,31685,42,666,binary,7,9,377300,0,0
6,calibration,er_d64,1000,63664,42,0,grid_0.75,0,0,605200,37.78341013147033,43700
6,calibration,er_d64,1000,63664,42,0,grid_1,0,1,603100,50.37788017529378,43700
6,calibration,er_d64,1000,63664,42,0,grid_0.1,0,2,604700,5.037788017529379,43700
6,calibration,er_d64,1000,63664,42,0,grid_2,0,3,677600,100.75576035058756,43700
6,calibration,er_d64,1000,63664,42,0,grid_16,0,4,669600,806.0460828047005,43700
6,calibration,er_d64,1000,63664,42,0,grid_0.25,0,5,547200,12.594470043823446,43700
6,calibration,er_d64,1000,63664,42,0,grid_0.5,0,6,528500,25.18894008764689,43700
6,calibration,er_d64,1000,63664,42,0,grid_0.03125,0,7,625200,1.5743087554779307,43700
6,calibration,er_d64,1000,63664,42,0,grid_1.5,0,8,678900,75.56682026294067,43700
6,calibration,er_d64,1000,63664,42,0,grid_4,0,9,693200,201.51152070117513,43700
6,calibration,er_d64,1000,63664,42,0,grid_8,0,10,559100,403.02304140235026,43700
6,calibration,er_d64,1000,63664,42,0,grid_0.05,0,11,480400,2.5188940087646894,43700
6,calibration,er_d64,1000,63664,42,0,grid_0.05,1,0,555700,2.5188940087646894,43700
6,calibration,er_d64,1000,63664,42,0,grid_8,1,1,586400,403.02304140235026,43700
6,calibration,er_d64,1000,63664,42,0,grid_4,1,2,538100,201.51152070117513,43700
6,calibration,er_d64,1000,63664,42,0,grid_1.5,1,3,542600,75.56682026294067,43700
6,calibration,er_d64,1000,63664,42,0,grid_0.03125,1,4,499300,1.5743087554779307,43700
6,calibration,er_d64,1000,63664,42,0,grid_0.5,1,5,426500,25.18894008764689,43700
6,calibration,er_d64,1000,63664,42,0,grid_0.25,1,6,426300,12.594470043823446,43700
6,calibration,er_d64,1000,63664,42,0,grid_16,1,7,534300,806.0460828047005,43700
6,calibration,er_d64,1000,63664,42,0,grid_2,1,8,548800,100.75576035058756,43700
6,calibration,er_d64,1000,63664,42,0,grid_0.1,1,9,479700,5.037788017529379,43700
6,calibration,er_d64,1000,63664,42,0,grid_1,1,10,514600,50.37788017529378,43700
6,calibration,er_d64,1000,63664,42,0,grid_0.75,1,11,494100,37.78341013147033,43700
6,calibration,er_d64,1000,63664,42,0,grid_1,2,0,556600,50.37788017529378,43700
6,calibration,er_d64,1000,63664,42,0,grid_0.75,2,1,508700,37.78341013147033,43700
6,calibration,er_d64,1000,63664,42,0,grid_1.5,2,2,545500,75.56682026294067,43700
6,calibration,er_d64,1000,63664,42,0,grid_4,2,3,533700,201.51152070117513,43700
6,calibration,er_d64,1000,63664,42,0,grid_0.03125,2,4,526800,1.5743087554779307,43700
6,calibration,er_d64,1000,63664,42,0,grid_0.05,2,5,481900,2.5188940087646894,43700
6,calibration,er_d64,1000,63664,42,0,grid_0.25,2,6,451400,12.594470043823446,43700
6,calibration,er_d64,1000,63664,42,0,grid_16,2,7,542500,806.0460828047005,43700
6,calibration,er_d64,1000,63664,42,0,grid_0.1,2,8,514500,5.037788017529379,43700
6,calibration,er_d64,1000,63664,42,0,grid_0.5,2,9,475200,25.18894008764689,43700
6,calibration,er_d64,1000,63664,42,0,grid_8,2,10,547800,403.02304140235026,43700
6,calibration,er_d64,1000,63664,42,0,grid_2,2,11,567400,100.75576035058756,43700
6,calibration,er_d64,1000,63664,42,0,grid_2,3,0,542800,100.75576035058756,43700
6,calibration,er_d64,1000,63664,42,0,grid_8,3,1,534200,403.02304140235026,43700
6,calibration,er_d64,1000,63664,42,0,grid_0.5,3,2,431600,25.18894008764689,43700
6,calibration,er_d64,1000,63664,42,0,grid_0.1,3,3,441100,5.037788017529379,43700
6,calibration,er_d64,1000,63664,42,0,grid_16,3,4,531600,806.0460828047005,43700
6,calibration,er_d64,1000,63664,42,0,grid_0.25,3,5,426600,12.594470043823446,43700
6,calibration,er_d64,1000,63664,42,0,grid_0.05,3,6,477100,2.5188940087646894,43700
6,calibration,er_d64,1000,63664,42,0,grid_0.03125,3,7,882900,1.5743087554779307,43700
6,calibration,er_d64,1000,63664,42,0,grid_4,3,8,641200,201.51152070117513,43700
6,calibration,er_d64,1000,63664,42,0,grid_1.5,3,9,632600,75.56682026294067,43700
6,calibration,er_d64,1000,63664,42,0,grid_0.75,3,10,560500,37.78341013147033,43700
6,calibration,er_d64,1000,63664,42,0,grid_1,3,11,512800,50.37788017529378,43700
6,calibration,er_d64,1000,63664,42,0,grid_0.03125,4,0,503200,1.5743087554779307,43700
6,calibration,er_d64,1000,63664,42,0,grid_0.1,4,1,441100,5.037788017529379,43700
6,calibration,er_d64,1000,63664,42,0,grid_4,4,2,1061400,201.51152070117513,43700
6,calibration,er_d64,1000,63664,42,0,grid_2,4,3,549500,100.75576035058756,43700
6,calibration,er_d64,1000,63664,42,0,grid_0.5,4,4,440200,25.18894008764689,43700
6,calibration,er_d64,1000,63664,42,0,grid_8,4,5,532600,403.02304140235026,43700
6,calibration,er_d64,1000,63664,42,0,grid_0.05,4,6,489300,2.5188940087646894,43700
6,calibration,er_d64,1000,63664,42,0,grid_0.75,4,7,493300,37.78341013147033,43700
6,calibration,er_d64,1000,63664,42,0,grid_1.5,4,8,555100,75.56682026294067,43700
6,calibration,er_d64,1000,63664,42,0,grid_0.25,4,9,428900,12.594470043823446,43700
6,calibration,er_d64,1000,63664,42,0,grid_16,4,10,541500,806.0460828047005,43700
6,calibration,er_d64,1000,63664,42,0,grid_1,4,11,508300,50.37788017529378,43700
6,calibration,er_d64,1000,63664,42,0,grid_1,5,0,517100,50.37788017529378,43700
6,calibration,er_d64,1000,63664,42,0,grid_16,5,1,534300,806.0460828047005,43700
6,calibration,er_d64,1000,63664,42,0,grid_0.25,5,2,440100,12.594470043823446,43700
6,calibration,er_d64,1000,63664,42,0,grid_1.5,5,3,545400,75.56682026294067,43700
6,calibration,er_d64,1000,63664,42,0,grid_0.75,5,4,500700,37.78341013147033,43700
6,calibration,er_d64,1000,63664,42,0,grid_0.05,5,5,473500,2.5188940087646894,43700
6,calibration,er_d64,1000,63664,42,0,grid_8,5,6,538800,403.02304140235026,43700
6,calibration,er_d64,1000,63664,42,0,grid_0.5,5,7,424800,25.18894008764689,43700
6,calibration,er_d64,1000,63664,42,0,grid_2,5,8,546800,100.75576035058756,43700
6,calibration,er_d64,1000,63664,42,0,grid_4,5,9,537000,201.51152070117513,43700
6,calibration,er_d64,1000,63664,42,0,grid_0.1,5,10,430600,5.037788017529379,43700
6,calibration,er_d64,1000,63664,42,0,grid_0.03125,5,11,504500,1.5743087554779307,43700
6,density,er_d64,1000,63664,42,333,binary,0,0,478800,0,0
6,density,er_d64,1000,63664,42,333,fourary,0,1,485700,0,0
6,density,er_d64,1000,63664,42,333,selected_grid,0,2,395100,12.594470043823446,38984800
6,density,er_d64,1000,63664,42,333,mean_degree,0,3,752400,0.7913087486694801,43700
6,density,er_d64,1000,63664,42,333,max_maxdegree,0,4,518100,1.086950659565939,69100
6,density,er_d64,1000,63664,42,333,mean_map,0,5,504800,50.37788017529378,43700
6,density,er_d64,1000,63664,42,333,caliber,0,6,469000,0,68200
6,density,er_d64,1000,63664,42,333,mean_ring,0,7,516800,50.37788017529378,43700
6,density,er_d64,1000,63664,42,333,degree4,0,8,489200,0,79300
6,density,er_d64,1000,63664,42,333,std_binary,0,9,521800,0,0
6,density,er_d64,1000,63664,42,333,std_binary,1,0,535000,0,0
6,density,er_d64,1000,63664,42,333,degree4,1,1,487100,0,79300
6,density,er_d64,1000,63664,42,333,mean_ring,1,2,510500,50.37788017529378,43700
6,density,er_d64,1000,63664,42,333,caliber,1,3,451100,0,68200
6,density,er_d64,1000,63664,42,333,mean_map,1,4,511200,50.37788017529378,43700
6,density,er_d64,1000,63664,42,333,max_maxdegree,1,5,841600,1.086950659565939,69100
6,density,er_d64,1000,63664,42,333,mean_degree,1,6,672100,0.7913087486694801,43700
6,density,er_d64,1000,63664,42,333,selected_grid,1,7,478300,12.594470043823446,38984800
6,density,er_d64,1000,63664,42,333,fourary,1,8,573300,0,0
6,density,er_d64,1000,63664,42,333,binary,1,9,477400,0,0
6,density,er_d64,1000,63664,42,333,max_maxdegree,2,0,533800,1.086950659565939,69100
6,density,er_d64,1000,63664,42,333,binary,2,1,511000,0,0
6,density,er_d64,1000,63664,42,333,mean_degree,2,2,532500,0.7913087486694801,43700
6,density,er_d64,1000,63664,42,333,fourary,2,3,469100,0,0
6,density,er_d64,1000,63664,42,333,degree4,2,4,484200,0,79300
6,density,er_d64,1000,63664,42,333,caliber,2,5,463900,0,68200
6,density,er_d64,1000,63664,42,333,mean_map,2,6,547000,50.37788017529378,43700
6,density,er_d64,1000,63664,42,333,mean_ring,2,7,513200,50.37788017529378,43700
6,density,er_d64,1000,63664,42,333,selected_grid,2,8,383300,12.594470043823446,38984800
6,density,er_d64,1000,63664,42,333,std_binary,2,9,517600,0,0
6,density,er_d64,1000,63664,42,333,std_binary,3,0,536100,0,0
6,density,er_d64,1000,63664,42,333,selected_grid,3,1,383000,12.594470043823446,38984800
6,density,er_d64,1000,63664,42,333,mean_ring,3,2,517300,50.37788017529378,43700
6,density,er_d64,1000,63664,42,333,mean_map,3,3,513600,50.37788017529378,43700
6,density,er_d64,1000,63664,42,333,caliber,3,4,494700,0,68200
6,density,er_d64,1000,63664,42,333,degree4,3,5,493900,0,79300
6,density,er_d64,1000,63664,42,333,fourary,3,6,478200,0,0
6,density,er_d64,1000,63664,42,333,mean_degree,3,7,543600,0.7913087486694801,43700
6,density,er_d64,1000,63664,42,333,binary,3,8,481800,0,0
6,density,er_d64,1000,63664,42,333,max_maxdegree,3,9,508800,1.086950659565939,69100
6,density,er_d64,1000,63664,42,333,mean_map,4,0,523600,50.37788017529378,43700
6,density,er_d64,1000,63664,42,333,mean_degree,4,1,524800,0.7913087486694801,43700
6,density,er_d64,1000,63664,42,333,mean_ring,4,2,518000,50.37788017529378,43700
6,density,er_d64,1000,63664,42,333,selected_grid,4,3,386600,12.594470043823446,38984800
6,density,er_d64,1000,63664,42,333,caliber,4,4,485400,0,68200
6,density,er_d64,1000,63664,42,333,binary,4,5,476800,0,0
6,density,er_d64,1000,63664,42,333,degree4,4,6,503200,0,79300
6,density,er_d64,1000,63664,42,333,fourary,4,7,471900,0,0
6,density,er_d64,1000,63664,42,333,max_maxdegree,4,8,522900,1.086950659565939,69100
6,density,er_d64,1000,63664,42,333,std_binary,4,9,512900,0,0
6,density,er_d64,1000,63664,42,333,std_binary,5,0,520100,0,0
6,density,er_d64,1000,63664,42,333,max_maxdegree,5,1,507400,1.086950659565939,69100
6,density,er_d64,1000,63664,42,333,fourary,5,2,543200,0,0
6,density,er_d64,1000,63664,42,333,degree4,5,3,491000,0,79300
6,density,er_d64,1000,63664,42,333,binary,5,4,485100,0,0
6,density,er_d64,1000,63664,42,333,caliber,5,5,467000,0,68200
6,density,er_d64,1000,63664,42,333,selected_grid,5,6,420300,12.594470043823446,38984800
6,density,er_d64,1000,63664,42,333,mean_ring,5,7,550100,50.37788017529378,43700
6,density,er_d64,1000,63664,42,333,mean_degree,5,8,558600,0.7913087486694801,43700
6,density,er_d64,1000,63664,42,333,mean_map,5,9,527700,50.37788017529378,43700
6,density,er_d64,1000,63664,42,333,fourary,6,0,506300,0,0
6,density,er_d64,1000,63664,42,333,mean_degree,6,1,580800,0.7913087486694801,43700
6,density,er_d64,1000,63664,42,333,mean_ring,6,2,515400,50.37788017529378,43700
6,density,er_d64,1000,63664,42,333,binary,6,3,482600,0,0
6,density,er_d64,1000,63664,42,333,degree4,6,4,514400,0,79300
6,density,er_d64,1000,63664,42,333,std_binary,6,5,626800,0,0
6,density,er_d64,1000,63664,42,333,selected_grid,6,6,465800,12.594470043823446,38984800
6,density,er_d64,1000,63664,42,333,mean_map,6,7,622100,50.37788017529378,43700
6,density,er_d64,1000,63664,42,333,caliber,6,8,606000,0,68200
6,density,er_d64,1000,63664,42,333,max_maxdegree,6,9,560100,1.086950659565939,69100
6,density,er_d64,1000,63664,42,333,max_maxdegree,7,0,511400,1.086950659565939,69100
6,density,er_d64,1000,63664,42,333,caliber,7,1,521100,0,68200
6,density,er_d64,1000,63664,42,333,mean_map,7,2,535800,50.37788017529378,43700
6,density,er_d64,1000,63664,42,333,selected_grid,7,3,406700,12.594470043823446,38984800
6,density,er_d64,1000,63664,42,333,std_binary,7,4,529500,0,0
6,density,er_d64,1000,63664,42,333,degree4,7,5,512300,0,79300
6,density,er_d64,1000,63664,42,333,binary,7,6,484400,0,0
6,density,er_d64,1000,63664,42,333,mean_ring,7,7,535100,50.37788017529378,43700
6,density,er_d64,1000,63664,42,333,mean_degree,7,8,1024800,0.7913087486694801,43700
6,density,er_d64,1000,63664,42,333,fourary,7,9,541100,0,0
6,density,er_d64,1000,63664,42,666,std_binary,0,0,557900,0,0
6,density,er_d64,1000,63664,42,666,max_maxdegree,0,1,536300,1.086950659565939,69100
6,density,er_d64,1000,63664,42,666,selected_grid,0,2,448000,12.594470043823446,38984800
6,density,er_d64,1000,63664,42,666,fourary,0,3,587000,0,0
6,density,er_d64,1000,63664,42,666,degree4,0,4,511800,0,79300
6,density,er_d64,1000,63664,42,666,binary,0,5,493900,0,0
6,density,er_d64,1000,63664,42,666,mean_ring,0,6,560000,50.37788017529378,43700
6,density,er_d64,1000,63664,42,666,mean_map,0,7,542400,50.37788017529378,43700
6,density,er_d64,1000,63664,42,666,caliber,0,8,477200,0,68200
6,density,er_d64,1000,63664,42,666,mean_degree,0,9,565000,0.7913087486694801,43700
6,density,er_d64,1000,63664,42,666,mean_degree,1,0,560000,0.7913087486694801,43700
6,density,er_d64,1000,63664,42,666,caliber,1,1,466400,0,68200
6,density,er_d64,1000,63664,42,666,mean_map,1,2,571400,50.37788017529378,43700
6,density,er_d64,1000,63664,42,666,mean_ring,1,3,564700,50.37788017529378,43700
6,density,er_d64,1000,63664,42,666,binary,1,4,494900,0,0
6,density,er_d64,1000,63664,42,666,degree4,1,5,516400,0,79300
6,density,er_d64,1000,63664,42,666,fourary,1,6,505500,0,0
6,density,er_d64,1000,63664,42,666,selected_grid,1,7,423000,12.594470043823446,38984800
6,density,er_d64,1000,63664,42,666,max_maxdegree,1,8,540400,1.086950659565939,69100
6,density,er_d64,1000,63664,42,666,std_binary,1,9,551800,0,0
6,density,er_d64,1000,63664,42,666,caliber,2,0,468000,0,68200
6,density,er_d64,1000,63664,42,666,fourary,2,1,507000,0,0
6,density,er_d64,1000,63664,42,666,mean_ring,2,2,543300,50.37788017529378,43700
6,density,er_d64,1000,63664,42,666,mean_degree,2,3,562300,0.7913087486694801,43700
6,density,er_d64,1000,63664,42,666,binary,2,4,491200,0,0
6,density,er_d64,1000,63664,42,666,selected_grid,2,5,430700,12.594470043823446,38984800
6,density,er_d64,1000,63664,42,666,mean_map,2,6,548000,50.37788017529378,43700
6,density,er_d64,1000,63664,42,666,max_maxdegree,2,7,526400,1.086950659565939,69100
6,density,er_d64,1000,63664,42,666,degree4,2,8,507800,0,79300
6,density,er_d64,1000,63664,42,666,std_binary,2,9,565000,0,0
6,density,er_d64,1000,63664,42,666,std_binary,3,0,523400,0,0
6,density,er_d64,1000,63664,42,666,degree4,3,1,554300,0,79300
6,density,er_d64,1000,63664,42,666,max_maxdegree,3,2,538800,1.086950659565939,69100
6,density,er_d64,1000,63664,42,666,mean_map,3,3,582900,50.37788017529378,43700
6,density,er_d64,1000,63664,42,666,selected_grid,3,4,422200,12.594470043823446,38984800
6,density,er_d64,1000,63664,42,666,binary,3,5,488100,0,0
6,density,er_d64,1000,63664,42,666,mean_degree,3,6,602500,0.7913087486694801,43700
6,density,er_d64,1000,63664,42,666,mean_ring,3,7,553800,50.37788017529378,43700
6,density,er_d64,1000,63664,42,666,fourary,3,8,511700,0,0
6,density,er_d64,1000,63664,42,666,caliber,3,9,498600,0,68200
6,density,er_d64,1000,63664,42,666,mean_degree,4,0,865500,0.7913087486694801,43700
6,density,er_d64,1000,63664,42,666,binary,4,1,607800,0,0
6,density,er_d64,1000,63664,42,666,mean_ring,4,2,545500,50.37788017529378,43700
6,density,er_d64,1000,63664,42,666,caliber,4,3,513600,0,68200
6,density,er_d64,1000,63664,42,666,mean_map,4,4,551400,50.37788017529378,43700
6,density,er_d64,1000,63664,42,666,fourary,4,5,504700,0,0
6,density,er_d64,1000,63664,42,666,std_binary,4,6,549900,0,0
6,density,er_d64,1000,63664,42,666,selected_grid,4,7,425800,12.594470043823446,38984800
6,density,er_d64,1000,63664,42,666,degree4,4,8,532700,0,79300
6,density,er_d64,1000,63664,42,666,max_maxdegree,4,9,533000,1.086950659565939,69100
6,density,er_d64,1000,63664,42,666,max_maxdegree,5,0,590300,1.086950659565939,69100
6,density,er_d64,1000,63664,42,666,degree4,5,1,645200,0,79300
6,density,er_d64,1000,63664,42,666,selected_grid,5,2,434700,12.594470043823446,38984800
6,density,er_d64,1000,63664,42,666,std_binary,5,3,536100,0,0
6,density,er_d64,1000,63664,42,666,fourary,5,4,520100,0,0
6,density,er_d64,1000,63664,42,666,mean_map,5,5,544700,50.37788017529378,43700
6,density,er_d64,1000,63664,42,666,caliber,5,6,469900,0,68200
6,density,er_d64,1000,63664,42,666,mean_ring,5,7,542400,50.37788017529378,43700
6,density,er_d64,1000,63664,42,666,binary,5,8,508200,0,0
6,density,er_d64,1000,63664,42,666,mean_degree,5,9,567700,0.7913087486694801,43700
6,density,er_d64,1000,63664,42,666,binary,6,0,495900,0,0
6,density,er_d64,1000,63664,42,666,degree4,6,1,507300,0,79300
6,density,er_d64,1000,63664,42,666,max_maxdegree,6,2,523900,1.086950659565939,69100
6,density,er_d64,1000,63664,42,666,mean_degree,6,3,546200,0.7913087486694801,43700
6,density,er_d64,1000,63664,42,666,fourary,6,4,493900,0,0
6,density,er_d64,1000,63664,42,666,mean_map,6,5,555400,50.37788017529378,43700
6,density,er_d64,1000,63664,42,666,caliber,6,6,476200,0,68200
6,density,er_d64,1000,63664,42,666,mean_ring,6,7,740100,50.37788017529378,43700
6,density,er_d64,1000,63664,42,666,std_binary,6,8,556100,0,0
6,density,er_d64,1000,63664,42,666,selected_grid,6,9,414300,12.594470043823446,38984800
6,density,er_d64,1000,63664,42,666,selected_grid,7,0,406600,12.594470043823446,38984800
6,density,er_d64,1000,63664,42,666,std_binary,7,1,1583400,0,0
6,density,er_d64,1000,63664,42,666,mean_ring,7,2,549200,50.37788017529378,43700
6,density,er_d64,1000,63664,42,666,caliber,7,3,473900,0,68200
6,density,er_d64,1000,63664,42,666,mean_map,7,4,545200,50.37788017529378,43700
6,density,er_d64,1000,63664,42,666,fourary,7,5,496400,0,0
6,density,er_d64,1000,63664,42,666,mean_degree,7,6,633100,0.7913087486694801,43700
6,density,er_d64,1000,63664,42,666,max_maxdegree,7,7,553400,1.086950659565939,69100
6,density,er_d64,1000,63664,42,666,degree4,7,8,511200,0,79300
6,density,er_d64,1000,63664,42,666,binary,7,9,493400,0,0
7,calibration,er_d128,1000,127491,42,0,grid_0.75,0,0,950800,37.88026460268782,91400
7,calibration,er_d128,1000,127491,42,0,grid_1,0,1,1018800,50.50701947025043,91400
7,calibration,er_d128,1000,127491,42,0,grid_0.1,0,2,738700,5.050701947025043,91400
7,calibration,er_d128,1000,127491,42,0,grid_2,0,3,958800,101.01403894050085,91400
7,calibration,er_d128,1000,127491,42,0,grid_16,0,4,943300,808.1123115240068,91400
7,calibration,er_d128,1000,127491,42,0,grid_0.25,0,5,681600,12.626754867562607,91400
7,calibration,er_d128,1000,127491,42,0,grid_0.5,0,6,855700,25.253509735125213,91400
7,calibration,er_d128,1000,127491,42,0,grid_0.03125,0,7,807900,1.5783443584453258,91400
7,calibration,er_d128,1000,127491,42,0,grid_1.5,0,8,995100,75.76052920537563,91400
7,calibration,er_d128,1000,127491,42,0,grid_4,0,9,952800,202.0280778810017,91400
7,calibration,er_d128,1000,127491,42,0,grid_8,0,10,951900,404.0561557620034,91400
7,calibration,er_d128,1000,127491,42,0,grid_0.05,0,11,756900,2.5253509735125217,91400
7,calibration,er_d128,1000,127491,42,0,grid_0.05,1,0,754600,2.5253509735125217,91400
7,calibration,er_d128,1000,127491,42,0,grid_8,1,1,985100,404.0561557620034,91400
7,calibration,er_d128,1000,127491,42,0,grid_4,1,2,985700,202.0280778810017,91400
7,calibration,er_d128,1000,127491,42,0,grid_1.5,1,3,1000600,75.76052920537563,91400
7,calibration,er_d128,1000,127491,42,0,grid_0.03125,1,4,844900,1.5783443584453258,91400
7,calibration,er_d128,1000,127491,42,0,grid_0.5,1,5,923800,25.253509735125213,91400
7,calibration,er_d128,1000,127491,42,0,grid_0.25,1,6,1318300,12.626754867562607,91400
7,calibration,er_d128,1000,127491,42,0,grid_16,1,7,1047900,808.1123115240068,91400
7,calibration,er_d128,1000,127491,42,0,grid_2,1,8,1080600,101.01403894050085,91400
7,calibration,er_d128,1000,127491,42,0,grid_0.1,1,9,861400,5.050701947025043,91400
7,calibration,er_d128,1000,127491,42,0,grid_1,1,10,990100,50.50701947025043,91400
7,calibration,er_d128,1000,127491,42,0,grid_0.75,1,11,948300,37.88026460268782,91400
7,calibration,er_d128,1000,127491,42,0,grid_1,2,0,984200,50.50701947025043,91400
7,calibration,er_d128,1000,127491,42,0,grid_0.75,2,1,942500,37.88026460268782,91400
7,calibration,er_d128,1000,127491,42,0,grid_1.5,2,2,986300,75.76052920537563,91400
7,calibration,er_d128,1000,127491,42,0,grid_4,2,3,948300,202.0280778810017,91400
7,calibration,er_d128,1000,127491,42,0,grid_0.03125,2,4,796200,1.5783443584453258,91400
7,calibration,er_d128,1000,127491,42,0,grid_0.05,2,5,754700,2.5253509735125217,91400
7,calibration,er_d128,1000,127491,42,0,grid_0.25,2,6,678800,12.626754867562607,91400
7,calibration,er_d128,1000,127491,42,0,grid_16,2,7,947300,808.1123115240068,91400
7,calibration,er_d128,1000,127491,42,0,grid_0.1,2,8,725500,5.050701947025043,91400
7,calibration,er_d128,1000,127491,42,0,grid_0.5,2,9,861700,25.253509735125213,91400
7,calibration,er_d128,1000,127491,42,0,grid_8,2,10,950000,404.0561557620034,91400
7,calibration,er_d128,1000,127491,42,0,grid_2,2,11,937500,101.01403894050085,91400
7,calibration,er_d128,1000,127491,42,0,grid_2,3,0,940900,101.01403894050085,91400
7,calibration,er_d128,1000,127491,42,0,grid_8,3,1,944000,404.0561557620034,91400
7,calibration,er_d128,1000,127491,42,0,grid_0.5,3,2,847200,25.253509735125213,91400
7,calibration,er_d128,1000,127491,42,0,grid_0.1,3,3,724100,5.050701947025043,91400
7,calibration,er_d128,1000,127491,42,0,grid_16,3,4,936900,808.1123115240068,91400
7,calibration,er_d128,1000,127491,42,0,grid_0.25,3,5,674000,12.626754867562607,91400
7,calibration,er_d128,1000,127491,42,0,grid_0.05,3,6,747200,2.5253509735125217,91400
7,calibration,er_d128,1000,127491,42,0,grid_0.03125,3,7,784400,1.5783443584453258,91400
7,calibration,er_d128,1000,127491,42,0,grid_4,3,8,945100,202.0280778810017,91400
7,calibration,er_d128,1000,127491,42,0,grid_1.5,3,9,990000,75.76052920537563,91400
7,calibration,er_d128,1000,127491,42,0,grid_0.75,3,10,901400,37.88026460268782,91400
7,calibration,er_d128,1000,127491,42,0,grid_1,3,11,976800,50.50701947025043,91400
7,calibration,er_d128,1000,127491,42,0,grid_0.03125,4,0,893300,1.5783443584453258,91400
7,calibration,er_d128,1000,127491,42,0,grid_0.1,4,1,707500,5.050701947025043,91400
7,calibration,er_d128,1000,127491,42,0,grid_4,4,2,935100,202.0280778810017,91400
7,calibration,er_d128,1000,127491,42,0,grid_2,4,3,1101700,101.01403894050085,91400
7,calibration,er_d128,1000,127491,42,0,grid_0.5,4,4,942500,25.253509735125213,91400
7,calibration,er_d128,1000,127491,42,0,grid_8,4,5,1246100,404.0561557620034,91400
7,calibration,er_d128,1000,127491,42,0,grid_0.05,4,6,748900,2.5253509735125217,91400
7,calibration,er_d128,1000,127491,42,0,grid_0.75,4,7,906100,37.88026460268782,91400
7,calibration,er_d128,1000,127491,42,0,grid_1.5,4,8,964700,75.76052920537563,91400
7,calibration,er_d128,1000,127491,42,0,grid_0.25,4,9,645200,12.626754867562607,91400
7,calibration,er_d128,1000,127491,42,0,grid_16,4,10,910000,808.1123115240068,91400
7,calibration,er_d128,1000,127491,42,0,grid_1,4,11,952800,50.50701947025043,91400
7,calibration,er_d128,1000,127491,42,0,grid_1,5,0,938800,50.50701947025043,91400
7,calibration,er_d128,1000,127491,42,0,grid_16,5,1,909400,808.1123115240068,91400
7,calibration,er_d128,1000,127491,42,0,grid_0.25,5,2,642700,12.626754867562607,91400
7,calibration,er_d128,1000,127491,42,0,grid_1.5,5,3,956400,75.76052920537563,91400
7,calibration,er_d128,1000,127491,42,0,grid_0.75,5,4,901400,37.88026460268782,91400
7,calibration,er_d128,1000,127491,42,0,grid_0.05,5,5,727700,2.5253509735125217,91400
7,calibration,er_d128,1000,127491,42,0,grid_8,5,6,917400,404.0561557620034,91400
7,calibration,er_d128,1000,127491,42,0,grid_0.5,5,7,819300,25.253509735125213,91400
7,calibration,er_d128,1000,127491,42,0,grid_2,5,8,913500,101.01403894050085,91400
7,calibration,er_d128,1000,127491,42,0,grid_4,5,9,905300,202.0280778810017,91400
7,calibration,er_d128,1000,127491,42,0,grid_0.1,5,10,714400,5.050701947025043,91400
7,calibration,er_d128,1000,127491,42,0,grid_0.03125,5,11,754200,1.5783443584453258,91400
7,density,er_d128,1000,127491,42,333,binary,0,0,604300,0,0
7,density,er_d128,1000,127491,42,333,fourary,0,1,589400,0,0
7,density,er_d128,1000,127491,42,333,selected_grid,0,2,644600,12.626754867562607,64552800
7,density,er_d128,1000,127491,42,333,mean_degree,0,3,844500,0.39616145037885364,91400
7,density,er_d128,1000,127491,42,333,max_maxdegree,0,4,810900,0.5952348850003952,114900
7,density,er_d128,1000,127491,42,333,mean_map,0,5,900100,50.50701947025043,91400
7,density,er_d128,1000,127491,42,333,caliber,0,6,588700,0,147100
7,density,er_d128,1000,127491,42,333,mean_ring,0,7,905900,50.50701947025043,91400
7,density,er_d128,1000,127491,42,333,degree4,0,8,615300,0,97700
7,density,er_d128,1000,127491,42,333,std_binary,0,9,689200,0,0
7,density,er_d128,1000,127491,42,333,std_binary,1,0,693900,0,0
7,density,er_d128,1000,127491,42,333,degree4,1,1,603500,0,97700
7,density,er_d128,1000,127491,42,333,mean_ring,1,2,905700,50.50701947025043,91400
7,density,er_d128,1000,127491,42,333,caliber,1,3,578700,0,147100
7,density,er_d128,1000,127491,42,333,mean_map,1,4,898000,50.50701947025043,91400
7,density,er_d128,1000,127491,42,333,max_maxdegree,1,5,819700,0.5952348850003952,114900
7,density,er_d128,1000,127491,42,333,mean_degree,1,6,839900,0.39616145037885364,91400
7,density,er_d128,1000,127491,42,333,selected_grid,1,7,637000,12.626754867562607,64552800
7,density,er_d128,1000,127491,42,333,fourary,1,8,601900,0,0
7,density,er_d128,1000,127491,42,333,binary,1,9,597400,0,0
7,density,er_d128,1000,127491,42,333,max_maxdegree,2,0,821200,0.5952348850003952,114900
7,density,er_d128,1000,127491,42,333,binary,2,1,600500,0,0
7,density,er_d128,1000,127491,42,333,mean_degree,2,2,853100,0.39616145037885364,91400
7,density,er_d128,1000,127491,42,333,fourary,2,3,608100,0,0
7,density,er_d128,1000,127491,42,333,degree4,2,4,1063800,0,97700
7,density,er_d128,1000,127491,42,333,caliber,2,5,636200,0,147100
7,density,er_d128,1000,127491,42,333,mean_map,2,6,919200,50.50701947025043,91400
7,density,er_d128,1000,127491,42,333,mean_ring,2,7,897900,50.50701947025043,91400
7,density,er_d128,1000,127491,42,333,selected_grid,2,8,644800,12.626754867562607,64552800
7,density,er_d128,1000,127491,42,333,std_binary,2,9,701800,0,0
7,density,er_d128,1000,127491,42,333,std_binary,3,0,679000,0,0
7,density,er_d128,1000,127491,42,333,selected_grid,3,1,647000,12.626754867562607,64552800
7,density,er_d128,1000,127491,42,333,mean_ring,3,2,900600,50.50701947025043,91400
7,density,er_d128,1000,127491,42,333,mean_map,3,3,906600,50.50701947025043,91400
7,density,er_d128,1000,127491,42,333,caliber,3,4,593900,0,147100
7,density,er_d128,1000,127491,42,333,degree4,3,5,613300,0,97700
7,density,er_d128,1000,127491,42,333,fourary,3,6,602500,0,0
7,density,er_d128,1000,127491,42,333,mean_degree,3,7,1035200,0.39616145037885364,91400
7,density,er_d128,1000,127491,42,333,binary,3,8,595000,0,0
7,density,er_d128,1000,127491,42,333,max_maxdegree,3,9,823800,0.5952348850003952,114900
7,density,er_d128,1000,127491,42,333,mean_map,4,0,900800,50.50701947025043,91400
7,density,er_d128,1000,127491,42,333,mean_degree,4,1,901900,0.39616145037885364,91400
7,density,er_d128,1000,127491,42,333,mean_ring,4,2,905800,50.50701947025043,91400
7,density,er_d128,1000,127491,42,333,selected_grid,4,3,648500,12.626754867562607,64552800
7,density,er_d128,1000,127491,42,333,caliber,4,4,581600,0,147100
7,density,er_d128,1000,127491,42,333,binary,4,5,598700,0,0
7,density,er_d128,1000,127491,42,333,degree4,4,6,624600,0,97700
7,density,er_d128,1000,127491,42,333,fourary,4,7,597500,0,0
7,density,er_d128,1000,127491,42,333,max_maxdegree,4,8,817600,0.5952348850003952,114900
7,density,er_d128,1000,127491,42,333,std_binary,4,9,737100,0,0
7,density,er_d128,1000,127491,42,333,std_binary,5,0,692800,0,0
7,density,er_d128,1000,127491,42,333,max_maxdegree,5,1,817300,0.5952348850003952,114900
7,density,er_d128,1000,127491,42,333,fourary,5,2,607400,0,0
7,density,er_d128,1000,127491,42,333,degree4,5,3,617200,0,97700
7,density,er_d128,1000,127491,42,333,binary,5,4,596400,0,0
7,density,er_d128,1000,127491,42,333,caliber,5,5,593900,0,147100
7,density,er_d128,1000,127491,42,333,selected_grid,5,6,640100,12.626754867562607,64552800
7,density,er_d128,1000,127491,42,333,mean_ring,5,7,900200,50.50701947025043,91400
7,density,er_d128,1000,127491,42,333,mean_degree,5,8,854000,0.39616145037885364,91400
7,density,er_d128,1000,127491,42,333,mean_map,5,9,900900,50.50701947025043,91400
7,density,er_d128,1000,127491,42,333,fourary,6,0,603200,0,0
7,density,er_d128,1000,127491,42,333,mean_degree,6,1,843300,0.39616145037885364,91400
7,density,er_d128,1000,127491,42,333,mean_ring,6,2,903300,50.50701947025043,91400
7,density,er_d128,1000,127491,42,333,binary,6,3,609500,0,0
7,density,er_d128,1000,127491,42,333,degree4,6,4,607100,0,97700
7,density,er_d128,1000,127491,42,333,std_binary,6,5,707200,0,0
7,density,er_d128,1000,127491,42,333,selected_grid,6,6,640000,12.626754867562607,64552800
7,density,er_d128,1000,127491,42,333,mean_map,6,7,1214600,50.50701947025043,91400
7,density,er_d128,1000,127491,42,333,caliber,6,8,705600,0,147100
7,density,er_d128,1000,127491,42,333,max_maxdegree,6,9,792300,0.5952348850003952,114900
7,density,er_d128,1000,127491,42,333,max_maxdegree,7,0,784700,0.5952348850003952,114900
7,density,er_d128,1000,127491,42,333,caliber,7,1,562100,0,147100
7,density,er_d128,1000,127491,42,333,mean_map,7,2,911400,50.50701947025043,91400
7,density,er_d128,1000,127491,42,333,selected_grid,7,3,646900,12.626754867562607,64552800
7,density,er_d128,1000,127491,42,333,std_binary,7,4,690900,0,0
7,density,er_d128,1000,127491,42,333,degree4,7,5,614800,0,97700
7,density,er_d128,1000,127491,42,333,binary,7,6,571900,0,0
7,density,er_d128,1000,127491,42,333,mean_ring,7,7,881300,50.50701947025043,91400
7,density,er_d128,1000,127491,42,333,mean_degree,7,8,849300,0.39616145037885364,91400
7,density,er_d128,1000,127491,42,333,fourary,7,9,580800,0,0
7,density,er_d128,1000,127491,42,666,std_binary,0,0,684700,0,0
7,density,er_d128,1000,127491,42,666,max_maxdegree,0,1,798600,0.5952348850003952,114900
7,density,er_d128,1000,127491,42,666,selected_grid,0,2,619100,12.626754867562607,64552800
7,density,er_d128,1000,127491,42,666,fourary,0,3,572900,0,0
7,density,er_d128,1000,127491,42,666,degree4,0,4,567600,0,97700
7,density,er_d128,1000,127491,42,666,binary,0,5,555900,0,0
7,density,er_d128,1000,127491,42,666,mean_ring,0,6,816100,50.50701947025043,91400
7,density,er_d128,1000,127491,42,666,mean_map,0,7,804300,50.50701947025043,91400
7,density,er_d128,1000,127491,42,666,caliber,0,8,559200,0,147100
7,density,er_d128,1000,127491,42,666,mean_degree,0,9,817700,0.39616145037885364,91400
7,density,er_d128,1000,127491,42,666,mean_degree,1,0,802100,0.39616145037885364,91400
7,density,er_d128,1000,127491,42,666,caliber,1,1,551400,0,147100
7,density,er_d128,1000,127491,42,666,mean_map,1,2,804300,50.50701947025043,91400
7,density,er_d128,1000,127491,42,666,mean_ring,1,3,808900,50.50701947025043,91400
7,density,er_d128,1000,127491,42,666,binary,1,4,558500,0,0
7,density,er_d128,1000,127491,42,666,degree4,1,5,569600,0,97700
7,density,er_d128,1000,127491,42,666,fourary,1,6,565900,0,0
7,density,er_d128,1000,127491,42,666,selected_grid,1,7,618200,12.626754867562607,64552800
7,density,er_d128,1000,127491,42,666,max_maxdegree,1,8,777900,0.5952348850003952,114900
7,density,er_d128,1000,127491,42,666,std_binary,1,9,657700,0,0
7,density,er_d128,1000,127491,42,666,caliber,2,0,550300,0,147100
7,density,er_d128,1000,127491,42,666,fourary,2,1,579200,0,0
7,density,er_d128,1000,127491,42,666,mean_ring,2,2,827800,50.50701947025043,91400
7,density,er_d128,1000,127491,42,666,mean_degree,2,3,849300,0.39616145037885364,91400
7,density,er_d128,1000,127491,42,666,binary,2,4,913400,0,0
7,density,er_d128,1000,127491,42,666,selected_grid,2,5,632300,12.626754867562607,64552800
7,density,er_d128,1000,127491,42,666,mean_map,2,6,806400,50.50701947025043,91400
7,density,er_d128,1000,127491,42,666,max_maxdegree,2,7,786300,0.5952348850003952,114900
7,density,er_d128,1000,127491,42,666,degree4,2,8,580700,0,97700
7,density,er_d128,1000,127491,42,666,std_binary,2,9,659000,0,0
7,density,er_d128,1000,127491,42,666,std_binary,3,0,665200,0,0
7,density,er_d128,1000,127491,42,666,degree4,3,1,933400,0,97700
7,density,er_d128,1000,127491,42,666,max_maxdegree,3,2,1546400,0.5952348850003952,114900
7,density,er_d128,1000,127491,42,666,mean_map,3,3,883000,50.50701947025043,91400
7,density,er_d128,1000,127491,42,666,selected_grid,3,4,671100,12.626754867562607,64552800
7,density,er_d128,1000,127491,42,666,binary,3,5,561400,0,0
7,density,er_d128,1000,127491,42,666,mean_degree,3,6,840800,0.39616145037885364,91400
7,density,er_d128,1000,127491,42,666,mean_ring,3,7,817600,50.50701947025043,91400
7,density,er_d128,1000,127491,42,666,fourary,3,8,568800,0,0
7,density,er_d128,1000,127491,42,666,caliber,3,9,551600,0,147100
7,density,er_d128,1000,127491,42,666,mean_degree,4,0,852700,0.39616145037885364,91400
7,density,er_d128,1000,127491,42,666,binary,4,1,565500,0,0
7,density,er_d128,1000,127491,42,666,mean_ring,4,2,806400,50.50701947025043,91400
7,density,er_d128,1000,127491,42,666,caliber,4,3,576400,0,147100
7,density,er_d128,1000,127491,42,666,mean_map,4,4,904800,50.50701947025043,91400
7,density,er_d128,1000,127491,42,666,fourary,4,5,601900,0,0
7,density,er_d128,1000,127491,42,666,std_binary,4,6,694000,0,0
7,density,er_d128,1000,127491,42,666,selected_grid,4,7,621200,12.626754867562607,64552800
7,density,er_d128,1000,127491,42,666,degree4,4,8,580900,0,97700
7,density,er_d128,1000,127491,42,666,max_maxdegree,4,9,813100,0.5952348850003952,114900
7,density,er_d128,1000,127491,42,666,max_maxdegree,5,0,766100,0.5952348850003952,114900
7,density,er_d128,1000,127491,42,666,degree4,5,1,580300,0,97700
7,density,er_d128,1000,127491,42,666,selected_grid,5,2,627500,12.626754867562607,64552800
7,density,er_d128,1000,127491,42,666,std_binary,5,3,671300,0,0
7,density,er_d128,1000,127491,42,666,fourary,5,4,601600,0,0
7,density,er_d128,1000,127491,42,666,mean_map,5,5,813000,50.50701947025043,91400
7,density,er_d128,1000,127491,42,666,caliber,5,6,552500,0,147100
7,density,er_d128,1000,127491,42,666,mean_ring,5,7,814600,50.50701947025043,91400
7,density,er_d128,1000,127491,42,666,binary,5,8,564500,0,0
7,density,er_d128,1000,127491,42,666,mean_degree,5,9,819600,0.39616145037885364,91400
7,density,er_d128,1000,127491,42,666,binary,6,0,575400,0,0
7,density,er_d128,1000,127491,42,666,degree4,6,1,1009200,0,97700
7,density,er_d128,1000,127491,42,666,max_maxdegree,6,2,836300,0.5952348850003952,114900
7,density,er_d128,1000,127491,42,666,mean_degree,6,3,997200,0.39616145037885364,91400
7,density,er_d128,1000,127491,42,666,fourary,6,4,568300,0,0
7,density,er_d128,1000,127491,42,666,mean_map,6,5,819000,50.50701947025043,91400
7,density,er_d128,1000,127491,42,666,caliber,6,6,553500,0,147100
7,density,er_d128,1000,127491,42,666,mean_ring,6,7,814200,50.50701947025043,91400
7,density,er_d128,1000,127491,42,666,std_binary,6,8,677200,0,0
7,density,er_d128,1000,127491,42,666,selected_grid,6,9,625600,12.626754867562607,64552800
7,density,er_d128,1000,127491,42,666,selected_grid,7,0,619800,12.626754867562607,64552800
7,density,er_d128,1000,127491,42,666,std_binary,7,1,661200,0,0
7,density,er_d128,1000,127491,42,666,mean_ring,7,2,807000,50.50701947025043,91400
7,density,er_d128,1000,127491,42,666,caliber,7,3,552600,0,147100
7,density,er_d128,1000,127491,42,666,mean_map,7,4,813200,50.50701947025043,91400
7,density,er_d128,1000,127491,42,666,fourary,7,5,567700,0,0
7,density,er_d128,1000,127491,42,666,mean_degree,7,6,836000,0.39616145037885364,91400
7,density,er_d128,1000,127491,42,666,max_maxdegree,7,7,805700,0.5952348850003952,114900
7,density,er_d128,1000,127491,42,666,degree4,7,8,596400,0,97700
7,density,er_d128,1000,127491,42,666,binary,7,9,570300,0,0
8,calibration,er_d256,1000,255852,42,0,grid_0.75,0,0,1459800,37.86824889549998,169300
8,calibration,er_d256,1000,255852,42,0,grid_1,0,1,1473700,50.49099852733331,169300
8,calibration,er_d256,1000,255852,42,0,grid_0.1,0,2,1296600,5.049099852733331,169300
8,calibration,er_d256,1000,255852,42,0,grid_2,0,3,1549100,100.98199705466662,169300
8,calibration,er_d256,1000,255852,42,0,grid_16,0,4,1592700,807.855976437333,169300
8,calibration,er_d256,1000,255852,42,0,grid_0.25,0,5,1380300,12.622749631833328,169300
8,calibration,er_d256,1000,255852,42,0,grid_0.5,0,6,1513800,25.245499263666655,169300
8,calibration,er_d256,1000,255852,42,0,grid_0.03125,0,7,1359800,1.577843703979166,169300
8,calibration,er_d256,1000,255852,42,0,grid_1.5,0,8,1635200,75.73649779099996,169300
8,calibration,er_d256,1000,255852,42,0,grid_4,0,9,1671500,201.96399410933324,169300
8,calibration,er_d256,1000,255852,42,0,grid_8,0,10,1687000,403.9279882186665,169300
8,calibration,er_d256,1000,255852,42,0,grid_0.05,0,11,1364500,2.5245499263666655,169300
8,calibration,er_d256,1000,255852,42,0,grid_0.05,1,0,1216700,2.5245499263666655,169300
8,calibration,er_d256,1000,255852,42,0,grid_8,1,1,1525100,403.9279882186665,169300
8,calibration,er_d256,1000,255852,42,0,grid_4,1,2,1519300,201.96399410933324,169300
8,calibration,er_d256,1000,255852,42,0,grid_1.5,1,3,1534100,75.73649779099996,169300
8,calibration,er_d256,1000,255852,42,0,grid_0.03125,1,4,1325900,1.577843703979166,169300
8,calibration,er_d256,1000,255852,42,0,grid_0.5,1,5,1409200,25.245499263666655,169300
8,calibration,er_d256,1000,255852,42,0,grid_0.25,1,6,1549900,12.622749631833328,169300
8,calibration,er_d256,1000,255852,42,0,grid_16,1,7,1593200,807.855976437333,169300
8,calibration,er_d256,1000,255852,42,0,grid_2,1,8,1594900,100.98199705466662,169300
8,calibration,er_d256,1000,255852,42,0,grid_0.1,1,9,1276200,5.049099852733331,169300
8,calibration,er_d256,1000,255852,42,0,grid_1,1,10,1462000,50.49099852733331,169300
8,calibration,er_d256,1000,255852,42,0,grid_0.75,1,11,1425800,37.86824889549998,169300
8,calibration,er_d256,1000,255852,42,0,grid_1,2,0,1442200,50.49099852733331,169300
8,calibration,er_d256,1000,255852,42,0,grid_0.75,2,1,1419200,37.86824889549998,169300
8,calibration,er_d256,1000,255852,42,0,grid_1.5,2,2,1530000,75.73649779099996,169300
8,calibration,er_d256,1000,255852,42,0,grid_4,2,3,1539100,201.96399410933324,169300
8,calibration,er_d256,1000,255852,42,0,grid_0.03125,2,4,1234800,1.577843703979166,169300
8,calibration,er_d256,1000,255852,42,0,grid_0.05,2,5,1197700,2.5245499263666655,169300
8,calibration,er_d256,1000,255852,42,0,grid_0.25,2,6,1240600,12.622749631833328,169300
8,calibration,er_d256,1000,255852,42,0,grid_16,2,7,1506800,807.855976437333,169300
8,calibration,er_d256,1000,255852,42,0,grid_0.1,2,8,1184200,5.049099852733331,169300
8,calibration,er_d256,1000,255852,42,0,grid_0.5,2,9,1400000,25.245499263666655,169300
8,calibration,er_d256,1000,255852,42,0,grid_8,2,10,1522600,403.9279882186665,169300
8,calibration,er_d256,1000,255852,42,0,grid_2,2,11,1504500,100.98199705466662,169300
8,calibration,er_d256,1000,255852,42,0,grid_2,3,0,1507900,100.98199705466662,169300
8,calibration,er_d256,1000,255852,42,0,grid_8,3,1,1516000,403.9279882186665,169300
8,calibration,er_d256,1000,255852,42,0,grid_0.5,3,2,1413500,25.245499263666655,169300
8,calibration,er_d256,1000,255852,42,0,grid_0.1,3,3,1169000,5.049099852733331,169300
8,calibration,er_d256,1000,255852,42,0,grid_16,3,4,1514600,807.855976437333,169300
8,calibration,er_d256,1000,255852,42,0,grid_0.25,3,5,1506800,12.622749631833328,169300
8,calibration,er_d256,1000,255852,42,0,grid_0.05,3,6,1238900,2.5245499263666655,169300
8,calibration,er_d256,1000,255852,42,0,grid_0.03125,3,7,1235200,1.577843703979166,169300
8,calibration,er_d256,1000,255852,42,0,grid_4,3,8,1499600,201.96399410933324,169300
8,calibration,er_d256,1000,255852,42,0,grid_1.5,3,9,1505500,75.73649779099996,169300
8,calibration,er_d256,1000,255852,42,0,grid_0.75,3,10,1423800,37.86824889549998,169300
8,calibration,er_d256,1000,255852,42,0,grid_1,3,11,1449700,50.49099852733331,169300
8,calibration,er_d256,1000,255852,42,0,grid_0.03125,4,0,1230100,1.577843703979166,169300
8,calibration,er_d256,1000,255852,42,0,grid_0.1,4,1,1211100,5.049099852733331,169300
8,calibration,er_d256,1000,255852,42,0,grid_4,4,2,1541000,201.96399410933324,169300
8,calibration,er_d256,1000,255852,42,0,grid_2,4,3,1523400,100.98199705466662,169300
8,calibration,er_d256,1000,255852,42,0,grid_0.5,4,4,1393900,25.245499263666655,169300
8,calibration,er_d256,1000,255852,42,0,grid_8,4,5,1512000,403.9279882186665,169300
8,calibration,er_d256,1000,255852,42,0,grid_0.05,4,6,1201400,2.5245499263666655,169300
8,calibration,er_d256,1000,255852,42,0,grid_0.75,4,7,1419000,37.86824889549998,169300
8,calibration,er_d256,1000,255852,42,0,grid_1.5,4,8,1518900,75.73649779099996,169300
8,calibration,er_d256,1000,255852,42,0,grid_0.25,4,9,1244500,12.622749631833328,169300
8,calibration,er_d256,1000,255852,42,0,grid_16,4,10,1525400,807.855976437333,169300
8,calibration,er_d256,1000,255852,42,0,grid_1,4,11,1427300,50.49099852733331,169300
8,calibration,er_d256,1000,255852,42,0,grid_1,5,0,1407400,50.49099852733331,169300
8,calibration,er_d256,1000,255852,42,0,grid_16,5,1,1557900,807.855976437333,169300
8,calibration,er_d256,1000,255852,42,0,grid_0.25,5,2,1477600,12.622749631833328,169300
8,calibration,er_d256,1000,255852,42,0,grid_1.5,5,3,1846700,75.73649779099996,169300
8,calibration,er_d256,1000,255852,42,0,grid_0.75,5,4,1453700,37.86824889549998,169300
8,calibration,er_d256,1000,255852,42,0,grid_0.05,5,5,1219600,2.5245499263666655,169300
8,calibration,er_d256,1000,255852,42,0,grid_8,5,6,1509400,403.9279882186665,169300
8,calibration,er_d256,1000,255852,42,0,grid_0.5,5,7,1402200,25.245499263666655,169300
8,calibration,er_d256,1000,255852,42,0,grid_2,5,8,1518500,100.98199705466662,169300
8,calibration,er_d256,1000,255852,42,0,grid_4,5,9,1546200,201.96399410933324,169300
8,calibration,er_d256,1000,255852,42,0,grid_0.1,5,10,2005200,5.049099852733331,169300
8,calibration,er_d256,1000,255852,42,0,grid_0.03125,5,11,1345800,1.577843703979166,169300
8,density,er_d256,1000,255852,42,333,binary,0,0,731300,0,0
8,density,er_d256,1000,255852,42,333,fourary,0,1,760000,0,0
8,density,er_d256,1000,255852,42,333,selected_grid,0,2,1198000,2.5245499263666655,104456100
8,density,er_d256,1000,255852,42,333,mean_degree,0,3,1403200,0.19734455281699306,169300
8,density,er_d256,1000,255852,42,333,max_maxdegree,0,4,1341300,0.3355686600002228,280600
8,density,er_d256,1000,255852,42,333,mean_map,0,5,1628100,50.49099852733331,169300
8,density,er_d256,1000,255852,42,333,caliber,0,6,975800,0,264400
8,density,er_d256,1000,255852,42,333,mean_ring,0,7,1511900,50.49099852733331,169300
8,density,er_d256,1000,255852,42,333,degree4,0,8,776400,0,121000
8,density,er_d256,1000,255852,42,333,std_binary,0,9,1223800,0,0
8,density,er_d256,1000,255852,42,333,std_binary,1,0,1153100,0,0
8,density,er_d256,1000,255852,42,333,degree4,1,1,811500,0,121000
8,density,er_d256,1000,255852,42,333,mean_ring,1,2,1636000,50.49099852733331,169300
8,density,er_d256,1000,255852,42,333,caliber,1,3,723900,0,264400
8,density,er_d256,1000,255852,42,333,mean_map,1,4,1674300,50.49099852733331,169300
8,density,er_d256,1000,255852,42,333,max_maxdegree,1,5,1361000,0.3355686600002228,280600
8,density,er_d256,1000,255852,42,333,mean_degree,1,6,1398200,0.19734455281699306,169300
8,density,er_d256,1000,255852,42,333,selected_grid,1,7,1215400,2.5245499263666655,104456100
8,density,er_d256,1000,255852,42,333,fourary,1,8,768300,0,0
8,density,er_d256,1000,255852,42,333,binary,1,9,738800,0,0
8,density,er_d256,1000,255852,42,333,max_maxdegree,2,0,1378500,0.3355686600002228,280600
8,density,er_d256,1000,255852,42,333,binary,2,1,773100,0,0
8,density,er_d256,1000,255852,42,333,mean_degree,2,2,1795300,0.19734455281699306,169300
8,density,er_d256,1000,255852,42,333,fourary,2,3,898800,0,0
8,density,er_d256,1000,255852,42,333,degree4,2,4,805300,0,121000
8,density,er_d256,1000,255852,42,333,caliber,2,5,723100,0,264400
8,density,er_d256,1000,255852,42,333,mean_map,2,6,1442800,50.49099852733331,169300
8,density,er_d256,1000,255852,42,333,mean_ring,2,7,1415700,50.49099852733331,169300
8,density,er_d256,1000,255852,42,333,selected_grid,2,8,1209300,2.5245499263666655,104456100
8,density,er_d256,1000,255852,42,333,std_binary,2,9,943900,0,0
8,density,er_d256,1000,255852,42,333,std_binary,3,0,944200,0,0
8,density,er_d256,1000,255852,42,333,selected_grid,3,1,1211900,2.5245499263666655,104456100
8,density,er_d256,1000,255852,42,333,mean_ring,3,2,2289000,50.49099852733331,169300
8,density,er_d256,1000,255852,42,333,mean_map,3,3,1455100,50.49099852733331,169300
8,density,er_d256,1000,255852,42,333,caliber,3,4,1064800,0,264400
8,density,er_d256,1000,255852,42,333,degree4,3,5,868200,0,121000
8,density,er_d256,1000,255852,42,333,fourary,3,6,755600,0,0
8,density,er_d256,1000,255852,42,333,mean_degree,3,7,1452800,0.19734455281699306,169300
8,density,er_d256,1000,255852,42,333,binary,3,8,749900,0,0
8,density,er_d256,1000,255852,42,333,max_maxdegree,3,9,1340200,0.3355686600002228,280600
8,density,er_d256,1000,255852,42,333,mean_map,4,0,1520400,50.49099852733331,169300
8,density,er_d256,1000,255852,42,333,mean_degree,4,1,1505200,0.19734455281699306,169300
8,density,er_d256,1000,255852,42,333,mean_ring,4,2,1514100,50.49099852733331,169300
8,density,er_d256,1000,255852,42,333,selected_grid,4,3,1295400,2.5245499263666655,104456100
8,density,er_d256,1000,255852,42,333,caliber,4,4,865100,0,264400
8,density,er_d256,1000,255852,42,333,binary,4,5,881800,0,0
8,density,er_d256,1000,255852,42,333,degree4,4,6,799100,0,121000
8,density,er_d256,1000,255852,42,333,fourary,4,7,757800,0,0
8,density,er_d256,1000,255852,42,333,max_maxdegree,4,8,1427300,0.3355686600002228,280600
8,density,er_d256,1000,255852,42,333,std_binary,4,9,1166500,0,0
8,density,er_d256,1000,255852,42,333,std_binary,5,0,1141900,0,0
8,density,er_d256,1000,255852,42,333,max_maxdegree,5,1,1625400,0.3355686600002228,280600
8,density,er_d256,1000,255852,42,333,fourary,5,2,811000,0,0
8,density,er_d256,1000,255852,42,333,degree4,5,3,802900,0,121000
8,density,er_d256,1000,255852,42,333,binary,5,4,736000,0,0
8,density,er_d256,1000,255852,42,333,caliber,5,5,708800,0,264400
8,density,er_d256,1000,255852,42,333,selected_grid,5,6,1208400,2.5245499263666655,104456100
8,density,er_d256,1000,255852,42,333,mean_ring,5,7,1431700,50.49099852733331,169300
8,density,er_d256,1000,255852,42,333,mean_degree,5,8,1405200,0.19734455281699306,169300
8,density,er_d256,1000,255852,42,333,mean_map,5,9,1408700,50.49099852733331,169300
8,density,er_d256,1000,255852,42,333,fourary,6,0,781200,0,0
8,density,er_d256,1000,255852,42,333,mean_degree,6,1,1424900,0.19734455281699306,169300
8,density,er_d256,1000,255852,42,333,mean_ring,6,2,1435600,50.49099852733331,169300
8,density,er_d256,1000,255852,42,333,binary,6,3,728800,0,0
8,density,er_d256,1000,255852,42,333,degree4,6,4,756600,0,121000
8,density,er_d256,1000,255852,42,333,std_binary,6,5,934300,0,0
8,density,er_d256,1000,255852,42,333,selected_grid,6,6,1220900,2.5245499263666655,104456100
8,density,er_d256,1000,255852,42,333,mean_map,6,7,1417300,50.49099852733331,169300
8,density,er_d256,1000,255852,42,333,caliber,6,8,701700,0,264400
8,density,er_d256,1000,255852,42,333,max_maxdegree,6,9,1359800,0.3355686600002228,280600
8,density,er_d256,1000,255852,42,333,max_maxdegree,7,0,1324400,0.3355686600002228,280600
8,density,er_d256,1000,255852,42,333,caliber,7,1,705200,0,264400
8,density,er_d256,1000,255852,42,333,mean_map,7,2,1424900,50.49099852733331,169300
8,density,er_d256,1000,255852,42,333,selected_grid,7,3,1215600,2.5245499263666655,104456100
8,density,er_d256,1000,255852,42,333,std_binary,7,4,949100,0,0
8,density,er_d256,1000,255852,42,333,degree4,7,5,753100,0,121000
8,density,er_d256,1000,255852,42,333,binary,7,6,726900,0,0
8,density,er_d256,1000,255852,42,333,mean_ring,7,7,1448700,50.49099852733331,169300
8,density,er_d256,1000,255852,42,333,mean_degree,7,8,1539200,0.19734455281699306,169300
8,density,er_d256,1000,255852,42,333,fourary,7,9,1044300,0,0
8,density,er_d256,1000,255852,42,666,std_binary,0,0,964700,0,0
8,density,er_d256,1000,255852,42,666,max_maxdegree,0,1,1414200,0.3355686600002228,280600
8,density,er_d256,1000,255852,42,666,selected_grid,0,2,1247200,2.5245499263666655,104456100
8,density,er_d256,1000,255852,42,666,fourary,0,3,849200,0,0
8,density,er_d256,1000,255852,42,666,degree4,0,4,817600,0,121000
8,density,er_d256,1000,255852,42,666,binary,0,5,800900,0,0
8,density,er_d256,1000,255852,42,666,mean_ring,0,6,1958700,50.49099852733331,169300
8,density,er_d256,1000,255852,42,666,mean_map,0,7,1728400,50.49099852733331,169300
8,density,er_d256,1000,255852,42,666,caliber,0,8,777400,0,264400
8,density,er_d256,1000,255852,42,666,mean_degree,0,9,1496600,0.19734455281699306,169300
8,density,er_d256,1000,255852,42,666,mean_degree,1,0,1469100,0.19734455281699306,169300
8,density,er_d256,1000,255852,42,666,caliber,1,1,826300,0,264400
8,density,er_d256,1000,255852,42,666,mean_map,1,2,1534300,50.49099852733331,169300
8,density,er_d256,1000,255852,42,666,mean_ring,1,3,1544200,50.49099852733331,169300
8,density,er_d256,1000,255852,42,666,binary,1,4,764400,0,0
8,density,er_d256,1000,255852,42,666,degree4,1,5,799900,0,121000
8,density,er_d256,1000,255852,42,666,fourary,1,6,770500,0,0
8,density,er_d256,1000,255852,42,666,selected_grid,1,7,1274000,2.5245499263666655,104456100
8,density,er_d256,1000,255852,42,666,max_maxdegree,1,8,1419400,0.3355686600002228,280600
8,density,er_d256,1000,255852,42,666,std_binary,1,9,1004000,0,0
8,density,er_d256,1000,255852,42,666,caliber,2,0,783700,0,264400
8,density,er_d256,1000,255852,42,666,fourary,2,1,784500,0,0
8,density,er_d256,1000,255852,42,666,mean_ring,2,2,1535900,50.49099852733331,169300
8,density,er_d256,1000,255852,42,666,mean_degree,2,3,1501700,0.19734455281699306,169300
8,density,er_d256,1000,255852,42,666,binary,2,4,821400,0,0
8,density,er_d256,1000,255852,42,666,selected_grid,2,5,1326600,2.5245499263666655,104456100
8,density,er_d256,1000,255852,42,666,mean_map,2,6,1522200,50.49099852733331,169300
8,density,er_d256,1000,255852,42,666,max_maxdegree,2,7,1453100,0.3355686600002228,280600
8,density,er_d256,1000,255852,42,666,degree4,2,8,894500,0,121000
8,density,er_d256,1000,255852,42,666,std_binary,2,9,1009300,0,0
8,density,er_d256,1000,255852,42,666,std_binary,3,0,1198500,0,0
8,density,er_d256,1000,255852,42,666,degree4,3,1,931300,0,121000
8,density,er_d256,1000,255852,42,666,max_maxdegree,3,2,1814100,0.3355686600002228,280600
8,density,er_d256,1000,255852,42,666,mean_map,3,3,1601300,50.49099852733331,169300
8,density,er_d256,1000,255852,42,666,selected_grid,3,4,1264400,2.5245499263666655,104456100
8,density,er_d256,1000,255852,42,666,binary,3,5,915500,0,0
8,density,er_d256,1000,255852,42,666,mean_degree,3,6,1516200,0.19734455281699306,169300
8,density,er_d256,1000,255852,42,666,mean_ring,3,7,1493900,50.49099852733331,169300
8,density,er_d256,1000,255852,42,666,fourary,3,8,849600,0,0
8,density,er_d256,1000,255852,42,666,caliber,3,9,937000,0,264400
8,density,er_d256,1000,255852,42,666,mean_degree,4,0,1471400,0.19734455281699306,169300
8,density,er_d256,1000,255852,42,666,binary,4,1,755100,0,0
8,density,er_d256,1000,255852,42,666,mean_ring,4,2,1516900,50.49099852733331,169300
8,density,er_d256,1000,255852,42,666,caliber,4,3,739500,0,264400
8,density,er_d256,1000,255852,42,666,mean_map,4,4,1489200,50.49099852733331,169300
8,density,er_d256,1000,255852,42,666,fourary,4,5,768300,0,0
8,density,er_d256,1000,255852,42,666,std_binary,4,6,970600,0,0
8,density,er_d256,1000,255852,42,666,selected_grid,4,7,1250400,2.5245499263666655,104456100
8,density,er_d256,1000,255852,42,666,degree4,4,8,813100,0,121000
8,density,er_d256,1000,255852,42,666,max_maxdegree,4,9,1424200,0.3355686600002228,280600
8,density,er_d256,1000,255852,42,666,max_maxdegree,5,0,1458500,0.3355686600002228,280600
8,density,er_d256,1000,255852,42,666,degree4,5,1,818500,0,121000
8,density,er_d256,1000,255852,42,666,selected_grid,5,2,1260000,2.5245499263666655,104456100
8,density,er_d256,1000,255852,42,666,std_binary,5,3,975700,0,0
8,density,er_d256,1000,255852,42,666,fourary,5,4,785300,0,0
8,density,er_d256,1000,255852,42,666,mean_map,5,5,1495200,50.49099852733331,169300
8,density,er_d256,1000,255852,42,666,caliber,5,6,753700,0,264400
8,density,er_d256,1000,255852,42,666,mean_ring,5,7,1514700,50.49099852733331,169300
8,density,er_d256,1000,255852,42,666,binary,5,8,759000,0,0
8,density,er_d256,1000,255852,42,666,mean_degree,5,9,1531800,0.19734455281699306,169300
8,density,er_d256,1000,255852,42,666,binary,6,0,879600,0,0
8,density,er_d256,1000,255852,42,666,degree4,6,1,800000,0,121000
8,density,er_d256,1000,255852,42,666,max_maxdegree,6,2,1395800,0.3355686600002228,280600
8,density,er_d256,1000,255852,42,666,mean_degree,6,3,1441700,0.19734455281699306,169300
8,density,er_d256,1000,255852,42,666,fourary,6,4,797900,0,0
8,density,er_d256,1000,255852,42,666,mean_map,6,5,1491200,50.49099852733331,169300
8,density,er_d256,1000,255852,42,666,caliber,6,6,755800,0,264400
8,density,er_d256,1000,255852,42,666,mean_ring,6,7,1588500,50.49099852733331,169300
8,density,er_d256,1000,255852,42,666,std_binary,6,8,993700,0,0
8,density,er_d256,1000,255852,42,666,selected_grid,6,9,1300700,2.5245499263666655,104456100
8,density,er_d256,1000,255852,42,666,selected_grid,7,0,1271000,2.5245499263666655,104456100
8,density,er_d256,1000,255852,42,666,std_binary,7,1,1128200,0,0
8,density,er_d256,1000,255852,42,666,mean_ring,7,2,1564400,50.49099852733331,169300
8,density,er_d256,1000,255852,42,666,caliber,7,3,1247400,0,264400
8,density,er_d256,1000,255852,42,666,mean_map,7,4,1764500,50.49099852733331,169300
8,density,er_d256,1000,255852,42,666,fourary,7,5,802400,0,0
8,density,er_d256,1000,255852,42,666,mean_degree,7,6,1510400,0.19734455281699306,169300
8,density,er_d256,1000,255852,42,666,max_maxdegree,7,7,1420800,0.3355686600002228,280600
8,density,er_d256,1000,255852,42,666,degree4,7,8,824600,0,121000
8,density,er_d256,1000,255852,42,666,binary,7,9,776800,0,0
9,calibration,er_d2,5000,10076,42,0,grid_0.75,0,0,854500,37.852140857501425,43100
9,calibration,er_d2,5000,10076,42,0,grid_1,0,1,748600,50.469521143335236,43100
9,calibration,er_d2,5000,10076,42,0,grid_0.1,0,2,3601800,5.046952114333524,43100
9,calibration,er_d2,5000,10076,42,0,grid_2,0,3,1230300,100.93904228667047,43100
9,calibration,er_d2,5000,10076,42,0,grid_16,0,4,1532100,807.5123382933638,43100
9,calibration,er_d2,5000,10076,42,0,grid_0.25,0,5,1348100,12.617380285833809,43100
9,calibration,er_d2,5000,10076,42,0,grid_0.5,0,6,1345100,25.234760571667618,43100
9,calibration,er_d2,5000,10076,42,0,grid_0.03125,0,7,1955400,1.577172535729226,43100
9,calibration,er_d2,5000,10076,42,0,grid_1.5,0,8,1160200,75.70428171500285,43100
9,calibration,er_d2,5000,10076,42,0,grid_4,0,9,886100,201.87808457334094,43100
9,calibration,er_d2,5000,10076,42,0,grid_8,0,10,623500,403.7561691466819,43100
9,calibration,er_d2,5000,10076,42,0,grid_0.05,0,11,1423100,2.523476057166762,43100
9,calibration,er_d2,5000,10076,42,0,grid_0.05,1,0,1270900,2.523476057166762,43100
9,calibration,er_d2,5000,10076,42,0,grid_8,1,1,681000,403.7561691466819,43100
9,calibration,er_d2,5000,10076,42,0,grid_4,1,2,606100,201.87808457334094,43100
9,calibration,er_d2,5000,10076,42,0,grid_1.5,1,3,839100,75.70428171500285,43100
9,calibration,er_d2,5000,10076,42,0,grid_0.03125,1,4,1330700,1.577172535729226,43100
9,calibration,er_d2,5000,10076,42,0,grid_0.5,1,5,826700,25.234760571667618,43100
9,calibration,er_d2,5000,10076,42,0,grid_0.25,1,6,849500,12.617380285833809,43100
9,calibration,er_d2,5000,10076,42,0,grid_16,1,7,791200,807.5123382933638,43100
9,calibration,er_d2,5000,10076,42,0,grid_2,1,8,615500,100.93904228667047,43100
9,calibration,er_d2,5000,10076,42,0,grid_0.1,1,9,1112500,5.046952114333524,43100
9,calibration,er_d2,5000,10076,42,0,grid_1,1,10,841500,50.469521143335236,43100
9,calibration,er_d2,5000,10076,42,0,grid_0.75,1,11,760900,37.852140857501425,43100
9,calibration,er_d2,5000,10076,42,0,grid_1,2,0,753800,50.469521143335236,43100
9,calibration,er_d2,5000,10076,42,0,grid_0.75,2,1,711800,37.852140857501425,43100
9,calibration,er_d2,5000,10076,42,0,grid_1.5,2,2,616600,75.70428171500285,43100
9,calibration,er_d2,5000,10076,42,0,grid_4,2,3,699900,201.87808457334094,43100
9,calibration,er_d2,5000,10076,42,0,grid_0.03125,2,4,1864600,1.577172535729226,43100
9,calibration,er_d2,5000,10076,42,0,grid_0.05,2,5,1556800,2.523476057166762,43100
9,calibration,er_d2,5000,10076,42,0,grid_0.25,2,6,981100,12.617380285833809,43100
9,calibration,er_d2,5000,10076,42,0,grid_16,2,7,1117700,807.5123382933638,43100
9,calibration,er_d2,5000,10076,42,0,grid_0.1,2,8,2820400,5.046952114333524,43100
9,calibration,er_d2,5000,10076,42,0,grid_0.5,2,9,1776400,25.234760571667618,43100
9,calibration,er_d2,5000,10076,42,0,grid_8,2,10,676300,403.7561691466819,43100
9,calibration,er_d2,5000,10076,42,0,grid_2,2,11,608900,100.93904228667047,43100
9,calibration,er_d2,5000,10076,42,0,grid_2,3,0,555900,100.93904228667047,43100
9,calibration,er_d2,5000,10076,42,0,grid_8,3,1,670100,403.7561691466819,43100
9,calibration,er_d2,5000,10076,42,0,grid_0.5,3,2,829300,25.234760571667618,43100
9,calibration,er_d2,5000,10076,42,0,grid_0.1,3,3,1037800,5.046952114333524,43100
9,calibration,er_d2,5000,10076,42,0,grid_16,3,4,829700,807.5123382933638,43100
9,calibration,er_d2,5000,10076,42,0,grid_0.25,3,5,836500,12.617380285833809,43100
9,calibration,er_d2,5000,10076,42,0,grid_0.05,3,6,1416200,2.523476057166762,43100
9,calibration,er_d2,5000,10076,42,0,grid_0.03125,3,7,1422800,1.577172535729226,43100
9,calibration,er_d2,5000,10076,42,0,grid_4,3,8,2594100,201.87808457334094,43100
9,calibration,er_d2,5000,10076,42,0,grid_1.5,3,9,947200,75.70428171500285,43100
9,calibration,er_d2,5000,10076,42,0,grid_0.75,3,10,861400,37.852140857501425,43100
9,calibration,er_d2,5000,10076,42,0,grid_1,3,11,1088900,50.469521143335236,43100
9,calibration,er_d2,5000,10076,42,0,grid_0.03125,4,0,1384100,1.577172535729226,43100
9,calibration,er_d2,5000,10076,42,0,grid_0.1,4,1,1105600,5.046952114333524,43100
9,calibration,er_d2,5000,10076,42,0,grid_4,4,2,739000,201.87808457334094,43100
9,calibration,er_d2,5000,10076,42,0,grid_2,4,3,591800,100.93904228667047,43100
9,calibration,er_d2,5000,10076,42,0,grid_0.5,4,4,871900,25.234760571667618,43100
9,calibration,er_d2,5000,10076,42,0,grid_8,4,5,580400,403.7561691466819,43100
9,calibration,er_d2,5000,10076,42,0,grid_0.05,4,6,1215000,2.523476057166762,43100
9,calibration,er_d2,5000,10076,42,0,grid_0.75,4,7,911000,37.852140857501425,43100
9,calibration,er_d2,5000,10076,42,0,grid_1.5,4,8,680700,75.70428171500285,43100
9,calibration,er_d2,5000,10076,42,0,grid_0.25,4,9,865300,12.617380285833809,43100
9,calibration,er_d2,5000,10076,42,0,grid_16,4,10,779300,807.5123382933638,43100
9,calibration,er_d2,5000,10076,42,0,grid_1,4,11,815800,50.469521143335236,43100
9,calibration,er_d2,5000,10076,42,0,grid_1,5,0,903700,50.469521143335236,43100
9,calibration,er_d2,5000,10076,42,0,grid_16,5,1,812700,807.5123382933638,43100
9,calibration,er_d2,5000,10076,42,0,grid_0.25,5,2,900500,12.617380285833809,43100
9,calibration,er_d2,5000,10076,42,0,grid_1.5,5,3,738300,75.70428171500285,43100
9,calibration,er_d2,5000,10076,42,0,grid_0.75,5,4,990600,37.852140857501425,43100
9,calibration,er_d2,5000,10076,42,0,grid_0.05,5,5,1268900,2.523476057166762,43100
9,calibration,er_d2,5000,10076,42,0,grid_8,5,6,807800,403.7561691466819,43100
9,calibration,er_d2,5000,10076,42,0,grid_0.5,5,7,849300,25.234760571667618,43100
9,calibration,er_d2,5000,10076,42,0,grid_2,5,8,694600,100.93904228667047,43100
9,calibration,er_d2,5000,10076,42,0,grid_4,5,9,627500,201.87808457334094,43100
9,calibration,er_d2,5000,10076,42,0,grid_0.1,5,10,1114300,5.046952114333524,43100
9,calibration,er_d2,5000,10076,42,0,grid_0.03125,5,11,1644700,1.577172535729226,43100
9,density,er_d2,5000,10076,42,1666,mean_ring,0,0,10500,50.469521143335236,43100
9,density,er_d2,5000,10076,42,1666,fourary,0,1,44700,0,0
9,density,er_d2,5000,10076,42,1666,mean_degree,0,2,61500,25.04442295719295,43100
9,density,er_d2,5000,10076,42,1666,caliber,0,3,41500,0,85200
9,density,er_d2,5000,10076,42,1666,selected_grid,0,4,62900,100.93904228667047,78184500
9,density,er_d2,5000,10076,42,1666,mean_map,0,5,91900,50.469521143335236,43100
9,density,er_d2,5000,10076,42,1666,std_binary,0,6,11300,0,0
9,density,er_d2,5000,10076,42,1666,max_maxdegree,0,7,9500,12.498590760368801,79200
9,density,er_d2,5000,10076,42,1666,binary,0,8,3300,0,0
9,density,er_d2,5000,10076,42,1666,degree4,0,9,4000,0,3097500
9,density,er_d2,5000,10076,42,1666,degree4,1,0,2900,0,3097500
9,density,er_d2,5000,10076,42,1666,binary,1,1,3800,0,0
9,density,er_d2,5000,10076,42,1666,max_maxdegree,1,2,8000,12.498590760368801,79200
9,density,er_d2,5000,10076,42,1666,std_binary,1,3,39200,0,0
9,density,er_d2,5000,10076,42,1666,mean_map,1,4,61800,50.469521143335236,43100
9,density,er_d2,5000,10076,42,1666,selected_grid,1,5,8200,100.93904228667047,78184500
9,density,er_d2,5000,10076,42,1666,caliber,1,6,3200,0,85200
9,density,er_d2,5000,10076,42,1666,mean_degree,1,7,8000,25.04442295719295,43100
9,density,er_d2,5000,10076,42,1666,fourary,1,8,3800,0,0
9,density,er_d2,5000,10076,42,1666,mean_ring,1,9,8300,50.469521143335236,43100
9,density,er_d2,5000,10076,42,1666,fourary,2,0,3600,0,0
9,density,er_d2,5000,10076,42,1666,max_maxdegree,2,1,8500,12.498590760368801,79200
9,density,er_d2,5000,10076,42,1666,mean_ring,2,2,8200,50.469521143335236,43100
9,density,er_d2,5000,10076,42,1666,selected_grid,2,3,7000,100.93904228667047,78184500
9,density,er_d2,5000,10076,42,1666,mean_map,2,4,98500,50.469521143335236,43100
9,density,er_d2,5000,10076,42,1666,degree4,2,5,9800,0,3097500
9,density,er_d2,5000,10076,42,1666,mean_degree,2,6,7800,25.04442295719295,43100
9,density,er_d2,5000,10076,42,1666,binary,2,7,3900,0,0
9,density,er_d2,5000,10076,42,1666,std_binary,2,8,3600,0,0
9,density,er_d2,5000,10076,42,1666,caliber,2,9,3400,0,85200
9,density,er_d2,5000,10076,42,1666,caliber,3,0,3700,0,85200
9,density,er_d2,5000,10076,42,1666,std_binary,3,1,3200,0,0
9,density,er_d2,5000,10076,42,1666,binary,3,2,41700,0,0
9,density,er_d2,5000,10076,42,1666,mean_degree,3,3,63000,25.04442295719295,43100
9,density,er_d2,5000,10076,42,1666,degree4,3,4,42300,0,3097500
9,density,er_d2,5000,10076,42,1666,mean_map,3,5,65700,50.469521143335236,43100
9,density,er_d2,5000,10076,42,1666,selected_grid,3,6,91300,100.93904228667047,78184500
9,density,er_d2,5000,10076,42,1666,mean_ring,3,7,8000,50.469521143335236,43100
9,density,er_d2,5000,10076,42,1666,max_maxdegree,3,8,7800,12.498590760368801,79200
9,density,er_d2,5000,10076,42,1666,fourary,3,9,9700,0,0
9,density,er_d2,5000,10076,42,1666,selected_grid,4,0,8000,100.93904228667047,78184500
9,density,er_d2,5000,10076,42,1666,binary,4,1,3700,0,0
9,density,er_d2,5000,10076,42,1666,std_binary,4,2,4000,0,0
9,density,er_d2,5000,10076,42,1666,mean_degree,4,3,8700,25.04442295719295,43100
9,density,er_d2,5000,10076,42,1666,mean_ring,4,4,7600,50.469521143335236,43100
9,density,er_d2,5000,10076,42,1666,fourary,4,5,40200,0,0
9,density,er_d2,5000,10076,42,1666,max_maxdegree,4,6,67800,12.498590760368801,79200
9,density,er_d2,5000,10076,42,1666,degree4,4,7,40600,0,3097500
9,density,er_d2,5000,10076,42,1666,mean_map,4,8,67700,50.469521143335236,43100
9,density,er_d2,5000,10076,42,1666,caliber,4,9,41500,0,85200
9,density,er_d2,5000,10076,42,1666,caliber,5,0,3600,0,85200
9,density,er_d2,5000,10076,42,1666,mean_map,5,1,67300,50.469521143335236,43100
9,density,er_d2,5000,10076,42,1666,degree4,5,2,3800,0,3097500
9,density,er_d2,5000,10076,42,1666,max_maxdegree,5,3,8700,12.498590760368801,79200
9,density,er_d2,5000,10076,42,1666,fourary,5,4,54400,0,0
9,density,er_d2,5000,10076,42,1666,mean_ring,5,5,19200,50.469521143335236,43100
9,density,er_d2,5000,10076,42,1666,mean_degree,5,6,10100,25.04442295719295,43100
9,density,er_d2,5000,10076,42,1666,std_binary,5,7,42900,0,0
9,density,er_d2,5000,10076,42,1666,binary,5,8,4800,0,0
9,density,er_d2,5000,10076,42,1666,selected_grid,5,9,76100,100.93904228667047,78184500
9,density,er_d2,5000,10076,42,1666,caliber,6,0,4000,0,85200
9,density,er_d2,5000,10076,42,1666,fourary,6,1,3900,0,0
9,density,er_d2,5000,10076,42,1666,std_binary,6,2,3500,0,0
9,density,er_d2,5000,10076,42,1666,selected_grid,6,3,83600,100.93904228667047,78184500
9,density,er_d2,5000,10076,42,1666,mean_ring,6,4,8400,50.469521143335236,43100
9,density,er_d2,5000,10076,42,1666,degree4,6,5,9100,0,3097500
9,density,er_d2,5000,10076,42,1666,mean_map,6,6,6900,50.469521143335236,43100
9,density,er_d2,5000,10076,42,1666,binary,6,7,3400,0,0
9,density,er_d2,5000,10076,42,1666,mean_degree,6,8,7700,25.04442295719295,43100
9,density,er_d2,5000,10076,42,1666,max_maxdegree,6,9,8000,12.498590760368801,79200
9,density,er_d2,5000,10076,42,1666,max_maxdegree,7,0,7100,12.498590760368801,79200
9,density,er_d2,5000,10076,42,1666,mean_degree,7,1,6900,25.04442295719295,43100
9,density,er_d2,5000,10076,42,1666,binary,7,2,39000,0,0
9,density,er_d2,5000,10076,42,1666,mean_map,7,3,61300,50.469521143335236,43100
9,density,er_d2,5000,10076,42,1666,degree4,7,4,41400,0,3097500
9,density,er_d2,5000,10076,42,1666,mean_ring,7,5,66200,50.469521143335236,43100
9,density,er_d2,5000,10076,42,1666,selected_grid,7,6,96100,100.93904228667047,78184500
9,density,er_d2,5000,10076,42,1666,std_binary,7,7,9300,0,0
9,density,er_d2,5000,10076,42,1666,fourary,7,8,4100,0,0
9,density,er_d2,5000,10076,42,1666,caliber,7,9,3600,0,85200
9,density,er_d2,5000,10076,42,3333,fourary,0,0,43300,0,0
9,density,er_d2,5000,10076,42,3333,binary,0,1,25400,0,0
9,density,er_d2,5000,10076,42,3333,mean_ring,0,2,66700,50.469521143335236,43100
9,density,er_d2,5000,10076,42,3333,mean_map,0,3,8500,50.469521143335236,43100
9,density,er_d2,5000,10076,42,3333,caliber,0,4,194000,0,85200
9,density,er_d2,5000,10076,42,3333,degree4,0,5,4500,0,3097500
9,density,er_d2,5000,10076,42,3333,std_binary,0,6,4900,0,0
9,density,er_d2,5000,10076,42,3333,max_maxdegree,0,7,123500,12.498590760368801,79200
9,density,er_d2,5000,10076,42,3333,mean_degree,0,8,543600,25.04442295719295,43100
9,density,er_d2,5000,10076,42,3333,selected_grid,0,9,16700,100.93904228667047,78184500
9,density,er_d2,5000,10076,42,3333,selected_grid,1,0,7700,100.93904228667047,78184500
9,density,er_d2,5000,10076,42,3333,mean_degree,1,1,7600,25.04442295719295,43100
9,density,er_d2,5000,10076,42,3333,max_maxdegree,1,2,7500,12.498590760368801,79200
9,density,er_d2,5000,10076,42,3333,std_binary,1,3,47100,0,0
9,density,er_d2,5000,10076,42,3333,degree4,1,4,5100,0,3097500
9,density,er_d2,5000,10076,42,3333,caliber,1,5,3800,0,85200
9,density,er_d2,5000,10076,42,3333,mean_map,1,6,66400,50.469521143335236,43100
9,density,er_d2,5000,10076,42,3333,mean_ring,1,7,101300,50.469521143335236,43100
9,density,er_d2,5000,10076,42,3333,binary,1,8,10300,0,0
9,density,er_d2,5000,10076,42,3333,fourary,1,9,3700,0,0
9,density,er_d2,5000,10076,42,3333,fourary,2,0,4000,0,0
9,density,er_d2,5000,10076,42,3333,caliber,2,1,4200,0,85200
9,density,er_d2,5000,10076,42,3333,mean_map,2,2,8400,50.469521143335236,43100
9,density,er_d2,5000,10076,42,3333,binary,2,3,3700,0,0
9,density,er_d2,5000,10076,42,3333,mean_degree,2,4,8200,25.04442295719295,43100
9,density,er_d2,5000,10076,42,3333,mean_ring,2,5,7600,50.469521143335236,43100
9,density,er_d2,5000,10076,42,3333,selected_grid,2,6,7600,100.93904228667047,78184500
9,density,er_d2,5000,10076,42,3333,max_maxdegree,2,7,102600,12.498590760368801,79200
9,density,er_d2,5000,10076,42,3333,std_binary,2,8,12900,0,0
9,density,er_d2,5000,10076,42,3333,degree4,2,9,4100,0,3097500
9,density,er_d2,5000,10076,42,3333,degree4,3,0,3600,0,3097500
9,density,er_d2,5000,10076,42,3333,std_binary,3,1,3500,0,0
9,density,er_d2,5000,10076,42,3333,max_maxdegree,3,2,8200,12.498590760368801,79200
9,density,er_d2,5000,10076,42,3333,selected_grid,3,3,8200,100.93904228667047,78184500
9,density,er_d2,5000,10076,42,3333,mean_ring,3,4,7900,50.469521143335236,43100
9,density,er_d2,5000,10076,42,3333,mean_degree,3,5,7000,25.04442295719295,43100
9,density,er_d2,5000,10076,42,3333,binary,3,6,44900,0,0
9,density,er_d2,5000,10076,42,3333,mean_map,3,7,69900,50.469521143335236,43100
9,density,er_d2,5000,10076,42,3333,caliber,3,8,43900,0,85200
9,density,er_d2,5000,10076,42,3333,fourary,3,9,3800,0,0
9,density,er_d2,5000,10076,42,3333,std_binary,4,0,4100,0,0
9,density,er_d2,5000,10076,42,3333,mean_ring,4,1,68300,50.469521143335236,43100
9,density,er_d2,5000,10076,42,3333,max_maxdegree,4,2,101700,12.498590760368801,79200
9,density,er_d2,5000,10076,42,3333,mean_map,4,3,8600,50.469521143335236,43100
9,density,er_d2,5000,10076,42,3333,fourary,4,4,9600,0,0
9,density,er_d2,5000,10076,42,3333,caliber,4,5,3100,0,85200
9,density,er_d2,5000,10076,42,3333,binary,4,6,4100,0,0
9,density,er_d2,5000,10076,42,3333,degree4,4,7,3700,0,3097500
9,density,er_d2,5000,10076,42,3333,selected_grid,4,8,7400,100.93904228667047,78184500
9,density,er_d2,5000,10076,42,3333,mean_degree,4,9,7500,25.04442295719295,43100
9,density,er_d2,5000,10076,42,3333,mean_degree,5,0,113100,25.04442295719295,43100
9,density,er_d2,5000,10076,42,3333,selected_grid,5,1,7100,100.93904228667047,78184500
9,density,er_d2,5000,10076,42,3333,degree4,5,2,10400,0,3097500
9,density,er_d2,5000,10076,42,3333,binary,5,3,3000,0,0
9,density,er_d2,5000,10076,42,3333,caliber,5,4,3700,0,85200
9,density,er_d2,5000,10076,42,3333,fourary,5,5,3500,0,0
9,density,er_d2,5000,10076,42,3333,mean_map,5,6,7500,50.469521143335236,43100
9,density,er_d2,5000,10076,42,3333,max_maxdegree,5,7,7900,12.498590760368801,79200
9,density,er_d2,5000,10076,42,3333,mean_ring,5,8,169800,50.469521143335236,43100
9,density,er_d2,5000,10076,42,3333,std_binary,5,9,13800,0,0
9,density,er_d2,5000,10076,42,3333,fourary,6,0,4700,0,0
9,density,er_d2,5000,10076,42,3333,selected_grid,6,1,22300,100.93904228667047,78184500
9,density,er_d2,5000,10076,42,3333,caliber,6,2,5300,0,85200
9,density,er_d2,5000,10076,42,3333,binary,6,3,3700,0,0
9,density,er_d2,5000,10076,42,3333,std_binary,6,4,4600,0,0
9,density,er_d2,5000,10076,42,3333,mean_map,6,5,9600,50.469521143335236,43100
9,density,er_d2,5000,10076,42,3333,mean_degree,6,6,7600,25.04442295719295,43100
9,density,er_d2,5000,10076,42,3333,mean_ring,6,7,7800,50.469521143335236,43100
9,density,er_d2,5000,10076,42,3333,degree4,6,8,4000,0,3097500
9,density,er_d2,5000,10076,42,3333,max_maxdegree,6,9,7600,12.498590760368801,79200
9,density,er_d2,5000,10076,42,3333,max_maxdegree,7,0,7400,12.498590760368801,79200
9,density,er_d2,5000,10076,42,3333,degree4,7,1,75000,0,3097500
9,density,er_d2,5000,10076,42,3333,mean_ring,7,2,80200,50.469521143335236,43100
9,density,er_d2,5000,10076,42,3333,mean_degree,7,3,216900,25.04442295719295,43100
9,density,er_d2,5000,10076,42,3333,mean_map,7,4,10200,50.469521143335236,43100
9,density,er_d2,5000,10076,42,3333,std_binary,7,5,12900,0,0
9,density,er_d2,5000,10076,42,3333,binary,7,6,4500,0,0
9,density,er_d2,5000,10076,42,3333,caliber,7,7,3700,0,85200
9,density,er_d2,5000,10076,42,3333,selected_grid,7,8,8100,100.93904228667047,78184500
9,density,er_d2,5000,10076,42,3333,fourary,7,9,4500,0,0
10,calibration,er_d4,5000,20233,42,0,grid_0.75,0,0,1124500,38.05229471735604,80900
10,calibration,er_d4,5000,20233,42,0,grid_1,0,1,1081600,50.736392956474724,80900
10,calibration,er_d4,5000,20233,42,0,grid_0.1,0,2,1344800,5.073639295647473,80900
10,calibration,er_d4,5000,20233,42,0,grid_2,0,3,997000,101.47278591294945,80900
10,calibration,er_d4,5000,20233,42,0,grid_16,0,4,1610600,811.7822873035956,80900
10,calibration,er_d4,5000,20233,42,0,grid_0.25,0,5,1312500,12.684098239118681,80900
10,calibration,er_d4,5000,20233,42,0,grid_0.5,0,6,1158700,25.368196478237362,80900
10,calibration,er_d4,5000,20233,42,0,grid_0.03125,0,7,1627000,1.5855122798898351,80900
10,calibration,er_d4,5000,20233,42,0,grid_1.5,0,8,1143600,76.10458943471208,80900
10,calibration,er_d4,5000,20233,42,0,grid_4,0,9,1047100,202.9455718258989,80900
10,calibration,er_d4,5000,20233,42,0,grid_8,0,10,1588200,405.8911436517978,80900
10,calibration,er_d4,5000,20233,42,0,grid_0.05,0,11,1552000,2.5368196478237364,80900
10,calibration,er_d4,5000,20233,42,0,grid_0.05,1,0,1396000,2.5368196478237364,80900
10,calibration,er_d4,5000,20233,42,0,grid_8,1,1,1430100,405.8911436517978,80900
10,calibration,er_d4,5000,20233,42,0,grid_4,1,2,1167800,202.9455718258989,80900
10,calibration,er_d4,5000,20233,42,0,grid_1.5,1,3,1530200,76.10458943471208,80900
10,calibration,er_d4,5000,20233,42,0,grid_0.03125,1,4,2292800,1.5855122798898351,80900
10,calibration,er_d4,5000,20233,42,0,grid_0.5,1,5,1167900,25.368196478237362,80900
10,calibration,er_d4,5000,20233,42,0,grid_0.25,1,6,1213300,12.684098239118681,80900
10,calibration,er_d4,5000,20233,42,0,grid_16,1,7,1491300,811.7822873035956,80900
10,calibration,er_d4,5000,20233,42,0,grid_2,1,8,1053100,101.47278591294945,80900
10,calibration,er_d4,5000,20233,42,0,grid_0.1,1,9,1455200,5.073639295647473,80900
10,calibration,er_d4,5000,20233,42,0,grid_1,1,10,1262100,50.736392956474724,80900
10,calibration,er_d4,5000,20233,42,0,grid_0.75,1,11,1062300,38.05229471735604,80900
10,calibration,er_d4,5000,20233,42,0,grid_1,2,0,1067400,50.736392956474724,80900
10,calibration,er_d4,5000,20233,42,0,grid_0.75,2,1,1129300,38.05229471735604,80900
10,calibration,er_d4,5000,20233,42,0,grid_1.5,2,2,1634200,76.10458943471208,80900
10,calibration,er_d4,5000,20233,42,0,grid_4,2,3,1025000,202.9455718258989,80900
10,calibration,er_d4,5000,20233,42,0,grid_0.03125,2,4,1632300,1.5855122798898351,80900
10,calibration,er_d4,5000,20233,42,0,grid_0.05,2,5,1806300,2.5368196478237364,80900
10,calibration,er_d4,5000,20233,42,0,grid_0.25,2,6,1191100,12.684098239118681,80900
10,calibration,er_d4,5000,20233,42,0,grid_16,2,7,1475600,811.7822873035956,80900
10,calibration,er_d4,5000,20233,42,0,grid_0.1,2,8,1423000,5.073639295647473,80900
10,calibration,er_d4,5000,20233,42,0,grid_0.5,2,9,1192500,25.368196478237362,80900
10,calibration,er_d4,5000,20233,42,0,grid_8,2,10,1915900,405.8911436517978,80900
10,calibration,er_d4,5000,20233,42,0,grid_2,2,11,1414100,101.47278591294945,80900
10,calibration,er_d4,5000,20233,42,0,grid_2,3,0,1089300,101.47278591294945,80900
10,calibration,er_d4,5000,20233,42,0,grid_8,3,1,1787600,405.8911436517978,80900
10,calibration,er_d4,5000,20233,42,0,grid_0.5,3,2,1539400,25.368196478237362,80900
10,calibration,er_d4,5000,20233,42,0,grid_0.1,3,3,1445900,5.073639295647473,80900
10,calibration,er_d4,5000,20233,42,0,grid_16,3,4,1850400,811.7822873035956,80900
10,calibration,er_d4,5000,20233,42,0,grid_0.25,3,5,3081500,12.684098239118681,80900
10,calibration,er_d4,5000,20233,42,0,grid_0.05,3,6,2203300,2.5368196478237364,80900
10,calibration,er_d4,5000,20233,42,0,grid_0.03125,3,7,1648800,1.5855122798898351,80900
10,calibration,er_d4,5000,20233,42,0,grid_4,3,8,1145300,202.9455718258989,80900
10,calibration,er_d4,5000,20233,42,0,grid_1.5,3,9,1047200,76.10458943471208,80900
10,calibration,er_d4,5000,20233,42,0,grid_0.75,3,10,1110700,38.05229471735604,80900
10,calibration,er_d4,5000,20233,42,0,grid_1,3,11,954900,50.736392956474724,80900
10,calibration,er_d4,5000,20233,42,0,grid_0.03125,4,0,1493800,1.5855122798898351,80900
10,calibration,er_d4,5000,20233,42,0,grid_0.1,4,1,1273700,5.073639295647473,80900
10,calibration,er_d4,5000,20233,42,0,grid_4,4,2,1446000,202.9455718258989,80900
10,calibration,er_d4,5000,20233,42,0,grid_2,4,3,1048000,101.47278591294945,80900
10,calibration,er_d4,5000,20233,42,0,grid_0.5,4,4,1251100,25.368196478237362,80900
10,calibration,er_d4,5000,20233,42,0,grid_8,4,5,1367500,405.8911436517978,80900
10,calibration,er_d4,5000,20233,42,0,grid_0.05,4,6,1487300,2.5368196478237364,80900
10,calibration,er_d4,5000,20233,42,0,grid_0.75,4,7,1217100,38.05229471735604,80900
10,calibration,er_d4,5000,20233,42,0,grid_1.5,4,8,1095500,76.10458943471208,80900
10,calibration,er_d4,5000,20233,42,0,grid_0.25,4,9,1686300,12.684098239118681,80900
10,calibration,er_d4,5000,20233,42,0,grid_16,4,10,3095400,811.7822873035956,80900
10,calibration,er_d4,5000,20233,42,0,grid_1,4,11,1616000,50.736392956474724,80900
10,calibration,er_d4,5000,20233,42,0,grid_1,5,0,2232800,50.736392956474724,80900
10,calibration,er_d4,5000,20233,42,0,grid_16,5,1,1528900,811.7822873035956,80900
10,calibration,er_d4,5000,20233,42,0,grid_0.25,5,2,1330600,12.684098239118681,80900
10,calibration,er_d4,5000,20233,42,0,grid_1.5,5,3,1170400,76.10458943471208,80900
10,calibration,er_d4,5000,20233,42,0,grid_0.75,5,4,1230000,38.05229471735604,80900
10,calibration,er_d4,5000,20233,42,0,grid_0.05,5,5,1549100,2.5368196478237364,80900
10,calibration,er_d4,5000,20233,42,0,grid_8,5,6,1536500,405.8911436517978,80900
10,calibration,er_d4,5000,20233,42,0,grid_0.5,5,7,1206900,25.368196478237362,80900
10,calibration,er_d4,5000,20233,42,0,grid_2,5,8,990800,101.47278591294945,80900
10,calibration,er_d4,5000,20233,42,0,grid_4,5,9,1077000,202.9455718258989,80900
10,calibration,er_d4,5000,20233,42,0,grid_0.1,5,10,1485200,5.073639295647473,80900
10,calibration,er_d4,5000,20233,42,0,grid_0.03125,5,11,1949400,1.5855122798898351,80900
10,density,er_d4,5000,20233,42,1666,mean_ring,0,0,967700,50.736392956474724,80900
10,density,er_d4,5000,20233,42,1666,fourary,0,1,2139300,0,0
10,density,er_d4,5000,20233,42,1666,mean_degree,0,2,1374900,12.538030187435064,80900
10,density,er_d4,5000,20233,42,1666,caliber,0,3,1760000,0,137400
10,density,er_d4,5000,20233,42,1666,selected_grid,0,4,988600,101.47278591294945,104539900
10,density,er_d4,5000,20233,42,1666,mean_map,0,5,1230600,50.736392956474724,80900
10,density,er_d4,5000,20233,42,1666,std_binary,0,6,1917700,0,0
10,density,er_d4,5000,20233,42,1666,max_maxdegree,0,7,1327500,7.142735050248578,153300
10,density,er_d4,5000,20233,42,1666,binary,0,8,1965900,0,0
10,density,er_d4,5000,20233,42,1666,degree4,0,9,2407600,0,532300
10,density,er_d4,5000,20233,42,1666,degree4,1,0,2195400,0,532300
10,density,er_d4,5000,20233,42,1666,binary,1,1,1911900,0,0
10,density,er_d4,5000,20233,42,1666,max_maxdegree,1,2,1856500,7.142735050248578,153300
10,density,er_d4,5000,20233,42,1666,std_binary,1,3,1919600,0,0
10,density,er_d4,5000,20233,42,1666,mean_map,1,4,1246200,50.736392956474724,80900
10,density,er_d4,5000,20233,42,1666,selected_grid,1,5,1076200,101.47278591294945,104539900
10,density,er_d4,5000,20233,42,1666,caliber,1,6,2184600,0,137400
10,density,er_d4,5000,20233,42,1666,mean_degree,1,7,2054400,12.538030187435064,80900
10,density,er_d4,5000,20233,42,1666,fourary,1,8,1870600,0,0
10,density,er_d4,5000,20233,42,1666,mean_ring,1,9,1015700,50.736392956474724,80900
10,density,er_d4,5000,20233,42,1666,fourary,2,0,1830500,0,0
10,density,er_d4,5000,20233,42,1666,max_maxdegree,2,1,1313000,7.142735050248578,153300
10,density,er_d4,5000,20233,42,1666,mean_ring,2,2,1017000,50.736392956474724,80900
10,density,er_d4,5000,20233,42,1666,selected_grid,2,3,965300,101.47278591294945,104539900
10,density,er_d4,5000,20233,42,1666,mean_map,2,4,1036400,50.736392956474724,80900
10,density,er_d4,5000,20233,42,1666,degree4,2,5,2324400,0,532300
10,density,er_d4,5000,20233,42,1666,mean_degree,2,6,1241800,12.538030187435064,80900
10,density,er_d4,5000,20233,42,1666,binary,2,7,1974100,0,0
10,density,er_d4,5000,20233,42,1666,std_binary,2,8,2673400,0,0
10,density,er_d4,5000,20233,42,1666,caliber,2,9,2038700,0,137400
10,density,er_d4,5000,20233,42,1666,caliber,3,0,1641800,0,137400
10,density,er_d4,5000,20233,42,1666,std_binary,3,1,1921900,0,0
10,density,er_d4,5000,20233,42,1666,binary,3,2,2210100,0,0
10,density,er_d4,5000,20233,42,1666,mean_degree,3,3,1293900,12.538030187435064,80900
10,density,er_d4,5000,20233,42,1666,degree4,3,4,2495500,0,532300
10,density,er_d4,5000,20233,42,1666,mean_map,3,5,1093900,50.736392956474724,80900
10,density,er_d4,5000,20233,42,1666,selected_grid,3,6,1049200,101.47278591294945,104539900
10,density,er_d4,5000,20233,42,1666,mean_ring,3,7,985500,50.736392956474724,80900
10,density,er_d4,5000,20233,42,1666,max_maxdegree,3,8,1321100,7.142735050248578,153300
10,density,er_d4,5000,20233,42,1666,fourary,3,9,1866500,0,0
10,density,er_d4,5000,20233,42,1666,selected_grid,4,0,888200,101.47278591294945,104539900
10,density,er_d4,5000,20233,42,1666,binary,4,1,1901600,0,0
10,density,er_d4,5000,20233,42,1666,std_binary,4,2,3138000,0,0
10,density,er_d4,5000,20233,42,1666,mean_degree,4,3,1220500,12.538030187435064,80900
10,density,er_d4,5000,20233,42,1666,mean_ring,4,4,1069300,50.736392956474724,80900
10,density,er_d4,5000,20233,42,1666,fourary,4,5,2261300,0,0
10,density,er_d4,5000,20233,42,1666,max_maxdegree,4,6,1336100,7.142735050248578,153300
10,density,er_d4,5000,20233,42,1666,degree4,4,7,2702400,0,532300
10,density,er_d4,5000,20233,42,1666,mean_map,4,8,1372400,50.736392956474724,80900
10,density,er_d4,5000,20233,42,1666,caliber,4,9,2046200,0,137400
10,density,er_d4,5000,20233,42,1666,caliber,5,0,1943100,0,137400
10,density,er_d4,5000,20233,42,1666,mean_map,5,1,1243400,50.736392956474724,80900
10,density,er_d4,5000,20233,42,1666,degree4,5,2,2498200,0,532300
10,density,er_d4,5000,20233,42,1666,max_maxdegree,5,3,1053100,7.142735050248578,153300
10,density,er_d4,5000,20233,42,1666,fourary,5,4,1501900,0,0
10,density,er_d4,5000,20233,42,1666,mean_ring,5,5,777900,50.736392956474724,80900
10,density,er_d4,5000,20233,42,1666,mean_degree,5,6,2593300,12.538030187435064,80900
10,density,er_d4,5000,20233,42,1666,std_binary,5,7,2009500,0,0
10,density,er_d4,5000,20233,42,1666,binary,5,8,1960000,0,0
10,density,er_d4,5000,20233,42,1666,selected_grid,5,9,1032700,101.47278591294945,104539900
10,density,er_d4,5000,20233,42,1666,caliber,6,0,1802800,0,137400
10,density,er_d4,5000,20233,42,1666,fourary,6,1,1779900,0,0
10,density,er_d4,5000,20233,42,1666,std_binary,6,2,2370000,0,0
10,density,er_d4,5000,20233,42,1666,selected_grid,6,3,1320400,101.47278591294945,104539900
10,density,er_d4,5000,20233,42,1666,mean_ring,6,4,1176000,50.736392956474724,80900
10,density,er_d4,5000,20233,42,1666,degree4,6,5,2425100,0,532300
10,density,er_d4,5000,20233,42,1666,mean_map,6,6,1127500,50.736392956474724,80900
10,density,er_d4,5000,20233,42,1666,binary,6,7,2147500,0,0
10,density,er_d4,5000,20233,42,1666,mean_degree,6,8,1264600,12.538030187435064,80900
10,density,er_d4,5000,20233,42,1666,max_maxdegree,6,9,1286600,7.142735050248578,153300
10,density,er_d4,5000,20233,42,1666,max_maxdegree,7,0,1213800,7.142735050248578,153300
10,density,er_d4,5000,20233,42,1666,mean_degree,7,1,1230700,12.538030187435064,80900
10,density,er_d4,5000,20233,42,1666,binary,7,2,1927600,0,0
10,density,er_d4,5000,20233,42,1666,mean_map,7,3,1263800,50.736392956474724,80900
10,density,er_d4,5000,20233,42,1666,degree4,7,4,2435700,0,532300
10,density,er_d4,5000,20233,42,1666,mean_ring,7,5,1081300,50.736392956474724,80900
10,density,er_d4,5000,20233,42,1666,selected_grid,7,6,1076200,101.47278591294945,104539900
10,density,er_d4,5000,20233,42,1666,std_binary,7,7,1818600,0,0
10,density,er_d4,5000,20233,42,1666,fourary,7,8,1858700,0,0
10,density,er_d4,5000,20233,42,1666,caliber,7,9,1493700,0,137400
10,density,er_d4,5000,20233,42,3333,fourary,0,0,1859800,0,0
10,density,er_d4,5000,20233,42,3333,binary,0,1,1908700,0,0
10,density,er_d4,5000,20233,42,3333,mean_ring,0,2,1030700,50.736392956474724,80900
10,density,er_d4,5000,20233,42,3333,mean_map,0,3,1061500,50.736392956474724,80900
10,density,er_d4,5000,20233,42,3333,caliber,0,4,1579300,0,137400
10,density,er_d4,5000,20233,42,3333,degree4,0,5,2150800,0,532300
10,density,er_d4,5000,20233,42,3333,std_binary,0,6,1811200,0,0
10,density,er_d4,5000,20233,42,3333,max_maxdegree,0,7,1095400,7.142735050248578,153300
10,density,er_d4,5000,20233,42,3333,mean_degree,0,8,918300,12.538030187435064,80900
10,density,er_d4,5000,20233,42,3333,selected_grid,0,9,784300,101.47278591294945,104539900
10,density,er_d4,5000,20233,42,3333,selected_grid,1,0,776300,101.47278591294945,104539900
10,density,er_d4,5000,20233,42,3333,mean_degree,1,1,877100,12.538030187435064,80900
10,density,er_d4,5000,20233,42,3333,max_maxdegree,1,2,1115800,7.142735050248578,153300
10,density,er_d4,5000,20233,42,3333,std_binary,1,3,1787300,0,0
10,density,er_d4,5000,20233,42,3333,degree4,1,4,3338100,0,532300
10,density,er_d4,5000,20233,42,3333,caliber,1,5,1723200,0,137400
10,density,er_d4,5000,20233,42,3333,mean_map,1,6,1027800,50.736392956474724,80900
10,density,er_d4,5000,20233,42,3333,mean_ring,1,7,866500,50.736392956474724,80900
10,density,er_d4,5000,20233,42,3333,binary,1,8,1535900,0,0
10,density,er_d4,5000,20233,42,3333,fourary,1,9,1925700,0,0
10,density,er_d4,5000,20233,42,3333,fourary,2,0,2156600,0,0
10,density,er_d4,5000,20233,42,3333,caliber,2,1,1378400,0,137400
10,density,er_d4,5000,20233,42,3333,mean_map,2,2,902600,50.736392956474724,80900
10,density,er_d4,5000,20233,42,3333,binary,2,3,1483900,0,0
10,density,er_d4,5000,20233,42,3333,mean_degree,2,4,933500,12.538030187435064,80900
10,density,er_d4,5000,20233,42,3333,mean_ring,2,5,773300,50.736392956474724,80900
10,density,er_d4,5000,20233,42,3333,selected_grid,2,6,932300,101.47278591294945,104539900
10,density,er_d4,5000,20233,42,3333,max_maxdegree,2,7,1044800,7.142735050248578,153300
10,density,er_d4,5000,20233,42,3333,std_binary,2,8,1432500,0,0
10,density,er_d4,5000,20233,42,3333,degree4,2,9,2085800,0,532300
10,density,er_d4,5000,20233,42,3333,degree4,3,0,1814800,0,532300
10,density,er_d4,5000,20233,42,3333,std_binary,3,1,1436000,0,0
10,density,er_d4,5000,20233,42,3333,max_maxdegree,3,2,1172600,7.142735050248578,153300
10,density,er_d4,5000,20233,42,3333,selected_grid,3,3,874100,101.47278591294945,104539900
10,density,er_d4,5000,20233,42,3333,mean_ring,3,4,733300,50.736392956474724,80900
10,density,er_d4,5000,20233,42,3333,mean_degree,3,5,930600,12.538030187435064,80900
10,density,er_d4,5000,20233,42,3333,binary,3,6,2156800,0,0
10,density,er_d4,5000,20233,42,3333,mean_map,3,7,1010000,50.736392956474724,80900
10,density,er_d4,5000,20233,42,3333,caliber,3,8,1419300,0,137400
10,density,er_d4,5000,20233,42,3333,fourary,3,9,1417200,0,0
10,density,er_d4,5000,20233,42,3333,std_binary,4,0,1492600,0,0
10,density,er_d4,5000,20233,42,3333,mean_ring,4,1,759100,50.736392956474724,80900
10,density,er_d4,5000,20233,42,3333,max_maxdegree,4,2,1181500,7.142735050248578,153300
10,density,er_d4,5000,20233,42,3333,mean_map,4,3,1059000,50.736392956474724,80900
10,density,er_d4,5000,20233,42,3333,fourary,4,4,1547400,0,0
10,density,er_d4,5000,20233,42,3333,caliber,4,5,1219800,0,137400
10,density,er_d4,5000,20233,42,3333,binary,4,6,1358600,0,0
10,density,er_d4,5000,20233,42,3333,degree4,4,7,1624200,0,532300
10,density,er_d4,5000,20233,42,3333,selected_grid,4,8,719800,101.47278591294945,104539900
10,density,er_d4,5000,20233,42,3333,mean_degree,4,9,847900,12.538030187435064,80900
10,density,er_d4,5000,20233,42,3333,mean_degree,5,0,1035600,12.538030187435064,80900
10,density,er_d4,5000,20233,42,3333,selected_grid,5,1,898700,101.47278591294945,104539900
10,density,er_d4,5000,20233,42,3333,degree4,5,2,1779400,0,532300
10,density,er_d4,5000,20233,42,3333,binary,5,3,1649700,0,0
10,density,er_d4,5000,20233,42,3333,caliber,5,4,1564200,0,137400
10,density,er_d4,5000,20233,42,3333,fourary,5,5,1766400,0,0
10,density,er_d4,5000,20233,42,3333,mean_map,5,6,1041000,50.736392956474724,80900
10,density,er_d4,5000,20233,42,3333,max_maxdegree,5,7,1058600,7.142735050248578,153300
10,density,er_d4,5000,20233,42,3333,mean_ring,5,8,692200,50.736392956474724,80900
10,density,er_d4,5000,20233,42,3333,std_binary,5,9,1320200,0,0
10,density,er_d4,5000,20233,42,3333,fourary,6,0,2073200,0,0
10,density,er_d4,5000,20233,42,3333,selected_grid,6,1,974500,101.47278591294945,104539900
10,density,er_d4,5000,20233,42,3333,caliber,6,2,1403100,0,137400
10,density,er_d4,5000,20233,42,3333,binary,6,3,1323300,0,0
10,density,er_d4,5000,20233,42,3333,std_binary,6,4,1628400,0,0
10,density,er_d4,5000,20233,42,3333,mean_map,6,5,970400,50.736392956474724,80900
10,density,er_d4,5000,20233,42,3333,mean_degree,6,6,1122500,12.538030187435064,80900
10,density,er_d4,5000,20233,42,3333,mean_ring,6,7,1014500,50.736392956474724,80900
10,density,er_d4,5000,20233,42,3333,degree4,6,8,2555400,0,532300
10,density,er_d4,5000,20233,42,3333,max_maxdegree,6,9,1697000,7.142735050248578,153300
10,density,er_d4,5000,20233,42,3333,max_maxdegree,7,0,1051000,7.142735050248578,153300
10,density,er_d4,5000,20233,42,3333,degree4,7,1,1703600,0,532300
10,density,er_d4,5000,20233,42,3333,mean_ring,7,2,803700,50.736392956474724,80900
10,density,er_d4,5000,20233,42,3333,mean_degree,7,3,917500,12.538030187435064,80900
10,density,er_d4,5000,20233,42,3333,mean_map,7,4,897200,50.736392956474724,80900
10,density,er_d4,5000,20233,42,3333,std_binary,7,5,1774500,0,0
10,density,er_d4,5000,20233,42,3333,binary,7,6,1434700,0,0
10,density,er_d4,5000,20233,42,3333,caliber,7,7,1395700,0,137400
10,density,er_d4,5000,20233,42,3333,selected_grid,7,8,694700,101.47278591294945,104539900
10,density,er_d4,5000,20233,42,3333,fourary,7,9,1353400,0,0
11,calibration,er_d8,5000,40122,42,0,grid_0.75,0,0,2068200,37.883102030767354,91400
11,calibration,er_d8,5000,40122,42,0,grid_1,0,1,6654200,50.510802707689805,91400
11,calibration,er_d8,5000,40122,42,0,grid_0.1,0,2,2020700,5.051080270768981,91400
11,calibration,er_d8,5000,40122,42,0,grid_2,0,3,1458300,101.02160541537961,91400
11,calibration,er_d8,5000,40122,42,0,grid_16,0,4,1754900,808.1728433230369,91400
11,calibration,er_d8,5000,40122,42,0,grid_0.25,0,5,1571200,12.627700676922451,91400
11,calibration,er_d8,5000,40122,42,0,grid_0.5,0,6,1492700,25.255401353844903,91400
11,calibration,er_d8,5000,40122,42,0,grid_0.03125,0,7,1915700,1.5784625846153064,91400
11,calibration,er_d8,5000,40122,42,0,grid_1.5,0,8,1428900,75.76620406153471,91400
11,calibration,er_d8,5000,40122,42,0,grid_4,0,9,1888200,202.04321083075922,91400
11,calibration,er_d8,5000,40122,42,0,grid_8,0,10,2184400,404.08642166151844,91400
11,calibration,er_d8,5000,40122,42,0,grid_0.05,0,11,1634400,2.5255401353844906,91400
11,calibration,er_d8,5000,40122,42,0,grid_0.05,1,0,1559900,2.5255401353844906,91400
11,calibration,er_d8,5000,40122,42,0,grid_8,1,1,1939400,404.08642166151844,91400
11,calibration,er_d8,5000,40122,42,0,grid_4,1,2,1786300,202.04321083075922,91400
11,calibration,er_d8,5000,40122,42,0,grid_1.5,1,3,1609200,75.76620406153471,91400
11,calibration,er_d8,5000,40122,42,0,grid_0.03125,1,4,1715700,1.5784625846153064,91400
11,calibration,er_d8,5000,40122,42,0,grid_0.5,1,5,2075300,25.255401353844903,91400
11,calibration,er_d8,5000,40122,42,0,grid_0.25,1,6,1608700,12.627700676922451,91400
11,calibration,er_d8,5000,40122,42,0,grid_16,1,7,2006900,808.1728433230369,91400
11,calibration,er_d8,5000,40122,42,0,grid_2,1,8,1371100,101.02160541537961,91400
11,calibration,er_d8,5000,40122,42,0,grid_0.1,1,9,1479200,5.051080270768981,91400
11,calibration,er_d8,5000,40122,42,0,grid_1,1,10,1197600,50.510802707689805,91400
11,calibration,er_d8,5000,40122,42,0,grid_0.75,1,11,1102700,37.883102030767354,91400
11,calibration,er_d8,5000,40122,42,0,grid_1,2,0,1430600,50.510802707689805,91400
11,calibration,er_d8,5000,40122,42,0,grid_0.75,2,1,1281300,37.883102030767354,91400
11,calibration,er_d8,5000,40122,42,0,grid_1.5,2,2,1364600,75.76620406153471,91400
11,calibration,er_d8,5000,40122,42,0,grid_4,2,3,1552200,202.04321083075922,91400
11,calibration,er_d8,5000,40122,42,0,grid_0.03125,2,4,1543000,1.5784625846153064,91400
11,calibration,er_d8,5000,40122,42,0,grid_0.05,2,5,1435800,2.5255401353844906,91400
11,calibration,er_d8,5000,40122,42,0,grid_0.25,2,6,1216200,12.627700676922451,91400
11,calibration,er_d8,5000,40122,42,0,grid_16,2,7,1518000,808.1728433230369,91400
11,calibration,er_d8,5000,40122,42,0,grid_0.1,2,8,1603200,5.051080270768981,91400
11,calibration,er_d8,5000,40122,42,0,grid_0.5,2,9,1299800,25.255401353844903,91400
11,calibration,er_d8,5000,40122,42,0,grid_8,2,10,1648300,404.08642166151844,91400
11,calibration,er_d8,5000,40122,42,0,grid_2,2,11,1143400,101.02160541537961,91400
11,calibration,er_d8,5000,40122,42,0,grid_2,3,0,1007800,101.02160541537961,91400
11,calibration,er_d8,5000,40122,42,0,grid_8,3,1,1952700,404.08642166151844,91400
11,calibration,er_d8,5000,40122,42,0,grid_0.5,3,2,1174500,25.255401353844903,91400
11,calibration,er_d8,5000,40122,42,0,grid_0.1,3,3,1301400,5.051080270768981,91400
11,calibration,er_d8,5000,40122,42,0,grid_16,3,4,2438800,808.1728433230369,91400
11,calibration,er_d8,5000,40122,42,0,grid_0.25,3,5,1470400,12.627700676922451,91400
11,calibration,er_d8,5000,40122,42,0,grid_0.05,3,6,1789100,2.5255401353844906,91400
11,calibration,er_d8,5000,40122,42,0,grid_0.03125,3,7,1860300,1.5784625846153064,91400
11,calibration,er_d8,5000,40122,42,0,grid_4,3,8,2041400,202.04321083075922,91400
11,calibration,er_d8,5000,40122,42,0,grid_1.5,3,9,1500100,75.76620406153471,91400
11,calibration,er_d8,5000,40122,42,0,grid_0.75,3,10,1387400,37.883102030767354,91400
11,calibration,er_d8,5000,40122,42,0,grid_1,3,11,1544900,50.510802707689805,91400
11,calibration,er_d8,5000,40122,42,0,grid_0.03125,4,0,1800300,1.5784625846153064,91400
11,calibration,er_d8,5000,40122,42,0,grid_0.1,4,1,1510200,5.051080270768981,91400
11,calibration,er_d8,5000,40122,42,0,grid_4,4,2,1487000,202.04321083075922,91400
11,calibration,er_d8,5000,40122,42,0,grid_2,4,3,1623400,101.02160541537961,91400
11,calibration,er_d8,5000,40122,42,0,grid_0.5,4,4,1352600,25.255401353844903,91400
11,calibration,er_d8,5000,40122,42,0,grid_8,4,5,1514200,404.08642166151844,91400
11,calibration,er_d8,5000,40122,42,0,grid_0.05,4,6,1477300,2.5255401353844906,91400
11,calibration,er_d8,5000,40122,42,0,grid_0.75,4,7,1194700,37.883102030767354,91400
11,calibration,er_d8,5000,40122,42,0,grid_1.5,4,8,1402800,75.76620406153471,91400
11,calibration,er_d8,5000,40122,42,0,grid_0.25,4,9,1413100,12.627700676922451,91400
11,calibration,er_d8,5000,40122,42,0,grid_16,4,10,1581900,808.1728433230369,91400
11,calibration,er_d8,5000,40122,42,0,grid_1,4,11,1096700,50.510802707689805,91400
11,calibration,er_d8,5000,40122,42,0,grid_1,5,0,1766800,50.510802707689805,91400
11,calibration,er_d8,5000,40122,42,0,grid_16,5,1,1815900,808.1728433230369,91400
11,calibration,er_d8,5000,40122,42,0,grid_0.25,5,2,1342000,12.627700676922451,91400
11,calibration,er_d8,5000,40122,42,0,grid_1.5,5,3,1438500,75.76620406153471,91400
11,calibration,er_d8,5000,40122,42,0,grid_0.75,5,4,1318600,37.883102030767354,91400
11,calibration,er_d8,5000,40122,42,0,grid_0.05,5,5,1776100,2.5255401353844906,91400
11,calibration,er_d8,5000,40122,42,0,grid_8,5,6,1548500,404.08642166151844,91400
11,calibration,er_d8,5000,40122,42,0,grid_0.5,5,7,1347400,25.255401353844903,91400
11,calibration,er_d8,5000,40122,42,0,grid_2,5,8,1208200,101.02160541537961,91400
11,calibration,er_d8,5000,40122,42,0,grid_4,5,9,1519000,202.04321083075922,91400
11,calibration,er_d8,5000,40122,42,0,grid_0.1,5,10,1489500,5.051080270768981,91400
11,calibration,er_d8,5000,40122,42,0,grid_0.03125,5,11,1435000,1.5784625846153064,91400
11,density,er_d8,5000,40122,42,1666,mean_ring,0,0,1104500,50.510802707689805,91400
11,density,er_d8,5000,40122,42,1666,fourary,0,1,2294900,0,0
11,density,er_d8,5000,40122,42,1666,mean_degree,0,2,1621900,6.294651650925902,91400
11,density,er_d8,5000,40122,42,1666,caliber,0,3,1803100,0,192600
11,density,er_d8,5000,40122,42,1666,selected_grid,0,4,1148500,101.02160541537961,118667300
11,density,er_d8,5000,40122,42,1666,mean_map,0,5,2254300,50.510802707689805,91400
11,density,er_d8,5000,40122,42,1666,std_binary,0,6,2604300,0,0
11,density,er_d8,5000,40122,42,1666,max_maxdegree,0,7,1579400,5.2630679317621105,185000
11,density,er_d8,5000,40122,42,1666,binary,0,8,2417100,0,0
11,density,er_d8,5000,40122,42,1666,degree4,0,9,2407000,0,767400
11,density,er_d8,5000,40122,42,1666,degree4,1,0,2466200,0,767400
11,density,er_d8,5000,40122,42,1666,binary,1,1,2030400,0,0
11,density,er_d8,5000,40122,42,1666,max_maxdegree,1,2,1315600,5.2630679317621105,185000
11,density,er_d8,5000,40122,42,1666,std_binary,1,3,1988700,0,0
11,density,er_d8,5000,40122,42,1666,mean_map,1,4,1113600,50.510802707689805,91400
11,density,er_d8,5000,40122,42,1666,selected_grid,1,5,1267900,101.02160541537961,118667300
11,density,er_d8,5000,40122,42,1666,caliber,1,6,2008700,0,192600
11,density,er_d8,5000,40122,42,1666,mean_degree,1,7,1241400,6.294651650925902,91400
11,density,er_d8,5000,40122,42,1666,fourary,1,8,1987600,0,0
11,density,er_d8,5000,40122,42,1666,mean_ring,1,9,1082900,50.510802707689805,91400
11,density,er_d8,5000,40122,42,1666,fourary,2,0,2376000,0,0
11,density,er_d8,5000,40122,42,1666,max_maxdegree,2,1,1443500,5.2630679317621105,185000
11,density,er_d8,5000,40122,42,1666,mean_ring,2,2,1151500,50.510802707689805,91400
11,density,er_d8,5000,40122,42,1666,selected_grid,2,3,1660300,101.02160541537961,118667300
11,density,er_d8,5000,40122,42,1666,mean_map,2,4,1499200,50.510802707689805,91400
11,density,er_d8,5000,40122,42,1666,degree4,2,5,2654900,0,767400
11,density,er_d8,5000,40122,42,1666,mean_degree,2,6,1237800,6.294651650925902,91400
11,density,er_d8,5000,40122,42,1666,binary,2,7,1999600,0,0
11,density,er_d8,5000,40122,42,1666,std_binary,2,8,2008500,0,0
11,density,er_d8,5000,40122,42,1666,caliber,2,9,1999100,0,192600
11,density,er_d8,5000,40122,42,1666,caliber,3,0,1915100,0,192600
11,density,er_d8,5000,40122,42,1666,std_binary,3,1,2766700,0,0
11,density,er_d8,5000,40122,42,1666,binary,3,2,1982600,0,0
11,density,er_d8,5000,40122,42,1666,mean_degree,3,3,1253000,6.294651650925902,91400
11,density,er_d8,5000,40122,42,1666,degree4,3,4,2146400,0,767400
11,density,er_d8,5000,40122,42,1666,mean_map,3,5,1053300,50.510802707689805,91400
11,density,er_d8,5000,40122,42,1666,selected_grid,3,6,1166000,101.02160541537961,118667300
11,density,er_d8,5000,40122,42,1666,mean_ring,3,7,1195200,50.510802707689805,91400
11,density,er_d8,5000,40122,42,1666,max_maxdegree,3,8,1317300,5.2630679317621105,185000
11,density,er_d8,5000,40122,42,1666,fourary,3,9,2173700,0,0
11,density,er_d8,5000,40122,42,1666,selected_grid,4,0,1236100,101.02160541537961,118667300
11,density,er_d8,5000,40122,42,1666,binary,4,1,1973300,0,0
11,density,er_d8,5000,40122,42,1666,std_binary,4,2,3069300,0,0
11,density,er_d8,5000,40122,42,1666,mean_degree,4,3,1548200,6.294651650925902,91400
11,density,er_d8,5000,40122,42,1666,mean_ring,4,4,1109000,50.510802707689805,91400
11,density,er_d8,5000,40122,42,1666,fourary,4,5,2295500,0,0
11,density,er_d8,5000,40122,42,1666,max_maxdegree,4,6,1362100,5.2630679317621105,185000
11,density,er_d8,5000,40122,42,1666,degree4,4,7,2702600,0,767400
11,density,er_d8,5000,40122,42,1666,mean_map,4,8,1639700,50.510802707689805,91400
11,density,er_d8,5000,40122,42,1666,caliber,4,9,1892100,0,192600
11,density,er_d8,5000,40122,42,1666,caliber,5,0,1741200,0,192600
11,density,er_d8,5000,40122,42,1666,mean_map,5,1,1399200,50.510802707689805,91400
11,density,er_d8,5000,40122,42,1666,degree4,5,2,1991000,0,767400
11,density,er_d8,5000,40122,42,1666,max_maxdegree,5,3,1199700,5.2630679317621105,185000
11,density,er_d8,5000,40122,42,1666,fourary,5,4,2076600,0,0
11,density,er_d8,5000,40122,42,1666,mean_ring,5,5,962900,50.510802707689805,91400
11,density,er_d8,5000,40122,42,1666,mean_degree,5,6,1199300,6.294651650925902,91400
11,density,er_d8,5000,40122,42,1666,std_binary,5,7,1906500,0,0
11,density,er_d8,5000,40122,42,1666,binary,5,8,1914300,0,0
11,density,er_d8,5000,40122,42,1666,selected_grid,5,9,1106500,101.02160541537961,118667300
11,density,er_d8,5000,40122,42,1666,caliber,6,0,1715200,0,192600
11,density,er_d8,5000,40122,42,1666,fourary,6,1,2538800,0,0
11,density,er_d8,5000,40122,42,1666,std_binary,6,2,2055700,0,0
11,density,er_d8,5000,40122,42,1666,selected_grid,6,3,1501200,101.02160541537961,118667300
11,density,er_d8,5000,40122,42,1666,mean_ring,6,4,1138700,50.510802707689805,91400
11,density,er_d8,5000,40122,42,1666,degree4,6,5,2097200,0,767400
11,density,er_d8,5000,40122,42,1666,mean_map,6,6,1110000,50.510802707689805,91400
11,density,er_d8,5000,40122,42,1666,binary,6,7,2118900,0,0
11,density,er_d8,5000,40122,42,1666,mean_degree,6,8,1167800,6.294651650925902,91400
11,density,er_d8,5000,40122,42,1666,max_maxdegree,6,9,1151500,5.2630679317621105,185000
11,density,er_d8,5000,40122,42,1666,max_maxdegree,7,0,1145400,5.2630679317621105,185000
11,density,er_d8,5000,40122,42,1666,mean_degree,7,1,1132400,6.294651650925902,91400
11,density,er_d8,5000,40122,42,1666,binary,7,2,2005600,0,0
11,density,er_d8,5000,40122,42,1666,mean_map,7,3,1195200,50.510802707689805,91400
11,density,er_d8,5000,40122,42,1666,degree4,7,4,1926100,0,767400
11,density,er_d8,5000,40122,42,1666,mean_ring,7,5,921000,50.510802707689805,91400
11,density,er_d8,5000,40122,42,1666,selected_grid,7,6,1094500,101.02160541537961,118667300
11,density,er_d8,5000,40122,42,1666,std_binary,7,7,1834500,0,0
11,density,er_d8,5000,40122,42,1666,fourary,7,8,1959600,0,0
11,density,er_d8,5000,40122,42,1666,caliber,7,9,1686300,0,192600
11,density,er_d8,5000,40122,42,3333,fourary,0,0,2296300,0,0
11,density,er_d8,5000,40122,42,3333,binary,0,1,3122100,0,0
11,density,er_d8,5000,40122,42,3333,mean_ring,0,2,1611300,50.510802707689805,91400
11,density,er_d8,5000,40122,42,3333,mean_map,0,3,1462500,50.510802707689805,91400
11,density,er_d8,5000,40122,42,3333,caliber,0,4,1933600,0,192600
11,density,er_d8,5000,40122,42,3333,degree4,0,5,2108200,0,767400
11,density,er_d8,5000,40122,42,3333,std_binary,0,6,2212800,0,0
11,density,er_d8,5000,40122,42,3333,max_maxdegree,0,7,1412000,5.2630679317621105,185000
11,density,er_d8,5000,40122,42,3333,mean_degree,0,8,1251700,6.294651650925902,91400
11,density,er_d8,5000,40122,42,3333,selected_grid,0,9,1056000,101.02160541537961,118667300
11,density,er_d8,5000,40122,42,3333,selected_grid,1,0,1141200,101.02160541537961,118667300
11,density,er_d8,5000,40122,42,3333,mean_degree,1,1,1175300,6.294651650925902,91400
11,density,er_d8,5000,40122,42,3333,max_maxdegree,1,2,1188600,5.2630679317621105,185000
11,density,er_d8,5000,40122,42,3333,std_binary,1,3,1910800,0,0
11,density,er_d8,5000,40122,42,3333,degree4,1,4,2853000,0,767400
11,density,er_d8,5000,40122,42,3333,caliber,1,5,1767100,0,192600
11,density,er_d8,5000,40122,42,3333,mean_map,1,6,1011000,50.510802707689805,91400
11,density,er_d8,5000,40122,42,3333,mean_ring,1,7,1060600,50.510802707689805,91400
11,density,er_d8,5000,40122,42,3333,binary,1,8,2237700,0,0
11,density,er_d8,5000,40122,42,3333,fourary,1,9,1927500,0,0
11,density,er_d8,5000,40122,42,3333,fourary,2,0,2686400,0,0
11,density,er_d8,5000,40122,42,3333,caliber,2,1,2113200,0,192600
11,density,er_d8,5000,40122,42,3333,mean_map,2,2,1527600,50.510802707689805,91400
11,density,er_d8,5000,40122,42,3333,binary,2,3,2842400,0,0
11,density,er_d8,5000,40122,42,3333,mean_degree,2,4,1792000,6.294651650925902,91400
11,density,er_d8,5000,40122,42,3333,mean_ring,2,5,1288500,50.510802707689805,91400
11,density,er_d8,5000,40122,42,3333,selected_grid,2,6,1449300,101.02160541537961,118667300
11,density,er_d8,5000,40122,42,3333,max_maxdegree,2,7,1460800,5.2630679317621105,185000
11,density,er_d8,5000,40122,42,3333,std_binary,2,8,2023000,0,0
11,density,er_d8,5000,40122,42,3333,degree4,2,9,2140800,0,767400
11,density,er_d8,5000,40122,42,3333,degree4,3,0,2283900,0,767400
11,density,er_d8,5000,40122,42,3333,std_binary,3,1,2271000,0,0
11,density,er_d8,5000,40122,42,3333,max_maxdegree,3,2,1425400,5.2630679317621105,185000
11,density,er_d8,5000,40122,42,3333,selected_grid,3,3,1200800,101.02160541537961,118667300
11,density,er_d8,5000,40122,42,3333,mean_ring,3,4,1250000,50.510802707689805,91400
11,density,er_d8,5000,40122,42,3333,mean_degree,3,5,1549000,6.294651650925902,91400
11,density,er_d8,5000,40122,42,3333,binary,3,6,2425000,0,0
11,density,er_d8,5000,40122,42,3333,mean_map,3,7,1785300,50.510802707689805,91400
11,density,er_d8,5000,40122,42,3333,caliber,3,8,2813900,0,192600
11,density,er_d8,5000,40122,42,3333,fourary,3,9,2327700,0,0
11,density,er_d8,5000,40122,42,3333,std_binary,4,0,2251600,0,0
11,density,er_d8,5000,40122,42,3333,mean_ring,4,1,1648400,50.510802707689805,91400
11,density,er_d8,5000,40122,42,3333,max_maxdegree,4,2,2059200,5.2630679317621105,185000
11,density,er_d8,5000,40122,42,3333,mean_map,4,3,1634600,50.510802707689805,91400
11,density,er_d8,5000,40122,42,3333,fourary,4,4,2355600,0,0
11,density,er_d8,5000,40122,42,3333,caliber,4,5,2010100,0,192600
11,density,er_d8,5000,40122,42,3333,binary,4,6,2579200,0,0
11,density,er_d8,5000,40122,42,3333,degree4,4,7,2533500,0,767400
11,density,er_d8,5000,40122,42,3333,selected_grid,4,8,1551700,101.02160541537961,118667300
11,density,er_d8,5000,40122,42,3333,mean_degree,4,9,2378200,6.294651650925902,91400
11,density,er_d8,5000,40122,42,3333,mean_degree,5,0,1964200,6.294651650925902,91400
11,density,er_d8,5000,40122,42,3333,selected_grid,5,1,1393700,101.02160541537961,118667300
11,density,er_d8,5000,40122,42,3333,degree4,5,2,2619000,0,767400
11,density,er_d8,5000,40122,42,3333,binary,5,3,2332300,0,0
11,density,er_d8,5000,40122,42,3333,caliber,5,4,2927200,0,192600
11,density,er_d8,5000,40122,42,3333,fourary,5,5,2546200,0,0
11,density,er_d8,5000,40122,42,3333,mean_map,5,6,1320300,50.510802707689805,91400
11,density,er_d8,5000,40122,42,3333,max_maxdegree,5,7,1486200,5.2630679317621105,185000
11,density,er_d8,5000,40122,42,3333,mean_ring,5,8,1195100,50.510802707689805,91400
11,density,er_d8,5000,40122,42,3333,std_binary,5,9,2848600,0,0
11,density,er_d8,5000,40122,42,3333,fourary,6,0,2807400,0,0
11,density,er_d8,5000,40122,42,3333,selected_grid,6,1,1508700,101.02160541537961,118667300
11,density,er_d8,5000,40122,42,3333,caliber,6,2,2942800,0,192600
11,density,er_d8,5000,40122,42,3333,binary,6,3,3180800,0,0
11,density,er_d8,5000,40122,42,3333,std_binary,6,4,2460600,0,0
11,density,er_d8,5000,40122,42,3333,mean_map,6,5,2186200,50.510802707689805,91400
11,density,er_d8,5000,40122,42,3333,mean_degree,6,6,1637600,6.294651650925902,91400
11,density,er_d8,5000,40122,42,3333,mean_ring,6,7,1246300,50.510802707689805,91400
11,density,er_d8,5000,40122,42,3333,degree4,6,8,3030600,0,767400
11,density,er_d8,5000,40122,42,3333,max_maxdegree,6,9,2028800,5.2630679317621105,185000
11,density,er_d8,5000,40122,42,3333,max_maxdegree,7,0,1697600,5.2630679317621105,185000
11,density,er_d8,5000,40122,42,3333,degree4,7,1,2406200,0,767400
11,density,er_d8,5000,40122,42,3333,mean_ring,7,2,1376100,50.510802707689805,91400
11,density,er_d8,5000,40122,42,3333,mean_degree,7,3,1608000,6.294651650925902,91400
11,density,er_d8,5000,40122,42,3333,mean_map,7,4,2668500,50.510802707689805,91400
11,density,er_d8,5000,40122,42,3333,std_binary,7,5,2787200,0,0
11,density,er_d8,5000,40122,42,3333,binary,7,6,2522600,0,0
11,density,er_d8,5000,40122,42,3333,caliber,7,7,1985000,0,192600
11,density,er_d8,5000,40122,42,3333,selected_grid,7,8,1559600,101.02160541537961,118667300
11,density,er_d8,5000,40122,42,3333,fourary,7,9,2934400,0,0
12,calibration,er_d16,5000,80269,42,0,grid_0.75,0,0,1582500,37.937530668282605,111100
12,calibration,er_d16,5000,80269,42,0,grid_1,0,1,1849200,50.58337422437681,111100
12,calibration,er_d16,5000,80269,42,0,grid_0.1,0,2,1876300,5.058337422437681,111100
12,calibration,er_d16,5000,80269,42,0,grid_2,0,3,1752000,101.16674844875362,111100
12,calibration,er_d16,5000,80269,42,0,grid_16,0,4,2123800,809.333987590029,111100
12,calibration,er_d16,5000,80269,42,0,grid_0.25,0,5,1565400,12.645843556094203,111100
12,calibration,er_d16,5000,80269,42,0,grid_0.5,0,6,1459200,25.291687112188406,111100
12,calibration,er_d16,5000,80269,42,0,grid_0.03125,0,7,1887000,1.5807304445117754,111100
12,calibration,er_d16,5000,80269,42,0,grid_1.5,0,8,1750700,75.87506133656521,111100
12,calibration,er_d16,5000,80269,42,0,grid_4,0,9,3014800,202.33349689750725,111100
12,calibration,er_d16,5000,80269,42,0,grid_8,0,10,2200600,404.6669937950145,111100
12,calibration,er_d16,5000,80269,42,0,grid_0.05,0,11,1706800,2.5291687112188406,111100
12,calibration,er_d16,5000,80269,42,0,grid_0.05,1,0,1641000,2.5291687112188406,111100
12,calibration,er_d16,5000,80269,42,0,grid_8,1,1,2153900,404.6669937950145,111100
12,calibration,er_d16,5000,80269,42,0,grid_4,1,2,2377700,202.33349689750725,111100
12,calibration,er_d16,5000,80269,42,0,grid_1.5,1,3,1586200,75.87506133656521,111100
12,calibration,er_d16,5000,80269,42,0,grid_0.03125,1,4,1867500,1.5807304445117754,111100
12,calibration,er_d16,5000,80269,42,0,grid_0.5,1,5,1529600,25.291687112188406,111100
12,calibration,er_d16,5000,80269,42,0,grid_0.25,1,6,1497400,12.645843556094203,111100
12,calibration,er_d16,5000,80269,42,0,grid_16,1,7,2211300,809.333987590029,111100
12,calibration,er_d16,5000,80269,42,0,grid_2,1,8,2128200,101.16674844875362,111100
12,calibration,er_d16,5000,80269,42,0,grid_0.1,1,9,2140500,5.058337422437681,111100
12,calibration,er_d16,5000,80269,42,0,grid_1,1,10,2107800,50.58337422437681,111100
12,calibration,er_d16,5000,80269,42,0,grid_0.75,1,11,1856300,37.937530668282605,111100
12,calibration,er_d16,5000,80269,42,0,grid_1,2,0,2131400,50.58337422437681,111100
12,calibration,er_d16,5000,80269,42,0,grid_0.75,2,1,1770300,37.937530668282605,111100
12,calibration,er_d16,5000,80269,42,0,grid_1.5,2,2,2448600,75.87506133656521,111100
12,calibration,er_d16,5000,80269,42,0,grid_4,2,3,2236200,202.33349689750725,111100
12,calibration,er_d16,5000,80269,42,0,grid_0.03125,2,4,1848200,1.5807304445117754,111100
12,calibration,er_d16,5000,80269,42,0,grid_0.05,2,5,1680800,2.5291687112188406,111100
12,calibration,er_d16,5000,80269,42,0,grid_0.25,2,6,1723700,12.645843556094203,111100
12,calibration,er_d16,5000,80269,42,0,grid_16,2,7,2774300,809.333987590029,111100
12,calibration,er_d16,5000,80269,42,0,grid_0.1,2,8,1978500,5.058337422437681,111100
12,calibration,er_d16,5000,80269,42,0,grid_0.5,2,9,1782300,25.291687112188406,111100
12,calibration,er_d16,5000,80269,42,0,grid_8,2,10,2578300,404.6669937950145,111100
12,calibration,er_d16,5000,80269,42,0,grid_2,2,11,2141900,101.16674844875362,111100
12,calibration,er_d16,5000,80269,42,0,grid_2,3,0,2066500,101.16674844875362,111100
12,calibration,er_d16,5000,80269,42,0,grid_8,3,1,2608300,404.6669937950145,111100
12,calibration,er_d16,5000,80269,42,0,grid_0.5,3,2,1781400,25.291687112188406,111100
12,calibration,er_d16,5000,80269,42,0,grid_0.1,3,3,2034000,5.058337422437681,111100
12,calibration,er_d16,5000,80269,42,0,grid_16,3,4,2557400,809.333987590029,111100
12,calibration,er_d16,5000,80269,42,0,grid_0.25,3,5,2450800,12.645843556094203,111100
12,calibration,er_d16,5000,80269,42,0,grid_0.05,3,6,2041200,2.5291687112188406,111100
12,calibration,er_d16,5000,80269,42,0,grid_0.03125,3,7,1927000,1.5807304445117754,111100
12,calibration,er_d16,5000,80269,42,0,grid_4,3,8,2106700,202.33349689750725,111100
12,calibration,er_d16,5000,80269,42,0,grid_1.5,3,9,1582200,75.87506133656521,111100
12,calibration,er_d16,5000,80269,42,0,grid_0.75,3,10,1448800,37.937530668282605,111100
12,calibration,er_d16,5000,80269,42,0,grid_1,3,11,1542800,50.58337422437681,111100
12,calibration,er_d16,5000,80269,42,0,grid_0.03125,4,0,1686000,1.5807304445117754,111100
12,calibration,er_d16,5000,80269,42,0,grid_0.1,4,1,1549600,5.058337422437681,111100
12,calibration,er_d16,5000,80269,42,0,grid_4,4,2,2192200,202.33349689750725,111100
12,calibration,er_d16,5000,80269,42,0,grid_2,4,3,1798300,101.16674844875362,111100
12,calibration,er_d16,5000,80269,42,0,grid_0.5,4,4,1500500,25.291687112188406,111100
12,calibration,er_d16,5000,80269,42,0,grid_8,4,5,1979400,404.6669937950145,111100
12,calibration,er_d16,5000,80269,42,0,grid_0.05,4,6,1539800,2.5291687112188406,111100
12,calibration,er_d16,5000,80269,42,0,grid_0.75,4,7,1400900,37.937530668282605,111100
12,calibration,er_d16,5000,80269,42,0,grid_1.5,4,8,1451400,75.87506133656521,111100
12,calibration,er_d16,5000,80269,42,0,grid_0.25,4,9,1403400,12.645843556094203,111100
12,calibration,er_d16,5000,80269,42,0,grid_16,4,10,2005700,809.333987590029,111100
12,calibration,er_d16,5000,80269,42,0,grid_1,4,11,1599800,50.58337422437681,111100
12,calibration,er_d16,5000,80269,42,0,grid_1,5,0,2279500,50.58337422437681,111100
12,calibration,er_d16,5000,80269,42,0,grid_16,5,1,2107200,809.333987590029,111100
12,calibration,er_d16,5000,80269,42,0,grid_0.25,5,2,1420700,12.645843556094203,111100
12,calibration,er_d16,5000,80269,42,0,grid_1.5,5,3,1364500,75.87506133656521,111100
12,calibration,er_d16,5000,80269,42,0,grid_0.75,5,4,1466100,37.937530668282605,111100
12,calibration,er_d16,5000,80269,42,0,grid_0.05,5,5,1604800,2.5291687112188406,111100
12,calibration,er_d16,5000,80269,42,0,grid_8,5,6,2003000,404.6669937950145,111100
12,calibration,er_d16,5000,80269,42,0,grid_0.5,5,7,1561900,25.291687112188406,111100
12,calibration,er_d16,5000,80269,42,0,grid_2,5,8,1923100,101.16674844875362,111100
12,calibration,er_d16,5000,80269,42,0,grid_4,5,9,1979200,202.33349689750725,111100
12,calibration,er_d16,5000,80269,42,0,grid_0.1,5,10,1536000,5.058337422437681,111100
12,calibration,er_d16,5000,80269,42,0,grid_0.03125,5,11,1603400,1.5807304445117754,111100
12,density,er_d16,5000,80269,42,1666,mean_ring,0,0,1525500,50.58337422437681,111100
12,density,er_d16,5000,80269,42,1666,fourary,0,1,3242000,0,0
12,density,er_d16,5000,80269,42,1666,mean_degree,0,2,1785700,3.150866101756395,111100
12,density,er_d16,5000,80269,42,1666,caliber,0,3,2184700,0,183700
12,density,er_d16,5000,80269,42,1666,selected_grid,0,4,1390200,37.937530668282605,136697100
12,density,er_d16,5000,80269,42,1666,mean_map,0,5,1533400,50.58337422437681,111100
12,density,er_d16,5000,80269,42,1666,std_binary,0,6,2511000,0,0
12,density,er_d16,5000,80269,42,1666,max_maxdegree,0,7,1527100,2.7777732797043226,209500
12,density,er_d16,5000,80269,42,1666,binary,0,8,2503600,0,0
12,density,er_d16,5000,80269,42,1666,degree4,0,9,2486600,0,363300
12,density,er_d16,5000,80269,42,1666,degree4,1,0,2880000,0,363300
12,density,er_d16,5000,80269,42,1666,binary,1,1,2743300,0,0
12,density,er_d16,5000,80269,42,1666,max_maxdegree,1,2,1568500,2.7777732797043226,209500
12,density,er_d16,5000,80269,42,1666,std_binary,1,3,2802900,0,0
12,density,er_d16,5000,80269,42,1666,mean_map,1,4,1553600,50.58337422437681,111100
12,density,er_d16,5000,80269,42,1666,selected_grid,1,5,1272600,37.937530668282605,136697100
12,density,er_d16,5000,80269,42,1666,caliber,1,6,2855300,0,183700
12,density,er_d16,5000,80269,42,1666,mean_degree,1,7,1725900,3.150866101756395,111100
12,density,er_d16,5000,80269,42,1666,fourary,1,8,2444100,0,0
12,density,er_d16,5000,80269,42,1666,mean_ring,1,9,1622700,50.58337422437681,111100
12,density,er_d16,5000,80269,42,1666,fourary,2,0,2410900,0,0
12,density,er_d16,5000,80269,42,1666,max_maxdegree,2,1,1694100,2.7777732797043226,209500
12,density,er_d16,5000,80269,42,1666,mean_ring,2,2,1519300,50.58337422437681,111100
12,density,er_d16,5000,80269,42,1666,selected_grid,2,3,1389500,37.937530668282605,136697100
12,density,er_d16,5000,80269,42,1666,mean_map,2,4,1552100,50.58337422437681,111100
12,density,er_d16,5000,80269,42,1666,degree4,2,5,2722400,0,363300
12,density,er_d16,5000,80269,42,1666,mean_degree,2,6,1573800,3.150866101756395,111100
12,density,er_d16,5000,80269,42,1666,binary,2,7,2363600,0,0
12,density,er_d16,5000,80269,42,1666,std_binary,2,8,2438800,0,0
12,density,er_d16,5000,80269,42,1666,caliber,2,9,2228300,0,183700
12,density,er_d16,5000,80269,42,1666,caliber,3,0,2176800,0,183700
12,density,er_d16,5000,80269,42,1666,std_binary,3,1,2345000,0,0
12,density,er_d16,5000,80269,42,1666,binary,3,2,2366700,0,0
12,density,er_d16,5000,80269,42,1666,mean_degree,3,3,3439100,3.150866101756395,111100
12,density,er_d16,5000,80269,42,1666,degree4,3,4,2704800,0,363300
12,density,er_d16,5000,80269,42,1666,mean_map,3,5,1565100,50.58337422437681,111100
12,density,er_d16,5000,80269,42,1666,selected_grid,3,6,1494000,37.937530668282605,136697100
12,density,er_d16,5000,80269,42,1666,mean_ring,3,7,1448000,50.58337422437681,111100
12,density,er_d16,5000,80269,42,1666,max_maxdegree,3,8,1542900,2.7777732797043226,209500
12,density,er_d16,5000,80269,42,1666,fourary,3,9,2465100,0,0
12,density,er_d16,5000,80269,42,1666,selected_grid,4,0,1412900,37.937530668282605,136697100
12,density,er_d16,5000,80269,42,1666,binary,4,1,2448100,0,0
12,density,er_d16,5000,80269,42,1666,std_binary,4,2,2413200,0,0
12,density,er_d16,5000,80269,42,1666,mean_degree,4,3,1626400,3.150866101756395,111100
12,density,er_d16,5000,80269,42,1666,mean_ring,4,4,1481000,50.58337422437681,111100
12,density,er_d16,5000,80269,42,1666,fourary,4,5,2840600,0,0
12,density,er_d16,5000,80269,42,1666,max_maxdegree,4,6,1660800,2.7777732797043226,209500
12,density,er_d16,5000,80269,42,1666,degree4,4,7,2595300,0,363300
12,density,er_d16,5000,80269,42,1666,mean_map,4,8,2027600,50.58337422437681,111100
12,density,er_d16,5000,80269,42,1666,caliber,4,9,3362900,0,183700
12,density,er_d16,5000,80269,42,1666,caliber,5,0,2486900,0,183700
12,density,er_d16,5000,80269,42,1666,mean_map,5,1,1607200,50.58337422437681,111100
12,density,er_d16,5000,80269,42,1666,degree4,5,2,2686700,0,363300
12,density,er_d16,5000,80269,42,1666,max_maxdegree,5,3,1563800,2.7777732797043226,209500
12,density,er_d16,5000,80269,42,1666,fourary,5,4,2445000,0,0
12,density,er_d16,5000,80269,42,1666,mean_ring,5,5,1583300,50.58337422437681,111100
12,density,er_d16,5000,80269,42,1666,mean_degree,5,6,1616600,3.150866101756395,111100
12,density,er_d16,5000,80269,42,1666,std_binary,5,7,2465800,0,0
12,density,er_d16,5000,80269,42,1666,binary,5,8,2389500,0,0
12,density,er_d16,5000,80269,42,1666,selected_grid,5,9,1720200,37.937530668282605,136697100
12,density,er_d16,5000,80269,42,1666,caliber,6,0,2347600,0,183700
12,density,er_d16,5000,80269,42,1666,fourary,6,1,2593600,0,0
12,density,er_d16,5000,80269,42,1666,std_binary,6,2,2387900,0,0
12,density,er_d16,5000,80269,42,1666,selected_grid,6,3,1843900,37.937530668282605,136697100
12,density,er_d16,5000,80269,42,1666,mean_ring,6,4,1938900,50.58337422437681,111100
12,density,er_d16,5000,80269,42,1666,degree4,6,5,2873400,0,363300
12,density,er_d16,5000,80269,42,1666,mean_map,6,6,1604400,50.58337422437681,111100
12,density,er_d16,5000,80269,42,1666,binary,6,7,2406000,0,0
12,density,er_d16,5000,80269,42,1666,mean_degree,6,8,1558100,3.150866101756395,111100
12,density,er_d16,5000,80269,42,1666,max_maxdegree,6,9,1532400,2.7777732797043226,209500
12,density,er_d16,5000,80269,42,1666,max_maxdegree,7,0,1553400,2.7777732797043226,209500
12,density,er_d16,5000,80269,42,1666,mean_degree,7,1,1934000,3.150866101756395,111100
12,density,er_d16,5000,80269,42,1666,binary,7,2,2706000,0,0
12,density,er_d16,5000,80269,42,1666,mean_map,7,3,1542500,50.58337422437681,111100
12,density,er_d16,5000,80269,42,1666,degree4,7,4,2547400,0,363300
12,density,er_d16,5000,80269,42,1666,mean_ring,7,5,1492500,50.58337422437681,111100
12,density,er_d16,5000,80269,42,1666,selected_grid,7,6,1290800,37.937530668282605,136697100
12,density,er_d16,5000,80269,42,1666,std_binary,7,7,2440100,0,0
12,density,er_d16,5000,80269,42,1666,fourary,7,8,2407500,0,0
12,density,er_d16,5000,80269,42,1666,caliber,7,9,2821500,0,183700
12,density,er_d16,5000,80269,42,3333,fourary,0,0,2622700,0,0
12,density,er_d16,5000,80269,42,3333,binary,0,1,2557500,0,0
12,density,er_d16,5000,80269,42,3333,mean_ring,0,2,1414800,50.58337422437681,111100
12,density,er_d16,5000,80269,42,3333,mean_map,0,3,1555900,50.58337422437681,111100
12,density,er_d16,5000,80269,42,3333,caliber,0,4,2744000,0,183700
12,density,er_d16,5000,80269,42,3333,degree4,0,5,2862000,0,363300
12,density,er_d16,5000,80269,42,3333,std_binary,0,6,2683700,0,0
12,density,er_d16,5000,80269,42,3333,max_maxdegree,0,7,1839300,2.7777732797043226,209500
12,density,er_d16,5000,80269,42,3333,mean_degree,0,8,1622100,3.150866101756395,111100
12,density,er_d16,5000,80269,42,3333,selected_grid,0,9,2291600,37.937530668282605,136697100
12,density,er_d16,5000,80269,42,3333,selected_grid,1,0,1831100,37.937530668282605,136697100
12,density,er_d16,5000,80269,42,3333,mean_degree,1,1,1651600,3.150866101756395,111100
12,density,er_d16,5000,80269,42,3333,max_maxdegree,1,2,1719700,2.7777732797043226,209500
12,density,er_d16,5000,80269,42,3333,std_binary,1,3,2997200,0,0
12,density,er_d16,5000,80269,42,3333,degree4,1,4,2767800,0,363300
12,density,er_d16,5000,80269,42,3333,caliber,1,5,2559900,0,183700
12,density,er_d16,5000,80269,42,3333,mean_map,1,6,1528100,50.58337422437681,111100
12,density,er_d16,5000,80269,42,3333,mean_ring,1,7,1433000,50.58337422437681,111100
12,density,er_d16,5000,80269,42,3333,binary,1,8,2722500,0,0
12,density,er_d16,5000,80269,42,3333,fourary,1,9,2570300,0,0
12,density,er_d16,5000,80269,42,3333,fourary,2,0,2513300,0,0
12,density,er_d16,5000,80269,42,3333,caliber,2,1,2543300,0,183700
12,density,er_d16,5000,80269,42,3333,mean_map,2,2,1577000,50.58337422437681,111100
12,density,er_d16,5000,80269,42,3333,binary,2,3,2896100,0,0
12,density,er_d16,5000,80269,42,3333,mean_degree,2,4,2204200,3.150866101756395,111100
12,density,er_d16,5000,80269,42,3333,mean_ring,2,5,1388700,50.58337422437681,111100
12,density,er_d16,5000,80269,42,3333,selected_grid,2,6,1774200,37.937530668282605,136697100
12,density,er_d16,5000,80269,42,3333,max_maxdegree,2,7,1721700,2.7777732797043226,209500
12,density,er_d16,5000,80269,42,3333,std_binary,2,8,2565200,0,0
12,density,er_d16,5000,80269,42,3333,degree4,2,9,2591800,0,363300
12,density,er_d16,5000,80269,42,3333,degree4,3,0,2605000,0,363300
12,density,er_d16,5000,80269,42,3333,std_binary,3,1,2558600,0,0
12,density,er_d16,5000,80269,42,3333,max_maxdegree,3,2,1622200,2.7777732797043226,209500
12,density,er_d16,5000,80269,42,3333,selected_grid,3,3,1516400,37.937530668282605,136697100
12,density,er_d16,5000,80269,42,3333,mean_ring,3,4,1385400,50.58337422437681,111100
12,density,er_d16,5000,80269,42,3333,mean_degree,3,5,1655000,3.150866101756395,111100
12,density,er_d16,5000,80269,42,3333,binary,3,6,2680100,0,0
12,density,er_d16,5000,80269,42,3333,mean_map,3,7,1416100,50.58337422437681,111100
12,density,er_d16,5000,80269,42,3333,caliber,3,8,2410200,0,183700
12,density,er_d16,5000,80269,42,3333,fourary,3,9,2583100,0,0
12,density,er_d16,5000,80269,42,3333,std_binary,4,0,3258800,0,0
12,density,er_d16,5000,80269,42,3333,mean_ring,4,1,1416100,50.58337422437681,111100
12,density,er_d16,5000,80269,42,3333,max_maxdegree,4,2,1585300,2.7777732797043226,209500
12,density,er_d16,5000,80269,42,3333,mean_map,4,3,1356400,50.58337422437681,111100
12,density,er_d16,5000,80269,42,3333,fourary,4,4,2531300,0,0
12,density,er_d16,5000,80269,42,3333,caliber,4,5,2371500,0,183700
12,density,er_d16,5000,80269,42,3333,binary,4,6,2363200,0,0
12,density,er_d16,5000,80269,42,3333,degree4,4,7,2458300,0,363300
12,density,er_d16,5000,80269,42,3333,selected_grid,4,8,1395000,37.937530668282605,136697100
12,density,er_d16,5000,80269,42,3333,mean_degree,4,9,1667000,3.150866101756395,111100
12,density,er_d16,5000,80269,42,3333,mean_degree,5,0,1635100,3.150866101756395,111100
12,density,er_d16,5000,80269,42,3333,selected_grid,5,1,1505200,37.937530668282605,136697100
12,density,er_d16,5000,80269,42,3333,degree4,5,2,2347300,0,363300
12,density,er_d16,5000,80269,42,3333,binary,5,3,2362200,0,0
12,density,er_d16,5000,80269,42,3333,caliber,5,4,2149600,0,183700
12,density,er_d16,5000,80269,42,3333,fourary,5,5,2361900,0,0
12,density,er_d16,5000,80269,42,3333,mean_map,5,6,1906100,50.58337422437681,111100
12,density,er_d16,5000,80269,42,3333,max_maxdegree,5,7,1532100,2.7777732797043226,209500
12,density,er_d16,5000,80269,42,3333,mean_ring,5,8,1336800,50.58337422437681,111100
12,density,er_d16,5000,80269,42,3333,std_binary,5,9,2288800,0,0
12,density,er_d16,5000,80269,42,3333,fourary,6,0,2383100,0,0
12,density,er_d16,5000,80269,42,3333,selected_grid,6,1,1398000,37.937530668282605,136697100
12,density,er_d16,5000,80269,42,3333,caliber,6,2,2803300,0,183700
12,density,er_d16,5000,80269,42,3333,binary,6,3,2368500,0,0
12,density,er_d16,5000,80269,42,3333,std_binary,6,4,2721300,0,0
12,density,er_d16,5000,80269,42,3333,mean_map,6,5,1429700,50.58337422437681,111100
12,density,er_d16,5000,80269,42,3333,mean_degree,6,6,1535200,3.150866101756395,111100
12,density,er_d16,5000,80269,42,3333,mean_ring,6,7,1283100,50.58337422437681,111100
12,density,er_d16,5000,80269,42,3333,degree4,6,8,2375300,0,363300
12,density,er_d16,5000,80269,42,3333,max_maxdegree,6,9,1475600,2.7777732797043226,209500
12,density,er_d16,5000,80269,42,3333,max_maxdegree,7,0,1520600,2.7777732797043226,209500
12,density,er_d16,5000,80269,42,3333,degree4,7,1,2595500,0,363300
12,density,er_d16,5000,80269,42,3333,mean_ring,7,2,1346200,50.58337422437681,111100
12,density,er_d16,5000,80269,42,3333,mean_degree,7,3,1868300,3.150866101756395,111100
12,density,er_d16,5000,80269,42,3333,mean_map,7,4,1513900,50.58337422437681,111100
12,density,er_d16,5000,80269,42,3333,std_binary,7,5,2535200,0,0
12,density,er_d16,5000,80269,42,3333,binary,7,6,2418800,0,0
12,density,er_d16,5000,80269,42,3333,caliber,7,7,2116200,0,183700
12,density,er_d16,5000,80269,42,3333,selected_grid,7,8,1395700,37.937530668282605,136697100
12,density,er_d16,5000,80269,42,3333,fourary,7,9,2266800,0,0
13,calibration,er_d32,5000,160515,42,0,grid_0.75,0,0,1791700,37.878248575949186,127100
13,calibration,er_d32,5000,160515,42,0,grid_1,0,1,1943200,50.50433143459892,127100
13,calibration,er_d32,5000,160515,42,0,grid_0.1,0,2,1914100,5.050433143459892,127100
13,calibration,er_d32,5000,160515,42,0,grid_2,0,3,2837400,101.00866286919783,127100
13,calibration,er_d32,5000,160515,42,0,grid_16,0,4,2865200,808.0693029535827,127100
13,calibration,er_d32,5000,160515,42,0,grid_0.25,0,5,1816300,12.62608285864973,127100
13,calibration,er_d32,5000,160515,42,0,grid_0.5,0,6,2431400,25.25216571729946,127100
13,calibration,er_d32,5000,160515,42,0,grid_0.03125,0,7,2884600,1.5782603573312162,127100
13,calibration,er_d32,5000,160515,42,0,grid_1.5,0,8,2778500,75.75649715189837,127100
13,calibration,er_d32,5000,160515,42,0,grid_4,0,9,2800800,202.01732573839567,127100
13,calibration,er_d32,5000,160515,42,0,grid_8,0,10,2768500,404.03465147679134,127100
13,calibration,er_d32,5000,160515,42,0,grid_0.05,0,11,1955500,2.525216571729946,127100
13,calibration,er_d32,5000,160515,42,0,grid_0.05,1,0,2057100,2.525216571729946,127100
13,calibration,er_d32,5000,160515,42,0,grid_8,1,1,2787100,404.03465147679134,127100
13,calibration,er_d32,5000,160515,42,0,grid_4,1,2,2692300,202.01732573839567,127100
13,calibration,er_d32,5000,160515,42,0,grid_1.5,1,3,2518500,75.75649715189837,127100
13,calibration,er_d32,5000,160515,42,0,grid_0.03125,1,4,2365800,1.5782603573312162,127100
13,calibration,er_d32,5000,160515,42,0,grid_0.5,1,5,1844100,25.25216571729946,127100
13,calibration,er_d32,5000,160515,42,0,grid_0.25,1,6,1720500,12.62608285864973,127100
13,calibration,er_d32,5000,160515,42,0,grid_16,1,7,2677600,808.0693029535827,127100
13,calibration,er_d32,5000,160515,42,0,grid_2,1,8,3470200,101.00866286919783,127100
13,calibration,er_d32,5000,160515,42,0,grid_0.1,1,9,1930300,5.050433143459892,127100
13,calibration,er_d32,5000,160515,42,0,grid_1,1,10,2006200,50.50433143459892,127100
13,calibration,er_d32,5000,160515,42,0,grid_0.75,1,11,1774000,37.878248575949186,127100
13,calibration,er_d32,5000,160515,42,0,grid_1,2,0,1929500,50.50433143459892,127100
13,calibration,er_d32,5000,160515,42,0,grid_0.75,2,1,1677700,37.878248575949186,127100
13,calibration,er_d32,5000,160515,42,0,grid_1.5,2,2,2495900,75.75649715189837,127100
13,calibration,er_d32,5000,160515,42,0,grid_4,2,3,2685800,202.01732573839567,127100
13,calibration,er_d32,5000,160515,42,0,grid_0.03125,2,4,1955600,1.5782603573312162,127100
13,calibration,er_d32,5000,160515,42,0,grid_0.05,2,5,1977100,2.525216571729946,127100
13,calibration,er_d32,5000,160515,42,0,grid_0.25,2,6,1717900,12.62608285864973,127100
13,calibration,er_d32,5000,160515,42,0,grid_16,2,7,2843800,808.0693029535827,127100
13,calibration,er_d32,5000,160515,42,0,grid_0.1,2,8,1919100,5.050433143459892,127100
13,calibration,er_d32,5000,160515,42,0,grid_0.5,2,9,1813500,25.25216571729946,127100
13,calibration,er_d32,5000,160515,42,0,grid_8,2,10,2654300,404.03465147679134,127100
13,calibration,er_d32,5000,160515,42,0,grid_2,2,11,3384600,101.00866286919783,127100
13,calibration,er_d32,5000,160515,42,0,grid_2,3,0,2655800,101.00866286919783,127100
13,calibration,er_d32,5000,160515,42,0,grid_8,3,1,3124300,404.03465147679134,127100
13,calibration,er_d32,5000,160515,42,0,grid_0.5,3,2,1841500,25.25216571729946,127100
13,calibration,er_d32,5000,160515,42,0,grid_0.1,3,3,2004700,5.050433143459892,127100
13,calibration,er_d32,5000,160515,42,0,grid_16,3,4,2844700,808.0693029535827,127100
13,calibration,er_d32,5000,160515,42,0,grid_0.25,3,5,1831300,12.62608285864973,127100
13,calibration,er_d32,5000,160515,42,0,grid_0.05,3,6,2065900,2.525216571729946,127100
13,calibration,er_d32,5000,160515,42,0,grid_0.03125,3,7,2054300,1.5782603573312162,127100
13,calibration,er_d32,5000,160515,42,0,grid_4,3,8,3158100,202.01732573839567,127100
13,calibration,er_d32,5000,160515,42,0,grid_1.5,3,9,2661700,75.75649715189837,127100
13,calibration,er_d32,5000,160515,42,0,grid_0.75,3,10,1761600,37.878248575949186,127100
13,calibration,er_d32,5000,160515,42,0,grid_1,3,11,1988900,50.50433143459892,127100
13,calibration,er_d32,5000,160515,42,0,grid_0.03125,4,0,1962600,1.5782603573312162,127100
13,calibration,er_d32,5000,160515,42,0,grid_0.1,4,1,2358100,5.050433143459892,127100
13,calibration,er_d32,5000,160515,42,0,grid_4,4,2,2817600,202.01732573839567,127100
13,calibration,er_d32,5000,160515,42,0,grid_2,4,3,2616700,101.00866286919783,127100
13,calibration,er_d32,5000,160515,42,0,grid_0.5,4,4,2154400,25.25216571729946,127100
13,calibration,er_d32,5000,160515,42,0,grid_8,4,5,2815000,404.03465147679134,127100
13,calibration,er_d32,5000,160515,42,0,grid_0.05,4,6,1920400,2.525216571729946,127100
13,calibration,er_d32,5000,160515,42,0,grid_0.75,4,7,1760400,37.878248575949186,127100
13,calibration,er_d32,5000,160515,42,0,grid_1.5,4,8,2528900,75.75649715189837,127100
13,calibration,er_d32,5000,160515,42,0,grid_0.25,4,9,1738000,12.62608285864973,127100
13,calibration,er_d32,5000,160515,42,0,grid_16,4,10,2778600,808.0693029535827,127100
13,calibration,er_d32,5000,160515,42,0,grid_1,4,11,2017800,50.50433143459892,127100
13,calibration,er_d32,5000,160515,42,0,grid_1,5,0,2059700,50.50433143459892,127100
13,calibration,er_d32,5000,160515,42,0,grid_16,5,1,2816500,808.0693029535827,127100
13,calibration,er_d32,5000,160515,42,0,grid_0.25,5,2,2197100,12.62608285864973,127100
13,calibration,er_d32,5000,160515,42,0,grid_1.5,5,3,3284700,75.75649715189837,127100
13,calibration,er_d32,5000,160515,42,0,grid_0.75,5,4,1767600,37.878248575949186,127100
13,calibration,er_d32,5000,160515,42,0,grid_0.05,5,5,2021700,2.525216571729946,127100
13,calibration,er_d32,5000,160515,42,0,grid_8,5,6,2851900,404.03465147679134,127100
13,calibration,er_d32,5000,160515,42,0,grid_0.5,5,7,2751900,25.25216571729946,127100
13,calibration,er_d32,5000,160515,42,0,grid_2,5,8,2661700,101.00866286919783,127100
13,calibration,er_d32,5000,160515,42,0,grid_4,5,9,2676800,202.01732573839567,127100
13,calibration,er_d32,5000,160515,42,0,grid_0.1,5,10,1961300,5.050433143459892,127100
13,calibration,er_d32,5000,160515,42,0,grid_0.03125,5,11,2487200,1.5782603573312162,127100
13,density,er_d32,5000,160515,42,1666,mean_ring,0,0,2140800,50.50433143459892,127100
13,density,er_d32,5000,160515,42,1666,fourary,0,1,2646200,0,0
13,density,er_d32,5000,160515,42,1666,mean_degree,0,2,2021700,1.573196630676227,127100
13,density,er_d32,5000,160515,42,1666,caliber,0,3,2631100,0,271500
13,density,er_d32,5000,160515,42,1666,selected_grid,0,4,1867400,37.878248575949186,169224200
13,density,er_d32,5000,160515,42,1666,mean_map,0,5,2111300,50.50433143459892,127100
13,density,er_d32,5000,160515,42,1666,std_binary,0,6,2667700,0,0
13,density,er_d32,5000,160515,42,1666,max_maxdegree,0,7,1978100,1.8867893975350116,224300
13,density,er_d32,5000,160515,42,1666,binary,0,8,2824300,0,0
13,density,er_d32,5000,160515,42,1666,degree4,0,9,2736500,0,301900
13,density,er_d32,5000,160515,42,1666,degree4,1,0,3220600,0,301900
13,density,er_d32,5000,160515,42,1666,binary,1,1,2843000,0,0
13,density,er_d32,5000,160515,42,1666,max_maxdegree,1,2,2023900,1.8867893975350116,224300
13,density,er_d32,5000,160515,42,1666,std_binary,1,3,2696900,0,0
13,density,er_d32,5000,160515,42,1666,mean_map,1,4,2495400,50.50433143459892,127100
13,density,er_d32,5000,160515,42,1666,selected_grid,1,5,1929600,37.878248575949186,169224200
13,density,er_d32,5000,160515,42,1666,caliber,1,6,2929200,0,271500
13,density,er_d32,5000,160515,42,1666,mean_degree,1,7,2012600,1.573196630676227,127100
13,density,er_d32,5000,160515,42,1666,fourary,1,8,2624300,0,0
13,density,er_d32,5000,160515,42,1666,mean_ring,1,9,2122700,50.50433143459892,127100
13,density,er_d32,5000,160515,42,1666,fourary,2,0,2750800,0,0
13,density,er_d32,5000,160515,42,1666,max_maxdegree,2,1,1972300,1.8867893975350116,224300
13,density,er_d32,5000,160515,42,1666,mean_ring,2,2,2119800,50.50433143459892,127100
13,density,er_d32,5000,160515,42,1666,selected_grid,2,3,1774500,37.878248575949186,169224200
13,density,er_d32,5000,160515,42,1666,mean_map,2,4,2781600,50.50433143459892,127100
13,density,er_d32,5000,160515,42,1666,degree4,2,5,2845500,0,301900
13,density,er_d32,5000,160515,42,1666,mean_degree,2,6,1971200,1.573196630676227,127100
13,density,er_d32,5000,160515,42,1666,binary,2,7,2814800,0,0
13,density,er_d32,5000,160515,42,1666,std_binary,2,8,2851600,0,0
13,density,er_d32,5000,160515,42,1666,caliber,2,9,3125800,0,271500
13,density,er_d32,5000,160515,42,1666,caliber,3,0,3096500,0,271500
13,density,er_d32,5000,160515,42,1666,std_binary,3,1,3067500,0,0
13,density,er_d32,5000,160515,42,1666,binary,3,2,2899300,0,0
13,density,er_d32,5000,160515,42,1666,mean_degree,3,3,2118300,1.573196630676227,127100
13,density,er_d32,5000,160515,42,1666,degree4,3,4,2815500,0,301900
13,density,er_d32,5000,160515,42,1666,mean_map,3,5,2338500,50.50433143459892,127100
13,density,er_d32,5000,160515,42,1666,selected_grid,3,6,2397500,37.878248575949186,169224200
13,density,er_d32,5000,160515,42,1666,mean_ring,3,7,2220800,50.50433143459892,127100
13,density,er_d32,5000,160515,42,1666,max_maxdegree,3,8,1989500,1.8867893975350116,224300
13,density,er_d32,5000,160515,42,1666,fourary,3,9,2824800,0,0
13,density,er_d32,5000,160515,42,1666,selected_grid,4,0,1940700,37.878248575949186,169224200
13,density,er_d32,5000,160515,42,1666,binary,4,1,2826000,0,0
13,density,er_d32,5000,160515,42,1666,std_binary,4,2,3062300,0,0
13,density,er_d32,5000,160515,42,1666,mean_degree,4,3,2164900,1.573196630676227,127100
13,density,er_d32,5000,160515,42,1666,mean_ring,4,4,2201600,50.50433143459892,127100
13,density,er_d32,5000,160515,42,1666,fourary,4,5,2844700,0,0
13,density,er_d32,5000,160515,42,1666,max_maxdegree,4,6,1955200,1.8867893975350116,224300
13,density,er_d32,5000,160515,42,1666,degree4,4,7,2893600,0,301900
13,density,er_d32,5000,160515,42,1666,mean_map,4,8,2339700,50.50433143459892,127100
13,density,er_d32,5000,160515,42,1666,caliber,4,9,3308200,0,271500
13,density,er_d32,5000,160515,42,1666,caliber,5,0,3044600,0,271500
13,density,er_d32,5000,160515,42,1666,mean_map,5,1,2458800,50.50433143459892,127100
13,density,er_d32,5000,160515,42,1666,degree4,5,2,2951900,0,301900
13,density,er_d32,5000,160515,42,1666,max_maxdegree,5,3,2454200,1.8867893975350116,224300
13,density,er_d32,5000,160515,42,1666,fourary,5,4,3677800,0,0
13,density,er_d32,5000,160515,42,1666,mean_ring,5,5,2503700,50.50433143459892,127100
13,density,er_d32,5000,160515,42,1666,mean_degree,5,6,2230000,1.573196630676227,127100
13,density,er_d32,5000,160515,42,1666,std_binary,5,7,3322300,0,0
13,density,er_d32,5000,160515,42,1666,binary,5,8,2964200,0,0
13,density,er_d32,5000,160515,42,1666,selected_grid,5,9,2139100,37.878248575949186,169224200
13,density,er_d32,5000,160515,42,1666,caliber,6,0,2875800,0,271500
13,density,er_d32,5000,160515,42,1666,fourary,6,1,3480300,0,0
13,density,er_d32,5000,160515,42,1666,std_binary,6,2,3127500,0,0
13,density,er_d32,5000,160515,42,1666,selected_grid,6,3,2060900,37.878248575949186,169224200
13,density,er_d32,5000,160515,42,1666,mean_ring,6,4,2555500,50.50433143459892,127100
13,density,er_d32,5000,160515,42,1666,degree4,6,5,3367800,0,301900
13,density,er_d32,5000,160515,42,1666,mean_map,6,6,2524400,50.50433143459892,127100
13,density,er_d32,5000,160515,42,1666,binary,6,7,2982700,0,0
13,density,er_d32,5000,160515,42,1666,mean_degree,6,8,2279300,1.573196630676227,127100
13,density,er_d32,5000,160515,42,1666,max_maxdegree,6,9,2053600,1.8867893975350116,224300
13,density,er_d32,5000,160515,42,1666,max_maxdegree,7,0,2019900,1.8867893975350116,224300
13,density,er_d32,5000,160515,42,1666,mean_degree,7,1,2159300,1.573196630676227,127100
13,density,er_d32,5000,160515,42,1666,binary,7,2,2860100,0,0
13,density,er_d32,5000,160515,42,1666,mean_map,7,3,2348800,50.50433143459892,127100
13,density,er_d32,5000,160515,42,1666,degree4,7,4,3493400,0,301900
13,density,er_d32,5000,160515,42,1666,mean_ring,7,5,2351200,50.50433143459892,127100
13,density,er_d32,5000,160515,42,1666,selected_grid,7,6,1916200,37.878248575949186,169224200
13,density,er_d32,5000,160515,42,1666,std_binary,7,7,2927400,0,0
13,density,er_d32,5000,160515,42,1666,fourary,7,8,2932900,0,0
13,density,er_d32,5000,160515,42,1666,caliber,7,9,2811300,0,271500
13,density,er_d32,5000,160515,42,3333,fourary,0,0,3016100,0,0
13,density,er_d32,5000,160515,42,3333,binary,0,1,3046500,0,0
13,density,er_d32,5000,160515,42,3333,mean_ring,0,2,2044700,50.50433143459892,127100
13,density,er_d32,5000,160515,42,3333,mean_map,0,3,2258600,50.50433143459892,127100
13,density,er_d32,5000,160515,42,3333,caliber,0,4,2654200,0,271500
13,density,er_d32,5000,160515,42,3333,degree4,0,5,3124700,0,301900
13,density,er_d32,5000,160515,42,3333,std_binary,0,6,2869000,0,0
13,density,er_d32,5000,160515,42,3333,max_maxdegree,0,7,1989900,1.8867893975350116,224300
13,density,er_d32,5000,160515,42,3333,mean_degree,0,8,2730100,1.573196630676227,127100
13,density,er_d32,5000,160515,42,3333,selected_grid,0,9,2194000,37.878248575949186,169224200
13,density,er_d32,5000,160515,42,3333,selected_grid,1,0,2140400,37.878248575949186,169224200
13,density,er_d32,5000,160515,42,3333,mean_degree,1,1,2922000,1.573196630676227,127100
13,density,er_d32,5000,160515,42,3333,max_maxdegree,1,2,2092100,1.8867893975350116,224300
13,density,er_d32,5000,160515,42,3333,std_binary,1,3,3049400,0,0
13,density,er_d32,5000,160515,42,3333,degree4,1,4,2952000,0,301900
13,density,er_d32,5000,160515,42,3333,caliber,1,5,2683000,0,271500
13,density,er_d32,5000,160515,42,3333,mean_map,1,6,1981000,50.50433143459892,127100
13,density,er_d32,5000,160515,42,3333,mean_ring,1,7,1874000,50.50433143459892,127100
13,density,er_d32,5000,160515,42,3333,binary,1,8,2687800,0,0
13,density,er_d32,5000,160515,42,3333,fourary,1,9,2737500,0,0
13,density,er_d32,5000,160515,42,3333,fourary,2,0,2857700,0,0
13,density,er_d32,5000,160515,42,3333,caliber,2,1,2607900,0,271500
13,density,er_d32,5000,160515,42,3333,mean_map,2,2,2009200,50.50433143459892,127100
13,density,er_d32,5000,160515,42,3333,binary,2,3,2775900,0,0
13,density,er_d32,5000,160515,42,3333,mean_degree,2,4,2598800,1.573196630676227,127100
13,density,er_d32,5000,160515,42,3333,mean_ring,2,5,1996200,50.50433143459892,127100
13,density,er_d32,5000,160515,42,3333,selected_grid,2,6,1727800,37.878248575949186,169224200
13,density,er_d32,5000,160515,42,3333,max_maxdegree,2,7,2118000,1.8867893975350116,224300
13,density,er_d32,5000,160515,42,3333,std_binary,2,8,3139300,0,0
13,density,er_d32,5000,160515,42,3333,degree4,2,9,2906700,0,301900
13,density,er_d32,5000,160515,42,3333,degree4,3,0,2764700,0,301900
13,density,er_d32,5000,160515,42,3333,std_binary,3,1,2885400,0,0
13,density,er_d32,5000,160515,42,3333,max_maxdegree,3,2,2076200,1.8867893975350116,224300
13,density,er_d32,5000,160515,42,3333,selected_grid,3,3,1728200,37.878248575949186,169224200
13,density,er_d32,5000,160515,42,3333,mean_ring,3,4,1879600,50.50433143459892,127100
13,density,er_d32,5000,160515,42,3333,mean_degree,3,5,1910500,1.573196630676227,127100
13,density,er_d32,5000,160515,42,3333,binary,3,6,2735300,0,0
13,density,er_d32,5000,160515,42,3333,mean_map,3,7,2210000,50.50433143459892,127100
13,density,er_d32,5000,160515,42,3333,caliber,3,8,3162000,0,271500
13,density,er_d32,5000,160515,42,3333,fourary,3,9,2943000,0,0
13,density,er_d32,5000,160515,42,3333,std_binary,4,0,2905600,0,0
13,density,er_d32,5000,160515,42,3333,mean_ring,4,1,2193200,50.50433143459892,127100
13,density,er_d32,5000,160515,42,3333,max_maxdegree,4,2,2038100,1.8867893975350116,224300
13,density,er_d32,5000,160515,42,3333,mean_map,4,3,2100300,50.50433143459892,127100
13,density,er_d32,5000,160515,42,3333,fourary,4,4,2887700,0,0
13,density,er_d32,5000,160515,42,3333,caliber,4,5,2598700,0,271500
13,density,er_d32,5000,160515,42,3333,binary,4,6,2930900,0,0
13,density,er_d32,5000,160515,42,3333,degree4,4,7,2851700,0,301900
13,density,er_d32,5000,160515,42,3333,selected_grid,4,8,1710800,37.878248575949186,169224200
13,density,er_d32,5000,160515,42,3333,mean_degree,4,9,1973400,1.573196630676227,127100
13,density,er_d32,5000,160515,42,3333,mean_degree,5,0,1955600,1.573196630676227,127100
13,density,er_d32,5000,160515,42,3333,selected_grid,5,1,1603800,37.878248575949186,169224200
13,density,er_d32,5000,160515,42,3333,degree4,5,2,3150600,0,301900
13,density,er_d32,5000,160515,42,3333,binary,5,3,2703700,0,0
13,density,er_d32,5000,160515,42,3333,caliber,5,4,2595500,0,271500
13,density,er_d32,5000,160515,42,3333,fourary,5,5,2747800,0,0
13,density,er_d32,5000,160515,42,3333,mean_map,5,6,1943400,50.50433143459892,127100
13,density,er_d32,5000,160515,42,3333,max_maxdegree,5,7,2255700,1.8867893975350116,224300
13,density,er_d32,5000,160515,42,3333,mean_ring,5,8,1960000,50.50433143459892,127100
13,density,er_d32,5000,160515,42,3333,std_binary,5,9,2867900,0,0
13,density,er_d32,5000,160515,42,3333,fourary,6,0,2664300,0,0
13,density,er_d32,5000,160515,42,3333,selected_grid,6,1,1699500,37.878248575949186,169224200
13,density,er_d32,5000,160515,42,3333,caliber,6,2,2522300,0,271500
13,density,er_d32,5000,160515,42,3333,binary,6,3,2692900,0,0
13,density,er_d32,5000,160515,42,3333,std_binary,6,4,2994800,0,0
13,density,er_d32,5000,160515,42,3333,mean_map,6,5,2483400,50.50433143459892,127100
13,density,er_d32,5000,160515,42,3333,mean_degree,6,6,2146800,1.573196630676227,127100
13,density,er_d32,5000,160515,42,3333,mean_ring,6,7,2080900,50.50433143459892,127100
13,density,er_d32,5000,160515,42,3333,degree4,6,8,3453900,0,301900
13,density,er_d32,5000,160515,42,3333,max_maxdegree,6,9,2361100,1.8867893975350116,224300
13,density,er_d32,5000,160515,42,3333,max_maxdegree,7,0,1962300,1.8867893975350116,224300
13,density,er_d32,5000,160515,42,3333,degree4,7,1,3013900,0,301900
13,density,er_d32,5000,160515,42,3333,mean_ring,7,2,2042500,50.50433143459892,127100
13,density,er_d32,5000,160515,42,3333,mean_degree,7,3,2353700,1.573196630676227,127100
13,density,er_d32,5000,160515,42,3333,mean_map,7,4,2232900,50.50433143459892,127100
13,density,er_d32,5000,160515,42,3333,std_binary,7,5,2776500,0,0
13,density,er_d32,5000,160515,42,3333,binary,7,6,2635600,0,0
13,density,er_d32,5000,160515,42,3333,caliber,7,7,2519800,0,271500
13,density,er_d32,5000,160515,42,3333,selected_grid,7,8,1632500,37.878248575949186,169224200
13,density,er_d32,5000,160515,42,3333,fourary,7,9,3245600,0,0
14,calibration,er_d64,5000,320252,42,0,grid_0.75,0,0,3801500,37.85753555927238,249100
14,calibration,er_d64,5000,320252,42,0,grid_1,0,1,3987700,50.47671407902984,249100
14,calibration,er_d64,5000,320252,42,0,grid_0.1,0,2,2835200,5.0476714079029845,249100
14,calibration,er_d64,5000,320252,42,0,grid_2,0,3,4750600,100.95342815805968,249100
14,calibration,er_d64,5000,320252,42,0,grid_16,0,4,4807500,807.6274252644774,249100
14,calibration,er_d64,5000,320252,42,0,grid_0.25,0,5,2737800,12.61917851975746,249100
14,calibration,er_d64,5000,320252,42,0,grid_0.5,0,6,3717000,25.23835703951492,249100
14,calibration,er_d64,5000,320252,42,0,grid_0.03125,0,7,3312200,1.5773973149696825,249100
14,calibration,er_d64,5000,320252,42,0,grid_1.5,0,8,4359900,75.71507111854476,249100
14,calibration,er_d64,5000,320252,42,0,grid_4,0,9,5593300,201.90685631611936,249100
14,calibration,er_d64,5000,320252,42,0,grid_8,0,10,5560400,403.8137126322387,249100
14,calibration,er_d64,5000,320252,42,0,grid_0.05,0,11,3066800,2.5238357039514923,249100
14,calibration,er_d64,5000,320252,42,0,grid_0.05,1,0,3030900,2.5238357039514923,249100
14,calibration,er_d64,5000,320252,42,0,grid_8,1,1,5751300,403.8137126322387,249100
14,calibration,er_d64,5000,320252,42,0,grid_4,1,2,5222100,201.90685631611936,249100
14,calibration,er_d64,5000,320252,42,0,grid_1.5,1,3,4442500,75.71507111854476,249100
14,calibration,er_d64,5000,320252,42,0,grid_0.03125,1,4,3103900,1.5773973149696825,249100
14,calibration,er_d64,5000,320252,42,0,grid_0.5,1,5,3068000,25.23835703951492,249100
14,calibration,er_d64,5000,320252,42,0,grid_0.25,1,6,2812200,12.61917851975746,249100
14,calibration,er_d64,5000,320252,42,0,grid_16,1,7,4591200,807.6274252644774,249100
14,calibration,er_d64,5000,320252,42,0,grid_2,1,8,4747800,100.95342815805968,249100
14,calibration,er_d64,5000,320252,42,0,grid_0.1,1,9,2840600,5.0476714079029845,249100
14,calibration,er_d64,5000,320252,42,0,grid_1,1,10,4081000,50.47671407902984,249100
14,calibration,er_d64,5000,320252,42,0,grid_0.75,1,11,3788800,37.85753555927238,249100
14,calibration,er_d64,5000,320252,42,0,grid_1,2,0,4072000,50.47671407902984,249100
14,calibration,er_d64,5000,320252,42,0,grid_0.75,2,1,3810600,37.85753555927238,249100
14,calibration,er_d64,5000,320252,42,0,grid_1.5,2,2,4183800,75.71507111854476,249100
14,calibration,er_d64,5000,320252,42,0,grid_4,2,3,4783700,201.90685631611936,249100
14,calibration,er_d64,5000,320252,42,0,grid_0.03125,2,4,3249400,1.5773973149696825,249100
14,calibration,er_d64,5000,320252,42,0,grid_0.05,2,5,3112500,2.5238357039514923,249100
14,calibration,er_d64,5000,320252,42,0,grid_0.25,2,6,2714200,12.61917851975746,249100
14,calibration,er_d64,5000,320252,42,0,grid_16,2,7,5436600,807.6274252644774,249100
14,calibration,er_d64,5000,320252,42,0,grid_0.1,2,8,2964000,5.0476714079029845,249100
14,calibration,er_d64,5000,320252,42,0,grid_0.5,2,9,3035000,25.23835703951492,249100
14,calibration,er_d64,5000,320252,42,0,grid_8,2,10,4630000,403.8137126322387,249100
14,calibration,er_d64,5000,320252,42,0,grid_2,2,11,4510900,100.95342815805968,249100
14,calibration,er_d64,5000,320252,42,0,grid_2,3,0,4608200,100.95342815805968,249100
14,calibration,er_d64,5000,320252,42,0,grid_8,3,1,4890600,403.8137126322387,249100
14,calibration,er_d64,5000,320252,42,0,grid_0.5,3,2,2741500,25.23835703951492,249100
14,calibration,er_d64,5000,320252,42,0,grid_0.1,3,3,2769500,5.0476714079029845,249100
14,calibration,er_d64,5000,320252,42,0,grid_16,3,4,5083700,807.6274252644774,249100
14,calibration,er_d64,5000,320252,42,0,grid_0.25,3,5,2895700,12.61917851975746,249100
14,calibration,er_d64,5000,320252,42,0,grid_0.05,3,6,3132400,2.5238357039514923,249100
14,calibration,er_d64,5000,320252,42,0,grid_0.03125,3,7,3241900,1.5773973149696825,249100
14,calibration,er_d64,5000,320252,42,0,grid_4,3,8,5766800,201.90685631611936,249100
14,calibration,er_d64,5000,320252,42,0,grid_1.5,3,9,4527100,75.71507111854476,249100
14,calibration,er_d64,5000,320252,42,0,grid_0.75,3,10,3774600,37.85753555927238,249100
14,calibration,er_d64,5000,320252,42,0,grid_1,3,11,4047900,50.47671407902984,249100
14,calibration,er_d64,5000,320252,42,0,grid_0.03125,4,0,3783700,1.5773973149696825,249100
14,calibration,er_d64,5000,320252,42,0,grid_0.1,4,1,2898300,5.0476714079029845,249100
14,calibration,er_d64,5000,320252,42,0,grid_4,4,2,4458000,201.90685631611936,249100
14,calibration,er_d64,5000,320252,42,0,grid_2,4,3,4149700,100.95342815805968,249100
14,calibration,er_d64,5000,320252,42,0,grid_0.5,4,4,2758200,25.23835703951492,249100
14,calibration,er_d64,5000,320252,42,0,grid_8,4,5,4595500,403.8137126322387,249100
14,calibration,er_d64,5000,320252,42,0,grid_0.05,4,6,2895900,2.5238357039514923,249100
14,calibration,er_d64,5000,320252,42,0,grid_0.75,4,7,3546500,37.85753555927238,249100
14,calibration,er_d64,5000,320252,42,0,grid_1.5,4,8,3990500,75.71507111854476,249100
14,calibration,er_d64,5000,320252,42,0,grid_0.25,4,9,3499600,12.61917851975746,249100
14,calibration,er_d64,5000,320252,42,0,grid_16,4,10,4515100,807.6274252644774,249100
14,calibration,er_d64,5000,320252,42,0,grid_1,4,11,3936400,50.47671407902984,249100
14,calibration,er_d64,5000,320252,42,0,grid_1,5,0,4193000,50.47671407902984,249100
14,calibration,er_d64,5000,320252,42,0,grid_16,5,1,5746000,807.6274252644774,249100
14,calibration,er_d64,5000,320252,42,0,grid_0.25,5,2,2626700,12.61917851975746,249100
14,calibration,er_d64,5000,320252,42,0,grid_1.5,5,3,4590400,75.71507111854476,249100
14,calibration,er_d64,5000,320252,42,0,grid_0.75,5,4,3702400,37.85753555927238,249100
14,calibration,er_d64,5000,320252,42,0,grid_0.05,5,5,4239800,2.5238357039514923,249100
14,calibration,er_d64,5000,320252,42,0,grid_8,5,6,6159700,403.8137126322387,249100
14,calibration,er_d64,5000,320252,42,0,grid_0.5,5,7,3032100,25.23835703951492,249100
14,calibration,er_d64,5000,320252,42,0,grid_2,5,8,4525200,100.95342815805968,249100
14,calibration,er_d64,5000,320252,42,0,grid_4,5,9,4929200,201.90685631611936,249100
14,calibration,er_d64,5000,320252,42,0,grid_0.1,5,10,3027400,5.0476714079029845,249100
14,calibration,er_d64,5000,320252,42,0,grid_0.03125,5,11,3257800,1.5773973149696825,249100
14,density,er_d64,5000,320252,42,1666,mean_ring,0,0,3849900,50.47671407902984,249100
14,density,er_d64,5000,320252,42,1666,fourary,0,1,3545500,0,0
14,density,er_d64,5000,320252,42,1666,mean_degree,0,2,3355000,0.7880780460235977,249100
14,density,er_d64,5000,320252,42,1666,caliber,0,3,3872500,0,410700
14,density,er_d64,5000,320252,42,1666,selected_grid,0,4,2785200,12.61917851975746,285940800
14,density,er_d64,5000,320252,42,1666,mean_map,0,5,4029700,50.47671407902984,249100
14,density,er_d64,5000,320252,42,1666,std_binary,0,6,4045000,0,0
14,density,er_d64,5000,320252,42,1666,max_maxdegree,0,7,4083600,1.063828064567613,356000
14,density,er_d64,5000,320252,42,1666,binary,0,8,3615500,0,0
14,density,er_d64,5000,320252,42,1666,degree4,0,9,3620000,0,402800
14,density,er_d64,5000,320252,42,1666,degree4,1,0,3692100,0,402800
14,density,er_d64,5000,320252,42,1666,binary,1,1,3551200,0,0
14,density,er_d64,5000,320252,42,1666,max_maxdegree,1,2,3344100,1.063828064567613,356000
14,density,er_d64,5000,320252,42,1666,std_binary,1,3,4549600,0,0
14,density,er_d64,5000,320252,42,1666,mean_map,1,4,4540700,50.47671407902984,249100
14,density,er_d64,5000,320252,42,1666,selected_grid,1,5,3413800,12.61917851975746,285940800
14,density,er_d64,5000,320252,42,1666,caliber,1,6,3596600,0,410700
14,density,er_d64,5000,320252,42,1666,mean_degree,1,7,3475400,0.7880780460235977,249100
14,density,er_d64,5000,320252,42,1666,fourary,1,8,3789700,0,0
14,density,er_d64,5000,320252,42,1666,mean_ring,1,9,4151700,50.47671407902984,249100
14,density,er_d64,5000,320252,42,1666,fourary,2,0,3571200,0,0
14,density,er_d64,5000,320252,42,1666,max_maxdegree,2,1,3490100,1.063828064567613,356000
14,density,er_d64,5000,320252,42,1666,mean_ring,2,2,4681000,50.47671407902984,249100
14,density,er_d64,5000,320252,42,1666,selected_grid,2,3,2913300,12.61917851975746,285940800
14,density,er_d64,5000,320252,42,1666,mean_map,2,4,4634200,50.47671407902984,249100
14,density,er_d64,5000,320252,42,1666,degree4,2,5,4172400,0,402800
14,density,er_d64,5000,320252,42,1666,mean_degree,2,6,3225500,0.7880780460235977,249100
14,density,er_d64,5000,320252,42,1666,binary,2,7,4017700,0,0
14,density,er_d64,5000,320252,42,1666,std_binary,2,8,3940900,0,0
14,density,er_d64,5000,320252,42,1666,caliber,2,9,3665800,0,410700
14,density,er_d64,5000,320252,42,1666,caliber,3,0,3712000,0,410700
14,density,er_d64,5000,320252,42,1666,std_binary,3,1,4300900,0,0
14,density,er_d64,5000,320252,42,1666,binary,3,2,5698400,0,0
14,density,er_d64,5000,320252,42,1666,mean_degree,3,3,3687600,0.7880780460235977,249100
14,density,er_d64,5000,320252,42,1666,degree4,3,4,4241700,0,402800
14,density,er_d64,5000,320252,42,1666,mean_map,3,5,4877900,50.47671407902984,249100
14,density,er_d64,5000,320252,42,1666,selected_grid,3,6,2721200,12.61917851975746,285940800
14,density,er_d64,5000,320252,42,1666,mean_ring,3,7,4184600,50.47671407902984,249100
14,density,er_d64,5000,320252,42,1666,max_maxdegree,3,8,3274600,1.063828064567613,356000
14,density,er_d64,5000,320252,42,1666,fourary,3,9,4024500,0,0
14,density,er_d64,5000,320252,42,1666,selected_grid,4,0,2820800,12.61917851975746,285940800
14,density,er_d64,5000,320252,42,1666,binary,4,1,4308300,0,0
14,density,er_d64,5000,320252,42,1666,std_binary,4,2,4044600,0,0
14,density,er_d64,5000,320252,42,1666,mean_degree,4,3,3610300,0.7880780460235977,249100
14,density,er_d64,5000,320252,42,1666,mean_ring,4,4,4876700,50.47671407902984,249100
14,density,er_d64,5000,320252,42,1666,fourary,4,5,3808000,0,0
14,density,er_d64,5000,320252,42,1666,max_maxdegree,4,6,3546400,1.063828064567613,356000
14,density,er_d64,5000,320252,42,1666,degree4,4,7,3975600,0,402800
14,density,er_d64,5000,320252,42,1666,mean_map,4,8,4467400,50.47671407902984,249100
14,density,er_d64,5000,320252,42,1666,caliber,4,9,4219500,0,410700
14,density,er_d64,5000,320252,42,1666,caliber,5,0,4537500,0,410700
14,density,er_d64,5000,320252,42,1666,mean_map,5,1,4370000,50.47671407902984,249100
14,density,er_d64,5000,320252,42,1666,degree4,5,2,3555300,0,402800
14,density,er_d64,5000,320252,42,1666,max_maxdegree,5,3,3201800,1.063828064567613,356000
14,density,er_d64,5000,320252,42,1666,fourary,5,4,3617800,0,0
14,density,er_d64,5000,320252,42,1666,mean_ring,5,5,4048400,50.47671407902984,249100
14,density,er_d64,5000,320252,42,1666,mean_degree,5,6,3370300,0.7880780460235977,249100
14,density,er_d64,5000,320252,42,1666,std_binary,5,7,4554900,0,0
14,density,er_d64,5000,320252,42,1666,binary,5,8,4129100,0,0
14,density,er_d64,5000,320252,42,1666,selected_grid,5,9,3184800,12.61917851975746,285940800
14,density,er_d64,5000,320252,42,1666,caliber,6,0,3452900,0,410700
14,density,er_d64,5000,320252,42,1666,fourary,6,1,3913600,0,0
14,density,er_d64,5000,320252,42,1666,std_binary,6,2,4032400,0,0
14,density,er_d64,5000,320252,42,1666,selected_grid,6,3,2779900,12.61917851975746,285940800
14,density,er_d64,5000,320252,42,1666,mean_ring,6,4,3939800,50.47671407902984,249100
14,density,er_d64,5000,320252,42,1666,degree4,6,5,3548000,0,402800
14,density,er_d64,5000,320252,42,1666,mean_map,6,6,4750600,50.47671407902984,249100
14,density,er_d64,5000,320252,42,1666,binary,6,7,4797400,0,0
14,density,er_d64,5000,320252,42,1666,mean_degree,6,8,3897700,0.7880780460235977,249100
14,density,er_d64,5000,320252,42,1666,max_maxdegree,6,9,3122200,1.063828064567613,356000
14,density,er_d64,5000,320252,42,1666,max_maxdegree,7,0,3112400,1.063828064567613,356000
14,density,er_d64,5000,320252,42,1666,mean_degree,7,1,3035900,0.7880780460235977,249100
14,density,er_d64,5000,320252,42,1666,binary,7,2,3947700,0,0
14,density,er_d64,5000,320252,42,1666,mean_map,7,3,4484900,50.47671407902984,249100
14,density,er_d64,5000,320252,42,1666,degree4,7,4,4207500,0,402800
14,density,er_d64,5000,320252,42,1666,mean_ring,7,5,4252400,50.47671407902984,249100
14,density,er_d64,5000,320252,42,1666,selected_grid,7,6,2813600,12.61917851975746,285940800
14,density,er_d64,5000,320252,42,1666,std_binary,7,7,3956900,0,0
14,density,er_d64,5000,320252,42,1666,fourary,7,8,3880200,0,0
14,density,er_d64,5000,320252,42,1666,caliber,7,9,3496000,0,410700
14,density,er_d64,5000,320252,42,3333,fourary,0,0,4125600,0,0
14,density,er_d64,5000,320252,42,3333,binary,0,1,3661900,0,0
14,density,er_d64,5000,320252,42,3333,mean_ring,0,2,4514100,50.47671407902984,249100
14,density,er_d64,5000,320252,42,3333,mean_map,0,3,4115200,50.47671407902984,249100
14,density,er_d64,5000,320252,42,3333,caliber,0,4,3484300,0,410700
14,density,er_d64,5000,320252,42,3333,degree4,0,5,4468100,0,402800
14,density,er_d64,5000,320252,42,3333,std_binary,0,6,3895600,0,0
14,density,er_d64,5000,320252,42,3333,max_maxdegree,0,7,3067100,1.063828064567613,356000
14,density,er_d64,5000,320252,42,3333,mean_degree,0,8,3668500,0.7880780460235977,249100
14,density,er_d64,5000,320252,42,3333,selected_grid,0,9,3149700,12.61917851975746,285940800
14,density,er_d64,5000,320252,42,3333,selected_grid,1,0,2890800,12.61917851975746,285940800
14,density,er_d64,5000,320252,42,3333,mean_degree,1,1,3255200,0.7880780460235977,249100
14,density,er_d64,5000,320252,42,3333,max_maxdegree,1,2,3183000,1.063828064567613,356000
14,density,er_d64,5000,320252,42,3333,std_binary,1,3,3857600,0,0
14,density,er_d64,5000,320252,42,3333,degree4,1,4,3788100,0,402800
14,density,er_d64,5000,320252,42,3333,caliber,1,5,3751700,0,410700
14,density,er_d64,5000,320252,42,3333,mean_map,1,6,4266300,50.47671407902984,249100
14,density,er_d64,5000,320252,42,3333,mean_ring,1,7,4474800,50.47671407902984,249100
14,density,er_d64,5000,320252,42,3333,binary,1,8,3605100,0,0
14,density,er_d64,5000,320252,42,3333,fourary,1,9,3748000,0,0
14,density,er_d64,5000,320252,42,3333,fourary,2,0,3711500,0,0
14,density,er_d64,5000,320252,42,3333,caliber,2,1,3544700,0,410700
14,density,er_d64,5000,320252,42,3333,mean_map,2,2,4685000,50.47671407902984,249100
14,density,er_d64,5000,320252,42,3333,binary,2,3,3445800,0,0
14,density,er_d64,5000,320252,42,3333,mean_degree,2,4,3325300,0.7880780460235977,249100
14,density,er_d64,5000,320252,42,3333,mean_ring,2,5,4005800,50.47671407902984,249100
14,density,er_d64,5000,320252,42,3333,selected_grid,2,6,3317600,12.61917851975746,285940800
14,density,er_d64,5000,320252,42,3333,max_maxdegree,2,7,3317300,1.063828064567613,356000
14,density,er_d64,5000,320252,42,3333,std_binary,2,8,3861500,0,0
14,density,er_d64,5000,320252,42,3333,degree4,2,9,3728900,0,402800
14,density,er_d64,5000,320252,42,3333,degree4,3,0,3473700,0,402800
14,density,er_d64,5000,320252,42,3333,std_binary,3,1,4095200,0,0
14,density,er_d64,5000,320252,42,3333,max_maxdegree,3,2,3301000,1.063828064567613,356000
14,density,er_d64,5000,320252,42,3333,selected_grid,3,3,3198600,12.61917851975746,285940800
14,density,er_d64,5000,320252,42,3333,mean_ring,3,4,4357600,50.47671407902984,249100
14,density,er_d64,5000,320252,42,3333,mean_degree,3,5,3678100,0.7880780460235977,249100
14,density,er_d64,5000,320252,42,3333,binary,3,6,3744100,0,0
14,density,er_d64,5000,320252,42,3333,mean_map,3,7,4202500,50.47671407902984,249100
14,density,er_d64,5000,320252,42,3333,caliber,3,8,3334800,0,410700
14,density,er_d64,5000,320252,42,3333,fourary,3,9,3652300,0,0
14,density,er_d64,5000,320252,42,3333,std_binary,4,0,3861300,0,0
14,density,er_d64,5000,320252,42,3333,mean_ring,4,1,4219300,50.47671407902984,249100
14,density,er_d64,5000,320252,42,3333,max_maxdegree,4,2,3084000,1.063828064567613,356000
14,density,er_d64,5000,320252,42,3333,mean_map,4,3,4011900,50.47671407902984,249100
14,density,er_d64,5000,320252,42,3333,fourary,4,4,4298100,0,0
14,density,er_d64,5000,320252,42,3333,caliber,4,5,3783000,0,410700
14,density,er_d64,5000,320252,42,3333,binary,4,6,3600300,0,0
14,density,er_d64,5000,320252,42,3333,degree4,4,7,3881300,0,402800
14,density,er_d64,5000,320252,42,3333,selected_grid,4,8,2964300,12.61917851975746,285940800
14,density,er_d64,5000,320252,42,3333,mean_degree,4,9,3782300,0.7880780460235977,249100
14,density,er_d64,5000,320252,42,3333,mean_degree,5,0,3240600,0.7880780460235977,249100
14,density,er_d64,5000,320252,42,3333,selected_grid,5,1,3021400,12.61917851975746,285940800
14,density,er_d64,5000,320252,42,3333,degree4,5,2,4029900,0,402800
14,density,er_d64,5000,320252,42,3333,binary,5,3,4348700,0,0
14,density,er_d64,5000,320252,42,3333,caliber,5,4,3484100,0,410700
14,density,er_d64,5000,320252,42,3333,fourary,5,5,3675200,0,0
14,density,er_d64,5000,320252,42,3333,mean_map,5,6,4945800,50.47671407902984,249100
14,density,er_d64,5000,320252,42,3333,max_maxdegree,5,7,3463100,1.063828064567613,356000
14,density,er_d64,5000,320252,42,3333,mean_ring,5,8,4106100,50.47671407902984,249100
14,density,er_d64,5000,320252,42,3333,std_binary,5,9,4069200,0,0
14,density,er_d64,5000,320252,42,3333,fourary,6,0,4324700,0,0
14,density,er_d64,5000,320252,42,3333,selected_grid,6,1,4078500,12.61917851975746,285940800
14,density,er_d64,5000,320252,42,3333,caliber,6,2,3684100,0,410700
14,density,er_d64,5000,320252,42,3333,binary,6,3,3998200,0,0
14,density,er_d64,5000,320252,42,3333,std_binary,6,4,4524000,0,0
14,density,er_d64,5000,320252,42,3333,mean_map,6,5,6117900,50.47671407902984,249100
14,density,er_d64,5000,320252,42,3333,mean_degree,6,6,3389200,0.7880780460235977,249100
14,density,er_d64,5000,320252,42,3333,mean_ring,6,7,4456100,50.47671407902984,249100
14,density,er_d64,5000,320252,42,3333,degree4,6,8,4098300,0,402800
14,density,er_d64,5000,320252,42,3333,max_maxdegree,6,9,3755400,1.063828064567613,356000
14,density,er_d64,5000,320252,42,3333,max_maxdegree,7,0,3048900,1.063828064567613,356000
14,density,er_d64,5000,320252,42,3333,degree4,7,1,3888500,0,402800
14,density,er_d64,5000,320252,42,3333,mean_ring,7,2,4539100,50.47671407902984,249100
14,density,er_d64,5000,320252,42,3333,mean_degree,7,3,3201500,0.7880780460235977,249100
14,density,er_d64,5000,320252,42,3333,mean_map,7,4,4169100,50.47671407902984,249100
14,density,er_d64,5000,320252,42,3333,std_binary,7,5,3772300,0,0
14,density,er_d64,5000,320252,42,3333,binary,7,6,3702000,0,0
14,density,er_d64,5000,320252,42,3333,caliber,7,7,4614600,0,410700
14,density,er_d64,5000,320252,42,3333,selected_grid,7,8,3095700,12.61917851975746,285940800
14,density,er_d64,5000,320252,42,3333,fourary,7,9,3666200,0,0
15,calibration,er_d128,5000,640741,42,0,grid_0.75,0,0,6438700,37.88219352587617,731300
15,calibration,er_d128,5000,640741,42,0,grid_1,0,1,6662700,50.509591367834894,731300
15,calibration,er_d128,5000,640741,42,0,grid_0.1,0,2,5042700,5.05095913678349,731300
15,calibration,er_d128,5000,640741,42,0,grid_2,0,3,7405700,101.01918273566979,731300
15,calibration,er_d128,5000,640741,42,0,grid_16,0,4,8105200,808.1534618853583,731300
15,calibration,er_d128,5000,640741,42,0,grid_0.25,0,5,5074300,12.627397841958723,731300
15,calibration,er_d128,5000,640741,42,0,grid_0.5,0,6,7634300,25.254795683917447,731300
15,calibration,er_d128,5000,640741,42,0,grid_0.03125,0,7,4986500,1.5784247302448404,731300
15,calibration,er_d128,5000,640741,42,0,grid_1.5,0,8,7358800,75.76438705175234,731300
15,calibration,er_d128,5000,640741,42,0,grid_4,0,9,8003000,202.03836547133957,731300
15,calibration,er_d128,5000,640741,42,0,grid_8,0,10,7244000,404.07673094267915,731300
15,calibration,er_d128,5000,640741,42,0,grid_0.05,0,11,5244600,2.525479568391745,731300
15,calibration,er_d128,5000,640741,42,0,grid_0.05,1,0,5514000,2.525479568391745,731300
15,calibration,er_d128,5000,640741,42,0,grid_8,1,1,7134600,404.07673094267915,731300
15,calibration,er_d128,5000,640741,42,0,grid_4,1,2,7643700,202.03836547133957,731300
15,calibration,er_d128,5000,640741,42,0,grid_1.5,1,3,7147800,75.76438705175234,731300
15,calibration,er_d128,5000,640741,42,0,grid_0.03125,1,4,4941900,1.5784247302448404,731300
15,calibration,er_d128,5000,640741,42,0,grid_0.5,1,5,6184200,25.254795683917447,731300
15,calibration,er_d128,5000,640741,42,0,grid_0.25,1,6,5171600,12.627397841958723,731300
15,calibration,er_d128,5000,640741,42,0,grid_16,1,7,8821400,808.1534618853583,731300
15,calibration,er_d128,5000,640741,42,0,grid_2,1,8,7236700,101.01918273566979,731300
15,calibration,er_d128,5000,640741,42,0,grid_0.1,1,9,4660300,5.05095913678349,731300
15,calibration,er_d128,5000,640741,42,0,grid_1,1,10,6716100,50.509591367834894,731300
15,calibration,er_d128,5000,640741,42,0,grid_0.75,1,11,6215100,37.88219352587617,731300
15,calibration,er_d128,5000,640741,42,0,grid_1,2,0,7363400,50.509591367834894,731300
15,calibration,er_d128,5000,640741,42,0,grid_0.75,2,1,6931800,37.88219352587617,731300
15,calibration,er_d128,5000,640741,42,0,grid_1.5,2,2,7491800,75.76438705175234,731300
15,calibration,er_d128,5000,640741,42,0,grid_4,2,3,7259500,202.03836547133957,731300
15,calibration,er_d128,5000,640741,42,0,grid_0.03125,2,4,4919200,1.5784247302448404,731300
15,calibration,er_d128,5000,640741,42,0,grid_0.05,2,5,4866100,2.525479568391745,731300
15,calibration,er_d128,5000,640741,42,0,grid_0.25,2,6,5896800,12.627397841958723,731300
15,calibration,er_d128,5000,640741,42,0,grid_16,2,7,7337700,808.1534618853583,731300
15,calibration,er_d128,5000,640741,42,0,grid_0.1,2,8,5069800,5.05095913678349,731300
15,calibration,er_d128,5000,640741,42,0,grid_0.5,2,9,6416800,25.254795683917447,731300
15,calibration,er_d128,5000,640741,42,0,grid_8,2,10,8920600,404.07673094267915,731300
15,calibration,er_d128,5000,640741,42,0,grid_2,2,11,9259400,101.01918273566979,731300
15,calibration,er_d128,5000,640741,42,0,grid_2,3,0,7690700,101.01918273566979,731300
15,calibration,er_d128,5000,640741,42,0,grid_8,3,1,7449300,404.07673094267915,731300
15,calibration,er_d128,5000,640741,42,0,grid_0.5,3,2,6036800,25.254795683917447,731300
15,calibration,er_d128,5000,640741,42,0,grid_0.1,3,3,5464000,5.05095913678349,731300
15,calibration,er_d128,5000,640741,42,0,grid_16,3,4,7347400,808.1534618853583,731300
15,calibration,er_d128,5000,640741,42,0,grid_0.25,3,5,5546100,12.627397841958723,731300
15,calibration,er_d128,5000,640741,42,0,grid_0.05,3,6,5098100,2.525479568391745,731300
15,calibration,er_d128,5000,640741,42,0,grid_0.03125,3,7,5504300,1.5784247302448404,731300
15,calibration,er_d128,5000,640741,42,0,grid_4,3,8,8685600,202.03836547133957,731300
15,calibration,er_d128,5000,640741,42,0,grid_1.5,3,9,7485300,75.76438705175234,731300
15,calibration,er_d128,5000,640741,42,0,grid_0.75,3,10,7295100,37.88219352587617,731300
15,calibration,er_d128,5000,640741,42,0,grid_1,3,11,7355100,50.509591367834894,731300
15,calibration,er_d128,5000,640741,42,0,grid_0.03125,4,0,5293200,1.5784247302448404,731300
15,calibration,er_d128,5000,640741,42,0,grid_0.1,4,1,6022900,5.05095913678349,731300
15,calibration,er_d128,5000,640741,42,0,grid_4,4,2,8673500,202.03836547133957,731300
15,calibration,er_d128,5000,640741,42,0,grid_2,4,3,7528700,101.01918273566979,731300
15,calibration,er_d128,5000,640741,42,0,grid_0.5,4,4,6676000,25.254795683917447,731300
15,calibration,er_d128,5000,640741,42,0,grid_8,4,5,8109400,404.07673094267915,731300
15,calibration,er_d128,5000,640741,42,0,grid_0.05,4,6,5342000,2.525479568391745,731300
15,calibration,er_d128,5000,640741,42,0,grid_0.75,4,7,6781000,37.88219352587617,731300
15,calibration,er_d128,5000,640741,42,0,grid_1.5,4,8,7798300,75.76438705175234,731300
15,calibration,er_d128,5000,640741,42,0,grid_0.25,4,9,5624200,12.627397841958723,731300
15,calibration,er_d128,5000,640741,42,0,grid_16,4,10,8153400,808.1534618853583,731300
15,calibration,er_d128,5000,640741,42,0,grid_1,4,11,7534500,50.509591367834894,731300
15,calibration,er_d128,5000,640741,42,0,grid_1,5,0,7018900,50.509591367834894,731300
15,calibration,er_d128,5000,640741,42,0,grid_16,5,1,7768800,808.1534618853583,731300
15,calibration,er_d128,5000,640741,42,0,grid_0.25,5,2,5293700,12.627397841958723,731300
15,calibration,er_d128,5000,640741,42,0,grid_1.5,5,3,8364400,75.76438705175234,731300
15,calibration,er_d128,5000,640741,42,0,grid_0.75,5,4,7476800,37.88219352587617,731300
15,calibration,er_d128,5000,640741,42,0,grid_0.05,5,5,5129000,2.525479568391745,731300
15,calibration,er_d128,5000,640741,42,0,grid_8,5,6,7637000,404.07673094267915,731300
15,calibration,er_d128,5000,640741,42,0,grid_0.5,5,7,5889100,25.254795683917447,731300
15,calibration,er_d128,5000,640741,42,0,grid_2,5,8,8197000,101.01918273566979,731300
15,calibration,er_d128,5000,640741,42,0,grid_4,5,9,7191500,202.03836547133957,731300
15,calibration,er_d128,5000,640741,42,0,grid_0.1,5,10,4750500,5.05095913678349,731300
15,calibration,er_d128,5000,640741,42,0,grid_0.03125,5,11,5328600,1.5784247302448404,731300
15,density,er_d128,5000,640741,42,1666,mean_ring,0,0,6590600,50.509591367834894,731300
15,density,er_d128,5000,640741,42,1666,fourary,0,1,4977400,0,0
15,density,er_d128,5000,640741,42,1666,mean_degree,0,2,5784200,0.3941498309600517,731300
15,density,er_d128,5000,640741,42,1666,caliber,0,3,4767100,0,1223400
15,density,er_d128,5000,640741,42,1666,selected_grid,0,4,5895300,5.05095913678349,483987100
15,density,er_d128,5000,640741,42,1666,mean_map,0,5,7147000,50.509591367834894,731300
15,density,er_d128,5000,640741,42,1666,std_binary,0,6,5212800,0,0
15,density,er_d128,5000,640741,42,1666,max_maxdegree,0,7,5371300,0.5917156083523073,825700
15,density,er_d128,5000,640741,42,1666,binary,0,8,4739700,0,0
15,density,er_d128,5000,640741,42,1666,degree4,0,9,5166800,0,474100
15,density,er_d128,5000,640741,42,1666,degree4,1,0,7224500,0,474100
15,density,er_d128,5000,640741,42,1666,binary,1,1,4856800,0,0
15,density,er_d128,5000,640741,42,1666,max_maxdegree,1,2,5442700,0.5917156083523073,825700
15,density,er_d128,5000,640741,42,1666,std_binary,1,3,5442900,0,0
15,density,er_d128,5000,640741,42,1666,mean_map,1,4,6951000,50.509591367834894,731300
15,density,er_d128,5000,640741,42,1666,selected_grid,1,5,5875800,5.05095913678349,483987100
15,density,er_d128,5000,640741,42,1666,caliber,1,6,4772000,0,1223400
15,density,er_d128,5000,640741,42,1666,mean_degree,1,7,5600800,0.3941498309600517,731300
15,density,er_d128,5000,640741,42,1666,fourary,1,8,4900700,0,0
15,density,er_d128,5000,640741,42,1666,mean_ring,1,9,7064200,50.509591367834894,731300
15,density,er_d128,5000,640741,42,1666,fourary,2,0,4704400,0,0
15,density,er_d128,5000,640741,42,1666,max_maxdegree,2,1,6024900,0.5917156083523073,825700
15,density,er_d128,5000,640741,42,1666,mean_ring,2,2,7366900,50.509591367834894,731300
15,density,er_d128,5000,640741,42,1666,selected_grid,2,3,5145700,5.05095913678349,483987100
15,density,er_d128,5000,640741,42,1666,mean_map,2,4,6747700,50.509591367834894,731300
15,density,er_d128,5000,640741,42,1666,degree4,2,5,4820700,0,474100
15,density,er_d128,5000,640741,42,1666,mean_degree,2,6,5454400,0.3941498309600517,731300
15,density,er_d128,5000,640741,42,1666,binary,2,7,5193800,0,0
15,density,er_d128,5000,640741,42,1666,std_binary,2,8,5825400,0,0
15,density,er_d128,5000,640741,42,1666,caliber,2,9,4969800,0,1223400
15,density,er_d128,5000,640741,42,1666,caliber,3,0,4637400,0,1223400
15,density,er_d128,5000,640741,42,1666,std_binary,3,1,5605200,0,0
15,density,er_d128,5000,640741,42,1666,binary,3,2,4965900,0,0
15,density,er_d128,5000,640741,42,1666,mean_degree,3,3,6170400,0.3941498309600517,731300
15,density,er_d128,5000,640741,42,1666,degree4,3,4,5184000,0,474100
15,density,er_d128,5000,640741,42,1666,mean_map,3,5,7119000,50.509591367834894,731300
15,density,er_d128,5000,640741,42,1666,selected_grid,3,6,4976900,5.05095913678349,483987100
15,density,er_d128,5000,640741,42,1666,mean_ring,3,7,6845600,50.509591367834894,731300
15,density,er_d128,5000,640741,42,1666,max_maxdegree,3,8,5229500,0.5917156083523073,825700
15,density,er_d128,5000,640741,42,1666,fourary,3,9,6267300,0,0
15,density,er_d128,5000,640741,42,1666,selected_grid,4,0,5427800,5.05095913678349,483987100
15,density,er_d128,5000,640741,42,1666,binary,4,1,5226600,0,0
15,density,er_d128,5000,640741,42,1666,std_binary,4,2,5431500,0,0
15,density,er_d128,5000,640741,42,1666,mean_degree,4,3,5511500,0.3941498309600517,731300
15,density,er_d128,5000,640741,42,1666,mean_ring,4,4,7096000,50.509591367834894,731300
15,density,er_d128,5000,640741,42,1666,fourary,4,5,5074100,0,0
15,density,er_d128,5000,640741,42,1666,max_maxdegree,4,6,6557300,0.5917156083523073,825700
15,density,er_d128,5000,640741,42,1666,degree4,4,7,5950800,0,474100
15,density,er_d128,5000,640741,42,1666,mean_map,4,8,7496200,50.509591367834894,731300
15,density,er_d128,5000,640741,42,1666,caliber,4,9,4989600,0,1223400
15,density,er_d128,5000,640741,42,1666,caliber,5,0,6042700,0,1223400
15,density,er_d128,5000,640741,42,1666,mean_map,5,1,7462900,50.509591367834894,731300
15,density,er_d128,5000,640741,42,1666,degree4,5,2,5046600,0,474100
15,density,er_d128,5000,640741,42,1666,max_maxdegree,5,3,5514000,0.5917156083523073,825700
15,density,er_d128,5000,640741,42,1666,fourary,5,4,4954200,0,0
15,density,er_d128,5000,640741,42,1666,mean_ring,5,5,7527900,50.509591367834894,731300
15,density,er_d128,5000,640741,42,1666,mean_degree,5,6,5858500,0.3941498309600517,731300
15,density,er_d128,5000,640741,42,1666,std_binary,5,7,5683400,0,0
15,density,er_d128,5000,640741,42,1666,binary,5,8,4929000,0,0
15,density,er_d128,5000,640741,42,1666,selected_grid,5,9,5313400,5.05095913678349,483987100
15,density,er_d128,5000,640741,42,1666,caliber,6,0,5310900,0,1223400
15,density,er_d128,5000,640741,42,1666,fourary,6,1,5035100,0,0
15,density,er_d128,5000,640741,42,1666,std_binary,6,2,6304300,0,0
15,density,er_d128,5000,640741,42,1666,selected_grid,6,3,5317100,5.05095913678349,483987100
15,density,er_d128,5000,640741,42,1666,mean_ring,6,4,7557100,50.509591367834894,731300
15,density,er_d128,5000,640741,42,1666,degree4,6,5,4976500,0,474100
15,density,er_d128,5000,640741,42,1666,mean_map,6,6,7094700,50.509591367834894,731300
15,density,er_d128,5000,640741,42,1666,binary,6,7,5563800,0,0
15,density,er_d128,5000,640741,42,1666,mean_degree,6,8,6973800,0.3941498309600517,731300
15,density,er_d128,5000,640741,42,1666,max_maxdegree,6,9,5502000,0.5917156083523073,825700
15,density,er_d128,5000,640741,42,1666,max_maxdegree,7,0,5746000,0.5917156083523073,825700
15,density,er_d128,5000,640741,42,1666,mean_degree,7,1,5590500,0.3941498309600517,731300
15,density,er_d128,5000,640741,42,1666,binary,7,2,5481800,0,0
15,density,er_d128,5000,640741,42,1666,mean_map,7,3,7750500,50.509591367834894,731300
15,density,er_d128,5000,640741,42,1666,degree4,7,4,4934700,0,474100
15,density,er_d128,5000,640741,42,1666,mean_ring,7,5,7560000,50.509591367834894,731300
15,density,er_d128,5000,640741,42,1666,selected_grid,7,6,5020900,5.05095913678349,483987100
15,density,er_d128,5000,640741,42,1666,std_binary,7,7,5461200,0,0
15,density,er_d128,5000,640741,42,1666,fourary,7,8,5320900,0,0
15,density,er_d128,5000,640741,42,1666,caliber,7,9,4770600,0,1223400
15,density,er_d128,5000,640741,42,3333,fourary,0,0,4935600,0,0
15,density,er_d128,5000,640741,42,3333,binary,0,1,5025400,0,0
15,density,er_d128,5000,640741,42,3333,mean_ring,0,2,7831400,50.509591367834894,731300
15,density,er_d128,5000,640741,42,3333,mean_map,0,3,7235800,50.509591367834894,731300
15,density,er_d128,5000,640741,42,3333,caliber,0,4,4680800,0,1223400
15,density,er_d128,5000,640741,42,3333,degree4,0,5,5815000,0,474100
15,density,er_d128,5000,640741,42,3333,std_binary,0,6,5723400,0,0
15,density,er_d128,5000,640741,42,3333,max_maxdegree,0,7,6537100,0.5917156083523073,825700
15,density,er_d128,5000,640741,42,3333,mean_degree,0,8,6171700,0.3941498309600517,731300
15,density,er_d128,5000,640741,42,3333,selected_grid,0,9,5828300,5.05095913678349,483987100
15,density,er_d128,5000,640741,42,3333,selected_grid,1,0,6617100,5.05095913678349,483987100
15,density,er_d128,5000,640741,42,3333,mean_degree,1,1,8498800,0.3941498309600517,731300
15,density,er_d128,5000,640741,42,3333,max_maxdegree,1,2,6117600,0.5917156083523073,825700
15,density,er_d128,5000,640741,42,3333,std_binary,1,3,5806200,0,0
15,density,er_d128,5000,640741,42,3333,degree4,1,4,5978100,0,474100
15,density,er_d128,5000,640741,42,3333,caliber,1,5,6437900,0,1223400
15,density,er_d128,5000,640741,42,3333,mean_map,1,6,8160800,50.509591367834894,731300
15,density,er_d128,5000,640741,42,3333,mean_ring,1,7,8298300,50.509591367834894,731300
15,density,er_d128,5000,640741,42,3333,binary,1,8,5336700,0,0
15,density,er_d128,5000,640741,42,3333,fourary,1,9,5110600,0,0
15,density,er_d128,5000,640741,42,3333,fourary,2,0,5729200,0,0
15,density,er_d128,5000,640741,42,3333,caliber,2,1,6248800,0,1223400
15,density,er_d128,5000,640741,42,3333,mean_map,2,2,7761000,50.509591367834894,731300
15,density,er_d128,5000,640741,42,3333,binary,2,3,5464600,0,0
15,density,er_d128,5000,640741,42,3333,mean_degree,2,4,5775700,0.3941498309600517,731300
15,density,er_d128,5000,640741,42,3333,mean_ring,2,5,7420800,50.509591367834894,731300
15,density,er_d128,5000,640741,42,3333,selected_grid,2,6,5356200,5.05095913678349,483987100
15,density,er_d128,5000,640741,42,3333,max_maxdegree,2,7,5578200,0.5917156083523073,825700
15,density,er_d128,5000,640741,42,3333,std_binary,2,8,5383600,0,0
15,density,er_d128,5000,640741,42,3333,degree4,2,9,5268300,0,474100
15,density,er_d128,5000,640741,42,3333,degree4,3,0,5624600,0,474100
15,density,er_d128,5000,640741,42,3333,std_binary,3,1,6083500,0,0
15,density,er_d128,5000,640741,42,3333,max_maxdegree,3,2,5894900,0.5917156083523073,825700
15,density,er_d128,5000,640741,42,3333,selected_grid,3,3,5316000,5.05095913678349,483987100
15,density,er_d128,5000,640741,42,3333,mean_ring,3,4,7442900,50.509591367834894,731300
15,density,er_d128,5000,640741,42,3333,mean_degree,3,5,5864400,0.3941498309600517,731300
15,density,er_d128,5000,640741,42,3333,binary,3,6,5058700,0,0
15,density,er_d128,5000,640741,42,3333,mean_map,3,7,7728200,50.509591367834894,731300
15,density,er_d128,5000,640741,42,3333,caliber,3,8,4685100,0,1223400
15,density,er_d128,5000,640741,42,3333,fourary,3,9,5101900,0,0
15,density,er_d128,5000,640741,42,3333,std_binary,4,0,5537500,0,0
15,density,er_d128,5000,640741,42,3333,mean_ring,4,1,7333700,50.509591367834894,731300
15,density,er_d128,5000,640741,42,3333,max_maxdegree,4,2,5844200,0.5917156083523073,825700
15,density,er_d128,5000,640741,42,3333,mean_map,4,3,7474500,50.509591367834894,731300
15,density,er_d128,5000,640741,42,3333,fourary,4,4,5097800,0,0
15,density,er_d128,5000,640741,42,3333,caliber,4,5,5066100,0,1223400
15,density,er_d128,5000,640741,42,3333,binary,4,6,4925200,0,0
15,density,er_d128,5000,640741,42,3333,degree4,4,7,5184500,0,474100
15,density,er_d128,5000,640741,42,3333,selected_grid,4,8,6362200,5.05095913678349,483987100
15,density,er_d128,5000,640741,42,3333,mean_degree,4,9,5619500,0.3941498309600517,731300
15,density,er_d128,5000,640741,42,3333,mean_degree,5,0,5633100,0.3941498309600517,731300
15,density,er_d128,5000,640741,42,3333,selected_grid,5,1,5146500,5.05095913678349,483987100
15,density,er_d128,5000,640741,42,3333,degree4,5,2,5983800,0,474100
15,density,er_d128,5000,640741,42,3333,binary,5,3,5293600,0,0
15,density,er_d128,5000,640741,42,3333,caliber,5,4,5563400,0,1223400
15,density,er_d128,5000,640741,42,3333,fourary,5,5,5345200,0,0
15,density,er_d128,5000,640741,42,3333,mean_map,5,6,7502700,50.509591367834894,731300
15,density,er_d128,5000,640741,42,3333,max_maxdegree,5,7,5521700,0.5917156083523073,825700
15,density,er_d128,5000,640741,42,3333,mean_ring,5,8,7416000,50.509591367834894,731300
15,density,er_d128,5000,640741,42,3333,std_binary,5,9,6025000,0,0
15,density,er_d128,5000,640741,42,3333,fourary,6,0,5368500,0,0
15,density,er_d128,5000,640741,42,3333,selected_grid,6,1,5402500,5.05095913678349,483987100
15,density,er_d128,5000,640741,42,3333,caliber,6,2,5506700,0,1223400
15,density,er_d128,5000,640741,42,3333,binary,6,3,5367900,0,0
15,density,er_d128,5000,640741,42,3333,std_binary,6,4,6159700,0,0
15,density,er_d128,5000,640741,42,3333,mean_map,6,5,7883300,50.509591367834894,731300
15,density,er_d128,5000,640741,42,3333,mean_degree,6,6,5757100,0.3941498309600517,731300
15,density,er_d128,5000,640741,42,3333,mean_ring,6,7,7096100,50.509591367834894,731300
15,density,er_d128,5000,640741,42,3333,degree4,6,8,5415600,0,474100
15,density,er_d128,5000,640741,42,3333,max_maxdegree,6,9,6038100,0.5917156083523073,825700
15,density,er_d128,5000,640741,42,3333,max_maxdegree,7,0,6536600,0.5917156083523073,825700
15,density,er_d128,5000,640741,42,3333,degree4,7,1,6042700,0,474100
15,density,er_d128,5000,640741,42,3333,mean_ring,7,2,7844400,50.509591367834894,731300
15,density,er_d128,5000,640741,42,3333,mean_degree,7,3,6227500,0.3941498309600517,731300
15,density,er_d128,5000,640741,42,3333,mean_map,7,4,7415300,50.509591367834894,731300
15,density,er_d128,5000,640741,42,3333,std_binary,7,5,5995300,0,0
15,density,er_d128,5000,640741,42,3333,binary,7,6,5764800,0,0
15,density,er_d128,5000,640741,42,3333,caliber,7,7,5235500,0,1223400
15,density,er_d128,5000,640741,42,3333,selected_grid,7,8,5775000,5.05095913678349,483987100
15,density,er_d128,5000,640741,42,3333,fourary,7,9,5384400,0,0
16,calibration,er_d256,5000,1281541,42,0,grid_0.75,0,0,13809100,37.87496539491954,1617600
16,calibration,er_d256,5000,1281541,42,0,grid_1,0,1,13720000,50.49995385989272,1617600
16,calibration,er_d256,5000,1281541,42,0,grid_0.1,0,2,9837400,5.049995385989273,1617600
16,calibration,er_d256,5000,1281541,42,0,grid_2,0,3,14513500,100.99990771978544,1617600
16,calibration,er_d256,5000,1281541,42,0,grid_16,0,4,14538000,807.9992617582835,1617600
16,calibration,er_d256,5000,1281541,42,0,grid_0.25,0,5,9128300,12.62498846497318,1617600
16,calibration,er_d256,5000,1281541,42,0,grid_0.5,0,6,13172400,25.24997692994636,1617600
16,calibration,er_d256,5000,1281541,42,0,grid_0.03125,0,7,9579300,1.5781235581216475,1617600
16,calibration,er_d256,5000,1281541,42,0,grid_1.5,0,8,13384600,75.74993078983908,1617600
16,calibration,er_d256,5000,1281541,42,0,grid_4,0,9,13230600,201.99981543957088,1617600
16,calibration,er_d256,5000,1281541,42,0,grid_8,0,10,15198000,403.99963087914176,1617600
16,calibration,er_d256,5000,1281541,42,0,grid_0.05,0,11,10855000,2.5249976929946363,1617600
16,calibration,er_d256,5000,1281541,42,0,grid_0.05,1,0,10012400,2.5249976929946363,1617600
16,calibration,er_d256,5000,1281541,42,0,grid_8,1,1,14857300,403.99963087914176,1617600
16,calibration,er_d256,5000,1281541,42,0,grid_4,1,2,13370800,201.99981543957088,1617600
16,calibration,er_d256,5000,1281541,42,0,grid_1.5,1,3,13424500,75.74993078983908,1617600
16,calibration,er_d256,5000,1281541,42,0,grid_0.03125,1,4,10127100,1.5781235581216475,1617600
16,calibration,er_d256,5000,1281541,42,0,grid_0.5,1,5,11722900,25.24997692994636,1617600
16,calibration,er_d256,5000,1281541,42,0,grid_0.25,1,6,10521000,12.62498846497318,1617600
16,calibration,er_d256,5000,1281541,42,0,grid_16,1,7,14150800,807.9992617582835,1617600
16,calibration,er_d256,5000,1281541,42,0,grid_2,1,8,14034200,100.99990771978544,1617600
16,calibration,er_d256,5000,1281541,42,0,grid_0.1,1,9,9754500,5.049995385989273,1617600
16,calibration,er_d256,5000,1281541,42,0,grid_1,1,10,13795300,50.49995385989272,1617600
16,calibration,er_d256,5000,1281541,42,0,grid_0.75,1,11,14354300,37.87496539491954,1617600
16,calibration,er_d256,5000,1281541,42,0,grid_1,2,0,13539100,50.49995385989272,1617600
16,calibration,er_d256,5000,1281541,42,0,grid_0.75,2,1,13300000,37.87496539491954,1617600
16,calibration,er_d256,5000,1281541,42,0,grid_1.5,2,2,13414800,75.74993078983908,1617600
16,calibration,er_d256,5000,1281541,42,0,grid_4,2,3,13829800,201.99981543957088,1617600
16,calibration,er_d256,5000,1281541,42,0,grid_0.03125,2,4,10653800,1.5781235581216475,1617600
16,calibration,er_d256,5000,1281541,42,0,grid_0.05,2,5,10258800,2.5249976929946363,1617600
16,calibration,er_d256,5000,1281541,42,0,grid_0.25,2,6,9048400,12.62498846497318,1617600
16,calibration,er_d256,5000,1281541,42,0,grid_16,2,7,14009100,807.9992617582835,1617600
16,calibration,er_d256,5000,1281541,42,0,grid_0.1,2,8,9715400,5.049995385989273,1617600
16,calibration,er_d256,5000,1281541,42,0,grid_0.5,2,9,12670000,25.24997692994636,1617600
16,calibration,er_d256,5000,1281541,42,0,grid_8,2,10,13324200,403.99963087914176,1617600
16,calibration,er_d256,5000,1281541,42,0,grid_2,2,11,15031700,100.99990771978544,1617600
16,calibration,er_d256,5000,1281541,42,0,grid_2,3,0,13861200,100.99990771978544,1617600
16,calibration,er_d256,5000,1281541,42,0,grid_8,3,1,13591800,403.99963087914176,1617600
16,calibration,er_d256,5000,1281541,42,0,grid_0.5,3,2,11779200,25.24997692994636,1617600
16,calibration,er_d256,5000,1281541,42,0,grid_0.1,3,3,9500000,5.049995385989273,1617600
16,calibration,er_d256,5000,1281541,42,0,grid_16,3,4,14118200,807.9992617582835,1617600
16,calibration,er_d256,5000,1281541,42,0,grid_0.25,3,5,9058400,12.62498846497318,1617600
16,calibration,er_d256,5000,1281541,42,0,grid_0.05,3,6,9288100,2.5249976929946363,1617600
16,calibration,er_d256,5000,1281541,42,0,grid_0.03125,3,7,10161900,1.5781235581216475,1617600
16,calibration,er_d256,5000,1281541,42,0,grid_4,3,8,14209700,201.99981543957088,1617600
16,calibration,er_d256,5000,1281541,42,0,grid_1.5,3,9,13877900,75.74993078983908,1617600
16,calibration,er_d256,5000,1281541,42,0,grid_0.75,3,10,12565500,37.87496539491954,1617600
16,calibration,er_d256,5000,1281541,42,0,grid_1,3,11,12565100,50.49995385989272,1617600
16,calibration,er_d256,5000,1281541,42,0,grid_0.03125,4,0,10070400,1.5781235581216475,1617600
16,calibration,er_d256,5000,1281541,42,0,grid_0.1,4,1,9378300,5.049995385989273,1617600
16,calibration,er_d256,5000,1281541,42,0,grid_4,4,2,13144200,201.99981543957088,1617600
16,calibration,er_d256,5000,1281541,42,0,grid_2,4,3,14534600,100.99990771978544,1617600
16,calibration,er_d256,5000,1281541,42,0,grid_0.5,4,4,11797300,25.24997692994636,1617600
16,calibration,er_d256,5000,1281541,42,0,grid_8,4,5,14497500,403.99963087914176,1617600
16,calibration,er_d256,5000,1281541,42,0,grid_0.05,4,6,9167100,2.5249976929946363,1617600
16,calibration,er_d256,5000,1281541,42,0,grid_0.75,4,7,12300400,37.87496539491954,1617600
16,calibration,er_d256,5000,1281541,42,0,grid_1.5,4,8,13687300,75.74993078983908,1617600
16,calibration,er_d256,5000,1281541,42,0,grid_0.25,4,9,9470500,12.62498846497318,1617600
16,calibration,er_d256,5000,1281541,42,0,grid_16,4,10,13211500,807.9992617582835,1617600
16,calibration,er_d256,5000,1281541,42,0,grid_1,4,11,12720400,50.49995385989272,1617600
16,calibration,er_d256,5000,1281541,42,0,grid_1,5,0,13411300,50.49995385989272,1617600
16,calibration,er_d256,5000,1281541,42,0,grid_16,5,1,12620100,807.9992617582835,1617600
16,calibration,er_d256,5000,1281541,42,0,grid_0.25,5,2,9236400,12.62498846497318,1617600
16,calibration,er_d256,5000,1281541,42,0,grid_1.5,5,3,13650600,75.74993078983908,1617600
16,calibration,er_d256,5000,1281541,42,0,grid_0.75,5,4,12703000,37.87496539491954,1617600
16,calibration,er_d256,5000,1281541,42,0,grid_0.05,5,5,9848800,2.5249976929946363,1617600
16,calibration,er_d256,5000,1281541,42,0,grid_8,5,6,14208700,403.99963087914176,1617600
16,calibration,er_d256,5000,1281541,42,0,grid_0.5,5,7,11293800,25.24997692994636,1617600
16,calibration,er_d256,5000,1281541,42,0,grid_2,5,8,13101400,100.99990771978544,1617600
16,calibration,er_d256,5000,1281541,42,0,grid_4,5,9,12425500,201.99981543957088,1617600
16,calibration,er_d256,5000,1281541,42,0,grid_0.1,5,10,9922500,5.049995385989273,1617600
16,calibration,er_d256,5000,1281541,42,0,grid_0.03125,5,11,9311300,1.5781235581216475,1617600
16,density,er_d256,5000,1281541,42,1666,mean_ring,0,0,13419700,50.49995385989272,1617600
16,density,er_d256,5000,1281541,42,1666,fourary,0,1,7214400,0,0
16,density,er_d256,5000,1281541,42,1666,mean_degree,0,2,9711800,0.19702824123415763,1617600
16,density,er_d256,5000,1281541,42,1666,caliber,0,3,6546300,0,2540100
16,density,er_d256,5000,1281541,42,1666,selected_grid,0,4,11250900,12.62498846497318,882272200
16,density,er_d256,5000,1281541,42,1666,mean_map,0,5,13106900,50.49995385989272,1617600
16,density,er_d256,5000,1281541,42,1666,std_binary,0,6,8027100,0,0
16,density,er_d256,5000,1281541,42,1666,max_maxdegree,0,7,10117600,0.31948861920619787,2294000
16,density,er_d256,5000,1281541,42,1666,binary,0,8,6445500,0,0
16,density,er_d256,5000,1281541,42,1666,degree4,0,9,6862000,0,774200
16,density,er_d256,5000,1281541,42,1666,degree4,1,0,6881000,0,774200
16,density,er_d256,5000,1281541,42,1666,binary,1,1,7848000,0,0
16,density,er_d256,5000,1281541,42,1666,max_maxdegree,1,2,9587000,0.31948861920619787,2294000
16,density,er_d256,5000,1281541,42,1666,std_binary,1,3,8435400,0,0
16,density,er_d256,5000,1281541,42,1666,mean_map,1,4,12981800,50.49995385989272,1617600
16,density,er_d256,5000,1281541,42,1666,selected_grid,1,5,10203500,12.62498846497318,882272200
16,density,er_d256,5000,1281541,42,1666,caliber,1,6,6588900,0,2540100
16,density,er_d256,5000,1281541,42,1666,mean_degree,1,7,9825800,0.19702824123415763,1617600
16,density,er_d256,5000,1281541,42,1666,fourary,1,8,7647200,0,0
16,density,er_d256,5000,1281541,42,1666,mean_ring,1,9,12674200,50.49995385989272,1617600
16,density,er_d256,5000,1281541,42,1666,fourary,2,0,7215100,0,0
16,density,er_d256,5000,1281541,42,1666,max_maxdegree,2,1,10276100,0.31948861920619787,2294000
16,density,er_d256,5000,1281541,42,1666,mean_ring,2,2,12353400,50.49995385989272,1617600
16,density,er_d256,5000,1281541,42,1666,selected_grid,2,3,10312200,12.62498846497318,882272200
16,density,er_d256,5000,1281541,42,1666,mean_map,2,4,13670200,50.49995385989272,1617600
16,density,er_d256,5000,1281541,42,1666,degree4,2,5,6848800,0,774200
16,density,er_d256,5000,1281541,42,1666,mean_degree,2,6,9790100,0.19702824123415763,1617600
16,density,er_d256,5000,1281541,42,1666,binary,2,7,6819000,0,0
16,density,er_d256,5000,1281541,42,1666,std_binary,2,8,8312900,0,0
16,density,er_d256,5000,1281541,42,1666,caliber,2,9,6367200,0,2540100
16,density,er_d256,5000,1281541,42,1666,caliber,3,0,6397200,0,2540100
16,density,er_d256,5000,1281541,42,1666,std_binary,3,1,7528000,0,0
16,density,er_d256,5000,1281541,42,1666,binary,3,2,6508500,0,0
16,density,er_d256,5000,1281541,42,1666,mean_degree,3,3,9691900,0.19702824123415763,1617600
16,density,er_d256,5000,1281541,42,1666,degree4,3,4,7274300,0,774200
16,density,er_d256,5000,1281541,42,1666,mean_map,3,5,12448400,50.49995385989272,1617600
16,density,er_d256,5000,1281541,42,1666,selected_grid,3,6,10387200,12.62498846497318,882272200
16,density,er_d256,5000,1281541,42,1666,mean_ring,3,7,13080100,50.49995385989272,1617600
16,density,er_d256,5000,1281541,42,1666,max_maxdegree,3,8,9655100,0.31948861920619787,2294000
16,density,er_d256,5000,1281541,42,1666,fourary,3,9,6873300,0,0
16,density,er_d256,5000,1281541,42,1666,selected_grid,4,0,10671500,12.62498846497318,882272200
16,density,er_d256,5000,1281541,42,1666,binary,4,1,6670900,0,0
16,density,er_d256,5000,1281541,42,1666,std_binary,4,2,7831800,0,0
16,density,er_d256,5000,1281541,42,1666,mean_degree,4,3,9741000,0.19702824123415763,1617600
16,density,er_d256,5000,1281541,42,1666,mean_ring,4,4,13694400,50.49995385989272,1617600
16,density,er_d256,5000,1281541,42,1666,fourary,4,5,7438100,0,0
16,density,er_d256,5000,1281541,42,1666,max_maxdegree,4,6,9458600,0.31948861920619787,2294000
16,density,er_d256,5000,1281541,42,1666,degree4,4,7,7968300,0,774200
16,density,er_d256,5000,1281541,42,1666,mean_map,4,8,13121500,50.49995385989272,1617600
16,density,er_d256,5000,1281541,42,1666,caliber,4,9,6387600,0,2540100
16,density,er_d256,5000,1281541,42,1666,caliber,5,0,6382400,0,2540100
16,density,er_d256,5000,1281541,42,1666,mean_map,5,1,13048700,50.49995385989272,1617600
16,density,er_d256,5000,1281541,42,1666,degree4,5,2,6470500,0,774200
16,density,er_d256,5000,1281541,42,1666,max_maxdegree,5,3,9486200,0.31948861920619787,2294000
16,density,er_d256,5000,1281541,42,1666,fourary,5,4,8174600,0,0
16,density,er_d256,5000,1281541,42,1666,mean_ring,5,5,12971100,50.49995385989272,1617600
16,density,er_d256,5000,1281541,42,1666,mean_degree,5,6,9423900,0.19702824123415763,1617600
16,density,er_d256,5000,1281541,42,1666,std_binary,5,7,8067300,0,0
16,density,er_d256,5000,1281541,42,1666,binary,5,8,7762500,0,0
16,density,er_d256,5000,1281541,42,1666,selected_grid,5,9,10717900,12.62498846497318,882272200
16,density,er_d256,5000,1281541,42,1666,caliber,6,0,6440400,0,2540100
16,density,er_d256,5000,1281541,42,1666,fourary,6,1,6834800,0,0
16,density,er_d256,5000,1281541,42,1666,std_binary,6,2,8135500,0,0
16,density,er_d256,5000,1281541,42,1666,selected_grid,6,3,10456400,12.62498846497318,882272200
16,density,er_d256,5000,1281541,42,1666,mean_ring,6,4,12450000,50.49995385989272,1617600
16,density,er_d256,5000,1281541,42,1666,degree4,6,5,6590600,0,774200
16,density,er_d256,5000,1281541,42,1666,mean_map,6,6,13028100,50.49995385989272,1617600
16,density,er_d256,5000,1281541,42,1666,binary,6,7,6360900,0,0
16,density,er_d256,5000,1281541,42,1666,mean_degree,6,8,10335100,0.19702824123415763,1617600
16,density,er_d256,5000,1281541,42,1666,max_maxdegree,6,9,9964100,0.31948861920619787,2294000
16,density,er_d256,5000,1281541,42,1666,max_maxdegree,7,0,10671800,0.31948861920619787,2294000
16,density,er_d256,5000,1281541,42,1666,mean_degree,7,1,9925800,0.19702824123415763,1617600
16,density,er_d256,5000,1281541,42,1666,binary,7,2,6420900,0,0
16,density,er_d256,5000,1281541,42,1666,mean_map,7,3,13520800,50.49995385989272,1617600
16,density,er_d256,5000,1281541,42,1666,degree4,7,4,7592600,0,774200
16,density,er_d256,5000,1281541,42,1666,mean_ring,7,5,13666100,50.49995385989272,1617600
16,density,er_d256,5000,1281541,42,1666,selected_grid,7,6,10367500,12.62498846497318,882272200
16,density,er_d256,5000,1281541,42,1666,std_binary,7,7,7493600,0,0
16,density,er_d256,5000,1281541,42,1666,fourary,7,8,6540000,0,0
16,density,er_d256,5000,1281541,42,1666,caliber,7,9,6350200,0,2540100
16,density,er_d256,5000,1281541,42,3333,fourary,0,0,7160400,0,0
16,density,er_d256,5000,1281541,42,3333,binary,0,1,6517300,0,0
16,density,er_d256,5000,1281541,42,3333,mean_ring,0,2,11988100,50.49995385989272,1617600
16,density,er_d256,5000,1281541,42,3333,mean_map,0,3,11552600,50.49995385989272,1617600
16,density,er_d256,5000,1281541,42,3333,caliber,0,4,6173700,0,2540100
16,density,er_d256,5000,1281541,42,3333,degree4,0,5,6767500,0,774200
16,density,er_d256,5000,1281541,42,3333,std_binary,0,6,7840600,0,0
16,density,er_d256,5000,1281541,42,3333,max_maxdegree,0,7,9659400,0.31948861920619787,2294000
16,density,er_d256,5000,1281541,42,3333,mean_degree,0,8,9485400,0.19702824123415763,1617600
16,density,er_d256,5000,1281541,42,3333,selected_grid,0,9,9415100,12.62498846497318,882272200
16,density,er_d256,5000,1281541,42,3333,selected_grid,1,0,10035600,12.62498846497318,882272200
16,density,er_d256,5000,1281541,42,3333,mean_degree,1,1,9823000,0.19702824123415763,1617600
16,density,er_d256,5000,1281541,42,3333,max_maxdegree,1,2,9489500,0.31948861920619787,2294000
16,density,er_d256,5000,1281541,42,3333,std_binary,1,3,7488000,0,0
16,density,er_d256,5000,1281541,42,3333,degree4,1,4,7121500,0,774200
16,density,er_d256,5000,1281541,42,3333,caliber,1,5,6951400,0,2540100
16,density,er_d256,5000,1281541,42,3333,mean_map,1,6,11880100,50.49995385989272,1617600
16,density,er_d256,5000,1281541,42,3333,mean_ring,1,7,11625800,50.49995385989272,1617600
16,density,er_d256,5000,1281541,42,3333,binary,1,8,6666700,0,0
16,density,er_d256,5000,1281541,42,3333,fourary,1,9,6586300,0,0
16,density,er_d256,5000,1281541,42,3333,fourary,2,0,6687900,0,0
16,density,er_d256,5000,1281541,42,3333,caliber,2,1,7036000,0,2540100
16,density,er_d256,5000,1281541,42,3333,mean_map,2,2,12857100,50.49995385989272,1617600
16,density,er_d256,5000,1281541,42,3333,binary,2,3,6229900,0,0
16,density,er_d256,5000,1281541,42,3333,mean_degree,2,4,9346000,0.19702824123415763,1617600
16,density,er_d256,5000,1281541,42,3333,mean_ring,2,5,12090600,50.49995385989272,1617600
16,density,er_d256,5000,1281541,42,3333,selected_grid,2,6,9471400,12.62498846497318,882272200
16,density,er_d256,5000,1281541,42,3333,max_maxdegree,2,7,9409300,0.31948861920619787,2294000
16,density,er_d256,5000,1281541,42,3333,std_binary,2,8,7614200,0,0
16,density,er_d256,5000,1281541,42,3333,degree4,2,9,7212000,0,774200
16,density,er_d256,5000,1281541,42,3333,degree4,3,0,6503600,0,774200
16,density,er_d256,5000,1281541,42,3333,std_binary,3,1,9171600,0,0
16,density,er_d256,5000,1281541,42,3333,max_maxdegree,3,2,9256900,0.31948861920619787,2294000
16,density,er_d256,5000,1281541,42,3333,selected_grid,3,3,9731200,12.62498846497318,882272200
16,density,er_d256,5000,1281541,42,3333,mean_ring,3,4,12425400,50.49995385989272,1617600
16,density,er_d256,5000,1281541,42,3333,mean_degree,3,5,10080900,0.19702824123415763,1617600
16,density,er_d256,5000,1281541,42,3333,binary,3,6,6192600,0,0
16,density,er_d256,5000,1281541,42,3333,mean_map,3,7,11996300,50.49995385989272,1617600
16,density,er_d256,5000,1281541,42,3333,caliber,3,8,6423200,0,2540100
16,density,er_d256,5000,1281541,42,3333,fourary,3,9,6908400,0,0
16,density,er_d256,5000,1281541,42,3333,std_binary,4,0,7347000,0,0
16,density,er_d256,5000,1281541,42,3333,mean_ring,4,1,11832300,50.49995385989272,1617600
16,density,er_d256,5000,1281541,42,3333,max_maxdegree,4,2,9439900,0.31948861920619787,2294000
16,density,er_d256,5000,1281541,42,3333,mean_map,4,3,12283300,50.49995385989272,1617600
16,density,er_d256,5000,1281541,42,3333,fourary,4,4,6559900,0,0
16,density,er_d256,5000,1281541,42,3333,caliber,4,5,7488100,0,2540100
16,density,er_d256,5000,1281541,42,3333,binary,4,6,6294800,0,0
16,density,er_d256,5000,1281541,42,3333,degree4,4,7,6516600,0,774200
16,density,er_d256,5000,1281541,42,3333,selected_grid,4,8,9168000,12.62498846497318,882272200
16,density,er_d256,5000,1281541,42,3333,mean_degree,4,9,9656300,0.19702824123415763,1617600
16,density,er_d256,5000,1281541,42,3333,mean_degree,5,0,9594000,0.19702824123415763,1617600
16,density,er_d256,5000,1281541,42,3333,selected_grid,5,1,9326400,12.62498846497318,882272200
16,density,er_d256,5000,1281541,42,3333,degree4,5,2,6335100,0,774200
16,density,er_d256,5000,1281541,42,3333,binary,5,3,6893600,0,0
16,density,er_d256,5000,1281541,42,3333,caliber,5,4,6298300,0,2540100
16,density,er_d256,5000,1281541,42,3333,fourary,5,5,6676200,0,0
16,density,er_d256,5000,1281541,42,3333,mean_map,5,6,11419700,50.49995385989272,1617600
16,density,er_d256,5000,1281541,42,3333,max_maxdegree,5,7,10067300,0.31948861920619787,2294000
16,density,er_d256,5000,1281541,42,3333,mean_ring,5,8,11845400,50.49995385989272,1617600
16,density,er_d256,5000,1281541,42,3333,std_binary,5,9,7472800,0,0
16,density,er_d256,5000,1281541,42,3333,fourary,6,0,7866400,0,0
16,density,er_d256,5000,1281541,42,3333,selected_grid,6,1,10537600,12.62498846497318,882272200
16,density,er_d256,5000,1281541,42,3333,caliber,6,2,6745200,0,2540100
16,density,er_d256,5000,1281541,42,3333,binary,6,3,6580600,0,0
16,density,er_d256,5000,1281541,42,3333,std_binary,6,4,8041500,0,0
16,density,er_d256,5000,1281541,42,3333,mean_map,6,5,11842400,50.49995385989272,1617600
16,density,er_d256,5000,1281541,42,3333,mean_degree,6,6,9687400,0.19702824123415763,1617600
16,density,er_d256,5000,1281541,42,3333,mean_ring,6,7,13280100,50.49995385989272,1617600
16,density,er_d256,5000,1281541,42,3333,degree4,6,8,7404200,0,774200
16,density,er_d256,5000,1281541,42,3333,max_maxdegree,6,9,9702100,0.31948861920619787,2294000
16,density,er_d256,5000,1281541,42,3333,max_maxdegree,7,0,9531600,0.31948861920619787,2294000
16,density,er_d256,5000,1281541,42,3333,degree4,7,1,6651100,0,774200
16,density,er_d256,5000,1281541,42,3333,mean_ring,7,2,12291000,50.49995385989272,1617600
16,density,er_d256,5000,1281541,42,3333,mean_degree,7,3,10224600,0.19702824123415763,1617600
16,density,er_d256,5000,1281541,42,3333,mean_map,7,4,11552600,50.49995385989272,1617600
16,density,er_d256,5000,1281541,42,3333,std_binary,7,5,7756900,0,0
16,density,er_d256,5000,1281541,42,3333,binary,7,6,6468500,0,0
16,density,er_d256,5000,1281541,42,3333,caliber,7,7,6325800,0,2540100
16,density,er_d256,5000,1281541,42,3333,selected_grid,7,8,9287900,12.62498846497318,882272200
16,density,er_d256,5000,1281541,42,3333,fourary,7,9,6530500,0,0
17,calibration,er_d2,1000,1976,1729,0,grid_1.5,0,0,73700,77.39195353166645,2300
17,calibration,er_d2,1000,1976,1729,0,grid_2,0,1,65600,103.18927137555525,2300
17,calibration,er_d2,1000,1976,1729,0,grid_0.25,0,2,104900,12.898658921944406,2300
17,calibration,er_d2,1000,1976,1729,0,grid_0.75,0,3,86200,38.69597676583322,2300
17,calibration,er_d2,1000,1976,1729,0,grid_0.05,0,4,146600,2.5797317843888816,2300
17,calibration,er_d2,1000,1976,1729,0,grid_0.5,0,5,89100,25.797317843888813,2300
17,calibration,er_d2,1000,1976,1729,0,grid_0.1,0,6,118300,5.159463568777763,2300
17,calibration,er_d2,1000,1976,1729,0,grid_16,0,7,60500,825.514171004442,2300
17,calibration,er_d2,1000,1976,1729,0,grid_0.03125,0,8,186500,1.6123323652430508,2300
17,calibration,er_d2,1000,1976,1729,0,grid_4,0,9,70100,206.3785427511105,2300
17,calibration,er_d2,1000,1976,1729,0,grid_8,0,10,62400,412.757085502221,2300
17,calibration,er_d2,1000,1976,1729,0,grid_1,0,11,93600,51.594635687777625,2300
17,calibration,er_d2,1000,1976,1729,0,grid_1,1,0,80300,51.594635687777625,2300
17,calibration,er_d2,1000,1976,1729,0,grid_8,1,1,62400,412.757085502221,2300
17,calibration,er_d2,1000,1976,1729,0,grid_4,1,2,63300,206.3785427511105,2300
17,calibration,er_d2,1000,1976,1729,0,grid_0.03125,1,3,147900,1.6123323652430508,2300
17,calibration,er_d2,1000,1976,1729,0,grid_16,1,4,59500,825.514171004442,2300
17,calibration,er_d2,1000,1976,1729,0,grid_0.1,1,5,119000,5.159463568777763,2300
17,calibration,er_d2,1000,1976,1729,0,grid_0.5,1,6,93400,25.797317843888813,2300
17,calibration,er_d2,1000,1976,1729,0,grid_0.05,1,7,155400,2.5797317843888816,2300
17,calibration,er_d2,1000,1976,1729,0,grid_0.75,1,8,88400,38.69597676583322,2300
17,calibration,er_d2,1000,1976,1729,0,grid_0.25,1,9,105500,12.898658921944406,2300
17,calibration,er_d2,1000,1976,1729,0,grid_2,1,10,71300,103.18927137555525,2300
17,calibration,er_d2,1000,1976,1729,0,grid_1.5,1,11,78500,77.39195353166645,2300
17,calibration,er_d2,1000,1976,1729,0,grid_0.75,2,0,86800,38.69597676583322,2300
17,calibration,er_d2,1000,1976,1729,0,grid_0.05,2,1,136300,2.5797317843888816,2300
17,calibration,er_d2,1000,1976,1729,0,grid_1.5,2,2,76800,77.39195353166645,2300
17,calibration,er_d2,1000,1976,1729,0,grid_16,2,3,60800,825.514171004442,2300
17,calibration,er_d2,1000,1976,1729,0,grid_0.5,2,4,93200,25.797317843888813,2300
17,calibration,er_d2,1000,1976,1729,0,grid_0.1,2,5,139700,5.159463568777763,2300
17,calibration,er_d2,1000,1976,1729,0,grid_1,2,6,88500,51.594635687777625,2300
17,calibration,er_d2,1000,1976,1729,0,grid_0.03125,2,7,148200,1.6123323652430508,2300
17,calibration,er_d2,1000,1976,1729,0,grid_2,2,8,71300,103.18927137555525,2300
17,calibration,er_d2,1000,1976,1729,0,grid_8,2,9,67500,412.757085502221,2300
17,calibration,er_d2,1000,1976,1729,0,grid_0.25,2,10,110300,12.898658921944406,2300
17,calibration,er_d2,1000,1976,1729,0,grid_4,2,11,65000,206.3785427511105,2300
17,calibration,er_d2,1000,1976,1729,0,grid_4,3,0,57700,206.3785427511105,2300
17,calibration,er_d2,1000,1976,1729,0,grid_0.25,3,1,99800,12.898658921944406,2300
17,calibration,er_d2,1000,1976,1729,0,grid_8,3,2,57800,412.757085502221,2300
17,calibration,er_d2,1000,1976,1729,0,grid_2,3,3,69800,103.18927137555525,2300
17,calibration,er_d2,1000,1976,1729,0,grid_0.03125,3,4,170500,1.6123323652430508,2300
17,calibration,er_d2,1000,1976,1729,0,grid_1,3,5,96600,51.594635687777625,2300
17,calibration,er_d2,1000,1976,1729,0,grid_0.1,3,6,147700,5.159463568777763,2300
17,calibration,er_d2,1000,1976,1729,0,grid_0.5,3,7,106100,25.797317843888813,2300
17,calibration,er_d2,1000,1976,1729,0,grid_16,3,8,64800,825.514171004442,2300
17,calibration,er_d2,1000,1976,1729,0,grid_1.5,3,9,82300,77.39195353166645,2300
17,calibration,er_d2,1000,1976,1729,0,grid_0.05,3,10,133700,2.5797317843888816,2300
17,calibration,er_d2,1000,1976,1729,0,grid_0.75,3,11,92200,38.69597676583322,2300
17,calibration,er_d2,1000,1976,1729,0,grid_0.03125,4,0,145800,1.6123323652430508,2300
17,calibration,er_d2,1000,1976,1729,0,grid_0.05,4,1,140400,2.5797317843888816,2300
17,calibration,er_d2,1000,1976,1729,0,grid_0.75,4,2,87700,38.69597676583322,2300
17,calibration,er_d2,1000,1976,1729,0,grid_0.25,4,3,103500,12.898658921944406,2300
17,calibration,er_d2,1000,1976,1729,0,grid_0.1,4,4,115700,5.159463568777763,2300
17,calibration,er_d2,1000,1976,1729,0,grid_4,4,5,68800,206.3785427511105,2300
17,calibration,er_d2,1000,1976,1729,0,grid_16,4,6,61400,825.514171004442,2300
17,calibration,er_d2,1000,1976,1729,0,grid_1.5,4,7,81800,77.39195353166645,2300
17,calibration,er_d2,1000,1976,1729,0,grid_1,4,8,87900,51.594635687777625,2300
17,calibration,er_d2,1000,1976,1729,0,grid_0.5,4,9,93100,25.797317843888813,2300
17,calibration,er_d2,1000,1976,1729,0,grid_8,4,10,63400,412.757085502221,2300
17,calibration,er_d2,1000,1976,1729,0,grid_2,4,11,71500,103.18927137555525,2300
17,calibration,er_d2,1000,1976,1729,0,grid_2,5,0,66300,103.18927137555525,2300
17,calibration,er_d2,1000,1976,1729,0,grid_8,5,1,59000,412.757085502221,2300
17,calibration,er_d2,1000,1976,1729,0,grid_0.5,5,2,90100,25.797317843888813,2300
17,calibration,er_d2,1000,1976,1729,0,grid_1,5,3,87900,51.594635687777625,2300
17,calibration,er_d2,1000,1976,1729,0,grid_1.5,5,4,75800,77.39195353166645,2300
17,calibration,er_d2,1000,1976,1729,0,grid_16,5,5,58000,825.514171004442,2300
17,calibration,er_d2,1000,1976,1729,0,grid_4,5,6,62800,206.3785427511105,2300
17,calibration,er_d2,1000,1976,1729,0,grid_0.1,5,7,124000,5.159463568777763,2300
17,calibration,er_d2,1000,1976,1729,0,grid_0.25,5,8,104900,12.898658921944406,2300
17,calibration,er_d2,1000,1976,1729,0,grid_0.75,5,9,89100,38.69597676583322,2300
17,calibration,er_d2,1000,1976,1729,0,grid_0.05,5,10,133300,2.5797317843888816,2300
17,calibration,er_d2,1000,1976,1729,0,grid_0.03125,5,11,159800,1.6123323652430508,2300
17,density,er_d2,1000,1976,1729,333,mean_degree,0,0,1300,26.110645590980578,2300
17,density,er_d2,1000,1976,1729,333,selected_grid,0,1,1200,825.514171004442,6907700
17,density,er_d2,1000,1976,1729,333,caliber,0,2,700,0,15000
17,density,er_d2,1000,1976,1729,333,mean_ring,0,3,1500,51.594635687777625,2300
17,density,er_d2,1000,1976,1729,333,degree4,0,4,500,0,75800
17,density,er_d2,1000,1976,1729,333,std_binary,0,5,500,0,0
17,density,er_d2,1000,1976,1729,333,mean_map,0,6,1100,51.594635687777625,2300
17,density,er_d2,1000,1976,1729,333,max_maxdegree,0,7,1300,14.279841069206656,6200
17,density,er_d2,1000,1976,1729,333,binary,0,8,500,0,0
17,density,er_d2,1000,1976,1729,333,fourary,0,9,700,0,0
17,density,er_d2,1000,1976,1729,333,fourary,1,0,500,0,0
17,density,er_d2,1000,1976,1729,333,binary,1,1,400,0,0
17,density,er_d2,1000,1976,1729,333,max_maxdegree,1,2,1300,14.279841069206656,6200
17,density,er_d2,1000,1976,1729,333,mean_map,1,3,1200,51.594635687777625,2300
17,density,er_d2,1000,1976,1729,333,std_binary,1,4,500,0,0
17,density,er_d2,1000,1976,1729,333,degree4,1,5,500,0,75800
17,density,er_d2,1000,1976,1729,333,mean_ring,1,6,1200,51.594635687777625,2300
17,density,er_d2,1000,1976,1729,333,caliber,1,7,500,0,15000
17,density,er_d2,1000,1976,1729,333,selected_grid,1,8,1100,825.514171004442,6907700
17,density,er_d2,1000,1976,1729,333,mean_degree,1,9,1100,26.110645590980578,2300
17,density,er_d2,1000,1976,1729,333,fourary,2,0,700,0,0
17,density,er_d2,1000,1976,1729,333,caliber,2,1,500,0,15000
17,density,er_d2,1000,1976,1729,333,std_binary,2,2,400,0,0
17,density,er_d2,1000,1976,1729,333,max_maxdegree,2,3,1100,14.279841069206656,6200
17,density,er_d2,1000,1976,1729,333,degree4,2,4,400,0,75800
17,density,er_d2,1000,1976,1729,333,mean_map,2,5,1200,51.594635687777625,2300
17,density,er_d2,1000,1976,1729,333,binary,2,6,500,0,0
17,density,er_d2,1000,1976,1729,333,mean_ring,2,7,1200,51.594635687777625,2300
17,density,er_d2,1000,1976,1729,333,mean_degree,2,8,1300,26.110645590980578,2300
17,density,er_d2,1000,1976,1729,333,selected_grid,2,9,1100,825.514171004442,6907700
17,density,er_d2,1000,1976,1729,333,selected_grid,3,0,1200,825.514171004442,6907700
17,density,er_d2,1000,1976,1729,333,mean_degree,3,1,1100,26.110645590980578,2300
17,density,er_d2,1000,1976,1729,333,mean_ring,3,2,1200,51.594635687777625,2300
17,density,er_d2,1000,1976,1729,333,binary,3,3,600,0,0
17,density,er_d2,1000,1976,1729,333,mean_map,3,4,1200,51.594635687777625,2300
17,density,er_d2,1000,1976,1729,333,degree4,3,5,900,0,75800
17,density,er_d2,1000,1976,1729,333,max_maxdegree,3,6,1400,14.279841069206656,6200
17,density,er_d2,1000,1976,1729,333,std_binary,3,7,1000,0,0
17,density,er_d2,1000,1976,1729,333,caliber,3,8,500,0,15000
17,density,er_d2,1000,1976,1729,333,fourary,3,9,400,0,0
17,density,er_d2,1000,1976,1729,333,caliber,4,0,500,0,15000
17,density,er_d2,1000,1976,1729,333,selected_grid,4,1,1400,825.514171004442,6907700
17,density,er_d2,1000,1976,1729,333,mean_ring,4,2,1300,51.594635687777625,2300
17,density,er_d2,1000,1976,1729,333,degree4,4,3,500,0,75800
17,density,er_d2,1000,1976,1729,333,fourary,4,4,400,0,0
17,density,er_d2,1000,1976,1729,333,max_maxdegree,4,5,1200,14.279841069206656,6200
17,density,er_d2,1000,1976,1729,333,mean_map,4,6,1300,51.594635687777625,2300
17,density,er_d2,1000,1976,1729,333,std_binary,4,7,800,0,0
17,density,er_d2,1000,1976,1729,333,binary,4,8,500,0,0
17,density,er_d2,1000,1976,1729,333,mean_degree,4,9,1200,26.110645590980578,2300
17,density,er_d2,1000,1976,1729,333,mean_degree,5,0,1400,26.110645590980578,2300
17,density,er_d2,1000,1976,1729,333,binary,5,1,600,0,0
17,density,er_d2,1000,1976,1729,333,std_binary,5,2,500,0,0
17,density,er_d2,1000,1976,1729,333,mean_map,5,3,1300,51.594635687777625,2300
17,density,er_d2,1000,1976,1729,333,max_maxdegree,5,4,1200,14.279841069206656,6200
17,density,er_d2,1000,1976,1729,333,fourary,5,5,600,0,0
17,density,er_d2,1000,1976,1729,333,degree4,5,6,400,0,75800
17,density,er_d2,1000,1976,1729,333,mean_ring,5,7,1200,51.594635687777625,2300
17,density,er_d2,1000,1976,1729,333,selected_grid,5,8,1200,825.514171004442,6907700
17,density,er_d2,1000,1976,1729,333,caliber,5,9,700,0,15000
17,density,er_d2,1000,1976,1729,333,mean_map,6,0,1300,51.594635687777625,2300
17,density,er_d2,1000,1976,1729,333,max_maxdegree,6,1,1100,14.279841069206656,6200
17,density,er_d2,1000,1976,1729,333,selected_grid,6,2,1300,825.514171004442,6907700
17,density,er_d2,1000,1976,1729,333,caliber,6,3,600,0,15000
17,density,er_d2,1000,1976,1729,333,fourary,6,4,600,0,0
17,density,er_d2,1000,1976,1729,333,std_binary,6,5,500,0,0
17,density,er_d2,1000,1976,1729,333,binary,6,6,500,0,0
17,density,er_d2,1000,1976,1729,333,mean_degree,6,7,1200,26.110645590980578,2300
17,density,er_d2,1000,1976,1729,333,degree4,6,8,600,0,75800
17,density,er_d2,1000,1976,1729,333,mean_ring,6,9,1200,51.594635687777625,2300
17,density,er_d2,1000,1976,1729,333,mean_ring,7,0,1300,51.594635687777625,2300
17,density,er_d2,1000,1976,1729,333,degree4,7,1,500,0,75800
17,density,er_d2,1000,1976,1729,333,mean_degree,7,2,1100,26.110645590980578,2300
17,density,er_d2,1000,1976,1729,333,binary,7,3,500,0,0
17,density,er_d2,1000,1976,1729,333,std_binary,7,4,400,0,0
17,density,er_d2,1000,1976,1729,333,fourary,7,5,500,0,0
17,density,er_d2,1000,1976,1729,333,caliber,7,6,500,0,15000
17,density,er_d2,1000,1976,1729,333,selected_grid,7,7,1000,825.514171004442,6907700
17,density,er_d2,1000,1976,1729,333,max_maxdegree,7,8,1100,14.279841069206656,6200
17,density,er_d2,1000,1976,1729,333,mean_map,7,9,1200,51.594635687777625,2300
17,density,er_d2,1000,1976,1729,666,std_binary,0,0,84300,0,0
17,density,er_d2,1000,1976,1729,666,binary,0,1,90600,0,0
17,density,er_d2,1000,1976,1729,666,selected_grid,0,2,61800,825.514171004442,6907700
17,density,er_d2,1000,1976,1729,666,fourary,0,3,92600,0,0
17,density,er_d2,1000,1976,1729,666,mean_ring,0,4,83300,51.594635687777625,2300
17,density,er_d2,1000,1976,1729,666,degree4,0,5,105800,0,75800
17,density,er_d2,1000,1976,1729,666,mean_degree,0,6,100500,26.110645590980578,2300
17,density,er_d2,1000,1976,1729,666,caliber,0,7,72400,0,15000
17,density,er_d2,1000,1976,1729,666,max_maxdegree,0,8,124500,14.279841069206656,6200
17,density,er_d2,1000,1976,1729,666,mean_map,0,9,88000,51.594635687777625,2300
17,density,er_d2,1000,1976,1729,666,mean_map,1,0,75700,51.594635687777625,2300
17,density,er_d2,1000,1976,1729,666,max_maxdegree,1,1,100300,14.279841069206656,6200
17,density,er_d2,1000,1976,1729,666,caliber,1,2,73500,0,15000
17,density,er_d2,1000,1976,1729,666,mean_degree,1,3,95800,26.110645590980578,2300
17,density,er_d2,1000,1976,1729,666,degree4,1,4,108800,0,75800
17,density,er_d2,1000,1976,1729,666,mean_ring,1,5,78400,51.594635687777625,2300
17,density,er_d2,1000,1976,1729,666,fourary,1,6,92600,0,0
17,density,er_d2,1000,1976,1729,666,selected_grid,1,7,65100,825.514171004442,6907700
17,density,er_d2,1000,1976,1729,666,binary,1,8,91300,0,0
17,density,er_d2,1000,1976,1729,666,std_binary,1,9,101800,0,0
17,density,er_d2,1000,1976,1729,666,mean_ring,2,0,75300,51.594635687777625,2300
17,density,er_d2,1000,1976,1729,666,binary,2,1,89200,0,0
17,density,er_d2,1000,1976,1729,666,fourary,2,2,90200,0,0
17,density,er_d2,1000,1976,1729,666,degree4,2,3,108300,0,75800
17,density,er_d2,1000,1976,1729,666,max_maxdegree,2,4,101200,14.279841069206656,6200
17,density,er_d2,1000,1976,1729,666,mean_map,2,5,84500,51.594635687777625,2300
17,density,er_d2,1000,1976,1729,666,std_binary,2,6,82000,0,0
17,density,er_d2,1000,1976,1729,666,mean_degree,2,7,96500,26.110645590980578,2300
17,density,er_d2,1000,1976,1729,666,caliber,2,8,74200,0,15000
17,density,er_d2,1000,1976,1729,666,selected_grid,2,9,65600,825.514171004442,6907700
17,density,er_d2,1000,1976,1729,666,selected_grid,3,0,66300,825.514171004442,6907700
17,density,er_d2,1000,1976,1729,666,caliber,3,1,66700,0,15000
17,density,er_d2,1000,1976,1729,666,mean_degree,3,2,93700,26.110645590980578,2300
17,density,er_d2,1000,1976,1729,666,std_binary,3,3,79100,0,0
17,density,er_d2,1000,1976,1729,666,mean_map,3,4,84300,51.594635687777625,2300
17,density,er_d2,1000,1976,1729,666,max_maxdegree,3,5,100300,14.279841069206656,6200
17,density,er_d2,1000,1976,1729,666,degree4,3,6,108800,0,75800
17,density,er_d2,1000,1976,1729,666,fourary,3,7,91400,0,0
17,density,er_d2,1000,1976,1729,666,binary,3,8,89400,0,0
17,density,er_d2,1000,1976,1729,666,mean_ring,3,9,77000,51.594635687777625,2300
17,density,er_d2,1000,1976,1729,666,std_binary,4,0,81800,0,0
17,density,er_d2,1000,1976,1729,666,mean_degree,4,1,103000,26.110645590980578,2300
17,density,er_d2,1000,1976,1729,666,selected_grid,4,2,65400,825.514171004442,6907700
17,density,er_d2,1000,1976,1729,666,mean_ring,4,3,76600,51.594635687777625,2300
17,density,er_d2,1000,1976,1729,666,mean_map,4,4,81400,51.594635687777625,2300
17,density,er_d2,1000,1976,1729,666,max_maxdegree,4,5,98000,14.279841069206656,6200
17,density,er_d2,1000,1976,1729,666,fourary,4,6,89200,0,0
17,density,er_d2,1000,1976,1729,666,degree4,4,7,105100,0,75800
17,density,er_d2,1000,1976,1729,666,binary,4,8,88100,0,0
17,density,er_d2,1000,1976,1729,666,caliber,4,9,73400,0,15000
17,density,er_d2,1000,1976,1729,666,caliber,5,0,56300,0,15000
17,density,er_d2,1000,1976,1729,666,binary,5,1,83600,0,0
17,density,er_d2,1000,1976,1729,666,degree4,5,2,105300,0,75800
17,density,er_d2,1000,1976,1729,666,fourary,5,3,105300,0,0
17,density,er_d2,1000,1976,1729,666,max_maxdegree,5,4,98600,14.279841069206656,6200
17,density,er_d2,1000,1976,1729,666,mean_map,5,5,87200,51.594635687777625,2300
17,density,er_d2,1000,1976,1729,666,mean_ring,5,6,78700,51.594635687777625,2300
17,density,er_d2,1000,1976,1729,666,selected_grid,5,7,64900,825.514171004442,6907700
17,density,er_d2,1000,1976,1729,666,mean_degree,5,8,95300,26.110645590980578,2300
17,density,er_d2,1000,1976,1729,666,std_binary,5,9,84200,0,0
17,density,er_d2,1000,1976,1729,666,mean_ring,6,0,77800,51.594635687777625,2300
17,density,er_d2,1000,1976,1729,666,degree4,6,1,109400,0,75800
17,density,er_d2,1000,1976,1729,666,max_maxdegree,6,2,102100,14.279841069206656,6200
17,density,er_d2,1000,1976,1729,666,caliber,6,3,73700,0,15000
17,density,er_d2,1000,1976,1729,666,fourary,6,4,111500,0,0
17,density,er_d2,1000,1976,1729,666,mean_map,6,5,85200,51.594635687777625,2300
17,density,er_d2,1000,1976,1729,666,std_binary,6,6,81200,0,0
17,density,er_d2,1000,1976,1729,666,binary,6,7,89500,0,0
17,density,er_d2,1000,1976,1729,666,selected_grid,6,8,64700,825.514171004442,6907700
17,density,er_d2,1000,1976,1729,666,mean_degree,6,9,93100,26.110645590980578,2300
17,density,er_d2,1000,1976,1729,666,mean_degree,7,0,77700,26.110645590980578,2300
17,density,er_d2,1000,1976,1729,666,selected_grid,7,1,62600,825.514171004442,6907700
17,density,er_d2,1000,1976,1729,666,binary,7,2,88400,0,0
17,density,er_d2,1000,1976,1729,666,std_binary,7,3,81200,0,0
17,density,er_d2,1000,1976,1729,666,mean_map,7,4,85200,51.594635687777625,2300
17,density,er_d2,1000,1976,1729,666,fourary,7,5,94500,0,0
17,density,er_d2,1000,1976,1729,666,caliber,7,6,85200,0,15000
17,density,er_d2,1000,1976,1729,666,max_maxdegree,7,7,102600,14.279841069206656,6200
17,density,er_d2,1000,1976,1729,666,degree4,7,8,108300,0,75800
17,density,er_d2,1000,1976,1729,666,mean_ring,7,9,78000,51.594635687777625,2300
18,calibration,er_d4,1000,4011,1729,0,grid_1.5,0,0,110400,77.00037399973854,3500
18,calibration,er_d4,1000,4011,1729,0,grid_2,0,1,112400,102.66716533298472,3500
18,calibration,er_d4,1000,4011,1729,0,grid_0.25,0,2,142600,12.83339566662309,3500
18,calibration,er_d4,1000,4011,1729,0,grid_0.75,0,3,284100,38.50018699986927,3500
18,calibration,er_d4,1000,4011,1729,0,grid_0.05,0,4,179700,2.566679133324618,3500
18,calibration,er_d4,1000,4011,1729,0,grid_0.5,0,5,134000,25.66679133324618,3500
18,calibration,er_d4,1000,4011,1729,0,grid_0.1,0,6,156200,5.133358266649236,3500
18,calibration,er_d4,1000,4011,1729,0,grid_16,0,7,128600,821.3373226638778,3500
18,calibration,er_d4,1000,4011,1729,0,grid_0.03125,0,8,194200,1.6041744583278863,3500
18,calibration,er_d4,1000,4011,1729,0,grid_4,0,9,98100,205.33433066596945,3500
18,calibration,er_d4,1000,4011,1729,0,grid_8,0,10,104400,410.6686613319389,3500
18,calibration,er_d4,1000,4011,1729,0,grid_1,0,11,115600,51.33358266649236,3500
18,calibration,er_d4,1000,4011,1729,0,grid_1,1,0,102500,51.33358266649236,3500
18,calibration,er_d4,1000,4011,1729,0,grid_8,1,1,100700,410.6686613319389,3500
18,calibration,er_d4,1000,4011,1729,0,grid_4,1,2,93500,205.33433066596945,3500
18,calibration,er_d4,1000,4011,1729,0,grid_0.03125,1,3,186400,1.6041744583278863,3500
18,calibration,er_d4,1000,4011,1729,0,grid_16,1,4,114000,821.3373226638778,3500
18,calibration,er_d4,1000,4011,1729,0,grid_0.1,1,5,154000,5.133358266649236,3500
18,calibration,er_d4,1000,4011,1729,0,grid_0.5,1,6,127500,25.66679133324618,3500
18,calibration,er_d4,1000,4011,1729,0,grid_0.05,1,7,179100,2.566679133324618,3500
18,calibration,er_d4,1000,4011,1729,0,grid_0.75,1,8,126900,38.50018699986927,3500
18,calibration,er_d4,1000,4011,1729,0,grid_0.25,1,9,142600,12.83339566662309,3500
18,calibration,er_d4,1000,4011,1729,0,grid_2,1,10,104800,102.66716533298472,3500
18,calibration,er_d4,1000,4011,1729,0,grid_1.5,1,11,112600,77.00037399973854,3500
18,calibration,er_d4,1000,4011,1729,0,grid_0.75,2,0,121700,38.50018699986927,3500
18,calibration,er_d4,1000,4011,1729,0,grid_0.05,2,1,178300,2.566679133324618,3500
18,calibration,er_d4,1000,4011,1729,0,grid_1.5,2,2,121600,77.00037399973854,3500
18,calibration,er_d4,1000,4011,1729,0,grid_16,2,3,101200,821.3373226638778,3500
18,calibration,er_d4,1000,4011,1729,0,grid_0.5,2,4,128500,25.66679133324618,3500
18,calibration,er_d4,1000,4011,1729,0,grid_0.1,2,5,156300,5.133358266649236,3500
18,calibration,er_d4,1000,4011,1729,0,grid_1,2,6,122800,51.33358266649236,3500
18,calibration,er_d4,1000,4011,1729,0,grid_0.03125,2,7,193800,1.6041744583278863,3500
18,calibration,er_d4,1000,4011,1729,0,grid_2,2,8,103200,102.66716533298472,3500
18,calibration,er_d4,1000,4011,1729,0,grid_8,2,9,101100,410.6686613319389,3500
18,calibration,er_d4,1000,4011,1729,0,grid_0.25,2,10,139600,12.83339566662309,3500
18,calibration,er_d4,1000,4011,1729,0,grid_4,2,11,97400,205.33433066596945,3500
18,calibration,er_d4,1000,4011,1729,0,grid_4,3,0,80900,205.33433066596945,3500
18,calibration,er_d4,1000,4011,1729,0,grid_0.25,3,1,138500,12.83339566662309,3500
18,calibration,er_d4,1000,4011,1729,0,grid_8,3,2,105700,410.6686613319389,3500
18,calibration,er_d4,1000,4011,1729,0,grid_2,3,3,113400,102.66716533298472,3500
18,calibration,er_d4,1000,4011,1729,0,grid_0.03125,3,4,191100,1.6041744583278863,3500
18,calibration,er_d4,1000,4011,1729,0,grid_1,3,5,120900,51.33358266649236,3500
18,calibration,er_d4,1000,4011,1729,0,grid_0.1,3,6,160400,5.133358266649236,3500
18,calibration,er_d4,1000,4011,1729,0,grid_0.5,3,7,129100,25.66679133324618,3500
18,calibration,er_d4,1000,4011,1729,0,grid_16,3,8,104600,821.3373226638778,3500
18,calibration,er_d4,1000,4011,1729,0,grid_1.5,3,9,112500,77.00037399973854,3500
18,calibration,er_d4,1000,4011,1729,0,grid_0.05,3,10,174100,2.566679133324618,3500
18,calibration,er_d4,1000,4011,1729,0,grid_0.75,3,11,132500,38.50018699986927,3500
18,calibration,er_d4,1000,4011,1729,0,grid_0.03125,4,0,194300,1.6041744583278863,3500
18,calibration,er_d4,1000,4011,1729,0,grid_0.05,4,1,167200,2.566679133324618,3500
18,calibration,er_d4,1000,4011,1729,0,grid_0.75,4,2,120200,38.50018699986927,3500
18,calibration,er_d4,1000,4011,1729,0,grid_0.25,4,3,144300,12.83339566662309,3500
18,calibration,er_d4,1000,4011,1729,0,grid_0.1,4,4,152500,5.133358266649236,3500
18,calibration,er_d4,1000,4011,1729,0,grid_4,4,5,100300,205.33433066596945,3500
18,calibration,er_d4,1000,4011,1729,0,grid_16,4,6,101700,821.3373226638778,3500
18,calibration,er_d4,1000,4011,1729,0,grid_1.5,4,7,111500,77.00037399973854,3500
18,calibration,er_d4,1000,4011,1729,0,grid_1,4,8,124100,51.33358266649236,3500
18,calibration,er_d4,1000,4011,1729,0,grid_0.5,4,9,124100,25.66679133324618,3500
18,calibration,er_d4,1000,4011,1729,0,grid_8,4,10,100700,410.6686613319389,3500
18,calibration,er_d4,1000,4011,1729,0,grid_2,4,11,100800,102.66716533298472,3500
18,calibration,er_d4,1000,4011,1729,0,grid_2,5,0,87300,102.66716533298472,3500
18,calibration,er_d4,1000,4011,1729,0,grid_8,5,1,98600,410.6686613319389,3500
18,calibration,er_d4,1000,4011,1729,0,grid_0.5,5,2,121800,25.66679133324618,3500
18,calibration,er_d4,1000,4011,1729,0,grid_1,5,3,122100,51.33358266649236,3500
18,calibration,er_d4,1000,4011,1729,0,grid_1.5,5,4,109100,77.00037399973854,3500
18,calibration,er_d4,1000,4011,1729,0,grid_16,5,5,104800,821.3373226638778,3500
18,calibration,er_d4,1000,4011,1729,0,grid_4,5,6,96800,205.33433066596945,3500
18,calibration,er_d4,1000,4011,1729,0,grid_0.1,5,7,159200,5.133358266649236,3500
18,calibration,er_d4,1000,4011,1729,0,grid_0.25,5,8,143600,12.83339566662309,3500
18,calibration,er_d4,1000,4011,1729,0,grid_0.75,5,9,123700,38.50018699986927,3500
18,calibration,er_d4,1000,4011,1729,0,grid_0.05,5,10,173400,2.566679133324618,3500
18,calibration,er_d4,1000,4011,1729,0,grid_0.03125,5,11,192500,1.6041744583278863,3500
18,density,er_d4,1000,4011,1729,333,mean_degree,0,0,137100,12.798200614932027,3500
18,density,er_d4,1000,4011,1729,333,selected_grid,0,1,93000,205.33433066596945,9578600
18,density,er_d4,1000,4011,1729,333,caliber,0,2,146700,0,16800
18,density,er_d4,1000,4011,1729,333,mean_ring,0,3,108600,51.33358266649236,3500
18,density,er_d4,1000,4011,1729,333,degree4,0,4,195400,0,60200
18,density,er_d4,1000,4011,1729,333,std_binary,0,5,160500,0,0
18,density,er_d4,1000,4011,1729,333,mean_map,0,6,115300,51.33358266649236,3500
18,density,er_d4,1000,4011,1729,333,max_maxdegree,0,7,158900,8.331234145309343,11500
18,density,er_d4,1000,4011,1729,333,binary,0,8,169100,0,0
18,density,er_d4,1000,4011,1729,333,fourary,0,9,182000,0,0
18,density,er_d4,1000,4011,1729,333,fourary,1,0,157700,0,0
18,density,er_d4,1000,4011,1729,333,binary,1,1,164200,0,0
18,density,er_d4,1000,4011,1729,333,max_maxdegree,1,2,159200,8.331234145309343,11500
18,density,er_d4,1000,4011,1729,333,mean_map,1,3,113600,51.33358266649236,3500
18,density,er_d4,1000,4011,1729,333,std_binary,1,4,154600,0,0
18,density,er_d4,1000,4011,1729,333,degree4,1,5,199400,0,60200
18,density,er_d4,1000,4011,1729,333,mean_ring,1,6,106000,51.33358266649236,3500
18,density,er_d4,1000,4011,1729,333,caliber,1,7,146300,0,16800
18,density,er_d4,1000,4011,1729,333,selected_grid,1,8,102100,205.33433066596945,9578600
18,density,er_d4,1000,4011,1729,333,mean_degree,1,9,158800,12.798200614932027,3500
18,density,er_d4,1000,4011,1729,333,fourary,2,0,176500,0,0
18,density,er_d4,1000,4011,1729,333,caliber,2,1,142000,0,16800
18,density,er_d4,1000,4011,1729,333,std_binary,2,2,162900,0,0
18,density,er_d4,1000,4011,1729,333,max_maxdegree,2,3,170000,8.331234145309343,11500
18,density,er_d4,1000,4011,1729,333,degree4,2,4,193000,0,60200
18,density,er_d4,1000,4011,1729,333,mean_map,2,5,116000,51.33358266649236,3500
18,density,er_d4,1000,4011,1729,333,binary,2,6,166400,0,0
18,density,er_d4,1000,4011,1729,333,mean_ring,2,7,101500,51.33358266649236,3500
18,density,er_d4,1000,4011,1729,333,mean_degree,2,8,137800,12.798200614932027,3500
18,density,er_d4,1000,4011,1729,333,selected_grid,2,9,94300,205.33433066596945,9578600
18,density,er_d4,1000,4011,1729,333,selected_grid,3,0,79000,205.33433066596945,9578600
18,density,er_d4,1000,4011,1729,333,mean_degree,3,1,136100,12.798200614932027,3500
18,density,er_d4,1000,4011,1729,333,mean_ring,3,2,108000,51.33358266649236,3500
18,density,er_d4,1000,4011,1729,333,binary,3,3,169500,0,0
18,density,er_d4,1000,4011,1729,333,mean_map,3,4,115800,51.33358266649236,3500
18,density,er_d4,1000,4011,1729,333,degree4,3,5,199900,0,60200
18,density,er_d4,1000,4011,1729,333,max_maxdegree,3,6,161600,8.331234145309343,11500
18,density,er_d4,1000,4011,1729,333,std_binary,3,7,167800,0,0
18,density,er_d4,1000,4011,1729,333,caliber,3,8,149300,0,16800
18,density,er_d4,1000,4011,1729,333,fourary,3,9,164800,0,0
18,density,er_d4,1000,4011,1729,333,caliber,4,0,141800,0,16800
18,density,er_d4,1000,4011,1729,333,selected_grid,4,1,95700,205.33433066596945,9578600
18,density,er_d4,1000,4011,1729,333,mean_ring,4,2,107300,51.33358266649236,3500
18,density,er_d4,1000,4011,1729,333,degree4,4,3,198000,0,60200
18,density,er_d4,1000,4011,1729,333,fourary,4,4,160700,0,0
18,density,er_d4,1000,4011,1729,333,max_maxdegree,4,5,163400,8.331234145309343,11500
18,density,er_d4,1000,4011,1729,333,mean_map,4,6,116600,51.33358266649236,3500
18,density,er_d4,1000,4011,1729,333,std_binary,4,7,154600,0,0
18,density,er_d4,1000,4011,1729,333,binary,4,8,170800,0,0
18,density,er_d4,1000,4011,1729,333,mean_degree,4,9,140800,12.798200614932027,3500
18,density,er_d4,1000,4011,1729,333,mean_degree,5,0,133600,12.798200614932027,3500
18,density,er_d4,1000,4011,1729,333,binary,5,1,166800,0,0
18,density,er_d4,1000,4011,1729,333,std_binary,5,2,159300,0,0
18,density,er_d4,1000,4011,1729,333,mean_map,5,3,115300,51.33358266649236,3500
18,density,er_d4,1000,4011,1729,333,max_maxdegree,5,4,177200,8.331234145309343,11500
18,density,er_d4,1000,4011,1729,333,fourary,5,5,165300,0,0
18,density,er_d4,1000,4011,1729,333,degree4,5,6,202300,0,60200
18,density,er_d4,1000,4011,1729,333,mean_ring,5,7,104700,51.33358266649236,3500
18,density,er_d4,1000,4011,1729,333,selected_grid,5,8,99100,205.33433066596945,9578600
18,density,er_d4,1000,4011,1729,333,caliber,5,9,148600,0,16800
18,density,er_d4,1000,4011,1729,333,mean_map,6,0,116400,51.33358266649236,3500
18,density,er_d4,1000,4011,1729,333,max_maxdegree,6,1,159900,8.331234145309343,11500
18,density,er_d4,1000,4011,1729,333,selected_grid,6,2,96100,205.33433066596945,9578600
18,density,er_d4,1000,4011,1729,333,caliber,6,3,148600,0,16800
18,density,er_d4,1000,4011,1729,333,fourary,6,4,166700,0,0
18,density,er_d4,1000,4011,1729,333,std_binary,6,5,156800,0,0
18,density,er_d4,1000,4011,1729,333,binary,6,6,166400,0,0
18,density,er_d4,1000,4011,1729,333,mean_degree,6,7,138400,12.798200614932027,3500
18,density,er_d4,1000,4011,1729,333,degree4,6,8,196900,0,60200
18,density,er_d4,1000,4011,1729,333,mean_ring,6,9,106400,51.33358266649236,3500
18,density,er_d4,1000,4011,1729,333,mean_ring,7,0,91800,51.33358266649236,3500
18,density,er_d4,1000,4011,1729,333,degree4,7,1,190900,0,60200
18,density,er_d4,1000,4011,1729,333,mean_degree,7,2,134300,12.798200614932027,3500
18,density,er_d4,1000,4011,1729,333,binary,7,3,163200,0,0
18,density,er_d4,1000,4011,1729,333,std_binary,7,4,157200,0,0
18,density,er_d4,1000,4011,1729,333,fourary,7,5,163100,0,0
18,density,er_d4,1000,4011,1729,333,caliber,7,6,147300,0,16800
18,density,er_d4,1000,4011,1729,333,selected_grid,7,7,94700,205.33433066596945,9578600
18,density,er_d4,1000,4011,1729,333,max_maxdegree,7,8,165000,8.331234145309343,11500
18,density,er_d4,1000,4011,1729,333,mean_map,7,9,119200,51.33358266649236,3500
18,density,er_d4,1000,4011,1729,666,std_binary,0,0,203500,0,0
18,density,er_d4,1000,4011,1729,666,binary,0,1,233100,0,0
18,density,er_d4,1000,4011,1729,666,selected_grid,0,2,130200,205.33433066596945,9578600
18,density,er_d4,1000,4011,1729,666,fourary,0,3,175600,0,0
18,density,er_d4,1000,4011,1729,666,mean_ring,0,4,110600,51.33358266649236,3500
18,density,er_d4,1000,4011,1729,666,degree4,0,5,195100,0,60200
18,density,er_d4,1000,4011,1729,666,mean_degree,0,6,146700,12.798200614932027,3500
18,density,er_d4,1000,4011,1729,666,caliber,0,7,144100,0,16800
18,density,er_d4,1000,4011,1729,666,max_maxdegree,0,8,160200,8.331234145309343,11500
18,density,er_d4,1000,4011,1729,666,mean_map,0,9,123700,51.33358266649236,3500
18,density,er_d4,1000,4011,1729,666,mean_map,1,0,107600,51.33358266649236,3500
18,density,er_d4,1000,4011,1729,666,max_maxdegree,1,1,148800,8.331234145309343,11500
18,density,er_d4,1000,4011,1729,666,caliber,1,2,142500,0,16800
18,density,er_d4,1000,4011,1729,666,mean_degree,1,3,139200,12.798200614932027,3500
18,density,er_d4,1000,4011,1729,666,degree4,1,4,195400,0,60200
18,density,er_d4,1000,4011,1729,666,mean_ring,1,5,107400,51.33358266649236,3500
18,density,er_d4,1000,4011,1729,666,fourary,1,6,499900,0,0
18,density,er_d4,1000,4011,1729,666,selected_grid,1,7,132800,205.33433066596945,9578600
18,density,er_d4,1000,4011,1729,666,binary,1,8,206200,0,0
18,density,er_d4,1000,4011,1729,666,std_binary,1,9,193100,0,0
18,density,er_d4,1000,4011,1729,666,mean_ring,2,0,113500,51.33358266649236,3500
18,density,er_d4,1000,4011,1729,666,binary,2,1,162300,0,0
18,density,er_d4,1000,4011,1729,666,fourary,2,2,161200,0,0
18,density,er_d4,1000,4011,1729,666,degree4,2,3,196600,0,60200
18,density,er_d4,1000,4011,1729,666,max_maxdegree,2,4,242100,8.331234145309343,11500
18,density,er_d4,1000,4011,1729,666,mean_map,2,5,126900,51.33358266649236,3500
18,density,er_d4,1000,4011,1729,666,std_binary,2,6,161400,0,0
18,density,er_d4,1000,4011,1729,666,mean_degree,2,7,143600,12.798200614932027,3500
18,density,er_d4,1000,4011,1729,666,caliber,2,8,175600,0,16800
18,density,er_d4,1000,4011,1729,666,selected_grid,2,9,105700,205.33433066596945,9578600
18,density,er_d4,1000,4011,1729,666,selected_grid,3,0,87100,205.33433066596945,9578600
18,density,er_d4,1000,4011,1729,666,caliber,3,1,141800,0,16800
18,density,er_d4,1000,4011,1729,666,mean_degree,3,2,138800,12.798200614932027,3500
18,density,er_d4,1000,4011,1729,666,std_binary,3,3,159000,0,0
18,density,er_d4,1000,4011,1729,666,mean_map,3,4,121400,51.33358266649236,3500
18,density,er_d4,1000,4011,1729,666,max_maxdegree,3,5,170900,8.331234145309343,11500
18,density,er_d4,1000,4011,1729,666,degree4,3,6,201300,0,60200
18,density,er_d4,1000,4011,1729,666,fourary,3,7,178000,0,0
18,density,er_d4,1000,4011,1729,666,binary,3,8,187500,0,0
18,density,er_d4,1000,4011,1729,666,mean_ring,3,9,117700,51.33358266649236,3500
18,density,er_d4,1000,4011,1729,666,std_binary,4,0,155600,0,0
18,density,er_d4,1000,4011,1729,666,mean_degree,4,1,168900,12.798200614932027,3500
18,density,er_d4,1000,4011,1729,666,selected_grid,4,2,111900,205.33433066596945,9578600
18,density,er_d4,1000,4011,1729,666,mean_ring,4,3,109400,51.33358266649236,3500
18,density,er_d4,1000,4011,1729,666,mean_map,4,4,117300,51.33358266649236,3500
18,density,er_d4,1000,4011,1729,666,max_maxdegree,4,5,154700,8.331234145309343,11500
18,density,er_d4,1000,4011,1729,666,fourary,4,6,180400,0,0
18,density,er_d4,1000,4011,1729,666,degree4,4,7,217300,0,60200
18,density,er_d4,1000,4011,1729,666,binary,4,8,173900,0,0
18,density,er_d4,1000,4011,1729,666,caliber,4,9,149800,0,16800
18,density,er_d4,1000,4011,1729,666,caliber,5,0,141000,0,16800
18,density,er_d4,1000,4011,1729,666,binary,5,1,167800,0,0
18,density,er_d4,1000,4011,1729,666,degree4,5,2,197000,0,60200
18,density,er_d4,1000,4011,1729,666,fourary,5,3,259000,0,0
18,density,er_d4,1000,4011,1729,666,max_maxdegree,5,4,169100,8.331234145309343,11500
18,density,er_d4,1000,4011,1729,666,mean_map,5,5,129300,51.33358266649236,3500
18,density,er_d4,1000,4011,1729,666,mean_ring,5,6,113700,51.33358266649236,3500
18,density,er_d4,1000,4011,1729,666,selected_grid,5,7,107500,205.33433066596945,9578600
18,density,er_d4,1000,4011,1729,666,mean_degree,5,8,145200,12.798200614932027,3500
18,density,er_d4,1000,4011,1729,666,std_binary,5,9,162100,0,0
18,density,er_d4,1000,4011,1729,666,mean_ring,6,0,120400,51.33358266649236,3500
18,density,er_d4,1000,4011,1729,666,degree4,6,1,191100,0,60200
18,density,er_d4,1000,4011,1729,666,max_maxdegree,6,2,150600,8.331234145309343,11500
18,density,er_d4,1000,4011,1729,666,caliber,6,3,145700,0,16800
18,density,er_d4,1000,4011,1729,666,fourary,6,4,160200,0,0
18,density,er_d4,1000,4011,1729,666,mean_map,6,5,121700,51.33358266649236,3500
18,density,er_d4,1000,4011,1729,666,std_binary,6,6,178900,0,0
18,density,er_d4,1000,4011,1729,666,binary,6,7,163500,0,0
18,density,er_d4,1000,4011,1729,666,selected_grid,6,8,104000,205.33433066596945,9578600
18,density,er_d4,1000,4011,1729,666,mean_degree,6,9,140600,12.798200614932027,3500
18,density,er_d4,1000,4011,1729,666,mean_degree,7,0,130900,12.798200614932027,3500
18,density,er_d4,1000,4011,1729,666,selected_grid,7,1,100500,205.33433066596945,9578600
18,density,er_d4,1000,4011,1729,666,binary,7,2,164900,0,0
18,density,er_d4,1000,4011,1729,666,std_binary,7,3,180300,0,0
18,density,er_d4,1000,4011,1729,666,mean_map,7,4,116700,51.33358266649236,3500
18,density,er_d4,1000,4011,1729,666,fourary,7,5,172700,0,0
18,density,er_d4,1000,4011,1729,666,caliber,7,6,143900,0,16800
18,density,er_d4,1000,4011,1729,666,max_maxdegree,7,7,157800,8.331234145309343,11500
18,density,er_d4,1000,4011,1729,666,degree4,7,8,196700,0,60200
18,density,er_d4,1000,4011,1729,666,mean_ring,7,9,107800,51.33358266649236,3500
19,calibration,er_d8,1000,7985,1729,0,grid_1.5,0,0,155800,76.16140807794623,6300
19,calibration,er_d8,1000,7985,1729,0,grid_2,0,1,140700,101.54854410392831,6300
19,calibration,er_d8,1000,7985,1729,0,grid_0.25,0,2,178000,12.693568012991038,6300
19,calibration,er_d8,1000,7985,1729,0,grid_0.75,0,3,156000,38.08070403897312,6300
19,calibration,er_d8,1000,7985,1729,0,grid_0.05,0,4,220000,2.5387136025982078,6300
19,calibration,er_d8,1000,7985,1729,0,grid_0.5,0,5,160500,25.387136025982077,6300
19,calibration,er_d8,1000,7985,1729,0,grid_0.1,0,6,196200,5.0774272051964155,6300
19,calibration,er_d8,1000,7985,1729,0,grid_16,0,7,161400,812.3883528314265,6300
19,calibration,er_d8,1000,7985,1729,0,grid_0.03125,0,8,227600,1.5866960016238798,6300
19,calibration,er_d8,1000,7985,1729,0,grid_4,0,9,163300,203.09708820785661,6300
19,calibration,er_d8,1000,7985,1729,0,grid_8,0,10,162900,406.19417641571323,6300
19,calibration,er_d8,1000,7985,1729,0,grid_1,0,11,158200,50.774272051964154,6300
19,calibration,er_d8,1000,7985,1729,0,grid_1,1,0,145300,50.774272051964154,6300
19,calibration,er_d8,1000,7985,1729,0,grid_8,1,1,151300,406.19417641571323,6300
19,calibration,er_d8,1000,7985,1729,0,grid_4,1,2,154100,203.09708820785661,6300
19,calibration,er_d8,1000,7985,1729,0,grid_0.03125,1,3,219500,1.5866960016238798,6300
19,calibration,er_d8,1000,7985,1729,0,grid_16,1,4,153200,812.3883528314265,6300
19,calibration,er_d8,1000,7985,1729,0,grid_0.1,1,5,189400,5.0774272051964155,6300
19,calibration,er_d8,1000,7985,1729,0,grid_0.5,1,6,163400,25.387136025982077,6300
19,calibration,er_d8,1000,7985,1729,0,grid_0.05,1,7,213300,2.5387136025982078,6300
19,calibration,er_d8,1000,7985,1729,0,grid_0.75,1,8,166000,38.08070403897312,6300
19,calibration,er_d8,1000,7985,1729,0,grid_0.25,1,9,178900,12.693568012991038,6300
19,calibration,er_d8,1000,7985,1729,0,grid_2,1,10,145200,101.54854410392831,6300
19,calibration,er_d8,1000,7985,1729,0,grid_1.5,1,11,158800,76.16140807794623,6300
19,calibration,er_d8,1000,7985,1729,0,grid_0.75,2,0,151900,38.08070403897312,6300
19,calibration,er_d8,1000,7985,1729,0,grid_0.05,2,1,206700,2.5387136025982078,6300
19,calibration,er_d8,1000,7985,1729,0,grid_1.5,2,2,158000,76.16140807794623,6300
19,calibration,er_d8,1000,7985,1729,0,grid_16,2,3,162800,812.3883528314265,6300
19,calibration,er_d8,1000,7985,1729,0,grid_0.5,2,4,158500,25.387136025982077,6300
19,calibration,er_d8,1000,7985,1729,0,grid_0.1,2,5,192600,5.0774272051964155,6300
19,calibration,er_d8,1000,7985,1729,0,grid_1,2,6,158500,50.774272051964154,6300
19,calibration,er_d8,1000,7985,1729,0,grid_0.03125,2,7,225500,1.5866960016238798,6300
19,calibration,er_d8,1000,7985,1729,0,grid_2,2,8,139500,101.54854410392831,6300
19,calibration,er_d8,1000,7985,1729,0,grid_8,2,9,160000,406.19417641571323,6300
19,calibration,er_d8,1000,7985,1729,0,grid_0.25,2,10,177500,12.693568012991038,6300
19,calibration,er_d8,1000,7985,1729,0,grid_4,2,11,163200,203.09708820785661,6300
19,calibration,er_d8,1000,7985,1729,0,grid_4,3,0,151300,203.09708820785661,6300
19,calibration,er_d8,1000,7985,1729,0,grid_0.25,3,1,169500,12.693568012991038,6300
19,calibration,er_d8,1000,7985,1729,0,grid_8,3,2,153600,406.19417641571323,6300
19,calibration,er_d8,1000,7985,1729,0,grid_2,3,3,135900,101.54854410392831,6300
19,calibration,er_d8,1000,7985,1729,0,grid_0.03125,3,4,231000,1.5866960016238798,6300
19,calibration,er_d8,1000,7985,1729,0,grid_1,3,5,154200,50.774272051964154,6300
19,calibration,er_d8,1000,7985,1729,0,grid_0.1,3,6,195900,5.0774272051964155,6300
19,calibration,er_d8,1000,7985,1729,0,grid_0.5,3,7,165000,25.387136025982077,6300
19,calibration,er_d8,1000,7985,1729,0,grid_16,3,8,163300,812.3883528314265,6300
19,calibration,er_d8,1000,7985,1729,0,grid_1.5,3,9,155800,76.16140807794623,6300
19,calibration,er_d8,1000,7985,1729,0,grid_0.05,3,10,211500,2.5387136025982078,6300
19,calibration,er_d8,1000,7985,1729,0,grid_0.75,3,11,155900,38.08070403897312,6300
19,calibration,er_d8,1000,7985,1729,0,grid_0.03125,4,0,219500,1.5866960016238798,6300
19,calibration,er_d8,1000,7985,1729,0,grid_0.05,4,1,204800,2.5387136025982078,6300
19,calibration,er_d8,1000,7985,1729,0,grid_0.75,4,2,153100,38.08070403897312,6300
19,calibration,er_d8,1000,7985,1729,0,grid_0.25,4,3,184800,12.693568012991038,6300
19,calibration,er_d8,1000,7985,1729,0,grid_0.1,4,4,191700,5.0774272051964155,6300
19,calibration,er_d8,1000,7985,1729,0,grid_4,4,5,165800,203.09708820785661,6300
19,calibration,er_d8,1000,7985,1729,0,grid_16,4,6,157800,812.3883528314265,6300
19,calibration,er_d8,1000,7985,1729,0,grid_1.5,4,7,167300,76.16140807794623,6300
19,calibration,er_d8,1000,7985,1729,0,grid_1,4,8,150000,50.774272051964154,6300
19,calibration,er_d8,1000,7985,1729,0,grid_0.5,4,9,158700,25.387136025982077,6300
19,calibration,er_d8,1000,7985,1729,0,grid_8,4,10,160700,406.19417641571323,6300
19,calibration,er_d8,1000,7985,1729,0,grid_2,4,11,140100,101.54854410392831,6300
19,calibration,er_d8,1000,7985,1729,0,grid_2,5,0,135800,101.54854410392831,6300
19,calibration,er_d8,1000,7985,1729,0,grid_8,5,1,158400,406.19417641571323,6300
19,calibration,er_d8,1000,7985,1729,0,grid_0.5,5,2,163500,25.387136025982077,6300
19,calibration,er_d8,1000,7985,1729,0,grid_1,5,3,152800,50.774272051964154,6300
19,calibration,er_d8,1000,7985,1729,0,grid_1.5,5,4,276400,76.16140807794623,6300
19,calibration,er_d8,1000,7985,1729,0,grid_16,5,5,170800,812.3883528314265,6300
19,calibration,er_d8,1000,7985,1729,0,grid_4,5,6,164500,203.09708820785661,6300
19,calibration,er_d8,1000,7985,1729,0,grid_0.1,5,7,199100,5.0774272051964155,6300
19,calibration,er_d8,1000,7985,1729,0,grid_0.25,5,8,181600,12.693568012991038,6300
19,calibration,er_d8,1000,7985,1729,0,grid_0.75,5,9,180300,38.08070403897312,6300
19,calibration,er_d8,1000,7985,1729,0,grid_0.05,5,10,230000,2.5387136025982078,6300
19,calibration,er_d8,1000,7985,1729,0,grid_0.03125,5,11,229600,1.5866960016238798,6300
19,density,er_d8,1000,7985,1729,333,mean_degree,0,0,220500,6.3587065813355235,6300
19,density,er_d8,1000,7985,1729,333,selected_grid,0,1,141200,101.54854410392831,12593100
19,density,er_d8,1000,7985,1729,333,caliber,0,2,224000,0,23100
19,density,er_d8,1000,7985,1729,333,mean_ring,0,3,145100,50.774272051964154,6300
19,density,er_d8,1000,7985,1729,333,degree4,0,4,247300,0,54500
19,density,er_d8,1000,7985,1729,333,std_binary,0,5,254100,0,0
19,density,er_d8,1000,7985,1729,333,mean_map,0,6,145900,50.774272051964154,6300
19,density,er_d8,1000,7985,1729,333,max_maxdegree,0,7,199400,5.881984170796443,17600
19,density,er_d8,1000,7985,1729,333,binary,0,8,243800,0,0
19,density,er_d8,1000,7985,1729,333,fourary,0,9,255800,0,0
19,density,er_d8,1000,7985,1729,333,fourary,1,0,263000,0,0
19,density,er_d8,1000,7985,1729,333,binary,1,1,244600,0,0
19,density,er_d8,1000,7985,1729,333,max_maxdegree,1,2,194300,5.881984170796443,17600
19,density,er_d8,1000,7985,1729,333,mean_map,1,3,152500,50.774272051964154,6300
19,density,er_d8,1000,7985,1729,333,std_binary,1,4,254400,0,0
19,density,er_d8,1000,7985,1729,333,degree4,1,5,250000,0,54500
19,density,er_d8,1000,7985,1729,333,mean_ring,1,6,143800,50.774272051964154,6300
19,density,er_d8,1000,7985,1729,333,caliber,1,7,222600,0,23100
19,density,er_d8,1000,7985,1729,333,selected_grid,1,8,144000,101.54854410392831,12593100
19,density,er_d8,1000,7985,1729,333,mean_degree,1,9,395800,6.3587065813355235,6300
19,density,er_d8,1000,7985,1729,333,fourary,2,0,247500,0,0
19,density,er_d8,1000,7985,1729,333,caliber,2,1,221500,0,23100
19,density,er_d8,1000,7985,1729,333,std_binary,2,2,239700,0,0
19,density,er_d8,1000,7985,1729,333,max_maxdegree,2,3,193600,5.881984170796443,17600
19,density,er_d8,1000,7985,1729,333,degree4,2,4,251100,0,54500
19,density,er_d8,1000,7985,1729,333,mean_map,2,5,155400,50.774272051964154,6300
19,density,er_d8,1000,7985,1729,333,binary,2,6,251100,0,0
19,density,er_d8,1000,7985,1729,333,mean_ring,2,7,296500,50.774272051964154,6300
19,density,er_d8,1000,7985,1729,333,mean_degree,2,8,203800,6.3587065813355235,6300
19,density,er_d8,1000,7985,1729,333,selected_grid,2,9,144200,101.54854410392831,12593100
19,density,er_d8,1000,7985,1729,333,selected_grid,3,0,131400,101.54854410392831,12593100
19,density,er_d8,1000,7985,1729,333,mean_degree,3,1,192700,6.3587065813355235,6300
19,density,er_d8,1000,7985,1729,333,mean_ring,3,2,148400,50.774272051964154,6300
19,density,er_d8,1000,7985,1729,333,binary,3,3,248700,0,0
19,density,er_d8,1000,7985,1729,333,mean_map,3,4,150000,50.774272051964154,6300
19,density,er_d8,1000,7985,1729,333,degree4,3,5,250200,0,54500
19,density,er_d8,1000,7985,1729,333,max_maxdegree,3,6,209100,5.881984170796443,17600
19,density,er_d8,1000,7985,1729,333,std_binary,3,7,248500,0,0
19,density,er_d8,1000,7985,1729,333,caliber,3,8,222800,0,23100
19,density,er_d8,1000,7985,1729,333,fourary,3,9,304800,0,0
19,density,er_d8,1000,7985,1729,333,caliber,4,0,223700,0,23100
19,density,er_d8,1000,7985,1729,333,selected_grid,4,1,147100,101.54854410392831,12593100
19,density,er_d8,1000,7985,1729,333,mean_ring,4,2,139400,50.774272051964154,6300
19,density,er_d8,1000,7985,1729,333,degree4,4,3,244400,0,54500
19,density,er_d8,1000,7985,1729,333,fourary,4,4,268900,0,0
19,density,er_d8,1000,7985,1729,333,max_maxdegree,4,5,224100,5.881984170796443,17600
19,density,er_d8,1000,7985,1729,333,mean_map,4,6,147900,50.774272051964154,6300
19,density,er_d8,1000,7985,1729,333,std_binary,4,7,242400,0,0
19,density,er_d8,1000,7985,1729,333,binary,4,8,243800,0,0
19,density,er_d8,1000,7985,1729,333,mean_degree,4,9,200200,6.3587065813355235,6300
19,density,er_d8,1000,7985,1729,333,mean_degree,5,0,188300,6.3587065813355235,6300
19,density,er_d8,1000,7985,1729,333,binary,5,1,243100,0,0
19,density,er_d8,1000,7985,1729,333,std_binary,5,2,240800,0,0
19,density,er_d8,1000,7985,1729,333,mean_map,5,3,167800,50.774272051964154,6300
19,density,er_d8,1000,7985,1729,333,max_maxdegree,5,4,194700,5.881984170796443,17600
19,density,er_d8,1000,7985,1729,333,fourary,5,5,248200,0,0
19,density,er_d8,1000,7985,1729,333,degree4,5,6,250700,0,54500
19,density,er_d8,1000,7985,1729,333,mean_ring,5,7,141000,50.774272051964154,6300
19,density,er_d8,1000,7985,1729,333,selected_grid,5,8,156500,101.54854410392831,12593100
19,density,er_d8,1000,7985,1729,333,caliber,5,9,239800,0,23100
19,density,er_d8,1000,7985,1729,333,mean_map,6,0,149100,50.774272051964154,6300
19,density,er_d8,1000,7985,1729,333,max_maxdegree,6,1,196300,5.881984170796443,17600
19,density,er_d8,1000,7985,1729,333,selected_grid,6,2,145500,101.54854410392831,12593100
19,density,er_d8,1000,7985,1729,333,caliber,6,3,229200,0,23100
19,density,er_d8,1000,7985,1729,333,fourary,6,4,260100,0,0
19,density,er_d8,1000,7985,1729,333,std_binary,6,5,244800,0,0
19,density,er_d8,1000,7985,1729,333,binary,6,6,248900,0,0
19,density,er_d8,1000,7985,1729,333,mean_degree,6,7,205900,6.3587065813355235,6300
19,density,er_d8,1000,7985,1729,333,degree4,6,8,313500,0,54500
19,density,er_d8,1000,7985,1729,333,mean_ring,6,9,163700,50.774272051964154,6300
19,density,er_d8,1000,7985,1729,333,mean_ring,7,0,138700,50.774272051964154,6300
19,density,er_d8,1000,7985,1729,333,degree4,7,1,248300,0,54500
19,density,er_d8,1000,7985,1729,333,mean_degree,7,2,255300,6.3587065813355235,6300
19,density,er_d8,1000,7985,1729,333,binary,7,3,303700,0,0
19,density,er_d8,1000,7985,1729,333,std_binary,7,4,243300,0,0
19,density,er_d8,1000,7985,1729,333,fourary,7,5,246300,0,0
19,density,er_d8,1000,7985,1729,333,caliber,7,6,221700,0,23100
19,density,er_d8,1000,7985,1729,333,selected_grid,7,7,150600,101.54854410392831,12593100
19,density,er_d8,1000,7985,1729,333,max_maxdegree,7,8,205200,5.881984170796443,17600
19,density,er_d8,1000,7985,1729,333,mean_map,7,9,175100,50.774272051964154,6300
19,density,er_d8,1000,7985,1729,666,std_binary,0,0,250200,0,0
19,density,er_d8,1000,7985,1729,666,binary,0,1,285000,0,0
19,density,er_d8,1000,7985,1729,666,selected_grid,0,2,153400,101.54854410392831,12593100
19,density,er_d8,1000,7985,1729,666,fourary,0,3,254100,0,0
19,density,er_d8,1000,7985,1729,666,mean_ring,0,4,149000,50.774272051964154,6300
19,density,er_d8,1000,7985,1729,666,degree4,0,5,254700,0,54500
19,density,er_d8,1000,7985,1729,666,mean_degree,0,6,207800,6.3587065813355235,6300
19,density,er_d8,1000,7985,1729,666,caliber,0,7,226300,0,23100
19,density,er_d8,1000,7985,1729,666,max_maxdegree,0,8,219200,5.881984170796443,17600
19,density,er_d8,1000,7985,1729,666,mean_map,0,9,172500,50.774272051964154,6300
19,density,er_d8,1000,7985,1729,666,mean_map,1,0,154600,50.774272051964154,6300
19,density,er_d8,1000,7985,1729,666,max_maxdegree,1,1,190900,5.881984170796443,17600
19,density,er_d8,1000,7985,1729,666,caliber,1,2,221500,0,23100
19,density,er_d8,1000,7985,1729,666,mean_degree,1,3,193000,6.3587065813355235,6300
19,density,er_d8,1000,7985,1729,666,degree4,1,4,250700,0,54500
19,density,er_d8,1000,7985,1729,666,mean_ring,1,5,146900,50.774272051964154,6300
19,density,er_d8,1000,7985,1729,666,fourary,1,6,254300,0,0
19,density,er_d8,1000,7985,1729,666,selected_grid,1,7,144600,101.54854410392831,12593100
19,density,er_d8,1000,7985,1729,666,binary,1,8,247900,0,0
19,density,er_d8,1000,7985,1729,666,std_binary,1,9,253100,0,0
19,density,er_d8,1000,7985,1729,666,mean_ring,2,0,142900,50.774272051964154,6300
19,density,er_d8,1000,7985,1729,666,binary,2,1,250200,0,0
19,density,er_d8,1000,7985,1729,666,fourary,2,2,297500,0,0
19,density,er_d8,1000,7985,1729,666,degree4,2,3,369600,0,54500
19,density,er_d8,1000,7985,1729,666,max_maxdegree,2,4,448900,5.881984170796443,17600
19,density,er_d8,1000,7985,1729,666,mean_map,2,5,765200,50.774272051964154,6300
19,density,er_d8,1000,7985,1729,666,std_binary,2,6,383900,0,0
19,density,er_d8,1000,7985,1729,666,mean_degree,2,7,282200,6.3587065813355235,6300
19,density,er_d8,1000,7985,1729,666,caliber,2,8,288500,0,23100
19,density,er_d8,1000,7985,1729,666,selected_grid,2,9,183600,101.54854410392831,12593100
19,density,er_d8,1000,7985,1729,666,selected_grid,3,0,172200,101.54854410392831,12593100
19,density,er_d8,1000,7985,1729,666,caliber,3,1,270000,0,23100
19,density,er_d8,1000,7985,1729,666,mean_degree,3,2,250400,6.3587065813355235,6300
19,density,er_d8,1000,7985,1729,666,std_binary,3,3,269200,0,0
19,density,er_d8,1000,7985,1729,666,mean_map,3,4,158300,50.774272051964154,6300
19,density,er_d8,1000,7985,1729,666,max_maxdegree,3,5,211700,5.881984170796443,17600
19,density,er_d8,1000,7985,1729,666,degree4,3,6,264900,0,54500
19,density,er_d8,1000,7985,1729,666,fourary,3,7,256200,0,0
19,density,er_d8,1000,7985,1729,666,binary,3,8,251800,0,0
19,density,er_d8,1000,7985,1729,666,mean_ring,3,9,149900,50.774272051964154,6300
19,density,er_d8,1000,7985,1729,666,std_binary,4,0,242700,0,0
19,density,er_d8,1000,7985,1729,666,mean_degree,4,1,204900,6.3587065813355235,6300
19,density,er_d8,1000,7985,1729,666,selected_grid,4,2,143300,101.54854410392831,12593100
19,density,er_d8,1000,7985,1729,666,mean_ring,4,3,145200,50.774272051964154,6300
19,density,er_d8,1000,7985,1729,666,mean_map,4,4,151300,50.774272051964154,6300
19,density,er_d8,1000,7985,1729,666,max_maxdegree,4,5,217200,5.881984170796443,17600
19,density,er_d8,1000,7985,1729,666,fourary,4,6,259400,0,0
19,density,er_d8,1000,7985,1729,666,degree4,4,7,254600,0,54500
19,density,er_d8,1000,7985,1729,666,binary,4,8,249600,0,0
19,density,er_d8,1000,7985,1729,666,caliber,4,9,229900,0,23100
19,density,er_d8,1000,7985,1729,666,caliber,5,0,218600,0,23100
19,density,er_d8,1000,7985,1729,666,binary,5,1,245300,0,0
19,density,er_d8,1000,7985,1729,666,degree4,5,2,250400,0,54500
19,density,er_d8,1000,7985,1729,666,fourary,5,3,249700,0,0
19,density,er_d8,1000,7985,1729,666,max_maxdegree,5,4,204300,5.881984170796443,17600
19,density,er_d8,1000,7985,1729,666,mean_map,5,5,165300,50.774272051964154,6300
19,density,er_d8,1000,7985,1729,666,mean_ring,5,6,147000,50.774272051964154,6300
19,density,er_d8,1000,7985,1729,666,selected_grid,5,7,146800,101.54854410392831,12593100
19,density,er_d8,1000,7985,1729,666,mean_degree,5,8,194700,6.3587065813355235,6300
19,density,er_d8,1000,7985,1729,666,std_binary,5,9,237500,0,0
19,density,er_d8,1000,7985,1729,666,mean_ring,6,0,148000,50.774272051964154,6300
19,density,er_d8,1000,7985,1729,666,degree4,6,1,249100,0,54500
19,density,er_d8,1000,7985,1729,666,max_maxdegree,6,2,196100,5.881984170796443,17600
19,density,er_d8,1000,7985,1729,666,caliber,6,3,226600,0,23100
19,density,er_d8,1000,7985,1729,666,fourary,6,4,260000,0,0
19,density,er_d8,1000,7985,1729,666,mean_map,6,5,159600,50.774272051964154,6300
19,density,er_d8,1000,7985,1729,666,std_binary,6,6,235600,0,0
19,density,er_d8,1000,7985,1729,666,binary,6,7,251400,0,0
19,density,er_d8,1000,7985,1729,666,selected_grid,6,8,136600,101.54854410392831,12593100
19,density,er_d8,1000,7985,1729,666,mean_degree,6,9,193200,6.3587065813355235,6300
19,density,er_d8,1000,7985,1729,666,mean_degree,7,0,175600,6.3587065813355235,6300
19,density,er_d8,1000,7985,1729,666,selected_grid,7,1,145800,101.54854410392831,12593100
19,density,er_d8,1000,7985,1729,666,binary,7,2,244900,0,0
19,density,er_d8,1000,7985,1729,666,std_binary,7,3,233400,0,0
19,density,er_d8,1000,7985,1729,666,mean_map,7,4,153400,50.774272051964154,6300
19,density,er_d8,1000,7985,1729,666,fourary,7,5,247800,0,0
19,density,er_d8,1000,7985,1729,666,caliber,7,6,224800,0,23100
19,density,er_d8,1000,7985,1729,666,max_maxdegree,7,7,205400,5.881984170796443,17600
19,density,er_d8,1000,7985,1729,666,degree4,7,8,259900,0,54500
19,density,er_d8,1000,7985,1729,666,mean_ring,7,9,170800,50.774272051964154,6300
20,calibration,er_d16,1000,16166,1729,0,grid_1.5,0,0,234700,76.06656997450456,12500
20,calibration,er_d16,1000,16166,1729,0,grid_2,0,1,243900,101.42209329933941,12500
20,calibration,er_d16,1000,16166,1729,0,grid_0.25,0,2,218300,12.677761662417426,12500
20,calibration,er_d16,1000,16166,1729,0,grid_0.75,0,3,213500,38.03328498725228,12500
20,calibration,er_d16,1000,16166,1729,0,grid_0.05,0,4,285800,2.535552332483485,12500
20,calibration,er_d16,1000,16166,1729,0,grid_0.5,0,5,207500,25.355523324834852,12500
20,calibration,er_d16,1000,16166,1729,0,grid_0.1,0,6,397100,5.07110466496697,12500
20,calibration,er_d16,1000,16166,1729,0,grid_16,0,7,263200,811.3767463947153,12500
20,calibration,er_d16,1000,16166,1729,0,grid_0.03125,0,8,316500,1.5847202078021783,12500
20,calibration,er_d16,1000,16166,1729,0,grid_4,0,9,279300,202.84418659867882,12500
20,calibration,er_d16,1000,16166,1729,0,grid_8,0,10,475200,405.68837319735763,12500
20,calibration,er_d16,1000,16166,1729,0,grid_1,0,11,328300,50.711046649669704,12500
20,calibration,er_d16,1000,16166,1729,0,grid_1,1,0,319100,50.711046649669704,12500
20,calibration,er_d16,1000,16166,1729,0,grid_8,1,1,259700,405.68837319735763,12500
20,calibration,er_d16,1000,16166,1729,0,grid_4,1,2,250200,202.84418659867882,12500
20,calibration,er_d16,1000,16166,1729,0,grid_0.03125,1,3,303500,1.5847202078021783,12500
20,calibration,er_d16,1000,16166,1729,0,grid_16,1,4,252500,811.3767463947153,12500
20,calibration,er_d16,1000,16166,1729,0,grid_0.1,1,5,257500,5.07110466496697,12500
20,calibration,er_d16,1000,16166,1729,0,grid_0.5,1,6,205300,25.355523324834852,12500
20,calibration,er_d16,1000,16166,1729,0,grid_0.05,1,7,286800,2.535552332483485,12500
20,calibration,er_d16,1000,16166,1729,0,grid_0.75,1,8,215100,38.03328498725228,12500
20,calibration,er_d16,1000,16166,1729,0,grid_0.25,1,9,221600,12.677761662417426,12500
20,calibration,er_d16,1000,16166,1729,0,grid_2,1,10,250900,101.42209329933941,12500
20,calibration,er_d16,1000,16166,1729,0,grid_1.5,1,11,248700,76.06656997450456,12500
20,calibration,er_d16,1000,16166,1729,0,grid_0.75,2,0,262200,38.03328498725228,12500
20,calibration,er_d16,1000,16166,1729,0,grid_0.05,2,1,285600,2.535552332483485,12500
20,calibration,er_d16,1000,16166,1729,0,grid_1.5,2,2,250000,76.06656997450456,12500
20,calibration,er_d16,1000,16166,1729,0,grid_16,2,3,286400,811.3767463947153,12500
20,calibration,er_d16,1000,16166,1729,0,grid_0.5,2,4,209500,25.355523324834852,12500
20,calibration,er_d16,1000,16166,1729,0,grid_0.1,2,5,262900,5.07110466496697,12500
20,calibration,er_d16,1000,16166,1729,0,grid_1,2,6,222300,50.711046649669704,12500
20,calibration,er_d16,1000,16166,1729,0,grid_0.03125,2,7,312600,1.5847202078021783,12500
20,calibration,er_d16,1000,16166,1729,0,grid_2,2,8,258500,101.42209329933941,12500
20,calibration,er_d16,1000,16166,1729,0,grid_8,2,9,296000,405.68837319735763,12500
20,calibration,er_d16,1000,16166,1729,0,grid_0.25,2,10,226900,12.677761662417426,12500
20,calibration,er_d16,1000,16166,1729,0,grid_4,2,11,351600,202.84418659867882,12500
20,calibration,er_d16,1000,16166,1729,0,grid_4,3,0,272400,202.84418659867882,12500
20,calibration,er_d16,1000,16166,1729,0,grid_0.25,3,1,568700,12.677761662417426,12500
20,calibration,er_d16,1000,16166,1729,0,grid_8,3,2,307000,405.68837319735763,12500
20,calibration,er_d16,1000,16166,1729,0,grid_2,3,3,294200,101.42209329933941,12500
20,calibration,er_d16,1000,16166,1729,0,grid_0.03125,3,4,369200,1.5847202078021783,12500
20,calibration,er_d16,1000,16166,1729,0,grid_1,3,5,207400,50.711046649669704,12500
20,calibration,er_d16,1000,16166,1729,0,grid_0.1,3,6,452600,5.07110466496697,12500
20,calibration,er_d16,1000,16166,1729,0,grid_0.5,3,7,214400,25.355523324834852,12500
20,calibration,er_d16,1000,16166,1729,0,grid_16,3,8,265200,811.3767463947153,12500
20,calibration,er_d16,1000,16166,1729,0,grid_1.5,3,9,243600,76.06656997450456,12500
20,calibration,er_d16,1000,16166,1729,0,grid_0.05,3,10,413900,2.535552332483485,12500
20,calibration,er_d16,1000,16166,1729,0,grid_0.75,3,11,226000,38.03328498725228,12500
20,calibration,er_d16,1000,16166,1729,0,grid_0.03125,4,0,305100,1.5847202078021783,12500
20,calibration,er_d16,1000,16166,1729,0,grid_0.05,4,1,349600,2.535552332483485,12500
20,calibration,er_d16,1000,16166,1729,0,grid_0.75,4,2,302000,38.03328498725228,12500
20,calibration,er_d16,1000,16166,1729,0,grid_0.25,4,3,261900,12.677761662417426,12500
20,calibration,er_d16,1000,16166,1729,0,grid_0.1,4,4,285200,5.07110466496697,12500
20,calibration,er_d16,1000,16166,1729,0,grid_4,4,5,258200,202.84418659867882,12500
20,calibration,er_d16,1000,16166,1729,0,grid_16,4,6,259000,811.3767463947153,12500
20,calibration,er_d16,1000,16166,1729,0,grid_1.5,4,7,238600,76.06656997450456,12500
20,calibration,er_d16,1000,16166,1729,0,grid_1,4,8,214000,50.711046649669704,12500
20,calibration,er_d16,1000,16166,1729,0,grid_0.5,4,9,205900,25.355523324834852,12500
20,calibration,er_d16,1000,16166,1729,0,grid_8,4,10,252400,405.68837319735763,12500
20,calibration,er_d16,1000,16166,1729,0,grid_2,4,11,244700,101.42209329933941,12500
20,calibration,er_d16,1000,16166,1729,0,grid_2,5,0,256200,101.42209329933941,12500
20,calibration,er_d16,1000,16166,1729,0,grid_8,5,1,256100,405.68837319735763,12500
20,calibration,er_d16,1000,16166,1729,0,grid_0.5,5,2,204400,25.355523324834852,12500
20,calibration,er_d16,1000,16166,1729,0,grid_1,5,3,207800,50.711046649669704,12500
20,calibration,er_d16,1000,16166,1729,0,grid_1.5,5,4,242900,76.06656997450456,12500
20,calibration,er_d16,1000,16166,1729,0,grid_16,5,5,267800,811.3767463947153,12500
20,calibration,er_d16,1000,16166,1729,0,grid_4,5,6,255700,202.84418659867882,12500
20,calibration,er_d16,1000,16166,1729,0,grid_0.1,5,7,262400,5.07110466496697,12500
20,calibration,er_d16,1000,16166,1729,0,grid_0.25,5,8,238000,12.677761662417426,12500
20,calibration,er_d16,1000,16166,1729,0,grid_0.75,5,9,228600,38.03328498725228,12500
20,calibration,er_d16,1000,16166,1729,0,grid_0.05,5,10,289000,2.535552332483485,12500
20,calibration,er_d16,1000,16166,1729,0,grid_0.03125,5,11,298200,1.5847202078021783,12500
20,density,er_d16,1000,16166,1729,333,mean_degree,0,0,273200,3.136895128644668,12500
20,density,er_d16,1000,16166,1729,333,selected_grid,0,1,227900,25.355523324834852,19922800
20,density,er_d16,1000,16166,1729,333,caliber,0,2,323800,0,28000
20,density,er_d16,1000,16166,1729,333,mean_ring,0,3,207100,50.711046649669704,12500
20,density,er_d16,1000,16166,1729,333,degree4,0,4,356200,0,52100
20,density,er_d16,1000,16166,1729,333,std_binary,0,5,361800,0,0
20,density,er_d16,1000,16166,1729,333,mean_map,0,6,227300,50.711046649669704,12500
20,density,er_d16,1000,16166,1729,333,max_maxdegree,0,7,281800,3.3331243634513177,24500
20,density,er_d16,1000,16166,1729,333,binary,0,8,347100,0,0
20,density,er_d16,1000,16166,1729,333,fourary,0,9,374400,0,0
20,density,er_d16,1000,16166,1729,333,fourary,1,0,343400,0,0
20,density,er_d16,1000,16166,1729,333,binary,1,1,341800,0,0
20,density,er_d16,1000,16166,1729,333,max_maxdegree,1,2,278900,3.3331243634513177,24500
20,density,er_d16,1000,16166,1729,333,mean_map,1,3,217000,50.711046649669704,12500
20,density,er_d16,1000,16166,1729,333,std_binary,1,4,344700,0,0
20,density,er_d16,1000,16166,1729,333,degree4,1,5,348900,0,52100
20,density,er_d16,1000,16166,1729,333,mean_ring,1,6,243000,50.711046649669704,12500
20,density,er_d16,1000,16166,1729,333,caliber,1,7,330700,0,28000
20,density,er_d16,1000,16166,1729,333,selected_grid,1,8,215800,25.355523324834852,19922800
20,density,er_d16,1000,16166,1729,333,mean_degree,1,9,286600,3.136895128644668,12500
20,density,er_d16,1000,16166,1729,333,fourary,2,0,357000,0,0
20,density,er_d16,1000,16166,1729,333,caliber,2,1,321000,0,28000
20,density,er_d16,1000,16166,1729,333,std_binary,2,2,396700,0,0
20,density,er_d16,1000,16166,1729,333,max_maxdegree,2,3,264100,3.3331243634513177,24500
20,density,er_d16,1000,16166,1729,333,degree4,2,4,343200,0,52100
20,density,er_d16,1000,16166,1729,333,mean_map,2,5,213400,50.711046649669704,12500
20,density,er_d16,1000,16166,1729,333,binary,2,6,427200,0,0
20,density,er_d16,1000,16166,1729,333,mean_ring,2,7,204800,50.711046649669704,12500
20,density,er_d16,1000,16166,1729,333,mean_degree,2,8,273100,3.136895128644668,12500
20,density,er_d16,1000,16166,1729,333,selected_grid,2,9,230100,25.355523324834852,19922800
20,density,er_d16,1000,16166,1729,333,selected_grid,3,0,193500,25.355523324834852,19922800
20,density,er_d16,1000,16166,1729,333,mean_degree,3,1,269600,3.136895128644668,12500
20,density,er_d16,1000,16166,1729,333,mean_ring,3,2,203400,50.711046649669704,12500
20,density,er_d16,1000,16166,1729,333,binary,3,3,359000,0,0
20,density,er_d16,1000,16166,1729,333,mean_map,3,4,214700,50.711046649669704,12500
20,density,er_d16,1000,16166,1729,333,degree4,3,5,345200,0,52100
20,density,er_d16,1000,16166,1729,333,max_maxdegree,3,6,269500,3.3331243634513177,24500
20,density,er_d16,1000,16166,1729,333,std_binary,3,7,354500,0,0
20,density,er_d16,1000,16166,1729,333,caliber,3,8,321000,0,28000
20,density,er_d16,1000,16166,1729,333,fourary,3,9,399000,0,0
20,density,er_d16,1000,16166,1729,333,caliber,4,0,330900,0,28000
20,density,er_d16,1000,16166,1729,333,selected_grid,4,1,216800,25.355523324834852,19922800
20,density,er_d16,1000,16166,1729,333,mean_ring,4,2,204900,50.711046649669704,12500
20,density,er_d16,1000,16166,1729,333,degree4,4,3,360300,0,52100
20,density,er_d16,1000,16166,1729,333,fourary,4,4,338900,0,0
20,density,er_d16,1000,16166,1729,333,max_maxdegree,4,5,274600,3.3331243634513177,24500
20,density,er_d16,1000,16166,1729,333,mean_map,4,6,209900,50.711046649669704,12500
20,density,er_d16,1000,16166,1729,333,std_binary,4,7,359000,0,0
20,density,er_d16,1000,16166,1729,333,binary,4,8,341000,0,0
20,density,er_d16,1000,16166,1729,333,mean_degree,4,9,275800,3.136895128644668,12500
20,density,er_d16,1000,16166,1729,333,mean_degree,5,0,498400,3.136895128644668,12500
20,density,er_d16,1000,16166,1729,333,binary,5,1,416500,0,0
20,density,er_d16,1000,16166,1729,333,std_binary,5,2,347200,0,0
20,density,er_d16,1000,16166,1729,333,mean_map,5,3,247300,50.711046649669704,12500
20,density,er_d16,1000,16166,1729,333,max_maxdegree,5,4,276600,3.3331243634513177,24500
20,density,er_d16,1000,16166,1729,333,fourary,5,5,452200,0,0
20,density,er_d16,1000,16166,1729,333,degree4,5,6,396700,0,52100
20,density,er_d16,1000,16166,1729,333,mean_ring,5,7,213200,50.711046649669704,12500
20,density,er_d16,1000,16166,1729,333,selected_grid,5,8,211100,25.355523324834852,19922800
20,density,er_d16,1000,16166,1729,333,caliber,5,9,397800,0,28000
20,density,er_d16,1000,16166,1729,333,mean_map,6,0,229600,50.711046649669704,12500
20,density,er_d16,1000,16166,1729,333,max_maxdegree,6,1,281100,3.3331243634513177,24500
20,density,er_d16,1000,16166,1729,333,selected_grid,6,2,207500,25.355523324834852,19922800
20,density,er_d16,1000,16166,1729,333,caliber,6,3,327700,0,28000
20,density,er_d16,1000,16166,1729,333,fourary,6,4,357900,0,0
20,density,er_d16,1000,16166,1729,333,std_binary,6,5,357100,0,0
20,density,er_d16,1000,16166,1729,333,binary,6,6,396700,0,0
20,density,er_d16,1000,16166,1729,333,mean_degree,6,7,276400,3.136895128644668,12500
20,density,er_d16,1000,16166,1729,333,degree4,6,8,353300,0,52100
20,density,er_d16,1000,16166,1729,333,mean_ring,6,9,221000,50.711046649669704,12500
20,density,er_d16,1000,16166,1729,333,mean_ring,7,0,194300,50.711046649669704,12500
20,density,er_d16,1000,16166,1729,333,degree4,7,1,344600,0,52100
20,density,er_d16,1000,16166,1729,333,mean_degree,7,2,270700,3.136895128644668,12500
20,density,er_d16,1000,16166,1729,333,binary,7,3,357400,0,0
20,density,er_d16,1000,16166,1729,333,std_binary,7,4,343500,0,0
20,density,er_d16,1000,16166,1729,333,fourary,7,5,349400,0,0
20,density,er_d16,1000,16166,1729,333,caliber,7,6,342600,0,28000
20,density,er_d16,1000,16166,1729,333,selected_grid,7,7,224900,25.355523324834852,19922800
20,density,er_d16,1000,16166,1729,333,max_maxdegree,7,8,272800,3.3331243634513177,24500
20,density,er_d16,1000,16166,1729,333,mean_map,7,9,252000,50.711046649669704,12500
20,density,er_d16,1000,16166,1729,666,std_binary,0,0,335600,0,0
20,density,er_d16,1000,16166,1729,666,binary,0,1,348100,0,0
20,density,er_d16,1000,16166,1729,666,selected_grid,0,2,199100,25.355523324834852,19922800
20,density,er_d16,1000,16166,1729,666,fourary,0,3,327300,0,0
20,density,er_d16,1000,16166,1729,666,mean_ring,0,4,206800,50.711046649669704,12500
20,density,er_d16,1000,16166,1729,666,degree4,0,5,371200,0,52100
20,density,er_d16,1000,16166,1729,666,mean_degree,0,6,308400,3.136895128644668,12500
20,density,er_d16,1000,16166,1729,666,caliber,0,7,309500,0,28000
20,density,er_d16,1000,16166,1729,666,max_maxdegree,0,8,271400,3.3331243634513177,24500
20,density,er_d16,1000,16166,1729,666,mean_map,0,9,218400,50.711046649669704,12500
20,density,er_d16,1000,16166,1729,666,mean_map,1,0,208400,50.711046649669704,12500
20,density,er_d16,1000,16166,1729,666,max_maxdegree,1,1,260600,3.3331243634513177,24500
20,density,er_d16,1000,16166,1729,666,caliber,1,2,315300,0,28000
20,density,er_d16,1000,16166,1729,666,mean_degree,1,3,271000,3.136895128644668,12500
20,density,er_d16,1000,16166,1729,666,degree4,1,4,343100,0,52100
20,density,er_d16,1000,16166,1729,666,mean_ring,1,5,210900,50.711046649669704,12500
20,density,er_d16,1000,16166,1729,666,fourary,1,6,333000,0,0
20,density,er_d16,1000,16166,1729,666,selected_grid,1,7,210600,25.355523324834852,19922800
20,density,er_d16,1000,16166,1729,666,binary,1,8,333500,0,0
20,density,er_d16,1000,16166,1729,666,std_binary,1,9,361900,0,0
20,density,er_d16,1000,16166,1729,666,mean_ring,2,0,216900,50.711046649669704,12500
20,density,er_d16,1000,16166,1729,666,binary,2,1,323500,0,0
20,density,er_d16,1000,16166,1729,666,fourary,2,2,353900,0,0
20,density,er_d16,1000,16166,1729,666,degree4,2,3,339100,0,52100
20,density,er_d16,1000,16166,1729,666,max_maxdegree,2,4,286700,3.3331243634513177,24500
20,density,er_d16,1000,16166,1729,666,mean_map,2,5,227400,50.711046649669704,12500
20,density,er_d16,1000,16166,1729,666,std_binary,2,6,342500,0,0
20,density,er_d16,1000,16166,1729,666,mean_degree,2,7,277800,3.136895128644668,12500
20,density,er_d16,1000,16166,1729,666,caliber,2,8,310200,0,28000
20,density,er_d16,1000,16166,1729,666,selected_grid,2,9,211100,25.355523324834852,19922800
20,density,er_d16,1000,16166,1729,666,selected_grid,3,0,200100,25.355523324834852,19922800
20,density,er_d16,1000,16166,1729,666,caliber,3,1,306700,0,28000
20,density,er_d16,1000,16166,1729,666,mean_degree,3,2,273800,3.136895128644668,12500
20,density,er_d16,1000,16166,1729,666,std_binary,3,3,357500,0,0
20,density,er_d16,1000,16166,1729,666,mean_map,3,4,228000,50.711046649669704,12500
20,density,er_d16,1000,16166,1729,666,max_maxdegree,3,5,272200,3.3331243634513177,24500
20,density,er_d16,1000,16166,1729,666,degree4,3,6,346700,0,52100
20,density,er_d16,1000,16166,1729,666,fourary,3,7,345200,0,0
20,density,er_d16,1000,16166,1729,666,binary,3,8,342400,0,0
20,density,er_d16,1000,16166,1729,666,mean_ring,3,9,215800,50.711046649669704,12500
20,density,er_d16,1000,16166,1729,666,std_binary,4,0,343700,0,0
20,density,er_d16,1000,16166,1729,666,mean_degree,4,1,292100,3.136895128644668,12500
20,density,er_d16,1000,16166,1729,666,selected_grid,4,2,219700,25.355523324834852,19922800
20,density,er_d16,1000,16166,1729,666,mean_ring,4,3,210300,50.711046649669704,12500
20,density,er_d16,1000,16166,1729,666,mean_map,4,4,213200,50.711046649669704,12500
20,density,er_d16,1000,16166,1729,666,max_maxdegree,4,5,273700,3.3331243634513177,24500
20,density,er_d16,1000,16166,1729,666,fourary,4,6,327500,0,0
20,density,er_d16,1000,16166,1729,666,degree4,4,7,346500,0,52100
20,density,er_d16,1000,16166,1729,666,binary,4,8,327500,0,0
20,density,er_d16,1000,16166,1729,666,caliber,4,9,312700,0,28000
20,density,er_d16,1000,16166,1729,666,caliber,5,0,301900,0,28000
20,density,er_d16,1000,16166,1729,666,binary,5,1,320800,0,0
20,density,er_d16,1000,16166,1729,666,degree4,5,2,319400,0,52100
20,density,er_d16,1000,16166,1729,666,fourary,5,3,330700,0,0
20,density,er_d16,1000,16166,1729,666,max_maxdegree,5,4,277000,3.3331243634513177,24500
20,density,er_d16,1000,16166,1729,666,mean_map,5,5,218500,50.711046649669704,12500
20,density,er_d16,1000,16166,1729,666,mean_ring,5,6,208400,50.711046649669704,12500
20,density,er_d16,1000,16166,1729,666,selected_grid,5,7,205100,25.355523324834852,19922800
20,density,er_d16,1000,16166,1729,666,mean_degree,5,8,276000,3.136895128644668,12500
20,density,er_d16,1000,16166,1729,666,std_binary,5,9,334700,0,0
20,density,er_d16,1000,16166,1729,666,mean_ring,6,0,210700,50.711046649669704,12500
20,density,er_d16,1000,16166,1729,666,degree4,6,1,354000,0,52100
20,density,er_d16,1000,16166,1729,666,max_maxdegree,6,2,267400,3.3331243634513177,24500
20,density,er_d16,1000,16166,1729,666,caliber,6,3,317800,0,28000
20,density,er_d16,1000,16166,1729,666,fourary,6,4,496400,0,0
20,density,er_d16,1000,16166,1729,666,mean_map,6,5,239300,50.711046649669704,12500
20,density,er_d16,1000,16166,1729,666,std_binary,6,6,333000,0,0
20,density,er_d16,1000,16166,1729,666,binary,6,7,346100,0,0
20,density,er_d16,1000,16166,1729,666,selected_grid,6,8,207300,25.355523324834852,19922800
20,density,er_d16,1000,16166,1729,666,mean_degree,6,9,288900,3.136895128644668,12500
20,density,er_d16,1000,16166,1729,666,mean_degree,7,0,442900,3.136895128644668,12500
20,density,er_d16,1000,16166,1729,666,selected_grid,7,1,216300,25.355523324834852,19922800
20,density,er_d16,1000,16166,1729,666,binary,7,2,333000,0,0
20,density,er_d16,1000,16166,1729,666,std_binary,7,3,354000,0,0
20,density,er_d16,1000,16166,1729,666,mean_map,7,4,223200,50.711046649669704,12500
20,density,er_d16,1000,16166,1729,666,fourary,7,5,333700,0,0
20,density,er_d16,1000,16166,1729,666,caliber,7,6,309800,0,28000
20,density,er_d16,1000,16166,1729,666,max_maxdegree,7,7,293500,3.3331243634513177,24500
20,density,er_d16,1000,16166,1729,666,degree4,7,8,343300,0,52100
20,density,er_d16,1000,16166,1729,666,mean_ring,7,9,223300,50.711046649669704,12500
21,calibration,er_d32,1000,32240,1729,0,grid_1.5,0,0,440300,75.51949338414838,24900
21,calibration,er_d32,1000,32240,1729,0,grid_2,0,1,423500,100.69265784553117,24900
21,calibration,er_d32,1000,32240,1729,0,grid_0.25,0,2,291300,12.586582230691397,24900
21,calibration,er_d32,1000,32240,1729,0,grid_0.75,0,3,340400,37.75974669207419,24900
21,calibration,er_d32,1000,32240,1729,0,grid_0.05,0,4,392400,2.5173164461382793,24900
21,calibration,er_d32,1000,32240,1729,0,grid_0.5,0,5,286500,25.173164461382793,24900
21,calibration,er_d32,1000,32240,1729,0,grid_0.1,0,6,361400,5.034632892276559,24900
21,calibration,er_d32,1000,32240,1729,0,grid_16,0,7,555700,805.5412627642494,24900
21,calibration,er_d32,1000,32240,1729,0,grid_0.03125,0,8,410400,1.5733227788364246,24900
21,calibration,er_d32,1000,32240,1729,0,grid_4,0,9,472100,201.38531569106235,24900
21,calibration,er_d32,1000,32240,1729,0,grid_8,0,10,596200,402.7706313821247,24900
21,calibration,er_d32,1000,32240,1729,0,grid_1,0,11,421900,50.346328922765586,24900
21,calibration,er_d32,1000,32240,1729,0,grid_1,1,0,411300,50.346328922765586,24900
21,calibration,er_d32,1000,32240,1729,0,grid_8,1,1,446400,402.7706313821247,24900
21,calibration,er_d32,1000,32240,1729,0,grid_4,1,2,446100,201.38531569106235,24900
21,calibration,er_d32,1000,32240,1729,0,grid_0.03125,1,3,399300,1.5733227788364246,24900
21,calibration,er_d32,1000,32240,1729,0,grid_16,1,4,431300,805.5412627642494,24900
21,calibration,er_d32,1000,32240,1729,0,grid_0.1,1,5,345700,5.034632892276559,24900
21,calibration,er_d32,1000,32240,1729,0,grid_0.5,1,6,279700,25.173164461382793,24900
21,calibration,er_d32,1000,32240,1729,0,grid_0.05,1,7,382700,2.5173164461382793,24900
21,calibration,er_d32,1000,32240,1729,0,grid_0.75,1,8,345500,37.75974669207419,24900
21,calibration,er_d32,1000,32240,1729,0,grid_0.25,1,9,332600,12.586582230691397,24900
21,calibration,er_d32,1000,32240,1729,0,grid_2,1,10,467000,100.69265784553117,24900
21,calibration,er_d32,1000,32240,1729,0,grid_1.5,1,11,443400,75.51949338414838,24900
21,calibration,er_d32,1000,32240,1729,0,grid_0.75,2,0,338300,37.75974669207419,24900
21,calibration,er_d32,1000,32240,1729,0,grid_0.05,2,1,384000,2.5173164461382793,24900
21,calibration,er_d32,1000,32240,1729,0,grid_1.5,2,2,444100,75.51949338414838,24900
21,calibration,er_d32,1000,32240,1729,0,grid_16,2,3,435500,805.5412627642494,24900
21,calibration,er_d32,1000,32240,1729,0,grid_0.5,2,4,276100,25.173164461382793,24900
21,calibration,er_d32,1000,32240,1729,0,grid_0.1,2,5,343500,5.034632892276559,24900
21,calibration,er_d32,1000,32240,1729,0,grid_1,2,6,405500,50.346328922765586,24900
21,calibration,er_d32,1000,32240,1729,0,grid_0.03125,2,7,418400,1.5733227788364246,24900
21,calibration,er_d32,1000,32240,1729,0,grid_2,2,8,424900,100.69265784553117,24900
21,calibration,er_d32,1000,32240,1729,0,grid_8,2,9,435100,402.7706313821247,24900
21,calibration,er_d32,1000,32240,1729,0,grid_0.25,2,10,289500,12.586582230691397,24900
21,calibration,er_d32,1000,32240,1729,0,grid_4,2,11,444500,201.38531569106235,24900
21,calibration,er_d32,1000,32240,1729,0,grid_4,3,0,429300,201.38531569106235,24900
21,calibration,er_d32,1000,32240,1729,0,grid_0.25,3,1,292800,12.586582230691397,24900
21,calibration,er_d32,1000,32240,1729,0,grid_8,3,2,432300,402.7706313821247,24900
21,calibration,er_d32,1000,32240,1729,0,grid_2,3,3,429500,100.69265784553117,24900
21,calibration,er_d32,1000,32240,1729,0,grid_0.03125,3,4,401600,1.5733227788364246,24900
21,calibration,er_d32,1000,32240,1729,0,grid_1,3,5,394300,50.346328922765586,24900
21,calibration,er_d32,1000,32240,1729,0,grid_0.1,3,6,343300,5.034632892276559,24900
21,calibration,er_d32,1000,32240,1729,0,grid_0.5,3,7,279100,25.173164461382793,24900
21,calibration,er_d32,1000,32240,1729,0,grid_16,3,8,436400,805.5412627642494,24900
21,calibration,er_d32,1000,32240,1729,0,grid_1.5,3,9,451600,75.51949338414838,24900
21,calibration,er_d32,1000,32240,1729,0,grid_0.05,3,10,373500,2.5173164461382793,24900
21,calibration,er_d32,1000,32240,1729,0,grid_0.75,3,11,340100,37.75974669207419,24900
21,calibration,er_d32,1000,32240,1729,0,grid_0.03125,4,0,392400,1.5733227788364246,24900
21,calibration,er_d32,1000,32240,1729,0,grid_0.05,4,1,364700,2.5173164461382793,24900
21,calibration,er_d32,1000,32240,1729,0,grid_0.75,4,2,340200,37.75974669207419,24900
21,calibration,er_d32,1000,32240,1729,0,grid_0.25,4,3,305900,12.586582230691397,24900
21,calibration,er_d32,1000,32240,1729,0,grid_0.1,4,4,368400,5.034632892276559,24900
21,calibration,er_d32,1000,32240,1729,0,grid_4,4,5,441900,201.38531569106235,24900
21,calibration,er_d32,1000,32240,1729,0,grid_16,4,6,431400,805.5412627642494,24900
21,calibration,er_d32,1000,32240,1729,0,grid_1.5,4,7,445500,75.51949338414838,24900
21,calibration,er_d32,1000,32240,1729,0,grid_1,4,8,416200,50.346328922765586,24900
21,calibration,er_d32,1000,32240,1729,0,grid_0.5,4,9,276600,25.173164461382793,24900
21,calibration,er_d32,1000,32240,1729,0,grid_8,4,10,500100,402.7706313821247,24900
21,calibration,er_d32,1000,32240,1729,0,grid_2,4,11,517000,100.69265784553117,24900
21,calibration,er_d32,1000,32240,1729,0,grid_2,5,0,447300,100.69265784553117,24900
21,calibration,er_d32,1000,32240,1729,0,grid_8,5,1,441300,402.7706313821247,24900
21,calibration,er_d32,1000,32240,1729,0,grid_0.5,5,2,279900,25.173164461382793,24900
21,calibration,er_d32,1000,32240,1729,0,grid_1,5,3,456400,50.346328922765586,24900
21,calibration,er_d32,1000,32240,1729,0,grid_1.5,5,4,1031600,75.51949338414838,24900
21,calibration,er_d32,1000,32240,1729,0,grid_16,5,5,544400,805.5412627642494,24900
21,calibration,er_d32,1000,32240,1729,0,grid_4,5,6,511900,201.38531569106235,24900
21,calibration,er_d32,1000,32240,1729,0,grid_0.1,5,7,364600,5.034632892276559,24900
21,calibration,er_d32,1000,32240,1729,0,grid_0.25,5,8,290000,12.586582230691397,24900
21,calibration,er_d32,1000,32240,1729,0,grid_0.75,5,9,338500,37.75974669207419,24900
21,calibration,er_d32,1000,32240,1729,0,grid_0.05,5,10,381500,2.5173164461382793,24900
21,calibration,er_d32,1000,32240,1729,0,grid_0.03125,5,11,407900,1.5733227788364246,24900
21,density,er_d32,1000,32240,1729,333,mean_degree,0,0,465600,1.5616106985969473,24900
21,density,er_d32,1000,32240,1729,333,selected_grid,0,1,306100,25.173164461382793,29384800
21,density,er_d32,1000,32240,1729,333,caliber,0,2,407400,0,42700
21,density,er_d32,1000,32240,1729,333,mean_ring,0,3,353900,50.346328922765586,24900
21,density,er_d32,1000,32240,1729,333,degree4,0,4,478800,0,416000
21,density,er_d32,1000,32240,1729,333,std_binary,0,5,444200,0,0
21,density,er_d32,1000,32240,1729,333,mean_map,0,6,366600,50.346328922765586,24900
21,density,er_d32,1000,32240,1729,333,max_maxdegree,0,7,376800,1.923069483954613,37900
21,density,er_d32,1000,32240,1729,333,binary,0,8,437300,0,0
21,density,er_d32,1000,32240,1729,333,fourary,0,9,423500,0,0
21,density,er_d32,1000,32240,1729,333,fourary,1,0,410400,0,0
21,density,er_d32,1000,32240,1729,333,binary,1,1,440000,0,0
21,density,er_d32,1000,32240,1729,333,max_maxdegree,1,2,376000,1.923069483954613,37900
21,density,er_d32,1000,32240,1729,333,mean_map,1,3,468100,50.346328922765586,24900
21,density,er_d32,1000,32240,1729,333,std_binary,1,4,440400,0,0
21,density,er_d32,1000,32240,1729,333,degree4,1,5,441400,0,416000
21,density,er_d32,1000,32240,1729,333,mean_ring,1,6,368800,50.346328922765586,24900
21,density,er_d32,1000,32240,1729,333,caliber,1,7,414600,0,42700
21,density,er_d32,1000,32240,1729,333,selected_grid,1,8,279200,25.173164461382793,29384800
21,density,er_d32,1000,32240,1729,333,mean_degree,1,9,415100,1.5616106985969473,24900
21,density,er_d32,1000,32240,1729,333,fourary,2,0,458900,0,0
21,density,er_d32,1000,32240,1729,333,caliber,2,1,405500,0,42700
21,density,er_d32,1000,32240,1729,333,std_binary,2,2,439700,0,0
21,density,er_d32,1000,32240,1729,333,max_maxdegree,2,3,388000,1.923069483954613,37900
21,density,er_d32,1000,32240,1729,333,degree4,2,4,448300,0,416000
21,density,er_d32,1000,32240,1729,333,mean_map,2,5,358000,50.346328922765586,24900
21,density,er_d32,1000,32240,1729,333,binary,2,6,418700,0,0
21,density,er_d32,1000,32240,1729,333,mean_ring,2,7,347400,50.346328922765586,24900
21,density,er_d32,1000,32240,1729,333,mean_degree,2,8,386100,1.5616106985969473,24900
21,density,er_d32,1000,32240,1729,333,selected_grid,2,9,329500,25.173164461382793,29384800
21,density,er_d32,1000,32240,1729,333,selected_grid,3,0,337100,25.173164461382793,29384800
21,density,er_d32,1000,32240,1729,333,mean_degree,3,1,460500,1.5616106985969473,24900
21,density,er_d32,1000,32240,1729,333,mean_ring,3,2,417500,50.346328922765586,24900
21,density,er_d32,1000,32240,1729,333,binary,3,3,559900,0,0
21,density,er_d32,1000,32240,1729,333,mean_map,3,4,437100,50.346328922765586,24900
21,density,er_d32,1000,32240,1729,333,degree4,3,5,500700,0,416000
21,density,er_d32,1000,32240,1729,333,max_maxdegree,3,6,384700,1.923069483954613,37900
21,density,er_d32,1000,32240,1729,333,std_binary,3,7,456500,0,0
21,density,er_d32,1000,32240,1729,333,caliber,3,8,674300,0,42700
21,density,er_d32,1000,32240,1729,333,fourary,3,9,436900,0,0
21,density,er_d32,1000,32240,1729,333,caliber,4,0,507600,0,42700
21,density,er_d32,1000,32240,1729,333,selected_grid,4,1,457100,25.173164461382793,29384800
21,density,er_d32,1000,32240,1729,333,mean_ring,4,2,482800,50.346328922765586,24900
21,density,er_d32,1000,32240,1729,333,degree4,4,3,523600,0,416000
21,density,er_d32,1000,32240,1729,333,fourary,4,4,904300,0,0
21,density,er_d32,1000,32240,1729,333,max_maxdegree,4,5,448400,1.923069483954613,37900
21,density,er_d32,1000,32240,1729,333,mean_map,4,6,358500,50.346328922765586,24900
21,density,er_d32,1000,32240,1729,333,std_binary,4,7,445300,0,0
21,density,er_d32,1000,32240,1729,333,binary,4,8,435900,0,0
21,density,er_d32,1000,32240,1729,333,mean_degree,4,9,421800,1.5616106985969473,24900
21,density,er_d32,1000,32240,1729,333,mean_degree,5,0,395700,1.5616106985969473,24900
21,density,er_d32,1000,32240,1729,333,binary,5,1,434300,0,0
21,density,er_d32,1000,32240,1729,333,std_binary,5,2,455700,0,0
21,density,er_d32,1000,32240,1729,333,mean_map,5,3,376900,50.346328922765586,24900
21,density,er_d32,1000,32240,1729,333,max_maxdegree,5,4,390100,1.923069483954613,37900
21,density,er_d32,1000,32240,1729,333,fourary,5,5,456900,0,0
21,density,er_d32,1000,32240,1729,333,degree4,5,6,450200,0,416000
21,density,er_d32,1000,32240,1729,333,mean_ring,5,7,415200,50.346328922765586,24900
21,density,er_d32,1000,32240,1729,333,selected_grid,5,8,296300,25.173164461382793,29384800
21,density,er_d32,1000,32240,1729,333,caliber,5,9,416600,0,42700
21,density,er_d32,1000,32240,1729,333,mean_map,6,0,360400,50.346328922765586,24900
21,density,er_d32,1000,32240,1729,333,max_maxdegree,6,1,641100,1.923069483954613,37900
21,density,er_d32,1000,32240,1729,333,selected_grid,6,2,279300,25.173164461382793,29384800
21,density,er_d32,1000,32240,1729,333,caliber,6,3,559900,0,42700
21,density,er_d32,1000,32240,1729,333,fourary,6,4,415300,0,0
21,density,er_d32,1000,32240,1729,333,std_binary,6,5,445700,0,0
21,density,er_d32,1000,32240,1729,333,binary,6,6,441400,0,0
21,density,er_d32,1000,32240,1729,333,mean_degree,6,7,418100,1.5616106985969473,24900
21,density,er_d32,1000,32240,1729,333,degree4,6,8,443500,0,416000
21,density,er_d32,1000,32240,1729,333,mean_ring,6,9,369700,50.346328922765586,24900
21,density,er_d32,1000,32240,1729,333,mean_ring,7,0,350500,50.346328922765586,24900
21,density,er_d32,1000,32240,1729,333,degree4,7,1,428200,0,416000
21,density,er_d32,1000,32240,1729,333,mean_degree,7,2,394900,1.5616106985969473,24900
21,density,er_d32,1000,32240,1729,333,binary,7,3,429700,0,0
21,density,er_d32,1000,32240,1729,333,std_binary,7,4,462800,0,0
21,density,er_d32,1000,32240,1729,333,fourary,7,5,454600,0,0
21,density,er_d32,1000,32240,1729,333,caliber,7,6,420700,0,42700
21,density,er_d32,1000,32240,1729,333,selected_grid,7,7,303200,25.173164461382793,29384800
21,density,er_d32,1000,32240,1729,333,max_maxdegree,7,8,386800,1.923069483954613,37900
21,density,er_d32,1000,32240,1729,333,mean_map,7,9,358800,50.346328922765586,24900
21,density,er_d32,1000,32240,1729,666,std_binary,0,0,448000,0,0
21,density,er_d32,1000,32240,1729,666,binary,0,1,420900,0,0
21,density,er_d32,1000,32240,1729,666,selected_grid,0,2,294400,25.173164461382793,29384800
21,density,er_d32,1000,32240,1729,666,fourary,0,3,437400,0,0
21,density,er_d32,1000,32240,1729,666,mean_ring,0,4,387000,50.346328922765586,24900
21,density,er_d32,1000,32240,1729,666,degree4,0,5,418500,0,416000
21,density,er_d32,1000,32240,1729,666,mean_degree,0,6,391100,1.5616106985969473,24900
21,density,er_d32,1000,32240,1729,666,caliber,0,7,434000,0,42700
21,density,er_d32,1000,32240,1729,666,max_maxdegree,0,8,374300,1.923069483954613,37900
21,density,er_d32,1000,32240,1729,666,mean_map,0,9,380300,50.346328922765586,24900
21,density,er_d32,1000,32240,1729,666,mean_map,1,0,355200,50.346328922765586,24900
21,density,er_d32,1000,32240,1729,666,max_maxdegree,1,1,367700,1.923069483954613,37900
21,density,er_d32,1000,32240,1729,666,caliber,1,2,528800,0,42700
21,density,er_d32,1000,32240,1729,666,mean_degree,1,3,478100,1.5616106985969473,24900
21,density,er_d32,1000,32240,1729,666,degree4,1,4,603300,0,416000
21,density,er_d32,1000,32240,1729,666,mean_ring,1,5,366800,50.346328922765586,24900
21,density,er_d32,1000,32240,1729,666,fourary,1,6,433000,0,0
21,density,er_d32,1000,32240,1729,666,selected_grid,1,7,268300,25.173164461382793,29384800
21,density,er_d32,1000,32240,1729,666,binary,1,8,470300,0,0
21,density,er_d32,1000,32240,1729,666,std_binary,1,9,1021500,0,0
21,density,er_d32,1000,32240,1729,666,mean_ring,2,0,543100,50.346328922765586,24900
21,density,er_d32,1000,32240,1729,666,binary,2,1,530400,0,0
21,density,er_d32,1000,32240,1729,666,fourary,2,2,510500,0,0
21,density,er_d32,1000,32240,1729,666,degree4,2,3,444300,0,416000
21,density,er_d32,1000,32240,1729,666,max_maxdegree,2,4,379800,1.923069483954613,37900
21,density,er_d32,1000,32240,1729,666,mean_map,2,5,361000,50.346328922765586,24900
21,density,er_d32,1000,32240,1729,666,std_binary,2,6,605600,0,0
21,density,er_d32,1000,32240,1729,666,mean_degree,2,7,436200,1.5616106985969473,24900
21,density,er_d32,1000,32240,1729,666,caliber,2,8,446200,0,42700
21,density,er_d32,1000,32240,1729,666,selected_grid,2,9,325300,25.173164461382793,29384800
21,density,er_d32,1000,32240,1729,666,selected_grid,3,0,293100,25.173164461382793,29384800
21,density,er_d32,1000,32240,1729,666,caliber,3,1,429200,0,42700
21,density,er_d32,1000,32240,1729,666,mean_degree,3,2,402700,1.5616106985969473,24900
21,density,er_d32,1000,32240,1729,666,std_binary,3,3,466600,0,0
21,density,er_d32,1000,32240,1729,666,mean_map,3,4,574700,50.346328922765586,24900
21,density,er_d32,1000,32240,1729,666,max_maxdegree,3,5,409500,1.923069483954613,37900
21,density,er_d32,1000,32240,1729,666,degree4,3,6,470200,0,416000
21,density,er_d32,1000,32240,1729,666,fourary,3,7,449800,0,0
21,density,er_d32,1000,32240,1729,666,binary,3,8,457700,0,0
21,density,er_d32,1000,32240,1729,666,mean_ring,3,9,392800,50.346328922765586,24900
21,density,er_d32,1000,32240,1729,666,std_binary,4,0,456700,0,0
21,density,er_d32,1000,32240,1729,666,mean_degree,4,1,408900,1.5616106985969473,24900
21,density,er_d32,1000,32240,1729,666,selected_grid,4,2,282700,25.173164461382793,29384800
21,density,er_d32,1000,32240,1729,666,mean_ring,4,3,366100,50.346328922765586,24900
21,density,er_d32,1000,32240,1729,666,mean_map,4,4,360900,50.346328922765586,24900
21,density,er_d32,1000,32240,1729,666,max_maxdegree,4,5,382500,1.923069483954613,37900
21,density,er_d32,1000,32240,1729,666,fourary,4,6,419500,0,0
21,density,er_d32,1000,32240,1729,666,degree4,4,7,429100,0,416000
21,density,er_d32,1000,32240,1729,666,binary,4,8,441700,0,0
21,density,er_d32,1000,32240,1729,666,caliber,4,9,422200,0,42700
21,density,er_d32,1000,32240,1729,666,caliber,5,0,408600,0,42700
21,density,er_d32,1000,32240,1729,666,binary,5,1,439400,0,0
21,density,er_d32,1000,32240,1729,666,degree4,5,2,439900,0,416000
21,density,er_d32,1000,32240,1729,666,fourary,5,3,434700,0,0
21,density,er_d32,1000,32240,1729,666,max_maxdegree,5,4,398500,1.923069483954613,37900
21,density,er_d32,1000,32240,1729,666,mean_map,5,5,378800,50.346328922765586,24900
21,density,er_d32,1000,32240,1729,666,mean_ring,5,6,516900,50.346328922765586,24900
21,density,er_d32,1000,32240,1729,666,selected_grid,5,7,327500,25.173164461382793,29384800
21,density,er_d32,1000,32240,1729,666,mean_degree,5,8,409700,1.5616106985969473,24900
21,density,er_d32,1000,32240,1729,666,std_binary,5,9,461900,0,0
21,density,er_d32,1000,32240,1729,666,mean_ring,6,0,379500,50.346328922765586,24900
21,density,er_d32,1000,32240,1729,666,degree4,6,1,449200,0,416000
21,density,er_d32,1000,32240,1729,666,max_maxdegree,6,2,404900,1.923069483954613,37900
21,density,er_d32,1000,32240,1729,666,caliber,6,3,417600,0,42700
21,density,er_d32,1000,32240,1729,666,fourary,6,4,441200,0,0
21,density,er_d32,1000,32240,1729,666,mean_map,6,5,369100,50.346328922765586,24900
21,density,er_d32,1000,32240,1729,666,std_binary,6,6,458700,0,0
21,density,er_d32,1000,32240,1729,666,binary,6,7,451100,0,0
21,density,er_d32,1000,32240,1729,666,selected_grid,6,8,268200,25.173164461382793,29384800
21,density,er_d32,1000,32240,1729,666,mean_degree,6,9,390000,1.5616106985969473,24900
21,density,er_d32,1000,32240,1729,666,mean_degree,7,0,367800,1.5616106985969473,24900
21,density,er_d32,1000,32240,1729,666,selected_grid,7,1,266200,25.173164461382793,29384800
21,density,er_d32,1000,32240,1729,666,binary,7,2,433400,0,0
21,density,er_d32,1000,32240,1729,666,std_binary,7,3,430900,0,0
21,density,er_d32,1000,32240,1729,666,mean_map,7,4,494900,50.346328922765586,24900
21,density,er_d32,1000,32240,1729,666,fourary,7,5,724600,0,0
21,density,er_d32,1000,32240,1729,666,caliber,7,6,496700,0,42700
21,density,er_d32,1000,32240,1729,666,max_maxdegree,7,7,566000,1.923069483954613,37900
21,density,er_d32,1000,32240,1729,666,degree4,7,8,455000,0,416000
21,density,er_d32,1000,32240,1729,666,mean_ring,7,9,377800,50.346328922765586,24900
22,calibration,er_d64,1000,64155,1729,0,grid_1.5,0,0,600500,75.50876309035634,50300
22,calibration,er_d64,1000,64155,1729,0,grid_2,0,1,577900,100.67835078714178,50300
22,calibration,er_d64,1000,64155,1729,0,grid_0.25,0,2,448600,12.584793848392723,50300
22,calibration,er_d64,1000,64155,1729,0,grid_0.75,0,3,535700,37.75438154517817,50300
22,calibration,er_d64,1000,64155,1729,0,grid_0.05,0,4,514500,2.5169587696785447,50300
22,calibration,er_d64,1000,64155,1729,0,grid_0.5,0,5,493800,25.169587696785445,50300
22,calibration,er_d64,1000,64155,1729,0,grid_0.1,0,6,483900,5.033917539357089,50300
22,calibration,er_d64,1000,64155,1729,0,grid_16,0,7,582800,805.4268062971342,50300
22,calibration,er_d64,1000,64155,1729,0,grid_0.03125,0,8,537500,1.5730992310490903,50300
22,calibration,er_d64,1000,64155,1729,0,grid_4,0,9,590700,201.35670157428356,50300
22,calibration,er_d64,1000,64155,1729,0,grid_8,0,10,577600,402.7134031485671,50300
22,calibration,er_d64,1000,64155,1729,0,grid_1,0,11,557100,50.33917539357089,50300
22,calibration,er_d64,1000,64155,1729,0,grid_1,1,0,555500,50.33917539357089,50300
22,calibration,er_d64,1000,64155,1729,0,grid_8,1,1,587500,402.7134031485671,50300
22,calibration,er_d64,1000,64155,1729,0,grid_4,1,2,578100,201.35670157428356,50300
22,calibration,er_d64,1000,64155,1729,0,grid_0.03125,1,3,562900,1.5730992310490903,50300
22,calibration,er_d64,1000,64155,1729,0,grid_16,1,4,590400,805.4268062971342,50300
22,calibration,er_d64,1000,64155,1729,0,grid_0.1,1,5,522500,5.033917539357089,50300
22,calibration,er_d64,1000,64155,1729,0,grid_0.5,1,6,543100,25.169587696785445,50300
22,calibration,er_d64,1000,64155,1729,0,grid_0.05,1,7,592500,2.5169587696785447,50300
22,calibration,er_d64,1000,64155,1729,0,grid_0.75,1,8,567700,37.75438154517817,50300
22,calibration,er_d64,1000,64155,1729,0,grid_0.25,1,9,453700,12.584793848392723,50300
22,calibration,er_d64,1000,64155,1729,0,grid_2,1,10,595500,100.67835078714178,50300
22,calibration,er_d64,1000,64155,1729,0,grid_1.5,1,11,595800,75.50876309035634,50300
22,calibration,er_d64,1000,64155,1729,0,grid_0.75,2,0,550500,37.75438154517817,50300
22,calibration,er_d64,1000,64155,1729,0,grid_0.05,2,1,521400,2.5169587696785447,50300
22,calibration,er_d64,1000,64155,1729,0,grid_1.5,2,2,1012100,75.50876309035634,50300
22,calibration,er_d64,1000,64155,1729,0,grid_16,2,3,765900,805.4268062971342,50300
22,calibration,er_d64,1000,64155,1729,0,grid_0.5,2,4,632400,25.169587696785445,50300
22,calibration,er_d64,1000,64155,1729,0,grid_0.1,2,5,547100,5.033917539357089,50300
22,calibration,er_d64,1000,64155,1729,0,grid_1,2,6,583100,50.33917539357089,50300
22,calibration,er_d64,1000,64155,1729,0,grid_0.03125,2,7,580100,1.5730992310490903,50300
22,calibration,er_d64,1000,64155,1729,0,grid_2,2,8,607000,100.67835078714178,50300
22,calibration,er_d64,1000,64155,1729,0,grid_8,2,9,612400,402.7134031485671,50300
22,calibration,er_d64,1000,64155,1729,0,grid_0.25,2,10,465100,12.584793848392723,50300
22,calibration,er_d64,1000,64155,1729,0,grid_4,2,11,598900,201.35670157428356,50300
22,calibration,er_d64,1000,64155,1729,0,grid_4,3,0,634200,201.35670157428356,50300
22,calibration,er_d64,1000,64155,1729,0,grid_0.25,3,1,464600,12.584793848392723,50300
22,calibration,er_d64,1000,64155,1729,0,grid_8,3,2,603600,402.7134031485671,50300
22,calibration,er_d64,1000,64155,1729,0,grid_2,3,3,621900,100.67835078714178,50300
22,calibration,er_d64,1000,64155,1729,0,grid_0.03125,3,4,667200,1.5730992310490903,50300
22,calibration,er_d64,1000,64155,1729,0,grid_1,3,5,582500,50.33917539357089,50300
22,calibration,er_d64,1000,64155,1729,0,grid_0.1,3,6,496300,5.033917539357089,50300
22,calibration,er_d64,1000,64155,1729,0,grid_0.5,3,7,547800,25.169587696785445,50300
22,calibration,er_d64,1000,64155,1729,0,grid_16,3,8,652800,805.4268062971342,50300
22,calibration,er_d64,1000,64155,1729,0,grid_1.5,3,9,610400,75.50876309035634,50300
22,calibration,er_d64,1000,64155,1729,0,grid_0.05,3,10,568300,2.5169587696785447,50300
22,calibration,er_d64,1000,64155,1729,0,grid_0.75,3,11,561000,37.75438154517817,50300
22,calibration,er_d64,1000,64155,1729,0,grid_0.03125,4,0,592700,1.5730992310490903,50300
22,calibration,er_d64,1000,64155,1729,0,grid_0.05,4,1,560100,2.5169587696785447,50300
22,calibration,er_d64,1000,64155,1729,0,grid_0.75,4,2,560400,37.75438154517817,50300
22,calibration,er_d64,1000,64155,1729,0,grid_0.25,4,3,478700,12.584793848392723,50300
22,calibration,er_d64,1000,64155,1729,0,grid_0.1,4,4,499000,5.033917539357089,50300
22,calibration,er_d64,1000,64155,1729,0,grid_4,4,5,695600,201.35670157428356,50300
22,calibration,er_d64,1000,64155,1729,0,grid_16,4,6,604300,805.4268062971342,50300
22,calibration,er_d64,1000,64155,1729,0,grid_1.5,4,7,644800,75.50876309035634,50300
22,calibration,er_d64,1000,64155,1729,0,grid_1,4,8,677400,50.33917539357089,50300
22,calibration,er_d64,1000,64155,1729,0,grid_0.5,4,9,585700,25.169587696785445,50300
22,calibration,er_d64,1000,64155,1729,0,grid_8,4,10,909300,402.7134031485671,50300
22,calibration,er_d64,1000,64155,1729,0,grid_2,4,11,737700,100.67835078714178,50300
22,calibration,er_d64,1000,64155,1729,0,grid_2,5,0,700300,100.67835078714178,50300
22,calibration,er_d64,1000,64155,1729,0,grid_8,5,1,656700,402.7134031485671,50300
22,calibration,er_d64,1000,64155,1729,0,grid_0.5,5,2,637500,25.169587696785445,50300
22,calibration,er_d64,1000,64155,1729,0,grid_1,5,3,700400,50.33917539357089,50300
22,calibration,er_d64,1000,64155,1729,0,grid_1.5,5,4,614600,75.50876309035634,50300
22,calibration,er_d64,1000,64155,1729,0,grid_16,5,5,625800,805.4268062971342,50300
22,calibration,er_d64,1000,64155,1729,0,grid_4,5,6,677700,201.35670157428356,50300
22,calibration,er_d64,1000,64155,1729,0,grid_0.1,5,7,514000,5.033917539357089,50300
22,calibration,er_d64,1000,64155,1729,0,grid_0.25,5,8,620200,12.584793848392723,50300
22,calibration,er_d64,1000,64155,1729,0,grid_0.75,5,9,566800,37.75438154517817,50300
22,calibration,er_d64,1000,64155,1729,0,grid_0.05,5,10,702400,2.5169587696785447,50300
22,calibration,er_d64,1000,64155,1729,0,grid_0.03125,5,11,562700,1.5730992310490903,50300
22,density,er_d64,1000,64155,1729,333,mean_degree,0,0,619800,0.7846492930180171,50300
22,density,er_d64,1000,64155,1729,333,selected_grid,0,1,517200,12.584793848392723,43027900
22,density,er_d64,1000,64155,1729,333,caliber,0,2,533600,0,87500
22,density,er_d64,1000,64155,1729,333,mean_ring,0,3,756800,50.33917539357089,50300
22,density,er_d64,1000,64155,1729,333,degree4,0,4,588300,0,99900
22,density,er_d64,1000,64155,1729,333,std_binary,0,5,614000,0,0
22,density,er_d64,1000,64155,1729,333,mean_map,0,6,795200,50.33917539357089,50300
22,density,er_d64,1000,64155,1729,333,max_maxdegree,0,7,638900,1.1111068129515542,68400
22,density,er_d64,1000,64155,1729,333,binary,0,8,584800,0,0
22,density,er_d64,1000,64155,1729,333,fourary,0,9,570700,0,0
22,density,er_d64,1000,64155,1729,333,fourary,1,0,551400,0,0
22,density,er_d64,1000,64155,1729,333,binary,1,1,719700,0,0
22,density,er_d64,1000,64155,1729,333,max_maxdegree,1,2,707300,1.1111068129515542,68400
22,density,er_d64,1000,64155,1729,333,mean_map,1,3,683100,50.33917539357089,50300
22,density,er_d64,1000,64155,1729,333,std_binary,1,4,618500,0,0
22,density,er_d64,1000,64155,1729,333,degree4,1,5,576500,0,99900
22,density,er_d64,1000,64155,1729,333,mean_ring,1,6,686700,50.33917539357089,50300
22,density,er_d64,1000,64155,1729,333,caliber,1,7,564000,0,87500
22,density,er_d64,1000,64155,1729,333,selected_grid,1,8,507300,12.584793848392723,43027900
22,density,er_d64,1000,64155,1729,333,mean_degree,1,9,625600,0.7846492930180171,50300
22,density,er_d64,1000,64155,1729,333,fourary,2,0,566200,0,0
22,density,er_d64,1000,64155,1729,333,caliber,2,1,632500,0,87500
22,density,er_d64,1000,64155,1729,333,std_binary,2,2,652900,0,0
22,density,er_d64,1000,64155,1729,333,max_maxdegree,2,3,597100,1.1111068129515542,68400
22,density,er_d64,1000,64155,1729,333,degree4,2,4,620300,0,99900
22,density,er_d64,1000,64155,1729,333,mean_map,2,5,625200,50.33917539357089,50300
22,density,er_d64,1000,64155,1729,333,binary,2,6,544400,0,0
22,density,er_d64,1000,64155,1729,333,mean_ring,2,7,621500,50.33917539357089,50300
22,density,er_d64,1000,64155,1729,333,mean_degree,2,8,627400,0.7846492930180171,50300
22,density,er_d64,1000,64155,1729,333,selected_grid,2,9,496100,12.584793848392723,43027900
22,density,er_d64,1000,64155,1729,333,selected_grid,3,0,481200,12.584793848392723,43027900
22,density,er_d64,1000,64155,1729,333,mean_degree,3,1,722300,0.7846492930180171,50300
22,density,er_d64,1000,64155,1729,333,mean_ring,3,2,733800,50.33917539357089,50300
22,density,er_d64,1000,64155,1729,333,binary,3,3,587200,0,0
22,density,er_d64,1000,64155,1729,333,mean_map,3,4,638900,50.33917539357089,50300
22,density,er_d64,1000,64155,1729,333,degree4,3,5,583800,0,99900
22,density,er_d64,1000,64155,1729,333,max_maxdegree,3,6,1082400,1.1111068129515542,68400
22,density,er_d64,1000,64155,1729,333,std_binary,3,7,731800,0,0
22,density,er_d64,1000,64155,1729,333,caliber,3,8,589300,0,87500
22,density,er_d64,1000,64155,1729,333,fourary,3,9,655400,0,0
22,density,er_d64,1000,64155,1729,333,caliber,4,0,632400,0,87500
22,density,er_d64,1000,64155,1729,333,selected_grid,4,1,622200,12.584793848392723,43027900
22,density,er_d64,1000,64155,1729,333,mean_ring,4,2,651600,50.33917539357089,50300
22,density,er_d64,1000,64155,1729,333,degree4,4,3,601800,0,99900
22,density,er_d64,1000,64155,1729,333,fourary,4,4,565100,0,0
22,density,er_d64,1000,64155,1729,333,max_maxdegree,4,5,608300,1.1111068129515542,68400
22,density,er_d64,1000,64155,1729,333,mean_map,4,6,630600,50.33917539357089,50300
22,density,er_d64,1000,64155,1729,333,std_binary,4,7,629000,0,0
22,density,er_d64,1000,64155,1729,333,binary,4,8,619800,0,0
22,density,er_d64,1000,64155,1729,333,mean_degree,4,9,637200,0.7846492930180171,50300
22,density,er_d64,1000,64155,1729,333,mean_degree,5,0,613000,0.7846492930180171,50300
22,density,er_d64,1000,64155,1729,333,binary,5,1,558200,0,0
22,density,er_d64,1000,64155,1729,333,std_binary,5,2,672200,0,0
22,density,er_d64,1000,64155,1729,333,mean_map,5,3,649700,50.33917539357089,50300
22,density,er_d64,1000,64155,1729,333,max_maxdegree,5,4,619100,1.1111068129515542,68400
22,density,er_d64,1000,64155,1729,333,fourary,5,5,708600,0,0
22,density,er_d64,1000,64155,1729,333,degree4,5,6,768100,0,99900
22,density,er_d64,1000,64155,1729,333,mean_ring,5,7,793300,50.33917539357089,50300
22,density,er_d64,1000,64155,1729,333,selected_grid,5,8,649300,12.584793848392723,43027900
22,density,er_d64,1000,64155,1729,333,caliber,5,9,691200,0,87500
22,density,er_d64,1000,64155,1729,333,mean_map,6,0,787500,50.33917539357089,50300
22,density,er_d64,1000,64155,1729,333,max_maxdegree,6,1,739400,1.1111068129515542,68400
22,density,er_d64,1000,64155,1729,333,selected_grid,6,2,600300,12.584793848392723,43027900
22,density,er_d64,1000,64155,1729,333,caliber,6,3,681700,0,87500
22,density,er_d64,1000,64155,1729,333,fourary,6,4,713800,0,0
22,density,er_d64,1000,64155,1729,333,std_binary,6,5,789600,0,0
22,density,er_d64,1000,64155,1729,333,binary,6,6,799600,0,0
22,density,er_d64,1000,64155,1729,333,mean_degree,6,7,814900,0.7846492930180171,50300
22,density,er_d64,1000,64155,1729,333,degree4,6,8,716700,0,99900
22,density,er_d64,1000,64155,1729,333,mean_ring,6,9,654500,50.33917539357089,50300
22,density,er_d64,1000,64155,1729,333,mean_ring,7,0,667900,50.33917539357089,50300
22,density,er_d64,1000,64155,1729,333,degree4,7,1,600900,0,99900
22,density,er_d64,1000,64155,1729,333,mean_degree,7,2,673400,0.7846492930180171,50300
22,density,er_d64,1000,64155,1729,333,binary,7,3,625300,0,0
22,density,er_d64,1000,64155,1729,333,std_binary,7,4,632500,0,0
22,density,er_d64,1000,64155,1729,333,fourary,7,5,718800,0,0
22,density,er_d64,1000,64155,1729,333,caliber,7,6,671900,0,87500
22,density,er_d64,1000,64155,1729,333,selected_grid,7,7,626300,12.584793848392723,43027900
22,density,er_d64,1000,64155,1729,333,max_maxdegree,7,8,788400,1.1111068129515542,68400
22,density,er_d64,1000,64155,1729,333,mean_map,7,9,784400,50.33917539357089,50300
22,density,er_d64,1000,64155,1729,666,std_binary,0,0,746800,0,0
22,density,er_d64,1000,64155,1729,666,binary,0,1,836600,0,0
22,density,er_d64,1000,64155,1729,666,selected_grid,0,2,637100,12.584793848392723,43027900
22,density,er_d64,1000,64155,1729,666,fourary,0,3,620200,0,0
22,density,er_d64,1000,64155,1729,666,mean_ring,0,4,688700,50.33917539357089,50300
22,density,er_d64,1000,64155,1729,666,degree4,0,5,794300,0,99900
22,density,er_d64,1000,64155,1729,666,mean_degree,0,6,823400,0.7846492930180171,50300
22,density,er_d64,1000,64155,1729,666,caliber,0,7,1072300,0,87500
22,density,er_d64,1000,64155,1729,666,max_maxdegree,0,8,839400,1.1111068129515542,68400
22,density,er_d64,1000,64155,1729,666,mean_map,0,9,807700,50.33917539357089,50300
22,density,er_d64,1000,64155,1729,666,mean_map,1,0,780100,50.33917539357089,50300
22,density,er_d64,1000,64155,1729,666,max_maxdegree,1,1,751200,1.1111068129515542,68400
22,density,er_d64,1000,64155,1729,666,caliber,1,2,696900,0,87500
22,density,er_d64,1000,64155,1729,666,mean_degree,1,3,682800,0.7846492930180171,50300
22,density,er_d64,1000,64155,1729,666,degree4,1,4,622600,0,99900
22,density,er_d64,1000,64155,1729,666,mean_ring,1,5,677100,50.33917539357089,50300
22,density,er_d64,1000,64155,1729,666,fourary,1,6,622500,0,0
22,density,er_d64,1000,64155,1729,666,selected_grid,1,7,518700,12.584793848392723,43027900
22,density,er_d64,1000,64155,1729,666,binary,1,8,583400,0,0
22,density,er_d64,1000,64155,1729,666,std_binary,1,9,716800,0,0
22,density,er_d64,1000,64155,1729,666,mean_ring,2,0,644800,50.33917539357089,50300
22,density,er_d64,1000,64155,1729,666,binary,2,1,596300,0,0
22,density,er_d64,1000,64155,1729,666,fourary,2,2,649400,0,0
22,density,er_d64,1000,64155,1729,666,degree4,2,3,609700,0,99900
22,density,er_d64,1000,64155,1729,666,max_maxdegree,2,4,638000,1.1111068129515542,68400
22,density,er_d64,1000,64155,1729,666,mean_map,2,5,724700,50.33917539357089,50300
22,density,er_d64,1000,64155,1729,666,std_binary,2,6,735500,0,0
22,density,er_d64,1000,64155,1729,666,mean_degree,2,7,751300,0.7846492930180171,50300
22,density,er_d64,1000,64155,1729,666,caliber,2,8,583600,0,87500
22,density,er_d64,1000,64155,1729,666,selected_grid,2,9,508900,12.584793848392723,43027900
22,density,er_d64,1000,64155,1729,666,selected_grid,3,0,489900,12.584793848392723,43027900
22,density,er_d64,1000,64155,1729,666,caliber,3,1,565400,0,87500
22,density,er_d64,1000,64155,1729,666,mean_degree,3,2,753000,0.7846492930180171,50300
22,density,er_d64,1000,64155,1729,666,std_binary,3,3,683700,0,0
22,density,er_d64,1000,64155,1729,666,mean_map,3,4,651800,50.33917539357089,50300
22,density,er_d64,1000,64155,1729,666,max_maxdegree,3,5,621800,1.1111068129515542,68400
22,density,er_d64,1000,64155,1729,666,degree4,3,6,612900,0,99900
22,density,er_d64,1000,64155,1729,666,fourary,3,7,603200,0,0
22,density,er_d64,1000,64155,1729,666,binary,3,8,652500,0,0
22,density,er_d64,1000,64155,1729,666,mean_ring,3,9,646900,50.33917539357089,50300
22,density,er_d64,1000,64155,1729,666,std_binary,4,0,644700,0,0
22,density,er_d64,1000,64155,1729,666,mean_degree,4,1,665000,0.7846492930180171,50300
22,density,er_d64,1000,64155,1729,666,selected_grid,4,2,511400,12.584793848392723,43027900
22,density,er_d64,1000,64155,1729,666,mean_ring,4,3,650900,50.33917539357089,50300
22,density,er_d64,1000,64155,1729,666,mean_map,4,4,636100,50.33917539357089,50300
22,density,er_d64,1000,64155,1729,666,max_maxdegree,4,5,645500,1.1111068129515542,68400
22,density,er_d64,1000,64155,1729,666,fourary,4,6,621700,0,0
22,density,er_d64,1000,64155,1729,666,degree4,4,7,709800,0,99900
22,density,er_d64,1000,64155,1729,666,binary,4,8,729200,0,0
22,density,er_d64,1000,64155,1729,666,caliber,4,9,655100,0,87500
22,density,er_d64,1000,64155,1729,666,caliber,5,0,610000,0,87500
22,density,er_d64,1000,64155,1729,666,binary,5,1,1607500,0,0
22,density,er_d64,1000,64155,1729,666,degree4,5,2,1251600,0,99900
22,density,er_d64,1000,64155,1729,666,fourary,5,3,852600,0,0
22,density,er_d64,1000,64155,1729,666,max_maxdegree,5,4,781500,1.1111068129515542,68400
22,density,er_d64,1000,64155,1729,666,mean_map,5,5,668700,50.33917539357089,50300
22,density,er_d64,1000,64155,1729,666,mean_ring,5,6,647800,50.33917539357089,50300
22,density,er_d64,1000,64155,1729,666,selected_grid,5,7,537400,12.584793848392723,43027900
22,density,er_d64,1000,64155,1729,666,mean_degree,5,8,654400,0.7846492930180171,50300
22,density,er_d64,1000,64155,1729,666,std_binary,5,9,648400,0,0
22,density,er_d64,1000,64155,1729,666,mean_ring,6,0,661900,50.33917539357089,50300
22,density,er_d64,1000,64155,1729,666,degree4,6,1,605100,0,99900
22,density,er_d64,1000,64155,1729,666,max_maxdegree,6,2,658200,1.1111068129515542,68400
22,density,er_d64,1000,64155,1729,666,caliber,6,3,570400,0,87500
22,density,er_d64,1000,64155,1729,666,fourary,6,4,582600,0,0
22,density,er_d64,1000,64155,1729,666,mean_map,6,5,637200,50.33917539357089,50300
22,density,er_d64,1000,64155,1729,666,std_binary,6,6,645200,0,0
22,density,er_d64,1000,64155,1729,666,binary,6,7,583900,0,0
22,density,er_d64,1000,64155,1729,666,selected_grid,6,8,524600,12.584793848392723,43027900
22,density,er_d64,1000,64155,1729,666,mean_degree,6,9,820000,0.7846492930180171,50300
22,density,er_d64,1000,64155,1729,666,mean_degree,7,0,678900,0.7846492930180171,50300
22,density,er_d64,1000,64155,1729,666,selected_grid,7,1,543400,12.584793848392723,43027900
22,density,er_d64,1000,64155,1729,666,binary,7,2,607400,0,0
22,density,er_d64,1000,64155,1729,666,std_binary,7,3,660700,0,0
22,density,er_d64,1000,64155,1729,666,mean_map,7,4,792100,50.33917539357089,50300
22,density,er_d64,1000,64155,1729,666,fourary,7,5,648700,0,0
22,density,er_d64,1000,64155,1729,666,caliber,7,6,672000,0,87500
22,density,er_d64,1000,64155,1729,666,max_maxdegree,7,7,656800,1.1111068129515542,68400
22,density,er_d64,1000,64155,1729,666,degree4,7,8,743100,0,99900
22,density,er_d64,1000,64155,1729,666,mean_ring,7,9,706900,50.33917539357089,50300
23,calibration,er_d128,1000,128619,1729,0,grid_1.5,0,0,1617500,75.57447688958233,114700
23,calibration,er_d128,1000,128619,1729,0,grid_2,0,1,1259700,100.76596918610977,114700
23,calibration,er_d128,1000,128619,1729,0,grid_0.25,0,2,1506200,12.595746148263721,114700
23,calibration,er_d128,1000,128619,1729,0,grid_0.75,0,3,1148600,37.787238444791164,114700
23,calibration,er_d128,1000,128619,1729,0,grid_0.05,0,4,972000,2.5191492296527445,114700
23,calibration,er_d128,1000,128619,1729,0,grid_0.5,0,5,1317800,25.191492296527443,114700
23,calibration,er_d128,1000,128619,1729,0,grid_0.1,0,6,1012700,5.038298459305489,114700
23,calibration,er_d128,1000,128619,1729,0,grid_16,0,7,1207200,806.1277534888782,114700
23,calibration,er_d128,1000,128619,1729,0,grid_0.03125,0,8,1003100,1.5744682685329652,114700
23,calibration,er_d128,1000,128619,1729,0,grid_4,0,9,1151200,201.53193837221954,114700
23,calibration,er_d128,1000,128619,1729,0,grid_8,0,10,1313800,403.0638767444391,114700
23,calibration,er_d128,1000,128619,1729,0,grid_1,0,11,1098400,50.382984593054886,114700
23,calibration,er_d128,1000,128619,1729,0,grid_1,1,0,1134000,50.382984593054886,114700
23,calibration,er_d128,1000,128619,1729,0,grid_8,1,1,1132800,403.0638767444391,114700
23,calibration,er_d128,1000,128619,1729,0,grid_4,1,2,1136400,201.53193837221954,114700
23,calibration,er_d128,1000,128619,1729,0,grid_0.03125,1,3,993800,1.5744682685329652,114700
23,calibration,er_d128,1000,128619,1729,0,grid_16,1,4,1135600,806.1277534888782,114700
23,calibration,er_d128,1000,128619,1729,0,grid_0.1,1,5,984100,5.038298459305489,114700
23,calibration,er_d128,1000,128619,1729,0,grid_0.5,1,6,1116600,25.191492296527443,114700
23,calibration,er_d128,1000,128619,1729,0,grid_0.05,1,7,1028500,2.5191492296527445,114700
23,calibration,er_d128,1000,128619,1729,0,grid_0.75,1,8,1191800,37.787238444791164,114700
23,calibration,er_d128,1000,128619,1729,0,grid_0.25,1,9,961800,12.595746148263721,114700
23,calibration,er_d128,1000,128619,1729,0,grid_2,1,10,1308300,100.76596918610977,114700
23,calibration,er_d128,1000,128619,1729,0,grid_1.5,1,11,1248900,75.57447688958233,114700
23,calibration,er_d128,1000,128619,1729,0,grid_0.75,2,0,1148400,37.787238444791164,114700
23,calibration,er_d128,1000,128619,1729,0,grid_0.05,2,1,984800,2.5191492296527445,114700
23,calibration,er_d128,1000,128619,1729,0,grid_1.5,2,2,1173700,75.57447688958233,114700
23,calibration,er_d128,1000,128619,1729,0,grid_16,2,3,1310800,806.1277534888782,114700
23,calibration,er_d128,1000,128619,1729,0,grid_0.5,2,4,1021900,25.191492296527443,114700
23,calibration,er_d128,1000,128619,1729,0,grid_0.1,2,5,1454300,5.038298459305489,114700
23,calibration,er_d128,1000,128619,1729,0,grid_1,2,6,1195700,50.382984593054886,114700
23,calibration,er_d128,1000,128619,1729,0,grid_0.03125,2,7,1053400,1.5744682685329652,114700
23,calibration,er_d128,1000,128619,1729,0,grid_2,2,8,1194900,100.76596918610977,114700
23,calibration,er_d128,1000,128619,1729,0,grid_8,2,9,1158600,403.0638767444391,114700
23,calibration,er_d128,1000,128619,1729,0,grid_0.25,2,10,871500,12.595746148263721,114700
23,calibration,er_d128,1000,128619,1729,0,grid_4,2,11,1173300,201.53193837221954,114700
23,calibration,er_d128,1000,128619,1729,0,grid_4,3,0,1172000,201.53193837221954,114700
23,calibration,er_d128,1000,128619,1729,0,grid_0.25,3,1,930300,12.595746148263721,114700
23,calibration,er_d128,1000,128619,1729,0,grid_8,3,2,1221000,403.0638767444391,114700
23,calibration,er_d128,1000,128619,1729,0,grid_2,3,3,1180900,100.76596918610977,114700
23,calibration,er_d128,1000,128619,1729,0,grid_0.03125,3,4,1036300,1.5744682685329652,114700
23,calibration,er_d128,1000,128619,1729,0,grid_1,3,5,1135800,50.382984593054886,114700
23,calibration,er_d128,1000,128619,1729,0,grid_0.1,3,6,936400,5.038298459305489,114700
23,calibration,er_d128,1000,128619,1729,0,grid_0.5,3,7,1038900,25.191492296527443,114700
23,calibration,er_d128,1000,128619,1729,0,grid_16,3,8,1175500,806.1277534888782,114700
23,calibration,er_d128,1000,128619,1729,0,grid_1.5,3,9,1146900,75.57447688958233,114700
23,calibration,er_d128,1000,128619,1729,0,grid_0.05,3,10,1000300,2.5191492296527445,114700
23,calibration,er_d128,1000,128619,1729,0,grid_0.75,3,11,1313900,37.787238444791164,114700
23,calibration,er_d128,1000,128619,1729,0,grid_0.03125,4,0,1135300,1.5744682685329652,114700
23,calibration,er_d128,1000,128619,1729,0,grid_0.05,4,1,981600,2.5191492296527445,114700
23,calibration,er_d128,1000,128619,1729,0,grid_0.75,4,2,1139000,37.787238444791164,114700
23,calibration,er_d128,1000,128619,1729,0,grid_0.25,4,3,912100,12.595746148263721,114700
23,calibration,er_d128,1000,128619,1729,0,grid_0.1,4,4,915800,5.038298459305489,114700
23,calibration,er_d128,1000,128619,1729,0,grid_4,4,5,1192600,201.53193837221954,114700
23,calibration,er_d128,1000,128619,1729,0,grid_16,4,6,1216400,806.1277534888782,114700
23,calibration,er_d128,1000,128619,1729,0,grid_1.5,4,7,1327400,75.57447688958233,114700
23,calibration,er_d128,1000,128619,1729,0,grid_1,4,8,1181500,50.382984593054886,114700
23,calibration,er_d128,1000,128619,1729,0,grid_0.5,4,9,1460200,25.191492296527443,114700
23,calibration,er_d128,1000,128619,1729,0,grid_8,4,10,1341800,403.0638767444391,114700
23,calibration,er_d128,1000,128619,1729,0,grid_2,4,11,1329800,100.76596918610977,114700
23,calibration,er_d128,1000,128619,1729,0,grid_2,5,0,1252300,100.76596918610977,114700
23,calibration,er_d128,1000,128619,1729,0,grid_8,5,1,1186500,403.0638767444391,114700
23,calibration,er_d128,1000,128619,1729,0,grid_0.5,5,2,1089600,25.191492296527443,114700
23,calibration,er_d128,1000,128619,1729,0,grid_1,5,3,1249200,50.382984593054886,114700
23,calibration,er_d128,1000,128619,1729,0,grid_1.5,5,4,1265400,75.57447688958233,114700
23,calibration,er_d128,1000,128619,1729,0,grid_16,5,5,1191300,806.1277534888782,114700
23,calibration,er_d128,1000,128619,1729,0,grid_4,5,6,1164600,201.53193837221954,114700
23,calibration,er_d128,1000,128619,1729,0,grid_0.1,5,7,925600,5.038298459305489,114700
23,calibration,er_d128,1000,128619,1729,0,grid_0.25,5,8,926200,12.595746148263721,114700
23,calibration,er_d128,1000,128619,1729,0,grid_0.75,5,9,1277400,37.787238444791164,114700
23,calibration,er_d128,1000,128619,1729,0,grid_0.05,5,10,1263100,2.5191492296527445,114700
23,calibration,er_d128,1000,128619,1729,0,grid_0.03125,5,11,1022100,1.5744682685329652,114700
23,density,er_d128,1000,128619,1729,333,mean_degree,0,0,1187500,0.3917227205393829,114700
23,density,er_d128,1000,128619,1729,333,selected_grid,0,1,905600,12.595746148263721,83302400
23,density,er_d128,1000,128619,1729,333,caliber,0,2,785300,0,361400
23,density,er_d128,1000,128619,1729,333,mean_ring,0,3,1219500,50.382984593054886,114700
23,density,er_d128,1000,128619,1729,333,degree4,0,4,837800,0,198200
23,density,er_d128,1000,128619,1729,333,std_binary,0,5,925200,0,0
23,density,er_d128,1000,128619,1729,333,mean_map,0,6,1176200,50.382984593054886,114700
23,density,er_d128,1000,128619,1729,333,max_maxdegree,0,7,1198500,0.6134945592984041,176200
23,density,er_d128,1000,128619,1729,333,binary,0,8,1024900,0,0
23,density,er_d128,1000,128619,1729,333,fourary,0,9,841200,0,0
23,density,er_d128,1000,128619,1729,333,fourary,1,0,804100,0,0
23,density,er_d128,1000,128619,1729,333,binary,1,1,790800,0,0
23,density,er_d128,1000,128619,1729,333,max_maxdegree,1,2,1090400,0.6134945592984041,176200
23,density,er_d128,1000,128619,1729,333,mean_map,1,3,1184000,50.382984593054886,114700
23,density,er_d128,1000,128619,1729,333,std_binary,1,4,915300,0,0
23,density,er_d128,1000,128619,1729,333,degree4,1,5,819500,0,198200
23,density,er_d128,1000,128619,1729,333,mean_ring,1,6,1148900,50.382984593054886,114700
23,density,er_d128,1000,128619,1729,333,caliber,1,7,780100,0,361400
23,density,er_d128,1000,128619,1729,333,selected_grid,1,8,869700,12.595746148263721,83302400
23,density,er_d128,1000,128619,1729,333,mean_degree,1,9,1109700,0.3917227205393829,114700
23,density,er_d128,1000,128619,1729,333,fourary,2,0,760300,0,0
23,density,er_d128,1000,128619,1729,333,caliber,2,1,736900,0,361400
23,density,er_d128,1000,128619,1729,333,std_binary,2,2,892300,0,0
23,density,er_d128,1000,128619,1729,333,max_maxdegree,2,3,1090700,0.6134945592984041,176200
23,density,er_d128,1000,128619,1729,333,degree4,2,4,886600,0,198200
23,density,er_d128,1000,128619,1729,333,mean_map,2,5,1153300,50.382984593054886,114700
23,density,er_d128,1000,128619,1729,333,binary,2,6,1166600,0,0
23,density,er_d128,1000,128619,1729,333,mean_ring,2,7,1317900,50.382984593054886,114700
23,density,er_d128,1000,128619,1729,333,mean_degree,2,8,1110400,0.3917227205393829,114700
23,density,er_d128,1000,128619,1729,333,selected_grid,2,9,858200,12.595746148263721,83302400
23,density,er_d128,1000,128619,1729,333,selected_grid,3,0,869700,12.595746148263721,83302400
23,density,er_d128,1000,128619,1729,333,mean_degree,3,1,1132600,0.3917227205393829,114700
23,density,er_d128,1000,128619,1729,333,mean_ring,3,2,1151900,50.382984593054886,114700
23,density,er_d128,1000,128619,1729,333,binary,3,3,833900,0,0
23,density,er_d128,1000,128619,1729,333,mean_map,3,4,1158300,50.382984593054886,114700
23,density,er_d128,1000,128619,1729,333,degree4,3,5,833500,0,198200
23,density,er_d128,1000,128619,1729,333,max_maxdegree,3,6,1042100,0.6134945592984041,176200
23,density,er_d128,1000,128619,1729,333,std_binary,3,7,932000,0,0
23,density,er_d128,1000,128619,1729,333,caliber,3,8,741600,0,361400
23,density,er_d128,1000,128619,1729,333,fourary,3,9,797700,0,0
23,density,er_d128,1000,128619,1729,333,caliber,4,0,722500,0,361400
23,density,er_d128,1000,128619,1729,333,selected_grid,4,1,891400,12.595746148263721,83302400
23,density,er_d128,1000,128619,1729,333,mean_ring,4,2,1189100,50.382984593054886,114700
23,density,er_d128,1000,128619,1729,333,degree4,4,3,802000,0,198200
23,density,er_d128,1000,128619,1729,333,fourary,4,4,776700,0,0
23,density,er_d128,1000,128619,1729,333,max_maxdegree,4,5,1084300,0.6134945592984041,176200
23,density,er_d128,1000,128619,1729,333,mean_map,4,6,1098700,50.382984593054886,114700
23,density,er_d128,1000,128619,1729,333,std_binary,4,7,874300,0,0
23,density,er_d128,1000,128619,1729,333,binary,4,8,754600,0,0
23,density,er_d128,1000,128619,1729,333,mean_degree,4,9,1092300,0.3917227205393829,114700
23,density,er_d128,1000,128619,1729,333,mean_degree,5,0,1090100,0.3917227205393829,114700
23,density,er_d128,1000,128619,1729,333,binary,5,1,887600,0,0
23,density,er_d128,1000,128619,1729,333,std_binary,5,2,908400,0,0
23,density,er_d128,1000,128619,1729,333,mean_map,5,3,1172100,50.382984593054886,114700
23,density,er_d128,1000,128619,1729,333,max_maxdegree,5,4,1063200,0.6134945592984041,176200
23,density,er_d128,1000,128619,1729,333,fourary,5,5,770700,0,0
23,density,er_d128,1000,128619,1729,333,degree4,5,6,808100,0,198200
23,density,er_d128,1000,128619,1729,333,mean_ring,5,7,1319600,50.382984593054886,114700
23,density,er_d128,1000,128619,1729,333,selected_grid,5,8,1036300,12.595746148263721,83302400
23,density,er_d128,1000,128619,1729,333,caliber,5,9,1014200,0,361400
23,density,er_d128,1000,128619,1729,333,mean_map,6,0,1925000,50.382984593054886,114700
23,density,er_d128,1000,128619,1729,333,max_maxdegree,6,1,1253400,0.6134945592984041,176200
23,density,er_d128,1000,128619,1729,333,selected_grid,6,2,953900,12.595746148263721,83302400
23,density,er_d128,1000,128619,1729,333,caliber,6,3,747900,0,361400
23,density,er_d128,1000,128619,1729,333,fourary,6,4,775400,0,0
23,density,er_d128,1000,128619,1729,333,std_binary,6,5,893700,0,0
23,density,er_d128,1000,128619,1729,333,binary,6,6,792000,0,0
23,density,er_d128,1000,128619,1729,333,mean_degree,6,7,1199200,0.3917227205393829,114700
23,density,er_d128,1000,128619,1729,333,degree4,6,8,825600,0,198200
23,density,er_d128,1000,128619,1729,333,mean_ring,6,9,1164200,50.382984593054886,114700
23,density,er_d128,1000,128619,1729,333,mean_ring,7,0,1104800,50.382984593054886,114700
23,density,er_d128,1000,128619,1729,333,degree4,7,1,776700,0,198200
23,density,er_d128,1000,128619,1729,333,mean_degree,7,2,1107700,0.3917227205393829,114700
23,density,er_d128,1000,128619,1729,333,binary,7,3,810500,0,0
23,density,er_d128,1000,128619,1729,333,std_binary,7,4,1114300,0,0
23,density,er_d128,1000,128619,1729,333,fourary,7,5,845400,0,0
23,density,er_d128,1000,128619,1729,333,caliber,7,6,742800,0,361400
23,density,er_d128,1000,128619,1729,333,selected_grid,7,7,867300,12.595746148263721,83302400
23,density,er_d128,1000,128619,1729,333,max_maxdegree,7,8,1031000,0.6134945592984041,176200
23,density,er_d128,1000,128619,1729,333,mean_map,7,9,1111000,50.382984593054886,114700
23,density,er_d128,1000,128619,1729,666,std_binary,0,0,927600,0,0
23,density,er_d128,1000,128619,1729,666,binary,0,1,779700,0,0
23,density,er_d128,1000,128619,1729,666,selected_grid,0,2,844300,12.595746148263721,83302400
23,density,er_d128,1000,128619,1729,666,fourary,0,3,761800,0,0
23,density,er_d128,1000,128619,1729,666,mean_ring,0,4,1090500,50.382984593054886,114700
23,density,er_d128,1000,128619,1729,666,degree4,0,5,776400,0,198200
23,density,er_d128,1000,128619,1729,666,mean_degree,0,6,1244100,0.3917227205393829,114700
23,density,er_d128,1000,128619,1729,666,caliber,0,7,1058300,0,361400
23,density,er_d128,1000,128619,1729,666,max_maxdegree,0,8,1028500,0.6134945592984041,176200
23,density,er_d128,1000,128619,1729,666,mean_map,0,9,1116700,50.382984593054886,114700
23,density,er_d128,1000,128619,1729,666,mean_map,1,0,1079800,50.382984593054886,114700
23,density,er_d128,1000,128619,1729,666,max_maxdegree,1,1,1038600,0.6134945592984041,176200
23,density,er_d128,1000,128619,1729,666,caliber,1,2,724000,0,361400
23,density,er_d128,1000,128619,1729,666,mean_degree,1,3,1085100,0.3917227205393829,114700
23,density,er_d128,1000,128619,1729,666,degree4,1,4,773100,0,198200
23,density,er_d128,1000,128619,1729,666,mean_ring,1,5,1098100,50.382984593054886,114700
23,density,er_d128,1000,128619,1729,666,fourary,1,6,950700,0,0
23,density,er_d128,1000,128619,1729,666,selected_grid,1,7,914600,12.595746148263721,83302400
23,density,er_d128,1000,128619,1729,666,binary,1,8,776300,0,0
23,density,er_d128,1000,128619,1729,666,std_binary,1,9,913500,0,0
23,density,er_d128,1000,128619,1729,666,mean_ring,2,0,1214100,50.382984593054886,114700
23,density,er_d128,1000,128619,1729,666,binary,2,1,772300,0,0
23,density,er_d128,1000,128619,1729,666,fourary,2,2,889300,0,0
23,density,er_d128,1000,128619,1729,666,degree4,2,3,776900,0,198200
23,density,er_d128,1000,128619,1729,666,max_maxdegree,2,4,1154600,0.6134945592984041,176200
23,density,er_d128,1000,128619,1729,666,mean_map,2,5,1115600,50.382984593054886,114700
23,density,er_d128,1000,128619,1729,666,std_binary,2,6,887000,0,0
23,density,er_d128,1000,128619,1729,666,mean_degree,2,7,1093200,0.3917227205393829,114700
23,density,er_d128,1000,128619,1729,666,caliber,2,8,733600,0,361400
23,density,er_d128,1000,128619,1729,666,selected_grid,2,9,865400,12.595746148263721,83302400
23,density,er_d128,1000,128619,1729,666,selected_grid,3,0,841900,12.595746148263721,83302400
23,density,er_d128,1000,128619,1729,666,caliber,3,1,719800,0,361400
23,density,er_d128,1000,128619,1729,666,mean_degree,3,2,1097300,0.3917227205393829,114700
23,density,er_d128,1000,128619,1729,666,std_binary,3,3,904000,0,0
23,density,er_d128,1000,128619,1729,666,mean_map,3,4,1105900,50.382984593054886,114700
23,density,er_d128,1000,128619,1729,666,max_maxdegree,3,5,1037600,0.6134945592984041,176200
23,density,er_d128,1000,128619,1729,666,degree4,3,6,939100,0,198200
23,density,er_d128,1000,128619,1729,666,fourary,3,7,780000,0,0
23,density,er_d128,1000,128619,1729,666,binary,3,8,745800,0,0
23,density,er_d128,1000,128619,1729,666,mean_ring,3,9,1076100,50.382984593054886,114700
23,density,er_d128,1000,128619,1729,666,std_binary,4,0,868000,0,0
23,density,er_d128,1000,128619,1729,666,mean_degree,4,1,1457800,0.3917227205393829,114700
23,density,er_d128,1000,128619,1729,666,selected_grid,4,2,924400,12.595746148263721,83302400
23,density,er_d128,1000,128619,1729,666,mean_ring,4,3,1068500,50.382984593054886,114700
23,density,er_d128,1000,128619,1729,666,mean_map,4,4,1080300,50.382984593054886,114700
23,density,er_d128,1000,128619,1729,666,max_maxdegree,4,5,1024000,0.6134945592984041,176200
23,density,er_d128,1000,128619,1729,666,fourary,4,6,769500,0,0
23,density,er_d128,1000,128619,1729,666,degree4,4,7,762700,0,198200
23,density,er_d128,1000,128619,1729,666,binary,4,8,739000,0,0
23,density,er_d128,1000,128619,1729,666,caliber,4,9,740100,0,361400
23,density,er_d128,1000,128619,1729,666,caliber,5,0,720200,0,361400
23,density,er_d128,1000,128619,1729,666,binary,5,1,732800,0,0
23,density,er_d128,1000,128619,1729,666,degree4,5,2,760100,0,198200
23,density,er_d128,1000,128619,1729,666,fourary,5,3,981700,0,0
23,density,er_d128,1000,128619,1729,666,max_maxdegree,5,4,1126800,0.6134945592984041,176200
23,density,er_d128,1000,128619,1729,666,mean_map,5,5,1119700,50.382984593054886,114700
23,density,er_d128,1000,128619,1729,666,mean_ring,5,6,1069700,50.382984593054886,114700
23,density,er_d128,1000,128619,1729,666,selected_grid,5,7,843500,12.595746148263721,83302400
23,density,er_d128,1000,128619,1729,666,mean_degree,5,8,1064000,0.3917227205393829,114700
23,density,er_d128,1000,128619,1729,666,std_binary,5,9,921500,0,0
23,density,er_d128,1000,128619,1729,666,mean_ring,6,0,1137300,50.382984593054886,114700
23,density,er_d128,1000,128619,1729,666,degree4,6,1,765300,0,198200
23,density,er_d128,1000,128619,1729,666,max_maxdegree,6,2,1033100,0.6134945592984041,176200
23,density,er_d128,1000,128619,1729,666,caliber,6,3,744500,0,361400
23,density,er_d128,1000,128619,1729,666,fourary,6,4,978100,0,0
23,density,er_d128,1000,128619,1729,666,mean_map,6,5,1218100,50.382984593054886,114700
23,density,er_d128,1000,128619,1729,666,std_binary,6,6,864300,0,0
23,density,er_d128,1000,128619,1729,666,binary,6,7,742800,0,0
23,density,er_d128,1000,128619,1729,666,selected_grid,6,8,833900,12.595746148263721,83302400
23,density,er_d128,1000,128619,1729,666,mean_degree,6,9,1142100,0.3917227205393829,114700
23,density,er_d128,1000,128619,1729,666,mean_degree,7,0,1049900,0.3917227205393829,114700
23,density,er_d128,1000,128619,1729,666,selected_grid,7,1,901300,12.595746148263721,83302400
23,density,er_d128,1000,128619,1729,666,binary,7,2,777400,0,0
23,density,er_d128,1000,128619,1729,666,std_binary,7,3,933300,0,0
23,density,er_d128,1000,128619,1729,666,mean_map,7,4,1330600,50.382984593054886,114700
23,density,er_d128,1000,128619,1729,666,fourary,7,5,1413500,0,0
23,density,er_d128,1000,128619,1729,666,caliber,7,6,825000,0,361400
23,density,er_d128,1000,128619,1729,666,max_maxdegree,7,7,1063800,0.6134945592984041,176200
23,density,er_d128,1000,128619,1729,666,degree4,7,8,789400,0,198200
23,density,er_d128,1000,128619,1729,666,mean_ring,7,9,1116900,50.382984593054886,114700
24,calibration,er_d256,1000,256574,1729,0,grid_1.5,0,0,2138700,75.5580954024723,222200
24,calibration,er_d256,1000,256574,1729,0,grid_2,0,1,2014300,100.74412720329642,222200
24,calibration,er_d256,1000,256574,1729,0,grid_0.25,0,2,1693600,12.593015900412052,222200
24,calibration,er_d256,1000,256574,1729,0,grid_0.75,0,3,2246000,37.77904770123615,222200
24,calibration,er_d256,1000,256574,1729,0,grid_0.05,0,4,1625800,2.5186031800824105,222200
24,calibration,er_d256,1000,256574,1729,0,grid_0.5,0,5,1851600,25.186031800824104,222200
24,calibration,er_d256,1000,256574,1729,0,grid_0.1,0,6,1589300,5.037206360164821,222200
24,calibration,er_d256,1000,256574,1729,0,grid_16,0,7,1980100,805.9530176263713,222200
24,calibration,er_d256,1000,256574,1729,0,grid_0.03125,0,8,1611300,1.5741269875515065,222200
24,calibration,er_d256,1000,256574,1729,0,grid_4,0,9,3158500,201.48825440659283,222200
24,calibration,er_d256,1000,256574,1729,0,grid_8,0,10,2172300,402.97650881318566,222200
24,calibration,er_d256,1000,256574,1729,0,grid_1,0,11,1972900,50.37206360164821,222200
24,calibration,er_d256,1000,256574,1729,0,grid_1,1,0,1913700,50.37206360164821,222200
24,calibration,er_d256,1000,256574,1729,0,grid_8,1,1,2110300,402.97650881318566,222200
24,calibration,er_d256,1000,256574,1729,0,grid_4,1,2,2174400,201.48825440659283,222200
24,calibration,er_d256,1000,256574,1729,0,grid_0.03125,1,3,1733800,1.5741269875515065,222200
24,calibration,er_d256,1000,256574,1729,0,grid_16,1,4,1980000,805.9530176263713,222200
24,calibration,er_d256,1000,256574,1729,0,grid_0.1,1,5,1606400,5.037206360164821,222200
24,calibration,er_d256,1000,256574,1729,0,grid_0.5,1,6,1921000,25.186031800824104,222200
24,calibration,er_d256,1000,256574,1729,0,grid_0.05,1,7,1613200,2.5186031800824105,222200
24,calibration,er_d256,1000,256574,1729,0,grid_0.75,1,8,1928000,37.77904770123615,222200
24,calibration,er_d256,1000,256574,1729,0,grid_0.25,1,9,1794900,12.593015900412052,222200
24,calibration,er_d256,1000,256574,1729,0,grid_2,1,10,2019800,100.74412720329642,222200
24,calibration,er_d256,1000,256574,1729,0,grid_1.5,1,11,1973900,75.5580954024723,222200
24,calibration,er_d256,1000,256574,1729,0,grid_0.75,2,0,2037400,37.77904770123615,222200
24,calibration,er_d256,1000,256574,1729,0,grid_0.05,2,1,1810400,2.5186031800824105,222200
24,calibration,er_d256,1000,256574,1729,0,grid_1.5,2,2,2500600,75.5580954024723,222200
24,calibration,er_d256,1000,256574,1729,0,grid_16,2,3,2028900,805.9530176263713,222200
24,calibration,er_d256,1000,256574,1729,0,grid_0.5,2,4,1864500,25.186031800824104,222200
24,calibration,er_d256,1000,256574,1729,0,grid_0.1,2,5,1571200,5.037206360164821,222200
24,calibration,er_d256,1000,256574,1729,0,grid_1,2,6,1915200,50.37206360164821,222200
24,calibration,er_d256,1000,256574,1729,0,grid_0.03125,2,7,1601300,1.5741269875515065,222200
24,calibration,er_d256,1000,256574,1729,0,grid_2,2,8,2003800,100.74412720329642,222200
24,calibration,er_d256,1000,256574,1729,0,grid_8,2,9,1997500,402.97650881318566,222200
24,calibration,er_d256,1000,256574,1729,0,grid_0.25,2,10,1660300,12.593015900412052,222200
24,calibration,er_d256,1000,256574,1729,0,grid_4,2,11,2061100,201.48825440659283,222200
24,calibration,er_d256,1000,256574,1729,0,grid_4,3,0,2012900,201.48825440659283,222200
24,calibration,er_d256,1000,256574,1729,0,grid_0.25,3,1,1789300,12.593015900412052,222200
24,calibration,er_d256,1000,256574,1729,0,grid_8,3,2,1948600,402.97650881318566,222200
24,calibration,er_d256,1000,256574,1729,0,grid_2,3,3,1892600,100.74412720329642,222200
24,calibration,er_d256,1000,256574,1729,0,grid_0.03125,3,4,1646100,1.5741269875515065,222200
24,calibration,er_d256,1000,256574,1729,0,grid_1,3,5,2138500,50.37206360164821,222200
24,calibration,er_d256,1000,256574,1729,0,grid_0.1,3,6,1619400,5.037206360164821,222200
24,calibration,er_d256,1000,256574,1729,0,grid_0.5,3,7,2375700,25.186031800824104,222200
24,calibration,er_d256,1000,256574,1729,0,grid_16,3,8,1976600,805.9530176263713,222200
24,calibration,er_d256,1000,256574,1729,0,grid_1.5,3,9,1878400,75.5580954024723,222200
24,calibration,er_d256,1000,256574,1729,0,grid_0.05,3,10,1571600,2.5186031800824105,222200
24,calibration,er_d256,1000,256574,1729,0,grid_0.75,3,11,1808900,37.77904770123615,222200
24,calibration,er_d256,1000,256574,1729,0,grid_0.03125,4,0,1548400,1.5741269875515065,222200
24,calibration,er_d256,1000,256574,1729,0,grid_0.05,4,1,1542200,2.5186031800824105,222200
24,calibration,er_d256,1000,256574,1729,0,grid_0.75,4,2,1805100,37.77904770123615,222200
24,calibration,er_d256,1000,256574,1729,0,grid_0.25,4,3,1576600,12.593015900412052,222200
24,calibration,er_d256,1000,256574,1729,0,grid_0.1,4,4,1516700,5.037206360164821,222200
24,calibration,er_d256,1000,256574,1729,0,grid_4,4,5,1880900,201.48825440659283,222200
24,calibration,er_d256,1000,256574,1729,0,grid_16,4,6,1904200,805.9530176263713,222200
24,calibration,er_d256,1000,256574,1729,0,grid_1.5,4,7,1873800,75.5580954024723,222200
24,calibration,er_d256,1000,256574,1729,0,grid_1,4,8,1809100,50.37206360164821,222200
24,calibration,er_d256,1000,256574,1729,0,grid_0.5,4,9,1812700,25.186031800824104,222200
24,calibration,er_d256,1000,256574,1729,0,grid_8,4,10,1940800,402.97650881318566,222200
24,calibration,er_d256,1000,256574,1729,0,grid_2,4,11,2227500,100.74412720329642,222200
24,calibration,er_d256,1000,256574,1729,0,grid_2,5,0,2155900,100.74412720329642,222200
24,calibration,er_d256,1000,256574,1729,0,grid_8,5,1,1893600,402.97650881318566,222200
24,calibration,er_d256,1000,256574,1729,0,grid_0.5,5,2,1817900,25.186031800824104,222200
24,calibration,er_d256,1000,256574,1729,0,grid_1,5,3,1887300,50.37206360164821,222200
24,calibration,er_d256,1000,256574,1729,0,grid_1.5,5,4,1924000,75.5580954024723,222200
24,calibration,er_d256,1000,256574,1729,0,grid_16,5,5,2005700,805.9530176263713,222200
24,calibration,er_d256,1000,256574,1729,0,grid_4,5,6,1942700,201.48825440659283,222200
24,calibration,er_d256,1000,256574,1729,0,grid_0.1,5,7,1545400,5.037206360164821,222200
24,calibration,er_d256,1000,256574,1729,0,grid_0.25,5,8,1610000,12.593015900412052,222200
24,calibration,er_d256,1000,256574,1729,0,grid_0.75,5,9,1956700,37.77904770123615,222200
24,calibration,er_d256,1000,256574,1729,0,grid_0.05,5,10,1520900,2.5186031800824105,222200
24,calibration,er_d256,1000,256574,1729,0,grid_0.03125,5,11,1649900,1.5741269875515065,222200
24,density,er_d256,1000,256574,1729,333,mean_degree,0,0,1734900,0.196325674470711,222200
24,density,er_d256,1000,256574,1729,333,selected_grid,0,1,1472600,5.037206360164821,136346700
24,density,er_d256,1000,256574,1729,333,caliber,0,2,888100,0,397500
24,density,er_d256,1000,256574,1729,333,mean_ring,0,3,1807600,50.37206360164821,222200
24,density,er_d256,1000,256574,1729,333,degree4,0,4,950000,0,206100
24,density,er_d256,1000,256574,1729,333,std_binary,0,5,1152400,0,0
24,density,er_d256,1000,256574,1729,333,mean_map,0,6,1821300,50.37206360164821,222200
24,density,er_d256,1000,256574,1729,333,max_maxdegree,0,7,1741700,0.3322246284572753,262900
24,density,er_d256,1000,256574,1729,333,binary,0,8,961700,0,0
24,density,er_d256,1000,256574,1729,333,fourary,0,9,992300,0,0
24,density,er_d256,1000,256574,1729,333,fourary,1,0,959800,0,0
24,density,er_d256,1000,256574,1729,333,binary,1,1,913000,0,0
24,density,er_d256,1000,256574,1729,333,max_maxdegree,1,2,1681400,0.3322246284572753,262900
24,density,er_d256,1000,256574,1729,333,mean_map,1,3,1819400,50.37206360164821,222200
24,density,er_d256,1000,256574,1729,333,std_binary,1,4,1132300,0,0
24,density,er_d256,1000,256574,1729,333,degree4,1,5,981800,0,206100
24,density,er_d256,1000,256574,1729,333,mean_ring,1,6,2003500,50.37206360164821,222200
24,density,er_d256,1000,256574,1729,333,caliber,1,7,1122600,0,397500
24,density,er_d256,1000,256574,1729,333,selected_grid,1,8,3346700,5.037206360164821,136346700
24,density,er_d256,1000,256574,1729,333,mean_degree,1,9,2811600,0.196325674470711,222200
24,density,er_d256,1000,256574,1729,333,fourary,2,0,1306200,0,0
24,density,er_d256,1000,256574,1729,333,caliber,2,1,1137300,0,397500
24,density,er_d256,1000,256574,1729,333,std_binary,2,2,1203500,0,0
24,density,er_d256,1000,256574,1729,333,max_maxdegree,2,3,1727600,0.3322246284572753,262900
24,density,er_d256,1000,256574,1729,333,degree4,2,4,989200,0,206100
24,density,er_d256,1000,256574,1729,333,mean_map,2,5,2138400,50.37206360164821,222200
24,density,er_d256,1000,256574,1729,333,binary,2,6,904700,0,0
24,density,er_d256,1000,256574,1729,333,mean_ring,2,7,2100100,50.37206360164821,222200
24,density,er_d256,1000,256574,1729,333,mean_degree,2,8,2111900,0.196325674470711,222200
24,density,er_d256,1000,256574,1729,333,selected_grid,2,9,1642700,5.037206360164821,136346700
24,density,er_d256,1000,256574,1729,333,selected_grid,3,0,1516000,5.037206360164821,136346700
24,density,er_d256,1000,256574,1729,333,mean_degree,3,1,1809500,0.196325674470711,222200
24,density,er_d256,1000,256574,1729,333,mean_ring,3,2,1845600,50.37206360164821,222200
24,density,er_d256,1000,256574,1729,333,binary,3,3,924700,0,0
24,density,er_d256,1000,256574,1729,333,mean_map,3,4,1863400,50.37206360164821,222200
24,density,er_d256,1000,256574,1729,333,degree4,3,5,1034500,0,206100
24,density,er_d256,1000,256574,1729,333,max_maxdegree,3,6,1752600,0.3322246284572753,262900
24,density,er_d256,1000,256574,1729,333,std_binary,3,7,1180000,0,0
24,density,er_d256,1000,256574,1729,333,caliber,3,8,938800,0,397500
24,density,er_d256,1000,256574,1729,333,fourary,3,9,1084600,0,0
24,density,er_d256,1000,256574,1729,333,caliber,4,0,1118900,0,397500
24,density,er_d256,1000,256574,1729,333,selected_grid,4,1,2658200,5.037206360164821,136346700
24,density,er_d256,1000,256574,1729,333,mean_ring,4,2,1899300,50.37206360164821,222200
24,density,er_d256,1000,256574,1729,333,degree4,4,3,965000,0,206100
24,density,er_d256,1000,256574,1729,333,fourary,4,4,936400,0,0
24,density,er_d256,1000,256574,1729,333,max_maxdegree,4,5,1702600,0.3322246284572753,262900
24,density,er_d256,1000,256574,1729,333,mean_map,4,6,1897800,50.37206360164821,222200
24,density,er_d256,1000,256574,1729,333,std_binary,4,7,1187900,0,0
24,density,er_d256,1000,256574,1729,333,binary,4,8,1045300,0,0
24,density,er_d256,1000,256574,1729,333,mean_degree,4,9,1953300,0.196325674470711,222200
24,density,er_d256,1000,256574,1729,333,mean_degree,5,0,1738500,0.196325674470711,222200
24,density,er_d256,1000,256574,1729,333,binary,5,1,909900,0,0
24,density,er_d256,1000,256574,1729,333,std_binary,5,2,1190400,0,0
24,density,er_d256,1000,256574,1729,333,mean_map,5,3,1882700,50.37206360164821,222200
24,density,er_d256,1000,256574,1729,333,max_maxdegree,5,4,1870000,0.3322246284572753,262900
24,density,er_d256,1000,256574,1729,333,fourary,5,5,1215700,0,0
24,density,er_d256,1000,256574,1729,333,degree4,5,6,1125800,0,206100
24,density,er_d256,1000,256574,1729,333,mean_ring,5,7,1929600,50.37206360164821,222200
24,density,er_d256,1000,256574,1729,333,selected_grid,5,8,1490400,5.037206360164821,136346700
24,density,er_d256,1000,256574,1729,333,caliber,5,9,990100,0,397500
24,density,er_d256,1000,256574,1729,333,mean_map,6,0,1994100,50.37206360164821,222200
24,density,er_d256,1000,256574,1729,333,max_maxdegree,6,1,1975400,0.3322246284572753,262900
24,density,er_d256,1000,256574,1729,333,selected_grid,6,2,1705200,5.037206360164821,136346700
24,density,er_d256,1000,256574,1729,333,caliber,6,3,939600,0,397500
24,density,er_d256,1000,256574,1729,333,fourary,6,4,1128300,0,0
24,density,er_d256,1000,256574,1729,333,std_binary,6,5,1207400,0,0
24,density,er_d256,1000,256574,1729,333,binary,6,6,987200,0,0
24,density,er_d256,1000,256574,1729,333,mean_degree,6,7,1811000,0.196325674470711,222200
24,density,er_d256,1000,256574,1729,333,degree4,6,8,964200,0,206100
24,density,er_d256,1000,256574,1729,333,mean_ring,6,9,1897800,50.37206360164821,222200
24,density,er_d256,1000,256574,1729,333,mean_ring,7,0,1816100,50.37206360164821,222200
24,density,er_d256,1000,256574,1729,333,degree4,7,1,926200,0,206100
24,density,er_d256,1000,256574,1729,333,mean_degree,7,2,1792000,0.196325674470711,222200
24,density,er_d256,1000,256574,1729,333,binary,7,3,944700,0,0
24,density,er_d256,1000,256574,1729,333,std_binary,7,4,1181400,0,0
24,density,er_d256,1000,256574,1729,333,fourary,7,5,1040500,0,0
24,density,er_d256,1000,256574,1729,333,caliber,7,6,915100,0,397500
24,density,er_d256,1000,256574,1729,333,selected_grid,7,7,1484700,5.037206360164821,136346700
24,density,er_d256,1000,256574,1729,333,max_maxdegree,7,8,1713500,0.3322246284572753,262900
24,density,er_d256,1000,256574,1729,333,mean_map,7,9,1844900,50.37206360164821,222200
24,density,er_d256,1000,256574,1729,666,std_binary,0,0,1210100,0,0
24,density,er_d256,1000,256574,1729,666,binary,0,1,946100,0,0
24,density,er_d256,1000,256574,1729,666,selected_grid,0,2,1472200,5.037206360164821,136346700
24,density,er_d256,1000,256574,1729,666,fourary,0,3,980100,0,0
24,density,er_d256,1000,256574,1729,666,mean_ring,0,4,1929300,50.37206360164821,222200
24,density,er_d256,1000,256574,1729,666,degree4,0,5,1045100,0,206100
24,density,er_d256,1000,256574,1729,666,mean_degree,0,6,1924900,0.196325674470711,222200
24,density,er_d256,1000,256574,1729,666,caliber,0,7,1096300,0,397500
24,density,er_d256,1000,256574,1729,666,max_maxdegree,0,8,2245200,0.3322246284572753,262900
24,density,er_d256,1000,256574,1729,666,mean_map,0,9,2042800,50.37206360164821,222200
24,density,er_d256,1000,256574,1729,666,mean_map,1,0,1887300,50.37206360164821,222200
24,density,er_d256,1000,256574,1729,666,max_maxdegree,1,1,1699700,0.3322246284572753,262900
24,density,er_d256,1000,256574,1729,666,caliber,1,2,985400,0,397500
24,density,er_d256,1000,256574,1729,666,mean_degree,1,3,2042600,0.196325674470711,222200
24,density,er_d256,1000,256574,1729,666,degree4,1,4,1138000,0,206100
24,density,er_d256,1000,256574,1729,666,mean_ring,1,5,2175400,50.37206360164821,222200
24,density,er_d256,1000,256574,1729,666,fourary,1,6,1218100,0,0
24,density,er_d256,1000,256574,1729,666,selected_grid,1,7,1812800,5.037206360164821,136346700
24,density,er_d256,1000,256574,1729,666,binary,1,8,1084800,0,0
24,density,er_d256,1000,256574,1729,666,std_binary,1,9,1338500,0,0
24,density,er_d256,1000,256574,1729,666,mean_ring,2,0,1958700,50.37206360164821,222200
24,density,er_d256,1000,256574,1729,666,binary,2,1,926400,0,0
24,density,er_d256,1000,256574,1729,666,fourary,2,2,956300,0,0
24,density,er_d256,1000,256574,1729,666,degree4,2,3,960500,0,206100
24,density,er_d256,1000,256574,1729,666,max_maxdegree,2,4,1721000,0.3322246284572753,262900
24,density,er_d256,1000,256574,1729,666,mean_map,2,5,2126400,50.37206360164821,222200
24,density,er_d256,1000,256574,1729,666,std_binary,2,6,1802900,0,0
24,density,er_d256,1000,256574,1729,666,mean_degree,2,7,1886000,0.196325674470711,222200
24,density,er_d256,1000,256574,1729,666,caliber,2,8,986200,0,397500
24,density,er_d256,1000,256574,1729,666,selected_grid,2,9,1496200,5.037206360164821,136346700
24,density,er_d256,1000,256574,1729,666,selected_grid,3,0,1488100,5.037206360164821,136346700
24,density,er_d256,1000,256574,1729,666,caliber,3,1,938000,0,397500
24,density,er_d256,1000,256574,1729,666,mean_degree,3,2,1787500,0.196325674470711,222200
24,density,er_d256,1000,256574,1729,666,std_binary,3,3,1232100,0,0
24,density,er_d256,1000,256574,1729,666,mean_map,3,4,1918300,50.37206360164821,222200
24,density,er_d256,1000,256574,1729,666,max_maxdegree,3,5,1670200,0.3322246284572753,262900
24,density,er_d256,1000,256574,1729,666,degree4,3,6,957700,0,206100
24,density,er_d256,1000,256574,1729,666,fourary,3,7,971700,0,0
24,density,er_d256,1000,256574,1729,666,binary,3,8,917200,0,0
24,density,er_d256,1000,256574,1729,666,mean_ring,3,9,1853500,50.37206360164821,222200
24,density,er_d256,1000,256574,1729,666,std_binary,4,0,1208000,0,0
24,density,er_d256,1000,256574,1729,666,mean_degree,4,1,1784600,0.196325674470711,222200
24,density,er_d256,1000,256574,1729,666,selected_grid,4,2,1474000,5.037206360164821,136346700
24,density,er_d256,1000,256574,1729,666,mean_ring,4,3,1897800,50.37206360164821,222200
24,density,er_d256,1000,256574,1729,666,mean_map,4,4,1874100,50.37206360164821,222200
24,density,er_d256,1000,256574,1729,666,max_maxdegree,4,5,1702700,0.3322246284572753,262900
24,density,er_d256,1000,256574,1729,666,fourary,4,6,1115600,0,0
24,density,er_d256,1000,256574,1729,666,degree4,4,7,1344900,0,206100
24,density,er_d256,1000,256574,1729,666,binary,4,8,1092900,0,0
24,density,er_d256,1000,256574,1729,666,caliber,4,9,1419500,0,397500
24,density,er_d256,1000,256574,1729,666,caliber,5,0,1102400,0,397500
24,density,er_d256,1000,256574,1729,666,binary,5,1,1001500,0,0
24,density,er_d256,1000,256574,1729,666,degree4,5,2,978200,0,206100
24,density,er_d256,1000,256574,1729,666,fourary,5,3,1025100,0,0
24,density,er_d256,1000,256574,1729,666,max_maxdegree,5,4,1848400,0.3322246284572753,262900
24,density,er_d256,1000,256574,1729,666,mean_map,5,5,1977800,50.37206360164821,222200
24,density,er_d256,1000,256574,1729,666,mean_ring,5,6,2198300,50.37206360164821,222200
24,density,er_d256,1000,256574,1729,666,selected_grid,5,7,1561400,5.037206360164821,136346700
24,density,er_d256,1000,256574,1729,666,mean_degree,5,8,1878100,0.196325674470711,222200
24,density,er_d256,1000,256574,1729,666,std_binary,5,9,1291400,0,0
24,density,er_d256,1000,256574,1729,666,mean_ring,6,0,1883700,50.37206360164821,222200
24,density,er_d256,1000,256574,1729,666,degree4,6,1,961100,0,206100
24,density,er_d256,1000,256574,1729,666,max_maxdegree,6,2,1856000,0.3322246284572753,262900
24,density,er_d256,1000,256574,1729,666,caliber,6,3,996500,0,397500
24,density,er_d256,1000,256574,1729,666,fourary,6,4,988100,0,0
24,density,er_d256,1000,256574,1729,666,mean_map,6,5,1871900,50.37206360164821,222200
24,density,er_d256,1000,256574,1729,666,std_binary,6,6,1456500,0,0
24,density,er_d256,1000,256574,1729,666,binary,6,7,1288900,0,0
24,density,er_d256,1000,256574,1729,666,selected_grid,6,8,1633300,5.037206360164821,136346700
24,density,er_d256,1000,256574,1729,666,mean_degree,6,9,2410200,0.196325674470711,222200
24,density,er_d256,1000,256574,1729,666,mean_degree,7,0,1904900,0.196325674470711,222200
24,density,er_d256,1000,256574,1729,666,selected_grid,7,1,1577800,5.037206360164821,136346700
24,density,er_d256,1000,256574,1729,666,binary,7,2,929100,0,0
24,density,er_d256,1000,256574,1729,666,std_binary,7,3,1229800,0,0
24,density,er_d256,1000,256574,1729,666,mean_map,7,4,1895600,50.37206360164821,222200
24,density,er_d256,1000,256574,1729,666,fourary,7,5,942800,0,0
24,density,er_d256,1000,256574,1729,666,caliber,7,6,910200,0,397500
24,density,er_d256,1000,256574,1729,666,max_maxdegree,7,7,1718900,0.3322246284572753,262900
24,density,er_d256,1000,256574,1729,666,degree4,7,8,1000400,0,206100
24,density,er_d256,1000,256574,1729,666,mean_ring,7,9,2357500,50.37206360164821,222200
25,calibration,er_d2,5000,10169,1729,0,grid_1.5,0,0,505900,75.71070826367954,32000
25,calibration,er_d2,5000,10169,1729,0,grid_2,0,1,634200,100.94761101823939,32000
25,calibration,er_d2,5000,10169,1729,0,grid_0.25,0,2,459600,12.618451377279923,32000
25,calibration,er_d2,5000,10169,1729,0,grid_0.75,0,3,418900,37.85535413183977,32000
25,calibration,er_d2,5000,10169,1729,0,grid_0.05,0,4,581000,2.523690275455985,32000
25,calibration,er_d2,5000,10169,1729,0,grid_0.5,0,5,794800,25.236902754559846,32000
25,calibration,er_d2,5000,10169,1729,0,grid_0.1,0,6,709900,5.04738055091197,32000
25,calibration,er_d2,5000,10169,1729,0,grid_16,0,7,350900,807.5808881459151,32000
25,calibration,er_d2,5000,10169,1729,0,grid_0.03125,0,8,700600,1.5773064221599904,32000
25,calibration,er_d2,5000,10169,1729,0,grid_4,0,9,335600,201.89522203647877,32000
25,calibration,er_d2,5000,10169,1729,0,grid_8,0,10,432500,403.79044407295754,32000
25,calibration,er_d2,5000,10169,1729,0,grid_1,0,11,584000,50.47380550911969,32000
25,calibration,er_d2,5000,10169,1729,0,grid_1,1,0,411400,50.47380550911969,32000
25,calibration,er_d2,5000,10169,1729,0,grid_8,1,1,318100,403.79044407295754,32000
25,calibration,er_d2,5000,10169,1729,0,grid_4,1,2,303000,201.89522203647877,32000
25,calibration,er_d2,5000,10169,1729,0,grid_0.03125,1,3,634400,1.5773064221599904,32000
25,calibration,er_d2,5000,10169,1729,0,grid_16,1,4,347900,807.5808881459151,32000
25,calibration,er_d2,5000,10169,1729,0,grid_0.1,1,5,531000,5.04738055091197,32000
25,calibration,er_d2,5000,10169,1729,0,grid_0.5,1,6,423600,25.236902754559846,32000
25,calibration,er_d2,5000,10169,1729,0,grid_0.05,1,7,577100,2.523690275455985,32000
25,calibration,er_d2,5000,10169,1729,0,grid_0.75,1,8,406700,37.85535413183977,32000
25,calibration,er_d2,5000,10169,1729,0,grid_0.25,1,9,468400,12.618451377279923,32000
25,calibration,er_d2,5000,10169,1729,0,grid_2,1,10,325800,100.94761101823939,32000
25,calibration,er_d2,5000,10169,1729,0,grid_1.5,1,11,366900,75.71070826367954,32000
25,calibration,er_d2,5000,10169,1729,0,grid_0.75,2,0,420100,37.85535413183977,32000
25,calibration,er_d2,5000,10169,1729,0,grid_0.05,2,1,611400,2.523690275455985,32000
25,calibration,er_d2,5000,10169,1729,0,grid_1.5,2,2,359000,75.71070826367954,32000
25,calibration,er_d2,5000,10169,1729,0,grid_16,2,3,336600,807.5808881459151,32000
25,calibration,er_d2,5000,10169,1729,0,grid_0.5,2,4,422400,25.236902754559846,32000
25,calibration,er_d2,5000,10169,1729,0,grid_0.1,2,5,527500,5.04738055091197,32000
25,calibration,er_d2,5000,10169,1729,0,grid_1,2,6,427200,50.47380550911969,32000
25,calibration,er_d2,5000,10169,1729,0,grid_0.03125,2,7,648300,1.5773064221599904,32000
25,calibration,er_d2,5000,10169,1729,0,grid_2,2,8,325800,100.94761101823939,32000
25,calibration,er_d2,5000,10169,1729,0,grid_8,2,9,305000,403.79044407295754,32000
25,calibration,er_d2,5000,10169,1729,0,grid_0.25,2,10,449500,12.618451377279923,32000
25,calibration,er_d2,5000,10169,1729,0,grid_4,2,11,385300,201.89522203647877,32000
25,calibration,er_d2,5000,10169,1729,0,grid_4,3,0,337900,201.89522203647877,32000
25,calibration,er_d2,5000,10169,1729,0,grid_0.25,3,1,465200,12.618451377279923,32000
25,calibration,er_d2,5000,10169,1729,0,grid_8,3,2,311200,403.79044407295754,32000
25,calibration,er_d2,5000,10169,1729,0,grid_2,3,3,313300,100.94761101823939,32000
25,calibration,er_d2,5000,10169,1729,0,grid_0.03125,3,4,652300,1.5773064221599904,32000
25,calibration,er_d2,5000,10169,1729,0,grid_1,3,5,409700,50.47380550911969,32000
25,calibration,er_d2,5000,10169,1729,0,grid_0.1,3,6,527200,5.04738055091197,32000
25,calibration,er_d2,5000,10169,1729,0,grid_0.5,3,7,424800,25.236902754559846,32000
25,calibration,er_d2,5000,10169,1729,0,grid_16,3,8,345600,807.5808881459151,32000
25,calibration,er_d2,5000,10169,1729,0,grid_1.5,3,9,362900,75.71070826367954,32000
25,calibration,er_d2,5000,10169,1729,0,grid_0.05,3,10,586300,2.523690275455985,32000
25,calibration,er_d2,5000,10169,1729,0,grid_0.75,3,11,410400,37.85535413183977,32000
25,calibration,er_d2,5000,10169,1729,0,grid_0.03125,4,0,664300,1.5773064221599904,32000
25,calibration,er_d2,5000,10169,1729,0,grid_0.05,4,1,559900,2.523690275455985,32000
25,calibration,er_d2,5000,10169,1729,0,grid_0.75,4,2,422900,37.85535413183977,32000
25,calibration,er_d2,5000,10169,1729,0,grid_0.25,4,3,456100,12.618451377279923,32000
25,calibration,er_d2,5000,10169,1729,0,grid_0.1,4,4,536300,5.04738055091197,32000
25,calibration,er_d2,5000,10169,1729,0,grid_4,4,5,337400,201.89522203647877,32000
25,calibration,er_d2,5000,10169,1729,0,grid_16,4,6,341000,807.5808881459151,32000
25,calibration,er_d2,5000,10169,1729,0,grid_1.5,4,7,362100,75.71070826367954,32000
25,calibration,er_d2,5000,10169,1729,0,grid_1,4,8,391700,50.47380550911969,32000
25,calibration,er_d2,5000,10169,1729,0,grid_0.5,4,9,576700,25.236902754559846,32000
25,calibration,er_d2,5000,10169,1729,0,grid_8,4,10,390800,403.79044407295754,32000
25,calibration,er_d2,5000,10169,1729,0,grid_2,4,11,321800,100.94761101823939,32000
25,calibration,er_d2,5000,10169,1729,0,grid_2,5,0,307800,100.94761101823939,32000
25,calibration,er_d2,5000,10169,1729,0,grid_8,5,1,298000,403.79044407295754,32000
25,calibration,er_d2,5000,10169,1729,0,grid_0.5,5,2,653300,25.236902754559846,32000
25,calibration,er_d2,5000,10169,1729,0,grid_1,5,3,403300,50.47380550911969,32000
25,calibration,er_d2,5000,10169,1729,0,grid_1.5,5,4,462500,75.71070826367954,32000
25,calibration,er_d2,5000,10169,1729,0,grid_16,5,5,347700,807.5808881459151,32000
25,calibration,er_d2,5000,10169,1729,0,grid_4,5,6,301700,201.89522203647877,32000
25,calibration,er_d2,5000,10169,1729,0,grid_0.1,5,7,541300,5.04738055091197,32000
25,calibration,er_d2,5000,10169,1729,0,grid_0.25,5,8,456700,12.618451377279923,32000
25,calibration,er_d2,5000,10169,1729,0,grid_0.75,5,9,414400,37.85535413183977,32000
25,calibration,er_d2,5000,10169,1729,0,grid_0.05,5,10,600000,2.523690275455985,32000
25,calibration,er_d2,5000,10169,1729,0,grid_0.03125,5,11,647100,1.5773064221599904,32000
25,density,er_d2,5000,10169,1729,1666,mean_map,0,0,534000,50.47380550911969,32000
25,density,er_d2,5000,10169,1729,1666,selected_grid,0,1,1082900,403.79044407295754,32931200
25,density,er_d2,5000,10169,1729,1666,max_maxdegree,0,2,518300,11.10990379168299,45200
25,density,er_d2,5000,10169,1729,1666,fourary,0,3,654000,0,0
25,density,er_d2,5000,10169,1729,1666,caliber,0,4,507300,0,67800
25,density,er_d2,5000,10169,1729,1666,degree4,0,5,734100,0,244300
25,density,er_d2,5000,10169,1729,1666,mean_ring,0,6,517100,50.47380550911969,32000
25,density,er_d2,5000,10169,1729,1666,binary,0,7,593800,0,0
25,density,er_d2,5000,10169,1729,1666,std_binary,0,8,550700,0,0
25,density,er_d2,5000,10169,1729,1666,mean_degree,0,9,423900,24.817487220532843,32000
25,density,er_d2,5000,10169,1729,1666,mean_degree,1,0,395000,24.817487220532843,32000
25,density,er_d2,5000,10169,1729,1666,std_binary,1,1,548900,0,0
25,density,er_d2,5000,10169,1729,1666,binary,1,2,669800,0,0
25,density,er_d2,5000,10169,1729,1666,mean_ring,1,3,358100,50.47380550911969,32000
25,density,er_d2,5000,10169,1729,1666,degree4,1,4,754700,0,244300
25,density,er_d2,5000,10169,1729,1666,caliber,1,5,633900,0,67800
25,density,er_d2,5000,10169,1729,1666,fourary,1,6,597200,0,0
25,density,er_d2,5000,10169,1729,1666,max_maxdegree,1,7,466900,11.10990379168299,45200
25,density,er_d2,5000,10169,1729,1666,selected_grid,1,8,286300,403.79044407295754,32931200
25,density,er_d2,5000,10169,1729,1666,mean_map,1,9,395500,50.47380550911969,32000
25,density,er_d2,5000,10169,1729,1666,degree4,2,0,705200,0,244300
25,density,er_d2,5000,10169,1729,1666,mean_ring,2,1,345500,50.47380550911969,32000
25,density,er_d2,5000,10169,1729,1666,std_binary,2,2,541200,0,0
25,density,er_d2,5000,10169,1729,1666,fourary,2,3,587900,0,0
25,density,er_d2,5000,10169,1729,1666,mean_map,2,4,378100,50.47380550911969,32000
25,density,er_d2,5000,10169,1729,1666,mean_degree,2,5,408600,24.817487220532843,32000
25,density,er_d2,5000,10169,1729,1666,selected_grid,2,6,503700,403.79044407295754,32931200
25,density,er_d2,5000,10169,1729,1666,binary,2,7,857500,0,0
25,density,er_d2,5000,10169,1729,1666,caliber,2,8,477900,0,67800
25,density,er_d2,5000,10169,1729,1666,max_maxdegree,2,9,451500,11.10990379168299,45200
25,density,er_d2,5000,10169,1729,1666,max_maxdegree,3,0,457700,11.10990379168299,45200
25,density,er_d2,5000,10169,1729,1666,caliber,3,1,459800,0,67800
25,density,er_d2,5000,10169,1729,1666,binary,3,2,580900,0,0
25,density,er_d2,5000,10169,1729,1666,selected_grid,3,3,296800,403.79044407295754,32931200
25,density,er_d2,5000,10169,1729,1666,mean_degree,3,4,419600,24.817487220532843,32000
25,density,er_d2,5000,10169,1729,1666,mean_map,3,5,395300,50.47380550911969,32000
25,density,er_d2,5000,10169,1729,1666,fourary,3,6,636600,0,0
25,density,er_d2,5000,10169,1729,1666,std_binary,3,7,697700,0,0
25,density,er_d2,5000,10169,1729,1666,mean_ring,3,8,363500,50.47380550911969,32000
25,density,er_d2,5000,10169,1729,1666,degree4,3,9,787400,0,244300
25,density,er_d2,5000,10169,1729,1666,mean_ring,4,0,761300,50.47380550911969,32000
25,density,er_d2,5000,10169,1729,1666,mean_map,4,1,453100,50.47380550911969,32000
25,density,er_d2,5000,10169,1729,1666,binary,4,2,608300,0,0
25,density,er_d2,5000,10169,1729,1666,selected_grid,4,3,285900,403.79044407295754,32931200
25,density,er_d2,5000,10169,1729,1666,mean_degree,4,4,405300,24.817487220532843,32000
25,density,er_d2,5000,10169,1729,1666,std_binary,4,5,562900,0,0
25,density,er_d2,5000,10169,1729,1666,fourary,4,6,601200,0,0
25,density,er_d2,5000,10169,1729,1666,max_maxdegree,4,7,478500,11.10990379168299,45200
25,density,er_d2,5000,10169,1729,1666,caliber,4,8,475500,0,67800
25,density,er_d2,5000,10169,1729,1666,degree4,4,9,846900,0,244300
25,density,er_d2,5000,10169,1729,1666,degree4,5,0,700000,0,244300
25,density,er_d2,5000,10169,1729,1666,caliber,5,1,473900,0,67800
25,density,er_d2,5000,10169,1729,1666,max_maxdegree,5,2,440100,11.10990379168299,45200
25,density,er_d2,5000,10169,1729,1666,fourary,5,3,731100,0,0
25,density,er_d2,5000,10169,1729,1666,std_binary,5,4,753900,0,0
25,density,er_d2,5000,10169,1729,1666,mean_degree,5,5,560600,24.817487220532843,32000
25,density,er_d2,5000,10169,1729,1666,selected_grid,5,6,310700,403.79044407295754,32931200
25,density,er_d2,5000,10169,1729,1666,binary,5,7,584800,0,0
25,density,er_d2,5000,10169,1729,1666,mean_map,5,8,551800,50.47380550911969,32000
25,density,er_d2,5000,10169,1729,1666,mean_ring,5,9,343400,50.47380550911969,32000
25,density,er_d2,5000,10169,1729,1666,fourary,6,0,644800,0,0
25,density,er_d2,5000,10169,1729,1666,degree4,6,1,752800,0,244300
25,density,er_d2,5000,10169,1729,1666,caliber,6,2,478300,0,67800
25,density,er_d2,5000,10169,1729,1666,mean_degree,6,3,410000,24.817487220532843,32000
25,density,er_d2,5000,10169,1729,1666,std_binary,6,4,560500,0,0
25,density,er_d2,5000,10169,1729,1666,mean_ring,6,5,353400,50.47380550911969,32000
25,density,er_d2,5000,10169,1729,1666,binary,6,6,586800,0,0
25,density,er_d2,5000,10169,1729,1666,max_maxdegree,6,7,452200,11.10990379168299,45200
25,density,er_d2,5000,10169,1729,1666,mean_map,6,8,384700,50.47380550911969,32000
25,density,er_d2,5000,10169,1729,1666,selected_grid,6,9,289100,403.79044407295754,32931200
25,density,er_d2,5000,10169,1729,1666,selected_grid,7,0,282600,403.79044407295754,32931200
25,density,er_d2,5000,10169,1729,1666,mean_map,7,1,386700,50.47380550911969,32000
25,density,er_d2,5000,10169,1729,1666,max_maxdegree,7,2,440200,11.10990379168299,45200
25,density,er_d2,5000,10169,1729,1666,binary,7,3,640800,0,0
25,density,er_d2,5000,10169,1729,1666,mean_ring,7,4,441900,50.47380550911969,32000
25,density,er_d2,5000,10169,1729,1666,std_binary,7,5,555000,0,0
25,density,er_d2,5000,10169,1729,1666,mean_degree,7,6,412100,24.817487220532843,32000
25,density,er_d2,5000,10169,1729,1666,caliber,7,7,483800,0,67800
25,density,er_d2,5000,10169,1729,1666,degree4,7,8,742400,0,244300
25,density,er_d2,5000,10169,1729,1666,fourary,7,9,592100,0,0
25,density,er_d2,5000,10169,1729,3333,binary,0,0,1026600,0,0
25,density,er_d2,5000,10169,1729,3333,caliber,0,1,631800,0,67800
25,density,er_d2,5000,10169,1729,3333,std_binary,0,2,686200,0,0
25,density,er_d2,5000,10169,1729,3333,mean_map,0,3,399100,50.47380550911969,32000
25,density,er_d2,5000,10169,1729,3333,fourary,0,4,743400,0,0
25,density,er_d2,5000,10169,1729,3333,mean_ring,0,5,368700,50.47380550911969,32000
25,density,er_d2,5000,10169,1729,3333,max_maxdegree,0,6,442300,11.10990379168299,45200
25,density,er_d2,5000,10169,1729,3333,mean_degree,0,7,424000,24.817487220532843,32000
25,density,er_d2,5000,10169,1729,3333,selected_grid,0,8,311400,403.79044407295754,32931200
25,density,er_d2,5000,10169,1729,3333,degree4,0,9,726500,0,244300
25,density,er_d2,5000,10169,1729,3333,degree4,1,0,683000,0,244300
25,density,er_d2,5000,10169,1729,3333,selected_grid,1,1,341600,403.79044407295754,32931200
25,density,er_d2,5000,10169,1729,3333,mean_degree,1,2,430000,24.817487220532843,32000
25,density,er_d2,5000,10169,1729,3333,max_maxdegree,1,3,459700,11.10990379168299,45200
25,density,er_d2,5000,10169,1729,3333,mean_ring,1,4,360300,50.47380550911969,32000
25,density,er_d2,5000,10169,1729,3333,fourary,1,5,705300,0,0
25,density,er_d2,5000,10169,1729,3333,mean_map,1,6,400000,50.47380550911969,32000
25,density,er_d2,5000,10169,1729,3333,std_binary,1,7,613800,0,0
25,density,er_d2,5000,10169,1729,3333,caliber,1,8,477600,0,67800
25,density,er_d2,5000,10169,1729,3333,binary,1,9,580900,0,0
25,density,er_d2,5000,10169,1729,3333,selected_grid,2,0,292800,403.79044407295754,32931200
25,density,er_d2,5000,10169,1729,3333,binary,2,1,583400,0,0
25,density,er_d2,5000,10169,1729,3333,caliber,2,2,462400,0,67800
25,density,er_d2,5000,10169,1729,3333,fourary,2,3,586200,0,0
25,density,er_d2,5000,10169,1729,3333,mean_map,2,4,389300,50.47380550911969,32000
25,density,er_d2,5000,10169,1729,3333,degree4,2,5,750400,0,244300
25,density,er_d2,5000,10169,1729,3333,max_maxdegree,2,6,460100,11.10990379168299,45200
25,density,er_d2,5000,10169,1729,3333,mean_ring,2,7,347300,50.47380550911969,32000
25,density,er_d2,5000,10169,1729,3333,mean_degree,2,8,407700,24.817487220532843,32000
25,density,er_d2,5000,10169,1729,3333,std_binary,2,9,575200,0,0
25,density,er_d2,5000,10169,1729,3333,std_binary,3,0,553200,0,0
25,density,er_d2,5000,10169,1729,3333,mean_degree,3,1,395600,24.817487220532843,32000
25,density,er_d2,5000,10169,1729,3333,mean_ring,3,2,333700,50.47380550911969,32000
25,density,er_d2,5000,10169,1729,3333,max_maxdegree,3,3,474600,11.10990379168299,45200
25,density,er_d2,5000,10169,1729,3333,degree4,3,4,716200,0,244300
25,density,er_d2,5000,10169,1729,3333,mean_map,3,5,378600,50.47380550911969,32000
25,density,er_d2,5000,10169,1729,3333,fourary,3,6,614200,0,0
25,density,er_d2,5000,10169,1729,3333,caliber,3,7,479100,0,67800
25,density,er_d2,5000,10169,1729,3333,binary,3,8,614600,0,0
25,density,er_d2,5000,10169,1729,3333,selected_grid,3,9,297600,403.79044407295754,32931200
25,density,er_d2,5000,10169,1729,3333,mean_map,4,0,377900,50.47380550911969,32000
25,density,er_d2,5000,10169,1729,3333,mean_degree,4,1,412700,24.817487220532843,32000
25,density,er_d2,5000,10169,1729,3333,caliber,4,2,465300,0,67800
25,density,er_d2,5000,10169,1729,3333,std_binary,4,3,557400,0,0
25,density,er_d2,5000,10169,1729,3333,binary,4,4,580500,0,0
25,density,er_d2,5000,10169,1729,3333,selected_grid,4,5,289200,403.79044407295754,32931200
25,density,er_d2,5000,10169,1729,3333,mean_ring,4,6,345000,50.47380550911969,32000
25,density,er_d2,5000,10169,1729,3333,degree4,4,7,713300,0,244300
25,density,er_d2,5000,10169,1729,3333,fourary,4,8,631200,0,0
25,density,er_d2,5000,10169,1729,3333,max_maxdegree,4,9,439800,11.10990379168299,45200
25,density,er_d2,5000,10169,1729,3333,max_maxdegree,5,0,422100,11.10990379168299,45200
25,density,er_d2,5000,10169,1729,3333,fourary,5,1,657500,0,0
25,density,er_d2,5000,10169,1729,3333,degree4,5,2,769700,0,244300
25,density,er_d2,5000,10169,1729,3333,mean_ring,5,3,353000,50.47380550911969,32000
25,density,er_d2,5000,10169,1729,3333,selected_grid,5,4,363000,403.79044407295754,32931200
25,density,er_d2,5000,10169,1729,3333,binary,5,5,592500,0,0
25,density,er_d2,5000,10169,1729,3333,std_binary,5,6,559400,0,0
25,density,er_d2,5000,10169,1729,3333,caliber,5,7,484700,0,67800
25,density,er_d2,5000,10169,1729,3333,mean_degree,5,8,430300,24.817487220532843,32000
25,density,er_d2,5000,10169,1729,3333,mean_map,5,9,387000,50.47380550911969,32000
25,density,er_d2,5000,10169,1729,3333,binary,6,0,591200,0,0
25,density,er_d2,5000,10169,1729,3333,max_maxdegree,6,1,957200,11.10990379168299,45200
25,density,er_d2,5000,10169,1729,3333,mean_map,6,2,485500,50.47380550911969,32000
25,density,er_d2,5000,10169,1729,3333,mean_degree,6,3,480900,24.817487220532843,32000
25,density,er_d2,5000,10169,1729,3333,caliber,6,4,477900,0,67800
25,density,er_d2,5000,10169,1729,3333,std_binary,6,5,557200,0,0
25,density,er_d2,5000,10169,1729,3333,selected_grid,6,6,291700,403.79044407295754,32931200
25,density,er_d2,5000,10169,1729,3333,mean_ring,6,7,341900,50.47380550911969,32000
25,density,er_d2,5000,10169,1729,3333,fourary,6,8,609700,0,0
25,density,er_d2,5000,10169,1729,3333,degree4,6,9,721300,0,244300
25,density,er_d2,5000,10169,1729,3333,degree4,7,0,698700,0,244300
25,density,er_d2,5000,10169,1729,3333,fourary,7,1,606000,0,0
25,density,er_d2,5000,10169,1729,3333,mean_ring,7,2,344000,50.47380550911969,32000
25,density,er_d2,5000,10169,1729,3333,selected_grid,7,3,300500,403.79044407295754,32931200
25,density,er_d2,5000,10169,1729,3333,std_binary,7,4,761700,0,0
25,density,er_d2,5000,10169,1729,3333,caliber,7,5,533000,0,67800
25,density,er_d2,5000,10169,1729,3333,mean_degree,7,6,442500,24.817487220532843,32000
25,density,er_d2,5000,10169,1729,3333,mean_map,7,7,408500,50.47380550911969,32000
25,density,er_d2,5000,10169,1729,3333,max_maxdegree,7,8,463000,11.10990379168299,45200
25,density,er_d2,5000,10169,1729,3333,binary,7,9,591300,0,0
26,calibration,er_d4,5000,20288,1729,0,grid_1.5,0,0,549800,75.8575055143015,41400
26,calibration,er_d4,5000,20288,1729,0,grid_2,0,1,537200,101.14334068573532,41400
26,calibration,er_d4,5000,20288,1729,0,grid_0.25,0,2,1092300,12.642917585716916,41400
26,calibration,er_d4,5000,20288,1729,0,grid_0.75,0,3,960900,37.92875275715075,41400
26,calibration,er_d4,5000,20288,1729,0,grid_0.05,0,4,1118500,2.5285835171433835,41400
26,calibration,er_d4,5000,20288,1729,0,grid_0.5,0,5,631600,25.28583517143383,41400
26,calibration,er_d4,5000,20288,1729,0,grid_0.1,0,6,742700,5.057167034286767,41400
26,calibration,er_d4,5000,20288,1729,0,grid_16,0,7,675900,809.1467254858826,41400
26,calibration,er_d4,5000,20288,1729,0,grid_0.03125,0,8,829200,1.5803646982146144,41400
26,calibration,er_d4,5000,20288,1729,0,grid_4,0,9,506700,202.28668137147065,41400
26,calibration,er_d4,5000,20288,1729,0,grid_8,0,10,821100,404.5733627429413,41400
26,calibration,er_d4,5000,20288,1729,0,grid_1,0,11,609300,50.57167034286766,41400
26,calibration,er_d4,5000,20288,1729,0,grid_1,1,0,591900,50.57167034286766,41400
26,calibration,er_d4,5000,20288,1729,0,grid_8,1,1,635600,404.5733627429413,41400
26,calibration,er_d4,5000,20288,1729,0,grid_4,1,2,506400,202.28668137147065,41400
26,calibration,er_d4,5000,20288,1729,0,grid_0.03125,1,3,1050300,1.5803646982146144,41400
26,calibration,er_d4,5000,20288,1729,0,grid_16,1,4,747200,809.1467254858826,41400
26,calibration,er_d4,5000,20288,1729,0,grid_0.1,1,5,732100,5.057167034286767,41400
26,calibration,er_d4,5000,20288,1729,0,grid_0.5,1,6,804100,25.28583517143383,41400
26,calibration,er_d4,5000,20288,1729,0,grid_0.05,1,7,781600,2.5285835171433835,41400
26,calibration,er_d4,5000,20288,1729,0,grid_0.75,1,8,610100,37.92875275715075,41400
26,calibration,er_d4,5000,20288,1729,0,grid_0.25,1,9,775300,12.642917585716916,41400
26,calibration,er_d4,5000,20288,1729,0,grid_2,1,10,618700,101.14334068573532,41400
26,calibration,er_d4,5000,20288,1729,0,grid_1.5,1,11,578900,75.8575055143015,41400
26,calibration,er_d4,5000,20288,1729,0,grid_0.75,2,0,586600,37.92875275715075,41400
26,calibration,er_d4,5000,20288,1729,0,grid_0.05,2,1,842900,2.5285835171433835,41400
26,calibration,er_d4,5000,20288,1729,0,grid_1.5,2,2,573000,75.8575055143015,41400
26,calibration,er_d4,5000,20288,1729,0,grid_16,2,3,756900,809.1467254858826,41400
26,calibration,er_d4,5000,20288,1729,0,grid_0.5,2,4,639500,25.28583517143383,41400
26,calibration,er_d4,5000,20288,1729,0,grid_0.1,2,5,764500,5.057167034286767,41400
26,calibration,er_d4,5000,20288,1729,0,grid_1,2,6,668700,50.57167034286766,41400
26,calibration,er_d4,5000,20288,1729,0,grid_0.03125,2,7,850600,1.5803646982146144,41400
26,calibration,er_d4,5000,20288,1729,0,grid_2,2,8,550600,101.14334068573532,41400
26,calibration,er_d4,5000,20288,1729,0,grid_8,2,9,670800,404.5733627429413,41400
26,calibration,er_d4,5000,20288,1729,0,grid_0.25,2,10,651900,12.642917585716916,41400
26,calibration,er_d4,5000,20288,1729,0,grid_4,2,11,493500,202.28668137147065,41400
26,calibration,er_d4,5000,20288,1729,0,grid_4,3,0,481500,202.28668137147065,41400
26,calibration,er_d4,5000,20288,1729,0,grid_0.25,3,1,674000,12.642917585716916,41400
26,calibration,er_d4,5000,20288,1729,0,grid_8,3,2,654300,404.5733627429413,41400
26,calibration,er_d4,5000,20288,1729,0,grid_2,3,3,498100,101.14334068573532,41400
26,calibration,er_d4,5000,20288,1729,0,grid_0.03125,3,4,834900,1.5803646982146144,41400
26,calibration,er_d4,5000,20288,1729,0,grid_1,3,5,648100,50.57167034286766,41400
26,calibration,er_d4,5000,20288,1729,0,grid_0.1,3,6,749000,5.057167034286767,41400
26,calibration,er_d4,5000,20288,1729,0,grid_0.5,3,7,638700,25.28583517143383,41400
26,calibration,er_d4,5000,20288,1729,0,grid_16,3,8,662500,809.1467254858826,41400
26,calibration,er_d4,5000,20288,1729,0,grid_1.5,3,9,562000,75.8575055143015,41400
26,calibration,er_d4,5000,20288,1729,0,grid_0.05,3,10,857400,2.5285835171433835,41400
26,calibration,er_d4,5000,20288,1729,0,grid_0.75,3,11,630500,37.92875275715075,41400
26,calibration,er_d4,5000,20288,1729,0,grid_0.03125,4,0,807800,1.5803646982146144,41400
26,calibration,er_d4,5000,20288,1729,0,grid_0.05,4,1,765700,2.5285835171433835,41400
26,calibration,er_d4,5000,20288,1729,0,grid_0.75,4,2,607300,37.92875275715075,41400
26,calibration,er_d4,5000,20288,1729,0,grid_0.25,4,3,648100,12.642917585716916,41400
26,calibration,er_d4,5000,20288,1729,0,grid_0.1,4,4,734600,5.057167034286767,41400
26,calibration,er_d4,5000,20288,1729,0,grid_4,4,5,495900,202.28668137147065,41400
26,calibration,er_d4,5000,20288,1729,0,grid_16,4,6,639900,809.1467254858826,41400
26,calibration,er_d4,5000,20288,1729,0,grid_1.5,4,7,672000,75.8575055143015,41400
26,calibration,er_d4,5000,20288,1729,0,grid_1,4,8,574700,50.57167034286766,41400
26,calibration,er_d4,5000,20288,1729,0,grid_0.5,4,9,651800,25.28583517143383,41400
26,calibration,er_d4,5000,20288,1729,0,grid_8,4,10,697300,404.5733627429413,41400
26,calibration,er_d4,5000,20288,1729,0,grid_2,4,11,590900,101.14334068573532,41400
26,calibration,er_d4,5000,20288,1729,0,grid_2,5,0,496600,101.14334068573532,41400
26,calibration,er_d4,5000,20288,1729,0,grid_8,5,1,1198100,404.5733627429413,41400
26,calibration,er_d4,5000,20288,1729,0,grid_0.5,5,2,1060700,25.28583517143383,41400
26,calibration,er_d4,5000,20288,1729,0,grid_1,5,3,792700,50.57167034286766,41400
26,calibration,er_d4,5000,20288,1729,0,grid_1.5,5,4,665500,75.8575055143015,41400
26,calibration,er_d4,5000,20288,1729,0,grid_16,5,5,721300,809.1467254858826,41400
26,calibration,er_d4,5000,20288,1729,0,grid_4,5,6,487900,202.28668137147065,41400
26,calibration,er_d4,5000,20288,1729,0,grid_0.1,5,7,735000,5.057167034286767,41400
26,calibration,er_d4,5000,20288,1729,0,grid_0.25,5,8,654100,12.642917585716916,41400
26,calibration,er_d4,5000,20288,1729,0,grid_0.75,5,9,590700,37.92875275715075,41400
26,calibration,er_d4,5000,20288,1729,0,grid_0.05,5,10,816400,2.5285835171433835,41400
26,calibration,er_d4,5000,20288,1729,0,grid_0.03125,5,11,978700,1.5803646982146144,41400
26,density,er_d4,5000,20288,1729,1666,mean_map,0,0,658000,50.57167034286766,41400
26,density,er_d4,5000,20288,1729,1666,selected_grid,0,1,512100,202.28668137147065,50874500
26,density,er_d4,5000,20288,1729,1666,max_maxdegree,0,2,727700,7.142734391563179,78800
26,density,er_d4,5000,20288,1729,1666,fourary,0,3,1031400,0,0
26,density,er_d4,5000,20288,1729,1666,caliber,0,4,881700,0,90800
26,density,er_d4,5000,20288,1729,1666,degree4,0,5,1265300,0,342400
26,density,er_d4,5000,20288,1729,1666,mean_ring,0,6,572200,50.57167034286766,41400
26,density,er_d4,5000,20288,1729,1666,binary,0,7,1393200,0,0
26,density,er_d4,5000,20288,1729,1666,std_binary,0,8,1062700,0,0
26,density,er_d4,5000,20288,1729,1666,mean_degree,0,9,689300,12.463443992228822,41400
26,density,er_d4,5000,20288,1729,1666,mean_degree,1,0,671800,12.463443992228822,41400
26,density,er_d4,5000,20288,1729,1666,std_binary,1,1,1002600,0,0
26,density,er_d4,5000,20288,1729,1666,binary,1,2,1106800,0,0
26,density,er_d4,5000,20288,1729,1666,mean_ring,1,3,656700,50.57167034286766,41400
26,density,er_d4,5000,20288,1729,1666,degree4,1,4,1260900,0,342400
26,density,er_d4,5000,20288,1729,1666,caliber,1,5,914100,0,90800
26,density,er_d4,5000,20288,1729,1666,fourary,1,6,1034200,0,0
26,density,er_d4,5000,20288,1729,1666,max_maxdegree,1,7,730900,7.142734391563179,78800
26,density,er_d4,5000,20288,1729,1666,selected_grid,1,8,705700,202.28668137147065,50874500
26,density,er_d4,5000,20288,1729,1666,mean_map,1,9,788800,50.57167034286766,41400
26,density,er_d4,5000,20288,1729,1666,degree4,2,0,1470000,0,342400
26,density,er_d4,5000,20288,1729,1666,mean_ring,2,1,567700,50.57167034286766,41400
26,density,er_d4,5000,20288,1729,1666,std_binary,2,2,1026300,0,0
26,density,er_d4,5000,20288,1729,1666,fourary,2,3,1043600,0,0
26,density,er_d4,5000,20288,1729,1666,mean_map,2,4,598000,50.57167034286766,41400
26,density,er_d4,5000,20288,1729,1666,mean_degree,2,5,678000,12.463443992228822,41400
26,density,er_d4,5000,20288,1729,1666,selected_grid,2,6,532800,202.28668137147065,50874500
26,density,er_d4,5000,20288,1729,1666,binary,2,7,1233600,0,0
26,density,er_d4,5000,20288,1729,1666,caliber,2,8,911600,0,90800
26,density,er_d4,5000,20288,1729,1666,max_maxdegree,2,9,860000,7.142734391563179,78800
26,density,er_d4,5000,20288,1729,1666,max_maxdegree,3,0,697000,7.142734391563179,78800
26,density,er_d4,5000,20288,1729,1666,caliber,3,1,1013600,0,90800
26,density,er_d4,5000,20288,1729,1666,binary,3,2,1071400,0,0
26,density,er_d4,5000,20288,1729,1666,selected_grid,3,3,520300,202.28668137147065,50874500
26,density,er_d4,5000,20288,1729,1666,mean_degree,3,4,669900,12.463443992228822,41400
26,density,er_d4,5000,20288,1729,1666,mean_map,3,5,576000,50.57167034286766,41400
26,density,er_d4,5000,20288,1729,1666,fourary,3,6,1065200,0,0
26,density,er_d4,5000,20288,1729,1666,std_binary,3,7,1045800,0,0
26,density,er_d4,5000,20288,1729,1666,mean_ring,3,8,531100,50.57167034286766,41400
26,density,er_d4,5000,20288,1729,1666,degree4,3,9,1272900,0,342400
26,density,er_d4,5000,20288,1729,1666,mean_ring,4,0,538400,50.57167034286766,41400
26,density,er_d4,5000,20288,1729,1666,mean_map,4,1,590500,50.57167034286766,41400
26,density,er_d4,5000,20288,1729,1666,binary,4,2,1058600,0,0
26,density,er_d4,5000,20288,1729,1666,selected_grid,4,3,583600,202.28668137147065,50874500
26,density,er_d4,5000,20288,1729,1666,mean_degree,4,4,1114400,12.463443992228822,41400
26,density,er_d4,5000,20288,1729,1666,std_binary,4,5,1016600,0,0
26,density,er_d4,5000,20288,1729,1666,fourary,4,6,1020200,0,0
26,density,er_d4,5000,20288,1729,1666,max_maxdegree,4,7,717300,7.142734391563179,78800
26,density,er_d4,5000,20288,1729,1666,caliber,4,8,889000,0,90800
26,density,er_d4,5000,20288,1729,1666,degree4,4,9,1351900,0,342400
26,density,er_d4,5000,20288,1729,1666,degree4,5,0,1301500,0,342400
26,density,er_d4,5000,20288,1729,1666,caliber,5,1,892200,0,90800
26,density,er_d4,5000,20288,1729,1666,max_maxdegree,5,2,707800,7.142734391563179,78800
26,density,er_d4,5000,20288,1729,1666,fourary,5,3,1311700,0,0
26,density,er_d4,5000,20288,1729,1666,std_binary,5,4,1296700,0,0
26,density,er_d4,5000,20288,1729,1666,mean_degree,5,5,755000,12.463443992228822,41400
26,density,er_d4,5000,20288,1729,1666,selected_grid,5,6,503000,202.28668137147065,50874500
26,density,er_d4,5000,20288,1729,1666,binary,5,7,1033200,0,0
26,density,er_d4,5000,20288,1729,1666,mean_map,5,8,579900,50.57167034286766,41400
26,density,er_d4,5000,20288,1729,1666,mean_ring,5,9,551900,50.57167034286766,41400
26,density,er_d4,5000,20288,1729,1666,fourary,6,0,1052200,0,0
26,density,er_d4,5000,20288,1729,1666,degree4,6,1,1255100,0,342400
26,density,er_d4,5000,20288,1729,1666,caliber,6,2,907100,0,90800
26,density,er_d4,5000,20288,1729,1666,mean_degree,6,3,658500,12.463443992228822,41400
26,density,er_d4,5000,20288,1729,1666,std_binary,6,4,1021200,0,0
26,density,er_d4,5000,20288,1729,1666,mean_ring,6,5,701000,50.57167034286766,41400
26,density,er_d4,5000,20288,1729,1666,binary,6,6,1246300,0,0
26,density,er_d4,5000,20288,1729,1666,max_maxdegree,6,7,953500,7.142734391563179,78800
26,density,er_d4,5000,20288,1729,1666,mean_map,6,8,582600,50.57167034286766,41400
26,density,er_d4,5000,20288,1729,1666,selected_grid,6,9,514400,202.28668137147065,50874500
26,density,er_d4,5000,20288,1729,1666,selected_grid,7,0,507600,202.28668137147065,50874500
26,density,er_d4,5000,20288,1729,1666,mean_map,7,1,639800,50.57167034286766,41400
26,density,er_d4,5000,20288,1729,1666,max_maxdegree,7,2,771900,7.142734391563179,78800
26,density,er_d4,5000,20288,1729,1666,binary,7,3,1087400,0,0
26,density,er_d4,5000,20288,1729,1666,mean_ring,7,4,545300,50.57167034286766,41400
26,density,er_d4,5000,20288,1729,1666,std_binary,7,5,1099600,0,0
26,density,er_d4,5000,20288,1729,1666,mean_degree,7,6,830400,12.463443992228822,41400
26,density,er_d4,5000,20288,1729,1666,caliber,7,7,948600,0,90800
26,density,er_d4,5000,20288,1729,1666,degree4,7,8,1313800,0,342400
26,density,er_d4,5000,20288,1729,1666,fourary,7,9,1528800,0,0
26,density,er_d4,5000,20288,1729,3333,binary,0,0,1030600,0,0
26,density,er_d4,5000,20288,1729,3333,caliber,0,1,978300,0,90800
26,density,er_d4,5000,20288,1729,3333,std_binary,0,2,999000,0,0
26,density,er_d4,5000,20288,1729,3333,mean_map,0,3,661200,50.57167034286766,41400
26,density,er_d4,5000,20288,1729,3333,fourary,0,4,1043400,0,0
26,density,er_d4,5000,20288,1729,3333,mean_ring,0,5,563300,50.57167034286766,41400
26,density,er_d4,5000,20288,1729,3333,max_maxdegree,0,6,728500,7.142734391563179,78800
26,density,er_d4,5000,20288,1729,3333,mean_degree,0,7,684400,12.463443992228822,41400
26,density,er_d4,5000,20288,1729,3333,selected_grid,0,8,543600,202.28668137147065,50874500
26,density,er_d4,5000,20288,1729,3333,degree4,0,9,1309700,0,342400
26,density,er_d4,5000,20288,1729,3333,degree4,1,0,1274400,0,342400
26,density,er_d4,5000,20288,1729,3333,selected_grid,1,1,899400,202.28668137147065,50874500
26,density,er_d4,5000,20288,1729,3333,mean_degree,1,2,802900,12.463443992228822,41400
26,density,er_d4,5000,20288,1729,3333,max_maxdegree,1,3,752800,7.142734391563179,78800
26,density,er_d4,5000,20288,1729,3333,mean_ring,1,4,571400,50.57167034286766,41400
26,density,er_d4,5000,20288,1729,3333,fourary,1,5,1030100,0,0
26,density,er_d4,5000,20288,1729,3333,mean_map,1,6,572600,50.57167034286766,41400
26,density,er_d4,5000,20288,1729,3333,std_binary,1,7,984200,0,0
26,density,er_d4,5000,20288,1729,3333,caliber,1,8,944400,0,90800
26,density,er_d4,5000,20288,1729,3333,binary,1,9,1328200,0,0
26,density,er_d4,5000,20288,1729,3333,selected_grid,2,0,594700,202.28668137147065,50874500
26,density,er_d4,5000,20288,1729,3333,binary,2,1,1035000,0,0
26,density,er_d4,5000,20288,1729,3333,caliber,2,2,913600,0,90800
26,density,er_d4,5000,20288,1729,3333,fourary,2,3,1016500,0,0
26,density,er_d4,5000,20288,1729,3333,mean_map,2,4,644300,50.57167034286766,41400
26,density,er_d4,5000,20288,1729,3333,degree4,2,5,1522000,0,342400
26,density,er_d4,5000,20288,1729,3333,max_maxdegree,2,6,863900,7.142734391563179,78800
26,density,er_d4,5000,20288,1729,3333,mean_ring,2,7,556200,50.57167034286766,41400
26,density,er_d4,5000,20288,1729,3333,mean_degree,2,8,710600,12.463443992228822,41400
26,density,er_d4,5000,20288,1729,3333,std_binary,2,9,1004700,0,0
26,density,er_d4,5000,20288,1729,3333,std_binary,3,0,993300,0,0
26,density,er_d4,5000,20288,1729,3333,mean_degree,3,1,698100,12.463443992228822,41400
26,density,er_d4,5000,20288,1729,3333,mean_ring,3,2,663000,50.57167034286766,41400
26,density,er_d4,5000,20288,1729,3333,max_maxdegree,3,3,989900,7.142734391563179,78800
26,density,er_d4,5000,20288,1729,3333,degree4,3,4,1445000,0,342400
26,density,er_d4,5000,20288,1729,3333,mean_map,3,5,583900,50.57167034286766,41400
26,density,er_d4,5000,20288,1729,3333,fourary,3,6,1057600,0,0
26,density,er_d4,5000,20288,1729,3333,caliber,3,7,887300,0,90800
26,density,er_d4,5000,20288,1729,3333,binary,3,8,1899000,0,0
26,density,er_d4,5000,20288,1729,3333,selected_grid,3,9,512400,202.28668137147065,50874500
26,density,er_d4,5000,20288,1729,3333,mean_map,4,0,609700,50.57167034286766,41400
26,density,er_d4,5000,20288,1729,3333,mean_degree,4,1,714500,12.463443992228822,41400
26,density,er_d4,5000,20288,1729,3333,caliber,4,2,898600,0,90800
26,density,er_d4,5000,20288,1729,3333,std_binary,4,3,1086000,0,0
26,density,er_d4,5000,20288,1729,3333,binary,4,4,1353500,0,0
26,density,er_d4,5000,20288,1729,3333,selected_grid,4,5,729000,202.28668137147065,50874500
26,density,er_d4,5000,20288,1729,3333,mean_ring,4,6,683600,50.57167034286766,41400
26,density,er_d4,5000,20288,1729,3333,degree4,4,7,1808200,0,342400
26,density,er_d4,5000,20288,1729,3333,fourary,4,8,1085600,0,0
26,density,er_d4,5000,20288,1729,3333,max_maxdegree,4,9,770600,7.142734391563179,78800
26,density,er_d4,5000,20288,1729,3333,max_maxdegree,5,0,762200,7.142734391563179,78800
26,density,er_d4,5000,20288,1729,3333,fourary,5,1,1060100,0,0
26,density,er_d4,5000,20288,1729,3333,degree4,5,2,1245300,0,342400
26,density,er_d4,5000,20288,1729,3333,mean_ring,5,3,548300,50.57167034286766,41400
26,density,er_d4,5000,20288,1729,3333,selected_grid,5,4,493200,202.28668137147065,50874500
26,density,er_d4,5000,20288,1729,3333,binary,5,5,1051800,0,0
26,density,er_d4,5000,20288,1729,3333,std_binary,5,6,1034900,0,0
26,density,er_d4,5000,20288,1729,3333,caliber,5,7,903400,0,90800
26,density,er_d4,5000,20288,1729,3333,mean_degree,5,8,806600,12.463443992228822,41400
26,density,er_d4,5000,20288,1729,3333,mean_map,5,9,615600,50.57167034286766,41400
26,density,er_d4,5000,20288,1729,3333,binary,6,0,1071300,0,0
26,density,er_d4,5000,20288,1729,3333,max_maxdegree,6,1,711900,7.142734391563179,78800
26,density,er_d4,5000,20288,1729,3333,mean_map,6,2,596100,50.57167034286766,41400
26,density,er_d4,5000,20288,1729,3333,mean_degree,6,3,671900,12.463443992228822,41400
26,density,er_d4,5000,20288,1729,3333,caliber,6,4,911300,0,90800
26,density,er_d4,5000,20288,1729,3333,std_binary,6,5,1039800,0,0
26,density,er_d4,5000,20288,1729,3333,selected_grid,6,6,495600,202.28668137147065,50874500
26,density,er_d4,5000,20288,1729,3333,mean_ring,6,7,578600,50.57167034286766,41400
26,density,er_d4,5000,20288,1729,3333,fourary,6,8,1033000,0,0
26,density,er_d4,5000,20288,1729,3333,degree4,6,9,1245500,0,342400
26,density,er_d4,5000,20288,1729,3333,degree4,7,0,1228600,0,342400
26,density,er_d4,5000,20288,1729,3333,fourary,7,1,1004800,0,0
26,density,er_d4,5000,20288,1729,3333,mean_ring,7,2,554000,50.57167034286766,41400
26,density,er_d4,5000,20288,1729,3333,selected_grid,7,3,482200,202.28668137147065,50874500
26,density,er_d4,5000,20288,1729,3333,std_binary,7,4,992200,0,0
26,density,er_d4,5000,20288,1729,3333,caliber,7,5,929700,0,90800
26,density,er_d4,5000,20288,1729,3333,mean_degree,7,6,678700,12.463443992228822,41400
26,density,er_d4,5000,20288,1729,3333,mean_map,7,7,592700,50.57167034286766,41400
26,density,er_d4,5000,20288,1729,3333,max_maxdegree,7,8,731600,7.142734391563179,78800
26,density,er_d4,5000,20288,1729,3333,binary,7,9,1378000,0,0
27,calibration,er_d8,5000,40355,1729,0,grid_1.5,0,0,873300,75.86403002577686,77500
27,calibration,er_d8,5000,40355,1729,0,grid_2,0,1,754900,101.15204003436915,77500
27,calibration,er_d8,5000,40355,1729,0,grid_0.25,0,2,883500,12.644005004296144,77500
27,calibration,er_d8,5000,40355,1729,0,grid_0.75,0,3,820600,37.93201501288843,77500
27,calibration,er_d8,5000,40355,1729,0,grid_0.05,0,4,1041500,2.5288010008592288,77500
27,calibration,er_d8,5000,40355,1729,0,grid_0.5,0,5,836500,25.288010008592288,77500
27,calibration,er_d8,5000,40355,1729,0,grid_0.1,0,6,1038100,5.0576020017184575,77500
27,calibration,er_d8,5000,40355,1729,0,grid_16,0,7,1161600,809.2163202749532,77500
27,calibration,er_d8,5000,40355,1729,0,grid_0.03125,0,8,1084400,1.580500625537018,77500
27,calibration,er_d8,5000,40355,1729,0,grid_4,0,9,1093400,202.3040800687383,77500
27,calibration,er_d8,5000,40355,1729,0,grid_8,0,10,1140500,404.6081601374766,77500
27,calibration,er_d8,5000,40355,1729,0,grid_1,0,11,928200,50.576020017184575,77500
27,calibration,er_d8,5000,40355,1729,0,grid_1,1,0,780600,50.576020017184575,77500
27,calibration,er_d8,5000,40355,1729,0,grid_8,1,1,1242900,404.6081601374766,77500
27,calibration,er_d8,5000,40355,1729,0,grid_4,1,2,1114800,202.3040800687383,77500
27,calibration,er_d8,5000,40355,1729,0,grid_0.03125,1,3,1567300,1.580500625537018,77500
27,calibration,er_d8,5000,40355,1729,0,grid_16,1,4,1125900,809.2163202749532,77500
27,calibration,er_d8,5000,40355,1729,0,grid_0.1,1,5,973700,5.0576020017184575,77500
27,calibration,er_d8,5000,40355,1729,0,grid_0.5,1,6,785900,25.288010008592288,77500
27,calibration,er_d8,5000,40355,1729,0,grid_0.05,1,7,1010800,2.5288010008592288,77500
27,calibration,er_d8,5000,40355,1729,0,grid_0.75,1,8,1080600,37.93201501288843,77500
27,calibration,er_d8,5000,40355,1729,0,grid_0.25,1,9,900700,12.644005004296144,77500
27,calibration,er_d8,5000,40355,1729,0,grid_2,1,10,796300,101.15204003436915,77500
27,calibration,er_d8,5000,40355,1729,0,grid_1.5,1,11,851300,75.86403002577686,77500
27,calibration,er_d8,5000,40355,1729,0,grid_0.75,2,0,783200,37.93201501288843,77500
27,calibration,er_d8,5000,40355,1729,0,grid_0.05,2,1,982300,2.5288010008592288,77500
27,calibration,er_d8,5000,40355,1729,0,grid_1.5,2,2,877800,75.86403002577686,77500
27,calibration,er_d8,5000,40355,1729,0,grid_16,2,3,1258700,809.2163202749532,77500
27,calibration,er_d8,5000,40355,1729,0,grid_0.5,2,4,778100,25.288010008592288,77500
27,calibration,er_d8,5000,40355,1729,0,grid_0.1,2,5,925000,5.0576020017184575,77500
27,calibration,er_d8,5000,40355,1729,0,grid_1,2,6,798000,50.576020017184575,77500
27,calibration,er_d8,5000,40355,1729,0,grid_0.03125,2,7,1021000,1.580500625537018,77500
27,calibration,er_d8,5000,40355,1729,0,grid_2,2,8,791200,101.15204003436915,77500
27,calibration,er_d8,5000,40355,1729,0,grid_8,2,9,1241000,404.6081601374766,77500
27,calibration,er_d8,5000,40355,1729,0,grid_0.25,2,10,911400,12.644005004296144,77500
27,calibration,er_d8,5000,40355,1729,0,grid_4,2,11,1134300,202.3040800687383,77500
27,calibration,er_d8,5000,40355,1729,0,grid_4,3,0,1015700,202.3040800687383,77500
27,calibration,er_d8,5000,40355,1729,0,grid_0.25,3,1,912900,12.644005004296144,77500
27,calibration,er_d8,5000,40355,1729,0,grid_8,3,2,1252200,404.6081601374766,77500
27,calibration,er_d8,5000,40355,1729,0,grid_2,3,3,803000,101.15204003436915,77500
27,calibration,er_d8,5000,40355,1729,0,grid_0.03125,3,4,1038400,1.580500625537018,77500
27,calibration,er_d8,5000,40355,1729,0,grid_1,3,5,773400,50.576020017184575,77500
27,calibration,er_d8,5000,40355,1729,0,grid_0.1,3,6,915300,5.0576020017184575,77500
27,calibration,er_d8,5000,40355,1729,0,grid_0.5,3,7,890300,25.288010008592288,77500
27,calibration,er_d8,5000,40355,1729,0,grid_16,3,8,1350800,809.2163202749532,77500
27,calibration,er_d8,5000,40355,1729,0,grid_1.5,3,9,1016200,75.86403002577686,77500
27,calibration,er_d8,5000,40355,1729,0,grid_0.05,3,10,1098800,2.5288010008592288,77500
27,calibration,er_d8,5000,40355,1729,0,grid_0.75,3,11,1226900,37.93201501288843,77500
27,calibration,er_d8,5000,40355,1729,0,grid_0.03125,4,0,1097300,1.580500625537018,77500
27,calibration,er_d8,5000,40355,1729,0,grid_0.05,4,1,973300,2.5288010008592288,77500
27,calibration,er_d8,5000,40355,1729,0,grid_0.75,4,2,840600,37.93201501288843,77500
27,calibration,er_d8,5000,40355,1729,0,grid_0.25,4,3,844000,12.644005004296144,77500
27,calibration,er_d8,5000,40355,1729,0,grid_0.1,4,4,916900,5.0576020017184575,77500
27,calibration,er_d8,5000,40355,1729,0,grid_4,4,5,1092900,202.3040800687383,77500
27,calibration,er_d8,5000,40355,1729,0,grid_16,4,6,1086200,809.2163202749532,77500
27,calibration,er_d8,5000,40355,1729,0,grid_1.5,4,7,853200,75.86403002577686,77500
27,calibration,er_d8,5000,40355,1729,0,grid_1,4,8,935900,50.576020017184575,77500
27,calibration,er_d8,5000,40355,1729,0,grid_0.5,4,9,1041900,25.288010008592288,77500
27,calibration,er_d8,5000,40355,1729,0,grid_8,4,10,1251800,404.6081601374766,77500
27,calibration,er_d8,5000,40355,1729,0,grid_2,4,11,722200,101.15204003436915,77500
27,calibration,er_d8,5000,40355,1729,0,grid_2,5,0,706200,101.15204003436915,77500
27,calibration,er_d8,5000,40355,1729,0,grid_8,5,1,1187000,404.6081601374766,77500
27,calibration,er_d8,5000,40355,1729,0,grid_0.5,5,2,767000,25.288010008592288,77500
27,calibration,er_d8,5000,40355,1729,0,grid_1,5,3,765000,50.576020017184575,77500
27,calibration,er_d8,5000,40355,1729,0,grid_1.5,5,4,823200,75.86403002577686,77500
27,calibration,er_d8,5000,40355,1729,0,grid_16,5,5,1103900,809.2163202749532,77500
27,calibration,er_d8,5000,40355,1729,0,grid_4,5,6,1364200,202.3040800687383,77500
27,calibration,er_d8,5000,40355,1729,0,grid_0.1,5,7,958600,5.0576020017184575,77500
27,calibration,er_d8,5000,40355,1729,0,grid_0.25,5,8,1026600,12.644005004296144,77500
27,calibration,er_d8,5000,40355,1729,0,grid_0.75,5,9,846100,37.93201501288843,77500
27,calibration,er_d8,5000,40355,1729,0,grid_0.05,5,10,1023800,2.5288010008592288,77500
27,calibration,er_d8,5000,40355,1729,0,grid_0.03125,5,11,1010900,1.580500625537018,77500
27,density,er_d8,5000,40355,1729,1666,mean_map,0,0,870800,50.576020017184575,77500
27,density,er_d8,5000,40355,1729,1666,selected_grid,0,1,752200,101.15204003436915,71498800
27,density,er_d8,5000,40355,1729,1666,max_maxdegree,0,2,1196600,4.999914074094225,126200
27,density,er_d8,5000,40355,1729,1666,fourary,0,3,1518700,0,0
27,density,er_d8,5000,40355,1729,1666,caliber,0,4,1293300,0,129000
27,density,er_d8,5000,40355,1729,1666,degree4,0,5,1543100,0,317100
27,density,er_d8,5000,40355,1729,1666,mean_ring,0,6,744300,50.576020017184575,77500
27,density,er_d8,5000,40355,1729,1666,binary,0,7,1475100,0,0
27,density,er_d8,5000,40355,1729,1666,std_binary,0,8,1442600,0,0
27,density,er_d8,5000,40355,1729,1666,mean_degree,0,9,1047700,6.266388305932917,77500
27,density,er_d8,5000,40355,1729,1666,mean_degree,1,0,982100,6.266388305932917,77500
27,density,er_d8,5000,40355,1729,1666,std_binary,1,1,1564100,0,0
27,density,er_d8,5000,40355,1729,1666,binary,1,2,1759400,0,0
27,density,er_d8,5000,40355,1729,1666,mean_ring,1,3,1007900,50.576020017184575,77500
27,density,er_d8,5000,40355,1729,1666,degree4,1,4,1528800,0,317100
27,density,er_d8,5000,40355,1729,1666,caliber,1,5,1305500,0,129000
27,density,er_d8,5000,40355,1729,1666,fourary,1,6,1495300,0,0
27,density,er_d8,5000,40355,1729,1666,max_maxdegree,1,7,953500,4.999914074094225,126200
27,density,er_d8,5000,40355,1729,1666,selected_grid,1,8,773000,101.15204003436915,71498800
27,density,er_d8,5000,40355,1729,1666,mean_map,1,9,856300,50.576020017184575,77500
27,density,er_d8,5000,40355,1729,1666,degree4,2,0,1658400,0,317100
27,density,er_d8,5000,40355,1729,1666,mean_ring,2,1,977300,50.576020017184575,77500
27,density,er_d8,5000,40355,1729,1666,std_binary,2,2,1896900,0,0
27,density,er_d8,5000,40355,1729,1666,fourary,2,3,1565700,0,0
27,density,er_d8,5000,40355,1729,1666,mean_map,2,4,862000,50.576020017184575,77500
27,density,er_d8,5000,40355,1729,1666,mean_degree,2,5,1117600,6.266388305932917,77500
27,density,er_d8,5000,40355,1729,1666,selected_grid,2,6,790200,101.15204003436915,71498800
27,density,er_d8,5000,40355,1729,1666,binary,2,7,1585200,0,0
27,density,er_d8,5000,40355,1729,1666,caliber,2,8,1355800,0,129000
27,density,er_d8,5000,40355,1729,1666,max_maxdegree,2,9,987500,4.999914074094225,126200
27,density,er_d8,5000,40355,1729,1666,max_maxdegree,3,0,995500,4.999914074094225,126200
27,density,er_d8,5000,40355,1729,1666,caliber,3,1,1451500,0,129000
27,density,er_d8,5000,40355,1729,1666,binary,3,2,1452800,0,0
27,density,er_d8,5000,40355,1729,1666,selected_grid,3,3,740800,101.15204003436915,71498800
27,density,er_d8,5000,40355,1729,1666,mean_degree,3,4,918100,6.266388305932917,77500
27,density,er_d8,5000,40355,1729,1666,mean_map,3,5,1072100,50.576020017184575,77500
27,density,er_d8,5000,40355,1729,1666,fourary,3,6,1469500,0,0
27,density,er_d8,5000,40355,1729,1666,std_binary,3,7,2315300,0,0
27,density,er_d8,5000,40355,1729,1666,mean_ring,3,8,949600,50.576020017184575,77500
27,density,er_d8,5000,40355,1729,1666,degree4,3,9,1588800,0,317100
27,density,er_d8,5000,40355,1729,1666,mean_ring,4,0,874000,50.576020017184575,77500
27,density,er_d8,5000,40355,1729,1666,mean_map,4,1,795100,50.576020017184575,77500
27,density,er_d8,5000,40355,1729,1666,binary,4,2,1736900,0,0
27,density,er_d8,5000,40355,1729,1666,selected_grid,4,3,779100,101.15204003436915,71498800
27,density,er_d8,5000,40355,1729,1666,mean_degree,4,4,921600,6.266388305932917,77500
27,density,er_d8,5000,40355,1729,1666,std_binary,4,5,1530900,0,0
27,density,er_d8,5000,40355,1729,1666,fourary,4,6,1521900,0,0
27,density,er_d8,5000,40355,1729,1666,max_maxdegree,4,7,991800,4.999914074094225,126200
27,density,er_d8,5000,40355,1729,1666,caliber,4,8,1404700,0,129000
27,density,er_d8,5000,40355,1729,1666,degree4,4,9,1628500,0,317100
27,density,er_d8,5000,40355,1729,1666,degree4,5,0,1566900,0,317100
27,density,er_d8,5000,40355,1729,1666,caliber,5,1,1345700,0,129000
27,density,er_d8,5000,40355,1729,1666,max_maxdegree,5,2,968000,4.999914074094225,126200
27,density,er_d8,5000,40355,1729,1666,fourary,5,3,1583000,0,0
27,density,er_d8,5000,40355,1729,1666,std_binary,5,4,1612600,0,0
27,density,er_d8,5000,40355,1729,1666,mean_degree,5,5,963200,6.266388305932917,77500
27,density,er_d8,5000,40355,1729,1666,selected_grid,5,6,759000,101.15204003436915,71498800
27,density,er_d8,5000,40355,1729,1666,binary,5,7,1505300,0,0
27,density,er_d8,5000,40355,1729,1666,mean_map,5,8,823600,50.576020017184575,77500
27,density,er_d8,5000,40355,1729,1666,mean_ring,5,9,744900,50.576020017184575,77500
27,density,er_d8,5000,40355,1729,1666,fourary,6,0,1649400,0,0
27,density,er_d8,5000,40355,1729,1666,degree4,6,1,1587500,0,317100
27,density,er_d8,5000,40355,1729,1666,caliber,6,2,1791400,0,129000
27,density,er_d8,5000,40355,1729,1666,mean_degree,6,3,1087600,6.266388305932917,77500
27,density,er_d8,5000,40355,1729,1666,std_binary,6,4,1675200,0,0
27,density,er_d8,5000,40355,1729,1666,mean_ring,6,5,915100,50.576020017184575,77500
27,density,er_d8,5000,40355,1729,1666,binary,6,6,1577300,0,0
27,density,er_d8,5000,40355,1729,1666,max_maxdegree,6,7,2198700,4.999914074094225,126200
27,density,er_d8,5000,40355,1729,1666,mean_map,6,8,888200,50.576020017184575,77500
27,density,er_d8,5000,40355,1729,1666,selected_grid,6,9,761400,101.15204003436915,71498800
27,density,er_d8,5000,40355,1729,1666,selected_grid,7,0,769300,101.15204003436915,71498800
27,density,er_d8,5000,40355,1729,1666,mean_map,7,1,767800,50.576020017184575,77500
27,density,er_d8,5000,40355,1729,1666,max_maxdegree,7,2,1012700,4.999914074094225,126200
27,density,er_d8,5000,40355,1729,1666,binary,7,3,1599100,0,0
27,density,er_d8,5000,40355,1729,1666,mean_ring,7,4,1059700,50.576020017184575,77500
27,density,er_d8,5000,40355,1729,1666,std_binary,7,5,1851900,0,0
27,density,er_d8,5000,40355,1729,1666,mean_degree,7,6,1066800,6.266388305932917,77500
27,density,er_d8,5000,40355,1729,1666,caliber,7,7,1545200,0,129000
27,density,er_d8,5000,40355,1729,1666,degree4,7,8,1687600,0,317100
27,density,er_d8,5000,40355,1729,1666,fourary,7,9,1578400,0,0
27,density,er_d8,5000,40355,1729,3333,binary,0,0,1462700,0,0
27,density,er_d8,5000,40355,1729,3333,caliber,0,1,1310800,0,129000
27,density,er_d8,5000,40355,1729,3333,std_binary,0,2,1477300,0,0
27,density,er_d8,5000,40355,1729,3333,mean_map,0,3,810800,50.576020017184575,77500
27,density,er_d8,5000,40355,1729,3333,fourary,0,4,2484800,0,0
27,density,er_d8,5000,40355,1729,3333,mean_ring,0,5,775500,50.576020017184575,77500
27,density,er_d8,5000,40355,1729,3333,max_maxdegree,0,6,1057600,4.999914074094225,126200
27,density,er_d8,5000,40355,1729,3333,mean_degree,0,7,916300,6.266388305932917,77500
27,density,er_d8,5000,40355,1729,3333,selected_grid,0,8,953700,101.15204003436915,71498800
27,density,er_d8,5000,40355,1729,3333,degree4,0,9,1545600,0,317100
27,density,er_d8,5000,40355,1729,3333,degree4,1,0,1464300,0,317100
27,density,er_d8,5000,40355,1729,3333,selected_grid,1,1,727800,101.15204003436915,71498800
27,density,er_d8,5000,40355,1729,3333,mean_degree,1,2,902000,6.266388305932917,77500
27,density,er_d8,5000,40355,1729,3333,max_maxdegree,1,3,926400,4.999914074094225,126200
27,density,er_d8,5000,40355,1729,3333,mean_ring,1,4,739500,50.576020017184575,77500
27,density,er_d8,5000,40355,1729,3333,fourary,1,5,1471100,0,0
27,density,er_d8,5000,40355,1729,3333,mean_map,1,6,767900,50.576020017184575,77500
27,density,er_d8,5000,40355,1729,3333,std_binary,1,7,1442300,0,0
27,density,er_d8,5000,40355,1729,3333,caliber,1,8,1272300,0,129000
27,density,er_d8,5000,40355,1729,3333,binary,1,9,1572200,0,0
27,density,er_d8,5000,40355,1729,3333,selected_grid,2,0,749100,101.15204003436915,71498800
27,density,er_d8,5000,40355,1729,3333,binary,2,1,1554300,0,0
27,density,er_d8,5000,40355,1729,3333,caliber,2,2,1407200,0,129000
27,density,er_d8,5000,40355,1729,3333,fourary,2,3,1911100,0,0
27,density,er_d8,5000,40355,1729,3333,mean_map,2,4,941200,50.576020017184575,77500
27,density,er_d8,5000,40355,1729,3333,degree4,2,5,1512400,0,317100
27,density,er_d8,5000,40355,1729,3333,max_maxdegree,2,6,988500,4.999914074094225,126200
27,density,er_d8,5000,40355,1729,3333,mean_ring,2,7,780800,50.576020017184575,77500
27,density,er_d8,5000,40355,1729,3333,mean_degree,2,8,884600,6.266388305932917,77500
27,density,er_d8,5000,40355,1729,3333,std_binary,2,9,1468300,0,0
27,density,er_d8,5000,40355,1729,3333,std_binary,3,0,1433400,0,0
27,density,er_d8,5000,40355,1729,3333,mean_degree,3,1,973700,6.266388305932917,77500
27,density,er_d8,5000,40355,1729,3333,mean_ring,3,2,930800,50.576020017184575,77500
27,density,er_d8,5000,40355,1729,3333,max_maxdegree,3,3,1200600,4.999914074094225,126200
27,density,er_d8,5000,40355,1729,3333,degree4,3,4,1685500,0,317100
27,density,er_d8,5000,40355,1729,3333,mean_map,3,5,809200,50.576020017184575,77500
27,density,er_d8,5000,40355,1729,3333,fourary,3,6,1635300,0,0
27,density,er_d8,5000,40355,1729,3333,caliber,3,7,1297600,0,129000
27,density,er_d8,5000,40355,1729,3333,binary,3,8,1500800,0,0
27,density,er_d8,5000,40355,1729,3333,selected_grid,3,9,873000,101.15204003436915,71498800
27,density,er_d8,5000,40355,1729,3333,mean_map,4,0,851700,50.576020017184575,77500
27,density,er_d8,5000,40355,1729,3333,mean_degree,4,1,894900,6.266388305932917,77500
27,density,er_d8,5000,40355,1729,3333,caliber,4,2,1319700,0,129000
27,density,er_d8,5000,40355,1729,3333,std_binary,4,3,1489500,0,0
27,density,er_d8,5000,40355,1729,3333,binary,4,4,1441400,0,0
27,density,er_d8,5000,40355,1729,3333,selected_grid,4,5,737300,101.15204003436915,71498800
27,density,er_d8,5000,40355,1729,3333,mean_ring,4,6,796500,50.576020017184575,77500
27,density,er_d8,5000,40355,1729,3333,degree4,4,7,1536400,0,317100
27,density,er_d8,5000,40355,1729,3333,fourary,4,8,1682100,0,0
27,density,er_d8,5000,40355,1729,3333,max_maxdegree,4,9,1070800,4.999914074094225,126200
27,density,er_d8,5000,40355,1729,3333,max_maxdegree,5,0,1387900,4.999914074094225,126200
27,density,er_d8,5000,40355,1729,3333,fourary,5,1,1751500,0,0
27,density,er_d8,5000,40355,1729,3333,degree4,5,2,1546300,0,317100
27,density,er_d8,5000,40355,1729,3333,mean_ring,5,3,749300,50.576020017184575,77500
27,density,er_d8,5000,40355,1729,3333,selected_grid,5,4,775900,101.15204003436915,71498800
27,density,er_d8,5000,40355,1729,3333,binary,5,5,1431700,0,0
27,density,er_d8,5000,40355,1729,3333,std_binary,5,6,1479900,0,0
27,density,er_d8,5000,40355,1729,3333,caliber,5,7,1308400,0,129000
27,density,er_d8,5000,40355,1729,3333,mean_degree,5,8,1011900,6.266388305932917,77500
27,density,er_d8,5000,40355,1729,3333,mean_map,5,9,968000,50.576020017184575,77500
27,density,er_d8,5000,40355,1729,3333,binary,6,0,1546700,0,0
27,density,er_d8,5000,40355,1729,3333,max_maxdegree,6,1,920700,4.999914074094225,126200
27,density,er_d8,5000,40355,1729,3333,mean_map,6,2,825200,50.576020017184575,77500
27,density,er_d8,5000,40355,1729,3333,mean_degree,6,3,890200,6.266388305932917,77500
27,density,er_d8,5000,40355,1729,3333,caliber,6,4,1404300,0,129000
27,density,er_d8,5000,40355,1729,3333,std_binary,6,5,1491200,0,0
27,density,er_d8,5000,40355,1729,3333,selected_grid,6,6,790000,101.15204003436915,71498800
27,density,er_d8,5000,40355,1729,3333,mean_ring,6,7,737300,50.576020017184575,77500
27,density,er_d8,5000,40355,1729,3333,fourary,6,8,1446700,0,0
27,density,er_d8,5000,40355,1729,3333,degree4,6,9,1534700,0,317100
27,density,er_d8,5000,40355,1729,3333,degree4,7,0,1483000,0,317100
27,density,er_d8,5000,40355,1729,3333,fourary,7,1,1445400,0,0
27,density,er_d8,5000,40355,1729,3333,mean_ring,7,2,731500,50.576020017184575,77500
27,density,er_d8,5000,40355,1729,3333,selected_grid,7,3,708600,101.15204003436915,71498800
27,density,er_d8,5000,40355,1729,3333,std_binary,7,4,1738900,0,0
27,density,er_d8,5000,40355,1729,3333,caliber,7,5,1292000,0,129000
27,density,er_d8,5000,40355,1729,3333,mean_degree,7,6,1376300,6.266388305932917,77500
27,density,er_d8,5000,40355,1729,3333,mean_map,7,7,881000,50.576020017184575,77500
27,density,er_d8,5000,40355,1729,3333,max_maxdegree,7,8,1062800,4.999914074094225,126200
27,density,er_d8,5000,40355,1729,3333,binary,7,9,1658400,0,0
28,calibration,er_d16,5000,80554,1729,0,grid_1.5,0,0,1262700,75.87268402801067,75100
28,calibration,er_d16,5000,80554,1729,0,grid_2,0,1,1406500,101.16357870401423,75100
28,calibration,er_d16,5000,80554,1729,0,grid_0.25,0,2,1154700,12.645447338001778,75100
28,calibration,er_d16,5000,80554,1729,0,grid_0.75,0,3,1331100,37.936342014005334,75100
28,calibration,er_d16,5000,80554,1729,0,grid_0.05,0,4,1417900,2.5290894676003557,75100
28,calibration,er_d16,5000,80554,1729,0,grid_0.5,0,5,1239700,25.290894676003557,75100
28,calibration,er_d16,5000,80554,1729,0,grid_0.1,0,6,1984100,5.058178935200711,75100
28,calibration,er_d16,5000,80554,1729,0,grid_16,0,7,1731300,809.3086296321138,75100
28,calibration,er_d16,5000,80554,1729,0,grid_0.03125,0,8,1355900,1.5806809172502223,75100
28,calibration,er_d16,5000,80554,1729,0,grid_4,0,9,1635100,202.32715740802846,75100
28,calibration,er_d16,5000,80554,1729,0,grid_8,0,10,3202100,404.6543148160569,75100
28,calibration,er_d16,5000,80554,1729,0,grid_1,0,11,2310200,50.581789352007114,75100
28,calibration,er_d16,5000,80554,1729,0,grid_1,1,0,1700800,50.581789352007114,75100
28,calibration,er_d16,5000,80554,1729,0,grid_8,1,1,1759800,404.6543148160569,75100
28,calibration,er_d16,5000,80554,1729,0,grid_4,1,2,1802600,202.32715740802846,75100
28,calibration,er_d16,5000,80554,1729,0,grid_0.03125,1,3,1419900,1.5806809172502223,75100
28,calibration,er_d16,5000,80554,1729,0,grid_16,1,4,1775500,809.3086296321138,75100
28,calibration,er_d16,5000,80554,1729,0,grid_0.1,1,5,1348400,5.058178935200711,75100
28,calibration,er_d16,5000,80554,1729,0,grid_0.5,1,6,1158300,25.290894676003557,75100
28,calibration,er_d16,5000,80554,1729,0,grid_0.05,1,7,1296200,2.5290894676003557,75100
28,calibration,er_d16,5000,80554,1729,0,grid_0.75,1,8,1176500,37.936342014005334,75100
28,calibration,er_d16,5000,80554,1729,0,grid_0.25,1,9,1409300,12.645447338001778,75100
28,calibration,er_d16,5000,80554,1729,0,grid_2,1,10,1500900,101.16357870401423,75100
28,calibration,er_d16,5000,80554,1729,0,grid_1.5,1,11,1423900,75.87268402801067,75100
28,calibration,er_d16,5000,80554,1729,0,grid_0.75,2,0,1223400,37.936342014005334,75100
28,calibration,er_d16,5000,80554,1729,0,grid_0.05,2,1,1370300,2.5290894676003557,75100
28,calibration,er_d16,5000,80554,1729,0,grid_1.5,2,2,1416500,75.87268402801067,75100
28,calibration,er_d16,5000,80554,1729,0,grid_16,2,3,1677700,809.3086296321138,75100
28,calibration,er_d16,5000,80554,1729,0,grid_0.5,2,4,1144700,25.290894676003557,75100
28,calibration,er_d16,5000,80554,1729,0,grid_0.1,2,5,1268500,5.058178935200711,75100
28,calibration,er_d16,5000,80554,1729,0,grid_1,2,6,1368200,50.581789352007114,75100
28,calibration,er_d16,5000,80554,1729,0,grid_0.03125,2,7,1367900,1.5806809172502223,75100
28,calibration,er_d16,5000,80554,1729,0,grid_2,2,8,1490000,101.16357870401423,75100
28,calibration,er_d16,5000,80554,1729,0,grid_8,2,9,2007900,404.6543148160569,75100
28,calibration,er_d16,5000,80554,1729,0,grid_0.25,2,10,1597900,12.645447338001778,75100
28,calibration,er_d16,5000,80554,1729,0,grid_4,2,11,1636800,202.32715740802846,75100
28,calibration,er_d16,5000,80554,1729,0,grid_4,3,0,1601200,202.32715740802846,75100
28,calibration,er_d16,5000,80554,1729,0,grid_0.25,3,1,2259700,12.645447338001778,75100
28,calibration,er_d16,5000,80554,1729,0,grid_8,3,2,1725900,404.6543148160569,75100
28,calibration,er_d16,5000,80554,1729,0,grid_2,3,3,1418300,101.16357870401423,75100
28,calibration,er_d16,5000,80554,1729,0,grid_0.03125,3,4,1365500,1.5806809172502223,75100
28,calibration,er_d16,5000,80554,1729,0,grid_1,3,5,1196100,50.581789352007114,75100
28,calibration,er_d16,5000,80554,1729,0,grid_0.1,3,6,1364300,5.058178935200711,75100
28,calibration,er_d16,5000,80554,1729,0,grid_0.5,3,7,1172800,25.290894676003557,75100
28,calibration,er_d16,5000,80554,1729,0,grid_16,3,8,1686300,809.3086296321138,75100
28,calibration,er_d16,5000,80554,1729,0,grid_1.5,3,9,1284000,75.87268402801067,75100
28,calibration,er_d16,5000,80554,1729,0,grid_0.05,3,10,1335900,2.5290894676003557,75100
28,calibration,er_d16,5000,80554,1729,0,grid_0.75,3,11,1207400,37.936342014005334,75100
28,calibration,er_d16,5000,80554,1729,0,grid_0.03125,4,0,1373400,1.5806809172502223,75100
28,calibration,er_d16,5000,80554,1729,0,grid_0.05,4,1,1288100,2.5290894676003557,75100
28,calibration,er_d16,5000,80554,1729,0,grid_0.75,4,2,1316100,37.936342014005334,75100
28,calibration,er_d16,5000,80554,1729,0,grid_0.25,4,3,1466800,12.645447338001778,75100
28,calibration,er_d16,5000,80554,1729,0,grid_0.1,4,4,1279700,5.058178935200711,75100
28,calibration,er_d16,5000,80554,1729,0,grid_4,4,5,1595700,202.32715740802846,75100
28,calibration,er_d16,5000,80554,1729,0,grid_16,4,6,1962600,809.3086296321138,75100
28,calibration,er_d16,5000,80554,1729,0,grid_1.5,4,7,1350000,75.87268402801067,75100
28,calibration,er_d16,5000,80554,1729,0,grid_1,4,8,1163200,50.581789352007114,75100
28,calibration,er_d16,5000,80554,1729,0,grid_0.5,4,9,1110700,25.290894676003557,75100
28,calibration,er_d16,5000,80554,1729,0,grid_8,4,10,1632000,404.6543148160569,75100
28,calibration,er_d16,5000,80554,1729,0,grid_2,4,11,1430000,101.16357870401423,75100
28,calibration,er_d16,5000,80554,1729,0,grid_2,5,0,1435000,101.16357870401423,75100
28,calibration,er_d16,5000,80554,1729,0,grid_8,5,1,1600800,404.6543148160569,75100
28,calibration,er_d16,5000,80554,1729,0,grid_0.5,5,2,1227700,25.290894676003557,75100
28,calibration,er_d16,5000,80554,1729,0,grid_1,5,3,1169800,50.581789352007114,75100
28,calibration,er_d16,5000,80554,1729,0,grid_1.5,5,4,1372700,75.87268402801067,75100
28,calibration,er_d16,5000,80554,1729,0,grid_16,5,5,1717900,809.3086296321138,75100
28,calibration,er_d16,5000,80554,1729,0,grid_4,5,6,1865200,202.32715740802846,75100
28,calibration,er_d16,5000,80554,1729,0,grid_0.1,5,7,2148400,5.058178935200711,75100
28,calibration,er_d16,5000,80554,1729,0,grid_0.25,5,8,1300600,12.645447338001778,75100
28,calibration,er_d16,5000,80554,1729,0,grid_0.75,5,9,1191000,37.936342014005334,75100
28,calibration,er_d16,5000,80554,1729,0,grid_0.05,5,10,1291100,2.5290894676003557,75100
28,calibration,er_d16,5000,80554,1729,0,grid_0.03125,5,11,1510300,1.5806809172502223,75100
28,density,er_d16,5000,80554,1729,1666,mean_map,0,0,1236600,50.581789352007114,75100
28,density,er_d16,5000,80554,1729,1666,selected_grid,0,1,1093200,25.290894676003557,108369600
28,density,er_d16,5000,80554,1729,1666,max_maxdegree,0,2,1375300,3.33327604939615,140600
28,density,er_d16,5000,80554,1729,1666,fourary,0,3,2102400,0,0
28,density,er_d16,5000,80554,1729,1666,caliber,0,4,1971500,0,161400
28,density,er_d16,5000,80554,1729,1666,degree4,0,5,2119800,0,319000
28,density,er_d16,5000,80554,1729,1666,mean_ring,0,6,1271200,50.581789352007114,75100
28,density,er_d16,5000,80554,1729,1666,binary,0,7,2219300,0,0
28,density,er_d16,5000,80554,1729,1666,std_binary,0,8,2043200,0,0
28,density,er_d16,5000,80554,1729,1666,mean_degree,0,9,1304700,3.139619966234272,75100
28,density,er_d16,5000,80554,1729,1666,mean_degree,1,0,1394400,3.139619966234272,75100
28,density,er_d16,5000,80554,1729,1666,std_binary,1,1,2159600,0,0
28,density,er_d16,5000,80554,1729,1666,binary,1,2,2550700,0,0
28,density,er_d16,5000,80554,1729,1666,mean_ring,1,3,1329000,50.581789352007114,75100
28,density,er_d16,5000,80554,1729,1666,degree4,1,4,2112500,0,319000
28,density,er_d16,5000,80554,1729,1666,caliber,1,5,1868400,0,161400
28,density,er_d16,5000,80554,1729,1666,fourary,1,6,2063000,0,0
28,density,er_d16,5000,80554,1729,1666,max_maxdegree,1,7,1370000,3.33327604939615,140600
28,density,er_d16,5000,80554,1729,1666,selected_grid,1,8,1146500,25.290894676003557,108369600
28,density,er_d16,5000,80554,1729,1666,mean_map,1,9,1135100,50.581789352007114,75100
28,density,er_d16,5000,80554,1729,1666,degree4,2,0,2161300,0,319000
28,density,er_d16,5000,80554,1729,1666,mean_ring,2,1,1189700,50.581789352007114,75100
28,density,er_d16,5000,80554,1729,1666,std_binary,2,2,2030800,0,0
28,density,er_d16,5000,80554,1729,1666,fourary,2,3,2089700,0,0
28,density,er_d16,5000,80554,1729,1666,mean_map,2,4,1173900,50.581789352007114,75100
28,density,er_d16,5000,80554,1729,1666,mean_degree,2,5,1356600,3.139619966234272,75100
28,density,er_d16,5000,80554,1729,1666,selected_grid,2,6,1124000,25.290894676003557,108369600
28,density,er_d16,5000,80554,1729,1666,binary,2,7,2045300,0,0
28,density,er_d16,5000,80554,1729,1666,caliber,2,8,1916600,0,161400
28,density,er_d16,5000,80554,1729,1666,max_maxdegree,2,9,1591000,3.33327604939615,140600
28,density,er_d16,5000,80554,1729,1666,max_maxdegree,3,0,1246200,3.33327604939615,140600
28,density,er_d16,5000,80554,1729,1666,caliber,3,1,2362000,0,161400
28,density,er_d16,5000,80554,1729,1666,binary,3,2,2219500,0,0
28,density,er_d16,5000,80554,1729,1666,selected_grid,3,3,1137700,25.290894676003557,108369600
28,density,er_d16,5000,80554,1729,1666,mean_degree,3,4,1333300,3.139619966234272,75100
28,density,er_d16,5000,80554,1729,1666,mean_map,3,5,1149600,50.581789352007114,75100
28,density,er_d16,5000,80554,1729,1666,fourary,3,6,2164800,0,0
28,density,er_d16,5000,80554,1729,1666,std_binary,3,7,2048300,0,0
28,density,er_d16,5000,80554,1729,1666,mean_ring,3,8,1133200,50.581789352007114,75100
28,density,er_d16,5000,80554,1729,1666,degree4,3,9,2167100,0,319000
28,density,er_d16,5000,80554,1729,1666,mean_ring,4,0,1128200,50.581789352007114,75100
28,density,er_d16,5000,80554,1729,1666,mean_map,4,1,1150500,50.581789352007114,75100
28,density,er_d16,5000,80554,1729,1666,binary,4,2,2066300,0,0
28,density,er_d16,5000,80554,1729,1666,selected_grid,4,3,1165600,25.290894676003557,108369600
28,density,er_d16,5000,80554,1729,1666,mean_degree,4,4,1394700,3.139619966234272,75100
28,density,er_d16,5000,80554,1729,1666,std_binary,4,5,2124800,0,0
28,density,er_d16,5000,80554,1729,1666,fourary,4,6,2063900,0,0
28,density,er_d16,5000,80554,1729,1666,max_maxdegree,4,7,1403200,3.33327604939615,140600
28,density,er_d16,5000,80554,1729,1666,caliber,4,8,1847100,0,161400
28,density,er_d16,5000,80554,1729,1666,degree4,4,9,2249300,0,319000
28,density,er_d16,5000,80554,1729,1666,degree4,5,0,2913800,0,319000
28,density,er_d16,5000,80554,1729,1666,caliber,5,1,1882600,0,161400
28,density,er_d16,5000,80554,1729,1666,max_maxdegree,5,2,1416300,3.33327604939615,140600
28,density,er_d16,5000,80554,1729,1666,fourary,5,3,2179700,0,0
28,density,er_d16,5000,80554,1729,1666,std_binary,5,4,2446100,0,0
28,density,er_d16,5000,80554,1729,1666,mean_degree,5,5,1538100,3.139619966234272,75100
28,density,er_d16,5000,80554,1729,1666,selected_grid,5,6,1200000,25.290894676003557,108369600
28,density,er_d16,5000,80554,1729,1666,binary,5,7,2372200,0,0
28,density,er_d16,5000,80554,1729,1666,mean_map,5,8,1161700,50.581789352007114,75100
28,density,er_d16,5000,80554,1729,1666,mean_ring,5,9,1311300,50.581789352007114,75100
28,density,er_d16,5000,80554,1729,1666,fourary,6,0,2188800,0,0
28,density,er_d16,5000,80554,1729,1666,degree4,6,1,2150800,0,319000
28,density,er_d16,5000,80554,1729,1666,caliber,6,2,1884900,0,161400
28,density,er_d16,5000,80554,1729,1666,mean_degree,6,3,1314900,3.139619966234272,75100
28,density,er_d16,5000,80554,1729,1666,std_binary,6,4,2034300,0,0
28,density,er_d16,5000,80554,1729,1666,mean_ring,6,5,1155100,50.581789352007114,75100
28,density,er_d16,5000,80554,1729,1666,binary,6,6,2771200,0,0
28,density,er_d16,5000,80554,1729,1666,max_maxdegree,6,7,1819000,3.33327604939615,140600
28,density,er_d16,5000,80554,1729,1666,mean_map,6,8,1149100,50.581789352007114,75100
28,density,er_d16,5000,80554,1729,1666,selected_grid,6,9,1245600,25.290894676003557,108369600
28,density,er_d16,5000,80554,1729,1666,selected_grid,7,0,1243600,25.290894676003557,108369600
28,density,er_d16,5000,80554,1729,1666,mean_map,7,1,1148200,50.581789352007114,75100
28,density,er_d16,5000,80554,1729,1666,max_maxdegree,7,2,1444200,3.33327604939615,140600
28,density,er_d16,5000,80554,1729,1666,binary,7,3,2124600,0,0
28,density,er_d16,5000,80554,1729,1666,mean_ring,7,4,1123700,50.581789352007114,75100
28,density,er_d16,5000,80554,1729,1666,std_binary,7,5,2074900,0,0
28,density,er_d16,5000,80554,1729,1666,mean_degree,7,6,1270400,3.139619966234272,75100
28,density,er_d16,5000,80554,1729,1666,caliber,7,7,2261900,0,161400
28,density,er_d16,5000,80554,1729,1666,degree4,7,8,2425800,0,319000
28,density,er_d16,5000,80554,1729,1666,fourary,7,9,2435200,0,0
28,density,er_d16,5000,80554,1729,3333,binary,0,0,2136400,0,0
28,density,er_d16,5000,80554,1729,3333,caliber,0,1,1855400,0,161400
28,density,er_d16,5000,80554,1729,3333,std_binary,0,2,4412000,0,0
28,density,er_d16,5000,80554,1729,3333,mean_map,0,3,1538100,50.581789352007114,75100
28,density,er_d16,5000,80554,1729,3333,fourary,0,4,2053200,0,0
28,density,er_d16,5000,80554,1729,3333,mean_ring,0,5,1134300,50.581789352007114,75100
28,density,er_d16,5000,80554,1729,3333,max_maxdegree,0,6,1461700,3.33327604939615,140600
28,density,er_d16,5000,80554,1729,3333,mean_degree,0,7,1437000,3.139619966234272,75100
28,density,er_d16,5000,80554,1729,3333,selected_grid,0,8,1124200,25.290894676003557,108369600
28,density,er_d16,5000,80554,1729,3333,degree4,0,9,3252800,0,319000
28,density,er_d16,5000,80554,1729,3333,degree4,1,0,2227200,0,319000
28,density,er_d16,5000,80554,1729,3333,selected_grid,1,1,1400600,25.290894676003557,108369600
28,density,er_d16,5000,80554,1729,3333,mean_degree,1,2,1301400,3.139619966234272,75100
28,density,er_d16,5000,80554,1729,3333,max_maxdegree,1,3,1256500,3.33327604939615,140600
28,density,er_d16,5000,80554,1729,3333,mean_ring,1,4,1345400,50.581789352007114,75100
28,density,er_d16,5000,80554,1729,3333,fourary,1,5,2033800,0,0
28,density,er_d16,5000,80554,1729,3333,mean_map,1,6,1162000,50.581789352007114,75100
28,density,er_d16,5000,80554,1729,3333,std_binary,1,7,2037800,0,0
28,density,er_d16,5000,80554,1729,3333,caliber,1,8,1867600,0,161400
28,density,er_d16,5000,80554,1729,3333,binary,1,9,2157000,0,0
28,density,er_d16,5000,80554,1729,3333,selected_grid,2,0,1187600,25.290894676003557,108369600
28,density,er_d16,5000,80554,1729,3333,binary,2,1,2531200,0,0
28,density,er_d16,5000,80554,1729,3333,caliber,2,2,1976900,0,161400
28,density,er_d16,5000,80554,1729,3333,fourary,2,3,2050700,0,0
28,density,er_d16,5000,80554,1729,3333,mean_map,2,4,1311900,50.581789352007114,75100
28,density,er_d16,5000,80554,1729,3333,degree4,2,5,2250700,0,319000
28,density,er_d16,5000,80554,1729,3333,max_maxdegree,2,6,1366600,3.33327604939615,140600
28,density,er_d16,5000,80554,1729,3333,mean_ring,2,7,1167300,50.581789352007114,75100
28,density,er_d16,5000,80554,1729,3333,mean_degree,2,8,1264800,3.139619966234272,75100
28,density,er_d16,5000,80554,1729,3333,std_binary,2,9,2075200,0,0
28,density,er_d16,5000,80554,1729,3333,std_binary,3,0,2142600,0,0
28,density,er_d16,5000,80554,1729,3333,mean_degree,3,1,1476400,3.139619966234272,75100
28,density,er_d16,5000,80554,1729,3333,mean_ring,3,2,1142000,50.581789352007114,75100
28,density,er_d16,5000,80554,1729,3333,max_maxdegree,3,3,1256300,3.33327604939615,140600
28,density,er_d16,5000,80554,1729,3333,degree4,3,4,2236500,0,319000
28,density,er_d16,5000,80554,1729,3333,mean_map,3,5,1177800,50.581789352007114,75100
28,density,er_d16,5000,80554,1729,3333,fourary,3,6,2009100,0,0
28,density,er_d16,5000,80554,1729,3333,caliber,3,7,1885000,0,161400
28,density,er_d16,5000,80554,1729,3333,binary,3,8,2060800,0,0
28,density,er_d16,5000,80554,1729,3333,selected_grid,3,9,1245200,25.290894676003557,108369600
28,density,er_d16,5000,80554,1729,3333,mean_map,4,0,1156600,50.581789352007114,75100
28,density,er_d16,5000,80554,1729,3333,mean_degree,4,1,1288900,3.139619966234272,75100
28,density,er_d16,5000,80554,1729,3333,caliber,4,2,1970400,0,161400
28,density,er_d16,5000,80554,1729,3333,std_binary,4,3,1990100,0,0
28,density,er_d16,5000,80554,1729,3333,binary,4,4,1998100,0,0
28,density,er_d16,5000,80554,1729,3333,selected_grid,4,5,1161800,25.290894676003557,108369600
28,density,er_d16,5000,80554,1729,3333,mean_ring,4,6,1110100,50.581789352007114,75100
28,density,er_d16,5000,80554,1729,3333,degree4,4,7,2107800,0,319000
28,density,er_d16,5000,80554,1729,3333,fourary,4,8,2065900,0,0
28,density,er_d16,5000,80554,1729,3333,max_maxdegree,4,9,1788000,3.33327604939615,140600
28,density,er_d16,5000,80554,1729,3333,max_maxdegree,5,0,1346100,3.33327604939615,140600
28,density,er_d16,5000,80554,1729,3333,fourary,5,1,2245600,0,0
28,density,er_d16,5000,80554,1729,3333,degree4,5,2,2333700,0,319000
28,density,er_d16,5000,80554,1729,3333,mean_ring,5,3,1251500,50.581789352007114,75100
28,density,er_d16,5000,80554,1729,3333,selected_grid,5,4,1206500,25.290894676003557,108369600
28,density,er_d16,5000,80554,1729,3333,binary,5,5,2078800,0,0
28,density,er_d16,5000,80554,1729,3333,std_binary,5,6,2069800,0,0
28,density,er_d16,5000,80554,1729,3333,caliber,5,7,1907100,0,161400
28,density,er_d16,5000,80554,1729,3333,mean_degree,5,8,1286300,3.139619966234272,75100
28,density,er_d16,5000,80554,1729,3333,mean_map,5,9,1116100,50.581789352007114,75100
28,density,er_d16,5000,80554,1729,3333,binary,6,0,2092700,0,0
28,density,er_d16,5000,80554,1729,3333,max_maxdegree,6,1,1300300,3.33327604939615,140600
28,density,er_d16,5000,80554,1729,3333,mean_map,6,2,1115800,50.581789352007114,75100
28,density,er_d16,5000,80554,1729,3333,mean_degree,6,3,1271600,3.139619966234272,75100
28,density,er_d16,5000,80554,1729,3333,caliber,6,4,1865500,0,161400
28,density,er_d16,5000,80554,1729,3333,std_binary,6,5,2043600,0,0
28,density,er_d16,5000,80554,1729,3333,selected_grid,6,6,1150200,25.290894676003557,108369600
28,density,er_d16,5000,80554,1729,3333,mean_ring,6,7,1401700,50.581789352007114,75100
28,density,er_d16,5000,80554,1729,3333,fourary,6,8,2468200,0,0
28,density,er_d16,5000,80554,1729,3333,degree4,6,9,2128000,0,319000
28,density,er_d16,5000,80554,1729,3333,degree4,7,0,2677100,0,319000
28,density,er_d16,5000,80554,1729,3333,fourary,7,1,2042300,0,0
28,density,er_d16,5000,80554,1729,3333,mean_ring,7,2,1172000,50.581789352007114,75100
28,density,er_d16,5000,80554,1729,3333,selected_grid,7,3,1126000,25.290894676003557,108369600
28,density,er_d16,5000,80554,1729,3333,std_binary,7,4,2110400,0,0
28,density,er_d16,5000,80554,1729,3333,caliber,7,5,1984200,0,161400
28,density,er_d16,5000,80554,1729,3333,mean_degree,7,6,1535400,3.139619966234272,75100
28,density,er_d16,5000,80554,1729,3333,mean_map,7,7,1170800,50.581789352007114,75100
28,density,er_d16,5000,80554,1729,3333,max_maxdegree,7,8,1262600,3.33327604939615,140600
28,density,er_d16,5000,80554,1729,3333,binary,7,9,2265300,0,0
29,calibration,er_d32,5000,160837,1729,0,grid_1.5,0,0,2485600,75.81261510362631,125800
29,calibration,er_d32,5000,160837,1729,0,grid_2,0,1,2402100,101.08348680483509,125800
29,calibration,er_d32,5000,160837,1729,0,grid_0.25,0,2,1625500,12.635435850604386,125800
29,calibration,er_d32,5000,160837,1729,0,grid_0.75,0,3,1836600,37.90630755181316,125800
29,calibration,er_d32,5000,160837,1729,0,grid_0.05,0,4,2214100,2.5270871701208772,125800
29,calibration,er_d32,5000,160837,1729,0,grid_0.5,0,5,2720100,25.270871701208772,125800
29,calibration,er_d32,5000,160837,1729,0,grid_0.1,0,6,1912700,5.0541743402417545,125800
29,calibration,er_d32,5000,160837,1729,0,grid_16,0,7,2572100,808.6678944386807,125800
29,calibration,er_d32,5000,160837,1729,0,grid_0.03125,0,8,2015500,1.5794294813255483,125800
29,calibration,er_d32,5000,160837,1729,0,grid_4,0,9,2809900,202.16697360967018,125800
29,calibration,er_d32,5000,160837,1729,0,grid_8,0,10,2707500,404.33394721934036,125800
29,calibration,er_d32,5000,160837,1729,0,grid_1,0,11,1952300,50.541743402417545,125800
29,calibration,er_d32,5000,160837,1729,0,grid_1,1,0,2026800,50.541743402417545,125800
29,calibration,er_d32,5000,160837,1729,0,grid_8,1,1,2661800,404.33394721934036,125800
29,calibration,er_d32,5000,160837,1729,0,grid_4,1,2,2510500,202.16697360967018,125800
29,calibration,er_d32,5000,160837,1729,0,grid_0.03125,1,3,1864800,1.5794294813255483,125800
29,calibration,er_d32,5000,160837,1729,0,grid_16,1,4,2500000,808.6678944386807,125800
29,calibration,er_d32,5000,160837,1729,0,grid_0.1,1,5,1805100,5.0541743402417545,125800
29,calibration,er_d32,5000,160837,1729,0,grid_0.5,1,6,2006100,25.270871701208772,125800
29,calibration,er_d32,5000,160837,1729,0,grid_0.05,1,7,1892000,2.5270871701208772,125800
29,calibration,er_d32,5000,160837,1729,0,grid_0.75,1,8,1838200,37.90630755181316,125800
29,calibration,er_d32,5000,160837,1729,0,grid_0.25,1,9,1688600,12.635435850604386,125800
29,calibration,er_d32,5000,160837,1729,0,grid_2,1,10,2523900,101.08348680483509,125800
29,calibration,er_d32,5000,160837,1729,0,grid_1.5,1,11,2440700,75.81261510362631,125800
29,calibration,er_d32,5000,160837,1729,0,grid_0.75,2,0,1606200,37.90630755181316,125800
29,calibration,er_d32,5000,160837,1729,0,grid_0.05,2,1,1889400,2.5270871701208772,125800
29,calibration,er_d32,5000,160837,1729,0,grid_1.5,2,2,2388700,75.81261510362631,125800
29,calibration,er_d32,5000,160837,1729,0,grid_16,2,3,2715200,808.6678944386807,125800
29,calibration,er_d32,5000,160837,1729,0,grid_0.5,2,4,1838100,25.270871701208772,125800
29,calibration,er_d32,5000,160837,1729,0,grid_0.1,2,5,1783000,5.0541743402417545,125800
29,calibration,er_d32,5000,160837,1729,0,grid_1,2,6,1931600,50.541743402417545,125800
29,calibration,er_d32,5000,160837,1729,0,grid_0.03125,2,7,1929100,1.5794294813255483,125800
29,calibration,er_d32,5000,160837,1729,0,grid_2,2,8,2940600,101.08348680483509,125800
29,calibration,er_d32,5000,160837,1729,0,grid_8,2,9,2836700,404.33394721934036,125800
29,calibration,er_d32,5000,160837,1729,0,grid_0.25,2,10,1773200,12.635435850604386,125800
29,calibration,er_d32,5000,160837,1729,0,grid_4,2,11,2855900,202.16697360967018,125800
29,calibration,er_d32,5000,160837,1729,0,grid_4,3,0,2650900,202.16697360967018,125800
29,calibration,er_d32,5000,160837,1729,0,grid_0.25,3,1,1641800,12.635435850604386,125800
29,calibration,er_d32,5000,160837,1729,0,grid_8,3,2,2907700,404.33394721934036,125800
29,calibration,er_d32,5000,160837,1729,0,grid_2,3,3,2426100,101.08348680483509,125800
29,calibration,er_d32,5000,160837,1729,0,grid_0.03125,3,4,2318600,1.5794294813255483,125800
29,calibration,er_d32,5000,160837,1729,0,grid_1,3,5,2136300,50.541743402417545,125800
29,calibration,er_d32,5000,160837,1729,0,grid_0.1,3,6,1785400,5.0541743402417545,125800
29,calibration,er_d32,5000,160837,1729,0,grid_0.5,3,7,1906700,25.270871701208772,125800
29,calibration,er_d32,5000,160837,1729,0,grid_16,3,8,2795700,808.6678944386807,125800
29,calibration,er_d32,5000,160837,1729,0,grid_1.5,3,9,2339400,75.81261510362631,125800
29,calibration,er_d32,5000,160837,1729,0,grid_0.05,3,10,1947500,2.5270871701208772,125800
29,calibration,er_d32,5000,160837,1729,0,grid_0.75,3,11,1654900,37.90630755181316,125800
29,calibration,er_d32,5000,160837,1729,0,grid_0.03125,4,0,2070000,1.5794294813255483,125800
29,calibration,er_d32,5000,160837,1729,0,grid_0.05,4,1,2022400,2.5270871701208772,125800
29,calibration,er_d32,5000,160837,1729,0,grid_0.75,4,2,1600400,37.90630755181316,125800
29,calibration,er_d32,5000,160837,1729,0,grid_0.25,4,3,1747000,12.635435850604386,125800
29,calibration,er_d32,5000,160837,1729,0,grid_0.1,4,4,1903600,5.0541743402417545,125800
29,calibration,er_d32,5000,160837,1729,0,grid_4,4,5,2535900,202.16697360967018,125800
29,calibration,er_d32,5000,160837,1729,0,grid_16,4,6,2505800,808.6678944386807,125800
29,calibration,er_d32,5000,160837,1729,0,grid_1.5,4,7,2567300,75.81261510362631,125800
29,calibration,er_d32,5000,160837,1729,0,grid_1,4,8,2979800,50.541743402417545,125800
29,calibration,er_d32,5000,160837,1729,0,grid_0.5,4,9,2112800,25.270871701208772,125800
29,calibration,er_d32,5000,160837,1729,0,grid_8,4,10,2551300,404.33394721934036,125800
29,calibration,er_d32,5000,160837,1729,0,grid_2,4,11,2456400,101.08348680483509,125800
29,calibration,er_d32,5000,160837,1729,0,grid_2,5,0,2542500,101.08348680483509,125800
29,calibration,er_d32,5000,160837,1729,0,grid_8,5,1,2771100,404.33394721934036,125800
29,calibration,er_d32,5000,160837,1729,0,grid_0.5,5,2,1806200,25.270871701208772,125800
29,calibration,er_d32,5000,160837,1729,0,grid_1,5,3,2070500,50.541743402417545,125800
29,calibration,er_d32,5000,160837,1729,0,grid_1.5,5,4,2384400,75.81261510362631,125800
29,calibration,er_d32,5000,160837,1729,0,grid_16,5,5,2678100,808.6678944386807,125800
29,calibration,er_d32,5000,160837,1729,0,grid_4,5,6,2519100,202.16697360967018,125800
29,calibration,er_d32,5000,160837,1729,0,grid_0.1,5,7,2157900,5.0541743402417545,125800
29,calibration,er_d32,5000,160837,1729,0,grid_0.25,5,8,1767800,12.635435850604386,125800
29,calibration,er_d32,5000,160837,1729,0,grid_0.75,5,9,1982300,37.90630755181316,125800
29,calibration,er_d32,5000,160837,1729,0,grid_0.05,5,10,2736400,2.5270871701208772,125800
29,calibration,er_d32,5000,160837,1729,0,grid_0.03125,5,11,1912100,1.5794294813255483,125800
29,density,er_d32,5000,160837,1729,1666,mean_map,0,0,2195700,50.541743402417545,125800
29,density,er_d32,5000,160837,1729,1666,selected_grid,0,1,1675900,12.635435850604386,160820500
29,density,er_d32,5000,160837,1729,1666,max_maxdegree,0,2,2018400,1.886760027960085,221600
29,density,er_d32,5000,160837,1729,1666,fourary,0,3,2779000,0,0
29,density,er_d32,5000,160837,1729,1666,caliber,0,4,3006300,0,293900
29,density,er_d32,5000,160837,1729,1666,degree4,0,5,2752300,0,283500
29,density,er_d32,5000,160837,1729,1666,mean_ring,0,6,1956100,50.541743402417545,125800
29,density,er_d32,5000,160837,1729,1666,binary,0,7,2562800,0,0
29,density,er_d32,5000,160837,1729,1666,std_binary,0,8,2893100,0,0
29,density,er_d32,5000,160837,1729,1666,mean_degree,0,9,2034600,1.571210088549822,125800
29,density,er_d32,5000,160837,1729,1666,mean_degree,1,0,2131300,1.571210088549822,125800
29,density,er_d32,5000,160837,1729,1666,std_binary,1,1,2753700,0,0
29,density,er_d32,5000,160837,1729,1666,binary,1,2,2677300,0,0
29,density,er_d32,5000,160837,1729,1666,mean_ring,1,3,1958000,50.541743402417545,125800
29,density,er_d32,5000,160837,1729,1666,degree4,1,4,2721400,0,283500
29,density,er_d32,5000,160837,1729,1666,caliber,1,5,2619800,0,293900
29,density,er_d32,5000,160837,1729,1666,fourary,1,6,3152000,0,0
29,density,er_d32,5000,160837,1729,1666,max_maxdegree,1,7,2276900,1.886760027960085,221600
29,density,er_d32,5000,160837,1729,1666,selected_grid,1,8,1665000,12.635435850604386,160820500
29,density,er_d32,5000,160837,1729,1666,mean_map,1,9,2050800,50.541743402417545,125800
29,density,er_d32,5000,160837,1729,1666,degree4,2,0,2883900,0,283500
29,density,er_d32,5000,160837,1729,1666,mean_ring,2,1,2125700,50.541743402417545,125800
29,density,er_d32,5000,160837,1729,1666,std_binary,2,2,2707100,0,0
29,density,er_d32,5000,160837,1729,1666,fourary,2,3,2820700,0,0
29,density,er_d32,5000,160837,1729,1666,mean_map,2,4,2003200,50.541743402417545,125800
29,density,er_d32,5000,160837,1729,1666,mean_degree,2,5,1978700,1.571210088549822,125800
29,density,er_d32,5000,160837,1729,1666,selected_grid,2,6,1780600,12.635435850604386,160820500
29,density,er_d32,5000,160837,1729,1666,binary,2,7,2805300,0,0
29,density,er_d32,5000,160837,1729,1666,caliber,2,8,2621700,0,293900
29,density,er_d32,5000,160837,1729,1666,max_maxdegree,2,9,2006300,1.886760027960085,221600
29,density,er_d32,5000,160837,1729,1666,max_maxdegree,3,0,2009600,1.886760027960085,221600
29,density,er_d32,5000,160837,1729,1666,caliber,3,1,3208000,0,293900
29,density,er_d32,5000,160837,1729,1666,binary,3,2,2743500,0,0
29,density,er_d32,5000,160837,1729,1666,selected_grid,3,3,1917300,12.635435850604386,160820500
29,density,er_d32,5000,160837,1729,1666,mean_degree,3,4,2177100,1.571210088549822,125800
29,density,er_d32,5000,160837,1729,1666,mean_map,3,5,2119100,50.541743402417545,125800
29,density,er_d32,5000,160837,1729,1666,fourary,3,6,2737700,0,0
29,density,er_d32,5000,160837,1729,1666,std_binary,3,7,2807500,0,0
29,density,er_d32,5000,160837,1729,1666,mean_ring,3,8,2033000,50.541743402417545,125800
29,density,er_d32,5000,160837,1729,1666,degree4,3,9,2781000,0,283500
29,density,er_d32,5000,160837,1729,1666,mean_ring,4,0,1982800,50.541743402417545,125800
29,density,er_d32,5000,160837,1729,1666,mean_map,4,1,1887500,50.541743402417545,125800
29,density,er_d32,5000,160837,1729,1666,binary,4,2,2674300,0,0
29,density,er_d32,5000,160837,1729,1666,selected_grid,4,3,1675900,12.635435850604386,160820500
29,density,er_d32,5000,160837,1729,1666,mean_degree,4,4,2322500,1.571210088549822,125800
29,density,er_d32,5000,160837,1729,1666,std_binary,4,5,3128300,0,0
29,density,er_d32,5000,160837,1729,1666,fourary,4,6,2741500,0,0
29,density,er_d32,5000,160837,1729,1666,max_maxdegree,4,7,2024900,1.886760027960085,221600
29,density,er_d32,5000,160837,1729,1666,caliber,4,8,2560400,0,293900
29,density,er_d32,5000,160837,1729,1666,degree4,4,9,3206000,0,283500
29,density,er_d32,5000,160837,1729,1666,degree4,5,0,2830000,0,283500
29,density,er_d32,5000,160837,1729,1666,caliber,5,1,2798900,0,293900
29,density,er_d32,5000,160837,1729,1666,max_maxdegree,5,2,2153200,1.886760027960085,221600
29,density,er_d32,5000,160837,1729,1666,fourary,5,3,2811300,0,0
29,density,er_d32,5000,160837,1729,1666,std_binary,5,4,2811500,0,0
29,density,er_d32,5000,160837,1729,1666,mean_degree,5,5,2190600,1.571210088549822,125800
29,density,er_d32,5000,160837,1729,1666,selected_grid,5,6,2022200,12.635435850604386,160820500
29,density,er_d32,5000,160837,1729,1666,binary,5,7,4491600,0,0
29,density,er_d32,5000,160837,1729,1666,mean_map,5,8,2102800,50.541743402417545,125800
29,density,er_d32,5000,160837,1729,1666,mean_ring,5,9,1919200,50.541743402417545,125800
29,density,er_d32,5000,160837,1729,1666,fourary,6,0,2942700,0,0
29,density,er_d32,5000,160837,1729,1666,degree4,6,1,2821100,0,283500
29,density,er_d32,5000,160837,1729,1666,caliber,6,2,2647200,0,293900
29,density,er_d32,5000,160837,1729,1666,mean_degree,6,3,2063700,1.571210088549822,125800
29,density,er_d32,5000,160837,1729,1666,std_binary,6,4,2816500,0,0
29,density,er_d32,5000,160837,1729,1666,mean_ring,6,5,1984300,50.541743402417545,125800
29,density,er_d32,5000,160837,1729,1666,binary,6,6,2709100,0,0
29,density,er_d32,5000,160837,1729,1666,max_maxdegree,6,7,2099000,1.886760027960085,221600
29,density,er_d32,5000,160837,1729,1666,mean_map,6,8,1939700,50.541743402417545,125800
29,density,er_d32,5000,160837,1729,1666,selected_grid,6,9,1895900,12.635435850604386,160820500
29,density,er_d32,5000,160837,1729,1666,selected_grid,7,0,1960000,12.635435850604386,160820500
29,density,er_d32,5000,160837,1729,1666,mean_map,7,1,2018000,50.541743402417545,125800
29,density,er_d32,5000,160837,1729,1666,max_maxdegree,7,2,1996200,1.886760027960085,221600
29,density,er_d32,5000,160837,1729,1666,binary,7,3,2639300,0,0
29,density,er_d32,5000,160837,1729,1666,mean_ring,7,4,2118700,50.541743402417545,125800
29,density,er_d32,5000,160837,1729,1666,std_binary,7,5,2695600,0,0
29,density,er_d32,5000,160837,1729,1666,mean_degree,7,6,2127200,1.571210088549822,125800
29,density,er_d32,5000,160837,1729,1666,caliber,7,7,2514300,0,293900
29,density,er_d32,5000,160837,1729,1666,degree4,7,8,2750000,0,283500
29,density,er_d32,5000,160837,1729,1666,fourary,7,9,2613400,0,0
29,density,er_d32,5000,160837,1729,3333,binary,0,0,2822000,0,0
29,density,er_d32,5000,160837,1729,3333,caliber,0,1,2592900,0,293900
29,density,er_d32,5000,160837,1729,3333,std_binary,0,2,3470400,0,0
29,density,er_d32,5000,160837,1729,3333,mean_map,0,3,2098200,50.541743402417545,125800
29,density,er_d32,5000,160837,1729,3333,fourary,0,4,2707800,0,0
29,density,er_d32,5000,160837,1729,3333,mean_ring,0,5,2105800,50.541743402417545,125800
29,density,er_d32,5000,160837,1729,3333,max_maxdegree,0,6,1963700,1.886760027960085,221600
29,density,er_d32,5000,160837,1729,3333,mean_degree,0,7,1954400,1.571210088549822,125800
29,density,er_d32,5000,160837,1729,3333,selected_grid,0,8,1858400,12.635435850604386,160820500
29,density,er_d32,5000,160837,1729,3333,degree4,0,9,2864700,0,283500
29,density,er_d32,5000,160837,1729,3333,degree4,1,0,3366000,0,283500
29,density,er_d32,5000,160837,1729,3333,selected_grid,1,1,1736400,12.635435850604386,160820500
29,density,er_d32,5000,160837,1729,3333,mean_degree,1,2,1959900,1.571210088549822,125800
29,density,er_d32,5000,160837,1729,3333,max_maxdegree,1,3,1850900,1.886760027960085,221600
29,density,er_d32,5000,160837,1729,3333,mean_ring,1,4,2425500,50.541743402417545,125800
29,density,er_d32,5000,160837,1729,3333,fourary,1,5,3485700,0,0
29,density,er_d32,5000,160837,1729,3333,mean_map,1,6,2369800,50.541743402417545,125800
29,density,er_d32,5000,160837,1729,3333,std_binary,1,7,2781000,0,0
29,density,er_d32,5000,160837,1729,3333,caliber,1,8,2742400,0,293900
29,density,er_d32,5000,160837,1729,3333,binary,1,9,2862200,0,0
29,density,er_d32,5000,160837,1729,3333,selected_grid,2,0,1761900,12.635435850604386,160820500
29,density,er_d32,5000,160837,1729,3333,binary,2,1,2776200,0,0
29,density,er_d32,5000,160837,1729,3333,caliber,2,2,2705300,0,293900
29,density,er_d32,5000,160837,1729,3333,fourary,2,3,2718300,0,0
29,density,er_d32,5000,160837,1729,3333,mean_map,2,4,2453600,50.541743402417545,125800
29,density,er_d32,5000,160837,1729,3333,degree4,2,5,2770400,0,283500
29,density,er_d32,5000,160837,1729,3333,max_maxdegree,2,6,2078800,1.886760027960085,221600
29,density,er_d32,5000,160837,1729,3333,mean_ring,2,7,2420300,50.541743402417545,125800
29,density,er_d32,5000,160837,1729,3333,mean_degree,2,8,2217700,1.571210088549822,125800
29,density,er_d32,5000,160837,1729,3333,std_binary,2,9,2912800,0,0
29,density,er_d32,5000,160837,1729,3333,std_binary,3,0,2846500,0,0
29,density,er_d32,5000,160837,1729,3333,mean_degree,3,1,2061000,1.571210088549822,125800
29,density,er_d32,5000,160837,1729,3333,mean_ring,3,2,2054700,50.541743402417545,125800
29,density,er_d32,5000,160837,1729,3333,max_maxdegree,3,3,2070700,1.886760027960085,221600
29,density,er_d32,5000,160837,1729,3333,degree4,3,4,3219100,0,283500
29,density,er_d32,5000,160837,1729,3333,mean_map,3,5,2325000,50.541743402417545,125800
29,density,er_d32,5000,160837,1729,3333,fourary,3,6,2815600,0,0
29,density,er_d32,5000,160837,1729,3333,caliber,3,7,2538400,0,293900
29,density,er_d32,5000,160837,1729,3333,binary,3,8,2700600,0,0
29,density,er_d32,5000,160837,1729,3333,selected_grid,3,9,1687800,12.635435850604386,160820500
29,density,er_d32,5000,160837,1729,3333,mean_map,4,0,2199500,50.541743402417545,125800
29,density,er_d32,5000,160837,1729,3333,mean_degree,4,1,3104300,1.571210088549822,125800
29,density,er_d32,5000,160837,1729,3333,caliber,4,2,2635800,0,293900
29,density,er_d32,5000,160837,1729,3333,std_binary,4,3,2842800,0,0
29,density,er_d32,5000,160837,1729,3333,binary,4,4,2676300,0,0
29,density,er_d32,5000,160837,1729,3333,selected_grid,4,5,1669900,12.635435850604386,160820500
29,density,er_d32,5000,160837,1729,3333,mean_ring,4,6,2051800,50.541743402417545,125800
29,density,er_d32,5000,160837,1729,3333,degree4,4,7,2741100,0,283500
29,density,er_d32,5000,160837,1729,3333,fourary,4,8,2672500,0,0
29,density,er_d32,5000,160837,1729,3333,max_maxdegree,4,9,1917500,1.886760027960085,221600
29,density,er_d32,5000,160837,1729,3333,max_maxdegree,5,0,1835800,1.886760027960085,221600
29,density,er_d32,5000,160837,1729,3333,fourary,5,1,2764600,0,0
29,density,er_d32,5000,160837,1729,3333,degree4,5,2,2950300,0,283500
29,density,er_d32,5000,160837,1729,3333,mean_ring,5,3,2973000,50.541743402417545,125800
29,density,er_d32,5000,160837,1729,3333,selected_grid,5,4,1873500,12.635435850604386,160820500
29,density,er_d32,5000,160837,1729,3333,binary,5,5,2729500,0,0
29,density,er_d32,5000,160837,1729,3333,std_binary,5,6,2906700,0,0
29,density,er_d32,5000,160837,1729,3333,caliber,5,7,2603500,0,293900
29,density,er_d32,5000,160837,1729,3333,mean_degree,5,8,2037100,1.571210088549822,125800
29,density,er_d32,5000,160837,1729,3333,mean_map,5,9,2169400,50.541743402417545,125800
29,density,er_d32,5000,160837,1729,3333,binary,6,0,2726500,0,0
29,density,er_d32,5000,160837,1729,3333,max_maxdegree,6,1,2041900,1.886760027960085,221600
29,density,er_d32,5000,160837,1729,3333,mean_map,6,2,2123300,50.541743402417545,125800
29,density,er_d32,5000,160837,1729,3333,mean_degree,6,3,2075100,1.571210088549822,125800
29,density,er_d32,5000,160837,1729,3333,caliber,6,4,2697300,0,293900
29,density,er_d32,5000,160837,1729,3333,std_binary,6,5,2957300,0,0
29,density,er_d32,5000,160837,1729,3333,selected_grid,6,6,1931900,12.635435850604386,160820500
29,density,er_d32,5000,160837,1729,3333,mean_ring,6,7,2511600,50.541743402417545,125800
29,density,er_d32,5000,160837,1729,3333,fourary,6,8,3031200,0,0
29,density,er_d32,5000,160837,1729,3333,degree4,6,9,3088400,0,283500
29,density,er_d32,5000,160837,1729,3333,degree4,7,0,2836600,0,283500
29,density,er_d32,5000,160837,1729,3333,fourary,7,1,2777600,0,0
29,density,er_d32,5000,160837,1729,3333,mean_ring,7,2,2106800,50.541743402417545,125800
29,density,er_d32,5000,160837,1729,3333,selected_grid,7,3,1723800,12.635435850604386,160820500
29,density,er_d32,5000,160837,1729,3333,std_binary,7,4,2852300,0,0
29,density,er_d32,5000,160837,1729,3333,caliber,7,5,2571500,0,293900
29,density,er_d32,5000,160837,1729,3333,mean_degree,7,6,2079900,1.571210088549822,125800
29,density,er_d32,5000,160837,1729,3333,mean_map,7,7,2207900,50.541743402417545,125800
29,density,er_d32,5000,160837,1729,3333,max_maxdegree,7,8,2298500,1.886760027960085,221600
29,density,er_d32,5000,160837,1729,3333,binary,7,9,3235900,0,0
30,calibration,er_d64,5000,321543,1729,0,grid_1.5,0,0,4022800,75.77771376513073,243800
30,calibration,er_d64,5000,321543,1729,0,grid_2,0,1,4329400,101.03695168684096,243800
30,calibration,er_d64,5000,321543,1729,0,grid_0.25,0,2,3492500,12.62961896085512,243800
30,calibration,er_d64,5000,321543,1729,0,grid_0.75,0,3,3517700,37.88885688256536,243800
30,calibration,er_d64,5000,321543,1729,0,grid_0.05,0,4,2910300,2.5259237921710245,243800
30,calibration,er_d64,5000,321543,1729,0,grid_0.5,0,5,2703100,25.25923792171024,243800
30,calibration,er_d64,5000,321543,1729,0,grid_0.1,0,6,4235900,5.051847584342049,243800
30,calibration,er_d64,5000,321543,1729,0,grid_16,0,7,4382400,808.2956134947277,243800
30,calibration,er_d64,5000,321543,1729,0,grid_0.03125,0,8,3184700,1.57870237010689,243800
30,calibration,er_d64,5000,321543,1729,0,grid_4,0,9,4276300,202.07390337368193,243800
30,calibration,er_d64,5000,321543,1729,0,grid_8,0,10,4964700,404.14780674736386,243800
30,calibration,er_d64,5000,321543,1729,0,grid_1,0,11,4767400,50.51847584342048,243800
30,calibration,er_d64,5000,321543,1729,0,grid_1,1,0,3802600,50.51847584342048,243800
30,calibration,er_d64,5000,321543,1729,0,grid_8,1,1,4173200,404.14780674736386,243800
30,calibration,er_d64,5000,321543,1729,0,grid_4,1,2,4213000,202.07390337368193,243800
30,calibration,er_d64,5000,321543,1729,0,grid_0.03125,1,3,2963600,1.57870237010689,243800
30,calibration,er_d64,5000,321543,1729,0,grid_16,1,4,4358700,808.2956134947277,243800
30,calibration,er_d64,5000,321543,1729,0,grid_0.1,1,5,2810700,5.051847584342049,243800
30,calibration,er_d64,5000,321543,1729,0,grid_0.5,1,6,2808800,25.25923792171024,243800
30,calibration,er_d64,5000,321543,1729,0,grid_0.05,1,7,3608700,2.5259237921710245,243800
30,calibration,er_d64,5000,321543,1729,0,grid_0.75,1,8,3509200,37.88885688256536,243800
30,calibration,er_d64,5000,321543,1729,0,grid_0.25,1,9,2609200,12.62961896085512,243800
30,calibration,er_d64,5000,321543,1729,0,grid_2,1,10,3974800,101.03695168684096,243800
30,calibration,er_d64,5000,321543,1729,0,grid_1.5,1,11,4023700,75.77771376513073,243800
30,calibration,er_d64,5000,321543,1729,0,grid_0.75,2,0,3401800,37.88885688256536,243800
30,calibration,er_d64,5000,321543,1729,0,grid_0.05,2,1,3113100,2.5259237921710245,243800
30,calibration,er_d64,5000,321543,1729,0,grid_1.5,2,2,3874600,75.77771376513073,243800
30,calibration,er_d64,5000,321543,1729,0,grid_16,2,3,4178800,808.2956134947277,243800
30,calibration,er_d64,5000,321543,1729,0,grid_0.5,2,4,3445300,25.25923792171024,243800
30,calibration,er_d64,5000,321543,1729,0,grid_0.1,2,5,2776400,5.051847584342049,243800
30,calibration,er_d64,5000,321543,1729,0,grid_1,2,6,3718700,50.51847584342048,243800
30,calibration,er_d64,5000,321543,1729,0,grid_0.03125,2,7,2923800,1.57870237010689,243800
30,calibration,er_d64,5000,321543,1729,0,grid_2,2,8,4176200,101.03695168684096,243800
30,calibration,er_d64,5000,321543,1729,0,grid_8,2,9,4195400,404.14780674736386,243800
30,calibration,er_d64,5000,321543,1729,0,grid_0.25,2,10,2476000,12.62961896085512,243800
30,calibration,er_d64,5000,321543,1729,0,grid_4,2,11,4143600,202.07390337368193,243800
30,calibration,er_d64,5000,321543,1729,0,grid_4,3,0,4451500,202.07390337368193,243800
30,calibration,er_d64,5000,321543,1729,0,grid_0.25,3,1,3594300,12.62961896085512,243800
30,calibration,er_d64,5000,321543,1729,0,grid_8,3,2,4302300,404.14780674736386,243800
30,calibration,er_d64,5000,321543,1729,0,grid_2,3,3,5294700,101.03695168684096,243800
30,calibration,er_d64,5000,321543,1729,0,grid_0.03125,3,4,3089800,1.57870237010689,243800
30,calibration,er_d64,5000,321543,1729,0,grid_1,3,5,3867200,50.51847584342048,243800
30,calibration,er_d64,5000,321543,1729,0,grid_0.1,3,6,2779000,5.051847584342049,243800
30,calibration,er_d64,5000,321543,1729,0,grid_0.5,3,7,2810500,25.25923792171024,243800
30,calibration,er_d64,5000,321543,1729,0,grid_16,3,8,4223800,808.2956134947277,243800
30,calibration,er_d64,5000,321543,1729,0,grid_1.5,3,9,3919400,75.77771376513073,243800
30,calibration,er_d64,5000,321543,1729,0,grid_0.05,3,10,3077900,2.5259237921710245,243800
30,calibration,er_d64,5000,321543,1729,0,grid_0.75,3,11,3825500,37.88885688256536,243800
30,calibration,er_d64,5000,321543,1729,0,grid_0.03125,4,0,3363400,1.57870237010689,243800
30,calibration,er_d64,5000,321543,1729,0,grid_0.05,4,1,3197300,2.5259237921710245,243800
30,calibration,er_d64,5000,321543,1729,0,grid_0.75,4,2,4273500,37.88885688256536,243800
30,calibration,er_d64,5000,321543,1729,0,grid_0.25,4,3,2665700,12.62961896085512,243800
30,calibration,er_d64,5000,321543,1729,0,grid_0.1,4,4,2992600,5.051847584342049,243800
30,calibration,er_d64,5000,321543,1729,0,grid_4,4,5,4360700,202.07390337368193,243800
30,calibration,er_d64,5000,321543,1729,0,grid_16,4,6,4113500,808.2956134947277,243800
30,calibration,er_d64,5000,321543,1729,0,grid_1.5,4,7,4015600,75.77771376513073,243800
30,calibration,er_d64,5000,321543,1729,0,grid_1,4,8,4493000,50.51847584342048,243800
30,calibration,er_d64,5000,321543,1729,0,grid_0.5,4,9,2602700,25.25923792171024,243800
30,calibration,er_d64,5000,321543,1729,0,grid_8,4,10,5163100,404.14780674736386,243800
30,calibration,er_d64,5000,321543,1729,0,grid_2,4,11,4337900,101.03695168684096,243800
30,calibration,er_d64,5000,321543,1729,0,grid_2,5,0,4152300,101.03695168684096,243800
30,calibration,er_d64,5000,321543,1729,0,grid_8,5,1,4225600,404.14780674736386,243800
30,calibration,er_d64,5000,321543,1729,0,grid_0.5,5,2,2864600,25.25923792171024,243800
30,calibration,er_d64,5000,321543,1729,0,grid_1,5,3,3881800,50.51847584342048,243800
30,calibration,er_d64,5000,321543,1729,0,grid_1.5,5,4,4108200,75.77771376513073,243800
30,calibration,er_d64,5000,321543,1729,0,grid_16,5,5,4606100,808.2956134947277,243800
30,calibration,er_d64,5000,321543,1729,0,grid_4,5,6,5056400,202.07390337368193,243800
30,calibration,er_d64,5000,321543,1729,0,grid_0.1,5,7,2847400,5.051847584342049,243800
30,calibration,er_d64,5000,321543,1729,0,grid_0.25,5,8,2562200,12.62961896085512,243800
30,calibration,er_d64,5000,321543,1729,0,grid_0.75,5,9,3269300,37.88885688256536,243800
30,calibration,er_d64,5000,321543,1729,0,grid_0.05,5,10,2978800,2.5259237921710245,243800
30,calibration,er_d64,5000,321543,1729,0,grid_0.03125,5,11,2950900,1.57870237010689,243800
30,density,er_d64,5000,321543,1729,1666,mean_map,0,0,3789900,50.51847584342048,243800
30,density,er_d64,5000,321543,1729,1666,selected_grid,0,1,2583500,12.62961896085512,266975200
30,density,er_d64,5000,321543,1729,1666,max_maxdegree,0,2,3391400,1.075250338514887,347600
30,density,er_d64,5000,321543,1729,1666,fourary,0,3,4729900,0,0
30,density,er_d64,5000,321543,1729,1666,caliber,0,4,3644900,0,475900
30,density,er_d64,5000,321543,1729,1666,degree4,0,5,3790200,0,390700
30,density,er_d64,5000,321543,1729,1666,mean_ring,0,6,4098100,50.51847584342048,243800
30,density,er_d64,5000,321543,1729,1666,binary,0,7,4763200,0,0
30,density,er_d64,5000,321543,1729,1666,std_binary,0,8,4125200,0,0
30,density,er_d64,5000,321543,1729,1666,mean_degree,0,9,3358400,0.7855632970305757,243800
30,density,er_d64,5000,321543,1729,1666,mean_degree,1,0,3231200,0.7855632970305757,243800
30,density,er_d64,5000,321543,1729,1666,std_binary,1,1,4051400,0,0
30,density,er_d64,5000,321543,1729,1666,binary,1,2,3962900,0,0
30,density,er_d64,5000,321543,1729,1666,mean_ring,1,3,4134600,50.51847584342048,243800
30,density,er_d64,5000,321543,1729,1666,degree4,1,4,3730900,0,390700
30,density,er_d64,5000,321543,1729,1666,caliber,1,5,3884100,0,475900
30,density,er_d64,5000,321543,1729,1666,fourary,1,6,4086000,0,0
30,density,er_d64,5000,321543,1729,1666,max_maxdegree,1,7,3305200,1.075250338514887,347600
30,density,er_d64,5000,321543,1729,1666,selected_grid,1,8,2586100,12.62961896085512,266975200
30,density,er_d64,5000,321543,1729,1666,mean_map,1,9,3809100,50.51847584342048,243800
30,density,er_d64,5000,321543,1729,1666,degree4,2,0,3674700,0,390700
30,density,er_d64,5000,321543,1729,1666,mean_ring,2,1,3946800,50.51847584342048,243800
30,density,er_d64,5000,321543,1729,1666,std_binary,2,2,3773400,0,0
30,density,er_d64,5000,321543,1729,1666,fourary,2,3,3784300,0,0
30,density,er_d64,5000,321543,1729,1666,mean_map,2,4,4859200,50.51847584342048,243800
30,density,er_d64,5000,321543,1729,1666,mean_degree,2,5,3203300,0.7855632970305757,243800
30,density,er_d64,5000,321543,1729,1666,selected_grid,2,6,2568600,12.62961896085512,266975200
30,density,er_d64,5000,321543,1729,1666,binary,2,7,3491000,0,0
30,density,er_d64,5000,321543,1729,1666,caliber,2,8,3487000,0,475900
30,density,er_d64,5000,321543,1729,1666,max_maxdegree,2,9,3209600,1.075250338514887,347600
30,density,er_d64,5000,321543,1729,1666,max_maxdegree,3,0,3065200,1.075250338514887,347600
30,density,er_d64,5000,321543,1729,1666,caliber,3,1,3537700,0,475900
30,density,er_d64,5000,321543,1729,1666,binary,3,2,3568600,0,0
30,density,er_d64,5000,321543,1729,1666,selected_grid,3,3,2836200,12.62961896085512,266975200
30,density,er_d64,5000,321543,1729,1666,mean_degree,3,4,3280300,0.7855632970305757,243800
30,density,er_d64,5000,321543,1729,1666,mean_map,3,5,3965400,50.51847584342048,243800
30,density,er_d64,5000,321543,1729,1666,fourary,3,6,3537300,0,0
30,density,er_d64,5000,321543,1729,1666,std_binary,3,7,3924800,0,0
30,density,er_d64,5000,321543,1729,1666,mean_ring,3,8,4320500,50.51847584342048,243800
30,density,er_d64,5000,321543,1729,1666,degree4,3,9,3656300,0,390700
30,density,er_d64,5000,321543,1729,1666,mean_ring,4,0,3764300,50.51847584342048,243800
30,density,er_d64,5000,321543,1729,1666,mean_map,4,1,3776200,50.51847584342048,243800
30,density,er_d64,5000,321543,1729,1666,binary,4,2,3399700,0,0
30,density,er_d64,5000,321543,1729,1666,selected_grid,4,3,2727800,12.62961896085512,266975200
30,density,er_d64,5000,321543,1729,1666,mean_degree,4,4,3001400,0.7855632970305757,243800
30,density,er_d64,5000,321543,1729,1666,std_binary,4,5,4267100,0,0
30,density,er_d64,5000,321543,1729,1666,fourary,4,6,4118300,0,0
30,density,er_d64,5000,321543,1729,1666,max_maxdegree,4,7,3901400,1.075250338514887,347600
30,density,er_d64,5000,321543,1729,1666,caliber,4,8,3844400,0,475900
30,density,er_d64,5000,321543,1729,1666,degree4,4,9,3905900,0,390700
30,density,er_d64,5000,321543,1729,1666,degree4,5,0,3742100,0,390700
30,density,er_d64,5000,321543,1729,1666,caliber,5,1,3385800,0,475900
30,density,er_d64,5000,321543,1729,1666,max_maxdegree,5,2,3155800,1.075250338514887,347600
30,density,er_d64,5000,321543,1729,1666,fourary,5,3,4193800,0,0
30,density,er_d64,5000,321543,1729,1666,std_binary,5,4,4092300,0,0
30,density,er_d64,5000,321543,1729,1666,mean_degree,5,5,3486300,0.7855632970305757,243800
30,density,er_d64,5000,321543,1729,1666,selected_grid,5,6,3118400,12.62961896085512,266975200
30,density,er_d64,5000,321543,1729,1666,binary,5,7,3687300,0,0
30,density,er_d64,5000,321543,1729,1666,mean_map,5,8,4172500,50.51847584342048,243800
30,density,er_d64,5000,321543,1729,1666,mean_ring,5,9,3815900,50.51847584342048,243800
30,density,er_d64,5000,321543,1729,1666,fourary,6,0,3552900,0,0
30,density,er_d64,5000,321543,1729,1666,degree4,6,1,3810200,0,390700
30,density,er_d64,5000,321543,1729,1666,caliber,6,2,3590100,0,475900
30,density,er_d64,5000,321543,1729,1666,mean_degree,6,3,3307800,0.7855632970305757,243800
30,density,er_d64,5000,321543,1729,1666,std_binary,6,4,4904100,0,0
30,density,er_d64,5000,321543,1729,1666,mean_ring,6,5,3982500,50.51847584342048,243800
30,density,er_d64,5000,321543,1729,1666,binary,6,6,3431200,0,0
30,density,er_d64,5000,321543,1729,1666,max_maxdegree,6,7,3643800,1.075250338514887,347600
30,density,er_d64,5000,321543,1729,1666,mean_map,6,8,3826900,50.51847584342048,243800
30,density,er_d64,5000,321543,1729,1666,selected_grid,6,9,2943400,12.62961896085512,266975200
30,density,er_d64,5000,321543,1729,1666,selected_grid,7,0,2956500,12.62961896085512,266975200
30,density,er_d64,5000,321543,1729,1666,mean_map,7,1,4112900,50.51847584342048,243800
30,density,er_d64,5000,321543,1729,1666,max_maxdegree,7,2,3237000,1.075250338514887,347600
30,density,er_d64,5000,321543,1729,1666,binary,7,3,3885100,0,0
30,density,er_d64,5000,321543,1729,1666,mean_ring,7,4,4182000,50.51847584342048,243800
30,density,er_d64,5000,321543,1729,1666,std_binary,7,5,3940800,0,0
30,density,er_d64,5000,321543,1729,1666,mean_degree,7,6,3409300,0.7855632970305757,243800
30,density,er_d64,5000,321543,1729,1666,caliber,7,7,3443600,0,475900
30,density,er_d64,5000,321543,1729,1666,degree4,7,8,3620600,0,390700
30,density,er_d64,5000,321543,1729,1666,fourary,7,9,3868700,0,0
30,density,er_d64,5000,321543,1729,3333,binary,0,0,3727900,0,0
30,density,er_d64,5000,321543,1729,3333,caliber,0,1,4713800,0,475900
30,density,er_d64,5000,321543,1729,3333,std_binary,0,2,4619000,0,0
30,density,er_d64,5000,321543,1729,3333,mean_map,0,3,4085000,50.51847584342048,243800
30,density,er_d64,5000,321543,1729,3333,fourary,0,4,3787200,0,0
30,density,er_d64,5000,321543,1729,3333,mean_ring,0,5,4487700,50.51847584342048,243800
30,density,er_d64,5000,321543,1729,3333,max_maxdegree,0,6,3279900,1.075250338514887,347600
30,density,er_d64,5000,321543,1729,3333,mean_degree,0,7,3108900,0.7855632970305757,243800
30,density,er_d64,5000,321543,1729,3333,selected_grid,0,8,3304000,12.62961896085512,266975200
30,density,er_d64,5000,321543,1729,3333,degree4,0,9,3880300,0,390700
30,density,er_d64,5000,321543,1729,3333,degree4,1,0,3932100,0,390700
30,density,er_d64,5000,321543,1729,3333,selected_grid,1,1,3227900,12.62961896085512,266975200
30,density,er_d64,5000,321543,1729,3333,mean_degree,1,2,3231800,0.7855632970305757,243800
30,density,er_d64,5000,321543,1729,3333,max_maxdegree,1,3,3664700,1.075250338514887,347600
30,density,er_d64,5000,321543,1729,3333,mean_ring,1,4,3993700,50.51847584342048,243800
30,density,er_d64,5000,321543,1729,3333,fourary,1,5,3624800,0,0
30,density,er_d64,5000,321543,1729,3333,mean_map,1,6,4032200,50.51847584342048,243800
30,density,er_d64,5000,321543,1729,3333,std_binary,1,7,3869900,0,0
30,density,er_d64,5000,321543,1729,3333,caliber,1,8,4296100,0,475900
30,density,er_d64,5000,321543,1729,3333,binary,1,9,4287100,0,0
30,density,er_d64,5000,321543,1729,3333,selected_grid,2,0,3617300,12.62961896085512,266975200
30,density,er_d64,5000,321543,1729,3333,binary,2,1,3695000,0,0
30,density,er_d64,5000,321543,1729,3333,caliber,2,2,3848900,0,475900
30,density,er_d64,5000,321543,1729,3333,fourary,2,3,4911200,0,0
30,density,er_d64,5000,321543,1729,3333,mean_map,2,4,3930100,50.51847584342048,243800
30,density,er_d64,5000,321543,1729,3333,degree4,2,5,4098500,0,390700
30,density,er_d64,5000,321543,1729,3333,max_maxdegree,2,6,3546900,1.075250338514887,347600
30,density,er_d64,5000,321543,1729,3333,mean_ring,2,7,4237400,50.51847584342048,243800
30,density,er_d64,5000,321543,1729,3333,mean_degree,2,8,3322300,0.7855632970305757,243800
30,density,er_d64,5000,321543,1729,3333,std_binary,2,9,3794300,0,0
30,density,er_d64,5000,321543,1729,3333,std_binary,3,0,4690900,0,0
30,density,er_d64,5000,321543,1729,3333,mean_degree,3,1,3448800,0.7855632970305757,243800
30,density,er_d64,5000,321543,1729,3333,mean_ring,3,2,3891600,50.51847584342048,243800
30,density,er_d64,5000,321543,1729,3333,max_maxdegree,3,3,3188600,1.075250338514887,347600
30,density,er_d64,5000,321543,1729,3333,degree4,3,4,4258700,0,390700
30,density,er_d64,5000,321543,1729,3333,mean_map,3,5,4388700,50.51847584342048,243800
30,density,er_d64,5000,321543,1729,3333,fourary,3,6,3877700,0,0
30,density,er_d64,5000,321543,1729,3333,caliber,3,7,3392700,0,475900
30,density,er_d64,5000,321543,1729,3333,binary,3,8,4161500,0,0
30,density,er_d64,5000,321543,1729,3333,selected_grid,3,9,3593200,12.62961896085512,266975200
30,density,er_d64,5000,321543,1729,3333,mean_map,4,0,3872600,50.51847584342048,243800
30,density,er_d64,5000,321543,1729,3333,mean_degree,4,1,3332000,0.7855632970305757,243800
30,density,er_d64,5000,321543,1729,3333,caliber,4,2,3419700,0,475900
30,density,er_d64,5000,321543,1729,3333,std_binary,4,3,4554000,0,0
30,density,er_d64,5000,321543,1729,3333,binary,4,4,4348400,0,0
30,density,er_d64,5000,321543,1729,3333,selected_grid,4,5,3077900,12.62961896085512,266975200
30,density,er_d64,5000,321543,1729,3333,mean_ring,4,6,3663900,50.51847584342048,243800
30,density,er_d64,5000,321543,1729,3333,degree4,4,7,3743500,0,390700
30,density,er_d64,5000,321543,1729,3333,fourary,4,8,3831400,0,0
30,density,er_d64,5000,321543,1729,3333,max_maxdegree,4,9,3561000,1.075250338514887,347600
30,density,er_d64,5000,321543,1729,3333,max_maxdegree,5,0,3625600,1.075250338514887,347600
30,density,er_d64,5000,321543,1729,3333,fourary,5,1,3801800,0,0
30,density,er_d64,5000,321543,1729,3333,degree4,5,2,4696000,0,390700
30,density,er_d64,5000,321543,1729,3333,mean_ring,5,3,3962800,50.51847584342048,243800
30,density,er_d64,5000,321543,1729,3333,selected_grid,5,4,3211800,12.62961896085512,266975200
30,density,er_d64,5000,321543,1729,3333,binary,5,5,3834000,0,0
30,density,er_d64,5000,321543,1729,3333,std_binary,5,6,4069700,0,0
30,density,er_d64,5000,321543,1729,3333,caliber,5,7,3765900,0,475900
30,density,er_d64,5000,321543,1729,3333,mean_degree,5,8,3572700,0.7855632970305757,243800
30,density,er_d64,5000,321543,1729,3333,mean_map,5,9,4602800,50.51847584342048,243800
30,density,er_d64,5000,321543,1729,3333,binary,6,0,3999800,0,0
30,density,er_d64,5000,321543,1729,3333,max_maxdegree,6,1,3591700,1.075250338514887,347600
30,density,er_d64,5000,321543,1729,3333,mean_map,6,2,3953000,50.51847584342048,243800
30,density,er_d64,5000,321543,1729,3333,mean_degree,6,3,3402700,0.7855632970305757,243800
30,density,er_d64,5000,321543,1729,3333,caliber,6,4,3632800,0,475900
30,density,er_d64,5000,321543,1729,3333,std_binary,6,5,4186300,0,0
30,density,er_d64,5000,321543,1729,3333,selected_grid,6,6,3340200,12.62961896085512,266975200
30,density,er_d64,5000,321543,1729,3333,mean_ring,6,7,4050300,50.51847584342048,243800
30,density,er_d64,5000,321543,1729,3333,fourary,6,8,4482900,0,0
30,density,er_d64,5000,321543,1729,3333,degree4,6,9,4118100,0,390700
30,density,er_d64,5000,321543,1729,3333,degree4,7,0,3862700,0,390700
30,density,er_d64,5000,321543,1729,3333,fourary,7,1,3980600,0,0
30,density,er_d64,5000,321543,1729,3333,mean_ring,7,2,4379200,50.51847584342048,243800
30,density,er_d64,5000,321543,1729,3333,selected_grid,7,3,3003500,12.62961896085512,266975200
30,density,er_d64,5000,321543,1729,3333,std_binary,7,4,4069300,0,0
30,density,er_d64,5000,321543,1729,3333,caliber,7,5,4116700,0,475900
30,density,er_d64,5000,321543,1729,3333,mean_degree,7,6,4610200,0.7855632970305757,243800
30,density,er_d64,5000,321543,1729,3333,mean_map,7,7,4290200,50.51847584342048,243800
30,density,er_d64,5000,321543,1729,3333,max_maxdegree,7,8,3815300,1.075250338514887,347600
30,density,er_d64,5000,321543,1729,3333,binary,7,9,3705500,0,0
31,calibration,er_d128,5000,642281,1729,0,grid_1.5,0,0,7463000,75.76982846026564,683300
31,calibration,er_d128,5000,642281,1729,0,grid_2,0,1,7434200,101.02643794702087,683300
31,calibration,er_d128,5000,642281,1729,0,grid_0.25,0,2,4592400,12.628304743377608,683300
31,calibration,er_d128,5000,642281,1729,0,grid_0.75,0,3,6220600,37.88491423013282,683300
31,calibration,er_d128,5000,642281,1729,0,grid_0.05,0,4,5812300,2.525660948675522,683300
31,calibration,er_d128,5000,642281,1729,0,grid_0.5,0,5,6564700,25.256609486755217,683300
31,calibration,er_d128,5000,642281,1729,0,grid_0.1,0,6,4872300,5.051321897351044,683300
31,calibration,er_d128,5000,642281,1729,0,grid_16,0,7,7452000,808.2115035761669,683300
31,calibration,er_d128,5000,642281,1729,0,grid_0.03125,0,8,4998400,1.578538092922201,683300
31,calibration,er_d128,5000,642281,1729,0,grid_4,0,9,7607200,202.05287589404173,683300
31,calibration,er_d128,5000,642281,1729,0,grid_8,0,10,7005500,404.10575178808347,683300
31,calibration,er_d128,5000,642281,1729,0,grid_1,0,11,7396800,50.51321897351043,683300
31,calibration,er_d128,5000,642281,1729,0,grid_1,1,0,6846700,50.51321897351043,683300
31,calibration,er_d128,5000,642281,1729,0,grid_8,1,1,7203100,404.10575178808347,683300
31,calibration,er_d128,5000,642281,1729,0,grid_4,1,2,7141600,202.05287589404173,683300
31,calibration,er_d128,5000,642281,1729,0,grid_0.03125,1,3,5498000,1.578538092922201,683300
31,calibration,er_d128,5000,642281,1729,0,grid_16,1,4,9228700,808.2115035761669,683300
31,calibration,er_d128,5000,642281,1729,0,grid_0.1,1,5,5329600,5.051321897351044,683300
31,calibration,er_d128,5000,642281,1729,0,grid_0.5,1,6,6410200,25.256609486755217,683300
31,calibration,er_d128,5000,642281,1729,0,grid_0.05,1,7,5258400,2.525660948675522,683300
31,calibration,er_d128,5000,642281,1729,0,grid_0.75,1,8,6759200,37.88491423013282,683300
31,calibration,er_d128,5000,642281,1729,0,grid_0.25,1,9,5283800,12.628304743377608,683300
31,calibration,er_d128,5000,642281,1729,0,grid_2,1,10,7600600,101.02643794702087,683300
31,calibration,er_d128,5000,642281,1729,0,grid_1.5,1,11,7627200,75.76982846026564,683300
31,calibration,er_d128,5000,642281,1729,0,grid_0.75,2,0,6972300,37.88491423013282,683300
31,calibration,er_d128,5000,642281,1729,0,grid_0.05,2,1,5269800,2.525660948675522,683300
31,calibration,er_d128,5000,642281,1729,0,grid_1.5,2,2,9033500,75.76982846026564,683300
31,calibration,er_d128,5000,642281,1729,0,grid_16,2,3,7481300,808.2115035761669,683300
31,calibration,er_d128,5000,642281,1729,0,grid_0.5,2,4,6101000,25.256609486755217,683300
31,calibration,er_d128,5000,642281,1729,0,grid_0.1,2,5,5273400,5.051321897351044,683300
31,calibration,er_d128,5000,642281,1729,0,grid_1,2,6,7729400,50.51321897351043,683300
31,calibration,er_d128,5000,642281,1729,0,grid_0.03125,2,7,6016000,1.578538092922201,683300
31,calibration,er_d128,5000,642281,1729,0,grid_2,2,8,8184300,101.02643794702087,683300
31,calibration,er_d128,5000,642281,1729,0,grid_8,2,9,7527400,404.10575178808347,683300
31,calibration,er_d128,5000,642281,1729,0,grid_0.25,2,10,4818400,12.628304743377608,683300
31,calibration,er_d128,5000,642281,1729,0,grid_4,2,11,8397400,202.05287589404173,683300
31,calibration,er_d128,5000,642281,1729,0,grid_4,3,0,7753100,202.05287589404173,683300
31,calibration,er_d128,5000,642281,1729,0,grid_0.25,3,1,4655200,12.628304743377608,683300
31,calibration,er_d128,5000,642281,1729,0,grid_8,3,2,7142700,404.10575178808347,683300
31,calibration,er_d128,5000,642281,1729,0,grid_2,3,3,7783900,101.02643794702087,683300
31,calibration,er_d128,5000,642281,1729,0,grid_0.03125,3,4,5429700,1.578538092922201,683300
31,calibration,er_d128,5000,642281,1729,0,grid_1,3,5,6746500,50.51321897351043,683300
31,calibration,er_d128,5000,642281,1729,0,grid_0.1,3,6,4952200,5.051321897351044,683300
31,calibration,er_d128,5000,642281,1729,0,grid_0.5,3,7,5818400,25.256609486755217,683300
31,calibration,er_d128,5000,642281,1729,0,grid_16,3,8,7260000,808.2115035761669,683300
31,calibration,er_d128,5000,642281,1729,0,grid_1.5,3,9,8452900,75.76982846026564,683300
31,calibration,er_d128,5000,642281,1729,0,grid_0.05,3,10,5117500,2.525660948675522,683300
31,calibration,er_d128,5000,642281,1729,0,grid_0.75,3,11,6650100,37.88491423013282,683300
31,calibration,er_d128,5000,642281,1729,0,grid_0.03125,4,0,5463300,1.578538092922201,683300
31,calibration,er_d128,5000,642281,1729,0,grid_0.05,4,1,5151600,2.525660948675522,683300
31,calibration,er_d128,5000,642281,1729,0,grid_0.75,4,2,8458900,37.88491423013282,683300
31,calibration,er_d128,5000,642281,1729,0,grid_0.25,4,3,4897900,12.628304743377608,683300
31,calibration,er_d128,5000,642281,1729,0,grid_0.1,4,4,5605500,5.051321897351044,683300
31,calibration,er_d128,5000,642281,1729,0,grid_4,4,5,7327800,202.05287589404173,683300
31,calibration,er_d128,5000,642281,1729,0,grid_16,4,6,7659500,808.2115035761669,683300
31,calibration,er_d128,5000,642281,1729,0,grid_1.5,4,7,8553300,75.76982846026564,683300
31,calibration,er_d128,5000,642281,1729,0,grid_1,4,8,7265200,50.51321897351043,683300
31,calibration,er_d128,5000,642281,1729,0,grid_0.5,4,9,6034900,25.256609486755217,683300
31,calibration,er_d128,5000,642281,1729,0,grid_8,4,10,7275800,404.10575178808347,683300
31,calibration,er_d128,5000,642281,1729,0,grid_2,4,11,7253000,101.02643794702087,683300
31,calibration,er_d128,5000,642281,1729,0,grid_2,5,0,7062500,101.02643794702087,683300
31,calibration,er_d128,5000,642281,1729,0,grid_8,5,1,8292300,404.10575178808347,683300
31,calibration,er_d128,5000,642281,1729,0,grid_0.5,5,2,5972200,25.256609486755217,683300
31,calibration,er_d128,5000,642281,1729,0,grid_1,5,3,6706700,50.51321897351043,683300
31,calibration,er_d128,5000,642281,1729,0,grid_1.5,5,4,7921000,75.76982846026564,683300
31,calibration,er_d128,5000,642281,1729,0,grid_16,5,5,8018500,808.2115035761669,683300
31,calibration,er_d128,5000,642281,1729,0,grid_4,5,6,8261900,202.05287589404173,683300
31,calibration,er_d128,5000,642281,1729,0,grid_0.1,5,7,5589100,5.051321897351044,683300
31,calibration,er_d128,5000,642281,1729,0,grid_0.25,5,8,5086500,12.628304743377608,683300
31,calibration,er_d128,5000,642281,1729,0,grid_0.75,5,9,6652000,37.88491423013282,683300
31,calibration,er_d128,5000,642281,1729,0,grid_0.05,5,10,6637100,2.525660948675522,683300
31,calibration,er_d128,5000,642281,1729,0,grid_0.03125,5,11,5980600,1.578538092922201,683300
31,density,er_d128,5000,642281,1729,1666,mean_map,0,0,7442900,50.51321897351043,683300
31,density,er_d128,5000,642281,1729,1666,selected_grid,0,1,5081800,12.628304743377608,482401900
31,density,er_d128,5000,642281,1729,1666,max_maxdegree,0,2,5567300,0.5847930594481864,774000
31,density,er_d128,5000,642281,1729,1666,fourary,0,3,5898900,0,0
31,density,er_d128,5000,642281,1729,1666,caliber,0,4,5135800,0,1651000
31,density,er_d128,5000,642281,1729,1666,degree4,0,5,5234200,0,528600
31,density,er_d128,5000,642281,1729,1666,mean_ring,0,6,7727600,50.51321897351043,683300
31,density,er_d128,5000,642281,1729,1666,binary,0,7,5350300,0,0
31,density,er_d128,5000,642281,1729,1666,std_binary,0,8,5845500,0,0
31,density,er_d128,5000,642281,1729,1666,mean_degree,0,9,6608000,0.3932330161838077,683300
31,density,er_d128,5000,642281,1729,1666,mean_degree,1,0,5786400,0.3932330161838077,683300
31,density,er_d128,5000,642281,1729,1666,std_binary,1,1,5940100,0,0
31,density,er_d128,5000,642281,1729,1666,binary,1,2,5274600,0,0
31,density,er_d128,5000,642281,1729,1666,mean_ring,1,3,7462500,50.51321897351043,683300
31,density,er_d128,5000,642281,1729,1666,degree4,1,4,5608800,0,528600
31,density,er_d128,5000,642281,1729,1666,caliber,1,5,5248400,0,1651000
31,density,er_d128,5000,642281,1729,1666,fourary,1,6,5393000,0,0
31,density,er_d128,5000,642281,1729,1666,max_maxdegree,1,7,6674400,0.5847930594481864,774000
31,density,er_d128,5000,642281,1729,1666,selected_grid,1,8,5554100,12.628304743377608,482401900
31,density,er_d128,5000,642281,1729,1666,mean_map,1,9,7487100,50.51321897351043,683300
31,density,er_d128,5000,642281,1729,1666,degree4,2,0,5111600,0,528600
31,density,er_d128,5000,642281,1729,1666,mean_ring,2,1,7512900,50.51321897351043,683300
31,density,er_d128,5000,642281,1729,1666,std_binary,2,2,7184700,0,0
31,density,er_d128,5000,642281,1729,1666,fourary,2,3,5530500,0,0
31,density,er_d128,5000,642281,1729,1666,mean_map,2,4,7460000,50.51321897351043,683300
31,density,er_d128,5000,642281,1729,1666,mean_degree,2,5,6062500,0.3932330161838077,683300
31,density,er_d128,5000,642281,1729,1666,selected_grid,2,6,5389000,12.628304743377608,482401900
31,density,er_d128,5000,642281,1729,1666,binary,2,7,6267500,0,0
31,density,er_d128,5000,642281,1729,1666,caliber,2,8,5635800,0,1651000
31,density,er_d128,5000,642281,1729,1666,max_maxdegree,2,9,6115300,0.5847930594481864,774000
31,density,er_d128,5000,642281,1729,1666,max_maxdegree,3,0,5886500,0.5847930594481864,774000
31,density,er_d128,5000,642281,1729,1666,caliber,3,1,5191100,0,1651000
31,density,er_d128,5000,642281,1729,1666,binary,3,2,6114100,0,0
31,density,er_d128,5000,642281,1729,1666,selected_grid,3,3,6222600,12.628304743377608,482401900
31,density,er_d128,5000,642281,1729,1666,mean_degree,3,4,6072500,0.3932330161838077,683300
31,density,er_d128,5000,642281,1729,1666,mean_map,3,5,7616400,50.51321897351043,683300
31,density,er_d128,5000,642281,1729,1666,fourary,3,6,5476200,0,0
31,density,er_d128,5000,642281,1729,1666,std_binary,3,7,6165100,0,0
31,density,er_d128,5000,642281,1729,1666,mean_ring,3,8,7568200,50.51321897351043,683300
31,density,er_d128,5000,642281,1729,1666,degree4,3,9,5460200,0,528600
31,density,er_d128,5000,642281,1729,1666,mean_ring,4,0,7678800,50.51321897351043,683300
31,density,er_d128,5000,642281,1729,1666,mean_map,4,1,7457600,50.51321897351043,683300
31,density,er_d128,5000,642281,1729,1666,binary,4,2,6042000,0,0
31,density,er_d128,5000,642281,1729,1666,selected_grid,4,3,5701200,12.628304743377608,482401900
31,density,er_d128,5000,642281,1729,1666,mean_degree,4,4,5979100,0.3932330161838077,683300
31,density,er_d128,5000,642281,1729,1666,std_binary,4,5,5900800,0,0
31,density,er_d128,5000,642281,1729,1666,fourary,4,6,5433100,0,0
31,density,er_d128,5000,642281,1729,1666,max_maxdegree,4,7,6455200,0.5847930594481864,774000
31,density,er_d128,5000,642281,1729,1666,caliber,4,8,5900600,0,1651000
31,density,er_d128,5000,642281,1729,1666,degree4,4,9,5476500,0,528600
31,density,er_d128,5000,642281,1729,1666,degree4,5,0,5837300,0,528600
31,density,er_d128,5000,642281,1729,1666,caliber,5,1,5132900,0,1651000
31,density,er_d128,5000,642281,1729,1666,max_maxdegree,5,2,5850200,0.5847930594481864,774000
31,density,er_d128,5000,642281,1729,1666,fourary,5,3,6164900,0,0
31,density,er_d128,5000,642281,1729,1666,std_binary,5,4,6109500,0,0
31,density,er_d128,5000,642281,1729,1666,mean_degree,5,5,6090800,0.3932330161838077,683300
31,density,er_d128,5000,642281,1729,1666,selected_grid,5,6,5186300,12.628304743377608,482401900
31,density,er_d128,5000,642281,1729,1666,binary,5,7,5400800,0,0
31,density,er_d128,5000,642281,1729,1666,mean_map,5,8,9660600,50.51321897351043,683300
31,density,er_d128,5000,642281,1729,1666,mean_ring,5,9,7687600,50.51321897351043,683300
31,density,er_d128,5000,642281,1729,1666,fourary,6,0,5708900,0,0
31,density,er_d128,5000,642281,1729,1666,degree4,6,1,5536200,0,528600
31,density,er_d128,5000,642281,1729,1666,caliber,6,2,5381600,0,1651000
31,density,er_d128,5000,642281,1729,1666,mean_degree,6,3,6080600,0.3932330161838077,683300
31,density,er_d128,5000,642281,1729,1666,std_binary,6,4,5838300,0,0
31,density,er_d128,5000,642281,1729,1666,mean_ring,6,5,7652100,50.51321897351043,683300
31,density,er_d128,5000,642281,1729,1666,binary,6,6,5768900,0,0
31,density,er_d128,5000,642281,1729,1666,max_maxdegree,6,7,5992000,0.5847930594481864,774000
31,density,er_d128,5000,642281,1729,1666,mean_map,6,8,7831100,50.51321897351043,683300
31,density,er_d128,5000,642281,1729,1666,selected_grid,6,9,5388800,12.628304743377608,482401900
31,density,er_d128,5000,642281,1729,1666,selected_grid,7,0,5648700,12.628304743377608,482401900
31,density,er_d128,5000,642281,1729,1666,mean_map,7,1,8643500,50.51321897351043,683300
31,density,er_d128,5000,642281,1729,1666,max_maxdegree,7,2,5841100,0.5847930594481864,774000
31,density,er_d128,5000,642281,1729,1666,binary,7,3,5437200,0,0
31,density,er_d128,5000,642281,1729,1666,mean_ring,7,4,7759200,50.51321897351043,683300
31,density,er_d128,5000,642281,1729,1666,std_binary,7,5,5886600,0,0
31,density,er_d128,5000,642281,1729,1666,mean_degree,7,6,7107200,0.3932330161838077,683300
31,density,er_d128,5000,642281,1729,1666,caliber,7,7,5250400,0,1651000
31,density,er_d128,5000,642281,1729,1666,degree4,7,8,5455500,0,528600
31,density,er_d128,5000,642281,1729,1666,fourary,7,9,5578100,0,0
31,density,er_d128,5000,642281,1729,3333,binary,0,0,5580800,0,0
31,density,er_d128,5000,642281,1729,3333,caliber,0,1,5717300,0,1651000
31,density,er_d128,5000,642281,1729,3333,std_binary,0,2,5821200,0,0
31,density,er_d128,5000,642281,1729,3333,mean_map,0,3,7635100,50.51321897351043,683300
31,density,er_d128,5000,642281,1729,3333,fourary,0,4,5676400,0,0
31,density,er_d128,5000,642281,1729,3333,mean_ring,0,5,8060400,50.51321897351043,683300
31,density,er_d128,5000,642281,1729,3333,max_maxdegree,0,6,5790200,0.5847930594481864,774000
31,density,er_d128,5000,642281,1729,3333,mean_degree,0,7,5841700,0.3932330161838077,683300
31,density,er_d128,5000,642281,1729,3333,selected_grid,0,8,5069100,12.628304743377608,482401900
31,density,er_d128,5000,642281,1729,3333,degree4,0,9,5258000,0,528600
31,density,er_d128,5000,642281,1729,3333,degree4,1,0,5382500,0,528600
31,density,er_d128,5000,642281,1729,3333,selected_grid,1,1,5643500,12.628304743377608,482401900
31,density,er_d128,5000,642281,1729,3333,mean_degree,1,2,6357400,0.3932330161838077,683300
31,density,er_d128,5000,642281,1729,3333,max_maxdegree,1,3,6152600,0.5847930594481864,774000
31,density,er_d128,5000,642281,1729,3333,mean_ring,1,4,7266100,50.51321897351043,683300
31,density,er_d128,5000,642281,1729,3333,fourary,1,5,5444700,0,0
31,density,er_d128,5000,642281,1729,3333,mean_map,1,6,7526000,50.51321897351043,683300
31,density,er_d128,5000,642281,1729,3333,std_binary,1,7,5463300,0,0
31,density,er_d128,5000,642281,1729,3333,caliber,1,8,5472800,0,1651000
31,density,er_d128,5000,642281,1729,3333,binary,1,9,5772600,0,0
31,density,er_d128,5000,642281,1729,3333,selected_grid,2,0,5018000,12.628304743377608,482401900
31,density,er_d128,5000,642281,1729,3333,binary,2,1,5146500,0,0
31,density,er_d128,5000,642281,1729,3333,caliber,2,2,4946000,0,1651000
31,density,er_d128,5000,642281,1729,3333,fourary,2,3,5162100,0,0
31,density,er_d128,5000,642281,1729,3333,mean_map,2,4,8134000,50.51321897351043,683300
31,density,er_d128,5000,642281,1729,3333,degree4,2,5,6924900,0,528600
31,density,er_d128,5000,642281,1729,3333,max_maxdegree,2,6,5868500,0.5847930594481864,774000
31,density,er_d128,5000,642281,1729,3333,mean_ring,2,7,7440400,50.51321897351043,683300
31,density,er_d128,5000,642281,1729,3333,mean_degree,2,8,6214500,0.3932330161838077,683300
31,density,er_d128,5000,642281,1729,3333,std_binary,2,9,7569900,0,0
31,density,er_d128,5000,642281,1729,3333,std_binary,3,0,6087000,0,0
31,density,er_d128,5000,642281,1729,3333,mean_degree,3,1,6353500,0.3932330161838077,683300
31,density,er_d128,5000,642281,1729,3333,mean_ring,3,2,7854300,50.51321897351043,683300
31,density,er_d128,5000,642281,1729,3333,max_maxdegree,3,3,5718100,0.5847930594481864,774000
31,density,er_d128,5000,642281,1729,3333,degree4,3,4,7380000,0,528600
31,density,er_d128,5000,642281,1729,3333,mean_map,3,5,7878500,50.51321897351043,683300
31,density,er_d128,5000,642281,1729,3333,fourary,3,6,5223500,0,0
31,density,er_d128,5000,642281,1729,3333,caliber,3,7,5346800,0,1651000
31,density,er_d128,5000,642281,1729,3333,binary,3,8,5298700,0,0
31,density,er_d128,5000,642281,1729,3333,selected_grid,3,9,7611200,12.628304743377608,482401900
31,density,er_d128,5000,642281,1729,3333,mean_map,4,0,7774200,50.51321897351043,683300
31,density,er_d128,5000,642281,1729,3333,mean_degree,4,1,5861600,0.3932330161838077,683300
31,density,er_d128,5000,642281,1729,3333,caliber,4,2,5089000,0,1651000
31,density,er_d128,5000,642281,1729,3333,std_binary,4,3,5794900,0,0
31,density,er_d128,5000,642281,1729,3333,binary,4,4,6157400,0,0
31,density,er_d128,5000,642281,1729,3333,selected_grid,4,5,5565100,12.628304743377608,482401900
31,density,er_d128,5000,642281,1729,3333,mean_ring,4,6,9660900,50.51321897351043,683300
31,density,er_d128,5000,642281,1729,3333,degree4,4,7,5654700,0,528600
31,density,er_d128,5000,642281,1729,3333,fourary,4,8,5519300,0,0
31,density,er_d128,5000,642281,1729,3333,max_maxdegree,4,9,5921300,0.5847930594481864,774000
31,density,er_d128,5000,642281,1729,3333,max_maxdegree,5,0,5835400,0.5847930594481864,774000
31,density,er_d128,5000,642281,1729,3333,fourary,5,1,5151900,0,0
31,density,er_d128,5000,642281,1729,3333,degree4,5,2,5257500,0,528600
31,density,er_d128,5000,642281,1729,3333,mean_ring,5,3,8073000,50.51321897351043,683300
31,density,er_d128,5000,642281,1729,3333,selected_grid,5,4,5261100,12.628304743377608,482401900
31,density,er_d128,5000,642281,1729,3333,binary,5,5,6127200,0,0
31,density,er_d128,5000,642281,1729,3333,std_binary,5,6,5770500,0,0
31,density,er_d128,5000,642281,1729,3333,caliber,5,7,5088600,0,1651000
31,density,er_d128,5000,642281,1729,3333,mean_degree,5,8,6277200,0.3932330161838077,683300
31,density,er_d128,5000,642281,1729,3333,mean_map,5,9,7270300,50.51321897351043,683300
31,density,er_d128,5000,642281,1729,3333,binary,6,0,6111100,0,0
31,density,er_d128,5000,642281,1729,3333,max_maxdegree,6,1,6008400,0.5847930594481864,774000
31,density,er_d128,5000,642281,1729,3333,mean_map,6,2,7463400,50.51321897351043,683300
31,density,er_d128,5000,642281,1729,3333,mean_degree,6,3,6225600,0.3932330161838077,683300
31,density,er_d128,5000,642281,1729,3333,caliber,6,4,5228400,0,1651000
31,density,er_d128,5000,642281,1729,3333,std_binary,6,5,5879800,0,0
31,density,er_d128,5000,642281,1729,3333,selected_grid,6,6,5409000,12.628304743377608,482401900
31,density,er_d128,5000,642281,1729,3333,mean_ring,6,7,7550600,50.51321897351043,683300
31,density,er_d128,5000,642281,1729,3333,fourary,6,8,5998100,0,0
31,density,er_d128,5000,642281,1729,3333,degree4,6,9,5262500,0,528600
31,density,er_d128,5000,642281,1729,3333,degree4,7,0,5925200,0,528600
31,density,er_d128,5000,642281,1729,3333,fourary,7,1,5580500,0,0
31,density,er_d128,5000,642281,1729,3333,mean_ring,7,2,7606500,50.51321897351043,683300
31,density,er_d128,5000,642281,1729,3333,selected_grid,7,3,4965000,12.628304743377608,482401900
31,density,er_d128,5000,642281,1729,3333,std_binary,7,4,6972300,0,0
31,density,er_d128,5000,642281,1729,3333,caliber,7,5,5060300,0,1651000
31,density,er_d128,5000,642281,1729,3333,mean_degree,7,6,5809900,0.3932330161838077,683300
31,density,er_d128,5000,642281,1729,3333,mean_map,7,7,7322400,50.51321897351043,683300
31,density,er_d128,5000,642281,1729,3333,max_maxdegree,7,8,5701700,0.5847930594481864,774000
31,density,er_d128,5000,642281,1729,3333,binary,7,9,4976400,0,0
32,calibration,er_d256,5000,1282027,1729,0,grid_1.5,0,0,13235100,75.70436577306333,1720500
32,calibration,er_d256,5000,1282027,1729,0,grid_2,0,1,12569100,100.93915436408444,1720500
32,calibration,er_d256,5000,1282027,1729,0,grid_0.25,0,2,10209100,12.617394295510556,1720500
32,calibration,er_d256,5000,1282027,1729,0,grid_0.75,0,3,12919000,37.852182886531665,1720500
32,calibration,er_d256,5000,1282027,1729,0,grid_0.05,0,4,11860100,2.523478859102111,1720500
32,calibration,er_d256,5000,1282027,1729,0,grid_0.5,0,5,13510300,25.23478859102111,1720500
32,calibration,er_d256,5000,1282027,1729,0,grid_0.1,0,6,9154500,5.046957718204222,1720500
32,calibration,er_d256,5000,1282027,1729,0,grid_16,0,7,13119800,807.5132349126756,1720500
32,calibration,er_d256,5000,1282027,1729,0,grid_0.03125,0,8,9308200,1.5771742869388194,1720500
32,calibration,er_d256,5000,1282027,1729,0,grid_4,0,9,12805900,201.8783087281689,1720500
32,calibration,er_d256,5000,1282027,1729,0,grid_8,0,10,12259200,403.7566174563378,1720500
32,calibration,er_d256,5000,1282027,1729,0,grid_1,0,11,12554500,50.46957718204222,1720500
32,calibration,er_d256,5000,1282027,1729,0,grid_1,1,0,12544200,50.46957718204222,1720500
32,calibration,er_d256,5000,1282027,1729,0,grid_8,1,1,12209500,403.7566174563378,1720500
32,calibration,er_d256,5000,1282027,1729,0,grid_4,1,2,13252900,201.8783087281689,1720500
32,calibration,er_d256,5000,1282027,1729,0,grid_0.03125,1,3,9525500,1.5771742869388194,1720500
32,calibration,er_d256,5000,1282027,1729,0,grid_16,1,4,12257800,807.5132349126756,1720500
32,calibration,er_d256,5000,1282027,1729,0,grid_0.1,1,5,9561700,5.046957718204222,1720500
32,calibration,er_d256,5000,1282027,1729,0,grid_0.5,1,6,11579200,25.23478859102111,1720500
32,calibration,er_d256,5000,1282027,1729,0,grid_0.05,1,7,9386200,2.523478859102111,1720500
32,calibration,er_d256,5000,1282027,1729,0,grid_0.75,1,8,11986100,37.852182886531665,1720500
32,calibration,er_d256,5000,1282027,1729,0,grid_0.25,1,9,10047900,12.617394295510556,1720500
32,calibration,er_d256,5000,1282027,1729,0,grid_2,1,10,12398900,100.93915436408444,1720500
32,calibration,er_d256,5000,1282027,1729,0,grid_1.5,1,11,13984800,75.70436577306333,1720500
32,calibration,er_d256,5000,1282027,1729,0,grid_0.75,2,0,12017900,37.852182886531665,1720500
32,calibration,er_d256,5000,1282027,1729,0,grid_0.05,2,1,9622700,2.523478859102111,1720500
32,calibration,er_d256,5000,1282027,1729,0,grid_1.5,2,2,13213100,75.70436577306333,1720500
32,calibration,er_d256,5000,1282027,1729,0,grid_16,2,3,12457300,807.5132349126756,1720500
32,calibration,er_d256,5000,1282027,1729,0,grid_0.5,2,4,11955400,25.23478859102111,1720500
32,calibration,er_d256,5000,1282027,1729,0,grid_0.1,2,5,8910600,5.046957718204222,1720500
32,calibration,er_d256,5000,1282027,1729,0,grid_1,2,6,14085200,50.46957718204222,1720500
32,calibration,er_d256,5000,1282027,1729,0,grid_0.03125,2,7,10265500,1.5771742869388194,1720500
32,calibration,er_d256,5000,1282027,1729,0,grid_2,2,8,12575800,100.93915436408444,1720500
32,calibration,er_d256,5000,1282027,1729,0,grid_8,2,9,12861900,403.7566174563378,1720500
32,calibration,er_d256,5000,1282027,1729,0,grid_0.25,2,10,9944200,12.617394295510556,1720500
32,calibration,er_d256,5000,1282027,1729,0,grid_4,2,11,12765000,201.8783087281689,1720500
32,calibration,er_d256,5000,1282027,1729,0,grid_4,3,0,12474900,201.8783087281689,1720500
32,calibration,er_d256,5000,1282027,1729,0,grid_0.25,3,1,9685500,12.617394295510556,1720500
32,calibration,er_d256,5000,1282027,1729,0,grid_8,3,2,13276700,403.7566174563378,1720500
32,calibration,er_d256,5000,1282027,1729,0,grid_2,3,3,12561200,100.93915436408444,1720500
32,calibration,er_d256,5000,1282027,1729,0,grid_0.03125,3,4,8809100,1.5771742869388194,1720500
32,calibration,er_d256,5000,1282027,1729,0,grid_1,3,5,14152600,50.46957718204222,1720500
32,calibration,er_d256,5000,1282027,1729,0,grid_0.1,3,6,9160400,5.046957718204222,1720500
32,calibration,er_d256,5000,1282027,1729,0,grid_0.5,3,7,11059000,25.23478859102111,1720500
32,calibration,er_d256,5000,1282027,1729,0,grid_16,3,8,13489000,807.5132349126756,1720500
32,calibration,er_d256,5000,1282027,1729,0,grid_1.5,3,9,12854200,75.70436577306333,1720500
32,calibration,er_d256,5000,1282027,1729,0,grid_0.05,3,10,9469000,2.523478859102111,1720500
32,calibration,er_d256,5000,1282027,1729,0,grid_0.75,3,11,12407800,37.852182886531665,1720500
32,calibration,er_d256,5000,1282027,1729,0,grid_0.03125,4,0,9465100,1.5771742869388194,1720500
32,calibration,er_d256,5000,1282027,1729,0,grid_0.05,4,1,9046500,2.523478859102111,1720500
32,calibration,er_d256,5000,1282027,1729,0,grid_0.75,4,2,12688400,37.852182886531665,1720500
32,calibration,er_d256,5000,1282027,1729,0,grid_0.25,4,3,10439400,12.617394295510556,1720500
32,calibration,er_d256,5000,1282027,1729,0,grid_0.1,4,4,10236400,5.046957718204222,1720500
32,calibration,er_d256,5000,1282027,1729,0,grid_4,4,5,13158300,201.8783087281689,1720500
32,calibration,er_d256,5000,1282027,1729,0,grid_16,4,6,13748800,807.5132349126756,1720500
32,calibration,er_d256,5000,1282027,1729,0,grid_1.5,4,7,13924800,75.70436577306333,1720500
32,calibration,er_d256,5000,1282027,1729,0,grid_1,4,8,13196300,50.46957718204222,1720500
32,calibration,er_d256,5000,1282027,1729,0,grid_0.5,4,9,11671700,25.23478859102111,1720500
32,calibration,er_d256,5000,1282027,1729,0,grid_8,4,10,14228500,403.7566174563378,1720500
32,calibration,er_d256,5000,1282027,1729,0,grid_2,4,11,13646900,100.93915436408444,1720500
32,calibration,er_d256,5000,1282027,1729,0,grid_2,5,0,12658600,100.93915436408444,1720500
32,calibration,er_d256,5000,1282027,1729,0,grid_8,5,1,14344900,403.7566174563378,1720500
32,calibration,er_d256,5000,1282027,1729,0,grid_0.5,5,2,11602200,25.23478859102111,1720500
32,calibration,er_d256,5000,1282027,1729,0,grid_1,5,3,13323000,50.46957718204222,1720500
32,calibration,er_d256,5000,1282027,1729,0,grid_1.5,5,4,14028300,75.70436577306333,1720500
32,calibration,er_d256,5000,1282027,1729,0,grid_16,5,5,14568100,807.5132349126756,1720500
32,calibration,er_d256,5000,1282027,1729,0,grid_4,5,6,13063100,201.8783087281689,1720500
32,calibration,er_d256,5000,1282027,1729,0,grid_0.1,5,7,9201700,5.046957718204222,1720500
32,calibration,er_d256,5000,1282027,1729,0,grid_0.25,5,8,10527100,12.617394295510556,1720500
32,calibration,er_d256,5000,1282027,1729,0,grid_0.75,5,9,12731300,37.852182886531665,1720500
32,calibration,er_d256,5000,1282027,1729,0,grid_0.05,5,10,9090700,2.523478859102111,1720500
32,calibration,er_d256,5000,1282027,1729,0,grid_0.03125,5,11,9610100,1.5771742869388194,1720500
32,density,er_d256,5000,1282027,1729,1666,mean_map,0,0,11530400,50.46957718204222,1720500
32,density,er_d256,5000,1282027,1729,1666,selected_grid,0,1,10481400,5.046957718204222,854676600
32,density,er_d256,5000,1282027,1729,1666,max_maxdegree,0,2,9821100,0.3154569624805093,2084200
32,density,er_d256,5000,1282027,1729,1666,fourary,0,3,7383200,0,0
32,density,er_d256,5000,1282027,1729,1666,caliber,0,4,6896400,0,3170400
32,density,er_d256,5000,1282027,1729,1666,degree4,0,5,7701100,0,1099300
32,density,er_d256,5000,1282027,1729,1666,mean_ring,0,6,12488900,50.46957718204222,1720500
32,density,er_d256,5000,1282027,1729,1666,binary,0,7,6498400,0,0
32,density,er_d256,5000,1282027,1729,1666,std_binary,0,8,9692400,0,0
32,density,er_d256,5000,1282027,1729,1666,mean_degree,0,9,12295600,0.1968350790663622,1720500
32,density,er_d256,5000,1282027,1729,1666,mean_degree,1,0,10834800,0.1968350790663622,1720500
32,density,er_d256,5000,1282027,1729,1666,std_binary,1,1,9841800,0,0
32,density,er_d256,5000,1282027,1729,1666,binary,1,2,7017600,0,0
32,density,er_d256,5000,1282027,1729,1666,mean_ring,1,3,12020500,50.46957718204222,1720500
32,density,er_d256,5000,1282027,1729,1666,degree4,1,4,6912200,0,1099300
32,density,er_d256,5000,1282027,1729,1666,caliber,1,5,7735100,0,3170400
32,density,er_d256,5000,1282027,1729,1666,fourary,1,6,7701300,0,0
32,density,er_d256,5000,1282027,1729,1666,max_maxdegree,1,7,10409400,0.3154569624805093,2084200
32,density,er_d256,5000,1282027,1729,1666,selected_grid,1,8,10582800,5.046957718204222,854676600
32,density,er_d256,5000,1282027,1729,1666,mean_map,1,9,12310500,50.46957718204222,1720500
32,density,er_d256,5000,1282027,1729,1666,degree4,2,0,7269900,0,1099300
32,density,er_d256,5000,1282027,1729,1666,mean_ring,2,1,13662300,50.46957718204222,1720500
32,density,er_d256,5000,1282027,1729,1666,std_binary,2,2,7991500,0,0
32,density,er_d256,5000,1282027,1729,1666,fourary,2,3,7442200,0,0
32,density,er_d256,5000,1282027,1729,1666,mean_map,2,4,12765800,50.46957718204222,1720500
32,density,er_d256,5000,1282027,1729,1666,mean_degree,2,5,10717600,0.1968350790663622,1720500
32,density,er_d256,5000,1282027,1729,1666,selected_grid,2,6,11072900,5.046957718204222,854676600
32,density,er_d256,5000,1282027,1729,1666,binary,2,7,6739800,0,0
32,density,er_d256,5000,1282027,1729,1666,caliber,2,8,6831200,0,3170400
32,density,er_d256,5000,1282027,1729,1666,max_maxdegree,2,9,9913600,0.3154569624805093,2084200
32,density,er_d256,5000,1282027,1729,1666,max_maxdegree,3,0,11282000,0.3154569624805093,2084200
32,density,er_d256,5000,1282027,1729,1666,caliber,3,1,6610800,0,3170400
32,density,er_d256,5000,1282027,1729,1666,binary,3,2,7660700,0,0
32,density,er_d256,5000,1282027,1729,1666,selected_grid,3,3,10500800,5.046957718204222,854676600
32,density,er_d256,5000,1282027,1729,1666,mean_degree,3,4,10098000,0.1968350790663622,1720500
32,density,er_d256,5000,1282027,1729,1666,mean_map,3,5,12074500,50.46957718204222,1720500
32,density,er_d256,5000,1282027,1729,1666,fourary,3,6,7550800,0,0
32,density,er_d256,5000,1282027,1729,1666,std_binary,3,7,8833300,0,0
32,density,er_d256,5000,1282027,1729,1666,mean_ring,3,8,12089500,50.46957718204222,1720500
32,density,er_d256,5000,1282027,1729,1666,degree4,3,9,6913500,0,1099300
32,density,er_d256,5000,1282027,1729,1666,mean_ring,4,0,12658100,50.46957718204222,1720500
32,density,er_d256,5000,1282027,1729,1666,mean_map,4,1,11843900,50.46957718204222,1720500
32,density,er_d256,5000,1282027,1729,1666,binary,4,2,6932700,0,0
32,density,er_d256,5000,1282027,1729,1666,selected_grid,4,3,11068000,5.046957718204222,854676600
32,density,er_d256,5000,1282027,1729,1666,mean_degree,4,4,9973000,0.1968350790663622,1720500
32,density,er_d256,5000,1282027,1729,1666,std_binary,4,5,8489300,0,0
32,density,er_d256,5000,1282027,1729,1666,fourary,4,6,8155300,0,0
32,density,er_d256,5000,1282027,1729,1666,max_maxdegree,4,7,10721800,0.3154569624805093,2084200
32,density,er_d256,5000,1282027,1729,1666,caliber,4,8,6553200,0,3170400
32,density,er_d256,5000,1282027,1729,1666,degree4,4,9,6755900,0,1099300
32,density,er_d256,5000,1282027,1729,1666,degree4,5,0,7113400,0,1099300
32,density,er_d256,5000,1282027,1729,1666,caliber,5,1,7784900,0,3170400
32,density,er_d256,5000,1282027,1729,1666,max_maxdegree,5,2,10180400,0.3154569624805093,2084200
32,density,er_d256,5000,1282027,1729,1666,fourary,5,3,7183200,0,0
32,density,er_d256,5000,1282027,1729,1666,std_binary,5,4,9408200,0,0
32,density,er_d256,5000,1282027,1729,1666,mean_degree,5,5,11125800,0.1968350790663622,1720500
32,density,er_d256,5000,1282027,1729,1666,selected_grid,5,6,10265900,5.046957718204222,854676600
32,density,er_d256,5000,1282027,1729,1666,binary,5,7,7121600,0,0
32,density,er_d256,5000,1282027,1729,1666,mean_map,5,8,13505400,50.46957718204222,1720500
32,density,er_d256,5000,1282027,1729,1666,mean_ring,5,9,13986600,50.46957718204222,1720500
32,density,er_d256,5000,1282027,1729,1666,fourary,6,0,7741800,0,0
32,density,er_d256,5000,1282027,1729,1666,degree4,6,1,7485100,0,1099300
32,density,er_d256,5000,1282027,1729,1666,caliber,6,2,7756800,0,3170400
32,density,er_d256,5000,1282027,1729,1666,mean_degree,6,3,10249100,0.1968350790663622,1720500
32,density,er_d256,5000,1282027,1729,1666,std_binary,6,4,8330000,0,0
32,density,er_d256,5000,1282027,1729,1666,mean_ring,6,5,12333700,50.46957718204222,1720500
32,density,er_d256,5000,1282027,1729,1666,binary,6,6,7392400,0,0
32,density,er_d256,5000,1282027,1729,1666,max_maxdegree,6,7,9695600,0.3154569624805093,2084200
32,density,er_d256,5000,1282027,1729,1666,mean_map,6,8,12135400,50.46957718204222,1720500
32,density,er_d256,5000,1282027,1729,1666,selected_grid,6,9,10238300,5.046957718204222,854676600
32,density,er_d256,5000,1282027,1729,1666,selected_grid,7,0,9720500,5.046957718204222,854676600
32,density,er_d256,5000,1282027,1729,1666,mean_map,7,1,11959800,50.46957718204222,1720500
32,density,er_d256,5000,1282027,1729,1666,max_maxdegree,7,2,10841200,0.3154569624805093,2084200
32,density,er_d256,5000,1282027,1729,1666,binary,7,3,6606200,0,0
32,density,er_d256,5000,1282027,1729,1666,mean_ring,7,4,12774800,50.46957718204222,1720500
32,density,er_d256,5000,1282027,1729,1666,std_binary,7,5,9773300,0,0
32,density,er_d256,5000,1282027,1729,1666,mean_degree,7,6,10610000,0.1968350790663622,1720500
32,density,er_d256,5000,1282027,1729,1666,caliber,7,7,6716500,0,3170400
32,density,er_d256,5000,1282027,1729,1666,degree4,7,8,7086500,0,1099300
32,density,er_d256,5000,1282027,1729,1666,fourary,7,9,8429400,0,0
32,density,er_d256,5000,1282027,1729,3333,binary,0,0,6516200,0,0
32,density,er_d256,5000,1282027,1729,3333,caliber,0,1,8047300,0,3170400
32,density,er_d256,5000,1282027,1729,3333,std_binary,0,2,7901000,0,0
32,density,er_d256,5000,1282027,1729,3333,mean_map,0,3,12746500,50.46957718204222,1720500
32,density,er_d256,5000,1282027,1729,3333,fourary,0,4,7064100,0,0
32,density,er_d256,5000,1282027,1729,3333,mean_ring,0,5,12993000,50.46957718204222,1720500
32,density,er_d256,5000,1282027,1729,3333,max_maxdegree,0,6,9836500,0.3154569624805093,2084200
32,density,er_d256,5000,1282027,1729,3333,mean_degree,0,7,10253000,0.1968350790663622,1720500
32,density,er_d256,5000,1282027,1729,3333,selected_grid,0,8,9749400,5.046957718204222,854676600
32,density,er_d256,5000,1282027,1729,3333,degree4,0,9,6553400,0,1099300
32,density,er_d256,5000,1282027,1729,3333,degree4,1,0,6582000,0,1099300
32,density,er_d256,5000,1282027,1729,3333,selected_grid,1,1,9447300,5.046957718204222,854676600
32,density,er_d256,5000,1282027,1729,3333,mean_degree,1,2,9874900,0.1968350790663622,1720500
32,density,er_d256,5000,1282027,1729,3333,max_maxdegree,1,3,10082800,0.3154569624805093,2084200
32,density,er_d256,5000,1282027,1729,3333,mean_ring,1,4,13191500,50.46957718204222,1720500
32,density,er_d256,5000,1282027,1729,3333,fourary,1,5,6863600,0,0
32,density,er_d256,5000,1282027,1729,3333,mean_map,1,6,12676900,50.46957718204222,1720500
32,density,er_d256,5000,1282027,1729,3333,std_binary,1,7,7877000,0,0
32,density,er_d256,5000,1282027,1729,3333,caliber,1,8,7378000,0,3170400
32,density,er_d256,5000,1282027,1729,3333,binary,1,9,8228200,0,0
32,density,er_d256,5000,1282027,1729,3333,selected_grid,2,0,8754200,5.046957718204222,854676600
32,density,er_d256,5000,1282027,1729,3333,binary,2,1,7029700,0,0
32,density,er_d256,5000,1282027,1729,3333,caliber,2,2,6708900,0,3170400
32,density,er_d256,5000,1282027,1729,3333,fourary,2,3,7548000,0,0
32,density,er_d256,5000,1282027,1729,3333,mean_map,2,4,13734700,50.46957718204222,1720500
32,density,er_d256,5000,1282027,1729,3333,degree4,2,5,6494400,0,1099300
32,density,er_d256,5000,1282027,1729,3333,max_maxdegree,2,6,10469600,0.3154569624805093,2084200
32,density,er_d256,5000,1282027,1729,3333,mean_ring,2,7,14331900,50.46957718204222,1720500
32,density,er_d256,5000,1282027,1729,3333,mean_degree,2,8,9896000,0.1968350790663622,1720500
32,density,er_d256,5000,1282027,1729,3333,std_binary,2,9,8091000,0,0
32,density,er_d256,5000,1282027,1729,3333,std_binary,3,0,8619900,0,0
32,density,er_d256,5000,1282027,1729,3333,mean_degree,3,1,10226000,0.1968350790663622,1720500
32,density,er_d256,5000,1282027,1729,3333,mean_ring,3,2,12727400,50.46957718204222,1720500
32,density,er_d256,5000,1282027,1729,3333,max_maxdegree,3,3,9746600,0.3154569624805093,2084200
32,density,er_d256,5000,1282027,1729,3333,degree4,3,4,6545700,0,1099300
32,density,er_d256,5000,1282027,1729,3333,mean_map,3,5,12007600,50.46957718204222,1720500
32,density,er_d256,5000,1282027,1729,3333,fourary,3,6,7314600,0,0
32,density,er_d256,5000,1282027,1729,3333,caliber,3,7,7016500,0,3170400
32,density,er_d256,5000,1282027,1729,3333,binary,3,8,6481200,0,0
32,density,er_d256,5000,1282027,1729,3333,selected_grid,3,9,9413100,5.046957718204222,854676600
32,density,er_d256,5000,1282027,1729,3333,mean_map,4,0,13449600,50.46957718204222,1720500
32,density,er_d256,5000,1282027,1729,3333,mean_degree,4,1,10245500,0.1968350790663622,1720500
32,density,er_d256,5000,1282027,1729,3333,caliber,4,2,6743800,0,3170400
32,density,er_d256,5000,1282027,1729,3333,std_binary,4,3,8346700,0,0
32,density,er_d256,5000,1282027,1729,3333,binary,4,4,7735500,0,0
32,density,er_d256,5000,1282027,1729,3333,selected_grid,4,5,9262600,5.046957718204222,854676600
32,density,er_d256,5000,1282027,1729,3333,mean_ring,4,6,13807200,50.46957718204222,1720500
32,density,er_d256,5000,1282027,1729,3333,degree4,4,7,8297400,0,1099300
32,density,er_d256,5000,1282027,1729,3333,fourary,4,8,7179800,0,0
32,density,er_d256,5000,1282027,1729,3333,max_maxdegree,4,9,9235500,0.3154569624805093,2084200
32,density,er_d256,5000,1282027,1729,3333,max_maxdegree,5,0,9271000,0.3154569624805093,2084200
32,density,er_d256,5000,1282027,1729,3333,fourary,5,1,7787900,0,0
32,density,er_d256,5000,1282027,1729,3333,degree4,5,2,6584000,0,1099300
32,density,er_d256,5000,1282027,1729,3333,mean_ring,5,3,12631600,50.46957718204222,1720500
32,density,er_d256,5000,1282027,1729,3333,selected_grid,5,4,9438600,5.046957718204222,854676600
32,density,er_d256,5000,1282027,1729,3333,binary,5,5,6622900,0,0
32,density,er_d256,5000,1282027,1729,3333,std_binary,5,6,7143500,0,0
32,density,er_d256,5000,1282027,1729,3333,caliber,5,7,6206900,0,3170400
32,density,er_d256,5000,1282027,1729,3333,mean_degree,5,8,9344400,0.1968350790663622,1720500
32,density,er_d256,5000,1282027,1729,3333,mean_map,5,9,13237100,50.46957718204222,1720500
32,density,er_d256,5000,1282027,1729,3333,binary,6,0,7415600,0,0
32,density,er_d256,5000,1282027,1729,3333,max_maxdegree,6,1,9944500,0.3154569624805093,2084200
32,density,er_d256,5000,1282027,1729,3333,mean_map,6,2,13511900,50.46957718204222,1720500
32,density,er_d256,5000,1282027,1729,3333,mean_degree,6,3,11026900,0.1968350790663622,1720500
32,density,er_d256,5000,1282027,1729,3333,caliber,6,4,6174800,0,3170400
32,density,er_d256,5000,1282027,1729,3333,std_binary,6,5,8913300,0,0
32,density,er_d256,5000,1282027,1729,3333,selected_grid,6,6,9041200,5.046957718204222,854676600
32,density,er_d256,5000,1282027,1729,3333,mean_ring,6,7,12804100,50.46957718204222,1720500
32,density,er_d256,5000,1282027,1729,3333,fourary,6,8,7402700,0,0
32,density,er_d256,5000,1282027,1729,3333,degree4,6,9,6496600,0,1099300
32,density,er_d256,5000,1282027,1729,3333,degree4,7,0,6861500,0,1099300
32,density,er_d256,5000,1282027,1729,3333,fourary,7,1,8971300,0,0
32,density,er_d256,5000,1282027,1729,3333,mean_ring,7,2,12327500,50.46957718204222,1720500
32,density,er_d256,5000,1282027,1729,3333,selected_grid,7,3,8594700,5.046957718204222,854676600
32,density,er_d256,5000,1282027,1729,3333,std_binary,7,4,7617900,0,0
32,density,er_d256,5000,1282027,1729,3333,caliber,7,5,6768200,0,3170400
32,density,er_d256,5000,1282027,1729,3333,mean_degree,7,6,9655400,0.1968350790663622,1720500
32,density,er_d256,5000,1282027,1729,3333,mean_map,7,7,12898600,50.46957718204222,1720500
32,density,er_d256,5000,1282027,1729,3333,max_maxdegree,7,8,10285900,0.3154569624805093,2084200
32,density,er_d256,5000,1282027,1729,3333,binary,7,9,6347400,0,0
33,calibration,er_d2,1000,2014,2026,0,grid_0.25,0,0,100500,12.442491750797528,2300
33,calibration,er_d2,1000,2014,2026,0,grid_0.1,0,1,112600,4.976996700319011,2300
33,calibration,er_d2,1000,2014,2026,0,grid_1.5,0,2,79100,74.65495050478516,2300
33,calibration,er_d2,1000,2014,2026,0,grid_0.03125,0,3,151100,1.555311468849691,2300
33,calibration,er_d2,1000,2014,2026,0,grid_4,0,4,75500,199.07986801276044,2300
33,calibration,er_d2,1000,2014,2026,0,grid_0.05,0,5,155300,2.4884983501595057,2300
33,calibration,er_d2,1000,2014,2026,0,grid_2,0,6,71200,99.53993400638022,2300
33,calibration,er_d2,1000,2014,2026,0,grid_8,0,7,60400,398.1597360255209,2300
33,calibration,er_d2,1000,2014,2026,0,grid_1,0,8,83300,49.76996700319011,2300
33,calibration,er_d2,1000,2014,2026,0,grid_16,0,9,61000,796.3194720510418,2300
33,calibration,er_d2,1000,2014,2026,0,grid_0.75,0,10,90200,37.32747525239258,2300
33,calibration,er_d2,1000,2014,2026,0,grid_0.5,0,11,94700,24.884983501595055,2300
33,calibration,er_d2,1000,2014,2026,0,grid_0.5,1,0,77800,24.884983501595055,2300
33,calibration,er_d2,1000,2014,2026,0,grid_0.75,1,1,85600,37.32747525239258,2300
33,calibration,er_d2,1000,2014,2026,0,grid_16,1,2,61100,796.3194720510418,2300
33,calibration,er_d2,1000,2014,2026,0,grid_1,1,3,82200,49.76996700319011,2300
33,calibration,er_d2,1000,2014,2026,0,grid_8,1,4,62100,398.1597360255209,2300
33,calibration,er_d2,1000,2014,2026,0,grid_2,1,5,82700,99.53993400638022,2300
33,calibration,er_d2,1000,2014,2026,0,grid_0.05,1,6,191400,2.4884983501595057,2300
33,calibration,er_d2,1000,2014,2026,0,grid_4,1,7,85400,199.07986801276044,2300
33,calibration,er_d2,1000,2014,2026,0,grid_0.03125,1,8,209100,1.555311468849691,2300
33,calibration,er_d2,1000,2014,2026,0,grid_1.5,1,9,115300,74.65495050478516,2300
33,calibration,er_d2,1000,2014,2026,0,grid_0.1,1,10,167900,4.976996700319011,2300
33,calibration,er_d2,1000,2014,2026,0,grid_0.25,1,11,135600,12.442491750797528,2300
33,calibration,er_d2,1000,2014,2026,0,grid_0.05,2,0,190100,2.4884983501595057,2300
33,calibration,er_d2,1000,2014,2026,0,grid_0.5,2,1,131300,24.884983501595055,2300
33,calibration,er_d2,1000,2014,2026,0,grid_0.25,2,2,147900,12.442491750797528,2300
33,calibration,er_d2,1000,2014,2026,0,grid_8,2,3,86300,398.1597360255209,2300
33,calibration,er_d2,1000,2014,2026,0,grid_0.1,2,4,132800,4.976996700319011,2300
33,calibration,er_d2,1000,2014,2026,0,grid_4,2,5,64200,199.07986801276044,2300
33,calibration,er_d2,1000,2014,2026,0,grid_2,2,6,70500,99.53993400638022,2300
33,calibration,er_d2,1000,2014,2026,0,grid_0.03125,2,7,156000,1.555311468849691,2300
33,calibration,er_d2,1000,2014,2026,0,grid_0.75,2,8,93800,37.32747525239258,2300
33,calibration,er_d2,1000,2014,2026,0,grid_1.5,2,9,80400,74.65495050478516,2300
33,calibration,er_d2,1000,2014,2026,0,grid_1,2,10,96000,49.76996700319011,2300
33,calibration,er_d2,1000,2014,2026,0,grid_16,2,11,61900,796.3194720510418,2300
33,calibration,er_d2,1000,2014,2026,0,grid_16,3,0,47200,796.3194720510418,2300
33,calibration,er_d2,1000,2014,2026,0,grid_1,3,1,74100,49.76996700319011,2300
33,calibration,er_d2,1000,2014,2026,0,grid_1.5,3,2,77200,74.65495050478516,2300
33,calibration,er_d2,1000,2014,2026,0,grid_0.75,3,3,87800,37.32747525239258,2300
33,calibration,er_d2,1000,2014,2026,0,grid_0.03125,3,4,150200,1.555311468849691,2300
33,calibration,er_d2,1000,2014,2026,0,grid_2,3,5,72900,99.53993400638022,2300
33,calibration,er_d2,1000,2014,2026,0,grid_4,3,6,63700,199.07986801276044,2300
33,calibration,er_d2,1000,2014,2026,0,grid_0.1,3,7,137100,4.976996700319011,2300
33,calibration,er_d2,1000,2014,2026,0,grid_8,3,8,59300,398.1597360255209,2300
33,calibration,er_d2,1000,2014,2026,0,grid_0.25,3,9,100500,12.442491750797528,2300
33,calibration,er_d2,1000,2014,2026,0,grid_0.5,3,10,93600,24.884983501595055,2300
33,calibration,er_d2,1000,2014,2026,0,grid_0.05,3,11,133100,2.4884983501595057,2300
33,calibration,er_d2,1000,2014,2026,0,grid_8,4,0,57400,398.1597360255209,2300
33,calibration,er_d2,1000,2014,2026,0,grid_0.5,4,1,91300,24.884983501595055,2300
33,calibration,er_d2,1000,2014,2026,0,grid_1,4,2,85400,49.76996700319011,2300
33,calibration,er_d2,1000,2014,2026,0,grid_0.05,4,3,127800,2.4884983501595057,2300
33,calibration,er_d2,1000,2014,2026,0,grid_16,4,4,59500,796.3194720510418,2300
33,calibration,er_d2,1000,2014,2026,0,grid_0.03125,4,5,143700,1.555311468849691,2300
33,calibration,er_d2,1000,2014,2026,0,grid_1.5,4,6,81200,74.65495050478516,2300
33,calibration,er_d2,1000,2014,2026,0,grid_0.25,4,7,100400,12.442491750797528,2300
33,calibration,er_d2,1000,2014,2026,0,grid_4,4,8,64100,199.07986801276044,2300
33,calibration,er_d2,1000,2014,2026,0,grid_2,4,9,76200,99.53993400638022,2300
33,calibration,er_d2,1000,2014,2026,0,grid_0.75,4,10,91000,37.32747525239258,2300
33,calibration,er_d2,1000,2014,2026,0,grid_0.1,4,11,117500,4.976996700319011,2300
33,calibration,er_d2,1000,2014,2026,0,grid_0.1,5,0,102500,4.976996700319011,2300
33,calibration,er_d2,1000,2014,2026,0,grid_0.75,5,1,87200,37.32747525239258,2300
33,calibration,er_d2,1000,2014,2026,0,grid_2,5,2,68200,99.53993400638022,2300
33,calibration,er_d2,1000,2014,2026,0,grid_4,5,3,60500,199.07986801276044,2300
33,calibration,er_d2,1000,2014,2026,0,grid_0.25,5,4,99600,12.442491750797528,2300
33,calibration,er_d2,1000,2014,2026,0,grid_1.5,5,5,80900,74.65495050478516,2300
33,calibration,er_d2,1000,2014,2026,0,grid_0.03125,5,6,149600,1.555311468849691,2300
33,calibration,er_d2,1000,2014,2026,0,grid_16,5,7,60600,796.3194720510418,2300
33,calibration,er_d2,1000,2014,2026,0,grid_0.05,5,8,134700,2.4884983501595057,2300
33,calibration,er_d2,1000,2014,2026,0,grid_1,5,9,84300,49.76996700319011,2300
33,calibration,er_d2,1000,2014,2026,0,grid_0.5,5,10,94900,24.884983501595055,2300
33,calibration,er_d2,1000,2014,2026,0,grid_8,5,11,62300,398.1597360255209,2300
33,density,er_d2,1000,2014,2026,333,binary,0,0,497100,0,0
33,density,er_d2,1000,2014,2026,333,std_binary,0,1,106900,0,0
33,density,er_d2,1000,2014,2026,333,mean_ring,0,2,114600,49.76996700319011,2300
33,density,er_d2,1000,2014,2026,333,fourary,0,3,128000,0,0
33,density,er_d2,1000,2014,2026,333,degree4,0,4,204900,0,51800
33,density,er_d2,1000,2014,2026,333,selected_grid,0,5,81100,796.3194720510418,7142700
33,density,er_d2,1000,2014,2026,333,max_maxdegree,0,6,103400,12.49947370696226,6300
33,density,er_d2,1000,2014,2026,333,caliber,0,7,79100,0,13600
33,density,er_d2,1000,2014,2026,333,mean_map,0,8,101900,49.76996700319011,2300
33,density,er_d2,1000,2014,2026,333,mean_degree,0,9,146000,24.71199950505964,2300
33,density,er_d2,1000,2014,2026,333,mean_degree,1,0,76700,24.71199950505964,2300
33,density,er_d2,1000,2014,2026,333,mean_map,1,1,85100,49.76996700319011,2300
33,density,er_d2,1000,2014,2026,333,caliber,1,2,74900,0,13600
33,density,er_d2,1000,2014,2026,333,max_maxdegree,1,3,100600,12.49947370696226,6300
33,density,er_d2,1000,2014,2026,333,selected_grid,1,4,72500,796.3194720510418,7142700
33,density,er_d2,1000,2014,2026,333,degree4,1,5,114100,0,51800
33,density,er_d2,1000,2014,2026,333,fourary,1,6,94400,0,0
33,density,er_d2,1000,2014,2026,333,mean_ring,1,7,80200,49.76996700319011,2300
33,density,er_d2,1000,2014,2026,333,std_binary,1,8,89800,0,0
33,density,er_d2,1000,2014,2026,333,binary,1,9,97000,0,0
33,density,er_d2,1000,2014,2026,333,mean_map,2,0,84800,49.76996700319011,2300
33,density,er_d2,1000,2014,2026,333,mean_degree,2,1,90000,24.71199950505964,2300
33,density,er_d2,1000,2014,2026,333,fourary,2,2,91300,0,0
33,density,er_d2,1000,2014,2026,333,selected_grid,2,3,80700,796.3194720510418,7142700
33,density,er_d2,1000,2014,2026,333,std_binary,2,4,87300,0,0
33,density,er_d2,1000,2014,2026,333,degree4,2,5,109000,0,51800
33,density,er_d2,1000,2014,2026,333,binary,2,6,92000,0,0
33,density,er_d2,1000,2014,2026,333,caliber,2,7,74900,0,13600
33,density,er_d2,1000,2014,2026,333,max_maxdegree,2,8,96200,12.49947370696226,6300
33,density,er_d2,1000,2014,2026,333,mean_ring,2,9,77100,49.76996700319011,2300
33,density,er_d2,1000,2014,2026,333,mean_ring,3,0,71800,49.76996700319011,2300
33,density,er_d2,1000,2014,2026,333,max_maxdegree,3,1,89100,12.49947370696226,6300
33,density,er_d2,1000,2014,2026,333,caliber,3,2,72800,0,13600
33,density,er_d2,1000,2014,2026,333,binary,3,3,91300,0,0
33,density,er_d2,1000,2014,2026,333,degree4,3,4,112300,0,51800
33,density,er_d2,1000,2014,2026,333,std_binary,3,5,85100,0,0
33,density,er_d2,1000,2014,2026,333,selected_grid,3,6,71700,796.3194720510418,7142700
33,density,er_d2,1000,2014,2026,333,fourary,3,7,92700,0,0
33,density,er_d2,1000,2014,2026,333,mean_degree,3,8,93100,24.71199950505964,2300
33,density,er_d2,1000,2014,2026,333,mean_map,3,9,86900,49.76996700319011,2300
33,density,er_d2,1000,2014,2026,333,mean_degree,4,0,87900,24.71199950505964,2300
33,density,er_d2,1000,2014,2026,333,fourary,4,1,97700,0,0
33,density,er_d2,1000,2014,2026,333,selected_grid,4,2,69800,796.3194720510418,7142700
33,density,er_d2,1000,2014,2026,333,mean_map,4,3,84400,49.76996700319011,2300
33,density,er_d2,1000,2014,2026,333,binary,4,4,92200,0,0
33,density,er_d2,1000,2014,2026,333,mean_ring,4,5,87200,49.76996700319011,2300
33,density,er_d2,1000,2014,2026,333,std_binary,4,6,85100,0,0
33,density,er_d2,1000,2014,2026,333,degree4,4,7,110200,0,51800
33,density,er_d2,1000,2014,2026,333,caliber,4,8,79400,0,13600
33,density,er_d2,1000,2014,2026,333,max_maxdegree,4,9,105100,12.49947370696226,6300
33,density,er_d2,1000,2014,2026,333,max_maxdegree,5,0,88300,12.49947370696226,6300
33,density,er_d2,1000,2014,2026,333,caliber,5,1,79500,0,13600
33,density,er_d2,1000,2014,2026,333,degree4,5,2,121400,0,51800
33,density,er_d2,1000,2014,2026,333,std_binary,5,3,86800,0,0
33,density,er_d2,1000,2014,2026,333,mean_ring,5,4,82400,49.76996700319011,2300
33,density,er_d2,1000,2014,2026,333,binary,5,5,94700,0,0
33,density,er_d2,1000,2014,2026,333,mean_map,5,6,87200,49.76996700319011,2300
33,density,er_d2,1000,2014,2026,333,selected_grid,5,7,73100,796.3194720510418,7142700
33,density,er_d2,1000,2014,2026,333,fourary,5,8,96800,0,0
33,density,er_d2,1000,2014,2026,333,mean_degree,5,9,95000,24.71199950505964,2300
33,density,er_d2,1000,2014,2026,333,selected_grid,6,0,71000,796.3194720510418,7142700
33,density,er_d2,1000,2014,2026,333,max_maxdegree,6,1,104200,12.49947370696226,6300
33,density,er_d2,1000,2014,2026,333,fourary,6,2,95300,0,0
33,density,er_d2,1000,2014,2026,333,binary,6,3,97600,0,0
33,density,er_d2,1000,2014,2026,333,mean_degree,6,4,91500,24.71199950505964,2300
33,density,er_d2,1000,2014,2026,333,mean_ring,6,5,77200,49.76996700319011,2300
33,density,er_d2,1000,2014,2026,333,degree4,6,6,108900,0,51800
33,density,er_d2,1000,2014,2026,333,caliber,6,7,82600,0,13600
33,density,er_d2,1000,2014,2026,333,std_binary,6,8,84000,0,0
33,density,er_d2,1000,2014,2026,333,mean_map,6,9,83700,49.76996700319011,2300
33,density,er_d2,1000,2014,2026,333,mean_map,7,0,69200,49.76996700319011,2300
33,density,er_d2,1000,2014,2026,333,std_binary,7,1,85300,0,0
33,density,er_d2,1000,2014,2026,333,caliber,7,2,77300,0,13600
33,density,er_d2,1000,2014,2026,333,degree4,7,3,111700,0,51800
33,density,er_d2,1000,2014,2026,333,mean_ring,7,4,86500,49.76996700319011,2300
33,density,er_d2,1000,2014,2026,333,mean_degree,7,5,92000,24.71199950505964,2300
33,density,er_d2,1000,2014,2026,333,binary,7,6,94400,0,0
33,density,er_d2,1000,2014,2026,333,fourary,7,7,94000,0,0
33,density,er_d2,1000,2014,2026,333,max_maxdegree,7,8,100500,12.49947370696226,6300
33,density,er_d2,1000,2014,2026,333,selected_grid,7,9,72900,796.3194720510418,7142700
33,density,er_d2,1000,2014,2026,666,degree4,0,0,108900,0,51800
33,density,er_d2,1000,2014,2026,666,selected_grid,0,1,63500,796.3194720510418,7142700
33,density,er_d2,1000,2014,2026,666,caliber,0,2,76100,0,13600
33,density,er_d2,1000,2014,2026,666,mean_degree,0,3,93100,24.71199950505964,2300
33,density,er_d2,1000,2014,2026,666,std_binary,0,4,88300,0,0
33,density,er_d2,1000,2014,2026,666,max_maxdegree,0,5,103100,12.49947370696226,6300
33,density,er_d2,1000,2014,2026,666,mean_ring,0,6,83500,49.76996700319011,2300
33,density,er_d2,1000,2014,2026,666,binary,0,7,96900,0,0
33,density,er_d2,1000,2014,2026,666,fourary,0,8,94200,0,0
33,density,er_d2,1000,2014,2026,666,mean_map,0,9,84800,49.76996700319011,2300
33,density,er_d2,1000,2014,2026,666,mean_map,1,0,69800,49.76996700319011,2300
33,density,er_d2,1000,2014,2026,666,fourary,1,1,98900,0,0
33,density,er_d2,1000,2014,2026,666,binary,1,2,93800,0,0
33,density,er_d2,1000,2014,2026,666,mean_ring,1,3,76200,49.76996700319011,2300
33,density,er_d2,1000,2014,2026,666,max_maxdegree,1,4,103100,12.49947370696226,6300
33,density,er_d2,1000,2014,2026,666,std_binary,1,5,100500,0,0
33,density,er_d2,1000,2014,2026,666,mean_degree,1,6,93700,24.71199950505964,2300
33,density,er_d2,1000,2014,2026,666,caliber,1,7,80100,0,13600
33,density,er_d2,1000,2014,2026,666,selected_grid,1,8,105100,796.3194720510418,7142700
33,density,er_d2,1000,2014,2026,666,degree4,1,9,123900,0,51800
33,density,er_d2,1000,2014,2026,666,mean_ring,2,0,83600,49.76996700319011,2300
33,density,er_d2,1000,2014,2026,666,fourary,2,1,96900,0,0
33,density,er_d2,1000,2014,2026,666,binary,2,2,94400,0,0
33,density,er_d2,1000,2014,2026,666,caliber,2,3,89300,0,13600
33,density,er_d2,1000,2014,2026,666,degree4,2,4,106100,0,51800
33,density,er_d2,1000,2014,2026,666,std_binary,2,5,89000,0,0
33,density,er_d2,1000,2014,2026,666,max_maxdegree,2,6,107800,12.49947370696226,6300
33,density,er_d2,1000,2014,2026,666,mean_degree,2,7,96400,24.71199950505964,2300
33,density,er_d2,1000,2014,2026,666,mean_map,2,8,85800,49.76996700319011,2300
33,density,er_d2,1000,2014,2026,666,selected_grid,2,9,67100,796.3194720510418,7142700
33,density,er_d2,1000,2014,2026,666,selected_grid,3,0,52700,796.3194720510418,7142700
33,density,er_d2,1000,2014,2026,666,mean_map,3,1,78800,49.76996700319011,2300
33,density,er_d2,1000,2014,2026,666,mean_degree,3,2,92000,24.71199950505964,2300
33,density,er_d2,1000,2014,2026,666,max_maxdegree,3,3,100400,12.49947370696226,6300
33,density,er_d2,1000,2014,2026,666,std_binary,3,4,87200,0,0
33,density,er_d2,1000,2014,2026,666,degree4,3,5,109900,0,51800
33,density,er_d2,1000,2014,2026,666,caliber,3,6,76600,0,13600
33,density,er_d2,1000,2014,2026,666,binary,3,7,94200,0,0
33,density,er_d2,1000,2014,2026,666,fourary,3,8,92000,0,0
33,density,er_d2,1000,2014,2026,666,mean_ring,3,9,79300,49.76996700319011,2300
33,density,er_d2,1000,2014,2026,666,mean_degree,4,0,92300,24.71199950505964,2300
33,density,er_d2,1000,2014,2026,666,degree4,4,1,110700,0,51800
33,density,er_d2,1000,2014,2026,666,mean_map,4,2,85600,49.76996700319011,2300
33,density,er_d2,1000,2014,2026,666,caliber,4,3,75700,0,13600
33,density,er_d2,1000,2014,2026,666,selected_grid,4,4,65300,796.3194720510418,7142700
33,density,er_d2,1000,2014,2026,666,max_maxdegree,4,5,105800,12.49947370696226,6300
33,density,er_d2,1000,2014,2026,666,fourary,4,6,95300,0,0
33,density,er_d2,1000,2014,2026,666,binary,4,7,90200,0,0
33,density,er_d2,1000,2014,2026,666,std_binary,4,8,88800,0,0
33,density,er_d2,1000,2014,2026,666,mean_ring,4,9,75600,49.76996700319011,2300
33,density,er_d2,1000,2014,2026,666,mean_ring,5,0,60700,49.76996700319011,2300
33,density,er_d2,1000,2014,2026,666,std_binary,5,1,87100,0,0
33,density,er_d2,1000,2014,2026,666,binary,5,2,94000,0,0
33,density,er_d2,1000,2014,2026,666,fourary,5,3,92600,0,0
33,density,er_d2,1000,2014,2026,666,max_maxdegree,5,4,101200,12.49947370696226,6300
33,density,er_d2,1000,2014,2026,666,selected_grid,5,5,67200,796.3194720510418,7142700
33,density,er_d2,1000,2014,2026,666,caliber,5,6,75200,0,13600
33,density,er_d2,1000,2014,2026,666,mean_map,5,7,85000,49.76996700319011,2300
33,density,er_d2,1000,2014,2026,666,degree4,5,8,110200,0,51800
33,density,er_d2,1000,2014,2026,666,mean_degree,5,9,93000,24.71199950505964,2300
33,density,er_d2,1000,2014,2026,666,degree4,6,0,105300,0,51800
33,density,er_d2,1000,2014,2026,666,max_maxdegree,6,1,99700,12.49947370696226,6300
33,density,er_d2,1000,2014,2026,666,fourary,6,2,89800,0,0
33,density,er_d2,1000,2014,2026,666,std_binary,6,3,81500,0,0
33,density,er_d2,1000,2014,2026,666,selected_grid,6,4,67000,796.3194720510418,7142700
33,density,er_d2,1000,2014,2026,666,mean_map,6,5,83900,49.76996700319011,2300
33,density,er_d2,1000,2014,2026,666,mean_degree,6,6,92700,24.71199950505964,2300
33,density,er_d2,1000,2014,2026,666,binary,6,7,94100,0,0
33,density,er_d2,1000,2014,2026,666,caliber,6,8,75100,0,13600
33,density,er_d2,1000,2014,2026,666,mean_ring,6,9,220900,49.76996700319011,2300
33,density,er_d2,1000,2014,2026,666,mean_ring,7,0,73100,49.76996700319011,2300
33,density,er_d2,1000,2014,2026,666,caliber,7,1,77900,0,13600
33,density,er_d2,1000,2014,2026,666,binary,7,2,94100,0,0
33,density,er_d2,1000,2014,2026,666,mean_degree,7,3,94900,24.71199950505964,2300
33,density,er_d2,1000,2014,2026,666,mean_map,7,4,85400,49.76996700319011,2300
33,density,er_d2,1000,2014,2026,666,selected_grid,7,5,67300,796.3194720510418,7142700
33,density,er_d2,1000,2014,2026,666,std_binary,7,6,90900,0,0
33,density,er_d2,1000,2014,2026,666,fourary,7,7,96700,0,0
33,density,er_d2,1000,2014,2026,666,max_maxdegree,7,8,104000,12.49947370696226,6300
33,density,er_d2,1000,2014,2026,666,degree4,7,9,113600,0,51800
34,calibration,er_d4,1000,4062,2026,0,grid_0.25,0,0,140600,12.424542782696754,3900
34,calibration,er_d4,1000,4062,2026,0,grid_0.1,0,1,160800,4.969817113078702,3900
34,calibration,er_d4,1000,4062,2026,0,grid_1.5,0,2,123600,74.54725669618053,3900
34,calibration,er_d4,1000,4062,2026,0,grid_0.03125,0,3,526200,1.5530678478370943,3900
34,calibration,er_d4,1000,4062,2026,0,grid_4,0,4,134400,198.79268452314807,3900
34,calibration,er_d4,1000,4062,2026,0,grid_0.05,0,5,236500,2.484908556539351,3900
34,calibration,er_d4,1000,4062,2026,0,grid_2,0,6,134100,99.39634226157403,3900
34,calibration,er_d4,1000,4062,2026,0,grid_8,0,7,115900,397.58536904629614,3900
34,calibration,er_d4,1000,4062,2026,0,grid_1,0,8,130200,49.69817113078702,3900
34,calibration,er_d4,1000,4062,2026,0,grid_16,0,9,106600,795.1707380925923,3900
34,calibration,er_d4,1000,4062,2026,0,grid_0.75,0,10,131300,37.27362834809026,3900
34,calibration,er_d4,1000,4062,2026,0,grid_0.5,0,11,136700,24.84908556539351,3900
34,calibration,er_d4,1000,4062,2026,0,grid_0.5,1,0,120700,24.84908556539351,3900
34,calibration,er_d4,1000,4062,2026,0,grid_0.75,1,1,124500,37.27362834809026,3900
34,calibration,er_d4,1000,4062,2026,0,grid_16,1,2,256900,795.1707380925923,3900
34,calibration,er_d4,1000,4062,2026,0,grid_1,1,3,124000,49.69817113078702,3900
34,calibration,er_d4,1000,4062,2026,0,grid_8,1,4,124400,397.58536904629614,3900
34,calibration,er_d4,1000,4062,2026,0,grid_2,1,5,103300,99.39634226157403,3900
34,calibration,er_d4,1000,4062,2026,0,grid_0.05,1,6,184300,2.484908556539351,3900
34,calibration,er_d4,1000,4062,2026,0,grid_4,1,7,101200,198.79268452314807,3900
34,calibration,er_d4,1000,4062,2026,0,grid_0.03125,1,8,195400,1.5530678478370943,3900
34,calibration,er_d4,1000,4062,2026,0,grid_1.5,1,9,111500,74.54725669618053,3900
34,calibration,er_d4,1000,4062,2026,0,grid_0.1,1,10,164100,4.969817113078702,3900
34,calibration,er_d4,1000,4062,2026,0,grid_0.25,1,11,149600,12.424542782696754,3900
34,calibration,er_d4,1000,4062,2026,0,grid_0.05,2,0,171600,2.484908556539351,3900
34,calibration,er_d4,1000,4062,2026,0,grid_0.5,2,1,130300,24.84908556539351,3900
34,calibration,er_d4,1000,4062,2026,0,grid_0.25,2,2,150400,12.424542782696754,3900
34,calibration,er_d4,1000,4062,2026,0,grid_8,2,3,108200,397.58536904629614,3900
34,calibration,er_d4,1000,4062,2026,0,grid_0.1,2,4,160600,4.969817113078702,3900
34,calibration,er_d4,1000,4062,2026,0,grid_4,2,5,99600,198.79268452314807,3900
34,calibration,er_d4,1000,4062,2026,0,grid_2,2,6,107300,99.39634226157403,3900
34,calibration,er_d4,1000,4062,2026,0,grid_0.03125,2,7,196900,1.5530678478370943,3900
34,calibration,er_d4,1000,4062,2026,0,grid_0.75,2,8,127100,37.27362834809026,3900
34,calibration,er_d4,1000,4062,2026,0,grid_1.5,2,9,111600,74.54725669618053,3900
34,calibration,er_d4,1000,4062,2026,0,grid_1,2,10,115000,49.69817113078702,3900
34,calibration,er_d4,1000,4062,2026,0,grid_16,2,11,110800,795.1707380925923,3900
34,calibration,er_d4,1000,4062,2026,0,grid_16,3,0,94800,795.1707380925923,3900
34,calibration,er_d4,1000,4062,2026,0,grid_1,3,1,112600,49.69817113078702,3900
34,calibration,er_d4,1000,4062,2026,0,grid_1.5,3,2,116100,74.54725669618053,3900
34,calibration,er_d4,1000,4062,2026,0,grid_0.75,3,3,126000,37.27362834809026,3900
34,calibration,er_d4,1000,4062,2026,0,grid_0.03125,3,4,200400,1.5530678478370943,3900
34,calibration,er_d4,1000,4062,2026,0,grid_2,3,5,107700,99.39634226157403,3900
34,calibration,er_d4,1000,4062,2026,0,grid_4,3,6,106800,198.79268452314807,3900
34,calibration,er_d4,1000,4062,2026,0,grid_0.1,3,7,160100,4.969817113078702,3900
34,calibration,er_d4,1000,4062,2026,0,grid_8,3,8,107700,397.58536904629614,3900
34,calibration,er_d4,1000,4062,2026,0,grid_0.25,3,9,140800,12.424542782696754,3900
34,calibration,er_d4,1000,4062,2026,0,grid_0.5,3,10,224800,24.84908556539351,3900
34,calibration,er_d4,1000,4062,2026,0,grid_0.05,3,11,194100,2.484908556539351,3900
34,calibration,er_d4,1000,4062,2026,0,grid_8,4,0,112800,397.58536904629614,3900
34,calibration,er_d4,1000,4062,2026,0,grid_0.5,4,1,130700,24.84908556539351,3900
34,calibration,er_d4,1000,4062,2026,0,grid_1,4,2,116900,49.69817113078702,3900
34,calibration,er_d4,1000,4062,2026,0,grid_0.05,4,3,174700,2.484908556539351,3900
34,calibration,er_d4,1000,4062,2026,0,grid_16,4,4,107900,795.1707380925923,3900
34,calibration,er_d4,1000,4062,2026,0,grid_0.03125,4,5,194000,1.5530678478370943,3900
34,calibration,er_d4,1000,4062,2026,0,grid_1.5,4,6,114600,74.54725669618053,3900
34,calibration,er_d4,1000,4062,2026,0,grid_0.25,4,7,148300,12.424542782696754,3900
34,calibration,er_d4,1000,4062,2026,0,grid_4,4,8,101500,198.79268452314807,3900
34,calibration,er_d4,1000,4062,2026,0,grid_2,4,9,100700,99.39634226157403,3900
34,calibration,er_d4,1000,4062,2026,0,grid_0.75,4,10,123300,37.27362834809026,3900
34,calibration,er_d4,1000,4062,2026,0,grid_0.1,4,11,172300,4.969817113078702,3900
34,calibration,er_d4,1000,4062,2026,0,grid_0.1,5,0,143400,4.969817113078702,3900
34,calibration,er_d4,1000,4062,2026,0,grid_0.75,5,1,120100,37.27362834809026,3900
34,calibration,er_d4,1000,4062,2026,0,grid_2,5,2,99900,99.39634226157403,3900
34,calibration,er_d4,1000,4062,2026,0,grid_4,5,3,106400,198.79268452314807,3900
34,calibration,er_d4,1000,4062,2026,0,grid_0.25,5,4,198400,12.424542782696754,3900
34,calibration,er_d4,1000,4062,2026,0,grid_1.5,5,5,183500,74.54725669618053,3900
34,calibration,er_d4,1000,4062,2026,0,grid_0.03125,5,6,210700,1.5530678478370943,3900
34,calibration,er_d4,1000,4062,2026,0,grid_16,5,7,110000,795.1707380925923,3900
34,calibration,er_d4,1000,4062,2026,0,grid_0.05,5,8,174700,2.484908556539351,3900
34,calibration,er_d4,1000,4062,2026,0,grid_1,5,9,119600,49.69817113078702,3900
34,calibration,er_d4,1000,4062,2026,0,grid_0.5,5,10,132300,24.84908556539351,3900
34,calibration,er_d4,1000,4062,2026,0,grid_8,5,11,163200,397.58536904629614,3900
34,density,er_d4,1000,4062,2026,333,binary,0,0,168200,0,0
34,density,er_d4,1000,4062,2026,333,std_binary,0,1,161700,0,0
34,density,er_d4,1000,4062,2026,333,mean_ring,0,2,131400,49.69817113078702,3900
34,density,er_d4,1000,4062,2026,333,fourary,0,3,170700,0,0
34,density,er_d4,1000,4062,2026,333,degree4,0,4,198500,0,64800
34,density,er_d4,1000,4062,2026,333,selected_grid,0,5,115900,198.79268452314807,10563800
34,density,er_d4,1000,4062,2026,333,max_maxdegree,0,6,164900,7.691983819669082,11600
34,density,er_d4,1000,4062,2026,333,caliber,0,7,144800,0,15200
34,density,er_d4,1000,4062,2026,333,mean_map,0,8,119100,49.69817113078702,3900
34,density,er_d4,1000,4062,2026,333,mean_degree,0,9,161700,12.234901804723538,3900
34,density,er_d4,1000,4062,2026,333,mean_degree,1,0,137600,12.234901804723538,3900
34,density,er_d4,1000,4062,2026,333,mean_map,1,1,117500,49.69817113078702,3900
34,density,er_d4,1000,4062,2026,333,caliber,1,2,143700,0,15200
34,density,er_d4,1000,4062,2026,333,max_maxdegree,1,3,157300,7.691983819669082,11600
34,density,er_d4,1000,4062,2026,333,selected_grid,1,4,121700,198.79268452314807,10563800
34,density,er_d4,1000,4062,2026,333,degree4,1,5,223900,0,64800
34,density,er_d4,1000,4062,2026,333,fourary,1,6,193400,0,0
34,density,er_d4,1000,4062,2026,333,mean_ring,1,7,113900,49.69817113078702,3900
34,density,er_d4,1000,4062,2026,333,std_binary,1,8,164800,0,0
34,density,er_d4,1000,4062,2026,333,binary,1,9,172300,0,0
34,density,er_d4,1000,4062,2026,333,mean_map,2,0,121300,49.69817113078702,3900
34,density,er_d4,1000,4062,2026,333,mean_degree,2,1,141800,12.234901804723538,3900
34,density,er_d4,1000,4062,2026,333,fourary,2,2,306500,0,0
34,density,er_d4,1000,4062,2026,333,selected_grid,2,3,152400,198.79268452314807,10563800
34,density,er_d4,1000,4062,2026,333,std_binary,2,4,188300,0,0
34,density,er_d4,1000,4062,2026,333,degree4,2,5,196600,0,64800
34,density,er_d4,1000,4062,2026,333,binary,2,6,171600,0,0
34,density,er_d4,1000,4062,2026,333,caliber,2,7,174000,0,15200
34,density,er_d4,1000,4062,2026,333,max_maxdegree,2,8,148500,7.691983819669082,11600
34,density,er_d4,1000,4062,2026,333,mean_ring,2,9,109100,49.69817113078702,3900
34,density,er_d4,1000,4062,2026,333,mean_ring,3,0,94800,49.69817113078702,3900
34,density,er_d4,1000,4062,2026,333,max_maxdegree,3,1,148600,7.691983819669082,11600
34,density,er_d4,1000,4062,2026,333,caliber,3,2,145400,0,15200
34,density,er_d4,1000,4062,2026,333,binary,3,3,196600,0,0
34,density,er_d4,1000,4062,2026,333,degree4,3,4,339400,0,64800
34,density,er_d4,1000,4062,2026,333,std_binary,3,5,208000,0,0
34,density,er_d4,1000,4062,2026,333,selected_grid,3,6,180200,198.79268452314807,10563800
34,density,er_d4,1000,4062,2026,333,fourary,3,7,223200,0,0
34,density,er_d4,1000,4062,2026,333,mean_degree,3,8,148000,12.234901804723538,3900
34,density,er_d4,1000,4062,2026,333,mean_map,3,9,118600,49.69817113078702,3900
34,density,er_d4,1000,4062,2026,333,mean_degree,4,0,135100,12.234901804723538,3900
34,density,er_d4,1000,4062,2026,333,fourary,4,1,167300,0,0
34,density,er_d4,1000,4062,2026,333,selected_grid,4,2,121300,198.79268452314807,10563800
34,density,er_d4,1000,4062,2026,333,mean_map,4,3,114700,49.69817113078702,3900
34,density,er_d4,1000,4062,2026,333,binary,4,4,281600,0,0
34,density,er_d4,1000,4062,2026,333,mean_ring,4,5,120600,49.69817113078702,3900
34,density,er_d4,1000,4062,2026,333,std_binary,4,6,160900,0,0
34,density,er_d4,1000,4062,2026,333,degree4,4,7,202100,0,64800
34,density,er_d4,1000,4062,2026,333,caliber,4,8,145300,0,15200
34,density,er_d4,1000,4062,2026,333,max_maxdegree,4,9,161800,7.691983819669082,11600
34,density,er_d4,1000,4062,2026,333,max_maxdegree,5,0,141500,7.691983819669082,11600
34,density,er_d4,1000,4062,2026,333,caliber,5,1,143200,0,15200
34,density,er_d4,1000,4062,2026,333,degree4,5,2,195000,0,64800
34,density,er_d4,1000,4062,2026,333,std_binary,5,3,161000,0,0
34,density,er_d4,1000,4062,2026,333,mean_ring,5,4,112100,49.69817113078702,3900
34,density,er_d4,1000,4062,2026,333,binary,5,5,183400,0,0
34,density,er_d4,1000,4062,2026,333,mean_map,5,6,119800,49.69817113078702,3900
34,density,er_d4,1000,4062,2026,333,selected_grid,5,7,120400,198.79268452314807,10563800
34,density,er_d4,1000,4062,2026,333,fourary,5,8,170500,0,0
34,density,er_d4,1000,4062,2026,333,mean_degree,5,9,144400,12.234901804723538,3900
34,density,er_d4,1000,4062,2026,333,selected_grid,6,0,117600,198.79268452314807,10563800
34,density,er_d4,1000,4062,2026,333,max_maxdegree,6,1,161900,7.691983819669082,11600
34,density,er_d4,1000,4062,2026,333,fourary,6,2,169000,0,0
34,density,er_d4,1000,4062,2026,333,binary,6,3,172100,0,0
34,density,er_d4,1000,4062,2026,333,mean_degree,6,4,143400,12.234901804723538,3900
34,density,er_d4,1000,4062,2026,333,mean_ring,6,5,105100,49.69817113078702,3900
34,density,er_d4,1000,4062,2026,333,degree4,6,6,202200,0,64800
34,density,er_d4,1000,4062,2026,333,caliber,6,7,146100,0,15200
34,density,er_d4,1000,4062,2026,333,std_binary,6,8,292100,0,0
34,density,er_d4,1000,4062,2026,333,mean_map,6,9,128500,49.69817113078702,3900
34,density,er_d4,1000,4062,2026,333,mean_map,7,0,103600,49.69817113078702,3900
34,density,er_d4,1000,4062,2026,333,std_binary,7,1,162500,0,0
34,density,er_d4,1000,4062,2026,333,caliber,7,2,148600,0,15200
34,density,er_d4,1000,4062,2026,333,degree4,7,3,214800,0,64800
34,density,er_d4,1000,4062,2026,333,mean_ring,7,4,139700,49.69817113078702,3900
34,density,er_d4,1000,4062,2026,333,mean_degree,7,5,141400,12.234901804723538,3900
34,density,er_d4,1000,4062,2026,333,binary,7,6,167400,0,0
34,density,er_d4,1000,4062,2026,333,fourary,7,7,170100,0,0
34,density,er_d4,1000,4062,2026,333,max_maxdegree,7,8,154600,7.691983819669082,11600
34,density,er_d4,1000,4062,2026,333,selected_grid,7,9,122600,198.79268452314807,10563800
34,density,er_d4,1000,4062,2026,666,degree4,0,0,193100,0,64800
34,density,er_d4,1000,4062,2026,666,selected_grid,0,1,110300,198.79268452314807,10563800
34,density,er_d4,1000,4062,2026,666,caliber,0,2,150300,0,15200
34,density,er_d4,1000,4062,2026,666,mean_degree,0,3,140500,12.234901804723538,3900
34,density,er_d4,1000,4062,2026,666,std_binary,0,4,168700,0,0
34,density,er_d4,1000,4062,2026,666,max_maxdegree,0,5,157200,7.691983819669082,11600
34,density,er_d4,1000,4062,2026,666,mean_ring,0,6,119500,49.69817113078702,3900
34,density,er_d4,1000,4062,2026,666,binary,0,7,174800,0,0
34,density,er_d4,1000,4062,2026,666,fourary,0,8,548200,0,0
34,density,er_d4,1000,4062,2026,666,mean_map,0,9,162900,49.69817113078702,3900
34,density,er_d4,1000,4062,2026,666,mean_map,1,0,137700,49.69817113078702,3900
34,density,er_d4,1000,4062,2026,666,fourary,1,1,198700,0,0
34,density,er_d4,1000,4062,2026,666,binary,1,2,207400,0,0
34,density,er_d4,1000,4062,2026,666,mean_ring,1,3,109100,49.69817113078702,3900
34,density,er_d4,1000,4062,2026,666,max_maxdegree,1,4,156100,7.691983819669082,11600
34,density,er_d4,1000,4062,2026,666,std_binary,1,5,166800,0,0
34,density,er_d4,1000,4062,2026,666,mean_degree,1,6,140600,12.234901804723538,3900
34,density,er_d4,1000,4062,2026,666,caliber,1,7,177000,0,15200
34,density,er_d4,1000,4062,2026,666,selected_grid,1,8,119000,198.79268452314807,10563800
34,density,er_d4,1000,4062,2026,666,degree4,1,9,205200,0,64800
34,density,er_d4,1000,4062,2026,666,mean_ring,2,0,118200,49.69817113078702,3900
34,density,er_d4,1000,4062,2026,666,fourary,2,1,190000,0,0
34,density,er_d4,1000,4062,2026,666,binary,2,2,172300,0,0
34,density,er_d4,1000,4062,2026,666,caliber,2,3,148600,0,15200
34,density,er_d4,1000,4062,2026,666,degree4,2,4,193800,0,64800
34,density,er_d4,1000,4062,2026,666,std_binary,2,5,162600,0,0
34,density,er_d4,1000,4062,2026,666,max_maxdegree,2,6,153800,7.691983819669082,11600
34,density,er_d4,1000,4062,2026,666,mean_degree,2,7,136400,12.234901804723538,3900
34,density,er_d4,1000,4062,2026,666,mean_map,2,8,121900,49.69817113078702,3900
34,density,er_d4,1000,4062,2026,666,selected_grid,2,9,113400,198.79268452314807,10563800
34,density,er_d4,1000,4062,2026,666,selected_grid,3,0,100200,198.79268452314807,10563800
34,density,er_d4,1000,4062,2026,666,mean_map,3,1,159000,49.69817113078702,3900
34,density,er_d4,1000,4062,2026,666,mean_degree,3,2,145100,12.234901804723538,3900
34,density,er_d4,1000,4062,2026,666,max_maxdegree,3,3,181300,7.691983819669082,11600
34,density,er_d4,1000,4062,2026,666,std_binary,3,4,171200,0,0
34,density,er_d4,1000,4062,2026,666,degree4,3,5,198400,0,64800
34,density,er_d4,1000,4062,2026,666,caliber,3,6,149600,0,15200
34,density,er_d4,1000,4062,2026,666,binary,3,7,172500,0,0
34,density,er_d4,1000,4062,2026,666,fourary,3,8,168800,0,0
34,density,er_d4,1000,4062,2026,666,mean_ring,3,9,122300,49.69817113078702,3900
34,density,er_d4,1000,4062,2026,666,mean_degree,4,0,146400,12.234901804723538,3900
34,density,er_d4,1000,4062,2026,666,degree4,4,1,189600,0,64800
34,density,er_d4,1000,4062,2026,666,mean_map,4,2,125700,49.69817113078702,3900
34,density,er_d4,1000,4062,2026,666,caliber,4,3,146500,0,15200
34,density,er_d4,1000,4062,2026,666,selected_grid,4,4,121500,198.79268452314807,10563800
34,density,er_d4,1000,4062,2026,666,max_maxdegree,4,5,164700,7.691983819669082,11600
34,density,er_d4,1000,4062,2026,666,fourary,4,6,218400,0,0
34,density,er_d4,1000,4062,2026,666,binary,4,7,173500,0,0
34,density,er_d4,1000,4062,2026,666,std_binary,4,8,167800,0,0
34,density,er_d4,1000,4062,2026,666,mean_ring,4,9,113700,49.69817113078702,3900
34,density,er_d4,1000,4062,2026,666,mean_ring,5,0,96500,49.69817113078702,3900
34,density,er_d4,1000,4062,2026,666,std_binary,5,1,163300,0,0
34,density,er_d4,1000,4062,2026,666,binary,5,2,303400,0,0
34,density,er_d4,1000,4062,2026,666,fourary,5,3,170900,0,0
34,density,er_d4,1000,4062,2026,666,max_maxdegree,5,4,158800,7.691983819669082,11600
34,density,er_d4,1000,4062,2026,666,selected_grid,5,5,116500,198.79268452314807,10563800
34,density,er_d4,1000,4062,2026,666,caliber,5,6,152900,0,15200
34,density,er_d4,1000,4062,2026,666,mean_map,5,7,123500,49.69817113078702,3900
34,density,er_d4,1000,4062,2026,666,degree4,5,8,217100,0,64800
34,density,er_d4,1000,4062,2026,666,mean_degree,5,9,143000,12.234901804723538,3900
34,density,er_d4,1000,4062,2026,666,degree4,6,0,195700,0,64800
34,density,er_d4,1000,4062,2026,666,max_maxdegree,6,1,155800,7.691983819669082,11600
34,density,er_d4,1000,4062,2026,666,fourary,6,2,164600,0,0
34,density,er_d4,1000,4062,2026,666,std_binary,6,3,168100,0,0
34,density,er_d4,1000,4062,2026,666,selected_grid,6,4,127400,198.79268452314807,10563800
34,density,er_d4,1000,4062,2026,666,mean_map,6,5,118800,49.69817113078702,3900
34,density,er_d4,1000,4062,2026,666,mean_degree,6,6,137600,12.234901804723538,3900
34,density,er_d4,1000,4062,2026,666,binary,6,7,173300,0,0
34,density,er_d4,1000,4062,2026,666,caliber,6,8,147400,0,15200
34,density,er_d4,1000,4062,2026,666,mean_ring,6,9,111400,49.69817113078702,3900
34,density,er_d4,1000,4062,2026,666,mean_ring,7,0,100600,49.69817113078702,3900
34,density,er_d4,1000,4062,2026,666,caliber,7,1,148700,0,15200
34,density,er_d4,1000,4062,2026,666,binary,7,2,171600,0,0
34,density,er_d4,1000,4062,2026,666,mean_degree,7,3,138900,12.234901804723538,3900
34,density,er_d4,1000,4062,2026,666,mean_map,7,4,159300,49.69817113078702,3900
34,density,er_d4,1000,4062,2026,666,selected_grid,7,5,145400,198.79268452314807,10563800
34,density,er_d4,1000,4062,2026,666,std_binary,7,6,163300,0,0
34,density,er_d4,1000,4062,2026,666,fourary,7,7,167300,0,0
34,density,er_d4,1000,4062,2026,666,max_maxdegree,7,8,155800,7.691983819669082,11600
34,density,er_d4,1000,4062,2026,666,degree4,7,9,197800,0,64800
35,calibration,er_d8,1000,8079,2026,0,grid_0.25,0,0,238600,12.499537352909373,6400
35,calibration,er_d8,1000,8079,2026,0,grid_0.1,0,1,287500,4.999814941163749,6400
35,calibration,er_d8,1000,8079,2026,0,grid_1.5,0,2,232100,74.99722411745624,6400
35,calibration,er_d8,1000,8079,2026,0,grid_0.03125,0,3,336800,1.5624421691136716,6400
35,calibration,er_d8,1000,8079,2026,0,grid_4,0,4,222000,199.99259764654997,6400
35,calibration,er_d8,1000,8079,2026,0,grid_0.05,0,5,257900,2.4999074705818747,6400
35,calibration,er_d8,1000,8079,2026,0,grid_2,0,6,141000,99.99629882327498,6400
35,calibration,er_d8,1000,8079,2026,0,grid_8,0,7,183100,399.98519529309993,6400
35,calibration,er_d8,1000,8079,2026,0,grid_1,0,8,161600,49.99814941163749,6400
35,calibration,er_d8,1000,8079,2026,0,grid_16,0,9,165200,799.9703905861999,6400
35,calibration,er_d8,1000,8079,2026,0,grid_0.75,0,10,161400,37.49861205872812,6400
35,calibration,er_d8,1000,8079,2026,0,grid_0.5,0,11,170900,24.999074705818746,6400
35,calibration,er_d8,1000,8079,2026,0,grid_0.5,1,0,157100,24.999074705818746,6400
35,calibration,er_d8,1000,8079,2026,0,grid_0.75,1,1,154300,37.49861205872812,6400
35,calibration,er_d8,1000,8079,2026,0,grid_16,1,2,167800,799.9703905861999,6400
35,calibration,er_d8,1000,8079,2026,0,grid_1,1,3,152000,49.99814941163749,6400
35,calibration,er_d8,1000,8079,2026,0,grid_8,1,4,164200,399.98519529309993,6400
35,calibration,er_d8,1000,8079,2026,0,grid_2,1,5,136700,99.99629882327498,6400
35,calibration,er_d8,1000,8079,2026,0,grid_0.05,1,6,223700,2.4999074705818747,6400
35,calibration,er_d8,1000,8079,2026,0,grid_4,1,7,173200,199.99259764654997,6400
35,calibration,er_d8,1000,8079,2026,0,grid_0.03125,1,8,233600,1.5624421691136716,6400
35,calibration,er_d8,1000,8079,2026,0,grid_1.5,1,9,173200,74.99722411745624,6400
35,calibration,er_d8,1000,8079,2026,0,grid_0.1,1,10,209300,4.999814941163749,6400
35,calibration,er_d8,1000,8079,2026,0,grid_0.25,1,11,184100,12.499537352909373,6400
35,calibration,er_d8,1000,8079,2026,0,grid_0.05,2,0,215400,2.4999074705818747,6400
35,calibration,er_d8,1000,8079,2026,0,grid_0.5,2,1,170500,24.999074705818746,6400
35,calibration,er_d8,1000,8079,2026,0,grid_0.25,2,2,178400,12.499537352909373,6400
35,calibration,er_d8,1000,8079,2026,0,grid_8,2,3,170200,399.98519529309993,6400
35,calibration,er_d8,1000,8079,2026,0,grid_0.1,2,4,203100,4.999814941163749,6400
35,calibration,er_d8,1000,8079,2026,0,grid_4,2,5,190800,199.99259764654997,6400
35,calibration,er_d8,1000,8079,2026,0,grid_2,2,6,166300,99.99629882327498,6400
35,calibration,er_d8,1000,8079,2026,0,grid_0.03125,2,7,295100,1.5624421691136716,6400
35,calibration,er_d8,1000,8079,2026,0,grid_0.75,2,8,212100,37.49861205872812,6400
35,calibration,er_d8,1000,8079,2026,0,grid_1.5,2,9,207400,74.99722411745624,6400
35,calibration,er_d8,1000,8079,2026,0,grid_1,2,10,193000,49.99814941163749,6400
35,calibration,er_d8,1000,8079,2026,0,grid_16,2,11,194800,799.9703905861999,6400
35,calibration,er_d8,1000,8079,2026,0,grid_16,3,0,218500,799.9703905861999,6400
35,calibration,er_d8,1000,8079,2026,0,grid_1,3,1,158000,49.99814941163749,6400
35,calibration,er_d8,1000,8079,2026,0,grid_1.5,3,2,165200,74.99722411745624,6400
35,calibration,er_d8,1000,8079,2026,0,grid_0.75,3,3,153900,37.49861205872812,6400
35,calibration,er_d8,1000,8079,2026,0,grid_0.03125,3,4,239700,1.5624421691136716,6400
35,calibration,er_d8,1000,8079,2026,0,grid_2,3,5,136200,99.99629882327498,6400
35,calibration,er_d8,1000,8079,2026,0,grid_4,3,6,184700,199.99259764654997,6400
35,calibration,er_d8,1000,8079,2026,0,grid_0.1,3,7,243100,4.999814941163749,6400
35,calibration,er_d8,1000,8079,2026,0,grid_8,3,8,164600,399.98519529309993,6400
35,calibration,er_d8,1000,8079,2026,0,grid_0.25,3,9,201200,12.499537352909373,6400
35,calibration,er_d8,1000,8079,2026,0,grid_0.5,3,10,162200,24.999074705818746,6400
35,calibration,er_d8,1000,8079,2026,0,grid_0.05,3,11,228300,2.4999074705818747,6400
35,calibration,er_d8,1000,8079,2026,0,grid_8,4,0,163200,399.98519529309993,6400
35,calibration,er_d8,1000,8079,2026,0,grid_0.5,4,1,159900,24.999074705818746,6400
35,calibration,er_d8,1000,8079,2026,0,grid_1,4,2,152800,49.99814941163749,6400
35,calibration,er_d8,1000,8079,2026,0,grid_0.05,4,3,216800,2.4999074705818747,6400
35,calibration,er_d8,1000,8079,2026,0,grid_16,4,4,165700,799.9703905861999,6400
35,calibration,er_d8,1000,8079,2026,0,grid_0.03125,4,5,231400,1.5624421691136716,6400
35,calibration,er_d8,1000,8079,2026,0,grid_1.5,4,6,163600,74.99722411745624,6400
35,calibration,er_d8,1000,8079,2026,0,grid_0.25,4,7,179700,12.499537352909373,6400
35,calibration,er_d8,1000,8079,2026,0,grid_4,4,8,333700,199.99259764654997,6400
35,calibration,er_d8,1000,8079,2026,0,grid_2,4,9,154300,99.99629882327498,6400
35,calibration,er_d8,1000,8079,2026,0,grid_0.75,4,10,156400,37.49861205872812,6400
35,calibration,er_d8,1000,8079,2026,0,grid_0.1,4,11,223500,4.999814941163749,6400
35,calibration,er_d8,1000,8079,2026,0,grid_0.1,5,0,208700,4.999814941163749,6400
35,calibration,er_d8,1000,8079,2026,0,grid_0.75,5,1,152800,37.49861205872812,6400
35,calibration,er_d8,1000,8079,2026,0,grid_2,5,2,136000,99.99629882327498,6400
35,calibration,er_d8,1000,8079,2026,0,grid_4,5,3,207300,199.99259764654997,6400
35,calibration,er_d8,1000,8079,2026,0,grid_0.25,5,4,284000,12.499537352909373,6400
35,calibration,er_d8,1000,8079,2026,0,grid_1.5,5,5,174600,74.99722411745624,6400
35,calibration,er_d8,1000,8079,2026,0,grid_0.03125,5,6,246700,1.5624421691136716,6400
35,calibration,er_d8,1000,8079,2026,0,grid_16,5,7,169200,799.9703905861999,6400
35,calibration,er_d8,1000,8079,2026,0,grid_0.05,5,8,292200,2.4999074705818747,6400
35,calibration,er_d8,1000,8079,2026,0,grid_1,5,9,164200,49.99814941163749,6400
35,calibration,er_d8,1000,8079,2026,0,grid_0.5,5,10,164800,24.999074705818746,6400
35,calibration,er_d8,1000,8079,2026,0,grid_8,5,11,315400,399.98519529309993,6400
35,density,er_d8,1000,8079,2026,333,binary,0,0,245800,0,0
35,density,er_d8,1000,8079,2026,333,std_binary,0,1,242000,0,0
35,density,er_d8,1000,8079,2026,333,mean_ring,0,2,175900,49.99814941163749,6400
35,density,er_d8,1000,8079,2026,333,fourary,0,3,250500,0,0
35,density,er_d8,1000,8079,2026,333,degree4,0,4,258900,0,53800
35,density,er_d8,1000,8079,2026,333,selected_grid,0,5,166800,99.99629882327498,14269900
35,density,er_d8,1000,8079,2026,333,max_maxdegree,0,6,207900,5.555321647538782,17800
35,density,er_d8,1000,8079,2026,333,caliber,0,7,224300,0,20900
35,density,er_d8,1000,8079,2026,333,mean_map,0,8,159100,49.99814941163749,6400
35,density,er_d8,1000,8079,2026,333,mean_degree,0,9,191700,6.188655701403328,6400
35,density,er_d8,1000,8079,2026,333,mean_degree,1,0,173900,6.188655701403328,6400
35,density,er_d8,1000,8079,2026,333,mean_map,1,1,153800,49.99814941163749,6400
35,density,er_d8,1000,8079,2026,333,caliber,1,2,216800,0,20900
35,density,er_d8,1000,8079,2026,333,max_maxdegree,1,3,194000,5.555321647538782,17800
35,density,er_d8,1000,8079,2026,333,selected_grid,1,4,169100,99.99629882327498,14269900
35,density,er_d8,1000,8079,2026,333,degree4,1,5,253000,0,53800
35,density,er_d8,1000,8079,2026,333,fourary,1,6,242800,0,0
35,density,er_d8,1000,8079,2026,333,mean_ring,1,7,149100,49.99814941163749,6400
35,density,er_d8,1000,8079,2026,333,std_binary,1,8,233900,0,0
35,density,er_d8,1000,8079,2026,333,binary,1,9,244700,0,0
35,density,er_d8,1000,8079,2026,333,mean_map,2,0,152600,49.99814941163749,6400
35,density,er_d8,1000,8079,2026,333,mean_degree,2,1,197800,6.188655701403328,6400
35,density,er_d8,1000,8079,2026,333,fourary,2,2,241900,0,0
35,density,er_d8,1000,8079,2026,333,selected_grid,2,3,162400,99.99629882327498,14269900
35,density,er_d8,1000,8079,2026,333,std_binary,2,4,362400,0,0
35,density,er_d8,1000,8079,2026,333,degree4,2,5,254500,0,53800
35,density,er_d8,1000,8079,2026,333,binary,2,6,250700,0,0
35,density,er_d8,1000,8079,2026,333,caliber,2,7,223600,0,20900
35,density,er_d8,1000,8079,2026,333,max_maxdegree,2,8,210700,5.555321647538782,17800
35,density,er_d8,1000,8079,2026,333,mean_ring,2,9,160600,49.99814941163749,6400
35,density,er_d8,1000,8079,2026,333,mean_ring,3,0,144100,49.99814941163749,6400
35,density,er_d8,1000,8079,2026,333,max_maxdegree,3,1,198300,5.555321647538782,17800
35,density,er_d8,1000,8079,2026,333,caliber,3,2,237300,0,20900
35,density,er_d8,1000,8079,2026,333,binary,3,3,250100,0,0
35,density,er_d8,1000,8079,2026,333,degree4,3,4,250300,0,53800
35,density,er_d8,1000,8079,2026,333,std_binary,3,5,235800,0,0
35,density,er_d8,1000,8079,2026,333,selected_grid,3,6,165600,99.99629882327498,14269900
35,density,er_d8,1000,8079,2026,333,fourary,3,7,248700,0,0
35,density,er_d8,1000,8079,2026,333,mean_degree,3,8,190000,6.188655701403328,6400
35,density,er_d8,1000,8079,2026,333,mean_map,3,9,212400,49.99814941163749,6400
35,density,er_d8,1000,8079,2026,333,mean_degree,4,0,220900,6.188655701403328,6400
35,density,er_d8,1000,8079,2026,333,fourary,4,1,697100,0,0
35,density,er_d8,1000,8079,2026,333,selected_grid,4,2,236900,99.99629882327498,14269900
35,density,er_d8,1000,8079,2026,333,mean_map,4,3,233500,49.99814941163749,6400
35,density,er_d8,1000,8079,2026,333,binary,4,4,322200,0,0
35,density,er_d8,1000,8079,2026,333,mean_ring,4,5,188700,49.99814941163749,6400
35,density,er_d8,1000,8079,2026,333,std_binary,4,6,278500,0,0
35,density,er_d8,1000,8079,2026,333,degree4,4,7,290200,0,53800
35,density,er_d8,1000,8079,2026,333,caliber,4,8,283400,0,20900
35,density,er_d8,1000,8079,2026,333,max_maxdegree,4,9,231700,5.555321647538782,17800
35,density,er_d8,1000,8079,2026,333,max_maxdegree,5,0,197900,5.555321647538782,17800
35,density,er_d8,1000,8079,2026,333,caliber,5,1,229600,0,20900
35,density,er_d8,1000,8079,2026,333,degree4,5,2,333500,0,53800
35,density,er_d8,1000,8079,2026,333,std_binary,5,3,271100,0,0
35,density,er_d8,1000,8079,2026,333,mean_ring,5,4,201200,49.99814941163749,6400
35,density,er_d8,1000,8079,2026,333,binary,5,5,296000,0,0
35,density,er_d8,1000,8079,2026,333,mean_map,5,6,190300,49.99814941163749,6400
35,density,er_d8,1000,8079,2026,333,selected_grid,5,7,178600,99.99629882327498,14269900
35,density,er_d8,1000,8079,2026,333,fourary,5,8,265300,0,0
35,density,er_d8,1000,8079,2026,333,mean_degree,5,9,213900,6.188655701403328,6400
35,density,er_d8,1000,8079,2026,333,selected_grid,6,0,178600,99.99629882327498,14269900
35,density,er_d8,1000,8079,2026,333,max_maxdegree,6,1,214500,5.555321647538782,17800
35,density,er_d8,1000,8079,2026,333,fourary,6,2,259300,0,0
35,density,er_d8,1000,8079,2026,333,binary,6,3,247900,0,0
35,density,er_d8,1000,8079,2026,333,mean_degree,6,4,246000,6.188655701403328,6400
35,density,er_d8,1000,8079,2026,333,mean_ring,6,5,150100,49.99814941163749,6400
35,density,er_d8,1000,8079,2026,333,degree4,6,6,259200,0,53800
35,density,er_d8,1000,8079,2026,333,caliber,6,7,229500,0,20900
35,density,er_d8,1000,8079,2026,333,std_binary,6,8,239500,0,0
35,density,er_d8,1000,8079,2026,333,mean_map,6,9,163600,49.99814941163749,6400
35,density,er_d8,1000,8079,2026,333,mean_map,7,0,149100,49.99814941163749,6400
35,density,er_d8,1000,8079,2026,333,std_binary,7,1,234800,0,0
35,density,er_d8,1000,8079,2026,333,caliber,7,2,223500,0,20900
35,density,er_d8,1000,8079,2026,333,degree4,7,3,251300,0,53800
35,density,er_d8,1000,8079,2026,333,mean_ring,7,4,150900,49.99814941163749,6400
35,density,er_d8,1000,8079,2026,333,mean_degree,7,5,214900,6.188655701403328,6400
35,density,er_d8,1000,8079,2026,333,binary,7,6,263300,0,0
35,density,er_d8,1000,8079,2026,333,fourary,7,7,348300,0,0
35,density,er_d8,1000,8079,2026,333,max_maxdegree,7,8,244600,5.555321647538782,17800
35,density,er_d8,1000,8079,2026,333,selected_grid,7,9,176100,99.99629882327498,14269900
35,density,er_d8,1000,8079,2026,666,degree4,0,0,266100,0,53800
35,density,er_d8,1000,8079,2026,666,selected_grid,0,1,169700,99.99629882327498,14269900
35,density,er_d8,1000,8079,2026,666,caliber,0,2,247500,0,20900
35,density,er_d8,1000,8079,2026,666,mean_degree,0,3,239400,6.188655701403328,6400
35,density,er_d8,1000,8079,2026,666,std_binary,0,4,274700,0,0
35,density,er_d8,1000,8079,2026,666,max_maxdegree,0,5,254300,5.555321647538782,17800
35,density,er_d8,1000,8079,2026,666,mean_ring,0,6,188900,49.99814941163749,6400
35,density,er_d8,1000,8079,2026,666,binary,0,7,264900,0,0
35,density,er_d8,1000,8079,2026,666,fourary,0,8,254300,0,0
35,density,er_d8,1000,8079,2026,666,mean_map,0,9,163800,49.99814941163749,6400
35,density,er_d8,1000,8079,2026,666,mean_map,1,0,169300,49.99814941163749,6400
35,density,er_d8,1000,8079,2026,666,fourary,1,1,344600,0,0
35,density,er_d8,1000,8079,2026,666,binary,1,2,267800,0,0
35,density,er_d8,1000,8079,2026,666,mean_ring,1,3,157600,49.99814941163749,6400
35,density,er_d8,1000,8079,2026,666,max_maxdegree,1,4,215700,5.555321647538782,17800
35,density,er_d8,1000,8079,2026,666,std_binary,1,5,251200,0,0
35,density,er_d8,1000,8079,2026,666,mean_degree,1,6,203400,6.188655701403328,6400
35,density,er_d8,1000,8079,2026,666,caliber,1,7,233500,0,20900
35,density,er_d8,1000,8079,2026,666,selected_grid,1,8,164800,99.99629882327498,14269900
35,density,er_d8,1000,8079,2026,666,degree4,1,9,284400,0,53800
35,density,er_d8,1000,8079,2026,666,mean_ring,2,0,150100,49.99814941163749,6400
35,density,er_d8,1000,8079,2026,666,fourary,2,1,249500,0,0
35,density,er_d8,1000,8079,2026,666,binary,2,2,249600,0,0
35,density,er_d8,1000,8079,2026,666,caliber,2,3,237500,0,20900
35,density,er_d8,1000,8079,2026,666,degree4,2,4,258900,0,53800
35,density,er_d8,1000,8079,2026,666,std_binary,2,5,250100,0,0
35,density,er_d8,1000,8079,2026,666,max_maxdegree,2,6,209200,5.555321647538782,17800
35,density,er_d8,1000,8079,2026,666,mean_degree,2,7,239800,6.188655701403328,6400
35,density,er_d8,1000,8079,2026,666,mean_map,2,8,204100,49.99814941163749,6400
35,density,er_d8,1000,8079,2026,666,selected_grid,2,9,178100,99.99629882327498,14269900
35,density,er_d8,1000,8079,2026,666,selected_grid,3,0,150900,99.99629882327498,14269900
35,density,er_d8,1000,8079,2026,666,mean_map,3,1,175500,49.99814941163749,6400
35,density,er_d8,1000,8079,2026,666,mean_degree,3,2,206500,6.188655701403328,6400
35,density,er_d8,1000,8079,2026,666,max_maxdegree,3,3,212100,5.555321647538782,17800
35,density,er_d8,1000,8079,2026,666,std_binary,3,4,262200,0,0
35,density,er_d8,1000,8079,2026,666,degree4,3,5,266100,0,53800
35,density,er_d8,1000,8079,2026,666,caliber,3,6,246100,0,20900
35,density,er_d8,1000,8079,2026,666,binary,3,7,316300,0,0
35,density,er_d8,1000,8079,2026,666,fourary,3,8,272800,0,0
35,density,er_d8,1000,8079,2026,666,mean_ring,3,9,158000,49.99814941163749,6400
35,density,er_d8,1000,8079,2026,666,mean_degree,4,0,219200,6.188655701403328,6400
35,density,er_d8,1000,8079,2026,666,degree4,4,1,269100,0,53800
35,density,er_d8,1000,8079,2026,666,mean_map,4,2,166500,49.99814941163749,6400
35,density,er_d8,1000,8079,2026,666,caliber,4,3,228500,0,20900
35,density,er_d8,1000,8079,2026,666,selected_grid,4,4,165000,99.99629882327498,14269900
35,density,er_d8,1000,8079,2026,666,max_maxdegree,4,5,222000,5.555321647538782,17800
35,density,er_d8,1000,8079,2026,666,fourary,4,6,263500,0,0
35,density,er_d8,1000,8079,2026,666,binary,4,7,257200,0,0
35,density,er_d8,1000,8079,2026,666,std_binary,4,8,257400,0,0
35,density,er_d8,1000,8079,2026,666,mean_ring,4,9,153300,49.99814941163749,6400
35,density,er_d8,1000,8079,2026,666,mean_ring,5,0,136800,49.99814941163749,6400
35,density,er_d8,1000,8079,2026,666,std_binary,5,1,251200,0,0
35,density,er_d8,1000,8079,2026,666,binary,5,2,255200,0,0
35,density,er_d8,1000,8079,2026,666,fourary,5,3,252600,0,0
35,density,er_d8,1000,8079,2026,666,max_maxdegree,5,4,223700,5.555321647538782,17800
35,density,er_d8,1000,8079,2026,666,selected_grid,5,5,201600,99.99629882327498,14269900
35,density,er_d8,1000,8079,2026,666,caliber,5,6,259000,0,20900
35,density,er_d8,1000,8079,2026,666,mean_map,5,7,172800,49.99814941163749,6400
35,density,er_d8,1000,8079,2026,666,degree4,5,8,270100,0,53800
35,density,er_d8,1000,8079,2026,666,mean_degree,5,9,218900,6.188655701403328,6400
35,density,er_d8,1000,8079,2026,666,degree4,6,0,272500,0,53800
35,density,er_d8,1000,8079,2026,666,max_maxdegree,6,1,203800,5.555321647538782,17800
35,density,er_d8,1000,8079,2026,666,fourary,6,2,243800,0,0
35,density,er_d8,1000,8079,2026,666,std_binary,6,3,241100,0,0
35,density,er_d8,1000,8079,2026,666,selected_grid,6,4,157600,99.99629882327498,14269900
35,density,er_d8,1000,8079,2026,666,mean_map,6,5,155200,49.99814941163749,6400
35,density,er_d8,1000,8079,2026,666,mean_degree,6,6,251900,6.188655701403328,6400
35,density,er_d8,1000,8079,2026,666,binary,6,7,329700,0,0
35,density,er_d8,1000,8079,2026,666,caliber,6,8,244900,0,20900
35,density,er_d8,1000,8079,2026,666,mean_ring,6,9,172200,49.99814941163749,6400
35,density,er_d8,1000,8079,2026,666,mean_ring,7,0,134200,49.99814941163749,6400
35,density,er_d8,1000,8079,2026,666,caliber,7,1,219700,0,20900
35,density,er_d8,1000,8079,2026,666,binary,7,2,250400,0,0
35,density,er_d8,1000,8079,2026,666,mean_degree,7,3,206200,6.188655701403328,6400
35,density,er_d8,1000,8079,2026,666,mean_map,7,4,197100,49.99814941163749,6400
35,density,er_d8,1000,8079,2026,666,selected_grid,7,5,156700,99.99629882327498,14269900
35,density,er_d8,1000,8079,2026,666,std_binary,7,6,255200,0,0
35,density,er_d8,1000,8079,2026,666,fourary,7,7,281500,0,0
35,density,er_d8,1000,8079,2026,666,max_maxdegree,7,8,230700,5.555321647538782,17800
35,density,er_d8,1000,8079,2026,666,degree4,7,9,255000,0,53800
36,calibration,er_d16,1000,16075,2026,0,grid_0.25,0,0,226700,12.516389285282646,13000
36,calibration,er_d16,1000,16075,2026,0,grid_0.1,0,1,379200,5.006555714113059,13000
36,calibration,er_d16,1000,16075,2026,0,grid_1.5,0,2,241400,75.09833571169588,13000
36,calibration,er_d16,1000,16075,2026,0,grid_0.03125,0,3,337100,1.5645486606603307,13000
36,calibration,er_d16,1000,16075,2026,0,grid_4,0,4,323200,200.26222856452233,13000
36,calibration,er_d16,1000,16075,2026,0,grid_0.05,0,5,358900,2.5032778570565295,13000
36,calibration,er_d16,1000,16075,2026,0,grid_2,0,6,276600,100.13111428226117,13000
36,calibration,er_d16,1000,16075,2026,0,grid_8,0,7,267800,400.52445712904466,13000
36,calibration,er_d16,1000,16075,2026,0,grid_1,0,8,285800,50.06555714113058,13000
36,calibration,er_d16,1000,16075,2026,0,grid_16,0,9,275300,801.0489142580893,13000
36,calibration,er_d16,1000,16075,2026,0,grid_0.75,0,10,221700,37.54916785584794,13000
36,calibration,er_d16,1000,16075,2026,0,grid_0.5,0,11,217100,25.03277857056529,13000
36,calibration,er_d16,1000,16075,2026,0,grid_0.5,1,0,207400,25.03277857056529,13000
36,calibration,er_d16,1000,16075,2026,0,grid_0.75,1,1,215100,37.54916785584794,13000
36,calibration,er_d16,1000,16075,2026,0,grid_16,1,2,257800,801.0489142580893,13000
36,calibration,er_d16,1000,16075,2026,0,grid_1,1,3,225600,50.06555714113058,13000
36,calibration,er_d16,1000,16075,2026,0,grid_8,1,4,257800,400.52445712904466,13000
36,calibration,er_d16,1000,16075,2026,0,grid_2,1,5,244100,100.13111428226117,13000
36,calibration,er_d16,1000,16075,2026,0,grid_0.05,1,6,293000,2.5032778570565295,13000
36,calibration,er_d16,1000,16075,2026,0,grid_4,1,7,253700,200.26222856452233,13000
36,calibration,er_d16,1000,16075,2026,0,grid_0.03125,1,8,305800,1.5645486606603307,13000
36,calibration,er_d16,1000,16075,2026,0,grid_1.5,1,9,239000,75.09833571169588,13000
36,calibration,er_d16,1000,16075,2026,0,grid_0.1,1,10,268900,5.006555714113059,13000
36,calibration,er_d16,1000,16075,2026,0,grid_0.25,1,11,237600,12.516389285282646,13000
36,calibration,er_d16,1000,16075,2026,0,grid_0.05,2,0,278900,2.5032778570565295,13000
36,calibration,er_d16,1000,16075,2026,0,grid_0.5,2,1,207300,25.03277857056529,13000
36,calibration,er_d16,1000,16075,2026,0,grid_0.25,2,2,220900,12.516389285282646,13000
36,calibration,er_d16,1000,16075,2026,0,grid_8,2,3,255600,400.52445712904466,13000
36,calibration,er_d16,1000,16075,2026,0,grid_0.1,2,4,265200,5.006555714113059,13000
36,calibration,er_d16,1000,16075,2026,0,grid_4,2,5,259400,200.26222856452233,13000
36,calibration,er_d16,1000,16075,2026,0,grid_2,2,6,267600,100.13111428226117,13000
36,calibration,er_d16,1000,16075,2026,0,grid_0.03125,2,7,344400,1.5645486606603307,13000
36,calibration,er_d16,1000,16075,2026,0,grid_0.75,2,8,255400,37.54916785584794,13000
36,calibration,er_d16,1000,16075,2026,0,grid_1.5,2,9,276600,75.09833571169588,13000
36,calibration,er_d16,1000,16075,2026,0,grid_1,2,10,495200,50.06555714113058,13000
36,calibration,er_d16,1000,16075,2026,0,grid_16,2,11,255900,801.0489142580893,13000
36,calibration,er_d16,1000,16075,2026,0,grid_16,3,0,242700,801.0489142580893,13000
36,calibration,er_d16,1000,16075,2026,0,grid_1,3,1,212900,50.06555714113058,13000
36,calibration,er_d16,1000,16075,2026,0,grid_1.5,3,2,227700,75.09833571169588,13000
36,calibration,er_d16,1000,16075,2026,0,grid_0.75,3,3,218600,37.54916785584794,13000
36,calibration,er_d16,1000,16075,2026,0,grid_0.03125,3,4,293100,1.5645486606603307,13000
36,calibration,er_d16,1000,16075,2026,0,grid_2,3,5,234400,100.13111428226117,13000
36,calibration,er_d16,1000,16075,2026,0,grid_4,3,6,246600,200.26222856452233,13000
36,calibration,er_d16,1000,16075,2026,0,grid_0.1,3,7,250700,5.006555714113059,13000
36,calibration,er_d16,1000,16075,2026,0,grid_8,3,8,243000,400.52445712904466,13000
36,calibration,er_d16,1000,16075,2026,0,grid_0.25,3,9,226400,12.516389285282646,13000
36,calibration,er_d16,1000,16075,2026,0,grid_0.5,3,10,202400,25.03277857056529,13000
36,calibration,er_d16,1000,16075,2026,0,grid_0.05,3,11,273400,2.5032778570565295,13000
36,calibration,er_d16,1000,16075,2026,0,grid_8,4,0,245500,400.52445712904466,13000
36,calibration,er_d16,1000,16075,2026,0,grid_0.5,4,1,201200,25.03277857056529,13000
36,calibration,er_d16,1000,16075,2026,0,grid_1,4,2,205000,50.06555714113058,13000
36,calibration,er_d16,1000,16075,2026,0,grid_0.05,4,3,278300,2.5032778570565295,13000
36,calibration,er_d16,1000,16075,2026,0,grid_16,4,4,242800,801.0489142580893,13000
36,calibration,er_d16,1000,16075,2026,0,grid_0.03125,4,5,305000,1.5645486606603307,13000
36,calibration,er_d16,1000,16075,2026,0,grid_1.5,4,6,237400,75.09833571169588,13000
36,calibration,er_d16,1000,16075,2026,0,grid_0.25,4,7,220800,12.516389285282646,13000
36,calibration,er_d16,1000,16075,2026,0,grid_4,4,8,247200,200.26222856452233,13000
36,calibration,er_d16,1000,16075,2026,0,grid_2,4,9,235000,100.13111428226117,13000
36,calibration,er_d16,1000,16075,2026,0,grid_0.75,4,10,206500,37.54916785584794,13000
36,calibration,er_d16,1000,16075,2026,0,grid_0.1,4,11,258000,5.006555714113059,13000
36,calibration,er_d16,1000,16075,2026,0,grid_0.1,5,0,247400,5.006555714113059,13000
36,calibration,er_d16,1000,16075,2026,0,grid_0.75,5,1,206800,37.54916785584794,13000
36,calibration,er_d16,1000,16075,2026,0,grid_2,5,2,235600,100.13111428226117,13000
36,calibration,er_d16,1000,16075,2026,0,grid_4,5,3,246300,200.26222856452233,13000
36,calibration,er_d16,1000,16075,2026,0,grid_0.25,5,4,218500,12.516389285282646,13000
36,calibration,er_d16,1000,16075,2026,0,grid_1.5,5,5,229200,75.09833571169588,13000
36,calibration,er_d16,1000,16075,2026,0,grid_0.03125,5,6,294900,1.5645486606603307,13000
36,calibration,er_d16,1000,16075,2026,0,grid_16,5,7,246800,801.0489142580893,13000
36,calibration,er_d16,1000,16075,2026,0,grid_0.05,5,8,272700,2.5032778570565295,13000
36,calibration,er_d16,1000,16075,2026,0,grid_1,5,9,231100,50.06555714113058,13000
36,calibration,er_d16,1000,16075,2026,0,grid_0.5,5,10,214000,25.03277857056529,13000
36,calibration,er_d16,1000,16075,2026,0,grid_8,5,11,243400,400.52445712904466,13000
36,density,er_d16,1000,16075,2026,333,binary,0,0,337700,0,0
36,density,er_d16,1000,16075,2026,333,std_binary,0,1,344700,0,0
36,density,er_d16,1000,16075,2026,333,mean_ring,0,2,200100,50.06555714113058,13000
36,density,er_d16,1000,16075,2026,333,fourary,0,3,355200,0,0
36,density,er_d16,1000,16075,2026,333,degree4,0,4,352000,0,56600
36,density,er_d16,1000,16075,2026,333,selected_grid,0,5,245500,25.03277857056529,18534400
36,density,er_d16,1000,16075,2026,333,max_maxdegree,0,6,323100,3.2256706340547767,25700
36,density,er_d16,1000,16075,2026,333,caliber,0,7,308800,0,29600
36,density,er_d16,1000,16075,2026,333,mean_map,0,8,212200,50.06555714113058,13000
36,density,er_d16,1000,16075,2026,333,mean_degree,0,9,284400,3.1144981114233645,13000
36,density,er_d16,1000,16075,2026,333,mean_degree,1,0,267800,3.1144981114233645,13000
36,density,er_d16,1000,16075,2026,333,mean_map,1,1,212900,50.06555714113058,13000
36,density,er_d16,1000,16075,2026,333,caliber,1,2,310600,0,29600
36,density,er_d16,1000,16075,2026,333,max_maxdegree,1,3,270600,3.2256706340547767,25700
36,density,er_d16,1000,16075,2026,333,selected_grid,1,4,206500,25.03277857056529,18534400
36,density,er_d16,1000,16075,2026,333,degree4,1,5,343200,0,56600
36,density,er_d16,1000,16075,2026,333,fourary,1,6,333800,0,0
36,density,er_d16,1000,16075,2026,333,mean_ring,1,7,211600,50.06555714113058,13000
36,density,er_d16,1000,16075,2026,333,std_binary,1,8,338300,0,0
36,density,er_d16,1000,16075,2026,333,binary,1,9,351100,0,0
36,density,er_d16,1000,16075,2026,333,mean_map,2,0,207900,50.06555714113058,13000
36,density,er_d16,1000,16075,2026,333,mean_degree,2,1,280900,3.1144981114233645,13000
36,density,er_d16,1000,16075,2026,333,fourary,2,2,399700,0,0
36,density,er_d16,1000,16075,2026,333,selected_grid,2,3,272700,25.03277857056529,18534400
36,density,er_d16,1000,16075,2026,333,std_binary,2,4,370500,0,0
36,density,er_d16,1000,16075,2026,333,degree4,2,5,370100,0,56600
36,density,er_d16,1000,16075,2026,333,binary,2,6,328700,0,0
36,density,er_d16,1000,16075,2026,333,caliber,2,7,312700,0,29600
36,density,er_d16,1000,16075,2026,333,max_maxdegree,2,8,676700,3.2256706340547767,25700
36,density,er_d16,1000,16075,2026,333,mean_ring,2,9,291200,50.06555714113058,13000
36,density,er_d16,1000,16075,2026,333,mean_ring,3,0,235800,50.06555714113058,13000
36,density,er_d16,1000,16075,2026,333,max_maxdegree,3,1,280100,3.2256706340547767,25700
36,density,er_d16,1000,16075,2026,333,caliber,3,2,441200,0,29600
36,density,er_d16,1000,16075,2026,333,binary,3,3,343200,0,0
36,density,er_d16,1000,16075,2026,333,degree4,3,4,398200,0,56600
36,density,er_d16,1000,16075,2026,333,std_binary,3,5,338400,0,0
36,density,er_d16,1000,16075,2026,333,selected_grid,3,6,212700,25.03277857056529,18534400
36,density,er_d16,1000,16075,2026,333,fourary,3,7,338900,0,0
36,density,er_d16,1000,16075,2026,333,mean_degree,3,8,300000,3.1144981114233645,13000
36,density,er_d16,1000,16075,2026,333,mean_map,3,9,209800,50.06555714113058,13000
36,density,er_d16,1000,16075,2026,333,mean_degree,4,0,286300,3.1144981114233645,13000
36,density,er_d16,1000,16075,2026,333,fourary,4,1,341400,0,0
36,density,er_d16,1000,16075,2026,333,selected_grid,4,2,210600,25.03277857056529,18534400
36,density,er_d16,1000,16075,2026,333,mean_map,4,3,209900,50.06555714113058,13000
36,density,er_d16,1000,16075,2026,333,binary,4,4,363100,0,0
36,density,er_d16,1000,16075,2026,333,mean_ring,4,5,206500,50.06555714113058,13000
36,density,er_d16,1000,16075,2026,333,std_binary,4,6,335900,0,0
36,density,er_d16,1000,16075,2026,333,degree4,4,7,356700,0,56600
36,density,er_d16,1000,16075,2026,333,caliber,4,8,314200,0,29600
36,density,er_d16,1000,16075,2026,333,max_maxdegree,4,9,282400,3.2256706340547767,25700
36,density,er_d16,1000,16075,2026,333,max_maxdegree,5,0,266000,3.2256706340547767,25700
36,density,er_d16,1000,16075,2026,333,caliber,5,1,318200,0,29600
36,density,er_d16,1000,16075,2026,333,degree4,5,2,344000,0,56600
36,density,er_d16,1000,16075,2026,333,std_binary,5,3,342600,0,0
36,density,er_d16,1000,16075,2026,333,mean_ring,5,4,200700,50.06555714113058,13000
36,density,er_d16,1000,16075,2026,333,binary,5,5,348200,0,0
36,density,er_d16,1000,16075,2026,333,mean_map,5,6,204400,50.06555714113058,13000
36,density,er_d16,1000,16075,2026,333,selected_grid,5,7,206600,25.03277857056529,18534400
36,density,er_d16,1000,16075,2026,333,fourary,5,8,345300,0,0
36,density,er_d16,1000,16075,2026,333,mean_degree,5,9,283200,3.1144981114233645,13000
36,density,er_d16,1000,16075,2026,333,selected_grid,6,0,203900,25.03277857056529,18534400
36,density,er_d16,1000,16075,2026,333,max_maxdegree,6,1,284100,3.2256706340547767,25700
36,density,er_d16,1000,16075,2026,333,fourary,6,2,330100,0,0
36,density,er_d16,1000,16075,2026,333,binary,6,3,335700,0,0
36,density,er_d16,1000,16075,2026,333,mean_degree,6,4,267400,3.1144981114233645,13000
36,density,er_d16,1000,16075,2026,333,mean_ring,6,5,199800,50.06555714113058,13000
36,density,er_d16,1000,16075,2026,333,degree4,6,6,343200,0,56600
36,density,er_d16,1000,16075,2026,333,caliber,6,7,311000,0,29600
36,density,er_d16,1000,16075,2026,333,std_binary,6,8,351100,0,0
36,density,er_d16,1000,16075,2026,333,mean_map,6,9,206000,50.06555714113058,13000
36,density,er_d16,1000,16075,2026,333,mean_map,7,0,203800,50.06555714113058,13000
36,density,er_d16,1000,16075,2026,333,std_binary,7,1,333000,0,0
36,density,er_d16,1000,16075,2026,333,caliber,7,2,307900,0,29600
36,density,er_d16,1000,16075,2026,333,degree4,7,3,338400,0,56600
36,density,er_d16,1000,16075,2026,333,mean_ring,7,4,198600,50.06555714113058,13000
36,density,er_d16,1000,16075,2026,333,mean_degree,7,5,281400,3.1144981114233645,13000
36,density,er_d16,1000,16075,2026,333,binary,7,6,333400,0,0
36,density,er_d16,1000,16075,2026,333,fourary,7,7,337200,0,0
36,density,er_d16,1000,16075,2026,333,max_maxdegree,7,8,270200,3.2256706340547767,25700
36,density,er_d16,1000,16075,2026,333,selected_grid,7,9,216300,25.03277857056529,18534400
36,density,er_d16,1000,16075,2026,666,degree4,0,0,337000,0,56600
36,density,er_d16,1000,16075,2026,666,selected_grid,0,1,211900,25.03277857056529,18534400
36,density,er_d16,1000,16075,2026,666,caliber,0,2,398800,0,29600
36,density,er_d16,1000,16075,2026,666,mean_degree,0,3,275300,3.1144981114233645,13000
36,density,er_d16,1000,16075,2026,666,std_binary,0,4,350600,0,0
36,density,er_d16,1000,16075,2026,666,max_maxdegree,0,5,264000,3.2256706340547767,25700
36,density,er_d16,1000,16075,2026,666,mean_ring,0,6,230300,50.06555714113058,13000
36,density,er_d16,1000,16075,2026,666,binary,0,7,332800,0,0
36,density,er_d16,1000,16075,2026,666,fourary,0,8,328700,0,0
36,density,er_d16,1000,16075,2026,666,mean_map,0,9,208600,50.06555714113058,13000
36,density,er_d16,1000,16075,2026,666,mean_map,1,0,202700,50.06555714113058,13000
36,density,er_d16,1000,16075,2026,666,fourary,1,1,331300,0,0
36,density,er_d16,1000,16075,2026,666,binary,1,2,324200,0,0
36,density,er_d16,1000,16075,2026,666,mean_ring,1,3,195200,50.06555714113058,13000
36,density,er_d16,1000,16075,2026,666,max_maxdegree,1,4,677500,3.2256706340547767,25700
36,density,er_d16,1000,16075,2026,666,std_binary,1,5,404100,0,0
36,density,er_d16,1000,16075,2026,666,mean_degree,1,6,333600,3.1144981114233645,13000
36,density,er_d16,1000,16075,2026,666,caliber,1,7,342700,0,29600
36,density,er_d16,1000,16075,2026,666,selected_grid,1,8,244000,25.03277857056529,18534400
36,density,er_d16,1000,16075,2026,666,degree4,1,9,463100,0,56600
36,density,er_d16,1000,16075,2026,666,mean_ring,2,0,262800,50.06555714113058,13000
36,density,er_d16,1000,16075,2026,666,fourary,2,1,384700,0,0
36,density,er_d16,1000,16075,2026,666,binary,2,2,338200,0,0
36,density,er_d16,1000,16075,2026,666,caliber,2,3,316900,0,29600
36,density,er_d16,1000,16075,2026,666,degree4,2,4,331500,0,56600
36,density,er_d16,1000,16075,2026,666,std_binary,2,5,335800,0,0
36,density,er_d16,1000,16075,2026,666,max_maxdegree,2,6,274900,3.2256706340547767,25700
36,density,er_d16,1000,16075,2026,666,mean_degree,2,7,264700,3.1144981114233645,13000
36,density,er_d16,1000,16075,2026,666,mean_map,2,8,207400,50.06555714113058,13000
36,density,er_d16,1000,16075,2026,666,selected_grid,2,9,200400,25.03277857056529,18534400
36,density,er_d16,1000,16075,2026,666,selected_grid,3,0,186100,25.03277857056529,18534400
36,density,er_d16,1000,16075,2026,666,mean_map,3,1,209300,50.06555714113058,13000
36,density,er_d16,1000,16075,2026,666,mean_degree,3,2,263500,3.1144981114233645,13000
36,density,er_d16,1000,16075,2026,666,max_maxdegree,3,3,259700,3.2256706340547767,25700
36,density,er_d16,1000,16075,2026,666,std_binary,3,4,334500,0,0
36,density,er_d16,1000,16075,2026,666,degree4,3,5,330700,0,56600
36,density,er_d16,1000,16075,2026,666,caliber,3,6,308600,0,29600
36,density,er_d16,1000,16075,2026,666,binary,3,7,332500,0,0
36,density,er_d16,1000,16075,2026,666,fourary,3,8,353600,0,0
36,density,er_d16,1000,16075,2026,666,mean_ring,3,9,197300,50.06555714113058,13000
36,density,er_d16,1000,16075,2026,666,mean_degree,4,0,254500,3.1144981114233645,13000
36,density,er_d16,1000,16075,2026,666,degree4,4,1,328500,0,56600
36,density,er_d16,1000,16075,2026,666,mean_map,4,2,207100,50.06555714113058,13000
36,density,er_d16,1000,16075,2026,666,caliber,4,3,328100,0,29600
36,density,er_d16,1000,16075,2026,666,selected_grid,4,4,202200,25.03277857056529,18534400
36,density,er_d16,1000,16075,2026,666,max_maxdegree,4,5,283600,3.2256706340547767,25700
36,density,er_d16,1000,16075,2026,666,fourary,4,6,343800,0,0
36,density,er_d16,1000,16075,2026,666,binary,4,7,324700,0,0
36,density,er_d16,1000,16075,2026,666,std_binary,4,8,329300,0,0
36,density,er_d16,1000,16075,2026,666,mean_ring,4,9,197600,50.06555714113058,13000
36,density,er_d16,1000,16075,2026,666,mean_ring,5,0,189100,50.06555714113058,13000
36,density,er_d16,1000,16075,2026,666,std_binary,5,1,325500,0,0
36,density,er_d16,1000,16075,2026,666,binary,5,2,329900,0,0
36,density,er_d16,1000,16075,2026,666,fourary,5,3,326000,0,0
36,density,er_d16,1000,16075,2026,666,max_maxdegree,5,4,274000,3.2256706340547767,25700
36,density,er_d16,1000,16075,2026,666,selected_grid,5,5,205800,25.03277857056529,18534400
36,density,er_d16,1000,16075,2026,666,caliber,5,6,307100,0,29600
36,density,er_d16,1000,16075,2026,666,mean_map,5,7,207200,50.06555714113058,13000
36,density,er_d16,1000,16075,2026,666,degree4,5,8,354000,0,56600
36,density,er_d16,1000,16075,2026,666,mean_degree,5,9,280300,3.1144981114233645,13000
36,density,er_d16,1000,16075,2026,666,degree4,6,0,336600,0,56600
36,density,er_d16,1000,16075,2026,666,max_maxdegree,6,1,274000,3.2256706340547767,25700
36,density,er_d16,1000,16075,2026,666,fourary,6,2,359800,0,0
36,density,er_d16,1000,16075,2026,666,std_binary,6,3,342700,0,0
36,density,er_d16,1000,16075,2026,666,selected_grid,6,4,202200,25.03277857056529,18534400
36,density,er_d16,1000,16075,2026,666,mean_map,6,5,202100,50.06555714113058,13000
36,density,er_d16,1000,16075,2026,666,mean_degree,6,6,273300,3.1144981114233645,13000
36,density,er_d16,1000,16075,2026,666,binary,6,7,326900,0,0
36,density,er_d16,1000,16075,2026,666,caliber,6,8,309300,0,29600
36,density,er_d16,1000,16075,2026,666,mean_ring,6,9,199000,50.06555714113058,13000
36,density,er_d16,1000,16075,2026,666,mean_ring,7,0,190500,50.06555714113058,13000
36,density,er_d16,1000,16075,2026,666,caliber,7,1,305300,0,29600
36,density,er_d16,1000,16075,2026,666,binary,7,2,333000,0,0
36,density,er_d16,1000,16075,2026,666,mean_degree,7,3,272600,3.1144981114233645,13000
36,density,er_d16,1000,16075,2026,666,mean_map,7,4,210800,50.06555714113058,13000
36,density,er_d16,1000,16075,2026,666,selected_grid,7,5,201900,25.03277857056529,18534400
36,density,er_d16,1000,16075,2026,666,std_binary,7,6,334900,0,0
36,density,er_d16,1000,16075,2026,666,fourary,7,7,329400,0,0
36,density,er_d16,1000,16075,2026,666,max_maxdegree,7,8,269400,3.2256706340547767,25700
36,density,er_d16,1000,16075,2026,666,degree4,7,9,343700,0,56600
37,calibration,er_d32,1000,32044,2026,0,grid_0.25,0,0,339000,12.553251980537937,24900
37,calibration,er_d32,1000,32044,2026,0,grid_0.1,0,1,503000,5.021300792215175,24900
37,calibration,er_d32,1000,32044,2026,0,grid_1.5,0,2,385100,75.31951188322762,24900
37,calibration,er_d32,1000,32044,2026,0,grid_0.03125,0,3,420200,1.569156497567242,24900
37,calibration,er_d32,1000,32044,2026,0,grid_4,0,4,380300,200.85203168860698,24900
37,calibration,er_d32,1000,32044,2026,0,grid_0.05,0,5,392200,2.5106503961075877,24900
37,calibration,er_d32,1000,32044,2026,0,grid_2,0,6,391600,100.42601584430349,24900
37,calibration,er_d32,1000,32044,2026,0,grid_8,0,7,374300,401.70406337721397,24900
37,calibration,er_d32,1000,32044,2026,0,grid_1,0,8,371000,50.213007922151746,24900
37,calibration,er_d32,1000,32044,2026,0,grid_16,0,9,723900,803.4081267544279,24900
37,calibration,er_d32,1000,32044,2026,0,grid_0.75,0,10,459900,37.65975594161381,24900
37,calibration,er_d32,1000,32044,2026,0,grid_0.5,0,11,341100,25.106503961075873,24900
37,calibration,er_d32,1000,32044,2026,0,grid_0.5,1,0,326700,25.106503961075873,24900
37,calibration,er_d32,1000,32044,2026,0,grid_0.75,1,1,365300,37.65975594161381,24900
37,calibration,er_d32,1000,32044,2026,0,grid_16,1,2,421200,803.4081267544279,24900
37,calibration,er_d32,1000,32044,2026,0,grid_1,1,3,349600,50.213007922151746,24900
37,calibration,er_d32,1000,32044,2026,0,grid_8,1,4,382600,401.70406337721397,24900
37,calibration,er_d32,1000,32044,2026,0,grid_2,1,5,576300,100.42601584430349,24900
37,calibration,er_d32,1000,32044,2026,0,grid_0.05,1,6,392000,2.5106503961075877,24900
37,calibration,er_d32,1000,32044,2026,0,grid_4,1,7,417300,200.85203168860698,24900
37,calibration,er_d32,1000,32044,2026,0,grid_0.03125,1,8,425600,1.569156497567242,24900
37,calibration,er_d32,1000,32044,2026,0,grid_1.5,1,9,397100,75.31951188322762,24900
37,calibration,er_d32,1000,32044,2026,0,grid_0.1,1,10,408000,5.021300792215175,24900
37,calibration,er_d32,1000,32044,2026,0,grid_0.25,1,11,300400,12.553251980537937,24900
37,calibration,er_d32,1000,32044,2026,0,grid_0.05,2,0,377400,2.5106503961075877,24900
37,calibration,er_d32,1000,32044,2026,0,grid_0.5,2,1,281700,25.106503961075873,24900
37,calibration,er_d32,1000,32044,2026,0,grid_0.25,2,2,291300,12.553251980537937,24900
37,calibration,er_d32,1000,32044,2026,0,grid_8,2,3,399000,401.70406337721397,24900
37,calibration,er_d32,1000,32044,2026,0,grid_0.1,2,4,358100,5.021300792215175,24900
37,calibration,er_d32,1000,32044,2026,0,grid_4,2,5,380400,200.85203168860698,24900
37,calibration,er_d32,1000,32044,2026,0,grid_2,2,6,380000,100.42601584430349,24900
37,calibration,er_d32,1000,32044,2026,0,grid_0.03125,2,7,470800,1.569156497567242,24900
37,calibration,er_d32,1000,32044,2026,0,grid_0.75,2,8,359000,37.65975594161381,24900
37,calibration,er_d32,1000,32044,2026,0,grid_1.5,2,9,399900,75.31951188322762,24900
37,calibration,er_d32,1000,32044,2026,0,grid_1,2,10,349300,50.213007922151746,24900
37,calibration,er_d32,1000,32044,2026,0,grid_16,2,11,379600,803.4081267544279,24900
37,calibration,er_d32,1000,32044,2026,0,grid_16,3,0,376800,803.4081267544279,24900
37,calibration,er_d32,1000,32044,2026,0,grid_1,3,1,340200,50.213007922151746,24900
37,calibration,er_d32,1000,32044,2026,0,grid_1.5,3,2,384000,75.31951188322762,24900
37,calibration,er_d32,1000,32044,2026,0,grid_0.75,3,3,305400,37.65975594161381,24900
37,calibration,er_d32,1000,32044,2026,0,grid_0.03125,3,4,394100,1.569156497567242,24900
37,calibration,er_d32,1000,32044,2026,0,grid_2,3,5,381500,100.42601584430349,24900
37,calibration,er_d32,1000,32044,2026,0,grid_4,3,6,374100,200.85203168860698,24900
37,calibration,er_d32,1000,32044,2026,0,grid_0.1,3,7,353500,5.021300792215175,24900
37,calibration,er_d32,1000,32044,2026,0,grid_8,3,8,384600,401.70406337721397,24900
37,calibration,er_d32,1000,32044,2026,0,grid_0.25,3,9,299200,12.553251980537937,24900
37,calibration,er_d32,1000,32044,2026,0,grid_0.5,3,10,284000,25.106503961075873,24900
37,calibration,er_d32,1000,32044,2026,0,grid_0.05,3,11,377700,2.5106503961075877,24900
37,calibration,er_d32,1000,32044,2026,0,grid_8,4,0,375800,401.70406337721397,24900
37,calibration,er_d32,1000,32044,2026,0,grid_0.5,4,1,278100,25.106503961075873,24900
37,calibration,er_d32,1000,32044,2026,0,grid_1,4,2,354800,50.213007922151746,24900
37,calibration,er_d32,1000,32044,2026,0,grid_0.05,4,3,370800,2.5106503961075877,24900
37,calibration,er_d32,1000,32044,2026,0,grid_16,4,4,375200,803.4081267544279,24900
37,calibration,er_d32,1000,32044,2026,0,grid_0.03125,4,5,405600,1.569156497567242,24900
37,calibration,er_d32,1000,32044,2026,0,grid_1.5,4,6,401600,75.31951188322762,24900
37,calibration,er_d32,1000,32044,2026,0,grid_0.25,4,7,304400,12.553251980537937,24900
37,calibration,er_d32,1000,32044,2026,0,grid_4,4,8,376000,200.85203168860698,24900
37,calibration,er_d32,1000,32044,2026,0,grid_2,4,9,373200,100.42601584430349,24900
37,calibration,er_d32,1000,32044,2026,0,grid_0.75,4,10,306400,37.65975594161381,24900
37,calibration,er_d32,1000,32044,2026,0,grid_0.1,4,11,350800,5.021300792215175,24900
37,calibration,er_d32,1000,32044,2026,0,grid_0.1,5,0,361100,5.021300792215175,24900
37,calibration,er_d32,1000,32044,2026,0,grid_0.75,5,1,314500,37.65975594161381,24900
37,calibration,er_d32,1000,32044,2026,0,grid_2,5,2,390200,100.42601584430349,24900
37,calibration,er_d32,1000,32044,2026,0,grid_4,5,3,392600,200.85203168860698,24900
37,calibration,er_d32,1000,32044,2026,0,grid_0.25,5,4,294500,12.553251980537937,24900
37,calibration,er_d32,1000,32044,2026,0,grid_1.5,5,5,373800,75.31951188322762,24900
37,calibration,er_d32,1000,32044,2026,0,grid_0.03125,5,6,406600,1.569156497567242,24900
37,calibration,er_d32,1000,32044,2026,0,grid_16,5,7,376200,803.4081267544279,24900
37,calibration,er_d32,1000,32044,2026,0,grid_0.05,5,8,370500,2.5106503961075877,24900
37,calibration,er_d32,1000,32044,2026,0,grid_1,5,9,394300,50.213007922151746,24900
37,calibration,er_d32,1000,32044,2026,0,grid_0.5,5,10,283800,25.106503961075873,24900
37,calibration,er_d32,1000,32044,2026,0,grid_8,5,11,376100,401.70406337721397,24900
37,density,er_d32,1000,32044,2026,333,binary,0,0,449700,0,0
37,density,er_d32,1000,32044,2026,333,std_binary,0,1,442700,0,0
37,density,er_d32,1000,32044,2026,333,mean_ring,0,2,332200,50.213007922151746,24900
37,density,er_d32,1000,32044,2026,333,fourary,0,3,425200,0,0
37,density,er_d32,1000,32044,2026,333,degree4,0,4,439800,0,70200
37,density,er_d32,1000,32044,2026,333,selected_grid,0,5,291800,25.106503961075873,27259000
37,density,er_d32,1000,32044,2026,333,max_maxdegree,0,6,392800,1.9230703869681407,38400
37,density,er_d32,1000,32044,2026,333,caliber,0,7,408700,0,42900
37,density,er_d32,1000,32044,2026,333,mean_map,0,8,335900,50.213007922151746,24900
37,density,er_d32,1000,32044,2026,333,mean_degree,0,9,401700,1.5670018699959978,24900
37,density,er_d32,1000,32044,2026,333,mean_degree,1,0,385400,1.5670018699959978,24900
37,density,er_d32,1000,32044,2026,333,mean_map,1,1,333500,50.213007922151746,24900
37,density,er_d32,1000,32044,2026,333,caliber,1,2,412300,0,42900
37,density,er_d32,1000,32044,2026,333,max_maxdegree,1,3,388200,1.9230703869681407,38400
37,density,er_d32,1000,32044,2026,333,selected_grid,1,4,306000,25.106503961075873,27259000
37,density,er_d32,1000,32044,2026,333,degree4,1,5,440800,0,70200
37,density,er_d32,1000,32044,2026,333,fourary,1,6,467900,0,0
37,density,er_d32,1000,32044,2026,333,mean_ring,1,7,360100,50.213007922151746,24900
37,density,er_d32,1000,32044,2026,333,std_binary,1,8,444200,0,0
37,density,er_d32,1000,32044,2026,333,binary,1,9,430900,0,0
37,density,er_d32,1000,32044,2026,333,mean_map,2,0,336000,50.213007922151746,24900
37,density,er_d32,1000,32044,2026,333,mean_degree,2,1,416600,1.5670018699959978,24900
37,density,er_d32,1000,32044,2026,333,fourary,2,2,424900,0,0
37,density,er_d32,1000,32044,2026,333,selected_grid,2,3,298400,25.106503961075873,27259000
37,density,er_d32,1000,32044,2026,333,std_binary,2,4,461700,0,0
37,density,er_d32,1000,32044,2026,333,degree4,2,5,510200,0,70200
37,density,er_d32,1000,32044,2026,333,binary,2,6,476500,0,0
37,density,er_d32,1000,32044,2026,333,caliber,2,7,511800,0,42900
37,density,er_d32,1000,32044,2026,333,max_maxdegree,2,8,501700,1.9230703869681407,38400
37,density,er_d32,1000,32044,2026,333,mean_ring,2,9,399600,50.213007922151746,24900
37,density,er_d32,1000,32044,2026,333,mean_ring,3,0,328200,50.213007922151746,24900
37,density,er_d32,1000,32044,2026,333,max_maxdegree,3,1,394500,1.9230703869681407,38400
37,density,er_d32,1000,32044,2026,333,caliber,3,2,412900,0,42900
37,density,er_d32,1000,32044,2026,333,binary,3,3,429500,0,0
37,density,er_d32,1000,32044,2026,333,degree4,3,4,447800,0,70200
37,density,er_d32,1000,32044,2026,333,std_binary,3,5,448100,0,0
37,density,er_d32,1000,32044,2026,333,selected_grid,3,6,296800,25.106503961075873,27259000
37,density,er_d32,1000,32044,2026,333,fourary,3,7,426800,0,0
37,density,er_d32,1000,32044,2026,333,mean_degree,3,8,425900,1.5670018699959978,24900
37,density,er_d32,1000,32044,2026,333,mean_map,3,9,348000,50.213007922151746,24900
37,density,er_d32,1000,32044,2026,333,mean_degree,4,0,428600,1.5670018699959978,24900
37,density,er_d32,1000,32044,2026,333,fourary,4,1,429700,0,0
37,density,er_d32,1000,32044,2026,333,selected_grid,4,2,325100,25.106503961075873,27259000
37,density,er_d32,1000,32044,2026,333,mean_map,4,3,375700,50.213007922151746,24900
37,density,er_d32,1000,32044,2026,333,binary,4,4,430800,0,0
37,density,er_d32,1000,32044,2026,333,mean_ring,4,5,332100,50.213007922151746,24900
37,density,er_d32,1000,32044,2026,333,std_binary,4,6,450900,0,0
37,density,er_d32,1000,32044,2026,333,degree4,4,7,438400,0,70200
37,density,er_d32,1000,32044,2026,333,caliber,4,8,425200,0,42900
37,density,er_d32,1000,32044,2026,333,max_maxdegree,4,9,409700,1.9230703869681407,38400
37,density,er_d32,1000,32044,2026,333,max_maxdegree,5,0,390000,1.9230703869681407,38400
37,density,er_d32,1000,32044,2026,333,caliber,5,1,780600,0,42900
37,density,er_d32,1000,32044,2026,333,degree4,5,2,476500,0,70200
37,density,er_d32,1000,32044,2026,333,std_binary,5,3,445400,0,0
37,density,er_d32,1000,32044,2026,333,mean_ring,5,4,331200,50.213007922151746,24900
37,density,er_d32,1000,32044,2026,333,binary,5,5,424900,0,0
37,density,er_d32,1000,32044,2026,333,mean_map,5,6,448200,50.213007922151746,24900
37,density,er_d32,1000,32044,2026,333,selected_grid,5,7,384900,25.106503961075873,27259000
37,density,er_d32,1000,32044,2026,333,fourary,5,8,551400,0,0
37,density,er_d32,1000,32044,2026,333,mean_degree,5,9,432200,1.5670018699959978,24900
37,density,er_d32,1000,32044,2026,333,selected_grid,6,0,375300,25.106503961075873,27259000
37,density,er_d32,1000,32044,2026,333,max_maxdegree,6,1,406600,1.9230703869681407,38400
37,density,er_d32,1000,32044,2026,333,fourary,6,2,428600,0,0
37,density,er_d32,1000,32044,2026,333,binary,6,3,451800,0,0
37,density,er_d32,1000,32044,2026,333,mean_degree,6,4,411700,1.5670018699959978,24900
37,density,er_d32,1000,32044,2026,333,mean_ring,6,5,342700,50.213007922151746,24900
37,density,er_d32,1000,32044,2026,333,degree4,6,6,450500,0,70200
37,density,er_d32,1000,32044,2026,333,caliber,6,7,409500,0,42900
37,density,er_d32,1000,32044,2026,333,std_binary,6,8,443100,0,0
37,density,er_d32,1000,32044,2026,333,mean_map,6,9,367400,50.213007922151746,24900
37,density,er_d32,1000,32044,2026,333,mean_map,7,0,334200,50.213007922151746,24900
37,density,er_d32,1000,32044,2026,333,std_binary,7,1,453800,0,0
37,density,er_d32,1000,32044,2026,333,caliber,7,2,428000,0,42900
37,density,er_d32,1000,32044,2026,333,degree4,7,3,537900,0,70200
37,density,er_d32,1000,32044,2026,333,mean_ring,7,4,335600,50.213007922151746,24900
37,density,er_d32,1000,32044,2026,333,mean_degree,7,5,413200,1.5670018699959978,24900
37,density,er_d32,1000,32044,2026,333,binary,7,6,433600,0,0
37,density,er_d32,1000,32044,2026,333,fourary,7,7,445700,0,0
37,density,er_d32,1000,32044,2026,333,max_maxdegree,7,8,403700,1.9230703869681407,38400
37,density,er_d32,1000,32044,2026,333,selected_grid,7,9,302200,25.106503961075873,27259000
37,density,er_d32,1000,32044,2026,666,degree4,0,0,426200,0,70200
37,density,er_d32,1000,32044,2026,666,selected_grid,0,1,282000,25.106503961075873,27259000
37,density,er_d32,1000,32044,2026,666,caliber,0,2,511600,0,42900
37,density,er_d32,1000,32044,2026,666,mean_degree,0,3,414800,1.5670018699959978,24900
37,density,er_d32,1000,32044,2026,666,std_binary,0,4,461200,0,0
37,density,er_d32,1000,32044,2026,666,max_maxdegree,0,5,387000,1.9230703869681407,38400
37,density,er_d32,1000,32044,2026,666,mean_ring,0,6,386800,50.213007922151746,24900
37,density,er_d32,1000,32044,2026,666,binary,0,7,430900,0,0
37,density,er_d32,1000,32044,2026,666,fourary,0,8,426700,0,0
37,density,er_d32,1000,32044,2026,666,mean_map,0,9,392900,50.213007922151746,24900
37,density,er_d32,1000,32044,2026,666,mean_map,1,0,388300,50.213007922151746,24900
37,density,er_d32,1000,32044,2026,666,fourary,1,1,432400,0,0
37,density,er_d32,1000,32044,2026,666,binary,1,2,429800,0,0
37,density,er_d32,1000,32044,2026,666,mean_ring,1,3,414700,50.213007922151746,24900
37,density,er_d32,1000,32044,2026,666,max_maxdegree,1,4,390400,1.9230703869681407,38400
37,density,er_d32,1000,32044,2026,666,std_binary,1,5,514800,0,0
37,density,er_d32,1000,32044,2026,666,mean_degree,1,6,502800,1.5670018699959978,24900
37,density,er_d32,1000,32044,2026,666,caliber,1,7,536000,0,42900
37,density,er_d32,1000,32044,2026,666,selected_grid,1,8,360100,25.106503961075873,27259000
37,density,er_d32,1000,32044,2026,666,degree4,1,9,581400,0,70200
37,density,er_d32,1000,32044,2026,666,mean_ring,2,0,476200,50.213007922151746,24900
37,density,er_d32,1000,32044,2026,666,fourary,2,1,517100,0,0
37,density,er_d32,1000,32044,2026,666,binary,2,2,443800,0,0
37,density,er_d32,1000,32044,2026,666,caliber,2,3,496400,0,42900
37,density,er_d32,1000,32044,2026,666,degree4,2,4,828000,0,70200
37,density,er_d32,1000,32044,2026,666,std_binary,2,5,620300,0,0
37,density,er_d32,1000,32044,2026,666,max_maxdegree,2,6,610900,1.9230703869681407,38400
37,density,er_d32,1000,32044,2026,666,mean_degree,2,7,699200,1.5670018699959978,24900
37,density,er_d32,1000,32044,2026,666,mean_map,2,8,477800,50.213007922151746,24900
37,density,er_d32,1000,32044,2026,666,selected_grid,2,9,288000,25.106503961075873,27259000
37,density,er_d32,1000,32044,2026,666,selected_grid,3,0,299300,25.106503961075873,27259000
37,density,er_d32,1000,32044,2026,666,mean_map,3,1,499600,50.213007922151746,24900
37,density,er_d32,1000,32044,2026,666,mean_degree,3,2,414100,1.5670018699959978,24900
37,density,er_d32,1000,32044,2026,666,max_maxdegree,3,3,392200,1.9230703869681407,38400
37,density,er_d32,1000,32044,2026,666,std_binary,3,4,461000,0,0
37,density,er_d32,1000,32044,2026,666,degree4,3,5,499500,0,70200
37,density,er_d32,1000,32044,2026,666,caliber,3,6,418600,0,42900
37,density,er_d32,1000,32044,2026,666,binary,3,7,450300,0,0
37,density,er_d32,1000,32044,2026,666,fourary,3,8,422200,0,0
37,density,er_d32,1000,32044,2026,666,mean_ring,3,9,401200,50.213007922151746,24900
37,density,er_d32,1000,32044,2026,666,mean_degree,4,0,411000,1.5670018699959978,24900
37,density,er_d32,1000,32044,2026,666,degree4,4,1,496500,0,70200
37,density,er_d32,1000,32044,2026,666,mean_map,4,2,416700,50.213007922151746,24900
37,density,er_d32,1000,32044,2026,666,caliber,4,3,444600,0,42900
37,density,er_d32,1000,32044,2026,666,selected_grid,4,4,306000,25.106503961075873,27259000
37,density,er_d32,1000,32044,2026,666,max_maxdegree,4,5,418300,1.9230703869681407,38400
37,density,er_d32,1000,32044,2026,666,fourary,4,6,434100,0,0
37,density,er_d32,1000,32044,2026,666,binary,4,7,425200,0,0
37,density,er_d32,1000,32044,2026,666,std_binary,4,8,460200,0,0
37,density,er_d32,1000,32044,2026,666,mean_ring,4,9,387500,50.213007922151746,24900
37,density,er_d32,1000,32044,2026,666,mean_ring,5,0,394700,50.213007922151746,24900
37,density,er_d32,1000,32044,2026,666,std_binary,5,1,445300,0,0
37,density,er_d32,1000,32044,2026,666,binary,5,2,444700,0,0
37,density,er_d32,1000,32044,2026,666,fourary,5,3,429400,0,0
37,density,er_d32,1000,32044,2026,666,max_maxdegree,5,4,427400,1.9230703869681407,38400
37,density,er_d32,1000,32044,2026,666,selected_grid,5,5,343600,25.106503961075873,27259000
37,density,er_d32,1000,32044,2026,666,caliber,5,6,412800,0,42900
37,density,er_d32,1000,32044,2026,666,mean_map,5,7,433900,50.213007922151746,24900
37,density,er_d32,1000,32044,2026,666,degree4,5,8,444600,0,70200
37,density,er_d32,1000,32044,2026,666,mean_degree,5,9,395900,1.5670018699959978,24900
37,density,er_d32,1000,32044,2026,666,degree4,6,0,540500,0,70200
37,density,er_d32,1000,32044,2026,666,max_maxdegree,6,1,385900,1.9230703869681407,38400
37,density,er_d32,1000,32044,2026,666,fourary,6,2,446800,0,0
37,density,er_d32,1000,32044,2026,666,std_binary,6,3,462900,0,0
37,density,er_d32,1000,32044,2026,666,selected_grid,6,4,310200,25.106503961075873,27259000
37,density,er_d32,1000,32044,2026,666,mean_map,6,5,409700,50.213007922151746,24900
37,density,er_d32,1000,32044,2026,666,mean_degree,6,6,393900,1.5670018699959978,24900
37,density,er_d32,1000,32044,2026,666,binary,6,7,476400,0,0
37,density,er_d32,1000,32044,2026,666,caliber,6,8,408000,0,42900
37,density,er_d32,1000,32044,2026,666,mean_ring,6,9,387400,50.213007922151746,24900
37,density,er_d32,1000,32044,2026,666,mean_ring,7,0,439300,50.213007922151746,24900
37,density,er_d32,1000,32044,2026,666,caliber,7,1,422000,0,42900
37,density,er_d32,1000,32044,2026,666,binary,7,2,425900,0,0
37,density,er_d32,1000,32044,2026,666,mean_degree,7,3,404000,1.5670018699959978,24900
37,density,er_d32,1000,32044,2026,666,mean_map,7,4,392300,50.213007922151746,24900
37,density,er_d32,1000,32044,2026,666,selected_grid,7,5,296900,25.106503961075873,27259000
37,density,er_d32,1000,32044,2026,666,std_binary,7,6,456200,0,0
37,density,er_d32,1000,32044,2026,666,fourary,7,7,431600,0,0
37,density,er_d32,1000,32044,2026,666,max_maxdegree,7,8,381100,1.9230703869681407,38400
37,density,er_d32,1000,32044,2026,666,degree4,7,9,436800,0,70200
38,calibration,er_d64,1000,63889,2026,0,grid_0.25,0,0,446800,12.58095370662091,49500
38,calibration,er_d64,1000,63889,2026,0,grid_0.1,0,1,503700,5.032381482648365,49500
38,calibration,er_d64,1000,63889,2026,0,grid_1.5,0,2,742100,75.48572223972546,49500
38,calibration,er_d64,1000,63889,2026,0,grid_0.03125,0,3,606500,1.5726192133276138,49500
38,calibration,er_d64,1000,63889,2026,0,grid_4,0,4,610300,201.29525930593456,49500
38,calibration,er_d64,1000,63889,2026,0,grid_0.05,0,5,570100,2.5161907413241824,49500
38,calibration,er_d64,1000,63889,2026,0,grid_2,0,6,777000,100.64762965296728,49500
38,calibration,er_d64,1000,63889,2026,0,grid_8,0,7,616800,402.59051861186913,49500
38,calibration,er_d64,1000,63889,2026,0,grid_1,0,8,643700,50.32381482648364,49500
38,calibration,er_d64,1000,63889,2026,0,grid_16,0,9,627700,805.1810372237383,49500
38,calibration,er_d64,1000,63889,2026,0,grid_0.75,0,10,567400,37.74286111986273,49500
38,calibration,er_d64,1000,63889,2026,0,grid_0.5,0,11,510900,25.16190741324182,49500
38,calibration,er_d64,1000,63889,2026,0,grid_0.5,1,0,579200,25.16190741324182,49500
38,calibration,er_d64,1000,63889,2026,0,grid_0.75,1,1,1435000,37.74286111986273,49500
38,calibration,er_d64,1000,63889,2026,0,grid_16,1,2,677400,805.1810372237383,49500
38,calibration,er_d64,1000,63889,2026,0,grid_1,1,3,714400,50.32381482648364,49500
38,calibration,er_d64,1000,63889,2026,0,grid_8,1,4,689700,402.59051861186913,49500
38,calibration,er_d64,1000,63889,2026,0,grid_2,1,5,727800,100.64762965296728,49500
38,calibration,er_d64,1000,63889,2026,0,grid_0.05,1,6,774100,2.5161907413241824,49500
38,calibration,er_d64,1000,63889,2026,0,grid_4,1,7,618400,201.29525930593456,49500
38,calibration,er_d64,1000,63889,2026,0,grid_0.03125,1,8,575500,1.5726192133276138,49500
38,calibration,er_d64,1000,63889,2026,0,grid_1.5,1,9,651900,75.48572223972546,49500
38,calibration,er_d64,1000,63889,2026,0,grid_0.1,1,10,492100,5.032381482648365,49500
38,calibration,er_d64,1000,63889,2026,0,grid_0.25,1,11,454600,12.58095370662091,49500
38,calibration,er_d64,1000,63889,2026,0,grid_0.05,2,0,547000,2.5161907413241824,49500
38,calibration,er_d64,1000,63889,2026,0,grid_0.5,2,1,525000,25.16190741324182,49500
38,calibration,er_d64,1000,63889,2026,0,grid_0.25,2,2,443100,12.58095370662091,49500
38,calibration,er_d64,1000,63889,2026,0,grid_8,2,3,622200,402.59051861186913,49500
38,calibration,er_d64,1000,63889,2026,0,grid_0.1,2,4,500500,5.032381482648365,49500
38,calibration,er_d64,1000,63889,2026,0,grid_4,2,5,635700,201.29525930593456,49500
38,calibration,er_d64,1000,63889,2026,0,grid_2,2,6,620700,100.64762965296728,49500
38,calibration,er_d64,1000,63889,2026,0,grid_0.03125,2,7,578700,1.5726192133276138,49500
38,calibration,er_d64,1000,63889,2026,0,grid_0.75,2,8,585800,37.74286111986273,49500
38,calibration,er_d64,1000,63889,2026,0,grid_1.5,2,9,628700,75.48572223972546,49500
38,calibration,er_d64,1000,63889,2026,0,grid_1,2,10,593100,50.32381482648364,49500
38,calibration,er_d64,1000,63889,2026,0,grid_16,2,11,644600,805.1810372237383,49500
38,calibration,er_d64,1000,63889,2026,0,grid_16,3,0,753500,805.1810372237383,49500
38,calibration,er_d64,1000,63889,2026,0,grid_1,3,1,648300,50.32381482648364,49500
38,calibration,er_d64,1000,63889,2026,0,grid_1.5,3,2,678500,75.48572223972546,49500
38,calibration,er_d64,1000,63889,2026,0,grid_0.75,3,3,586700,37.74286111986273,49500
38,calibration,er_d64,1000,63889,2026,0,grid_0.03125,3,4,588700,1.5726192133276138,49500
38,calibration,er_d64,1000,63889,2026,0,grid_2,3,5,644500,100.64762965296728,49500
38,calibration,er_d64,1000,63889,2026,0,grid_4,3,6,619300,201.29525930593456,49500
38,calibration,er_d64,1000,63889,2026,0,grid_0.1,3,7,514100,5.032381482648365,49500
38,calibration,er_d64,1000,63889,2026,0,grid_8,3,8,638800,402.59051861186913,49500
38,calibration,er_d64,1000,63889,2026,0,grid_0.25,3,9,446800,12.58095370662091,49500
38,calibration,er_d64,1000,63889,2026,0,grid_0.5,3,10,531600,25.16190741324182,49500
38,calibration,er_d64,1000,63889,2026,0,grid_0.05,3,11,547200,2.5161907413241824,49500
38,calibration,er_d64,1000,63889,2026,0,grid_8,4,0,625700,402.59051861186913,49500
38,calibration,er_d64,1000,63889,2026,0,grid_0.5,4,1,512100,25.16190741324182,49500
38,calibration,er_d64,1000,63889,2026,0,grid_1,4,2,593200,50.32381482648364,49500
38,calibration,er_d64,1000,63889,2026,0,grid_0.05,4,3,796100,2.5161907413241824,49500
38,calibration,er_d64,1000,63889,2026,0,grid_16,4,4,767400,805.1810372237383,49500
38,calibration,er_d64,1000,63889,2026,0,grid_0.03125,4,5,600200,1.5726192133276138,49500
38,calibration,er_d64,1000,63889,2026,0,grid_1.5,4,6,767400,75.48572223972546,49500
38,calibration,er_d64,1000,63889,2026,0,grid_0.25,4,7,448800,12.58095370662091,49500
38,calibration,er_d64,1000,63889,2026,0,grid_4,4,8,632000,201.29525930593456,49500
38,calibration,er_d64,1000,63889,2026,0,grid_2,4,9,643700,100.64762965296728,49500
38,calibration,er_d64,1000,63889,2026,0,grid_0.75,4,10,568300,37.74286111986273,49500
38,calibration,er_d64,1000,63889,2026,0,grid_0.1,4,11,494400,5.032381482648365,49500
38,calibration,er_d64,1000,63889,2026,0,grid_0.1,5,0,478200,5.032381482648365,49500
38,calibration,er_d64,1000,63889,2026,0,grid_0.75,5,1,581800,37.74286111986273,49500
38,calibration,er_d64,1000,63889,2026,0,grid_2,5,2,621500,100.64762965296728,49500
38,calibration,er_d64,1000,63889,2026,0,grid_4,5,3,636600,201.29525930593456,49500
38,calibration,er_d64,1000,63889,2026,0,grid_0.25,5,4,456000,12.58095370662091,49500
38,calibration,er_d64,1000,63889,2026,0,grid_1.5,5,5,683300,75.48572223972546,49500
38,calibration,er_d64,1000,63889,2026,0,grid_0.03125,5,6,583200,1.5726192133276138,49500
38,calibration,er_d64,1000,63889,2026,0,grid_16,5,7,655700,805.1810372237383,49500
38,calibration,er_d64,1000,63889,2026,0,grid_0.05,5,8,623900,2.5161907413241824,49500
38,calibration,er_d64,1000,63889,2026,0,grid_1,5,9,616400,50.32381482648364,49500
38,calibration,er_d64,1000,63889,2026,0,grid_0.5,5,10,595400,25.16190741324182,49500
38,calibration,er_d64,1000,63889,2026,0,grid_8,5,11,626400,402.59051861186913,49500
38,density,er_d64,1000,63889,2026,333,binary,0,0,638400,0,0
38,density,er_d64,1000,63889,2026,333,std_binary,0,1,617200,0,0
38,density,er_d64,1000,63889,2026,333,mean_ring,0,2,642500,50.32381482648364,49500
38,density,er_d64,1000,63889,2026,333,fourary,0,3,591100,0,0
38,density,er_d64,1000,63889,2026,333,degree4,0,4,577900,0,117500
38,density,er_d64,1000,63889,2026,333,selected_grid,0,5,510100,12.58095370662091,44544000
38,density,er_d64,1000,63889,2026,333,max_maxdegree,0,6,635200,1.1494213807165898,66000
38,density,er_d64,1000,63889,2026,333,caliber,0,7,546900,0,76600
38,density,er_d64,1000,63889,2026,333,mean_map,0,8,638400,50.32381482648364,49500
38,density,er_d64,1000,63889,2026,333,mean_degree,0,9,613200,0.78767573176108,49500
38,density,er_d64,1000,63889,2026,333,mean_degree,1,0,1166100,0.78767573176108,49500
38,density,er_d64,1000,63889,2026,333,mean_map,1,1,777100,50.32381482648364,49500
38,density,er_d64,1000,63889,2026,333,caliber,1,2,557300,0,76600
38,density,er_d64,1000,63889,2026,333,max_maxdegree,1,3,603400,1.1494213807165898,66000
38,density,er_d64,1000,63889,2026,333,selected_grid,1,4,518900,12.58095370662091,44544000
38,density,er_d64,1000,63889,2026,333,degree4,1,5,628800,0,117500
38,density,er_d64,1000,63889,2026,333,fourary,1,6,569000,0,0
38,density,er_d64,1000,63889,2026,333,mean_ring,1,7,648500,50.32381482648364,49500
38,density,er_d64,1000,63889,2026,333,std_binary,1,8,640000,0,0
38,density,er_d64,1000,63889,2026,333,binary,1,9,564000,0,0
38,density,er_d64,1000,63889,2026,333,mean_map,2,0,653800,50.32381482648364,49500
38,density,er_d64,1000,63889,2026,333,mean_degree,2,1,631900,0.78767573176108,49500
38,density,er_d64,1000,63889,2026,333,fourary,2,2,575200,0,0
38,density,er_d64,1000,63889,2026,333,selected_grid,2,3,508100,12.58095370662091,44544000
38,density,er_d64,1000,63889,2026,333,std_binary,2,4,605200,0,0
38,density,er_d64,1000,63889,2026,333,degree4,2,5,586600,0,117500
38,density,er_d64,1000,63889,2026,333,binary,2,6,620900,0,0
38,density,er_d64,1000,63889,2026,333,caliber,2,7,547600,0,76600
38,density,er_d64,1000,63889,2026,333,max_maxdegree,2,8,633200,1.1494213807165898,66000
38,density,er_d64,1000,63889,2026,333,mean_ring,2,9,758500,50.32381482648364,49500
38,density,er_d64,1000,63889,2026,333,mean_ring,3,0,938000,50.32381482648364,49500
38,density,er_d64,1000,63889,2026,333,max_maxdegree,3,1,646000,1.1494213807165898,66000
38,density,er_d64,1000,63889,2026,333,caliber,3,2,543800,0,76600
38,density,er_d64,1000,63889,2026,333,binary,3,3,566300,0,0
38,density,er_d64,1000,63889,2026,333,degree4,3,4,590000,0,117500
38,density,er_d64,1000,63889,2026,333,std_binary,3,5,613300,0,0
38,density,er_d64,1000,63889,2026,333,selected_grid,3,6,514300,12.58095370662091,44544000
38,density,er_d64,1000,63889,2026,333,fourary,3,7,658300,0,0
38,density,er_d64,1000,63889,2026,333,mean_degree,3,8,794800,0.78767573176108,49500
38,density,er_d64,1000,63889,2026,333,mean_map,3,9,685600,50.32381482648364,49500
38,density,er_d64,1000,63889,2026,333,mean_degree,4,0,640500,0.78767573176108,49500
38,density,er_d64,1000,63889,2026,333,fourary,4,1,591500,0,0
38,density,er_d64,1000,63889,2026,333,selected_grid,4,2,520500,12.58095370662091,44544000
38,density,er_d64,1000,63889,2026,333,mean_map,4,3,639700,50.32381482648364,49500
38,density,er_d64,1000,63889,2026,333,binary,4,4,587700,0,0
38,density,er_d64,1000,63889,2026,333,mean_ring,4,5,646600,50.32381482648364,49500
38,density,er_d64,1000,63889,2026,333,std_binary,4,6,627700,0,0
38,density,er_d64,1000,63889,2026,333,degree4,4,7,589100,0,117500
38,density,er_d64,1000,63889,2026,333,caliber,4,8,552100,0,76600
38,density,er_d64,1000,63889,2026,333,max_maxdegree,4,9,595200,1.1494213807165898,66000
38,density,er_d64,1000,63889,2026,333,max_maxdegree,5,0,588600,1.1494213807165898,66000
38,density,er_d64,1000,63889,2026,333,caliber,5,1,553500,0,76600
38,density,er_d64,1000,63889,2026,333,degree4,5,2,628100,0,117500
38,density,er_d64,1000,63889,2026,333,std_binary,5,3,689800,0,0
38,density,er_d64,1000,63889,2026,333,mean_ring,5,4,647100,50.32381482648364,49500
38,density,er_d64,1000,63889,2026,333,binary,5,5,559300,0,0
38,density,er_d64,1000,63889,2026,333,mean_map,5,6,826000,50.32381482648364,49500
38,density,er_d64,1000,63889,2026,333,selected_grid,5,7,566800,12.58095370662091,44544000
38,density,er_d64,1000,63889,2026,333,fourary,5,8,684300,0,0
38,density,er_d64,1000,63889,2026,333,mean_degree,5,9,906200,0.78767573176108,49500
38,density,er_d64,1000,63889,2026,333,selected_grid,6,0,913100,12.58095370662091,44544000
38,density,er_d64,1000,63889,2026,333,max_maxdegree,6,1,615600,1.1494213807165898,66000
38,density,er_d64,1000,63889,2026,333,fourary,6,2,716700,0,0
38,density,er_d64,1000,63889,2026,333,binary,6,3,616900,0,0
38,density,er_d64,1000,63889,2026,333,mean_degree,6,4,720500,0.78767573176108,49500
38,density,er_d64,1000,63889,2026,333,mean_ring,6,5,700400,50.32381482648364,49500
38,density,er_d64,1000,63889,2026,333,degree4,6,6,615300,0,117500
38,density,er_d64,1000,63889,2026,333,caliber,6,7,577800,0,76600
38,density,er_d64,1000,63889,2026,333,std_binary,6,8,618100,0,0
38,density,er_d64,1000,63889,2026,333,mean_map,6,9,666100,50.32381482648364,49500
38,density,er_d64,1000,63889,2026,333,mean_map,7,0,695900,50.32381482648364,49500
38,density,er_d64,1000,63889,2026,333,std_binary,7,1,605200,0,0
38,density,er_d64,1000,63889,2026,333,caliber,7,2,549800,0,76600
38,density,er_d64,1000,63889,2026,333,degree4,7,3,582000,0,117500
38,density,er_d64,1000,63889,2026,333,mean_ring,7,4,657700,50.32381482648364,49500
38,density,er_d64,1000,63889,2026,333,mean_degree,7,5,674900,0.78767573176108,49500
38,density,er_d64,1000,63889,2026,333,binary,7,6,570700,0,0
38,density,er_d64,1000,63889,2026,333,fourary,7,7,582800,0,0
38,density,er_d64,1000,63889,2026,333,max_maxdegree,7,8,793600,1.1494213807165898,66000
38,density,er_d64,1000,63889,2026,333,selected_grid,7,9,511600,12.58095370662091,44544000
38,density,er_d64,1000,63889,2026,666,degree4,0,0,599900,0,117500
38,density,er_d64,1000,63889,2026,666,selected_grid,0,1,541400,12.58095370662091,44544000
38,density,er_d64,1000,63889,2026,666,caliber,0,2,605600,0,76600
38,density,er_d64,1000,63889,2026,666,mean_degree,0,3,789100,0.78767573176108,49500
38,density,er_d64,1000,63889,2026,666,std_binary,0,4,782700,0,0
38,density,er_d64,1000,63889,2026,666,max_maxdegree,0,5,633400,1.1494213807165898,66000
38,density,er_d64,1000,63889,2026,666,mean_ring,0,6,622400,50.32381482648364,49500
38,density,er_d64,1000,63889,2026,666,binary,0,7,795700,0,0
38,density,er_d64,1000,63889,2026,666,fourary,0,8,700900,0,0
38,density,er_d64,1000,63889,2026,666,mean_map,0,9,630300,50.32381482648364,49500
38,density,er_d64,1000,63889,2026,666,mean_map,1,0,786700,50.32381482648364,49500
38,density,er_d64,1000,63889,2026,666,fourary,1,1,624500,0,0
38,density,er_d64,1000,63889,2026,666,binary,1,2,694600,0,0
38,density,er_d64,1000,63889,2026,666,mean_ring,1,3,680600,50.32381482648364,49500
38,density,er_d64,1000,63889,2026,666,max_maxdegree,1,4,616600,1.1494213807165898,66000
38,density,er_d64,1000,63889,2026,666,std_binary,1,5,665000,0,0
38,density,er_d64,1000,63889,2026,666,mean_degree,1,6,661700,0.78767573176108,49500
38,density,er_d64,1000,63889,2026,666,caliber,1,7,560600,0,76600
38,density,er_d64,1000,63889,2026,666,selected_grid,1,8,526700,12.58095370662091,44544000
38,density,er_d64,1000,63889,2026,666,degree4,1,9,598600,0,117500
38,density,er_d64,1000,63889,2026,666,mean_ring,2,0,651300,50.32381482648364,49500
38,density,er_d64,1000,63889,2026,666,fourary,2,1,677200,0,0
38,density,er_d64,1000,63889,2026,666,binary,2,2,605400,0,0
38,density,er_d64,1000,63889,2026,666,caliber,2,3,592900,0,76600
38,density,er_d64,1000,63889,2026,666,degree4,2,4,642200,0,117500
38,density,er_d64,1000,63889,2026,666,std_binary,2,5,643300,0,0
38,density,er_d64,1000,63889,2026,666,max_maxdegree,2,6,622500,1.1494213807165898,66000
38,density,er_d64,1000,63889,2026,666,mean_degree,2,7,716100,0.78767573176108,49500
38,density,er_d64,1000,63889,2026,666,mean_map,2,8,670000,50.32381482648364,49500
38,density,er_d64,1000,63889,2026,666,selected_grid,2,9,529600,12.58095370662091,44544000
38,density,er_d64,1000,63889,2026,666,selected_grid,3,0,502200,12.58095370662091,44544000
38,density,er_d64,1000,63889,2026,666,mean_map,3,1,756600,50.32381482648364,49500
38,density,er_d64,1000,63889,2026,666,mean_degree,3,2,677700,0.78767573176108,49500
38,density,er_d64,1000,63889,2026,666,max_maxdegree,3,3,605700,1.1494213807165898,66000
38,density,er_d64,1000,63889,2026,666,std_binary,3,4,659600,0,0
38,density,er_d64,1000,63889,2026,666,degree4,3,5,600300,0,117500
38,density,er_d64,1000,63889,2026,666,caliber,3,6,586000,0,76600
38,density,er_d64,1000,63889,2026,666,binary,3,7,610600,0,0
38,density,er_d64,1000,63889,2026,666,fourary,3,8,583000,0,0
38,density,er_d64,1000,63889,2026,666,mean_ring,3,9,645600,50.32381482648364,49500
38,density,er_d64,1000,63889,2026,666,mean_degree,4,0,906600,0.78767573176108,49500
38,density,er_d64,1000,63889,2026,666,degree4,4,1,734300,0,117500
38,density,er_d64,1000,63889,2026,666,mean_map,4,2,635100,50.32381482648364,49500
38,density,er_d64,1000,63889,2026,666,caliber,4,3,586200,0,76600
38,density,er_d64,1000,63889,2026,666,selected_grid,4,4,506900,12.58095370662091,44544000
38,density,er_d64,1000,63889,2026,666,max_maxdegree,4,5,642900,1.1494213807165898,66000
38,density,er_d64,1000,63889,2026,666,fourary,4,6,721000,0,0
38,density,er_d64,1000,63889,2026,666,binary,4,7,590600,0,0
38,density,er_d64,1000,63889,2026,666,std_binary,4,8,665400,0,0
38,density,er_d64,1000,63889,2026,666,mean_ring,4,9,640600,50.32381482648364,49500
38,density,er_d64,1000,63889,2026,666,mean_ring,5,0,679400,50.32381482648364,49500
38,density,er_d64,1000,63889,2026,666,std_binary,5,1,807400,0,0
38,density,er_d64,1000,63889,2026,666,binary,5,2,767700,0,0
38,density,er_d64,1000,63889,2026,666,fourary,5,3,595900,0,0
38,density,er_d64,1000,63889,2026,666,max_maxdegree,5,4,695700,1.1494213807165898,66000
38,density,er_d64,1000,63889,2026,666,selected_grid,5,5,511200,12.58095370662091,44544000
38,density,er_d64,1000,63889,2026,666,caliber,5,6,1135300,0,76600
38,density,er_d64,1000,63889,2026,666,mean_map,5,7,1029500,50.32381482648364,49500
38,density,er_d64,1000,63889,2026,666,degree4,5,8,792200,0,117500
38,density,er_d64,1000,63889,2026,666,mean_degree,5,9,812100,0.78767573176108,49500
38,density,er_d64,1000,63889,2026,666,degree4,6,0,616600,0,117500
38,density,er_d64,1000,63889,2026,666,max_maxdegree,6,1,611300,1.1494213807165898,66000
38,density,er_d64,1000,63889,2026,666,fourary,6,2,582800,0,0
38,density,er_d64,1000,63889,2026,666,std_binary,6,3,689200,0,0
38,density,er_d64,1000,63889,2026,666,selected_grid,6,4,528200,12.58095370662091,44544000
38,density,er_d64,1000,63889,2026,666,mean_map,6,5,632100,50.32381482648364,49500
38,density,er_d64,1000,63889,2026,666,mean_degree,6,6,734700,0.78767573176108,49500
38,density,er_d64,1000,63889,2026,666,binary,6,7,584300,0,0
38,density,er_d64,1000,63889,2026,666,caliber,6,8,565100,0,76600
38,density,er_d64,1000,63889,2026,666,mean_ring,6,9,639700,50.32381482648364,49500
38,density,er_d64,1000,63889,2026,666,mean_ring,7,0,617900,50.32381482648364,49500
38,density,er_d64,1000,63889,2026,666,caliber,7,1,622300,0,76600
38,density,er_d64,1000,63889,2026,666,binary,7,2,590900,0,0
38,density,er_d64,1000,63889,2026,666,mean_degree,7,3,646600,0.78767573176108,49500
38,density,er_d64,1000,63889,2026,666,mean_map,7,4,710800,50.32381482648364,49500
38,density,er_d64,1000,63889,2026,666,selected_grid,7,5,639600,12.58095370662091,44544000
38,density,er_d64,1000,63889,2026,666,std_binary,7,6,759500,0,0
38,density,er_d64,1000,63889,2026,666,fourary,7,7,693800,0,0
38,density,er_d64,1000,63889,2026,666,max_maxdegree,7,8,642500,1.1494213807165898,66000
38,density,er_d64,1000,63889,2026,666,degree4,7,9,615800,0,117500
39,calibration,er_d128,1000,127918,2026,0,grid_0.25,0,0,821000,12.604322853061968,103800
39,calibration,er_d128,1000,127918,2026,0,grid_0.1,0,1,806000,5.0417291412247875,103800
39,calibration,er_d128,1000,127918,2026,0,grid_1.5,0,2,1039300,75.62593711837181,103800
39,calibration,er_d128,1000,127918,2026,0,grid_0.03125,0,3,989600,1.575540356632746,103800
39,calibration,er_d128,1000,127918,2026,0,grid_4,0,4,1046700,201.66916564899148,103800
39,calibration,er_d128,1000,127918,2026,0,grid_0.05,0,5,884500,2.5208645706123938,103800
39,calibration,er_d128,1000,127918,2026,0,grid_2,0,6,999300,100.83458282449574,103800
39,calibration,er_d128,1000,127918,2026,0,grid_8,0,7,1118000,403.33833129798296,103800
39,calibration,er_d128,1000,127918,2026,0,grid_1,0,8,983100,50.41729141224787,103800
39,calibration,er_d128,1000,127918,2026,0,grid_16,0,9,992700,806.6766625959659,103800
39,calibration,er_d128,1000,127918,2026,0,grid_0.75,0,10,1358300,37.812968559185904,103800
39,calibration,er_d128,1000,127918,2026,0,grid_0.5,0,11,976400,25.208645706123935,103800
39,calibration,er_d128,1000,127918,2026,0,grid_0.5,1,0,984200,25.208645706123935,103800
39,calibration,er_d128,1000,127918,2026,0,grid_0.75,1,1,989500,37.812968559185904,103800
39,calibration,er_d128,1000,127918,2026,0,grid_16,1,2,1040100,806.6766625959659,103800
39,calibration,er_d128,1000,127918,2026,0,grid_1,1,3,1002800,50.41729141224787,103800
39,calibration,er_d128,1000,127918,2026,0,grid_8,1,4,1039100,403.33833129798296,103800
39,calibration,er_d128,1000,127918,2026,0,grid_2,1,5,1036900,100.83458282449574,103800
39,calibration,er_d128,1000,127918,2026,0,grid_0.05,1,6,907600,2.5208645706123938,103800
39,calibration,er_d128,1000,127918,2026,0,grid_4,1,7,1045000,201.66916564899148,103800
39,calibration,er_d128,1000,127918,2026,0,grid_0.03125,1,8,925300,1.575540356632746,103800
39,calibration,er_d128,1000,127918,2026,0,grid_1.5,1,9,1043300,75.62593711837181,103800
39,calibration,er_d128,1000,127918,2026,0,grid_0.1,1,10,830900,5.0417291412247875,103800
39,calibration,er_d128,1000,127918,2026,0,grid_0.25,1,11,818100,12.604322853061968,103800
39,calibration,er_d128,1000,127918,2026,0,grid_0.05,2,0,881500,2.5208645706123938,103800
39,calibration,er_d128,1000,127918,2026,0,grid_0.5,2,1,968700,25.208645706123935,103800
39,calibration,er_d128,1000,127918,2026,0,grid_0.25,2,2,928900,12.604322853061968,103800
39,calibration,er_d128,1000,127918,2026,0,grid_8,2,3,1192300,403.33833129798296,103800
39,calibration,er_d128,1000,127918,2026,0,grid_0.1,2,4,932000,5.0417291412247875,103800
39,calibration,er_d128,1000,127918,2026,0,grid_4,2,5,1229400,201.66916564899148,103800
39,calibration,er_d128,1000,127918,2026,0,grid_2,2,6,1042600,100.83458282449574,103800
39,calibration,er_d128,1000,127918,2026,0,grid_0.03125,2,7,902800,1.575540356632746,103800
39,calibration,er_d128,1000,127918,2026,0,grid_0.75,2,8,1014700,37.812968559185904,103800
39,calibration,er_d128,1000,127918,2026,0,grid_1.5,2,9,1025000,75.62593711837181,103800
39,calibration,er_d128,1000,127918,2026,0,grid_1,2,10,1017600,50.41729141224787,103800
39,calibration,er_d128,1000,127918,2026,0,grid_16,2,11,1005500,806.6766625959659,103800
39,calibration,er_d128,1000,127918,2026,0,grid_16,3,0,1000200,806.6766625959659,103800
39,calibration,er_d128,1000,127918,2026,0,grid_1,3,1,997300,50.41729141224787,103800
39,calibration,er_d128,1000,127918,2026,0,grid_1.5,3,2,1025700,75.62593711837181,103800
39,calibration,er_d128,1000,127918,2026,0,grid_0.75,3,3,1062300,37.812968559185904,103800
39,calibration,er_d128,1000,127918,2026,0,grid_0.03125,3,4,885600,1.575540356632746,103800
39,calibration,er_d128,1000,127918,2026,0,grid_2,3,5,1255400,100.83458282449574,103800
39,calibration,er_d128,1000,127918,2026,0,grid_4,3,6,1038200,201.66916564899148,103800
39,calibration,er_d128,1000,127918,2026,0,grid_0.1,3,7,833100,5.0417291412247875,103800
39,calibration,er_d128,1000,127918,2026,0,grid_8,3,8,1042100,403.33833129798296,103800
39,calibration,er_d128,1000,127918,2026,0,grid_0.25,3,9,807400,12.604322853061968,103800
39,calibration,er_d128,1000,127918,2026,0,grid_0.5,3,10,985400,25.208645706123935,103800
39,calibration,er_d128,1000,127918,2026,0,grid_0.05,3,11,902300,2.5208645706123938,103800
39,calibration,er_d128,1000,127918,2026,0,grid_8,4,0,1017500,403.33833129798296,103800
39,calibration,er_d128,1000,127918,2026,0,grid_0.5,4,1,936800,25.208645706123935,103800
39,calibration,er_d128,1000,127918,2026,0,grid_1,4,2,1186400,50.41729141224787,103800
39,calibration,er_d128,1000,127918,2026,0,grid_0.05,4,3,862500,2.5208645706123938,103800
39,calibration,er_d128,1000,127918,2026,0,grid_16,4,4,1078600,806.6766625959659,103800
39,calibration,er_d128,1000,127918,2026,0,grid_0.03125,4,5,885800,1.575540356632746,103800
39,calibration,er_d128,1000,127918,2026,0,grid_1.5,4,6,1006900,75.62593711837181,103800
39,calibration,er_d128,1000,127918,2026,0,grid_0.25,4,7,790800,12.604322853061968,103800
39,calibration,er_d128,1000,127918,2026,0,grid_4,4,8,998800,201.66916564899148,103800
39,calibration,er_d128,1000,127918,2026,0,grid_2,4,9,1000800,100.83458282449574,103800
39,calibration,er_d128,1000,127918,2026,0,grid_0.75,4,10,959900,37.812968559185904,103800
39,calibration,er_d128,1000,127918,2026,0,grid_0.1,4,11,791100,5.0417291412247875,103800
39,calibration,er_d128,1000,127918,2026,0,grid_0.1,5,0,892700,5.0417291412247875,103800
39,calibration,er_d128,1000,127918,2026,0,grid_0.75,5,1,1117700,37.812968559185904,103800
39,calibration,er_d128,1000,127918,2026,0,grid_2,5,2,1104900,100.83458282449574,103800
39,calibration,er_d128,1000,127918,2026,0,grid_4,5,3,1010900,201.66916564899148,103800
39,calibration,er_d128,1000,127918,2026,0,grid_0.25,5,4,877600,12.604322853061968,103800
39,calibration,er_d128,1000,127918,2026,0,grid_1.5,5,5,1035700,75.62593711837181,103800
39,calibration,er_d128,1000,127918,2026,0,grid_0.03125,5,6,896800,1.575540356632746,103800
39,calibration,er_d128,1000,127918,2026,0,grid_16,5,7,997200,806.6766625959659,103800
39,calibration,er_d128,1000,127918,2026,0,grid_0.05,5,8,958600,2.5208645706123938,103800
39,calibration,er_d128,1000,127918,2026,0,grid_1,5,9,1272600,50.41729141224787,103800
39,calibration,er_d128,1000,127918,2026,0,grid_0.5,5,10,987100,25.208645706123935,103800
39,calibration,er_d128,1000,127918,2026,0,grid_8,5,11,1125900,403.33833129798296,103800
39,density,er_d128,1000,127918,2026,333,binary,0,0,812600,0,0
39,density,er_d128,1000,127918,2026,333,std_binary,0,1,851700,0,0
39,density,er_d128,1000,127918,2026,333,mean_ring,0,2,991400,50.41729141224787,103800
39,density,er_d128,1000,127918,2026,333,fourary,0,3,762800,0,0
39,density,er_d128,1000,127918,2026,333,degree4,0,4,757100,0,103500
39,density,er_d128,1000,127918,2026,333,selected_grid,0,5,974300,12.604322853061968,71699700
39,density,er_d128,1000,127918,2026,333,max_maxdegree,0,6,1039300,0.6329092412806538,134500
39,density,er_d128,1000,127918,2026,333,caliber,0,7,741800,0,150300
39,density,er_d128,1000,127918,2026,333,mean_map,0,8,1091900,50.41729141224787,103800
39,density,er_d128,1000,127918,2026,333,mean_degree,0,9,1082200,0.39413758354764666,103800
39,density,er_d128,1000,127918,2026,333,mean_degree,1,0,1144500,0.39413758354764666,103800
39,density,er_d128,1000,127918,2026,333,mean_map,1,1,1002800,50.41729141224787,103800
39,density,er_d128,1000,127918,2026,333,caliber,1,2,698500,0,150300
39,density,er_d128,1000,127918,2026,333,max_maxdegree,1,3,952100,0.6329092412806538,134500
39,density,er_d128,1000,127918,2026,333,selected_grid,1,4,774900,12.604322853061968,71699700
39,density,er_d128,1000,127918,2026,333,degree4,1,5,759100,0,103500
39,density,er_d128,1000,127918,2026,333,fourary,1,6,709900,0,0
39,density,er_d128,1000,127918,2026,333,mean_ring,1,7,953700,50.41729141224787,103800
39,density,er_d128,1000,127918,2026,333,std_binary,1,8,827000,0,0
39,density,er_d128,1000,127918,2026,333,binary,1,9,701500,0,0
39,density,er_d128,1000,127918,2026,333,mean_map,2,0,981000,50.41729141224787,103800
39,density,er_d128,1000,127918,2026,333,mean_degree,2,1,1061600,0.39413758354764666,103800
39,density,er_d128,1000,127918,2026,333,fourary,2,2,713300,0,0
39,density,er_d128,1000,127918,2026,333,selected_grid,2,3,757500,12.604322853061968,71699700
39,density,er_d128,1000,127918,2026,333,std_binary,2,4,853500,0,0
39,density,er_d128,1000,127918,2026,333,degree4,2,5,726000,0,103500
39,density,er_d128,1000,127918,2026,333,binary,2,6,702500,0,0
39,density,er_d128,1000,127918,2026,333,caliber,2,7,689600,0,150300
39,density,er_d128,1000,127918,2026,333,max_maxdegree,2,8,947800,0.6329092412806538,134500
39,density,er_d128,1000,127918,2026,333,mean_ring,2,9,982500,50.41729141224787,103800
39,density,er_d128,1000,127918,2026,333,mean_ring,3,0,995100,50.41729141224787,103800
39,density,er_d128,1000,127918,2026,333,max_maxdegree,3,1,986000,0.6329092412806538,134500
39,density,er_d128,1000,127918,2026,333,caliber,3,2,703400,0,150300
39,density,er_d128,1000,127918,2026,333,binary,3,3,705300,0,0
39,density,er_d128,1000,127918,2026,333,degree4,3,4,721900,0,103500
39,density,er_d128,1000,127918,2026,333,std_binary,3,5,1137800,0,0
39,density,er_d128,1000,127918,2026,333,selected_grid,3,6,854400,12.604322853061968,71699700
39,density,er_d128,1000,127918,2026,333,fourary,3,7,746300,0,0
39,density,er_d128,1000,127918,2026,333,mean_degree,3,8,1014200,0.39413758354764666,103800
39,density,er_d128,1000,127918,2026,333,mean_map,3,9,978700,50.41729141224787,103800
39,density,er_d128,1000,127918,2026,333,mean_degree,4,0,974300,0.39413758354764666,103800
39,density,er_d128,1000,127918,2026,333,fourary,4,1,782400,0,0
39,density,er_d128,1000,127918,2026,333,selected_grid,4,2,748600,12.604322853061968,71699700
39,density,er_d128,1000,127918,2026,333,mean_map,4,3,972000,50.41729141224787,103800
39,density,er_d128,1000,127918,2026,333,binary,4,4,704100,0,0
39,density,er_d128,1000,127918,2026,333,mean_ring,4,5,986800,50.41729141224787,103800
39,density,er_d128,1000,127918,2026,333,std_binary,4,6,876000,0,0
39,density,er_d128,1000,127918,2026,333,degree4,4,7,835700,0,103500
39,density,er_d128,1000,127918,2026,333,caliber,4,8,708500,0,150300
39,density,er_d128,1000,127918,2026,333,max_maxdegree,4,9,974700,0.6329092412806538,134500
39,density,er_d128,1000,127918,2026,333,max_maxdegree,5,0,936000,0.6329092412806538,134500
39,density,er_d128,1000,127918,2026,333,caliber,5,1,696500,0,150300
39,density,er_d128,1000,127918,2026,333,degree4,5,2,783100,0,103500
39,density,er_d128,1000,127918,2026,333,std_binary,5,3,853500,0,0
39,density,er_d128,1000,127918,2026,333,mean_ring,5,4,970200,50.41729141224787,103800
39,density,er_d128,1000,127918,2026,333,binary,5,5,687800,0,0
39,density,er_d128,1000,127918,2026,333,mean_map,5,6,976100,50.41729141224787,103800
39,density,er_d128,1000,127918,2026,333,selected_grid,5,7,764400,12.604322853061968,71699700
39,density,er_d128,1000,127918,2026,333,fourary,5,8,726300,0,0
39,density,er_d128,1000,127918,2026,333,mean_degree,5,9,1039800,0.39413758354764666,103800
39,density,er_d128,1000,127918,2026,333,selected_grid,6,0,771500,12.604322853061968,71699700
39,density,er_d128,1000,127918,2026,333,max_maxdegree,6,1,952200,0.6329092412806538,134500
39,density,er_d128,1000,127918,2026,333,fourary,6,2,699300,0,0
39,density,er_d128,1000,127918,2026,333,binary,6,3,717200,0,0
39,density,er_d128,1000,127918,2026,333,mean_degree,6,4,985800,0.39413758354764666,103800
39,density,er_d128,1000,127918,2026,333,mean_ring,6,5,1004900,50.41729141224787,103800
39,density,er_d128,1000,127918,2026,333,degree4,6,6,808000,0,103500
39,density,er_d128,1000,127918,2026,333,caliber,6,7,707300,0,150300
39,density,er_d128,1000,127918,2026,333,std_binary,6,8,1103000,0,0
39,density,er_d128,1000,127918,2026,333,mean_map,6,9,1032200,50.41729141224787,103800
39,density,er_d128,1000,127918,2026,333,mean_map,7,0,1076200,50.41729141224787,103800
39,density,er_d128,1000,127918,2026,333,std_binary,7,1,996200,0,0
39,density,er_d128,1000,127918,2026,333,caliber,7,2,1353100,0,150300
39,density,er_d128,1000,127918,2026,333,degree4,7,3,987500,0,103500
39,density,er_d128,1000,127918,2026,333,mean_ring,7,4,1120400,50.41729141224787,103800
39,density,er_d128,1000,127918,2026,333,mean_degree,7,5,1200800,0.39413758354764666,103800
39,density,er_d128,1000,127918,2026,333,binary,7,6,734500,0,0
39,density,er_d128,1000,127918,2026,333,fourary,7,7,712200,0,0
39,density,er_d128,1000,127918,2026,333,max_maxdegree,7,8,1025100,0.6329092412806538,134500
39,density,er_d128,1000,127918,2026,333,selected_grid,7,9,760100,12.604322853061968,71699700
39,density,er_d128,1000,127918,2026,666,degree4,0,0,724800,0,103500
39,density,er_d128,1000,127918,2026,666,selected_grid,0,1,759700,12.604322853061968,71699700
39,density,er_d128,1000,127918,2026,666,caliber,0,2,681400,0,150300
39,density,er_d128,1000,127918,2026,666,mean_degree,0,3,1160700,0.39413758354764666,103800
39,density,er_d128,1000,127918,2026,666,std_binary,0,4,1034100,0,0
39,density,er_d128,1000,127918,2026,666,max_maxdegree,0,5,1154800,0.6329092412806538,134500
39,density,er_d128,1000,127918,2026,666,mean_ring,0,6,1171800,50.41729141224787,103800
39,density,er_d128,1000,127918,2026,666,binary,0,7,702900,0,0
39,density,er_d128,1000,127918,2026,666,fourary,0,8,714000,0,0
39,density,er_d128,1000,127918,2026,666,mean_map,0,9,1073700,50.41729141224787,103800
39,density,er_d128,1000,127918,2026,666,mean_map,1,0,1034700,50.41729141224787,103800
39,density,er_d128,1000,127918,2026,666,fourary,1,1,694700,0,0
39,density,er_d128,1000,127918,2026,666,binary,1,2,784800,0,0
39,density,er_d128,1000,127918,2026,666,mean_ring,1,3,1080900,50.41729141224787,103800
39,density,er_d128,1000,127918,2026,666,max_maxdegree,1,4,1043600,0.6329092412806538,134500
39,density,er_d128,1000,127918,2026,666,std_binary,1,5,874100,0,0
39,density,er_d128,1000,127918,2026,666,mean_degree,1,6,1170400,0.39413758354764666,103800
39,density,er_d128,1000,127918,2026,666,caliber,1,7,733800,0,150300
39,density,er_d128,1000,127918,2026,666,selected_grid,1,8,801200,12.604322853061968,71699700
39,density,er_d128,1000,127918,2026,666,degree4,1,9,739400,0,103500
39,density,er_d128,1000,127918,2026,666,mean_ring,2,0,1041200,50.41729141224787,103800
39,density,er_d128,1000,127918,2026,666,fourary,2,1,695900,0,0
39,density,er_d128,1000,127918,2026,666,binary,2,2,690500,0,0
39,density,er_d128,1000,127918,2026,666,caliber,2,3,706800,0,150300
39,density,er_d128,1000,127918,2026,666,degree4,2,4,733800,0,103500
39,density,er_d128,1000,127918,2026,666,std_binary,2,5,810400,0,0
39,density,er_d128,1000,127918,2026,666,max_maxdegree,2,6,997300,0.6329092412806538,134500
39,density,er_d128,1000,127918,2026,666,mean_degree,2,7,993700,0.39413758354764666,103800
39,density,er_d128,1000,127918,2026,666,mean_map,2,8,1213200,50.41729141224787,103800
39,density,er_d128,1000,127918,2026,666,selected_grid,2,9,846800,12.604322853061968,71699700
39,density,er_d128,1000,127918,2026,666,selected_grid,3,0,868300,12.604322853061968,71699700
39,density,er_d128,1000,127918,2026,666,mean_map,3,1,1053300,50.41729141224787,103800
39,density,er_d128,1000,127918,2026,666,mean_degree,3,2,1046600,0.39413758354764666,103800
39,density,er_d128,1000,127918,2026,666,max_maxdegree,3,3,944800,0.6329092412806538,134500
39,density,er_d128,1000,127918,2026,666,std_binary,3,4,822100,0,0
39,density,er_d128,1000,127918,2026,666,degree4,3,5,718300,0,103500
39,density,er_d128,1000,127918,2026,666,caliber,3,6,701800,0,150300
39,density,er_d128,1000,127918,2026,666,binary,3,7,905400,0,0
39,density,er_d128,1000,127918,2026,666,fourary,3,8,818200,0,0
39,density,er_d128,1000,127918,2026,666,mean_ring,3,9,1087200,50.41729141224787,103800
39,density,er_d128,1000,127918,2026,666,mean_degree,4,0,997700,0.39413758354764666,103800
39,density,er_d128,1000,127918,2026,666,degree4,4,1,1055700,0,103500
39,density,er_d128,1000,127918,2026,666,mean_map,4,2,1115100,50.41729141224787,103800
39,density,er_d128,1000,127918,2026,666,caliber,4,3,859800,0,150300
39,density,er_d128,1000,127918,2026,666,selected_grid,4,4,780500,12.604322853061968,71699700
39,density,er_d128,1000,127918,2026,666,max_maxdegree,4,5,956100,0.6329092412806538,134500
39,density,er_d128,1000,127918,2026,666,fourary,4,6,725800,0,0
39,density,er_d128,1000,127918,2026,666,binary,4,7,890300,0,0
39,density,er_d128,1000,127918,2026,666,std_binary,4,8,931200,0,0
39,density,er_d128,1000,127918,2026,666,mean_ring,4,9,1046700,50.41729141224787,103800
39,density,er_d128,1000,127918,2026,666,mean_ring,5,0,1069800,50.41729141224787,103800
39,density,er_d128,1000,127918,2026,666,std_binary,5,1,961900,0,0
39,density,er_d128,1000,127918,2026,666,binary,5,2,759100,0,0
39,density,er_d128,1000,127918,2026,666,fourary,5,3,855600,0,0
39,density,er_d128,1000,127918,2026,666,max_maxdegree,5,4,1036700,0.6329092412806538,134500
39,density,er_d128,1000,127918,2026,666,selected_grid,5,5,829000,12.604322853061968,71699700
39,density,er_d128,1000,127918,2026,666,caliber,5,6,700300,0,150300
39,density,er_d128,1000,127918,2026,666,mean_map,5,7,1060900,50.41729141224787,103800
39,density,er_d128,1000,127918,2026,666,degree4,5,8,717200,0,103500
39,density,er_d128,1000,127918,2026,666,mean_degree,5,9,1004800,0.39413758354764666,103800
39,density,er_d128,1000,127918,2026,666,degree4,6,0,683900,0,103500
39,density,er_d128,1000,127918,2026,666,max_maxdegree,6,1,922100,0.6329092412806538,134500
39,density,er_d128,1000,127918,2026,666,fourary,6,2,721000,0,0
39,density,er_d128,1000,127918,2026,666,std_binary,6,3,847400,0,0
39,density,er_d128,1000,127918,2026,666,selected_grid,6,4,783800,12.604322853061968,71699700
39,density,er_d128,1000,127918,2026,666,mean_map,6,5,1032600,50.41729141224787,103800
39,density,er_d128,1000,127918,2026,666,mean_degree,6,6,990100,0.39413758354764666,103800
39,density,er_d128,1000,127918,2026,666,binary,6,7,690100,0,0
39,density,er_d128,1000,127918,2026,666,caliber,6,8,679000,0,150300
39,density,er_d128,1000,127918,2026,666,mean_ring,6,9,1039800,50.41729141224787,103800
39,density,er_d128,1000,127918,2026,666,mean_ring,7,0,1099500,50.41729141224787,103800
39,density,er_d128,1000,127918,2026,666,caliber,7,1,702700,0,150300
39,density,er_d128,1000,127918,2026,666,binary,7,2,716000,0,0
39,density,er_d128,1000,127918,2026,666,mean_degree,7,3,1006700,0.39413758354764666,103800
39,density,er_d128,1000,127918,2026,666,mean_map,7,4,1067700,50.41729141224787,103800
39,density,er_d128,1000,127918,2026,666,selected_grid,7,5,757000,12.604322853061968,71699700
39,density,er_d128,1000,127918,2026,666,std_binary,7,6,819300,0,0
39,density,er_d128,1000,127918,2026,666,fourary,7,7,710800,0,0
39,density,er_d128,1000,127918,2026,666,max_maxdegree,7,8,1622000,0.6329092412806538,134500
39,density,er_d128,1000,127918,2026,666,degree4,7,9,759900,0,103500
40,calibration,er_d256,1000,255736,2026,0,grid_0.25,0,0,1631600,12.605785472013295,207700
40,calibration,er_d256,1000,255736,2026,0,grid_0.1,0,1,1516600,5.042314188805318,207700
40,calibration,er_d256,1000,255736,2026,0,grid_1.5,0,2,1943000,75.63471283207977,207700
40,calibration,er_d256,1000,255736,2026,0,grid_0.03125,0,3,1536700,1.575723184001662,207700
40,calibration,er_d256,1000,255736,2026,0,grid_4,0,4,2018300,201.69256755221272,207700
40,calibration,er_d256,1000,255736,2026,0,grid_0.05,0,5,1621800,2.521157094402659,207700
40,calibration,er_d256,1000,255736,2026,0,grid_2,0,6,2157400,100.84628377610636,207700
40,calibration,er_d256,1000,255736,2026,0,grid_8,0,7,1869200,403.38513510442544,207700
40,calibration,er_d256,1000,255736,2026,0,grid_1,0,8,1803100,50.42314188805318,207700
40,calibration,er_d256,1000,255736,2026,0,grid_16,0,9,1867500,806.7702702088509,207700
40,calibration,er_d256,1000,255736,2026,0,grid_0.75,0,10,1725800,37.817356416039885,207700
40,calibration,er_d256,1000,255736,2026,0,grid_0.5,0,11,1658000,25.21157094402659,207700
40,calibration,er_d256,1000,255736,2026,0,grid_0.5,1,0,1766400,25.21157094402659,207700
40,calibration,er_d256,1000,255736,2026,0,grid_0.75,1,1,1789900,37.817356416039885,207700
40,calibration,er_d256,1000,255736,2026,0,grid_16,1,2,1891600,806.7702702088509,207700
40,calibration,er_d256,1000,255736,2026,0,grid_1,1,3,2190700,50.42314188805318,207700
40,calibration,er_d256,1000,255736,2026,0,grid_8,1,4,1881200,403.38513510442544,207700
40,calibration,er_d256,1000,255736,2026,0,grid_2,1,5,1909300,100.84628377610636,207700
40,calibration,er_d256,1000,255736,2026,0,grid_0.05,1,6,1476500,2.521157094402659,207700
40,calibration,er_d256,1000,255736,2026,0,grid_4,1,7,1885700,201.69256755221272,207700
40,calibration,er_d256,1000,255736,2026,0,grid_0.03125,1,8,1486600,1.575723184001662,207700
40,calibration,er_d256,1000,255736,2026,0,grid_1.5,1,9,1842100,75.63471283207977,207700
40,calibration,er_d256,1000,255736,2026,0,grid_0.1,1,10,1462400,5.042314188805318,207700
40,calibration,er_d256,1000,255736,2026,0,grid_0.25,1,11,1884200,12.605785472013295,207700
40,calibration,er_d256,1000,255736,2026,0,grid_0.05,2,0,1446800,2.521157094402659,207700
40,calibration,er_d256,1000,255736,2026,0,grid_0.5,2,1,1696500,25.21157094402659,207700
40,calibration,er_d256,1000,255736,2026,0,grid_0.25,2,2,1549600,12.605785472013295,207700
40,calibration,er_d256,1000,255736,2026,0,grid_8,2,3,1857200,403.38513510442544,207700
40,calibration,er_d256,1000,255736,2026,0,grid_0.1,2,4,1428000,5.042314188805318,207700
40,calibration,er_d256,1000,255736,2026,0,grid_4,2,5,1857000,201.69256755221272,207700
40,calibration,er_d256,1000,255736,2026,0,grid_2,2,6,1875000,100.84628377610636,207700
40,calibration,er_d256,1000,255736,2026,0,grid_0.03125,2,7,1483500,1.575723184001662,207700
40,calibration,er_d256,1000,255736,2026,0,grid_0.75,2,8,1959200,37.817356416039885,207700
40,calibration,er_d256,1000,255736,2026,0,grid_1.5,2,9,3568100,75.63471283207977,207700
40,calibration,er_d256,1000,255736,2026,0,grid_1,2,10,2092600,50.42314188805318,207700
40,calibration,er_d256,1000,255736,2026,0,grid_16,2,11,2213000,806.7702702088509,207700
40,calibration,er_d256,1000,255736,2026,0,grid_16,3,0,2064000,806.7702702088509,207700
40,calibration,er_d256,1000,255736,2026,0,grid_1,3,1,1780100,50.42314188805318,207700
40,calibration,er_d256,1000,255736,2026,0,grid_1.5,3,2,1878500,75.63471283207977,207700
40,calibration,er_d256,1000,255736,2026,0,grid_0.75,3,3,1729000,37.817356416039885,207700
40,calibration,er_d256,1000,255736,2026,0,grid_0.03125,3,4,1620300,1.575723184001662,207700
40,calibration,er_d256,1000,255736,2026,0,grid_2,3,5,2061700,100.84628377610636,207700
40,calibration,er_d256,1000,255736,2026,0,grid_4,3,6,2006000,201.69256755221272,207700
40,calibration,er_d256,1000,255736,2026,0,grid_0.1,3,7,1990900,5.042314188805318,207700
40,calibration,er_d256,1000,255736,2026,0,grid_8,3,8,2186200,403.38513510442544,207700
40,calibration,er_d256,1000,255736,2026,0,grid_0.25,3,9,1606600,12.605785472013295,207700
40,calibration,er_d256,1000,255736,2026,0,grid_0.5,3,10,1806200,25.21157094402659,207700
40,calibration,er_d256,1000,255736,2026,0,grid_0.05,3,11,1476800,2.521157094402659,207700
40,calibration,er_d256,1000,255736,2026,0,grid_8,4,0,2290600,403.38513510442544,207700
40,calibration,er_d256,1000,255736,2026,0,grid_0.5,4,1,1814900,25.21157094402659,207700
40,calibration,er_d256,1000,255736,2026,0,grid_1,4,2,1802000,50.42314188805318,207700
40,calibration,er_d256,1000,255736,2026,0,grid_0.05,4,3,1458100,2.521157094402659,207700
40,calibration,er_d256,1000,255736,2026,0,grid_16,4,4,1897700,806.7702702088509,207700
40,calibration,er_d256,1000,255736,2026,0,grid_0.03125,4,5,1478200,1.575723184001662,207700
40,calibration,er_d256,1000,255736,2026,0,grid_1.5,4,6,1838400,75.63471283207977,207700
40,calibration,er_d256,1000,255736,2026,0,grid_0.25,4,7,1575800,12.605785472013295,207700
40,calibration,er_d256,1000,255736,2026,0,grid_4,4,8,1860700,201.69256755221272,207700
40,calibration,er_d256,1000,255736,2026,0,grid_2,4,9,1878000,100.84628377610636,207700
40,calibration,er_d256,1000,255736,2026,0,grid_0.75,4,10,2279600,37.817356416039885,207700
40,calibration,er_d256,1000,255736,2026,0,grid_0.1,4,11,1464200,5.042314188805318,207700
40,calibration,er_d256,1000,255736,2026,0,grid_0.1,5,0,1440800,5.042314188805318,207700
40,calibration,er_d256,1000,255736,2026,0,grid_0.75,5,1,1751500,37.817356416039885,207700
40,calibration,er_d256,1000,255736,2026,0,grid_2,5,2,1906700,100.84628377610636,207700
40,calibration,er_d256,1000,255736,2026,0,grid_4,5,3,1876800,201.69256755221272,207700
40,calibration,er_d256,1000,255736,2026,0,grid_0.25,5,4,1563800,12.605785472013295,207700
40,calibration,er_d256,1000,255736,2026,0,grid_1.5,5,5,1899800,75.63471283207977,207700
40,calibration,er_d256,1000,255736,2026,0,grid_0.03125,5,6,1555600,1.575723184001662,207700
40,calibration,er_d256,1000,255736,2026,0,grid_16,5,7,1873400,806.7702702088509,207700
40,calibration,er_d256,1000,255736,2026,0,grid_0.05,5,8,1508800,2.521157094402659,207700
40,calibration,er_d256,1000,255736,2026,0,grid_1,5,9,1909000,50.42314188805318,207700
40,calibration,er_d256,1000,255736,2026,0,grid_0.5,5,10,1797900,25.21157094402659,207700
40,calibration,er_d256,1000,255736,2026,0,grid_8,5,11,1948600,403.38513510442544,207700
40,density,er_d256,1000,255736,2026,333,binary,0,0,873800,0,0
40,density,er_d256,1000,255736,2026,333,std_binary,0,1,1148300,0,0
40,density,er_d256,1000,255736,2026,333,mean_ring,0,2,1737800,50.42314188805318,207700
40,density,er_d256,1000,255736,2026,333,fourary,0,3,911400,0,0
40,density,er_d256,1000,255736,2026,333,degree4,0,4,925900,0,146700
40,density,er_d256,1000,255736,2026,333,selected_grid,0,5,1434800,5.042314188805318,131137500
40,density,er_d256,1000,255736,2026,333,max_maxdegree,0,6,1851600,0.32679627490961866,299000
40,density,er_d256,1000,255736,2026,333,caliber,0,7,1121700,0,340800
40,density,er_d256,1000,255736,2026,333,mean_map,0,8,1939900,50.42314188805318,207700
40,density,er_d256,1000,255736,2026,333,mean_degree,0,9,2113400,0.1971687282512168,207700
40,density,er_d256,1000,255736,2026,333,mean_degree,1,0,1782700,0.1971687282512168,207700
40,density,er_d256,1000,255736,2026,333,mean_map,1,1,1730200,50.42314188805318,207700
40,density,er_d256,1000,255736,2026,333,caliber,1,2,847400,0,340800
40,density,er_d256,1000,255736,2026,333,max_maxdegree,1,3,1609000,0.32679627490961866,299000
40,density,er_d256,1000,255736,2026,333,selected_grid,1,4,1660000,5.042314188805318,131137500
40,density,er_d256,1000,255736,2026,333,degree4,1,5,984500,0,146700
40,density,er_d256,1000,255736,2026,333,fourary,1,6,889100,0,0
40,density,er_d256,1000,255736,2026,333,mean_ring,1,7,1673800,50.42314188805318,207700
40,density,er_d256,1000,255736,2026,333,std_binary,1,8,1156300,0,0
40,density,er_d256,1000,255736,2026,333,binary,1,9,1078500,0,0
40,density,er_d256,1000,255736,2026,333,mean_map,2,0,1697300,50.42314188805318,207700
40,density,er_d256,1000,255736,2026,333,mean_degree,2,1,1673300,0.1971687282512168,207700
40,density,er_d256,1000,255736,2026,333,fourary,2,2,882100,0,0
40,density,er_d256,1000,255736,2026,333,selected_grid,2,3,1643000,5.042314188805318,131137500
40,density,er_d256,1000,255736,2026,333,std_binary,2,4,1332900,0,0
40,density,er_d256,1000,255736,2026,333,degree4,2,5,913500,0,146700
40,density,er_d256,1000,255736,2026,333,binary,2,6,869900,0,0
40,density,er_d256,1000,255736,2026,333,caliber,2,7,897700,0,340800
40,density,er_d256,1000,255736,2026,333,max_maxdegree,2,8,1631000,0.32679627490961866,299000
40,density,er_d256,1000,255736,2026,333,mean_ring,2,9,1771600,50.42314188805318,207700
40,density,er_d256,1000,255736,2026,333,mean_ring,3,0,1822300,50.42314188805318,207700
40,density,er_d256,1000,255736,2026,333,max_maxdegree,3,1,2188100,0.32679627490961866,299000
40,density,er_d256,1000,255736,2026,333,caliber,3,2,1114000,0,340800
40,density,er_d256,1000,255736,2026,333,binary,3,3,962700,0,0
40,density,er_d256,1000,255736,2026,333,degree4,3,4,911800,0,146700
40,density,er_d256,1000,255736,2026,333,std_binary,3,5,1142600,0,0
40,density,er_d256,1000,255736,2026,333,selected_grid,3,6,1518200,5.042314188805318,131137500
40,density,er_d256,1000,255736,2026,333,fourary,3,7,948300,0,0
40,density,er_d256,1000,255736,2026,333,mean_degree,3,8,1794800,0.1971687282512168,207700
40,density,er_d256,1000,255736,2026,333,mean_map,3,9,1710500,50.42314188805318,207700
40,density,er_d256,1000,255736,2026,333,mean_degree,4,0,1673900,0.1971687282512168,207700
40,density,er_d256,1000,255736,2026,333,fourary,4,1,944000,0,0
40,density,er_d256,1000,255736,2026,333,selected_grid,4,2,1532500,5.042314188805318,131137500
40,density,er_d256,1000,255736,2026,333,mean_map,4,3,1689800,50.42314188805318,207700
40,density,er_d256,1000,255736,2026,333,binary,4,4,873800,0,0
40,density,er_d256,1000,255736,2026,333,mean_ring,4,5,1671200,50.42314188805318,207700
40,density,er_d256,1000,255736,2026,333,std_binary,4,6,1150600,0,0
40,density,er_d256,1000,255736,2026,333,degree4,4,7,971100,0,146700
40,density,er_d256,1000,255736,2026,333,caliber,4,8,867700,0,340800
40,density,er_d256,1000,255736,2026,333,max_maxdegree,4,9,1630200,0.32679627490961866,299000
40,density,er_d256,1000,255736,2026,333,max_maxdegree,5,0,1613200,0.32679627490961866,299000
40,density,er_d256,1000,255736,2026,333,caliber,5,1,915000,0,340800
40,density,er_d256,1000,255736,2026,333,degree4,5,2,955700,0,146700
40,density,er_d256,1000,255736,2026,333,std_binary,5,3,1143900,0,0
40,density,er_d256,1000,255736,2026,333,mean_ring,5,4,1696200,50.42314188805318,207700
40,density,er_d256,1000,255736,2026,333,binary,5,5,1010000,0,0
40,density,er_d256,1000,255736,2026,333,mean_map,5,6,1911300,50.42314188805318,207700
40,density,er_d256,1000,255736,2026,333,selected_grid,5,7,1565600,5.042314188805318,131137500
40,density,er_d256,1000,255736,2026,333,fourary,5,8,909800,0,0
40,density,er_d256,1000,255736,2026,333,mean_degree,5,9,1738800,0.1971687282512168,207700
40,density,er_d256,1000,255736,2026,333,selected_grid,6,0,1728700,5.042314188805318,131137500
40,density,er_d256,1000,255736,2026,333,max_maxdegree,6,1,1764300,0.32679627490961866,299000
40,density,er_d256,1000,255736,2026,333,fourary,6,2,936600,0,0
40,density,er_d256,1000,255736,2026,333,binary,6,3,929800,0,0
40,density,er_d256,1000,255736,2026,333,mean_degree,6,4,1721000,0.1971687282512168,207700
40,density,er_d256,1000,255736,2026,333,mean_ring,6,5,1794100,50.42314188805318,207700
40,density,er_d256,1000,255736,2026,333,degree4,6,6,902500,0,146700
40,density,er_d256,1000,255736,2026,333,caliber,6,7,856600,0,340800
40,density,er_d256,1000,255736,2026,333,std_binary,6,8,1108900,0,0
40,density,er_d256,1000,255736,2026,333,mean_map,6,9,1699700,50.42314188805318,207700
40,density,er_d256,1000,255736,2026,333,mean_map,7,0,1686000,50.42314188805318,207700
40,density,er_d256,1000,255736,2026,333,std_binary,7,1,1148500,0,0
40,density,er_d256,1000,255736,2026,333,caliber,7,2,848400,0,340800
40,density,er_d256,1000,255736,2026,333,degree4,7,3,929100,0,146700
40,density,er_d256,1000,255736,2026,333,mean_ring,7,4,1888800,50.42314188805318,207700
40,density,er_d256,1000,255736,2026,333,mean_degree,7,5,1693500,0.1971687282512168,207700
40,density,er_d256,1000,255736,2026,333,binary,7,6,865200,0,0
40,density,er_d256,1000,255736,2026,333,fourary,7,7,933900,0,0
40,density,er_d256,1000,255736,2026,333,max_maxdegree,7,8,1889100,0.32679627490961866,299000
40,density,er_d256,1000,255736,2026,333,selected_grid,7,9,2069700,5.042314188805318,131137500
40,density,er_d256,1000,255736,2026,666,degree4,0,0,1014800,0,146700
40,density,er_d256,1000,255736,2026,666,selected_grid,0,1,1526400,5.042314188805318,131137500
40,density,er_d256,1000,255736,2026,666,caliber,0,2,1490700,0,340800
40,density,er_d256,1000,255736,2026,666,mean_degree,0,3,2219100,0.1971687282512168,207700
40,density,er_d256,1000,255736,2026,666,std_binary,0,4,1180200,0,0
40,density,er_d256,1000,255736,2026,666,max_maxdegree,0,5,1619400,0.32679627490961866,299000
40,density,er_d256,1000,255736,2026,666,mean_ring,0,6,1766900,50.42314188805318,207700
40,density,er_d256,1000,255736,2026,666,binary,0,7,950500,0,0
40,density,er_d256,1000,255736,2026,666,fourary,0,8,1014000,0,0
40,density,er_d256,1000,255736,2026,666,mean_map,0,9,1723000,50.42314188805318,207700
40,density,er_d256,1000,255736,2026,666,mean_map,1,0,1703600,50.42314188805318,207700
40,density,er_d256,1000,255736,2026,666,fourary,1,1,887600,0,0
40,density,er_d256,1000,255736,2026,666,binary,1,2,942100,0,0
40,density,er_d256,1000,255736,2026,666,mean_ring,1,3,1742000,50.42314188805318,207700
40,density,er_d256,1000,255736,2026,666,max_maxdegree,1,4,1583700,0.32679627490961866,299000
40,density,er_d256,1000,255736,2026,666,std_binary,1,5,1137300,0,0
40,density,er_d256,1000,255736,2026,666,mean_degree,1,6,1716700,0.1971687282512168,207700
40,density,er_d256,1000,255736,2026,666,caliber,1,7,891800,0,340800
40,density,er_d256,1000,255736,2026,666,selected_grid,1,8,1424300,5.042314188805318,131137500
40,density,er_d256,1000,255736,2026,666,degree4,1,9,916300,0,146700
40,density,er_d256,1000,255736,2026,666,mean_ring,2,0,1884600,50.42314188805318,207700
40,density,er_d256,1000,255736,2026,666,fourary,2,1,1227400,0,0
40,density,er_d256,1000,255736,2026,666,binary,2,2,955700,0,0
40,density,er_d256,1000,255736,2026,666,caliber,2,3,1030400,0,340800
40,density,er_d256,1000,255736,2026,666,degree4,2,4,919300,0,146700
40,density,er_d256,1000,255736,2026,666,std_binary,2,5,1154900,0,0
40,density,er_d256,1000,255736,2026,666,max_maxdegree,2,6,2189000,0.32679627490961866,299000
40,density,er_d256,1000,255736,2026,666,mean_degree,2,7,1730700,0.1971687282512168,207700
40,density,er_d256,1000,255736,2026,666,mean_map,2,8,1742300,50.42314188805318,207700
40,density,er_d256,1000,255736,2026,666,selected_grid,2,9,1456200,5.042314188805318,131137500
40,density,er_d256,1000,255736,2026,666,selected_grid,3,0,1449900,5.042314188805318,131137500
40,density,er_d256,1000,255736,2026,666,mean_map,3,1,1724200,50.42314188805318,207700
40,density,er_d256,1000,255736,2026,666,mean_degree,3,2,1669800,0.1971687282512168,207700
40,density,er_d256,1000,255736,2026,666,max_maxdegree,3,3,1602100,0.32679627490961866,299000
40,density,er_d256,1000,255736,2026,666,std_binary,3,4,1187300,0,0
40,density,er_d256,1000,255736,2026,666,degree4,3,5,928300,0,146700
40,density,er_d256,1000,255736,2026,666,caliber,3,6,863400,0,340800
40,density,er_d256,1000,255736,2026,666,binary,3,7,859500,0,0
40,density,er_d256,1000,255736,2026,666,fourary,3,8,933000,0,0
40,density,er_d256,1000,255736,2026,666,mean_ring,3,9,1743400,50.42314188805318,207700
40,density,er_d256,1000,255736,2026,666,mean_degree,4,0,1782100,0.1971687282512168,207700
40,density,er_d256,1000,255736,2026,666,degree4,4,1,905700,0,146700
40,density,er_d256,1000,255736,2026,666,mean_map,4,2,1707500,50.42314188805318,207700
40,density,er_d256,1000,255736,2026,666,caliber,4,3,861900,0,340800
40,density,er_d256,1000,255736,2026,666,selected_grid,4,4,1419200,5.042314188805318,131137500
40,density,er_d256,1000,255736,2026,666,max_maxdegree,4,5,1792900,0.32679627490961866,299000
40,density,er_d256,1000,255736,2026,666,fourary,4,6,913600,0,0
40,density,er_d256,1000,255736,2026,666,binary,4,7,1011100,0,0
40,density,er_d256,1000,255736,2026,666,std_binary,4,8,1357500,0,0
40,density,er_d256,1000,255736,2026,666,mean_ring,4,9,1937900,50.42314188805318,207700
40,density,er_d256,1000,255736,2026,666,mean_ring,5,0,2115600,50.42314188805318,207700
40,density,er_d256,1000,255736,2026,666,std_binary,5,1,1196400,0,0
40,density,er_d256,1000,255736,2026,666,binary,5,2,960200,0,0
40,density,er_d256,1000,255736,2026,666,fourary,5,3,1017700,0,0
40,density,er_d256,1000,255736,2026,666,max_maxdegree,5,4,1655800,0.32679627490961866,299000
40,density,er_d256,1000,255736,2026,666,selected_grid,5,5,1417700,5.042314188805318,131137500
40,density,er_d256,1000,255736,2026,666,caliber,5,6,908600,0,340800
40,density,er_d256,1000,255736,2026,666,mean_map,5,7,1849500,50.42314188805318,207700
40,density,er_d256,1000,255736,2026,666,degree4,5,8,913000,0,146700
40,density,er_d256,1000,255736,2026,666,mean_degree,5,9,1686000,0.1971687282512168,207700
40,density,er_d256,1000,255736,2026,666,degree4,6,0,982500,0,146700
40,density,er_d256,1000,255736,2026,666,max_maxdegree,6,1,1804900,0.32679627490961866,299000
40,density,er_d256,1000,255736,2026,666,fourary,6,2,971800,0,0
40,density,er_d256,1000,255736,2026,666,std_binary,6,3,1151500,0,0
40,density,er_d256,1000,255736,2026,666,selected_grid,6,4,1421900,5.042314188805318,131137500
40,density,er_d256,1000,255736,2026,666,mean_map,6,5,1717600,50.42314188805318,207700
40,density,er_d256,1000,255736,2026,666,mean_degree,6,6,1667300,0.1971687282512168,207700
40,density,er_d256,1000,255736,2026,666,binary,6,7,902200,0,0
40,density,er_d256,1000,255736,2026,666,caliber,6,8,897900,0,340800
40,density,er_d256,1000,255736,2026,666,mean_ring,6,9,1873400,50.42314188805318,207700
40,density,er_d256,1000,255736,2026,666,mean_ring,7,0,1799300,50.42314188805318,207700
40,density,er_d256,1000,255736,2026,666,caliber,7,1,862000,0,340800
40,density,er_d256,1000,255736,2026,666,binary,7,2,868000,0,0
40,density,er_d256,1000,255736,2026,666,mean_degree,7,3,1622300,0.1971687282512168,207700
40,density,er_d256,1000,255736,2026,666,mean_map,7,4,1661700,50.42314188805318,207700
40,density,er_d256,1000,255736,2026,666,selected_grid,7,5,1354100,5.042314188805318,131137500
40,density,er_d256,1000,255736,2026,666,std_binary,7,6,1092100,0,0
40,density,er_d256,1000,255736,2026,666,fourary,7,7,849600,0,0
40,density,er_d256,1000,255736,2026,666,max_maxdegree,7,8,1541700,0.32679627490961866,299000
40,density,er_d256,1000,255736,2026,666,degree4,7,9,866100,0,146700
41,calibration,er_d2,5000,10073,2026,0,grid_0.25,0,0,411800,12.553265123123492,24600
41,calibration,er_d2,5000,10073,2026,0,grid_0.1,0,1,487100,5.021306049249397,24600
41,calibration,er_d2,5000,10073,2026,0,grid_1.5,0,2,335100,75.31959073874094,24600
41,calibration,er_d2,5000,10073,2026,0,grid_0.03125,0,3,589700,1.5691581403904364,24600
41,calibration,er_d2,5000,10073,2026,0,grid_4,0,4,331800,200.85224196997586,24600
41,calibration,er_d2,5000,10073,2026,0,grid_0.05,0,5,519100,2.5106530246246983,24600
41,calibration,er_d2,5000,10073,2026,0,grid_2,0,6,287400,100.42612098498793,24600
41,calibration,er_d2,5000,10073,2026,0,grid_8,0,7,273200,401.70448393995173,24600
41,calibration,er_d2,5000,10073,2026,0,grid_1,0,8,360500,50.213060492493966,24600
41,calibration,er_d2,5000,10073,2026,0,grid_16,0,9,343900,803.4089678799035,24600
41,calibration,er_d2,5000,10073,2026,0,grid_0.75,0,10,366300,37.65979536937047,24600
41,calibration,er_d2,5000,10073,2026,0,grid_0.5,0,11,373400,25.106530246246983,24600
41,calibration,er_d2,5000,10073,2026,0,grid_0.5,1,0,366800,25.106530246246983,24600
41,calibration,er_d2,5000,10073,2026,0,grid_0.75,1,1,486400,37.65979536937047,24600
41,calibration,er_d2,5000,10073,2026,0,grid_16,1,2,356900,803.4089678799035,24600
41,calibration,er_d2,5000,10073,2026,0,grid_1,1,3,389000,50.213060492493966,24600
41,calibration,er_d2,5000,10073,2026,0,grid_8,1,4,283400,401.70448393995173,24600
41,calibration,er_d2,5000,10073,2026,0,grid_2,1,5,288500,100.42612098498793,24600
41,calibration,er_d2,5000,10073,2026,0,grid_0.05,1,6,609300,2.5106530246246983,24600
41,calibration,er_d2,5000,10073,2026,0,grid_4,1,7,446200,200.85224196997586,24600
41,calibration,er_d2,5000,10073,2026,0,grid_0.03125,1,8,549200,1.5691581403904364,24600
41,calibration,er_d2,5000,10073,2026,0,grid_1.5,1,9,346200,75.31959073874094,24600
41,calibration,er_d2,5000,10073,2026,0,grid_0.1,1,10,470600,5.021306049249397,24600
41,calibration,er_d2,5000,10073,2026,0,grid_0.25,1,11,417600,12.553265123123492,24600
41,calibration,er_d2,5000,10073,2026,0,grid_0.05,2,0,511300,2.5106530246246983,24600
41,calibration,er_d2,5000,10073,2026,0,grid_0.5,2,1,375800,25.106530246246983,24600
41,calibration,er_d2,5000,10073,2026,0,grid_0.25,2,2,416900,12.553265123123492,24600
41,calibration,er_d2,5000,10073,2026,0,grid_8,2,3,282000,401.70448393995173,24600
41,calibration,er_d2,5000,10073,2026,0,grid_0.1,2,4,509900,5.021306049249397,24600
41,calibration,er_d2,5000,10073,2026,0,grid_4,2,5,304300,200.85224196997586,24600
41,calibration,er_d2,5000,10073,2026,0,grid_2,2,6,313000,100.42612098498793,24600
41,calibration,er_d2,5000,10073,2026,0,grid_0.03125,2,7,569300,1.5691581403904364,24600
41,calibration,er_d2,5000,10073,2026,0,grid_0.75,2,8,400000,37.65979536937047,24600
41,calibration,er_d2,5000,10073,2026,0,grid_1.5,2,9,346600,75.31959073874094,24600
41,calibration,er_d2,5000,10073,2026,0,grid_1,2,10,364000,50.213060492493966,24600
41,calibration,er_d2,5000,10073,2026,0,grid_16,2,11,355100,803.4089678799035,24600
41,calibration,er_d2,5000,10073,2026,0,grid_16,3,0,327200,803.4089678799035,24600
41,calibration,er_d2,5000,10073,2026,0,grid_1,3,1,345300,50.213060492493966,24600
41,calibration,er_d2,5000,10073,2026,0,grid_1.5,3,2,332600,75.31959073874094,24600
41,calibration,er_d2,5000,10073,2026,0,grid_0.75,3,3,363700,37.65979536937047,24600
41,calibration,er_d2,5000,10073,2026,0,grid_0.03125,3,4,571700,1.5691581403904364,24600
41,calibration,er_d2,5000,10073,2026,0,grid_2,3,5,313000,100.42612098498793,24600
41,calibration,er_d2,5000,10073,2026,0,grid_4,3,6,372000,200.85224196997586,24600
41,calibration,er_d2,5000,10073,2026,0,grid_0.1,3,7,493700,5.021306049249397,24600
41,calibration,er_d2,5000,10073,2026,0,grid_8,3,8,279100,401.70448393995173,24600
41,calibration,er_d2,5000,10073,2026,0,grid_0.25,3,9,424700,12.553265123123492,24600
41,calibration,er_d2,5000,10073,2026,0,grid_0.5,3,10,435700,25.106530246246983,24600
41,calibration,er_d2,5000,10073,2026,0,grid_0.05,3,11,546700,2.5106530246246983,24600
41,calibration,er_d2,5000,10073,2026,0,grid_8,4,0,293000,401.70448393995173,24600
41,calibration,er_d2,5000,10073,2026,0,grid_0.5,4,1,585300,25.106530246246983,24600
41,calibration,er_d2,5000,10073,2026,0,grid_1,4,2,428900,50.213060492493966,24600
41,calibration,er_d2,5000,10073,2026,0,grid_0.05,4,3,550100,2.5106530246246983,24600
41,calibration,er_d2,5000,10073,2026,0,grid_16,4,4,341800,803.4089678799035,24600
41,calibration,er_d2,5000,10073,2026,0,grid_0.03125,4,5,616700,1.5691581403904364,24600
41,calibration,er_d2,5000,10073,2026,0,grid_1.5,4,6,347500,75.31959073874094,24600
41,calibration,er_d2,5000,10073,2026,0,grid_0.25,4,7,403100,12.553265123123492,24600
41,calibration,er_d2,5000,10073,2026,0,grid_4,4,8,287400,200.85224196997586,24600
41,calibration,er_d2,5000,10073,2026,0,grid_2,4,9,292100,100.42612098498793,24600
41,calibration,er_d2,5000,10073,2026,0,grid_0.75,4,10,382800,37.65979536937047,24600
41,calibration,er_d2,5000,10073,2026,0,grid_0.1,4,11,526700,5.021306049249397,24600
41,calibration,er_d2,5000,10073,2026,0,grid_0.1,5,0,520500,5.021306049249397,24600
41,calibration,er_d2,5000,10073,2026,0,grid_0.75,5,1,382000,37.65979536937047,24600
41,calibration,er_d2,5000,10073,2026,0,grid_2,5,2,309500,100.42612098498793,24600
41,calibration,er_d2,5000,10073,2026,0,grid_4,5,3,313400,200.85224196997586,24600
41,calibration,er_d2,5000,10073,2026,0,grid_0.25,5,4,414400,12.553265123123492,24600
41,calibration,er_d2,5000,10073,2026,0,grid_1.5,5,5,333000,75.31959073874094,24600
41,calibration,er_d2,5000,10073,2026,0,grid_0.03125,5,6,576700,1.5691581403904364,24600
41,calibration,er_d2,5000,10073,2026,0,grid_16,5,7,341100,803.4089678799035,24600
41,calibration,er_d2,5000,10073,2026,0,grid_0.05,5,8,537200,2.5106530246246983,24600
41,calibration,er_d2,5000,10073,2026,0,grid_1,5,9,361100,50.213060492493966,24600
41,calibration,er_d2,5000,10073,2026,0,grid_0.5,5,10,378700,25.106530246246983,24600
41,calibration,er_d2,5000,10073,2026,0,grid_8,5,11,515900,401.70448393995173,24600
41,density,er_d2,5000,10073,2026,1666,caliber,0,0,439000,0,63800
41,density,er_d2,5000,10073,2026,1666,mean_degree,0,1,404700,24.92458080636055,24600
41,density,er_d2,5000,10073,2026,1666,selected_grid,0,2,278100,401.70448393995173,29420200
41,density,er_d2,5000,10073,2026,1666,mean_ring,0,3,339700,50.213060492493966,24600
41,density,er_d2,5000,10073,2026,1666,degree4,0,4,685500,0,251600
41,density,er_d2,5000,10073,2026,1666,fourary,0,5,564300,0,0
41,density,er_d2,5000,10073,2026,1666,std_binary,0,6,530000,0,0
41,density,er_d2,5000,10073,2026,1666,max_maxdegree,0,7,445500,11.11105255126245,47400
41,density,er_d2,5000,10073,2026,1666,mean_map,0,8,367700,50.213060492493966,24600
41,density,er_d2,5000,10073,2026,1666,binary,0,9,566500,0,0
41,density,er_d2,5000,10073,2026,1666,binary,1,0,542300,0,0
41,density,er_d2,5000,10073,2026,1666,mean_map,1,1,355500,50.213060492493966,24600
41,density,er_d2,5000,10073,2026,1666,max_maxdegree,1,2,429500,11.11105255126245,47400
41,density,er_d2,5000,10073,2026,1666,std_binary,1,3,546900,0,0
41,density,er_d2,5000,10073,2026,1666,fourary,1,4,580900,0,0
41,density,er_d2,5000,10073,2026,1666,degree4,1,5,694100,0,251600
41,density,er_d2,5000,10073,2026,1666,mean_ring,1,6,319000,50.213060492493966,24600
41,density,er_d2,5000,10073,2026,1666,selected_grid,1,7,295500,401.70448393995173,29420200
41,density,er_d2,5000,10073,2026,1666,mean_degree,1,8,380400,24.92458080636055,24600
41,density,er_d2,5000,10073,2026,1666,caliber,1,9,451800,0,63800
41,density,er_d2,5000,10073,2026,1666,mean_degree,2,0,382400,24.92458080636055,24600
41,density,er_d2,5000,10073,2026,1666,binary,2,1,555800,0,0
41,density,er_d2,5000,10073,2026,1666,degree4,2,2,776000,0,251600
41,density,er_d2,5000,10073,2026,1666,std_binary,2,3,573200,0,0
41,density,er_d2,5000,10073,2026,1666,caliber,2,4,764600,0,63800
41,density,er_d2,5000,10073,2026,1666,mean_map,2,5,518200,50.213060492493966,24600
41,density,er_d2,5000,10073,2026,1666,selected_grid,2,6,285400,401.70448393995173,29420200
41,density,er_d2,5000,10073,2026,1666,fourary,2,7,559800,0,0
41,density,er_d2,5000,10073,2026,1666,max_maxdegree,2,8,465200,11.11105255126245,47400
41,density,er_d2,5000,10073,2026,1666,mean_ring,2,9,333200,50.213060492493966,24600
41,density,er_d2,5000,10073,2026,1666,mean_ring,3,0,330900,50.213060492493966,24600
41,density,er_d2,5000,10073,2026,1666,max_maxdegree,3,1,435100,11.11105255126245,47400
41,density,er_d2,5000,10073,2026,1666,fourary,3,2,610800,0,0
41,density,er_d2,5000,10073,2026,1666,selected_grid,3,3,291200,401.70448393995173,29420200
41,density,er_d2,5000,10073,2026,1666,mean_map,3,4,353000,50.213060492493966,24600
41,density,er_d2,5000,10073,2026,1666,caliber,3,5,441300,0,63800
41,density,er_d2,5000,10073,2026,1666,std_binary,3,6,534900,0,0
41,density,er_d2,5000,10073,2026,1666,degree4,3,7,682800,0,251600
41,density,er_d2,5000,10073,2026,1666,binary,3,8,540300,0,0
41,density,er_d2,5000,10073,2026,1666,mean_degree,3,9,391600,24.92458080636055,24600
41,density,er_d2,5000,10073,2026,1666,max_maxdegree,4,0,427500,11.11105255126245,47400
41,density,er_d2,5000,10073,2026,1666,mean_ring,4,1,331100,50.213060492493966,24600
41,density,er_d2,5000,10073,2026,1666,mean_map,4,2,369300,50.213060492493966,24600
41,density,er_d2,5000,10073,2026,1666,degree4,4,3,720500,0,251600
41,density,er_d2,5000,10073,2026,1666,std_binary,4,4,654300,0,0
41,density,er_d2,5000,10073,2026,1666,mean_degree,4,5,387600,24.92458080636055,24600
41,density,er_d2,5000,10073,2026,1666,selected_grid,4,6,288600,401.70448393995173,29420200
41,density,er_d2,5000,10073,2026,1666,binary,4,7,560900,0,0
41,density,er_d2,5000,10073,2026,1666,fourary,4,8,580800,0,0
41,density,er_d2,5000,10073,2026,1666,caliber,4,9,443200,0,63800
41,density,er_d2,5000,10073,2026,1666,caliber,5,0,425600,0,63800
41,density,er_d2,5000,10073,2026,1666,fourary,5,1,539800,0,0
41,density,er_d2,5000,10073,2026,1666,binary,5,2,557500,0,0
41,density,er_d2,5000,10073,2026,1666,selected_grid,5,3,276200,401.70448393995173,29420200
41,density,er_d2,5000,10073,2026,1666,mean_degree,5,4,397100,24.92458080636055,24600
41,density,er_d2,5000,10073,2026,1666,std_binary,5,5,528500,0,0
41,density,er_d2,5000,10073,2026,1666,degree4,5,6,689600,0,251600
41,density,er_d2,5000,10073,2026,1666,mean_map,5,7,357200,50.213060492493966,24600
41,density,er_d2,5000,10073,2026,1666,mean_ring,5,8,317500,50.213060492493966,24600
41,density,er_d2,5000,10073,2026,1666,max_maxdegree,5,9,435500,11.11105255126245,47400
41,density,er_d2,5000,10073,2026,1666,selected_grid,6,0,279700,401.70448393995173,29420200
41,density,er_d2,5000,10073,2026,1666,mean_ring,6,1,321000,50.213060492493966,24600
41,density,er_d2,5000,10073,2026,1666,fourary,6,2,550100,0,0
41,density,er_d2,5000,10073,2026,1666,caliber,6,3,435000,0,63800
41,density,er_d2,5000,10073,2026,1666,binary,6,4,546100,0,0
41,density,er_d2,5000,10073,2026,1666,std_binary,6,5,548600,0,0
41,density,er_d2,5000,10073,2026,1666,degree4,6,6,670900,0,251600
41,density,er_d2,5000,10073,2026,1666,mean_map,6,7,432300,50.213060492493966,24600
41,density,er_d2,5000,10073,2026,1666,max_maxdegree,6,8,430500,11.11105255126245,47400
41,density,er_d2,5000,10073,2026,1666,mean_degree,6,9,468800,24.92458080636055,24600
41,density,er_d2,5000,10073,2026,1666,mean_degree,7,0,373700,24.92458080636055,24600
41,density,er_d2,5000,10073,2026,1666,max_maxdegree,7,1,521600,11.11105255126245,47400
41,density,er_d2,5000,10073,2026,1666,mean_map,7,2,366300,50.213060492493966,24600
41,density,er_d2,5000,10073,2026,1666,degree4,7,3,679800,0,251600
41,density,er_d2,5000,10073,2026,1666,std_binary,7,4,540700,0,0
41,density,er_d2,5000,10073,2026,1666,binary,7,5,544600,0,0
41,density,er_d2,5000,10073,2026,1666,caliber,7,6,434100,0,63800
41,density,er_d2,5000,10073,2026,1666,fourary,7,7,549600,0,0
41,density,er_d2,5000,10073,2026,1666,mean_ring,7,8,328000,50.213060492493966,24600
41,density,er_d2,5000,10073,2026,1666,selected_grid,7,9,280000,401.70448393995173,29420200
41,density,er_d2,5000,10073,2026,3333,fourary,0,0,2202000,0,0
41,density,er_d2,5000,10073,2026,3333,mean_ring,0,1,349800,50.213060492493966,24600
41,density,er_d2,5000,10073,2026,3333,std_binary,0,2,556400,0,0
41,density,er_d2,5000,10073,2026,3333,mean_degree,0,3,397200,24.92458080636055,24600
41,density,er_d2,5000,10073,2026,3333,binary,0,4,569800,0,0
41,density,er_d2,5000,10073,2026,3333,mean_map,0,5,368800,50.213060492493966,24600
41,density,er_d2,5000,10073,2026,3333,selected_grid,0,6,287000,401.70448393995173,29420200
41,density,er_d2,5000,10073,2026,3333,caliber,0,7,450400,0,63800
41,density,er_d2,5000,10073,2026,3333,max_maxdegree,0,8,440900,11.11105255126245,47400
41,density,er_d2,5000,10073,2026,3333,degree4,0,9,700400,0,251600
41,density,er_d2,5000,10073,2026,3333,degree4,1,0,662900,0,251600
41,density,er_d2,5000,10073,2026,3333,max_maxdegree,1,1,429200,11.11105255126245,47400
41,density,er_d2,5000,10073,2026,3333,caliber,1,2,478000,0,63800
41,density,er_d2,5000,10073,2026,3333,selected_grid,1,3,309100,401.70448393995173,29420200
41,density,er_d2,5000,10073,2026,3333,mean_map,1,4,370200,50.213060492493966,24600
41,density,er_d2,5000,10073,2026,3333,binary,1,5,589600,0,0
41,density,er_d2,5000,10073,2026,3333,mean_degree,1,6,392400,24.92458080636055,24600
41,density,er_d2,5000,10073,2026,3333,std_binary,1,7,529500,0,0
41,density,er_d2,5000,10073,2026,3333,mean_ring,1,8,317400,50.213060492493966,24600
41,density,er_d2,5000,10073,2026,3333,fourary,1,9,560200,0,0
41,density,er_d2,5000,10073,2026,3333,degree4,2,0,671600,0,251600
41,density,er_d2,5000,10073,2026,3333,max_maxdegree,2,1,428400,11.11105255126245,47400
41,density,er_d2,5000,10073,2026,3333,selected_grid,2,2,276800,401.70448393995173,29420200
41,density,er_d2,5000,10073,2026,3333,binary,2,3,574700,0,0
41,density,er_d2,5000,10073,2026,3333,fourary,2,4,540200,0,0
41,density,er_d2,5000,10073,2026,3333,std_binary,2,5,541300,0,0
41,density,er_d2,5000,10073,2026,3333,mean_degree,2,6,391800,24.92458080636055,24600
41,density,er_d2,5000,10073,2026,3333,caliber,2,7,498900,0,63800
41,density,er_d2,5000,10073,2026,3333,mean_ring,2,8,423400,50.213060492493966,24600
41,density,er_d2,5000,10073,2026,3333,mean_map,2,9,479700,50.213060492493966,24600
41,density,er_d2,5000,10073,2026,3333,mean_map,3,0,591500,50.213060492493966,24600
41,density,er_d2,5000,10073,2026,3333,mean_ring,3,1,400300,50.213060492493966,24600
41,density,er_d2,5000,10073,2026,3333,caliber,3,2,452200,0,63800
41,density,er_d2,5000,10073,2026,3333,mean_degree,3,3,419700,24.92458080636055,24600
41,density,er_d2,5000,10073,2026,3333,std_binary,3,4,527300,0,0
41,density,er_d2,5000,10073,2026,3333,fourary,3,5,563700,0,0
41,density,er_d2,5000,10073,2026,3333,binary,3,6,546800,0,0
41,density,er_d2,5000,10073,2026,3333,selected_grid,3,7,305500,401.70448393995173,29420200
41,density,er_d2,5000,10073,2026,3333,max_maxdegree,3,8,436700,11.11105255126245,47400
41,density,er_d2,5000,10073,2026,3333,degree4,3,9,715200,0,251600
41,density,er_d2,5000,10073,2026,3333,std_binary,4,0,564400,0,0
41,density,er_d2,5000,10073,2026,3333,mean_degree,4,1,385200,24.92458080636055,24600
41,density,er_d2,5000,10073,2026,3333,mean_map,4,2,375600,50.213060492493966,24600
41,density,er_d2,5000,10073,2026,3333,mean_ring,4,3,324700,50.213060492493966,24600
41,density,er_d2,5000,10073,2026,3333,fourary,4,4,692600,0,0
41,density,er_d2,5000,10073,2026,3333,caliber,4,5,453700,0,63800
41,density,er_d2,5000,10073,2026,3333,binary,4,6,560500,0,0
41,density,er_d2,5000,10073,2026,3333,selected_grid,4,7,274600,401.70448393995173,29420200
41,density,er_d2,5000,10073,2026,3333,max_maxdegree,4,8,433700,11.11105255126245,47400
41,density,er_d2,5000,10073,2026,3333,degree4,4,9,724600,0,251600
41,density,er_d2,5000,10073,2026,3333,degree4,5,0,993700,0,251600
41,density,er_d2,5000,10073,2026,3333,max_maxdegree,5,1,469200,11.11105255126245,47400
41,density,er_d2,5000,10073,2026,3333,selected_grid,5,2,604900,401.70448393995173,29420200
41,density,er_d2,5000,10073,2026,3333,binary,5,3,631100,0,0
41,density,er_d2,5000,10073,2026,3333,caliber,5,4,445800,0,63800
41,density,er_d2,5000,10073,2026,3333,fourary,5,5,719600,0,0
41,density,er_d2,5000,10073,2026,3333,mean_ring,5,6,376300,50.213060492493966,24600
41,density,er_d2,5000,10073,2026,3333,mean_map,5,7,414200,50.213060492493966,24600
41,density,er_d2,5000,10073,2026,3333,mean_degree,5,8,1251200,24.92458080636055,24600
41,density,er_d2,5000,10073,2026,3333,std_binary,5,9,713700,0,0
41,density,er_d2,5000,10073,2026,3333,fourary,6,0,685100,0,0
41,density,er_d2,5000,10073,2026,3333,binary,6,1,685100,0,0
41,density,er_d2,5000,10073,2026,3333,degree4,6,2,730500,0,251600
41,density,er_d2,5000,10073,2026,3333,mean_ring,6,3,331000,50.213060492493966,24600
41,density,er_d2,5000,10073,2026,3333,std_binary,6,4,549100,0,0
41,density,er_d2,5000,10073,2026,3333,selected_grid,6,5,294000,401.70448393995173,29420200
41,density,er_d2,5000,10073,2026,3333,mean_degree,6,6,400700,24.92458080636055,24600
41,density,er_d2,5000,10073,2026,3333,max_maxdegree,6,7,517000,11.11105255126245,47400
41,density,er_d2,5000,10073,2026,3333,caliber,6,8,511100,0,63800
41,density,er_d2,5000,10073,2026,3333,mean_map,6,9,418800,50.213060492493966,24600
41,density,er_d2,5000,10073,2026,3333,mean_map,7,0,416900,50.213060492493966,24600
41,density,er_d2,5000,10073,2026,3333,caliber,7,1,615100,0,63800
41,density,er_d2,5000,10073,2026,3333,max_maxdegree,7,2,591400,11.11105255126245,47400
41,density,er_d2,5000,10073,2026,3333,mean_degree,7,3,511500,24.92458080636055,24600
41,density,er_d2,5000,10073,2026,3333,selected_grid,7,4,310500,401.70448393995173,29420200
41,density,er_d2,5000,10073,2026,3333,std_binary,7,5,602100,0,0
41,density,er_d2,5000,10073,2026,3333,mean_ring,7,6,343200,50.213060492493966,24600
41,density,er_d2,5000,10073,2026,3333,degree4,7,7,731700,0,251600
41,density,er_d2,5000,10073,2026,3333,binary,7,8,575900,0,0
41,density,er_d2,5000,10073,2026,3333,fourary,7,9,567800,0,0
42,calibration,er_d4,5000,20095,2026,0,grid_0.25,0,0,644900,12.58401204870728,39900
42,calibration,er_d4,5000,20095,2026,0,grid_0.1,0,1,734000,5.033604819482912,39900
42,calibration,er_d4,5000,20095,2026,0,grid_1.5,0,2,576700,75.50407229224368,39900
42,calibration,er_d4,5000,20095,2026,0,grid_0.03125,0,3,841000,1.57300150608841,39900
42,calibration,er_d4,5000,20095,2026,0,grid_4,0,4,487400,201.34419277931647,39900
42,calibration,er_d4,5000,20095,2026,0,grid_0.05,0,5,1375500,2.516802409741456,39900
42,calibration,er_d4,5000,20095,2026,0,grid_2,0,6,618400,100.67209638965824,39900
42,calibration,er_d4,5000,20095,2026,0,grid_8,0,7,760500,402.68838555863294,39900
42,calibration,er_d4,5000,20095,2026,0,grid_1,0,8,644700,50.33604819482912,39900
42,calibration,er_d4,5000,20095,2026,0,grid_16,0,9,679700,805.3767711172659,39900
42,calibration,er_d4,5000,20095,2026,0,grid_0.75,0,10,618100,37.75203614612184,39900
42,calibration,er_d4,5000,20095,2026,0,grid_0.5,0,11,632300,25.16802409741456,39900
42,calibration,er_d4,5000,20095,2026,0,grid_0.5,1,0,590100,25.16802409741456,39900
42,calibration,er_d4,5000,20095,2026,0,grid_0.75,1,1,570900,37.75203614612184,39900
42,calibration,er_d4,5000,20095,2026,0,grid_16,1,2,632800,805.3767711172659,39900
42,calibration,er_d4,5000,20095,2026,0,grid_1,1,3,568100,50.33604819482912,39900
42,calibration,er_d4,5000,20095,2026,0,grid_8,1,4,630200,402.68838555863294,39900
42,calibration,er_d4,5000,20095,2026,0,grid_2,1,5,517600,100.67209638965824,39900
42,calibration,er_d4,5000,20095,2026,0,grid_0.05,1,6,841100,2.516802409741456,39900
42,calibration,er_d4,5000,20095,2026,0,grid_4,1,7,477000,201.34419277931647,39900
42,calibration,er_d4,5000,20095,2026,0,grid_0.03125,1,8,804100,1.57300150608841,39900
42,calibration,er_d4,5000,20095,2026,0,grid_1.5,1,9,538300,75.50407229224368,39900
42,calibration,er_d4,5000,20095,2026,0,grid_0.1,1,10,777300,5.033604819482912,39900
42,calibration,er_d4,5000,20095,2026,0,grid_0.25,1,11,654500,12.58401204870728,39900
42,calibration,er_d4,5000,20095,2026,0,grid_0.05,2,0,770700,2.516802409741456,39900
42,calibration,er_d4,5000,20095,2026,0,grid_0.5,2,1,763000,25.16802409741456,39900
42,calibration,er_d4,5000,20095,2026,0,grid_0.25,2,2,653600,12.58401204870728,39900
42,calibration,er_d4,5000,20095,2026,0,grid_8,2,3,659600,402.68838555863294,39900
42,calibration,er_d4,5000,20095,2026,0,grid_0.1,2,4,740600,5.033604819482912,39900
42,calibration,er_d4,5000,20095,2026,0,grid_4,2,5,504900,201.34419277931647,39900
42,calibration,er_d4,5000,20095,2026,0,grid_2,2,6,490300,100.67209638965824,39900
42,calibration,er_d4,5000,20095,2026,0,grid_0.03125,2,7,803300,1.57300150608841,39900
42,calibration,er_d4,5000,20095,2026,0,grid_0.75,2,8,604100,37.75203614612184,39900
42,calibration,er_d4,5000,20095,2026,0,grid_1.5,2,9,588700,75.50407229224368,39900
42,calibration,er_d4,5000,20095,2026,0,grid_1,2,10,607300,50.33604819482912,39900
42,calibration,er_d4,5000,20095,2026,0,grid_16,2,11,632700,805.3767711172659,39900
42,calibration,er_d4,5000,20095,2026,0,grid_16,3,0,617300,805.3767711172659,39900
42,calibration,er_d4,5000,20095,2026,0,grid_1,3,1,573000,50.33604819482912,39900
42,calibration,er_d4,5000,20095,2026,0,grid_1.5,3,2,529200,75.50407229224368,39900
42,calibration,er_d4,5000,20095,2026,0,grid_0.75,3,3,571500,37.75203614612184,39900
42,calibration,er_d4,5000,20095,2026,0,grid_0.03125,3,4,887800,1.57300150608841,39900
42,calibration,er_d4,5000,20095,2026,0,grid_2,3,5,611900,100.67209638965824,39900
42,calibration,er_d4,5000,20095,2026,0,grid_4,3,6,483200,201.34419277931647,39900
42,calibration,er_d4,5000,20095,2026,0,grid_0.1,3,7,735100,5.033604819482912,39900
42,calibration,er_d4,5000,20095,2026,0,grid_8,3,8,633600,402.68838555863294,39900
42,calibration,er_d4,5000,20095,2026,0,grid_0.25,3,9,704400,12.58401204870728,39900
42,calibration,er_d4,5000,20095,2026,0,grid_0.5,3,10,609100,25.16802409741456,39900
42,calibration,er_d4,5000,20095,2026,0,grid_0.05,3,11,786100,2.516802409741456,39900
42,calibration,er_d4,5000,20095,2026,0,grid_8,4,0,842200,402.68838555863294,39900
42,calibration,er_d4,5000,20095,2026,0,grid_0.5,4,1,616100,25.16802409741456,39900
42,calibration,er_d4,5000,20095,2026,0,grid_1,4,2,760500,50.33604819482912,39900
42,calibration,er_d4,5000,20095,2026,0,grid_0.05,4,3,1023500,2.516802409741456,39900
42,calibration,er_d4,5000,20095,2026,0,grid_16,4,4,1051400,805.3767711172659,39900
42,calibration,er_d4,5000,20095,2026,0,grid_0.03125,4,5,982700,1.57300150608841,39900
42,calibration,er_d4,5000,20095,2026,0,grid_1.5,4,6,572200,75.50407229224368,39900
42,calibration,er_d4,5000,20095,2026,0,grid_0.25,4,7,654300,12.58401204870728,39900
42,calibration,er_d4,5000,20095,2026,0,grid_4,4,8,515500,201.34419277931647,39900
42,calibration,er_d4,5000,20095,2026,0,grid_2,4,9,482700,100.67209638965824,39900
42,calibration,er_d4,5000,20095,2026,0,grid_0.75,4,10,638200,37.75203614612184,39900
42,calibration,er_d4,5000,20095,2026,0,grid_0.1,4,11,822900,5.033604819482912,39900
42,calibration,er_d4,5000,20095,2026,0,grid_0.1,5,0,740900,5.033604819482912,39900
42,calibration,er_d4,5000,20095,2026,0,grid_0.75,5,1,694100,37.75203614612184,39900
42,calibration,er_d4,5000,20095,2026,0,grid_2,5,2,512100,100.67209638965824,39900
42,calibration,er_d4,5000,20095,2026,0,grid_4,5,3,507900,201.34419277931647,39900
42,calibration,er_d4,5000,20095,2026,0,grid_0.25,5,4,655000,12.58401204870728,39900
42,calibration,er_d4,5000,20095,2026,0,grid_1.5,5,5,554900,75.50407229224368,39900
42,calibration,er_d4,5000,20095,2026,0,grid_0.03125,5,6,832900,1.57300150608841,39900
42,calibration,er_d4,5000,20095,2026,0,grid_16,5,7,707400,805.3767711172659,39900
42,calibration,er_d4,5000,20095,2026,0,grid_0.05,5,8,873400,2.516802409741456,39900
42,calibration,er_d4,5000,20095,2026,0,grid_1,5,9,602600,50.33604819482912,39900
42,calibration,er_d4,5000,20095,2026,0,grid_0.5,5,10,601600,25.16802409741456,39900
42,calibration,er_d4,5000,20095,2026,0,grid_8,5,11,744300,402.68838555863294,39900
42,density,er_d4,5000,20095,2026,1666,caliber,0,0,868200,0,71900
42,density,er_d4,5000,20095,2026,1666,mean_degree,0,1,1156900,12.524520575971415,39900
42,density,er_d4,5000,20095,2026,1666,selected_grid,0,2,623000,201.34419277931647,49097200
42,density,er_d4,5000,20095,2026,1666,mean_ring,0,3,688500,50.33604819482912,39900
42,density,er_d4,5000,20095,2026,1666,degree4,0,4,1845800,0,269900
42,density,er_d4,5000,20095,2026,1666,fourary,0,5,996500,0,0
42,density,er_d4,5000,20095,2026,1666,std_binary,0,6,952400,0,0
42,density,er_d4,5000,20095,2026,1666,max_maxdegree,0,7,684900,8.333289413446836,77300
42,density,er_d4,5000,20095,2026,1666,mean_map,0,8,624000,50.33604819482912,39900
42,density,er_d4,5000,20095,2026,1666,binary,0,9,1032700,0,0
42,density,er_d4,5000,20095,2026,1666,binary,1,0,1026000,0,0
42,density,er_d4,5000,20095,2026,1666,mean_map,1,1,566900,50.33604819482912,39900
42,density,er_d4,5000,20095,2026,1666,max_maxdegree,1,2,667300,8.333289413446836,77300
42,density,er_d4,5000,20095,2026,1666,std_binary,1,3,999800,0,0
42,density,er_d4,5000,20095,2026,1666,fourary,1,4,1358700,0,0
42,density,er_d4,5000,20095,2026,1666,degree4,1,5,1238300,0,269900
42,density,er_d4,5000,20095,2026,1666,mean_ring,1,6,686400,50.33604819482912,39900
42,density,er_d4,5000,20095,2026,1666,selected_grid,1,7,472200,201.34419277931647,49097200
42,density,er_d4,5000,20095,2026,1666,mean_degree,1,8,637300,12.524520575971415,39900
42,density,er_d4,5000,20095,2026,1666,caliber,1,9,870300,0,71900
42,density,er_d4,5000,20095,2026,1666,mean_degree,2,0,622000,12.524520575971415,39900
42,density,er_d4,5000,20095,2026,1666,binary,2,1,999400,0,0
42,density,er_d4,5000,20095,2026,1666,degree4,2,2,1214100,0,269900
42,density,er_d4,5000,20095,2026,1666,std_binary,2,3,963700,0,0
42,density,er_d4,5000,20095,2026,1666,caliber,2,4,855200,0,71900
42,density,er_d4,5000,20095,2026,1666,mean_map,2,5,565500,50.33604819482912,39900
42,density,er_d4,5000,20095,2026,1666,selected_grid,2,6,516000,201.34419277931647,49097200
42,density,er_d4,5000,20095,2026,1666,fourary,2,7,1164600,0,0
42,density,er_d4,5000,20095,2026,1666,max_maxdegree,2,8,792400,8.333289413446836,77300
42,density,er_d4,5000,20095,2026,1666,mean_ring,2,9,502700,50.33604819482912,39900
42,density,er_d4,5000,20095,2026,1666,mean_ring,3,0,519600,50.33604819482912,39900
42,density,er_d4,5000,20095,2026,1666,max_maxdegree,3,1,680000,8.333289413446836,77300
42,density,er_d4,5000,20095,2026,1666,fourary,3,2,1010400,0,0
42,density,er_d4,5000,20095,2026,1666,selected_grid,3,3,455300,201.34419277931647,49097200
42,density,er_d4,5000,20095,2026,1666,mean_map,3,4,608100,50.33604819482912,39900
42,density,er_d4,5000,20095,2026,1666,caliber,3,5,1264300,0,71900
42,density,er_d4,5000,20095,2026,1666,std_binary,3,6,998800,0,0
42,density,er_d4,5000,20095,2026,1666,degree4,3,7,1239500,0,269900
42,density,er_d4,5000,20095,2026,1666,binary,3,8,1078900,0,0
42,density,er_d4,5000,20095,2026,1666,mean_degree,3,9,651900,12.524520575971415,39900
42,density,er_d4,5000,20095,2026,1666,max_maxdegree,4,0,657400,8.333289413446836,77300
42,density,er_d4,5000,20095,2026,1666,mean_ring,4,1,512600,50.33604819482912,39900
42,density,er_d4,5000,20095,2026,1666,mean_map,4,2,562400,50.33604819482912,39900
42,density,er_d4,5000,20095,2026,1666,degree4,4,3,1174600,0,269900
42,density,er_d4,5000,20095,2026,1666,std_binary,4,4,957900,0,0
42,density,er_d4,5000,20095,2026,1666,mean_degree,4,5,640300,12.524520575971415,39900
42,density,er_d4,5000,20095,2026,1666,selected_grid,4,6,472100,201.34419277931647,49097200
42,density,er_d4,5000,20095,2026,1666,binary,4,7,1008000,0,0
42,density,er_d4,5000,20095,2026,1666,fourary,4,8,980500,0,0
42,density,er_d4,5000,20095,2026,1666,caliber,4,9,838900,0,71900
42,density,er_d4,5000,20095,2026,1666,caliber,5,0,836000,0,71900
42,density,er_d4,5000,20095,2026,1666,fourary,5,1,1112300,0,0
42,density,er_d4,5000,20095,2026,1666,binary,5,2,973600,0,0
42,density,er_d4,5000,20095,2026,1666,selected_grid,5,3,624900,201.34419277931647,49097200
42,density,er_d4,5000,20095,2026,1666,mean_degree,5,4,717000,12.524520575971415,39900
42,density,er_d4,5000,20095,2026,1666,std_binary,5,5,942700,0,0
42,density,er_d4,5000,20095,2026,1666,degree4,5,6,1231200,0,269900
42,density,er_d4,5000,20095,2026,1666,mean_map,5,7,565800,50.33604819482912,39900
42,density,er_d4,5000,20095,2026,1666,mean_ring,5,8,554000,50.33604819482912,39900
42,density,er_d4,5000,20095,2026,1666,max_maxdegree,5,9,782200,8.333289413446836,77300
42,density,er_d4,5000,20095,2026,1666,selected_grid,6,0,464700,201.34419277931647,49097200
42,density,er_d4,5000,20095,2026,1666,mean_ring,6,1,498400,50.33604819482912,39900
42,density,er_d4,5000,20095,2026,1666,fourary,6,2,999500,0,0
42,density,er_d4,5000,20095,2026,1666,caliber,6,3,833300,0,71900
42,density,er_d4,5000,20095,2026,1666,binary,6,4,985100,0,0
42,density,er_d4,5000,20095,2026,1666,std_binary,6,5,959400,0,0
42,density,er_d4,5000,20095,2026,1666,degree4,6,6,1200900,0,269900
42,density,er_d4,5000,20095,2026,1666,mean_map,6,7,562600,50.33604819482912,39900
42,density,er_d4,5000,20095,2026,1666,max_maxdegree,6,8,656400,8.333289413446836,77300
42,density,er_d4,5000,20095,2026,1666,mean_degree,6,9,695200,12.524520575971415,39900
42,density,er_d4,5000,20095,2026,1666,mean_degree,7,0,607400,12.524520575971415,39900
42,density,er_d4,5000,20095,2026,1666,max_maxdegree,7,1,774100,8.333289413446836,77300
42,density,er_d4,5000,20095,2026,1666,mean_map,7,2,591400,50.33604819482912,39900
42,density,er_d4,5000,20095,2026,1666,degree4,7,3,1669700,0,269900
42,density,er_d4,5000,20095,2026,1666,std_binary,7,4,1104600,0,0
42,density,er_d4,5000,20095,2026,1666,binary,7,5,1190700,0,0
42,density,er_d4,5000,20095,2026,1666,caliber,7,6,970600,0,71900
42,density,er_d4,5000,20095,2026,1666,fourary,7,7,991800,0,0
42,density,er_d4,5000,20095,2026,1666,mean_ring,7,8,513100,50.33604819482912,39900
42,density,er_d4,5000,20095,2026,1666,selected_grid,7,9,477400,201.34419277931647,49097200
42,density,er_d4,5000,20095,2026,3333,fourary,0,0,1023800,0,0
42,density,er_d4,5000,20095,2026,3333,mean_ring,0,1,514800,50.33604819482912,39900
42,density,er_d4,5000,20095,2026,3333,std_binary,0,2,959700,0,0
42,density,er_d4,5000,20095,2026,3333,mean_degree,0,3,648600,12.524520575971415,39900
42,density,er_d4,5000,20095,2026,3333,binary,0,4,1013400,0,0
42,density,er_d4,5000,20095,2026,3333,mean_map,0,5,550500,50.33604819482912,39900
42,density,er_d4,5000,20095,2026,3333,selected_grid,0,6,536400,201.34419277931647,49097200
42,density,er_d4,5000,20095,2026,3333,caliber,0,7,1205900,0,71900
42,density,er_d4,5000,20095,2026,3333,max_maxdegree,0,8,691100,8.333289413446836,77300
42,density,er_d4,5000,20095,2026,3333,degree4,0,9,1392900,0,269900
42,density,er_d4,5000,20095,2026,3333,degree4,1,0,1998200,0,269900
42,density,er_d4,5000,20095,2026,3333,max_maxdegree,1,1,919300,8.333289413446836,77300
42,density,er_d4,5000,20095,2026,3333,caliber,1,2,850400,0,71900
42,density,er_d4,5000,20095,2026,3333,selected_grid,1,3,561800,201.34419277931647,49097200
42,density,er_d4,5000,20095,2026,3333,mean_map,1,4,569600,50.33604819482912,39900
42,density,er_d4,5000,20095,2026,3333,binary,1,5,991600,0,0
42,density,er_d4,5000,20095,2026,3333,mean_degree,1,6,664300,12.524520575971415,39900
42,density,er_d4,5000,20095,2026,3333,std_binary,1,7,971300,0,0
42,density,er_d4,5000,20095,2026,3333,mean_ring,1,8,504800,50.33604819482912,39900
42,density,er_d4,5000,20095,2026,3333,fourary,1,9,1019100,0,0
42,density,er_d4,5000,20095,2026,3333,degree4,2,0,1227000,0,269900
42,density,er_d4,5000,20095,2026,3333,max_maxdegree,2,1,689100,8.333289413446836,77300
42,density,er_d4,5000,20095,2026,3333,selected_grid,2,2,545900,201.34419277931647,49097200
42,density,er_d4,5000,20095,2026,3333,binary,2,3,1035900,0,0
42,density,er_d4,5000,20095,2026,3333,fourary,2,4,976600,0,0
42,density,er_d4,5000,20095,2026,3333,std_binary,2,5,937700,0,0
42,density,er_d4,5000,20095,2026,3333,mean_degree,2,6,625800,12.524520575971415,39900
42,density,er_d4,5000,20095,2026,3333,caliber,2,7,856400,0,71900
42,density,er_d4,5000,20095,2026,3333,mean_ring,2,8,542800,50.33604819482912,39900
42,density,er_d4,5000,20095,2026,3333,mean_map,2,9,553000,50.33604819482912,39900
42,density,er_d4,5000,20095,2026,3333,mean_map,3,0,534200,50.33604819482912,39900
42,density,er_d4,5000,20095,2026,3333,mean_ring,3,1,488600,50.33604819482912,39900
42,density,er_d4,5000,20095,2026,3333,caliber,3,2,910600,0,71900
42,density,er_d4,5000,20095,2026,3333,mean_degree,3,3,678700,12.524520575971415,39900
42,density,er_d4,5000,20095,2026,3333,std_binary,3,4,967900,0,0
42,density,er_d4,5000,20095,2026,3333,fourary,3,5,991500,0,0
42,density,er_d4,5000,20095,2026,3333,binary,3,6,1126800,0,0
42,density,er_d4,5000,20095,2026,3333,selected_grid,3,7,656200,201.34419277931647,49097200
42,density,er_d4,5000,20095,2026,3333,max_maxdegree,3,8,700500,8.333289413446836,77300
42,density,er_d4,5000,20095,2026,3333,degree4,3,9,1218500,0,269900
42,density,er_d4,5000,20095,2026,3333,std_binary,4,0,1002200,0,0
42,density,er_d4,5000,20095,2026,3333,mean_degree,4,1,636600,12.524520575971415,39900
42,density,er_d4,5000,20095,2026,3333,mean_map,4,2,546300,50.33604819482912,39900
42,density,er_d4,5000,20095,2026,3333,mean_ring,4,3,524200,50.33604819482912,39900
42,density,er_d4,5000,20095,2026,3333,fourary,4,4,1088500,0,0
42,density,er_d4,5000,20095,2026,3333,caliber,4,5,911700,0,71900
42,density,er_d4,5000,20095,2026,3333,binary,4,6,997200,0,0
42,density,er_d4,5000,20095,2026,3333,selected_grid,4,7,718600,201.34419277931647,49097200
42,density,er_d4,5000,20095,2026,3333,max_maxdegree,4,8,648300,8.333289413446836,77300
42,density,er_d4,5000,20095,2026,3333,degree4,4,9,1849100,0,269900
42,density,er_d4,5000,20095,2026,3333,degree4,5,0,1424500,0,269900
42,density,er_d4,5000,20095,2026,3333,max_maxdegree,5,1,765000,8.333289413446836,77300
42,density,er_d4,5000,20095,2026,3333,selected_grid,5,2,531500,201.34419277931647,49097200
42,density,er_d4,5000,20095,2026,3333,binary,5,3,1029000,0,0
42,density,er_d4,5000,20095,2026,3333,caliber,5,4,884400,0,71900
42,density,er_d4,5000,20095,2026,3333,fourary,5,5,1023800,0,0
42,density,er_d4,5000,20095,2026,3333,mean_ring,5,6,596200,50.33604819482912,39900
42,density,er_d4,5000,20095,2026,3333,mean_map,5,7,613200,50.33604819482912,39900
42,density,er_d4,5000,20095,2026,3333,mean_degree,5,8,654100,12.524520575971415,39900
42,density,er_d4,5000,20095,2026,3333,std_binary,5,9,1013300,0,0
42,density,er_d4,5000,20095,2026,3333,fourary,6,0,1108400,0,0
42,density,er_d4,5000,20095,2026,3333,binary,6,1,987300,0,0
42,density,er_d4,5000,20095,2026,3333,degree4,6,2,1221000,0,269900
42,density,er_d4,5000,20095,2026,3333,mean_ring,6,3,531900,50.33604819482912,39900
42,density,er_d4,5000,20095,2026,3333,std_binary,6,4,945000,0,0
42,density,er_d4,5000,20095,2026,3333,selected_grid,6,5,529200,201.34419277931647,49097200
42,density,er_d4,5000,20095,2026,3333,mean_degree,6,6,622300,12.524520575971415,39900
42,density,er_d4,5000,20095,2026,3333,max_maxdegree,6,7,694100,8.333289413446836,77300
42,density,er_d4,5000,20095,2026,3333,caliber,6,8,848900,0,71900
42,density,er_d4,5000,20095,2026,3333,mean_map,6,9,562200,50.33604819482912,39900
42,density,er_d4,5000,20095,2026,3333,mean_map,7,0,557400,50.33604819482912,39900
42,density,er_d4,5000,20095,2026,3333,caliber,7,1,875900,0,71900
42,density,er_d4,5000,20095,2026,3333,max_maxdegree,7,2,721600,8.333289413446836,77300
42,density,er_d4,5000,20095,2026,3333,mean_degree,7,3,744500,12.524520575971415,39900
42,density,er_d4,5000,20095,2026,3333,selected_grid,7,4,540900,201.34419277931647,49097200
42,density,er_d4,5000,20095,2026,3333,std_binary,7,5,951800,0,0
42,density,er_d4,5000,20095,2026,3333,mean_ring,7,6,503200,50.33604819482912,39900
42,density,er_d4,5000,20095,2026,3333,degree4,7,7,1194500,0,269900
42,density,er_d4,5000,20095,2026,3333,binary,7,8,989500,0,0
42,density,er_d4,5000,20095,2026,3333,fourary,7,9,995000,0,0
43,calibration,er_d8,5000,39967,2026,0,grid_0.25,0,0,1014700,12.600777432876068,81500
43,calibration,er_d8,5000,39967,2026,0,grid_0.1,0,1,945400,5.040310973150428,81500
43,calibration,er_d8,5000,39967,2026,0,grid_1.5,0,2,894500,75.6046645972564,81500
43,calibration,er_d8,5000,39967,2026,0,grid_0.03125,0,3,1082900,1.5750971791095085,81500
43,calibration,er_d8,5000,39967,2026,0,grid_4,0,4,1042600,201.6124389260171,81500
43,calibration,er_d8,5000,39967,2026,0,grid_0.05,0,5,1030100,2.520155486575214,81500
43,calibration,er_d8,5000,39967,2026,0,grid_2,0,6,766700,100.80621946300855,81500
43,calibration,er_d8,5000,39967,2026,0,grid_8,0,7,1200100,403.2248778520342,81500
43,calibration,er_d8,5000,39967,2026,0,grid_1,0,8,867400,50.40310973150427,81500
43,calibration,er_d8,5000,39967,2026,0,grid_16,0,9,1024200,806.4497557040684,81500
43,calibration,er_d8,5000,39967,2026,0,grid_0.75,0,10,914900,37.8023322986282,81500
43,calibration,er_d8,5000,39967,2026,0,grid_0.5,0,11,801400,25.201554865752136,81500
43,calibration,er_d8,5000,39967,2026,0,grid_0.5,1,0,826000,25.201554865752136,81500
43,calibration,er_d8,5000,39967,2026,0,grid_0.75,1,1,779200,37.8023322986282,81500
43,calibration,er_d8,5000,39967,2026,0,grid_16,1,2,1032600,806.4497557040684,81500
43,calibration,er_d8,5000,39967,2026,0,grid_1,1,3,912300,50.40310973150427,81500
43,calibration,er_d8,5000,39967,2026,0,grid_8,1,4,2477800,403.2248778520342,81500
43,calibration,er_d8,5000,39967,2026,0,grid_2,1,5,889800,100.80621946300855,81500
43,calibration,er_d8,5000,39967,2026,0,grid_0.05,1,6,1030000,2.520155486575214,81500
43,calibration,er_d8,5000,39967,2026,0,grid_4,1,7,1178100,201.6124389260171,81500
43,calibration,er_d8,5000,39967,2026,0,grid_0.03125,1,8,1096100,1.5750971791095085,81500
43,calibration,er_d8,5000,39967,2026,0,grid_1.5,1,9,1168600,75.6046645972564,81500
43,calibration,er_d8,5000,39967,2026,0,grid_0.1,1,10,1191600,5.040310973150428,81500
43,calibration,er_d8,5000,39967,2026,0,grid_0.25,1,11,921900,12.600777432876068,81500
43,calibration,er_d8,5000,39967,2026,0,grid_0.05,2,0,1031800,2.520155486575214,81500
43,calibration,er_d8,5000,39967,2026,0,grid_0.5,2,1,876000,25.201554865752136,81500
43,calibration,er_d8,5000,39967,2026,0,grid_0.25,2,2,881000,12.600777432876068,81500
43,calibration,er_d8,5000,39967,2026,0,grid_8,2,3,1081600,403.2248778520342,81500
43,calibration,er_d8,5000,39967,2026,0,grid_0.1,2,4,981200,5.040310973150428,81500
43,calibration,er_d8,5000,39967,2026,0,grid_4,2,5,1098200,201.6124389260171,81500
43,calibration,er_d8,5000,39967,2026,0,grid_2,2,6,746700,100.80621946300855,81500
43,calibration,er_d8,5000,39967,2026,0,grid_0.03125,2,7,1098400,1.5750971791095085,81500
43,calibration,er_d8,5000,39967,2026,0,grid_0.75,2,8,867400,37.8023322986282,81500
43,calibration,er_d8,5000,39967,2026,0,grid_1.5,2,9,908600,75.6046645972564,81500
43,calibration,er_d8,5000,39967,2026,0,grid_1,2,10,812700,50.40310973150427,81500
43,calibration,er_d8,5000,39967,2026,0,grid_16,2,11,1357300,806.4497557040684,81500
43,calibration,er_d8,5000,39967,2026,0,grid_16,3,0,1557800,806.4497557040684,81500
43,calibration,er_d8,5000,39967,2026,0,grid_1,3,1,864900,50.40310973150427,81500
43,calibration,er_d8,5000,39967,2026,0,grid_1.5,3,2,846700,75.6046645972564,81500
43,calibration,er_d8,5000,39967,2026,0,grid_0.75,3,3,770700,37.8023322986282,81500
43,calibration,er_d8,5000,39967,2026,0,grid_0.03125,3,4,1102200,1.5750971791095085,81500
43,calibration,er_d8,5000,39967,2026,0,grid_2,3,5,746500,100.80621946300855,81500
43,calibration,er_d8,5000,39967,2026,0,grid_4,3,6,1044600,201.6124389260171,81500
43,calibration,er_d8,5000,39967,2026,0,grid_0.1,3,7,1007100,5.040310973150428,81500
43,calibration,er_d8,5000,39967,2026,0,grid_8,3,8,1034100,403.2248778520342,81500
43,calibration,er_d8,5000,39967,2026,0,grid_0.25,3,9,891600,12.600777432876068,81500
43,calibration,er_d8,5000,39967,2026,0,grid_0.5,3,10,1244900,25.201554865752136,81500
43,calibration,er_d8,5000,39967,2026,0,grid_0.05,3,11,1232000,2.520155486575214,81500
43,calibration,er_d8,5000,39967,2026,0,grid_8,4,0,1044800,403.2248778520342,81500
43,calibration,er_d8,5000,39967,2026,0,grid_0.5,4,1,847600,25.201554865752136,81500
43,calibration,er_d8,5000,39967,2026,0,grid_1,4,2,799600,50.40310973150427,81500
43,calibration,er_d8,5000,39967,2026,0,grid_0.05,4,3,1055800,2.520155486575214,81500
43,calibration,er_d8,5000,39967,2026,0,grid_16,4,4,1079900,806.4497557040684,81500
43,calibration,er_d8,5000,39967,2026,0,grid_0.03125,4,5,1056000,1.5750971791095085,81500
43,calibration,er_d8,5000,39967,2026,0,grid_1.5,4,6,887100,75.6046645972564,81500
43,calibration,er_d8,5000,39967,2026,0,grid_0.25,4,7,923600,12.600777432876068,81500
43,calibration,er_d8,5000,39967,2026,0,grid_4,4,8,1004200,201.6124389260171,81500
43,calibration,er_d8,5000,39967,2026,0,grid_2,4,9,719900,100.80621946300855,81500
43,calibration,er_d8,5000,39967,2026,0,grid_0.75,4,10,873900,37.8023322986282,81500
43,calibration,er_d8,5000,39967,2026,0,grid_0.1,4,11,1060800,5.040310973150428,81500
43,calibration,er_d8,5000,39967,2026,0,grid_0.1,5,0,1064300,5.040310973150428,81500
43,calibration,er_d8,5000,39967,2026,0,grid_0.75,5,1,810700,37.8023322986282,81500
43,calibration,er_d8,5000,39967,2026,0,grid_2,5,2,729100,100.80621946300855,81500
43,calibration,er_d8,5000,39967,2026,0,grid_4,5,3,1065700,201.6124389260171,81500
43,calibration,er_d8,5000,39967,2026,0,grid_0.25,5,4,978300,12.600777432876068,81500
43,calibration,er_d8,5000,39967,2026,0,grid_1.5,5,5,1071100,75.6046645972564,81500
43,calibration,er_d8,5000,39967,2026,0,grid_0.03125,5,6,1322500,1.5750971791095085,81500
43,calibration,er_d8,5000,39967,2026,0,grid_16,5,7,1187800,806.4497557040684,81500
43,calibration,er_d8,5000,39967,2026,0,grid_0.05,5,8,1013300,2.520155486575214,81500
43,calibration,er_d8,5000,39967,2026,0,grid_1,5,9,850000,50.40310973150427,81500
43,calibration,er_d8,5000,39967,2026,0,grid_0.5,5,10,841700,25.201554865752136,81500
43,calibration,er_d8,5000,39967,2026,0,grid_8,5,11,1026400,403.2248778520342,81500
43,density,er_d8,5000,39967,2026,1666,caliber,0,0,1375300,0,136900
43,density,er_d8,5000,39967,2026,1666,mean_degree,0,1,950400,6.305590828871853,81500
43,density,er_d8,5000,39967,2026,1666,selected_grid,0,2,895300,100.80621946300855,72813900
43,density,er_d8,5000,39967,2026,1666,mean_ring,0,3,767500,50.40310973150427,81500
43,density,er_d8,5000,39967,2026,1666,degree4,0,4,1579100,0,279000
43,density,er_d8,5000,39967,2026,1666,fourary,0,5,1486500,0,0
43,density,er_d8,5000,39967,2026,1666,std_binary,0,6,1498500,0,0
43,density,er_d8,5000,39967,2026,1666,max_maxdegree,0,7,975400,5.26313015586116,107200
43,density,er_d8,5000,39967,2026,1666,mean_map,0,8,1097800,50.40310973150427,81500
43,density,er_d8,5000,39967,2026,1666,binary,0,9,1601700,0,0
43,density,er_d8,5000,39967,2026,1666,binary,1,0,1982000,0,0
43,density,er_d8,5000,39967,2026,1666,mean_map,1,1,971400,50.40310973150427,81500
43,density,er_d8,5000,39967,2026,1666,max_maxdegree,1,2,980400,5.26313015586116,107200
43,density,er_d8,5000,39967,2026,1666,std_binary,1,3,1680800,0,0
43,density,er_d8,5000,39967,2026,1666,fourary,1,4,1517200,0,0
43,density,er_d8,5000,39967,2026,1666,degree4,1,5,1539800,0,279000
43,density,er_d8,5000,39967,2026,1666,mean_ring,1,6,763100,50.40310973150427,81500
43,density,er_d8,5000,39967,2026,1666,selected_grid,1,7,897900,100.80621946300855,72813900
43,density,er_d8,5000,39967,2026,1666,mean_degree,1,8,939900,6.305590828871853,81500
43,density,er_d8,5000,39967,2026,1666,caliber,1,9,1351700,0,136900
43,density,er_d8,5000,39967,2026,1666,mean_degree,2,0,923000,6.305590828871853,81500
43,density,er_d8,5000,39967,2026,1666,binary,2,1,1467500,0,0
43,density,er_d8,5000,39967,2026,1666,degree4,2,2,1647000,0,279000
43,density,er_d8,5000,39967,2026,1666,std_binary,2,3,1557400,0,0
43,density,er_d8,5000,39967,2026,1666,caliber,2,4,1347400,0,136900
43,density,er_d8,5000,39967,2026,1666,mean_map,2,5,814700,50.40310973150427,81500
43,density,er_d8,5000,39967,2026,1666,selected_grid,2,6,879300,100.80621946300855,72813900
43,density,er_d8,5000,39967,2026,1666,fourary,2,7,1638700,0,0
43,density,er_d8,5000,39967,2026,1666,max_maxdegree,2,8,950000,5.26313015586116,107200
43,density,er_d8,5000,39967,2026,1666,mean_ring,2,9,779800,50.40310973150427,81500
43,density,er_d8,5000,39967,2026,1666,mean_ring,3,0,727400,50.40310973150427,81500
43,density,er_d8,5000,39967,2026,1666,max_maxdegree,3,1,946200,5.26313015586116,107200
43,density,er_d8,5000,39967,2026,1666,fourary,3,2,1595800,0,0
43,density,er_d8,5000,39967,2026,1666,selected_grid,3,3,1062500,100.80621946300855,72813900
43,density,er_d8,5000,39967,2026,1666,mean_map,3,4,941600,50.40310973150427,81500
43,density,er_d8,5000,39967,2026,1666,caliber,3,5,1342800,0,136900
43,density,er_d8,5000,39967,2026,1666,std_binary,3,6,1889400,0,0
43,density,er_d8,5000,39967,2026,1666,degree4,3,7,1751700,0,279000
43,density,er_d8,5000,39967,2026,1666,binary,3,8,1543100,0,0
43,density,er_d8,5000,39967,2026,1666,mean_degree,3,9,934300,6.305590828871853,81500
43,density,er_d8,5000,39967,2026,1666,max_maxdegree,4,0,907100,5.26313015586116,107200
43,density,er_d8,5000,39967,2026,1666,mean_ring,4,1,768100,50.40310973150427,81500
43,density,er_d8,5000,39967,2026,1666,mean_map,4,2,774900,50.40310973150427,81500
43,density,er_d8,5000,39967,2026,1666,degree4,4,3,1725600,0,279000
43,density,er_d8,5000,39967,2026,1666,std_binary,4,4,1460400,0,0
43,density,er_d8,5000,39967,2026,1666,mean_degree,4,5,945300,6.305590828871853,81500
43,density,er_d8,5000,39967,2026,1666,selected_grid,4,6,825900,100.80621946300855,72813900
43,density,er_d8,5000,39967,2026,1666,binary,4,7,1636700,0,0
43,density,er_d8,5000,39967,2026,1666,fourary,4,8,1544500,0,0
43,density,er_d8,5000,39967,2026,1666,caliber,4,9,1493300,0,136900
43,density,er_d8,5000,39967,2026,1666,caliber,5,0,1396900,0,136900
43,density,er_d8,5000,39967,2026,1666,fourary,5,1,1499600,0,0
43,density,er_d8,5000,39967,2026,1666,binary,5,2,1648800,0,0
43,density,er_d8,5000,39967,2026,1666,selected_grid,5,3,815900,100.80621946300855,72813900
43,density,er_d8,5000,39967,2026,1666,mean_degree,5,4,997900,6.305590828871853,81500
43,density,er_d8,5000,39967,2026,1666,std_binary,5,5,1488200,0,0
43,density,er_d8,5000,39967,2026,1666,degree4,5,6,1619900,0,279000
43,density,er_d8,5000,39967,2026,1666,mean_map,5,7,947000,50.40310973150427,81500
43,density,er_d8,5000,39967,2026,1666,mean_ring,5,8,754300,50.40310973150427,81500
43,density,er_d8,5000,39967,2026,1666,max_maxdegree,5,9,1326600,5.26313015586116,107200
43,density,er_d8,5000,39967,2026,1666,selected_grid,6,0,965100,100.80621946300855,72813900
43,density,er_d8,5000,39967,2026,1666,mean_ring,6,1,1248200,50.40310973150427,81500
43,density,er_d8,5000,39967,2026,1666,fourary,6,2,2236700,0,0
43,density,er_d8,5000,39967,2026,1666,caliber,6,3,1357400,0,136900
43,density,er_d8,5000,39967,2026,1666,binary,6,4,1503200,0,0
43,density,er_d8,5000,39967,2026,1666,std_binary,6,5,1459800,0,0
43,density,er_d8,5000,39967,2026,1666,degree4,6,6,1700000,0,279000
43,density,er_d8,5000,39967,2026,1666,mean_map,6,7,908400,50.40310973150427,81500
43,density,er_d8,5000,39967,2026,1666,max_maxdegree,6,8,1034900,5.26313015586116,107200
43,density,er_d8,5000,39967,2026,1666,mean_degree,6,9,1016100,6.305590828871853,81500
43,density,er_d8,5000,39967,2026,1666,mean_degree,7,0,898600,6.305590828871853,81500
43,density,er_d8,5000,39967,2026,1666,max_maxdegree,7,1,1022800,5.26313015586116,107200
43,density,er_d8,5000,39967,2026,1666,mean_map,7,2,971300,50.40310973150427,81500
43,density,er_d8,5000,39967,2026,1666,degree4,7,3,1577600,0,279000
43,density,er_d8,5000,39967,2026,1666,std_binary,7,4,1529800,0,0
43,density,er_d8,5000,39967,2026,1666,binary,7,5,1630500,0,0
43,density,er_d8,5000,39967,2026,1666,caliber,7,6,1357900,0,136900
43,density,er_d8,5000,39967,2026,1666,fourary,7,7,1600100,0,0
43,density,er_d8,5000,39967,2026,1666,mean_ring,7,8,846300,50.40310973150427,81500
43,density,er_d8,5000,39967,2026,1666,selected_grid,7,9,895500,100.80621946300855,72813900
43,density,er_d8,5000,39967,2026,3333,fourary,0,0,1609900,0,0
43,density,er_d8,5000,39967,2026,3333,mean_ring,0,1,771600,50.40310973150427,81500
43,density,er_d8,5000,39967,2026,3333,std_binary,0,2,1578300,0,0
43,density,er_d8,5000,39967,2026,3333,mean_degree,0,3,921500,6.305590828871853,81500
43,density,er_d8,5000,39967,2026,3333,binary,0,4,1527800,0,0
43,density,er_d8,5000,39967,2026,3333,mean_map,0,5,1252000,50.40310973150427,81500
43,density,er_d8,5000,39967,2026,3333,selected_grid,0,6,1350000,100.80621946300855,72813900
43,density,er_d8,5000,39967,2026,3333,caliber,0,7,1451600,0,136900
43,density,er_d8,5000,39967,2026,3333,max_maxdegree,0,8,1058300,5.26313015586116,107200
43,density,er_d8,5000,39967,2026,3333,degree4,0,9,1732100,0,279000
43,density,er_d8,5000,39967,2026,3333,degree4,1,0,1535400,0,279000
43,density,er_d8,5000,39967,2026,3333,max_maxdegree,1,1,999500,5.26313015586116,107200
43,density,er_d8,5000,39967,2026,3333,caliber,1,2,1352800,0,136900
43,density,er_d8,5000,39967,2026,3333,selected_grid,1,3,724700,100.80621946300855,72813900
43,density,er_d8,5000,39967,2026,3333,mean_map,1,4,772100,50.40310973150427,81500
43,density,er_d8,5000,39967,2026,3333,binary,1,5,1493900,0,0
43,density,er_d8,5000,39967,2026,3333,mean_degree,1,6,973500,6.305590828871853,81500
43,density,er_d8,5000,39967,2026,3333,std_binary,1,7,1575400,0,0
43,density,er_d8,5000,39967,2026,3333,mean_ring,1,8,795500,50.40310973150427,81500
43,density,er_d8,5000,39967,2026,3333,fourary,1,9,1688800,0,0
43,density,er_d8,5000,39967,2026,3333,degree4,2,0,1720600,0,279000
43,density,er_d8,5000,39967,2026,3333,max_maxdegree,2,1,1132800,5.26313015586116,107200
43,density,er_d8,5000,39967,2026,3333,selected_grid,2,2,1109200,100.80621946300855,72813900
43,density,er_d8,5000,39967,2026,3333,binary,2,3,1736300,0,0
43,density,er_d8,5000,39967,2026,3333,fourary,2,4,1575000,0,0
43,density,er_d8,5000,39967,2026,3333,std_binary,2,5,1645200,0,0
43,density,er_d8,5000,39967,2026,3333,mean_degree,2,6,1057500,6.305590828871853,81500
43,density,er_d8,5000,39967,2026,3333,caliber,2,7,1362900,0,136900
43,density,er_d8,5000,39967,2026,3333,mean_ring,2,8,833200,50.40310973150427,81500
43,density,er_d8,5000,39967,2026,3333,mean_map,2,9,788700,50.40310973150427,81500
43,density,er_d8,5000,39967,2026,3333,mean_map,3,0,758600,50.40310973150427,81500
43,density,er_d8,5000,39967,2026,3333,mean_ring,3,1,764900,50.40310973150427,81500
43,density,er_d8,5000,39967,2026,3333,caliber,3,2,1403800,0,136900
43,density,er_d8,5000,39967,2026,3333,mean_degree,3,3,973600,6.305590828871853,81500
43,density,er_d8,5000,39967,2026,3333,std_binary,3,4,1612300,0,0
43,density,er_d8,5000,39967,2026,3333,fourary,3,5,1526000,0,0
43,density,er_d8,5000,39967,2026,3333,binary,3,6,1504800,0,0
43,density,er_d8,5000,39967,2026,3333,selected_grid,3,7,732000,100.80621946300855,72813900
43,density,er_d8,5000,39967,2026,3333,max_maxdegree,3,8,954200,5.26313015586116,107200
43,density,er_d8,5000,39967,2026,3333,degree4,3,9,1632100,0,279000
43,density,er_d8,5000,39967,2026,3333,std_binary,4,0,1523400,0,0
43,density,er_d8,5000,39967,2026,3333,mean_degree,4,1,960500,6.305590828871853,81500
43,density,er_d8,5000,39967,2026,3333,mean_map,4,2,855300,50.40310973150427,81500
43,density,er_d8,5000,39967,2026,3333,mean_ring,4,3,729700,50.40310973150427,81500
43,density,er_d8,5000,39967,2026,3333,fourary,4,4,1501100,0,0
43,density,er_d8,5000,39967,2026,3333,caliber,4,5,1369400,0,136900
43,density,er_d8,5000,39967,2026,3333,binary,4,6,1646700,0,0
43,density,er_d8,5000,39967,2026,3333,selected_grid,4,7,793300,100.80621946300855,72813900
43,density,er_d8,5000,39967,2026,3333,max_maxdegree,4,8,1217500,5.26313015586116,107200
43,density,er_d8,5000,39967,2026,3333,degree4,4,9,2343000,0,279000
43,density,er_d8,5000,39967,2026,3333,degree4,5,0,1713800,0,279000
43,density,er_d8,5000,39967,2026,3333,max_maxdegree,5,1,965700,5.26313015586116,107200
43,density,er_d8,5000,39967,2026,3333,selected_grid,5,2,766600,100.80621946300855,72813900
43,density,er_d8,5000,39967,2026,3333,binary,5,3,1661200,0,0
43,density,er_d8,5000,39967,2026,3333,caliber,5,4,1406000,0,136900
43,density,er_d8,5000,39967,2026,3333,fourary,5,5,1546500,0,0
43,density,er_d8,5000,39967,2026,3333,mean_ring,5,6,794900,50.40310973150427,81500
43,density,er_d8,5000,39967,2026,3333,mean_map,5,7,786500,50.40310973150427,81500
43,density,er_d8,5000,39967,2026,3333,mean_degree,5,8,1124900,6.305590828871853,81500
43,density,er_d8,5000,39967,2026,3333,std_binary,5,9,1469400,0,0
43,density,er_d8,5000,39967,2026,3333,fourary,6,0,1556500,0,0
43,density,er_d8,5000,39967,2026,3333,binary,6,1,1505400,0,0
43,density,er_d8,5000,39967,2026,3333,degree4,6,2,1621800,0,279000
43,density,er_d8,5000,39967,2026,3333,mean_ring,6,3,774400,50.40310973150427,81500
43,density,er_d8,5000,39967,2026,3333,std_binary,6,4,1589800,0,0
43,density,er_d8,5000,39967,2026,3333,selected_grid,6,5,791900,100.80621946300855,72813900
43,density,er_d8,5000,39967,2026,3333,mean_degree,6,6,995400,6.305590828871853,81500
43,density,er_d8,5000,39967,2026,3333,max_maxdegree,6,7,1101400,5.26313015586116,107200
43,density,er_d8,5000,39967,2026,3333,caliber,6,8,1350200,0,136900
43,density,er_d8,5000,39967,2026,3333,mean_map,6,9,854800,50.40310973150427,81500
43,density,er_d8,5000,39967,2026,3333,mean_map,7,0,855700,50.40310973150427,81500
43,density,er_d8,5000,39967,2026,3333,caliber,7,1,1424400,0,136900
43,density,er_d8,5000,39967,2026,3333,max_maxdegree,7,2,988800,5.26313015586116,107200
43,density,er_d8,5000,39967,2026,3333,mean_degree,7,3,900200,6.305590828871853,81500
43,density,er_d8,5000,39967,2026,3333,selected_grid,7,4,1108800,100.80621946300855,72813900
43,density,er_d8,5000,39967,2026,3333,std_binary,7,5,2099100,0,0
43,density,er_d8,5000,39967,2026,3333,mean_ring,7,6,769300,50.40310973150427,81500
43,density,er_d8,5000,39967,2026,3333,degree4,7,7,1600300,0,279000
43,density,er_d8,5000,39967,2026,3333,binary,7,8,1491400,0,0
43,density,er_d8,5000,39967,2026,3333,fourary,7,9,1569100,0,0
44,calibration,er_d16,5000,80074,2026,0,grid_0.25,0,0,1246300,12.590922552527433,75000
44,calibration,er_d16,5000,80074,2026,0,grid_0.1,0,1,1551500,5.036369021010973,75000
44,calibration,er_d16,5000,80074,2026,0,grid_1.5,0,2,1362700,75.5455353151646,75000
44,calibration,er_d16,5000,80074,2026,0,grid_0.03125,0,3,1586100,1.573865319065929,75000
44,calibration,er_d16,5000,80074,2026,0,grid_4,0,4,2204500,201.45476084043892,75000
44,calibration,er_d16,5000,80074,2026,0,grid_0.05,0,5,1337300,2.5181845105054865,75000
44,calibration,er_d16,5000,80074,2026,0,grid_2,0,6,1407400,100.72738042021946,75000
44,calibration,er_d16,5000,80074,2026,0,grid_8,0,7,1714800,402.90952168087784,75000
44,calibration,er_d16,5000,80074,2026,0,grid_1,0,8,1316800,50.36369021010973,75000
44,calibration,er_d16,5000,80074,2026,0,grid_16,0,9,1723600,805.8190433617557,75000
44,calibration,er_d16,5000,80074,2026,0,grid_0.75,0,10,1175500,37.7727676575823,75000
44,calibration,er_d16,5000,80074,2026,0,grid_0.5,0,11,1149700,25.181845105054865,75000
44,calibration,er_d16,5000,80074,2026,0,grid_0.5,1,0,1165800,25.181845105054865,75000
44,calibration,er_d16,5000,80074,2026,0,grid_0.75,1,1,1177500,37.7727676575823,75000
44,calibration,er_d16,5000,80074,2026,0,grid_16,1,2,1859600,805.8190433617557,75000
44,calibration,er_d16,5000,80074,2026,0,grid_1,1,3,1346000,50.36369021010973,75000
44,calibration,er_d16,5000,80074,2026,0,grid_8,1,4,1737300,402.90952168087784,75000
44,calibration,er_d16,5000,80074,2026,0,grid_2,1,5,1475700,100.72738042021946,75000
44,calibration,er_d16,5000,80074,2026,0,grid_0.05,1,6,1342400,2.5181845105054865,75000
44,calibration,er_d16,5000,80074,2026,0,grid_4,1,7,1895300,201.45476084043892,75000
44,calibration,er_d16,5000,80074,2026,0,grid_0.03125,1,8,1448800,1.573865319065929,75000
44,calibration,er_d16,5000,80074,2026,0,grid_1.5,1,9,1210500,75.5455353151646,75000
44,calibration,er_d16,5000,80074,2026,0,grid_0.1,1,10,1310500,5.036369021010973,75000
44,calibration,er_d16,5000,80074,2026,0,grid_0.25,1,11,1285500,12.590922552527433,75000
44,calibration,er_d16,5000,80074,2026,0,grid_0.05,2,0,1418300,2.5181845105054865,75000
44,calibration,er_d16,5000,80074,2026,0,grid_0.5,2,1,1145500,25.181845105054865,75000
44,calibration,er_d16,5000,80074,2026,0,grid_0.25,2,2,1553300,12.590922552527433,75000
44,calibration,er_d16,5000,80074,2026,0,grid_8,2,3,1702800,402.90952168087784,75000
44,calibration,er_d16,5000,80074,2026,0,grid_0.1,2,4,1319600,5.036369021010973,75000
44,calibration,er_d16,5000,80074,2026,0,grid_4,2,5,1702100,201.45476084043892,75000
44,calibration,er_d16,5000,80074,2026,0,grid_2,2,6,1379800,100.72738042021946,75000
44,calibration,er_d16,5000,80074,2026,0,grid_0.03125,2,7,1444500,1.573865319065929,75000
44,calibration,er_d16,5000,80074,2026,0,grid_0.75,2,8,1172500,37.7727676575823,75000
44,calibration,er_d16,5000,80074,2026,0,grid_1.5,2,9,1214800,75.5455353151646,75000
44,calibration,er_d16,5000,80074,2026,0,grid_1,2,10,1304200,50.36369021010973,75000
44,calibration,er_d16,5000,80074,2026,0,grid_16,2,11,1682200,805.8190433617557,75000
44,calibration,er_d16,5000,80074,2026,0,grid_16,3,0,2309300,805.8190433617557,75000
44,calibration,er_d16,5000,80074,2026,0,grid_1,3,1,1404600,50.36369021010973,75000
44,calibration,er_d16,5000,80074,2026,0,grid_1.5,3,2,1227500,75.5455353151646,75000
44,calibration,er_d16,5000,80074,2026,0,grid_0.75,3,3,1156800,37.7727676575823,75000
44,calibration,er_d16,5000,80074,2026,0,grid_0.03125,3,4,1463900,1.573865319065929,75000
44,calibration,er_d16,5000,80074,2026,0,grid_2,3,5,1542800,100.72738042021946,75000
44,calibration,er_d16,5000,80074,2026,0,grid_4,3,6,1682600,201.45476084043892,75000
44,calibration,er_d16,5000,80074,2026,0,grid_0.1,3,7,1301600,5.036369021010973,75000
44,calibration,er_d16,5000,80074,2026,0,grid_8,3,8,1699600,402.90952168087784,75000
44,calibration,er_d16,5000,80074,2026,0,grid_0.25,3,9,1232800,12.590922552527433,75000
44,calibration,er_d16,5000,80074,2026,0,grid_0.5,3,10,1134400,25.181845105054865,75000
44,calibration,er_d16,5000,80074,2026,0,grid_0.05,3,11,1391100,2.5181845105054865,75000
44,calibration,er_d16,5000,80074,2026,0,grid_8,4,0,1838600,402.90952168087784,75000
44,calibration,er_d16,5000,80074,2026,0,grid_0.5,4,1,1201100,25.181845105054865,75000
44,calibration,er_d16,5000,80074,2026,0,grid_1,4,2,1368800,50.36369021010973,75000
44,calibration,er_d16,5000,80074,2026,0,grid_0.05,4,3,1343800,2.5181845105054865,75000
44,calibration,er_d16,5000,80074,2026,0,grid_16,4,4,1775800,805.8190433617557,75000
44,calibration,er_d16,5000,80074,2026,0,grid_0.03125,4,5,1455100,1.573865319065929,75000
44,calibration,er_d16,5000,80074,2026,0,grid_1.5,4,6,1236800,75.5455353151646,75000
44,calibration,er_d16,5000,80074,2026,0,grid_0.25,4,7,1207900,12.590922552527433,75000
44,calibration,er_d16,5000,80074,2026,0,grid_4,4,8,1685400,201.45476084043892,75000
44,calibration,er_d16,5000,80074,2026,0,grid_2,4,9,1816300,100.72738042021946,75000
44,calibration,er_d16,5000,80074,2026,0,grid_0.75,4,10,1951100,37.7727676575823,75000
44,calibration,er_d16,5000,80074,2026,0,grid_0.1,4,11,1461600,5.036369021010973,75000
44,calibration,er_d16,5000,80074,2026,0,grid_0.1,5,0,1329000,5.036369021010973,75000
44,calibration,er_d16,5000,80074,2026,0,grid_0.75,5,1,1225000,37.7727676575823,75000
44,calibration,er_d16,5000,80074,2026,0,grid_2,5,2,1434800,100.72738042021946,75000
44,calibration,er_d16,5000,80074,2026,0,grid_4,5,3,1684400,201.45476084043892,75000
44,calibration,er_d16,5000,80074,2026,0,grid_0.25,5,4,1230200,12.590922552527433,75000
44,calibration,er_d16,5000,80074,2026,0,grid_1.5,5,5,1463900,75.5455353151646,75000
44,calibration,er_d16,5000,80074,2026,0,grid_0.03125,5,6,1446900,1.573865319065929,75000
44,calibration,er_d16,5000,80074,2026,0,grid_16,5,7,1745400,805.8190433617557,75000
44,calibration,er_d16,5000,80074,2026,0,grid_0.05,5,8,1354000,2.5181845105054865,75000
44,calibration,er_d16,5000,80074,2026,0,grid_1,5,9,1322000,50.36369021010973,75000
44,calibration,er_d16,5000,80074,2026,0,grid_0.5,5,10,1263300,25.181845105054865,75000
44,calibration,er_d16,5000,80074,2026,0,grid_8,5,11,1755700,402.90952168087784,75000
44,density,er_d16,5000,80074,2026,1666,caliber,0,0,2053500,0,141600
44,density,er_d16,5000,80074,2026,1666,mean_degree,0,1,1390500,3.144821678079634,75000
44,density,er_d16,5000,80074,2026,1666,selected_grid,0,2,1173600,25.181845105054865,105463800
44,density,er_d16,5000,80074,2026,1666,mean_ring,0,3,1699300,50.36369021010973,75000
44,density,er_d16,5000,80074,2026,1666,degree4,0,4,2351900,0,284700
44,density,er_d16,5000,80074,2026,1666,fourary,0,5,2191000,0,0
44,density,er_d16,5000,80074,2026,1666,std_binary,0,6,2159800,0,0
44,density,er_d16,5000,80074,2026,1666,max_maxdegree,0,7,1455400,3.0302926721406025,145800
44,density,er_d16,5000,80074,2026,1666,mean_map,0,8,1327100,50.36369021010973,75000
44,density,er_d16,5000,80074,2026,1666,binary,0,9,2238900,0,0
44,density,er_d16,5000,80074,2026,1666,binary,1,0,2261300,0,0
44,density,er_d16,5000,80074,2026,1666,mean_map,1,1,1301900,50.36369021010973,75000
44,density,er_d16,5000,80074,2026,1666,max_maxdegree,1,2,1372300,3.0302926721406025,145800
44,density,er_d16,5000,80074,2026,1666,std_binary,1,3,2172100,0,0
44,density,er_d16,5000,80074,2026,1666,fourary,1,4,2160100,0,0
44,density,er_d16,5000,80074,2026,1666,degree4,1,5,2665100,0,284700
44,density,er_d16,5000,80074,2026,1666,mean_ring,1,6,1781300,50.36369021010973,75000
44,density,er_d16,5000,80074,2026,1666,selected_grid,1,7,1179400,25.181845105054865,105463800
44,density,er_d16,5000,80074,2026,1666,mean_degree,1,8,1327400,3.144821678079634,75000
44,density,er_d16,5000,80074,2026,1666,caliber,1,9,2045900,0,141600
44,density,er_d16,5000,80074,2026,1666,mean_degree,2,0,2382900,3.144821678079634,75000
44,density,er_d16,5000,80074,2026,1666,binary,2,1,2426200,0,0
44,density,er_d16,5000,80074,2026,1666,degree4,2,2,2372100,0,284700
44,density,er_d16,5000,80074,2026,1666,std_binary,2,3,2185400,0,0
44,density,er_d16,5000,80074,2026,1666,caliber,2,4,1997600,0,141600
44,density,er_d16,5000,80074,2026,1666,mean_map,2,5,1445300,50.36369021010973,75000
44,density,er_d16,5000,80074,2026,1666,selected_grid,2,6,1351600,25.181845105054865,105463800
44,density,er_d16,5000,80074,2026,1666,fourary,2,7,2107600,0,0
44,density,er_d16,5000,80074,2026,1666,max_maxdegree,2,8,1337700,3.0302926721406025,145800
44,density,er_d16,5000,80074,2026,1666,mean_ring,2,9,1441600,50.36369021010973,75000
44,density,er_d16,5000,80074,2026,1666,mean_ring,3,0,1281800,50.36369021010973,75000
44,density,er_d16,5000,80074,2026,1666,max_maxdegree,3,1,1304100,3.0302926721406025,145800
44,density,er_d16,5000,80074,2026,1666,fourary,3,2,2224600,0,0
44,density,er_d16,5000,80074,2026,1666,selected_grid,3,3,1360200,25.181845105054865,105463800
44,density,er_d16,5000,80074,2026,1666,mean_map,3,4,1296900,50.36369021010973,75000
44,density,er_d16,5000,80074,2026,1666,caliber,3,5,1973800,0,141600
44,density,er_d16,5000,80074,2026,1666,std_binary,3,6,2333500,0,0
44,density,er_d16,5000,80074,2026,1666,degree4,3,7,2758700,0,284700
44,density,er_d16,5000,80074,2026,1666,binary,3,8,2556600,0,0
44,density,er_d16,5000,80074,2026,1666,mean_degree,3,9,1409600,3.144821678079634,75000
44,density,er_d16,5000,80074,2026,1666,max_maxdegree,4,0,1627800,3.0302926721406025,145800
44,density,er_d16,5000,80074,2026,1666,mean_ring,4,1,1303200,50.36369021010973,75000
44,density,er_d16,5000,80074,2026,1666,mean_map,4,2,1271700,50.36369021010973,75000
44,density,er_d16,5000,80074,2026,1666,degree4,4,3,2306800,0,284700
44,density,er_d16,5000,80074,2026,1666,std_binary,4,4,2156900,0,0
44,density,er_d16,5000,80074,2026,1666,mean_degree,4,5,1398100,3.144821678079634,75000
44,density,er_d16,5000,80074,2026,1666,selected_grid,4,6,1189000,25.181845105054865,105463800
44,density,er_d16,5000,80074,2026,1666,binary,4,7,2097200,0,0
44,density,er_d16,5000,80074,2026,1666,fourary,4,8,2077400,0,0
44,density,er_d16,5000,80074,2026,1666,caliber,4,9,1943100,0,141600
44,density,er_d16,5000,80074,2026,1666,caliber,5,0,2108400,0,141600
44,density,er_d16,5000,80074,2026,1666,fourary,5,1,2128500,0,0
44,density,er_d16,5000,80074,2026,1666,binary,5,2,2136600,0,0
44,density,er_d16,5000,80074,2026,1666,selected_grid,5,3,1264700,25.181845105054865,105463800
44,density,er_d16,5000,80074,2026,1666,mean_degree,5,4,1679600,3.144821678079634,75000
44,density,er_d16,5000,80074,2026,1666,std_binary,5,5,2855800,0,0
44,density,er_d16,5000,80074,2026,1666,degree4,5,6,2397600,0,284700
44,density,er_d16,5000,80074,2026,1666,mean_map,5,7,1323200,50.36369021010973,75000
44,density,er_d16,5000,80074,2026,1666,mean_ring,5,8,1356300,50.36369021010973,75000
44,density,er_d16,5000,80074,2026,1666,max_maxdegree,5,9,1734100,3.0302926721406025,145800
44,density,er_d16,5000,80074,2026,1666,selected_grid,6,0,1200700,25.181845105054865,105463800
44,density,er_d16,5000,80074,2026,1666,mean_ring,6,1,1274400,50.36369021010973,75000
44,density,er_d16,5000,80074,2026,1666,fourary,6,2,2112900,0,0
44,density,er_d16,5000,80074,2026,1666,caliber,6,3,2054800,0,141600
44,density,er_d16,5000,80074,2026,1666,binary,6,4,2161500,0,0
44,density,er_d16,5000,80074,2026,1666,std_binary,6,5,2093200,0,0
44,density,er_d16,5000,80074,2026,1666,degree4,6,6,2201500,0,284700
44,density,er_d16,5000,80074,2026,1666,mean_map,6,7,1303500,50.36369021010973,75000
44,density,er_d16,5000,80074,2026,1666,max_maxdegree,6,8,1469000,3.0302926721406025,145800
44,density,er_d16,5000,80074,2026,1666,mean_degree,6,9,1369400,3.144821678079634,75000
44,density,er_d16,5000,80074,2026,1666,mean_degree,7,0,1338300,3.144821678079634,75000
44,density,er_d16,5000,80074,2026,1666,max_maxdegree,7,1,1330300,3.0302926721406025,145800
44,density,er_d16,5000,80074,2026,1666,mean_map,7,2,1343800,50.36369021010973,75000
44,density,er_d16,5000,80074,2026,1666,degree4,7,3,2893400,0,284700
44,density,er_d16,5000,80074,2026,1666,std_binary,7,4,2339200,0,0
44,density,er_d16,5000,80074,2026,1666,binary,7,5,2264900,0,0
44,density,er_d16,5000,80074,2026,1666,caliber,7,6,1968000,0,141600
44,density,er_d16,5000,80074,2026,1666,fourary,7,7,2240200,0,0
44,density,er_d16,5000,80074,2026,1666,mean_ring,7,8,2291500,50.36369021010973,75000
44,density,er_d16,5000,80074,2026,1666,selected_grid,7,9,1384400,25.181845105054865,105463800
44,density,er_d16,5000,80074,2026,3333,fourary,0,0,2231200,0,0
44,density,er_d16,5000,80074,2026,3333,mean_ring,0,1,1551000,50.36369021010973,75000
44,density,er_d16,5000,80074,2026,3333,std_binary,0,2,2099300,0,0
44,density,er_d16,5000,80074,2026,3333,mean_degree,0,3,1380900,3.144821678079634,75000
44,density,er_d16,5000,80074,2026,3333,binary,0,4,2121200,0,0
44,density,er_d16,5000,80074,2026,3333,mean_map,0,5,1520800,50.36369021010973,75000
44,density,er_d16,5000,80074,2026,3333,selected_grid,0,6,1302300,25.181845105054865,105463800
44,density,er_d16,5000,80074,2026,3333,caliber,0,7,2058400,0,141600
44,density,er_d16,5000,80074,2026,3333,max_maxdegree,0,8,1795300,3.0302926721406025,145800
44,density,er_d16,5000,80074,2026,3333,degree4,0,9,2391300,0,284700
44,density,er_d16,5000,80074,2026,3333,degree4,1,0,2339400,0,284700
44,density,er_d16,5000,80074,2026,3333,max_maxdegree,1,1,1361000,3.0302926721406025,145800
44,density,er_d16,5000,80074,2026,3333,caliber,1,2,1968600,0,141600
44,density,er_d16,5000,80074,2026,3333,selected_grid,1,3,1201400,25.181845105054865,105463800
44,density,er_d16,5000,80074,2026,3333,mean_map,1,4,1284700,50.36369021010973,75000
44,density,er_d16,5000,80074,2026,3333,binary,1,5,2552200,0,0
44,density,er_d16,5000,80074,2026,3333,mean_degree,1,6,1706500,3.144821678079634,75000
44,density,er_d16,5000,80074,2026,3333,std_binary,1,7,2124000,0,0
44,density,er_d16,5000,80074,2026,3333,mean_ring,1,8,1358400,50.36369021010973,75000
44,density,er_d16,5000,80074,2026,3333,fourary,1,9,2149000,0,0
44,density,er_d16,5000,80074,2026,3333,degree4,2,0,2132800,0,284700
44,density,er_d16,5000,80074,2026,3333,max_maxdegree,2,1,1313900,3.0302926721406025,145800
44,density,er_d16,5000,80074,2026,3333,selected_grid,2,2,1178100,25.181845105054865,105463800
44,density,er_d16,5000,80074,2026,3333,binary,2,3,1988200,0,0
44,density,er_d16,5000,80074,2026,3333,fourary,2,4,1997500,0,0
44,density,er_d16,5000,80074,2026,3333,std_binary,2,5,2046800,0,0
44,density,er_d16,5000,80074,2026,3333,mean_degree,2,6,1360200,3.144821678079634,75000
44,density,er_d16,5000,80074,2026,3333,caliber,2,7,1895700,0,141600
44,density,er_d16,5000,80074,2026,3333,mean_ring,2,8,1203300,50.36369021010973,75000
44,density,er_d16,5000,80074,2026,3333,mean_map,2,9,1243800,50.36369021010973,75000
44,density,er_d16,5000,80074,2026,3333,mean_map,3,0,1237600,50.36369021010973,75000
44,density,er_d16,5000,80074,2026,3333,mean_ring,3,1,1244300,50.36369021010973,75000
44,density,er_d16,5000,80074,2026,3333,caliber,3,2,1852700,0,141600
44,density,er_d16,5000,80074,2026,3333,mean_degree,3,3,1672700,3.144821678079634,75000
44,density,er_d16,5000,80074,2026,3333,std_binary,3,4,2611600,0,0
44,density,er_d16,5000,80074,2026,3333,fourary,3,5,2446000,0,0
44,density,er_d16,5000,80074,2026,3333,binary,3,6,2212500,0,0
44,density,er_d16,5000,80074,2026,3333,selected_grid,3,7,1161700,25.181845105054865,105463800
44,density,er_d16,5000,80074,2026,3333,max_maxdegree,3,8,1314900,3.0302926721406025,145800
44,density,er_d16,5000,80074,2026,3333,degree4,3,9,2074700,0,284700
44,density,er_d16,5000,80074,2026,3333,std_binary,4,0,2014000,0,0
44,density,er_d16,5000,80074,2026,3333,mean_degree,4,1,1350300,3.144821678079634,75000
44,density,er_d16,5000,80074,2026,3333,mean_map,4,2,1292500,50.36369021010973,75000
44,density,er_d16,5000,80074,2026,3333,mean_ring,4,3,1428400,50.36369021010973,75000
44,density,er_d16,5000,80074,2026,3333,fourary,4,4,2034500,0,0
44,density,er_d16,5000,80074,2026,3333,caliber,4,5,1860400,0,141600
44,density,er_d16,5000,80074,2026,3333,binary,4,6,2312000,0,0
44,density,er_d16,5000,80074,2026,3333,selected_grid,4,7,1236000,25.181845105054865,105463800
44,density,er_d16,5000,80074,2026,3333,max_maxdegree,4,8,1429800,3.0302926721406025,145800
44,density,er_d16,5000,80074,2026,3333,degree4,4,9,2429100,0,284700
44,density,er_d16,5000,80074,2026,3333,degree4,5,0,2112300,0,284700
44,density,er_d16,5000,80074,2026,3333,max_maxdegree,5,1,1380900,3.0302926721406025,145800
44,density,er_d16,5000,80074,2026,3333,selected_grid,5,2,1775800,25.181845105054865,105463800
44,density,er_d16,5000,80074,2026,3333,binary,5,3,2120600,0,0
44,density,er_d16,5000,80074,2026,3333,caliber,5,4,1954200,0,141600
44,density,er_d16,5000,80074,2026,3333,fourary,5,5,2196800,0,0
44,density,er_d16,5000,80074,2026,3333,mean_ring,5,6,1301700,50.36369021010973,75000
44,density,er_d16,5000,80074,2026,3333,mean_map,5,7,1267500,50.36369021010973,75000
44,density,er_d16,5000,80074,2026,3333,mean_degree,5,8,1331300,3.144821678079634,75000
44,density,er_d16,5000,80074,2026,3333,std_binary,5,9,2084100,0,0
44,density,er_d16,5000,80074,2026,3333,fourary,6,0,2132400,0,0
44,density,er_d16,5000,80074,2026,3333,binary,6,1,2201100,0,0
44,density,er_d16,5000,80074,2026,3333,degree4,6,2,2370200,0,284700
44,density,er_d16,5000,80074,2026,3333,mean_ring,6,3,1376400,50.36369021010973,75000
44,density,er_d16,5000,80074,2026,3333,std_binary,6,4,2157200,0,0
44,density,er_d16,5000,80074,2026,3333,selected_grid,6,5,1496600,25.181845105054865,105463800
44,density,er_d16,5000,80074,2026,3333,mean_degree,6,6,1403100,3.144821678079634,75000
44,density,er_d16,5000,80074,2026,3333,max_maxdegree,6,7,1365500,3.0302926721406025,145800
44,density,er_d16,5000,80074,2026,3333,caliber,6,8,2065600,0,141600
44,density,er_d16,5000,80074,2026,3333,mean_map,6,9,1552000,50.36369021010973,75000
44,density,er_d16,5000,80074,2026,3333,mean_map,7,0,1542500,50.36369021010973,75000
44,density,er_d16,5000,80074,2026,3333,caliber,7,1,2334100,0,141600
44,density,er_d16,5000,80074,2026,3333,max_maxdegree,7,2,1354200,3.0302926721406025,145800
44,density,er_d16,5000,80074,2026,3333,mean_degree,7,3,1313800,3.144821678079634,75000
44,density,er_d16,5000,80074,2026,3333,selected_grid,7,4,1238600,25.181845105054865,105463800
44,density,er_d16,5000,80074,2026,3333,std_binary,7,5,2134800,0,0
44,density,er_d16,5000,80074,2026,3333,mean_ring,7,6,1300700,50.36369021010973,75000
44,density,er_d16,5000,80074,2026,3333,degree4,7,7,2591200,0,284700
44,density,er_d16,5000,80074,2026,3333,binary,7,8,2299800,0,0
44,density,er_d16,5000,80074,2026,3333,fourary,7,9,2158100,0,0
45,calibration,er_d32,5000,160149,2026,0,grid_0.25,0,0,1698300,12.614400974775394,129900
45,calibration,er_d32,5000,160149,2026,0,grid_0.1,0,1,1914000,5.045760389910158,129900
45,calibration,er_d32,5000,160149,2026,0,grid_1.5,0,2,2478700,75.68640584865237,129900
45,calibration,er_d32,5000,160149,2026,0,grid_0.03125,0,3,2374100,1.5768001218469243,129900
45,calibration,er_d32,5000,160149,2026,0,grid_4,0,4,3011000,201.8304155964063,129900
45,calibration,er_d32,5000,160149,2026,0,grid_0.05,0,5,1960200,2.522880194955079,129900
45,calibration,er_d32,5000,160149,2026,0,grid_2,0,6,3598400,100.91520779820316,129900
45,calibration,er_d32,5000,160149,2026,0,grid_8,0,7,2736400,403.6608311928126,129900
45,calibration,er_d32,5000,160149,2026,0,grid_1,0,8,1739500,50.45760389910158,129900
45,calibration,er_d32,5000,160149,2026,0,grid_16,0,9,2757200,807.3216623856252,129900
45,calibration,er_d32,5000,160149,2026,0,grid_0.75,0,10,1875800,37.843202924326185,129900
45,calibration,er_d32,5000,160149,2026,0,grid_0.5,0,11,1754500,25.22880194955079,129900
45,calibration,er_d32,5000,160149,2026,0,grid_0.5,1,0,1661900,25.22880194955079,129900
45,calibration,er_d32,5000,160149,2026,0,grid_0.75,1,1,1939700,37.843202924326185,129900
45,calibration,er_d32,5000,160149,2026,0,grid_16,1,2,2715600,807.3216623856252,129900
45,calibration,er_d32,5000,160149,2026,0,grid_1,1,3,1698800,50.45760389910158,129900
45,calibration,er_d32,5000,160149,2026,0,grid_8,1,4,2737400,403.6608311928126,129900
45,calibration,er_d32,5000,160149,2026,0,grid_2,1,5,2640700,100.91520779820316,129900
45,calibration,er_d32,5000,160149,2026,0,grid_0.05,1,6,1957700,2.522880194955079,129900
45,calibration,er_d32,5000,160149,2026,0,grid_4,1,7,2751400,201.8304155964063,129900
45,calibration,er_d32,5000,160149,2026,0,grid_0.03125,1,8,2044000,1.5768001218469243,129900
45,calibration,er_d32,5000,160149,2026,0,grid_1.5,1,9,2457700,75.68640584865237,129900
45,calibration,er_d32,5000,160149,2026,0,grid_0.1,1,10,1918000,5.045760389910158,129900
45,calibration,er_d32,5000,160149,2026,0,grid_0.25,1,11,1722500,12.614400974775394,129900
45,calibration,er_d32,5000,160149,2026,0,grid_0.05,2,0,2132800,2.522880194955079,129900
45,calibration,er_d32,5000,160149,2026,0,grid_0.5,2,1,1877300,25.22880194955079,129900
45,calibration,er_d32,5000,160149,2026,0,grid_0.25,2,2,1794300,12.614400974775394,129900
45,calibration,er_d32,5000,160149,2026,0,grid_8,2,3,2788400,403.6608311928126,129900
45,calibration,er_d32,5000,160149,2026,0,grid_0.1,2,4,1921800,5.045760389910158,129900
45,calibration,er_d32,5000,160149,2026,0,grid_4,2,5,2810300,201.8304155964063,129900
45,calibration,er_d32,5000,160149,2026,0,grid_2,2,6,2685400,100.91520779820316,129900
45,calibration,er_d32,5000,160149,2026,0,grid_0.03125,2,7,1989100,1.5768001218469243,129900
45,calibration,er_d32,5000,160149,2026,0,grid_0.75,2,8,1937600,37.843202924326185,129900
45,calibration,er_d32,5000,160149,2026,0,grid_1.5,2,9,2442900,75.68640584865237,129900
45,calibration,er_d32,5000,160149,2026,0,grid_1,2,10,1710600,50.45760389910158,129900
45,calibration,er_d32,5000,160149,2026,0,grid_16,2,11,2905200,807.3216623856252,129900
45,calibration,er_d32,5000,160149,2026,0,grid_16,3,0,2749200,807.3216623856252,129900
45,calibration,er_d32,5000,160149,2026,0,grid_1,3,1,1712900,50.45760389910158,129900
45,calibration,er_d32,5000,160149,2026,0,grid_1.5,3,2,3076000,75.68640584865237,129900
45,calibration,er_d32,5000,160149,2026,0,grid_0.75,3,3,1926100,37.843202924326185,129900
45,calibration,er_d32,5000,160149,2026,0,grid_0.03125,3,4,1940300,1.5768001218469243,129900
45,calibration,er_d32,5000,160149,2026,0,grid_2,3,5,2572500,100.91520779820316,129900
45,calibration,er_d32,5000,160149,2026,0,grid_4,3,6,2835500,201.8304155964063,129900
45,calibration,er_d32,5000,160149,2026,0,grid_0.1,3,7,1959000,5.045760389910158,129900
45,calibration,er_d32,5000,160149,2026,0,grid_8,3,8,2913000,403.6608311928126,129900
45,calibration,er_d32,5000,160149,2026,0,grid_0.25,3,9,1720500,12.614400974775394,129900
45,calibration,er_d32,5000,160149,2026,0,grid_0.5,3,10,1707600,25.22880194955079,129900
45,calibration,er_d32,5000,160149,2026,0,grid_0.05,3,11,1957600,2.522880194955079,129900
45,calibration,er_d32,5000,160149,2026,0,grid_8,4,0,2713000,403.6608311928126,129900
45,calibration,er_d32,5000,160149,2026,0,grid_0.5,4,1,1640700,25.22880194955079,129900
45,calibration,er_d32,5000,160149,2026,0,grid_1,4,2,1692000,50.45760389910158,129900
45,calibration,er_d32,5000,160149,2026,0,grid_0.05,4,3,1890200,2.522880194955079,129900
45,calibration,er_d32,5000,160149,2026,0,grid_16,4,4,3624600,807.3216623856252,129900
45,calibration,er_d32,5000,160149,2026,0,grid_0.03125,4,5,2177800,1.5768001218469243,129900
45,calibration,er_d32,5000,160149,2026,0,grid_1.5,4,6,2436900,75.68640584865237,129900
45,calibration,er_d32,5000,160149,2026,0,grid_0.25,4,7,1735400,12.614400974775394,129900
45,calibration,er_d32,5000,160149,2026,0,grid_4,4,8,2745700,201.8304155964063,129900
45,calibration,er_d32,5000,160149,2026,0,grid_2,4,9,2683000,100.91520779820316,129900
45,calibration,er_d32,5000,160149,2026,0,grid_0.75,4,10,2004900,37.843202924326185,129900
45,calibration,er_d32,5000,160149,2026,0,grid_0.1,4,11,1876100,5.045760389910158,129900
45,calibration,er_d32,5000,160149,2026,0,grid_0.1,5,0,1912500,5.045760389910158,129900
45,calibration,er_d32,5000,160149,2026,0,grid_0.75,5,1,1931300,37.843202924326185,129900
45,calibration,er_d32,5000,160149,2026,0,grid_2,5,2,3956700,100.91520779820316,129900
45,calibration,er_d32,5000,160149,2026,0,grid_4,5,3,2920000,201.8304155964063,129900
45,calibration,er_d32,5000,160149,2026,0,grid_0.25,5,4,1818000,12.614400974775394,129900
45,calibration,er_d32,5000,160149,2026,0,grid_1.5,5,5,2743000,75.68640584865237,129900
45,calibration,er_d32,5000,160149,2026,0,grid_0.03125,5,6,2387400,1.5768001218469243,129900
45,calibration,er_d32,5000,160149,2026,0,grid_16,5,7,2939800,807.3216623856252,129900
45,calibration,er_d32,5000,160149,2026,0,grid_0.05,5,8,1949500,2.522880194955079,129900
45,calibration,er_d32,5000,160149,2026,0,grid_1,5,9,1762500,50.45760389910158,129900
45,calibration,er_d32,5000,160149,2026,0,grid_0.5,5,10,1733500,25.22880194955079,129900
45,calibration,er_d32,5000,160149,2026,0,grid_8,5,11,2815000,403.6608311928126,129900
45,density,er_d32,5000,160149,2026,1666,caliber,0,0,2607200,0,260500
45,density,er_d32,5000,160149,2026,1666,mean_degree,0,1,2160700,1.5753330929041571,129900
45,density,er_d32,5000,160149,2026,1666,selected_grid,0,2,1868200,50.45760389910158,164686900
45,density,er_d32,5000,160149,2026,1666,mean_ring,0,3,1884500,50.45760389910158,129900
45,density,er_d32,5000,160149,2026,1666,degree4,0,4,2919900,0,269800
45,density,er_d32,5000,160149,2026,1666,fourary,0,5,2916500,0,0
45,density,er_d32,5000,160149,2026,1666,std_binary,0,6,2851700,0,0
45,density,er_d32,5000,160149,2026,1666,max_maxdegree,0,7,2590700,1.851845669062589,221500
45,density,er_d32,5000,160149,2026,1666,mean_map,0,8,1947200,50.45760389910158,129900
45,density,er_d32,5000,160149,2026,1666,binary,0,9,2827600,0,0
45,density,er_d32,5000,160149,2026,1666,binary,1,0,2918800,0,0
45,density,er_d32,5000,160149,2026,1666,mean_map,1,1,2538900,50.45760389910158,129900
45,density,er_d32,5000,160149,2026,1666,max_maxdegree,1,2,2252500,1.851845669062589,221500
45,density,er_d32,5000,160149,2026,1666,std_binary,1,3,2793200,0,0
45,density,er_d32,5000,160149,2026,1666,fourary,1,4,2842700,0,0
45,density,er_d32,5000,160149,2026,1666,degree4,1,5,2787000,0,269800
45,density,er_d32,5000,160149,2026,1666,mean_ring,1,6,1857000,50.45760389910158,129900
45,density,er_d32,5000,160149,2026,1666,selected_grid,1,7,1980500,50.45760389910158,164686900
45,density,er_d32,5000,160149,2026,1666,mean_degree,1,8,2072100,1.5753330929041571,129900
45,density,er_d32,5000,160149,2026,1666,caliber,1,9,2602200,0,260500
45,density,er_d32,5000,160149,2026,1666,mean_degree,2,0,2118400,1.5753330929041571,129900
45,density,er_d32,5000,160149,2026,1666,binary,2,1,2656800,0,0
45,density,er_d32,5000,160149,2026,1666,degree4,2,2,2932000,0,269800
45,density,er_d32,5000,160149,2026,1666,std_binary,2,3,2870200,0,0
45,density,er_d32,5000,160149,2026,1666,caliber,2,4,3366100,0,260500
45,density,er_d32,5000,160149,2026,1666,mean_map,2,5,1918100,50.45760389910158,129900
45,density,er_d32,5000,160149,2026,1666,selected_grid,2,6,1915100,50.45760389910158,164686900
45,density,er_d32,5000,160149,2026,1666,fourary,2,7,2967000,0,0
45,density,er_d32,5000,160149,2026,1666,max_maxdegree,2,8,2015400,1.851845669062589,221500
45,density,er_d32,5000,160149,2026,1666,mean_ring,2,9,2073200,50.45760389910158,129900
45,density,er_d32,5000,160149,2026,1666,mean_ring,3,0,1801100,50.45760389910158,129900
45,density,er_d32,5000,160149,2026,1666,max_maxdegree,3,1,2307200,1.851845669062589,221500
45,density,er_d32,5000,160149,2026,1666,fourary,3,2,3355400,0,0
45,density,er_d32,5000,160149,2026,1666,selected_grid,3,3,2295600,50.45760389910158,164686900
45,density,er_d32,5000,160149,2026,1666,mean_map,3,4,2119600,50.45760389910158,129900
45,density,er_d32,5000,160149,2026,1666,caliber,3,5,2761400,0,260500
45,density,er_d32,5000,160149,2026,1666,std_binary,3,6,3009600,0,0
45,density,er_d32,5000,160149,2026,1666,degree4,3,7,3862200,0,269800
45,density,er_d32,5000,160149,2026,1666,binary,3,8,2722900,0,0
45,density,er_d32,5000,160149,2026,1666,mean_degree,3,9,2038700,1.5753330929041571,129900
45,density,er_d32,5000,160149,2026,1666,max_maxdegree,4,0,1903200,1.851845669062589,221500
45,density,er_d32,5000,160149,2026,1666,mean_ring,4,1,1802700,50.45760389910158,129900
45,density,er_d32,5000,160149,2026,1666,mean_map,4,2,1826200,50.45760389910158,129900
45,density,er_d32,5000,160149,2026,1666,degree4,4,3,2816100,0,269800
45,density,er_d32,5000,160149,2026,1666,std_binary,4,4,2931300,0,0
45,density,er_d32,5000,160149,2026,1666,mean_degree,4,5,2040200,1.5753330929041571,129900
45,density,er_d32,5000,160149,2026,1666,selected_grid,4,6,1885700,50.45760389910158,164686900
45,density,er_d32,5000,160149,2026,1666,binary,4,7,2732000,0,0
45,density,er_d32,5000,160149,2026,1666,fourary,4,8,2885800,0,0
45,density,er_d32,5000,160149,2026,1666,caliber,4,9,2740700,0,260500
45,density,er_d32,5000,160149,2026,1666,caliber,5,0,2532400,0,260500
45,density,er_d32,5000,160149,2026,1666,fourary,5,1,3049400,0,0
45,density,er_d32,5000,160149,2026,1666,binary,5,2,2824200,0,0
45,density,er_d32,5000,160149,2026,1666,selected_grid,5,3,1895200,50.45760389910158,164686900
45,density,er_d32,5000,160149,2026,1666,mean_degree,5,4,2010800,1.5753330929041571,129900
45,density,er_d32,5000,160149,2026,1666,std_binary,5,5,3261500,0,0
45,density,er_d32,5000,160149,2026,1666,degree4,5,6,3189400,0,269800
45,density,er_d32,5000,160149,2026,1666,mean_map,5,7,1915300,50.45760389910158,129900
45,density,er_d32,5000,160149,2026,1666,mean_ring,5,8,1823000,50.45760389910158,129900
45,density,er_d32,5000,160149,2026,1666,max_maxdegree,5,9,1977000,1.851845669062589,221500
45,density,er_d32,5000,160149,2026,1666,selected_grid,6,0,1850900,50.45760389910158,164686900
45,density,er_d32,5000,160149,2026,1666,mean_ring,6,1,1905700,50.45760389910158,129900
45,density,er_d32,5000,160149,2026,1666,fourary,6,2,2689900,0,0
45,density,er_d32,5000,160149,2026,1666,caliber,6,3,2522200,0,260500
45,density,er_d32,5000,160149,2026,1666,binary,6,4,2699200,0,0
45,density,er_d32,5000,160149,2026,1666,std_binary,6,5,2913400,0,0
45,density,er_d32,5000,160149,2026,1666,degree4,6,6,3499300,0,269800
45,density,er_d32,5000,160149,2026,1666,mean_map,6,7,1997300,50.45760389910158,129900
45,density,er_d32,5000,160149,2026,1666,max_maxdegree,6,8,3025900,1.851845669062589,221500
45,density,er_d32,5000,160149,2026,1666,mean_degree,6,9,2164700,1.5753330929041571,129900
45,density,er_d32,5000,160149,2026,1666,mean_degree,7,0,2014600,1.5753330929041571,129900
45,density,er_d32,5000,160149,2026,1666,max_maxdegree,7,1,2178500,1.851845669062589,221500
45,density,er_d32,5000,160149,2026,1666,mean_map,7,2,2156300,50.45760389910158,129900
45,density,er_d32,5000,160149,2026,1666,degree4,7,3,4060200,0,269800
45,density,er_d32,5000,160149,2026,1666,std_binary,7,4,2781800,0,0
45,density,er_d32,5000,160149,2026,1666,binary,7,5,2692500,0,0
45,density,er_d32,5000,160149,2026,1666,caliber,7,6,2624000,0,260500
45,density,er_d32,5000,160149,2026,1666,fourary,7,7,2729600,0,0
45,density,er_d32,5000,160149,2026,1666,mean_ring,7,8,2149000,50.45760389910158,129900
45,density,er_d32,5000,160149,2026,1666,selected_grid,7,9,1884400,50.45760389910158,164686900
45,density,er_d32,5000,160149,2026,3333,fourary,0,0,2641800,0,0
45,density,er_d32,5000,160149,2026,3333,mean_ring,0,1,1752000,50.45760389910158,129900
45,density,er_d32,5000,160149,2026,3333,std_binary,0,2,2821200,0,0
45,density,er_d32,5000,160149,2026,3333,mean_degree,0,3,1882700,1.5753330929041571,129900
45,density,er_d32,5000,160149,2026,3333,binary,0,4,2680400,0,0
45,density,er_d32,5000,160149,2026,3333,mean_map,0,5,1925400,50.45760389910158,129900
45,density,er_d32,5000,160149,2026,3333,selected_grid,0,6,2057200,50.45760389910158,164686900
45,density,er_d32,5000,160149,2026,3333,caliber,0,7,3209300,0,260500
45,density,er_d32,5000,160149,2026,3333,max_maxdegree,0,8,1949400,1.851845669062589,221500
45,density,er_d32,5000,160149,2026,3333,degree4,0,9,2729400,0,269800
45,density,er_d32,5000,160149,2026,3333,degree4,1,0,2719400,0,269800
45,density,er_d32,5000,160149,2026,3333,max_maxdegree,1,1,2096800,1.851845669062589,221500
45,density,er_d32,5000,160149,2026,3333,caliber,1,2,2593700,0,260500
45,density,er_d32,5000,160149,2026,3333,selected_grid,1,3,2064700,50.45760389910158,164686900
45,density,er_d32,5000,160149,2026,3333,mean_map,1,4,1802600,50.45760389910158,129900
45,density,er_d32,5000,160149,2026,3333,binary,1,5,2907700,0,0
45,density,er_d32,5000,160149,2026,3333,mean_degree,1,6,1944500,1.5753330929041571,129900
45,density,er_d32,5000,160149,2026,3333,std_binary,1,7,2782300,0,0
45,density,er_d32,5000,160149,2026,3333,mean_ring,1,8,1872000,50.45760389910158,129900
45,density,er_d32,5000,160149,2026,3333,fourary,1,9,3104800,0,0
45,density,er_d32,5000,160149,2026,3333,degree4,2,0,3495600,0,269800
45,density,er_d32,5000,160149,2026,3333,max_maxdegree,2,1,2098000,1.851845669062589,221500
45,density,er_d32,5000,160149,2026,3333,selected_grid,2,2,2062800,50.45760389910158,164686900
45,density,er_d32,5000,160149,2026,3333,binary,2,3,2813300,0,0
45,density,er_d32,5000,160149,2026,3333,fourary,2,4,2984400,0,0
45,density,er_d32,5000,160149,2026,3333,std_binary,2,5,3082200,0,0
45,density,er_d32,5000,160149,2026,3333,mean_degree,2,6,2103100,1.5753330929041571,129900
45,density,er_d32,5000,160149,2026,3333,caliber,2,7,2630300,0,260500
45,density,er_d32,5000,160149,2026,3333,mean_ring,2,8,1838500,50.45760389910158,129900
45,density,er_d32,5000,160149,2026,3333,mean_map,2,9,1874300,50.45760389910158,129900
45,density,er_d32,5000,160149,2026,3333,mean_map,3,0,1812700,50.45760389910158,129900
45,density,er_d32,5000,160149,2026,3333,mean_ring,3,1,1772900,50.45760389910158,129900
45,density,er_d32,5000,160149,2026,3333,caliber,3,2,2870000,0,260500
45,density,er_d32,5000,160149,2026,3333,mean_degree,3,3,2603900,1.5753330929041571,129900
45,density,er_d32,5000,160149,2026,3333,std_binary,3,4,2967100,0,0
45,density,er_d32,5000,160149,2026,3333,fourary,3,5,3009600,0,0
45,density,er_d32,5000,160149,2026,3333,binary,3,6,2783300,0,0
45,density,er_d32,5000,160149,2026,3333,selected_grid,3,7,1917700,50.45760389910158,164686900
45,density,er_d32,5000,160149,2026,3333,max_maxdegree,3,8,1990500,1.851845669062589,221500
45,density,er_d32,5000,160149,2026,3333,degree4,3,9,2914700,0,269800
45,density,er_d32,5000,160149,2026,3333,std_binary,4,0,2824200,0,0
45,density,er_d32,5000,160149,2026,3333,mean_degree,4,1,2010000,1.5753330929041571,129900
45,density,er_d32,5000,160149,2026,3333,mean_map,4,2,1891100,50.45760389910158,129900
45,density,er_d32,5000,160149,2026,3333,mean_ring,4,3,1780100,50.45760389910158,129900
45,density,er_d32,5000,160149,2026,3333,fourary,4,4,2695100,0,0
45,density,er_d32,5000,160149,2026,3333,caliber,4,5,2660900,0,260500
45,density,er_d32,5000,160149,2026,3333,binary,4,6,2987000,0,0
45,density,er_d32,5000,160149,2026,3333,selected_grid,4,7,2639100,50.45760389910158,164686900
45,density,er_d32,5000,160149,2026,3333,max_maxdegree,4,8,1999400,1.851845669062589,221500
45,density,er_d32,5000,160149,2026,3333,degree4,4,9,2919500,0,269800
45,density,er_d32,5000,160149,2026,3333,degree4,5,0,2794000,0,269800
45,density,er_d32,5000,160149,2026,3333,max_maxdegree,5,1,2211900,1.851845669062589,221500
45,density,er_d32,5000,160149,2026,3333,selected_grid,5,2,1913700,50.45760389910158,164686900
45,density,er_d32,5000,160149,2026,3333,binary,5,3,3070600,0,0
45,density,er_d32,5000,160149,2026,3333,caliber,5,4,2675800,0,260500
45,density,er_d32,5000,160149,2026,3333,fourary,5,5,2738000,0,0
45,density,er_d32,5000,160149,2026,3333,mean_ring,5,6,1845200,50.45760389910158,129900
45,density,er_d32,5000,160149,2026,3333,mean_map,5,7,1813100,50.45760389910158,129900
45,density,er_d32,5000,160149,2026,3333,mean_degree,5,8,1899800,1.5753330929041571,129900
45,density,er_d32,5000,160149,2026,3333,std_binary,5,9,3540300,0,0
45,density,er_d32,5000,160149,2026,3333,fourary,6,0,3906000,0,0
45,density,er_d32,5000,160149,2026,3333,binary,6,1,3343700,0,0
45,density,er_d32,5000,160149,2026,3333,degree4,6,2,2948200,0,269800
45,density,er_d32,5000,160149,2026,3333,mean_ring,6,3,1962500,50.45760389910158,129900
45,density,er_d32,5000,160149,2026,3333,std_binary,6,4,2946900,0,0
45,density,er_d32,5000,160149,2026,3333,selected_grid,6,5,1965200,50.45760389910158,164686900
45,density,er_d32,5000,160149,2026,3333,mean_degree,6,6,2117100,1.5753330929041571,129900
45,density,er_d32,5000,160149,2026,3333,max_maxdegree,6,7,1914400,1.851845669062589,221500
45,density,er_d32,5000,160149,2026,3333,caliber,6,8,2595600,0,260500
45,density,er_d32,5000,160149,2026,3333,mean_map,6,9,1912300,50.45760389910158,129900
45,density,er_d32,5000,160149,2026,3333,mean_map,7,0,2260100,50.45760389910158,129900
45,density,er_d32,5000,160149,2026,3333,caliber,7,1,2475400,0,260500
45,density,er_d32,5000,160149,2026,3333,max_maxdegree,7,2,2073000,1.851845669062589,221500
45,density,er_d32,5000,160149,2026,3333,mean_degree,7,3,1851200,1.5753330929041571,129900
45,density,er_d32,5000,160149,2026,3333,selected_grid,7,4,1868900,50.45760389910158,164686900
45,density,er_d32,5000,160149,2026,3333,std_binary,7,5,2801000,0,0
45,density,er_d32,5000,160149,2026,3333,mean_ring,7,6,1751700,50.45760389910158,129900
45,density,er_d32,5000,160149,2026,3333,degree4,7,7,2729800,0,269800
45,density,er_d32,5000,160149,2026,3333,binary,7,8,2677100,0,0
45,density,er_d32,5000,160149,2026,3333,fourary,7,9,3162400,0,0
46,calibration,er_d64,5000,320601,2026,0,grid_0.25,0,0,2601200,12.617904872001015,250600
46,calibration,er_d64,5000,320601,2026,0,grid_0.1,0,1,2886800,5.047161948800406,250600
46,calibration,er_d64,5000,320601,2026,0,grid_1.5,0,2,3878100,75.70742923200609,250600
46,calibration,er_d64,5000,320601,2026,0,grid_0.03125,0,3,3122600,1.5772381090001268,250600
46,calibration,er_d64,5000,320601,2026,0,grid_4,0,4,4108900,201.88647795201624,250600
46,calibration,er_d64,5000,320601,2026,0,grid_0.05,0,5,2991600,2.523580974400203,250600
46,calibration,er_d64,5000,320601,2026,0,grid_2,0,6,4990100,100.94323897600812,250600
46,calibration,er_d64,5000,320601,2026,0,grid_8,0,7,4024300,403.7729559040325,250600
46,calibration,er_d64,5000,320601,2026,0,grid_1,0,8,3625100,50.47161948800406,250600
46,calibration,er_d64,5000,320601,2026,0,grid_16,0,9,4295600,807.545911808065,250600
46,calibration,er_d64,5000,320601,2026,0,grid_0.75,0,10,3407300,37.853714616003046,250600
46,calibration,er_d64,5000,320601,2026,0,grid_0.5,0,11,2916600,25.23580974400203,250600
46,calibration,er_d64,5000,320601,2026,0,grid_0.5,1,0,2986100,25.23580974400203,250600
46,calibration,er_d64,5000,320601,2026,0,grid_0.75,1,1,3656400,37.853714616003046,250600
46,calibration,er_d64,5000,320601,2026,0,grid_16,1,2,4580900,807.545911808065,250600
46,calibration,er_d64,5000,320601,2026,0,grid_1,1,3,3987200,50.47161948800406,250600
46,calibration,er_d64,5000,320601,2026,0,grid_8,1,4,4136700,403.7729559040325,250600
46,calibration,er_d64,5000,320601,2026,0,grid_2,1,5,4109100,100.94323897600812,250600
46,calibration,er_d64,5000,320601,2026,0,grid_0.05,1,6,2912900,2.523580974400203,250600
46,calibration,er_d64,5000,320601,2026,0,grid_4,1,7,4214100,201.88647795201624,250600
46,calibration,er_d64,5000,320601,2026,0,grid_0.03125,1,8,3182900,1.5772381090001268,250600
46,calibration,er_d64,5000,320601,2026,0,grid_1.5,1,9,3933600,75.70742923200609,250600
46,calibration,er_d64,5000,320601,2026,0,grid_0.1,1,10,3039000,5.047161948800406,250600
46,calibration,er_d64,5000,320601,2026,0,grid_0.25,1,11,2764800,12.617904872001015,250600
46,calibration,er_d64,5000,320601,2026,0,grid_0.05,2,0,2935600,2.523580974400203,250600
46,calibration,er_d64,5000,320601,2026,0,grid_0.5,2,1,2782400,25.23580974400203,250600
46,calibration,er_d64,5000,320601,2026,0,grid_0.25,2,2,2680000,12.617904872001015,250600
46,calibration,er_d64,5000,320601,2026,0,grid_8,2,3,4024700,403.7729559040325,250600
46,calibration,er_d64,5000,320601,2026,0,grid_0.1,2,4,3271800,5.047161948800406,250600
46,calibration,er_d64,5000,320601,2026,0,grid_4,2,5,4266400,201.88647795201624,250600
46,calibration,er_d64,5000,320601,2026,0,grid_2,2,6,3859600,100.94323897600812,250600
46,calibration,er_d64,5000,320601,2026,0,grid_0.03125,2,7,2926300,1.5772381090001268,250600
46,calibration,er_d64,5000,320601,2026,0,grid_0.75,2,8,3308800,37.853714616003046,250600
46,calibration,er_d64,5000,320601,2026,0,grid_1.5,2,9,4160900,75.70742923200609,250600
46,calibration,er_d64,5000,320601,2026,0,grid_1,2,10,3583700,50.47161948800406,250600
46,calibration,er_d64,5000,320601,2026,0,grid_16,2,11,4122300,807.545911808065,250600
46,calibration,er_d64,5000,320601,2026,0,grid_16,3,0,4161300,807.545911808065,250600
46,calibration,er_d64,5000,320601,2026,0,grid_1,3,1,4378100,50.47161948800406,250600
46,calibration,er_d64,5000,320601,2026,0,grid_1.5,3,2,4088800,75.70742923200609,250600
46,calibration,er_d64,5000,320601,2026,0,grid_0.75,3,3,3611800,37.853714616003046,250600
46,calibration,er_d64,5000,320601,2026,0,grid_0.03125,3,4,3080700,1.5772381090001268,250600
46,calibration,er_d64,5000,320601,2026,0,grid_2,3,5,4169000,100.94323897600812,250600
46,calibration,er_d64,5000,320601,2026,0,grid_4,3,6,4157600,201.88647795201624,250600
46,calibration,er_d64,5000,320601,2026,0,grid_0.1,3,7,2680400,5.047161948800406,250600
46,calibration,er_d64,5000,320601,2026,0,grid_8,3,8,3892100,403.7729559040325,250600
46,calibration,er_d64,5000,320601,2026,0,grid_0.25,3,9,2796800,12.617904872001015,250600
46,calibration,er_d64,5000,320601,2026,0,grid_0.5,3,10,3050300,25.23580974400203,250600
46,calibration,er_d64,5000,320601,2026,0,grid_0.05,3,11,2883600,2.523580974400203,250600
46,calibration,er_d64,5000,320601,2026,0,grid_8,4,0,4270400,403.7729559040325,250600
46,calibration,er_d64,5000,320601,2026,0,grid_0.5,4,1,2807600,25.23580974400203,250600
46,calibration,er_d64,5000,320601,2026,0,grid_1,4,2,3714400,50.47161948800406,250600
46,calibration,er_d64,5000,320601,2026,0,grid_0.05,4,3,3039100,2.523580974400203,250600
46,calibration,er_d64,5000,320601,2026,0,grid_16,4,4,4349500,807.545911808065,250600
46,calibration,er_d64,5000,320601,2026,0,grid_0.03125,4,5,2981400,1.5772381090001268,250600
46,calibration,er_d64,5000,320601,2026,0,grid_1.5,4,6,5318000,75.70742923200609,250600
46,calibration,er_d64,5000,320601,2026,0,grid_0.25,4,7,3098300,12.617904872001015,250600
46,calibration,er_d64,5000,320601,2026,0,grid_4,4,8,4155000,201.88647795201624,250600
46,calibration,er_d64,5000,320601,2026,0,grid_2,4,9,4058500,100.94323897600812,250600
46,calibration,er_d64,5000,320601,2026,0,grid_0.75,4,10,3477800,37.853714616003046,250600
46,calibration,er_d64,5000,320601,2026,0,grid_0.1,4,11,2775100,5.047161948800406,250600
46,calibration,er_d64,5000,320601,2026,0,grid_0.1,5,0,3068000,5.047161948800406,250600
46,calibration,er_d64,5000,320601,2026,0,grid_0.75,5,1,3413900,37.853714616003046,250600
46,calibration,er_d64,5000,320601,2026,0,grid_2,5,2,3810000,100.94323897600812,250600
46,calibration,er_d64,5000,320601,2026,0,grid_4,5,3,4473400,201.88647795201624,250600
46,calibration,er_d64,5000,320601,2026,0,grid_0.25,5,4,3318500,12.617904872001015,250600
46,calibration,er_d64,5000,320601,2026,0,grid_1.5,5,5,4275100,75.70742923200609,250600
46,calibration,er_d64,5000,320601,2026,0,grid_0.03125,5,6,3171400,1.5772381090001268,250600
46,calibration,er_d64,5000,320601,2026,0,grid_16,5,7,3985000,807.545911808065,250600
46,calibration,er_d64,5000,320601,2026,0,grid_0.05,5,8,2966100,2.523580974400203,250600
46,calibration,er_d64,5000,320601,2026,0,grid_1,5,9,3602800,50.47161948800406,250600
46,calibration,er_d64,5000,320601,2026,0,grid_0.5,5,10,2701200,25.23580974400203,250600
46,calibration,er_d64,5000,320601,2026,0,grid_8,5,11,3932300,403.7729559040325,250600
46,density,er_d64,5000,320601,2026,1666,caliber,0,0,3243200,0,449800
46,density,er_d64,5000,320601,2026,1666,mean_degree,0,1,3251400,0.7871407058618667,250600
46,density,er_d64,5000,320601,2026,1666,selected_grid,0,2,2700400,12.617904872001015,258630200
46,density,er_d64,5000,320601,2026,1666,mean_ring,0,3,3747500,50.47161948800406,250600
46,density,er_d64,5000,320601,2026,1666,degree4,0,4,3769300,0,450400
46,density,er_d64,5000,320601,2026,1666,fourary,0,5,3725100,0,0
46,density,er_d64,5000,320601,2026,1666,std_binary,0,6,4798800,0,0
46,density,er_d64,5000,320601,2026,1666,max_maxdegree,0,7,3485900,1.0416631888477064,401200
46,density,er_d64,5000,320601,2026,1666,mean_map,0,8,4296500,50.47161948800406,250600
46,density,er_d64,5000,320601,2026,1666,binary,0,9,4005500,0,0
46,density,er_d64,5000,320601,2026,1666,binary,1,0,3753400,0,0
46,density,er_d64,5000,320601,2026,1666,mean_map,1,1,4103700,50.47161948800406,250600
46,density,er_d64,5000,320601,2026,1666,max_maxdegree,1,2,3140800,1.0416631888477064,401200
46,density,er_d64,5000,320601,2026,1666,std_binary,1,3,4041800,0,0
46,density,er_d64,5000,320601,2026,1666,fourary,1,4,3838100,0,0
46,density,er_d64,5000,320601,2026,1666,degree4,1,5,3953400,0,450400
46,density,er_d64,5000,320601,2026,1666,mean_ring,1,6,3855000,50.47161948800406,250600
46,density,er_d64,5000,320601,2026,1666,selected_grid,1,7,3721200,12.617904872001015,258630200
46,density,er_d64,5000,320601,2026,1666,mean_degree,1,8,3567800,0.7871407058618667,250600
46,density,er_d64,5000,320601,2026,1666,caliber,1,9,4954100,0,449800
46,density,er_d64,5000,320601,2026,1666,mean_degree,2,0,3339700,0.7871407058618667,250600
46,density,er_d64,5000,320601,2026,1666,binary,2,1,3636400,0,0
46,density,er_d64,5000,320601,2026,1666,degree4,2,2,3739000,0,450400
46,density,er_d64,5000,320601,2026,1666,std_binary,2,3,3965600,0,0
46,density,er_d64,5000,320601,2026,1666,caliber,2,4,3459500,0,449800
46,density,er_d64,5000,320601,2026,1666,mean_map,2,5,4098300,50.47161948800406,250600
46,density,er_d64,5000,320601,2026,1666,selected_grid,2,6,2871500,12.617904872001015,258630200
46,density,er_d64,5000,320601,2026,1666,fourary,2,7,3883600,0,0
46,density,er_d64,5000,320601,2026,1666,max_maxdegree,2,8,3467900,1.0416631888477064,401200
46,density,er_d64,5000,320601,2026,1666,mean_ring,2,9,3920700,50.47161948800406,250600
46,density,er_d64,5000,320601,2026,1666,mean_ring,3,0,4123500,50.47161948800406,250600
46,density,er_d64,5000,320601,2026,1666,max_maxdegree,3,1,3298700,1.0416631888477064,401200
46,density,er_d64,5000,320601,2026,1666,fourary,3,2,3619900,0,0
46,density,er_d64,5000,320601,2026,1666,selected_grid,3,3,2901100,12.617904872001015,258630200
46,density,er_d64,5000,320601,2026,1666,mean_map,3,4,3934300,50.47161948800406,250600
46,density,er_d64,5000,320601,2026,1666,caliber,3,5,3396800,0,449800
46,density,er_d64,5000,320601,2026,1666,std_binary,3,6,4899000,0,0
46,density,er_d64,5000,320601,2026,1666,degree4,3,7,3818100,0,450400
46,density,er_d64,5000,320601,2026,1666,binary,3,8,3670700,0,0
46,density,er_d64,5000,320601,2026,1666,mean_degree,3,9,3474500,0.7871407058618667,250600
46,density,er_d64,5000,320601,2026,1666,max_maxdegree,4,0,3147500,1.0416631888477064,401200
46,density,er_d64,5000,320601,2026,1666,mean_ring,4,1,4082600,50.47161948800406,250600
46,density,er_d64,5000,320601,2026,1666,mean_map,4,2,4054500,50.47161948800406,250600
46,density,er_d64,5000,320601,2026,1666,degree4,4,3,3735700,0,450400
46,density,er_d64,5000,320601,2026,1666,std_binary,4,4,4593200,0,0
46,density,er_d64,5000,320601,2026,1666,mean_degree,4,5,4054400,0.7871407058618667,250600
46,density,er_d64,5000,320601,2026,1666,selected_grid,4,6,2956100,12.617904872001015,258630200
46,density,er_d64,5000,320601,2026,1666,binary,4,7,3775700,0,0
46,density,er_d64,5000,320601,2026,1666,fourary,4,8,3786400,0,0
46,density,er_d64,5000,320601,2026,1666,caliber,4,9,3818400,0,449800
46,density,er_d64,5000,320601,2026,1666,caliber,5,0,3863800,0,449800
46,density,er_d64,5000,320601,2026,1666,fourary,5,1,3942500,0,0
46,density,er_d64,5000,320601,2026,1666,binary,5,2,4689200,0,0
46,density,er_d64,5000,320601,2026,1666,selected_grid,5,3,3883600,12.617904872001015,258630200
46,density,er_d64,5000,320601,2026,1666,mean_degree,5,4,3224900,0.7871407058618667,250600
46,density,er_d64,5000,320601,2026,1666,std_binary,5,5,4026100,0,0
46,density,er_d64,5000,320601,2026,1666,degree4,5,6,3904300,0,450400
46,density,er_d64,5000,320601,2026,1666,mean_map,5,7,4386100,50.47161948800406,250600
46,density,er_d64,5000,320601,2026,1666,mean_ring,5,8,4064400,50.47161948800406,250600
46,density,er_d64,5000,320601,2026,1666,max_maxdegree,5,9,3229100,1.0416631888477064,401200
46,density,er_d64,5000,320601,2026,1666,selected_grid,6,0,3180200,12.617904872001015,258630200
46,density,er_d64,5000,320601,2026,1666,mean_ring,6,1,4421700,50.47161948800406,250600
46,density,er_d64,5000,320601,2026,1666,fourary,6,2,3493500,0,0
46,density,er_d64,5000,320601,2026,1666,caliber,6,3,3601200,0,449800
46,density,er_d64,5000,320601,2026,1666,binary,6,4,3685900,0,0
46,density,er_d64,5000,320601,2026,1666,std_binary,6,5,4096500,0,0
46,density,er_d64,5000,320601,2026,1666,degree4,6,6,4067300,0,450400
46,density,er_d64,5000,320601,2026,1666,mean_map,6,7,4061200,50.47161948800406,250600
46,density,er_d64,5000,320601,2026,1666,max_maxdegree,6,8,3106400,1.0416631888477064,401200
46,density,er_d64,5000,320601,2026,1666,mean_degree,6,9,3996700,0.7871407058618667,250600
46,density,er_d64,5000,320601,2026,1666,mean_degree,7,0,3310400,0.7871407058618667,250600
46,density,er_d64,5000,320601,2026,1666,max_maxdegree,7,1,3438600,1.0416631888477064,401200
46,density,er_d64,5000,320601,2026,1666,mean_map,7,2,3933000,50.47161948800406,250600
46,density,er_d64,5000,320601,2026,1666,degree4,7,3,3744300,0,450400
46,density,er_d64,5000,320601,2026,1666,std_binary,7,4,4038700,0,0
46,density,er_d64,5000,320601,2026,1666,binary,7,5,3663100,0,0
46,density,er_d64,5000,320601,2026,1666,caliber,7,6,4217900,0,449800
46,density,er_d64,5000,320601,2026,1666,fourary,7,7,4914600,0,0
46,density,er_d64,5000,320601,2026,1666,mean_ring,7,8,5224900,50.47161948800406,250600
46,density,er_d64,5000,320601,2026,1666,selected_grid,7,9,2845600,12.617904872001015,258630200
46,density,er_d64,5000,320601,2026,3333,fourary,0,0,3660900,0,0
46,density,er_d64,5000,320601,2026,3333,mean_ring,0,1,3843600,50.47161948800406,250600
46,density,er_d64,5000,320601,2026,3333,std_binary,0,2,3688000,0,0
46,density,er_d64,5000,320601,2026,3333,mean_degree,0,3,3249600,0.7871407058618667,250600
46,density,er_d64,5000,320601,2026,3333,binary,0,4,3510000,0,0
46,density,er_d64,5000,320601,2026,3333,mean_map,0,5,3775300,50.47161948800406,250600
46,density,er_d64,5000,320601,2026,3333,selected_grid,0,6,2929000,12.617904872001015,258630200
46,density,er_d64,5000,320601,2026,3333,caliber,0,7,3966900,0,449800
46,density,er_d64,5000,320601,2026,3333,max_maxdegree,0,8,3403400,1.0416631888477064,401200
46,density,er_d64,5000,320601,2026,3333,degree4,0,9,3630600,0,450400
46,density,er_d64,5000,320601,2026,3333,degree4,1,0,3671400,0,450400
46,density,er_d64,5000,320601,2026,3333,max_maxdegree,1,1,3673700,1.0416631888477064,401200
46,density,er_d64,5000,320601,2026,3333,caliber,1,2,3308300,0,449800
46,density,er_d64,5000,320601,2026,3333,selected_grid,1,3,2793700,12.617904872001015,258630200
46,density,er_d64,5000,320601,2026,3333,mean_map,1,4,3500800,50.47161948800406,250600
46,density,er_d64,5000,320601,2026,3333,binary,1,5,3358300,0,0
46,density,er_d64,5000,320601,2026,3333,mean_degree,1,6,3584600,0.7871407058618667,250600
46,density,er_d64,5000,320601,2026,3333,std_binary,1,7,4174700,0,0
46,density,er_d64,5000,320601,2026,3333,mean_ring,1,8,3720900,50.47161948800406,250600
46,density,er_d64,5000,320601,2026,3333,fourary,1,9,3340500,0,0
46,density,er_d64,5000,320601,2026,3333,degree4,2,0,3823400,0,450400
46,density,er_d64,5000,320601,2026,3333,max_maxdegree,2,1,3285800,1.0416631888477064,401200
46,density,er_d64,5000,320601,2026,3333,selected_grid,2,2,3074500,12.617904872001015,258630200
46,density,er_d64,5000,320601,2026,3333,binary,2,3,3580600,0,0
46,density,er_d64,5000,320601,2026,3333,fourary,2,4,3494600,0,0
46,density,er_d64,5000,320601,2026,3333,std_binary,2,5,4864600,0,0
46,density,er_d64,5000,320601,2026,3333,mean_degree,2,6,3667900,0.7871407058618667,250600
46,density,er_d64,5000,320601,2026,3333,caliber,2,7,3212000,0,449800
46,density,er_d64,5000,320601,2026,3333,mean_ring,2,8,3767000,50.47161948800406,250600
46,density,er_d64,5000,320601,2026,3333,mean_map,2,9,3543700,50.47161948800406,250600
46,density,er_d64,5000,320601,2026,3333,mean_map,3,0,3934600,50.47161948800406,250600
46,density,er_d64,5000,320601,2026,3333,mean_ring,3,1,3541100,50.47161948800406,250600
46,density,er_d64,5000,320601,2026,3333,caliber,3,2,3149300,0,449800
46,density,er_d64,5000,320601,2026,3333,mean_degree,3,3,3131800,0.7871407058618667,250600
46,density,er_d64,5000,320601,2026,3333,std_binary,3,4,4973300,0,0
46,density,er_d64,5000,320601,2026,3333,fourary,3,5,3873900,0,0
46,density,er_d64,5000,320601,2026,3333,binary,3,6,3497900,0,0
46,density,er_d64,5000,320601,2026,3333,selected_grid,3,7,2814600,12.617904872001015,258630200
46,density,er_d64,5000,320601,2026,3333,max_maxdegree,3,8,3243200,1.0416631888477064,401200
46,density,er_d64,5000,320601,2026,3333,degree4,3,9,3564600,0,450400
46,density,er_d64,5000,320601,2026,3333,std_binary,4,0,3786500,0,0
46,density,er_d64,5000,320601,2026,3333,mean_degree,4,1,3835900,0.7871407058618667,250600
46,density,er_d64,5000,320601,2026,3333,mean_map,4,2,4070100,50.47161948800406,250600
46,density,er_d64,5000,320601,2026,3333,mean_ring,4,3,4850700,50.47161948800406,250600
46,density,er_d64,5000,320601,2026,3333,fourary,4,4,3581600,0,0
46,density,er_d64,5000,320601,2026,3333,caliber,4,5,3507200,0,449800
46,density,er_d64,5000,320601,2026,3333,binary,4,6,3783800,0,0
46,density,er_d64,5000,320601,2026,3333,selected_grid,4,7,3076600,12.617904872001015,258630200
46,density,er_d64,5000,320601,2026,3333,max_maxdegree,4,8,4278400,1.0416631888477064,401200
46,density,er_d64,5000,320601,2026,3333,degree4,4,9,3822300,0,450400
46,density,er_d64,5000,320601,2026,3333,degree4,5,0,4066400,0,450400
46,density,er_d64,5000,320601,2026,3333,max_maxdegree,5,1,4230100,1.0416631888477064,401200
46,density,er_d64,5000,320601,2026,3333,selected_grid,5,2,2863500,12.617904872001015,258630200
46,density,er_d64,5000,320601,2026,3333,binary,5,3,3690300,0,0
46,density,er_d64,5000,320601,2026,3333,caliber,5,4,3510300,0,449800
46,density,er_d64,5000,320601,2026,3333,fourary,5,5,3744000,0,0
46,density,er_d64,5000,320601,2026,3333,mean_ring,5,6,4829900,50.47161948800406,250600
46,density,er_d64,5000,320601,2026,3333,mean_map,5,7,4049700,50.47161948800406,250600
46,density,er_d64,5000,320601,2026,3333,mean_degree,5,8,3228400,0.7871407058618667,250600
46,density,er_d64,5000,320601,2026,3333,std_binary,5,9,5083100,0,0
46,density,er_d64,5000,320601,2026,3333,fourary,6,0,4253000,0,0
46,density,er_d64,5000,320601,2026,3333,binary,6,1,4763500,0,0
46,density,er_d64,5000,320601,2026,3333,degree4,6,2,4611600,0,450400
46,density,er_d64,5000,320601,2026,3333,mean_ring,6,3,4253200,50.47161948800406,250600
46,density,er_d64,5000,320601,2026,3333,std_binary,6,4,3951900,0,0
46,density,er_d64,5000,320601,2026,3333,selected_grid,6,5,3170200,12.617904872001015,258630200
46,density,er_d64,5000,320601,2026,3333,mean_degree,6,6,3770200,0.7871407058618667,250600
46,density,er_d64,5000,320601,2026,3333,max_maxdegree,6,7,4761600,1.0416631888477064,401200
46,density,er_d64,5000,320601,2026,3333,caliber,6,8,3657100,0,449800
46,density,er_d64,5000,320601,2026,3333,mean_map,6,9,4365700,50.47161948800406,250600
46,density,er_d64,5000,320601,2026,3333,mean_map,7,0,3966800,50.47161948800406,250600
46,density,er_d64,5000,320601,2026,3333,caliber,7,1,3601300,0,449800
46,density,er_d64,5000,320601,2026,3333,max_maxdegree,7,2,3618900,1.0416631888477064,401200
46,density,er_d64,5000,320601,2026,3333,mean_degree,7,3,3511700,0.7871407058618667,250600
46,density,er_d64,5000,320601,2026,3333,selected_grid,7,4,3153100,12.617904872001015,258630200
46,density,er_d64,5000,320601,2026,3333,std_binary,7,5,5882500,0,0
46,density,er_d64,5000,320601,2026,3333,mean_ring,7,6,4874000,50.47161948800406,250600
46,density,er_d64,5000,320601,2026,3333,degree4,7,7,4707100,0,450400
46,density,er_d64,5000,320601,2026,3333,binary,7,8,4183700,0,0
46,density,er_d64,5000,320601,2026,3333,fourary,7,9,4385900,0,0
47,calibration,er_d128,5000,640503,2026,0,grid_0.25,0,0,4994000,12.619700683237939,735200
47,calibration,er_d128,5000,640503,2026,0,grid_0.1,0,1,5473600,5.047880273295176,735200
47,calibration,er_d128,5000,640503,2026,0,grid_1.5,0,2,8368400,75.71820409942764,735200
47,calibration,er_d128,5000,640503,2026,0,grid_0.03125,0,3,5522500,1.5774625854047424,735200
47,calibration,er_d128,5000,640503,2026,0,grid_4,0,4,7441000,201.91521093180702,735200
47,calibration,er_d128,5000,640503,2026,0,grid_0.05,0,5,6281800,2.523940136647588,735200
47,calibration,er_d128,5000,640503,2026,0,grid_2,0,6,8747500,100.95760546590351,735200
47,calibration,er_d128,5000,640503,2026,0,grid_8,0,7,7417900,403.83042186361405,735200
47,calibration,er_d128,5000,640503,2026,0,grid_1,0,8,7032200,50.478802732951756,735200
47,calibration,er_d128,5000,640503,2026,0,grid_16,0,9,7443900,807.6608437272281,735200
47,calibration,er_d128,5000,640503,2026,0,grid_0.75,0,10,7629300,37.85910204971382,735200
47,calibration,er_d128,5000,640503,2026,0,grid_0.5,0,11,6603900,25.239401366475878,735200
47,calibration,er_d128,5000,640503,2026,0,grid_0.5,1,0,6570000,25.239401366475878,735200
47,calibration,er_d128,5000,640503,2026,0,grid_0.75,1,1,6891500,37.85910204971382,735200
47,calibration,er_d128,5000,640503,2026,0,grid_16,1,2,7771700,807.6608437272281,735200
47,calibration,er_d128,5000,640503,2026,0,grid_1,1,3,8780100,50.478802732951756,735200
47,calibration,er_d128,5000,640503,2026,0,grid_8,1,4,7734600,403.83042186361405,735200
47,calibration,er_d128,5000,640503,2026,0,grid_2,1,5,8727900,100.95760546590351,735200
47,calibration,er_d128,5000,640503,2026,0,grid_0.05,1,6,5943000,2.523940136647588,735200
47,calibration,er_d128,5000,640503,2026,0,grid_4,1,7,10139000,201.91521093180702,735200
47,calibration,er_d128,5000,640503,2026,0,grid_0.03125,1,8,5537800,1.5774625854047424,735200
47,calibration,er_d128,5000,640503,2026,0,grid_1.5,1,9,8036600,75.71820409942764,735200
47,calibration,er_d128,5000,640503,2026,0,grid_0.1,1,10,5978300,5.047880273295176,735200
47,calibration,er_d128,5000,640503,2026,0,grid_0.25,1,11,5957700,12.619700683237939,735200
47,calibration,er_d128,5000,640503,2026,0,grid_0.05,2,0,6146900,2.523940136647588,735200
47,calibration,er_d128,5000,640503,2026,0,grid_0.5,2,1,8358200,25.239401366475878,735200
47,calibration,er_d128,5000,640503,2026,0,grid_0.25,2,2,5353300,12.619700683237939,735200
47,calibration,er_d128,5000,640503,2026,0,grid_8,2,3,8248700,403.83042186361405,735200
47,calibration,er_d128,5000,640503,2026,0,grid_0.1,2,4,6447700,5.047880273295176,735200
47,calibration,er_d128,5000,640503,2026,0,grid_4,2,5,7783700,201.91521093180702,735200
47,calibration,er_d128,5000,640503,2026,0,grid_2,2,6,8147800,100.95760546590351,735200
47,calibration,er_d128,5000,640503,2026,0,grid_0.03125,2,7,6130000,1.5774625854047424,735200
47,calibration,er_d128,5000,640503,2026,0,grid_0.75,2,8,8307800,37.85910204971382,735200
47,calibration,er_d128,5000,640503,2026,0,grid_1.5,2,9,8328900,75.71820409942764,735200
47,calibration,er_d128,5000,640503,2026,0,grid_1,2,10,8056000,50.478802732951756,735200
47,calibration,er_d128,5000,640503,2026,0,grid_16,2,11,7749400,807.6608437272281,735200
47,calibration,er_d128,5000,640503,2026,0,grid_16,3,0,9205400,807.6608437272281,735200
47,calibration,er_d128,5000,640503,2026,0,grid_1,3,1,7853900,50.478802732951756,735200
47,calibration,er_d128,5000,640503,2026,0,grid_1.5,3,2,7861400,75.71820409942764,735200
47,calibration,er_d128,5000,640503,2026,0,grid_0.75,3,3,7561600,37.85910204971382,735200
47,calibration,er_d128,5000,640503,2026,0,grid_0.03125,3,4,5927700,1.5774625854047424,735200
47,calibration,er_d128,5000,640503,2026,0,grid_2,3,5,7990100,100.95760546590351,735200
47,calibration,er_d128,5000,640503,2026,0,grid_4,3,6,8111500,201.91521093180702,735200
47,calibration,er_d128,5000,640503,2026,0,grid_0.1,3,7,6776600,5.047880273295176,735200
47,calibration,er_d128,5000,640503,2026,0,grid_8,3,8,8085700,403.83042186361405,735200
47,calibration,er_d128,5000,640503,2026,0,grid_0.25,3,9,5544500,12.619700683237939,735200
47,calibration,er_d128,5000,640503,2026,0,grid_0.5,3,10,7332900,25.239401366475878,735200
47,calibration,er_d128,5000,640503,2026,0,grid_0.05,3,11,7777600,2.523940136647588,735200
47,calibration,er_d128,5000,640503,2026,0,grid_8,4,0,9395100,403.83042186361405,735200
47,calibration,er_d128,5000,640503,2026,0,grid_0.5,4,1,7779800,25.239401366475878,735200
47,calibration,er_d128,5000,640503,2026,0,grid_1,4,2,8920600,50.478802732951756,735200
47,calibration,er_d128,5000,640503,2026,0,grid_0.05,4,3,6907200,2.523940136647588,735200
47,calibration,er_d128,5000,640503,2026,0,grid_16,4,4,8457600,807.6608437272281,735200
47,calibration,er_d128,5000,640503,2026,0,grid_0.03125,4,5,6531100,1.5774625854047424,735200
47,calibration,er_d128,5000,640503,2026,0,grid_1.5,4,6,8128500,75.71820409942764,735200
47,calibration,er_d128,5000,640503,2026,0,grid_0.25,4,7,5920900,12.619700683237939,735200
47,calibration,er_d128,5000,640503,2026,0,grid_4,4,8,8508900,201.91521093180702,735200
47,calibration,er_d128,5000,640503,2026,0,grid_2,4,9,8864200,100.95760546590351,735200
47,calibration,er_d128,5000,640503,2026,0,grid_0.75,4,10,7802800,37.85910204971382,735200
47,calibration,er_d128,5000,640503,2026,0,grid_0.1,4,11,6169100,5.047880273295176,735200
47,calibration,er_d128,5000,640503,2026,0,grid_0.1,5,0,6814500,5.047880273295176,735200
47,calibration,er_d128,5000,640503,2026,0,grid_0.75,5,1,7936900,37.85910204971382,735200
47,calibration,er_d128,5000,640503,2026,0,grid_2,5,2,8767200,100.95760546590351,735200
47,calibration,er_d128,5000,640503,2026,0,grid_4,5,3,9685200,201.91521093180702,735200
47,calibration,er_d128,5000,640503,2026,0,grid_0.25,5,4,5528400,12.619700683237939,735200
47,calibration,er_d128,5000,640503,2026,0,grid_1.5,5,5,8650100,75.71820409942764,735200
47,calibration,er_d128,5000,640503,2026,0,grid_0.03125,5,6,6020700,1.5774625854047424,735200
47,calibration,er_d128,5000,640503,2026,0,grid_16,5,7,8438400,807.6608437272281,735200
47,calibration,er_d128,5000,640503,2026,0,grid_0.05,5,8,6295400,2.523940136647588,735200
47,calibration,er_d128,5000,640503,2026,0,grid_1,5,9,8276000,50.478802732951756,735200
47,calibration,er_d128,5000,640503,2026,0,grid_0.5,5,10,6950000,25.239401366475878,735200
47,calibration,er_d128,5000,640503,2026,0,grid_8,5,11,8001400,403.83042186361405,735200
47,density,er_d128,5000,640503,2026,1666,caliber,0,0,8322500,0,1129900
47,density,er_d128,5000,640503,2026,1666,mean_degree,0,1,11815400,0.3940559430084774,735200
47,density,er_d128,5000,640503,2026,1666,selected_grid,0,2,7075700,12.619700683237939,536077500
47,density,er_d128,5000,640503,2026,1666,mean_ring,0,3,10849200,50.478802732951756,735200
47,density,er_d128,5000,640503,2026,1666,degree4,0,4,8584400,0,585300
47,density,er_d128,5000,640503,2026,1666,fourary,0,5,11956600,0,0
47,density,er_d128,5000,640503,2026,1666,std_binary,0,6,11961100,0,0
47,density,er_d128,5000,640503,2026,1666,max_maxdegree,0,7,8290100,0.5988003959843102,1130500
47,density,er_d128,5000,640503,2026,1666,mean_map,0,8,13476200,50.478802732951756,735200
47,density,er_d128,5000,640503,2026,1666,binary,0,9,8726200,0,0
47,density,er_d128,5000,640503,2026,1666,binary,1,0,8382000,0,0
47,density,er_d128,5000,640503,2026,1666,mean_map,1,1,11969400,50.478802732951756,735200
47,density,er_d128,5000,640503,2026,1666,max_maxdegree,1,2,8453400,0.5988003959843102,1130500
47,density,er_d128,5000,640503,2026,1666,std_binary,1,3,8224500,0,0
47,density,er_d128,5000,640503,2026,1666,fourary,1,4,8534700,0,0
47,density,er_d128,5000,640503,2026,1666,degree4,1,5,10548600,0,585300
47,density,er_d128,5000,640503,2026,1666,mean_ring,1,6,9388200,50.478802732951756,735200
47,density,er_d128,5000,640503,2026,1666,selected_grid,1,7,6320000,12.619700683237939,536077500
47,density,er_d128,5000,640503,2026,1666,mean_degree,1,8,12528100,0.3940559430084774,735200
47,density,er_d128,5000,640503,2026,1666,caliber,1,9,8177900,0,1129900
47,density,er_d128,5000,640503,2026,1666,mean_degree,2,0,10600900,0.3940559430084774,735200
47,density,er_d128,5000,640503,2026,1666,binary,2,1,8516300,0,0
47,density,er_d128,5000,640503,2026,1666,degree4,2,2,7731700,0,585300
47,density,er_d128,5000,640503,2026,1666,std_binary,2,3,7372600,0,0
47,density,er_d128,5000,640503,2026,1666,caliber,2,4,6459300,0,1129900
47,density,er_d128,5000,640503,2026,1666,mean_map,2,5,10162800,50.478802732951756,735200
47,density,er_d128,5000,640503,2026,1666,selected_grid,2,6,7811800,12.619700683237939,536077500
47,density,er_d128,5000,640503,2026,1666,fourary,2,7,7395500,0,0
47,density,er_d128,5000,640503,2026,1666,max_maxdegree,2,8,7016200,0.5988003959843102,1130500
47,density,er_d128,5000,640503,2026,1666,mean_ring,2,9,9299500,50.478802732951756,735200
47,density,er_d128,5000,640503,2026,1666,mean_ring,3,0,8956200,50.478802732951756,735200
47,density,er_d128,5000,640503,2026,1666,max_maxdegree,3,1,7956900,0.5988003959843102,1130500
47,density,er_d128,5000,640503,2026,1666,fourary,3,2,8330600,0,0
47,density,er_d128,5000,640503,2026,1666,selected_grid,3,3,6767300,12.619700683237939,536077500
47,density,er_d128,5000,640503,2026,1666,mean_map,3,4,8838600,50.478802732951756,735200
47,density,er_d128,5000,640503,2026,1666,caliber,3,5,7159700,0,1129900
47,density,er_d128,5000,640503,2026,1666,std_binary,3,6,7316800,0,0
47,density,er_d128,5000,640503,2026,1666,degree4,3,7,6992300,0,585300
47,density,er_d128,5000,640503,2026,1666,binary,3,8,6450700,0,0
47,density,er_d128,5000,640503,2026,1666,mean_degree,3,9,8526800,0.3940559430084774,735200
47,density,er_d128,5000,640503,2026,1666,max_maxdegree,4,0,10132300,0.5988003959843102,1130500
47,density,er_d128,5000,640503,2026,1666,mean_ring,4,1,9756400,50.478802732951756,735200
47,density,er_d128,5000,640503,2026,1666,mean_map,4,2,9679900,50.478802732951756,735200
47,density,er_d128,5000,640503,2026,1666,degree4,4,3,7061200,0,585300
47,density,er_d128,5000,640503,2026,1666,std_binary,4,4,7472300,0,0
47,density,er_d128,5000,640503,2026,1666,mean_degree,4,5,7638900,0.3940559430084774,735200
47,density,er_d128,5000,640503,2026,1666,selected_grid,4,6,7095700,12.619700683237939,536077500
47,density,er_d128,5000,640503,2026,1666,binary,4,7,8724200,0,0
47,density,er_d128,5000,640503,2026,1666,fourary,4,8,7454800,0,0
47,density,er_d128,5000,640503,2026,1666,caliber,4,9,6522200,0,1129900
47,density,er_d128,5000,640503,2026,1666,caliber,5,0,7318300,0,1129900
47,density,er_d128,5000,640503,2026,1666,fourary,5,1,7016100,0,0
47,density,er_d128,5000,640503,2026,1666,binary,5,2,7933300,0,0
47,density,er_d128,5000,640503,2026,1666,selected_grid,5,3,8658500,12.619700683237939,536077500
47,density,er_d128,5000,640503,2026,1666,mean_degree,5,4,8023200,0.3940559430084774,735200
47,density,er_d128,5000,640503,2026,1666,std_binary,5,5,8687200,0,0
47,density,er_d128,5000,640503,2026,1666,degree4,5,6,7915100,0,585300
47,density,er_d128,5000,640503,2026,1666,mean_map,5,7,10354800,50.478802732951756,735200
47,density,er_d128,5000,640503,2026,1666,mean_ring,5,8,11228300,50.478802732951756,735200
47,density,er_d128,5000,640503,2026,1666,max_maxdegree,5,9,9441100,0.5988003959843102,1130500
47,density,er_d128,5000,640503,2026,1666,selected_grid,6,0,7591500,12.619700683237939,536077500
47,density,er_d128,5000,640503,2026,1666,mean_ring,6,1,11173300,50.478802732951756,735200
47,density,er_d128,5000,640503,2026,1666,fourary,6,2,7724700,0,0
47,density,er_d128,5000,640503,2026,1666,caliber,6,3,8456500,0,1129900
47,density,er_d128,5000,640503,2026,1666,binary,6,4,8963500,0,0
47,density,er_d128,5000,640503,2026,1666,std_binary,6,5,8094500,0,0
47,density,er_d128,5000,640503,2026,1666,degree4,6,6,7353800,0,585300
47,density,er_d128,5000,640503,2026,1666,mean_map,6,7,10040800,50.478802732951756,735200
47,density,er_d128,5000,640503,2026,1666,max_maxdegree,6,8,8024000,0.5988003959843102,1130500
47,density,er_d128,5000,640503,2026,1666,mean_degree,6,9,7311000,0.3940559430084774,735200
47,density,er_d128,5000,640503,2026,1666,mean_degree,7,0,8546500,0.3940559430084774,735200
47,density,er_d128,5000,640503,2026,1666,max_maxdegree,7,1,7726400,0.5988003959843102,1130500
47,density,er_d128,5000,640503,2026,1666,mean_map,7,2,9744800,50.478802732951756,735200
47,density,er_d128,5000,640503,2026,1666,degree4,7,3,6641500,0,585300
47,density,er_d128,5000,640503,2026,1666,std_binary,7,4,7277100,0,0
47,density,er_d128,5000,640503,2026,1666,binary,7,5,6415700,0,0
47,density,er_d128,5000,640503,2026,1666,caliber,7,6,6171900,0,1129900
47,density,er_d128,5000,640503,2026,1666,fourary,7,7,6314000,0,0
47,density,er_d128,5000,640503,2026,1666,mean_ring,7,8,9771800,50.478802732951756,735200
47,density,er_d128,5000,640503,2026,1666,selected_grid,7,9,6249800,12.619700683237939,536077500
47,density,er_d128,5000,640503,2026,3333,fourary,0,0,5877800,0,0
47,density,er_d128,5000,640503,2026,3333,mean_ring,0,1,8571000,50.478802732951756,735200
47,density,er_d128,5000,640503,2026,3333,std_binary,0,2,6770400,0,0
47,density,er_d128,5000,640503,2026,3333,mean_degree,0,3,7020600,0.3940559430084774,735200
47,density,er_d128,5000,640503,2026,3333,binary,0,4,5898000,0,0
47,density,er_d128,5000,640503,2026,3333,mean_map,0,5,9216800,50.478802732951756,735200
47,density,er_d128,5000,640503,2026,3333,selected_grid,0,6,6177300,12.619700683237939,536077500
47,density,er_d128,5000,640503,2026,3333,caliber,0,7,5652300,0,1129900
47,density,er_d128,5000,640503,2026,3333,max_maxdegree,0,8,7485800,0.5988003959843102,1130500
47,density,er_d128,5000,640503,2026,3333,degree4,0,9,7196800,0,585300
47,density,er_d128,5000,640503,2026,3333,degree4,1,0,6397500,0,585300
47,density,er_d128,5000,640503,2026,3333,max_maxdegree,1,1,6713700,0.5988003959843102,1130500
47,density,er_d128,5000,640503,2026,3333,caliber,1,2,5389700,0,1129900
47,density,er_d128,5000,640503,2026,3333,selected_grid,1,3,5646200,12.619700683237939,536077500
47,density,er_d128,5000,640503,2026,3333,mean_map,1,4,8638400,50.478802732951756,735200
47,density,er_d128,5000,640503,2026,3333,binary,1,5,5511600,0,0
47,density,er_d128,5000,640503,2026,3333,mean_degree,1,6,6813600,0.3940559430084774,735200
47,density,er_d128,5000,640503,2026,3333,std_binary,1,7,6268900,0,0
47,density,er_d128,5000,640503,2026,3333,mean_ring,1,8,8972800,50.478802732951756,735200
47,density,er_d128,5000,640503,2026,3333,fourary,1,9,7436100,0,0
47,density,er_d128,5000,640503,2026,3333,degree4,2,0,6753800,0,585300
47,density,er_d128,5000,640503,2026,3333,max_maxdegree,2,1,6367000,0.5988003959843102,1130500
47,density,er_d128,5000,640503,2026,3333,selected_grid,2,2,5667200,12.619700683237939,536077500
47,density,er_d128,5000,640503,2026,3333,binary,2,3,5429100,0,0
47,density,er_d128,5000,640503,2026,3333,fourary,2,4,6760200,0,0
47,density,er_d128,5000,640503,2026,3333,std_binary,2,5,6397900,0,0
47,density,er_d128,5000,640503,2026,3333,mean_degree,2,6,6534200,0.3940559430084774,735200
47,density,er_d128,5000,640503,2026,3333,caliber,2,7,5712600,0,1129900
47,density,er_d128,5000,640503,2026,3333,mean_ring,2,8,8211300,50.478802732951756,735200
47,density,er_d128,5000,640503,2026,3333,mean_map,2,9,8238900,50.478802732951756,735200
47,density,er_d128,5000,640503,2026,3333,mean_map,3,0,8166500,50.478802732951756,735200
47,density,er_d128,5000,640503,2026,3333,mean_ring,3,1,8122300,50.478802732951756,735200
47,density,er_d128,5000,640503,2026,3333,caliber,3,2,5339500,0,1129900
47,density,er_d128,5000,640503,2026,3333,mean_degree,3,3,6971400,0.3940559430084774,735200
47,density,er_d128,5000,640503,2026,3333,std_binary,3,4,7267400,0,0
47,density,er_d128,5000,640503,2026,3333,fourary,3,5,6920700,0,0
47,density,er_d128,5000,640503,2026,3333,binary,3,6,5796300,0,0
47,density,er_d128,5000,640503,2026,3333,selected_grid,3,7,5936500,12.619700683237939,536077500
47,density,er_d128,5000,640503,2026,3333,max_maxdegree,3,8,6661200,0.5988003959843102,1130500
47,density,er_d128,5000,640503,2026,3333,degree4,3,9,5566300,0,585300
47,density,er_d128,5000,640503,2026,3333,std_binary,4,0,6317800,0,0
47,density,er_d128,5000,640503,2026,3333,mean_degree,4,1,6385100,0.3940559430084774,735200
47,density,er_d128,5000,640503,2026,3333,mean_map,4,2,8232600,50.478802732951756,735200
47,density,er_d128,5000,640503,2026,3333,mean_ring,4,3,8945600,50.478802732951756,735200
47,density,er_d128,5000,640503,2026,3333,fourary,4,4,5825700,0,0
47,density,er_d128,5000,640503,2026,3333,caliber,4,5,5675300,0,1129900
47,density,er_d128,5000,640503,2026,3333,binary,4,6,5593500,0,0
47,density,er_d128,5000,640503,2026,3333,selected_grid,4,7,6023300,12.619700683237939,536077500
47,density,er_d128,5000,640503,2026,3333,max_maxdegree,4,8,6790300,0.5988003959843102,1130500
47,density,er_d128,5000,640503,2026,3333,degree4,4,9,5482200,0,585300
47,density,er_d128,5000,640503,2026,3333,degree4,5,0,5873600,0,585300
47,density,er_d128,5000,640503,2026,3333,max_maxdegree,5,1,6032500,0.5988003959843102,1130500
47,density,er_d128,5000,640503,2026,3333,selected_grid,5,2,5879500,12.619700683237939,536077500
47,density,er_d128,5000,640503,2026,3333,binary,5,3,5520300,0,0
47,density,er_d128,5000,640503,2026,3333,caliber,5,4,5195800,0,1129900
47,density,er_d128,5000,640503,2026,3333,fourary,5,5,6229700,0,0
47,density,er_d128,5000,640503,2026,3333,mean_ring,5,6,9097700,50.478802732951756,735200
47,density,er_d128,5000,640503,2026,3333,mean_map,5,7,7693600,50.478802732951756,735200
47,density,er_d128,5000,640503,2026,3333,mean_degree,5,8,5872500,0.3940559430084774,735200
47,density,er_d128,5000,640503,2026,3333,std_binary,5,9,6010800,0,0
47,density,er_d128,5000,640503,2026,3333,fourary,6,0,5743400,0,0
47,density,er_d128,5000,640503,2026,3333,binary,6,1,6531000,0,0
47,density,er_d128,5000,640503,2026,3333,degree4,6,2,5946900,0,585300
47,density,er_d128,5000,640503,2026,3333,mean_ring,6,3,7873300,50.478802732951756,735200
47,density,er_d128,5000,640503,2026,3333,std_binary,6,4,5852000,0,0
47,density,er_d128,5000,640503,2026,3333,selected_grid,6,5,6434700,12.619700683237939,536077500
47,density,er_d128,5000,640503,2026,3333,mean_degree,6,6,6772100,0.3940559430084774,735200
47,density,er_d128,5000,640503,2026,3333,max_maxdegree,6,7,6202200,0.5988003959843102,1130500
47,density,er_d128,5000,640503,2026,3333,caliber,6,8,5366100,0,1129900
47,density,er_d128,5000,640503,2026,3333,mean_map,6,9,7906200,50.478802732951756,735200
47,density,er_d128,5000,640503,2026,3333,mean_map,7,0,8696300,50.478802732951756,735200
47,density,er_d128,5000,640503,2026,3333,caliber,7,1,5381400,0,1129900
47,density,er_d128,5000,640503,2026,3333,max_maxdegree,7,2,6189400,0.5988003959843102,1130500
47,density,er_d128,5000,640503,2026,3333,mean_degree,7,3,6083200,0.3940559430084774,735200
47,density,er_d128,5000,640503,2026,3333,selected_grid,7,4,5389100,12.619700683237939,536077500
47,density,er_d128,5000,640503,2026,3333,std_binary,7,5,6532200,0,0
47,density,er_d128,5000,640503,2026,3333,mean_ring,7,6,7891700,50.478802732951756,735200
47,density,er_d128,5000,640503,2026,3333,degree4,7,7,5680600,0,585300
47,density,er_d128,5000,640503,2026,3333,binary,7,8,6334200,0,0
47,density,er_d128,5000,640503,2026,3333,fourary,7,9,5631100,0,0
48,calibration,er_d256,5000,1279610,2026,0,grid_0.25,0,0,10040500,12.620396653626267,1712200
48,calibration,er_d256,5000,1279610,2026,0,grid_0.1,0,1,9821700,5.048158661450508,1712200
48,calibration,er_d256,5000,1279610,2026,0,grid_1.5,0,2,12513400,75.72237992175761,1712200
48,calibration,er_d256,5000,1279610,2026,0,grid_0.03125,0,3,9192600,1.5775495817032834,1712200
48,calibration,er_d256,5000,1279610,2026,0,grid_4,0,4,13130400,201.92634645802028,1712200
48,calibration,er_d256,5000,1279610,2026,0,grid_0.05,0,5,9261700,2.524079330725254,1712200
48,calibration,er_d256,5000,1279610,2026,0,grid_2,0,6,12663000,100.96317322901014,1712200
48,calibration,er_d256,5000,1279610,2026,0,grid_8,0,7,12109700,403.85269291604055,1712200
48,calibration,er_d256,5000,1279610,2026,0,grid_1,0,8,12682900,50.48158661450507,1712200
48,calibration,er_d256,5000,1279610,2026,0,grid_16,0,9,12261200,807.7053858320811,1712200
48,calibration,er_d256,5000,1279610,2026,0,grid_0.75,0,10,12109300,37.861189960878804,1712200
48,calibration,er_d256,5000,1279610,2026,0,grid_0.5,0,11,11049800,25.240793307252535,1712200
48,calibration,er_d256,5000,1279610,2026,0,grid_0.5,1,0,11361000,25.240793307252535,1712200
48,calibration,er_d256,5000,1279610,2026,0,grid_0.75,1,1,12238800,37.861189960878804,1712200
48,calibration,er_d256,5000,1279610,2026,0,grid_16,1,2,12151400,807.7053858320811,1712200
48,calibration,er_d256,5000,1279610,2026,0,grid_1,1,3,13317700,50.48158661450507,1712200
48,calibration,er_d256,5000,1279610,2026,0,grid_8,1,4,12997600,403.85269291604055,1712200
48,calibration,er_d256,5000,1279610,2026,0,grid_2,1,5,13973400,100.96317322901014,1712200
48,calibration,er_d256,5000,1279610,2026,0,grid_0.05,1,6,9645700,2.524079330725254,1712200
48,calibration,er_d256,5000,1279610,2026,0,grid_4,1,7,14209000,201.92634645802028,1712200
48,calibration,er_d256,5000,1279610,2026,0,grid_0.03125,1,8,9439400,1.5775495817032834,1712200
48,calibration,er_d256,5000,1279610,2026,0,grid_1.5,1,9,14081500,75.72237992175761,1712200
48,calibration,er_d256,5000,1279610,2026,0,grid_0.1,1,10,9455200,5.048158661450508,1712200
48,calibration,er_d256,5000,1279610,2026,0,grid_0.25,1,11,9996100,12.620396653626267,1712200
48,calibration,er_d256,5000,1279610,2026,0,grid_0.05,2,0,9504100,2.524079330725254,1712200
48,calibration,er_d256,5000,1279610,2026,0,grid_0.5,2,1,12198300,25.240793307252535,1712200
48,calibration,er_d256,5000,1279610,2026,0,grid_0.25,2,2,9536200,12.620396653626267,1712200
48,calibration,er_d256,5000,1279610,2026,0,grid_8,2,3,12789600,403.85269291604055,1712200
48,calibration,er_d256,5000,1279610,2026,0,grid_0.1,2,4,9250600,5.048158661450508,1712200
48,calibration,er_d256,5000,1279610,2026,0,grid_4,2,5,12794500,201.92634645802028,1712200
48,calibration,er_d256,5000,1279610,2026,0,grid_2,2,6,13196700,100.96317322901014,1712200
48,calibration,er_d256,5000,1279610,2026,0,grid_0.03125,2,7,9369200,1.5775495817032834,1712200
48,calibration,er_d256,5000,1279610,2026,0,grid_0.75,2,8,11792100,37.861189960878804,1712200
48,calibration,er_d256,5000,1279610,2026,0,grid_1.5,2,9,12864300,75.72237992175761,1712200
48,calibration,er_d256,5000,1279610,2026,0,grid_1,2,10,11910400,50.48158661450507,1712200
48,calibration,er_d256,5000,1279610,2026,0,grid_16,2,11,12896900,807.7053858320811,1712200
48,calibration,er_d256,5000,1279610,2026,0,grid_16,3,0,13621000,807.7053858320811,1712200
48,calibration,er_d256,5000,1279610,2026,0,grid_1,3,1,12048300,50.48158661450507,1712200
48,calibration,er_d256,5000,1279610,2026,0,grid_1.5,3,2,13157000,75.72237992175761,1712200
48,calibration,er_d256,5000,1279610,2026,0,grid_0.75,3,3,12563300,37.861189960878804,1712200
48,calibration,er_d256,5000,1279610,2026,0,grid_0.03125,3,4,9189500,1.5775495817032834,1712200
48,calibration,er_d256,5000,1279610,2026,0,grid_2,3,5,13432700,100.96317322901014,1712200
48,calibration,er_d256,5000,1279610,2026,0,grid_4,3,6,12227300,201.92634645802028,1712200
48,calibration,er_d256,5000,1279610,2026,0,grid_0.1,3,7,8874200,5.048158661450508,1712200
48,calibration,er_d256,5000,1279610,2026,0,grid_8,3,8,14086900,403.85269291604055,1712200
48,calibration,er_d256,5000,1279610,2026,0,grid_0.25,3,9,9731200,12.620396653626267,1712200
48,calibration,er_d256,5000,1279610,2026,0,grid_0.5,3,10,11641400,25.240793307252535,1712200
48,calibration,er_d256,5000,1279610,2026,0,grid_0.05,3,11,9059800,2.524079330725254,1712200
48,calibration,er_d256,5000,1279610,2026,0,grid_8,4,0,12325600,403.85269291604055,1712200
48,calibration,er_d256,5000,1279610,2026,0,grid_0.5,4,1,11507200,25.240793307252535,1712200
48,calibration,er_d256,5000,1279610,2026,0,grid_1,4,2,13002000,50.48158661450507,1712200
48,calibration,er_d256,5000,1279610,2026,0,grid_0.05,4,3,8896300,2.524079330725254,1712200
48,calibration,er_d256,5000,1279610,2026,0,grid_16,4,4,12604900,807.7053858320811,1712200
48,calibration,er_d256,5000,1279610,2026,0,grid_0.03125,4,5,9215600,1.5775495817032834,1712200
48,calibration,er_d256,5000,1279610,2026,0,grid_1.5,4,6,14360600,75.72237992175761,1712200
48,calibration,er_d256,5000,1279610,2026,0,grid_0.25,4,7,9820000,12.620396653626267,1712200
48,calibration,er_d256,5000,1279610,2026,0,grid_4,4,8,13206900,201.92634645802028,1712200
48,calibration,er_d256,5000,1279610,2026,0,grid_2,4,9,13936200,100.96317322901014,1712200
48,calibration,er_d256,5000,1279610,2026,0,grid_0.75,4,10,12733300,37.861189960878804,1712200
48,calibration,er_d256,5000,1279610,2026,0,grid_0.1,4,11,9392200,5.048158661450508,1712200
48,calibration,er_d256,5000,1279610,2026,0,grid_0.1,5,0,10071700,5.048158661450508,1712200
48,calibration,er_d256,5000,1279610,2026,0,grid_0.75,5,1,11780300,37.861189960878804,1712200
48,calibration,er_d256,5000,1279610,2026,0,grid_2,5,2,13190700,100.96317322901014,1712200
48,calibration,er_d256,5000,1279610,2026,0,grid_4,5,3,13289900,201.92634645802028,1712200
48,calibration,er_d256,5000,1279610,2026,0,grid_0.25,5,4,10073000,12.620396653626267,1712200
48,calibration,er_d256,5000,1279610,2026,0,grid_1.5,5,5,12659500,75.72237992175761,1712200
48,calibration,er_d256,5000,1279610,2026,0,grid_0.03125,5,6,9424200,1.5775495817032834,1712200
48,calibration,er_d256,5000,1279610,2026,0,grid_16,5,7,14569900,807.7053858320811,1712200
48,calibration,er_d256,5000,1279610,2026,0,grid_0.05,5,8,10351400,2.524079330725254,1712200
48,calibration,er_d256,5000,1279610,2026,0,grid_1,5,9,13841600,50.48158661450507,1712200
48,calibration,er_d256,5000,1279610,2026,0,grid_0.5,5,10,12434500,25.240793307252535,1712200
48,calibration,er_d256,5000,1279610,2026,0,grid_8,5,11,12532300,403.85269291604055,1712200
48,density,er_d256,5000,1279610,2026,1666,caliber,0,0,6497900,0,3028100
48,density,er_d256,5000,1279610,2026,1666,mean_degree,0,1,9693700,0.1972537984796347,1712200
48,density,er_d256,5000,1279610,2026,1666,selected_grid,0,2,9220000,1.5775495817032834,844829000
48,density,er_d256,5000,1279610,2026,1666,mean_ring,0,3,12486500,50.48158661450507,1712200
48,density,er_d256,5000,1279610,2026,1666,degree4,0,4,6757800,0,836700
48,density,er_d256,5000,1279610,2026,1666,fourary,0,5,6893300,0,0
48,density,er_d256,5000,1279610,2026,1666,std_binary,0,6,8943000,0,0
48,density,er_d256,5000,1279610,2026,1666,max_maxdegree,0,7,9527000,0.3215433383678868,2104200
48,density,er_d256,5000,1279610,2026,1666,mean_map,0,8,11939000,50.48158661450507,1712200
48,density,er_d256,5000,1279610,2026,1666,binary,0,9,7278000,0,0
48,density,er_d256,5000,1279610,2026,1666,binary,1,0,6847700,0,0
48,density,er_d256,5000,1279610,2026,1666,mean_map,1,1,11975400,50.48158661450507,1712200
48,density,er_d256,5000,1279610,2026,1666,max_maxdegree,1,2,9188200,0.3215433383678868,2104200
48,density,er_d256,5000,1279610,2026,1666,std_binary,1,3,8344700,0,0
48,density,er_d256,5000,1279610,2026,1666,fourary,1,4,7031400,0,0
48,density,er_d256,5000,1279610,2026,1666,degree4,1,5,6929800,0,836700
48,density,er_d256,5000,1279610,2026,1666,mean_ring,1,6,12388000,50.48158661450507,1712200
48,density,er_d256,5000,1279610,2026,1666,selected_grid,1,7,9545000,1.5775495817032834,844829000
48,density,er_d256,5000,1279610,2026,1666,mean_degree,1,8,10767900,0.1972537984796347,1712200
48,density,er_d256,5000,1279610,2026,1666,caliber,1,9,6600800,0,3028100
48,density,er_d256,5000,1279610,2026,1666,mean_degree,2,0,9464600,0.1972537984796347,1712200
48,density,er_d256,5000,1279610,2026,1666,binary,2,1,6673800,0,0
48,density,er_d256,5000,1279610,2026,1666,degree4,2,2,7925600,0,836700
48,density,er_d256,5000,1279610,2026,1666,std_binary,2,3,8873100,0,0
48,density,er_d256,5000,1279610,2026,1666,caliber,2,4,8311800,0,3028100
48,density,er_d256,5000,1279610,2026,1666,mean_map,2,5,12381200,50.48158661450507,1712200
48,density,er_d256,5000,1279610,2026,1666,selected_grid,2,6,9876200,1.5775495817032834,844829000
48,density,er_d256,5000,1279610,2026,1666,fourary,2,7,7120100,0,0
48,density,er_d256,5000,1279610,2026,1666,max_maxdegree,2,8,9530100,0.3215433383678868,2104200
48,density,er_d256,5000,1279610,2026,1666,mean_ring,2,9,13126600,50.48158661450507,1712200
48,density,er_d256,5000,1279610,2026,1666,mean_ring,3,0,12561800,50.48158661450507,1712200
48,density,er_d256,5000,1279610,2026,1666,max_maxdegree,3,1,9366700,0.3215433383678868,2104200
48,density,er_d256,5000,1279610,2026,1666,fourary,3,2,6982900,0,0
48,density,er_d256,5000,1279610,2026,1666,selected_grid,3,3,9953600,1.5775495817032834,844829000
48,density,er_d256,5000,1279610,2026,1666,mean_map,3,4,12133200,50.48158661450507,1712200
48,density,er_d256,5000,1279610,2026,1666,caliber,3,5,6865100,0,3028100
48,density,er_d256,5000,1279610,2026,1666,std_binary,3,6,8172700,0,0
48,density,er_d256,5000,1279610,2026,1666,degree4,3,7,6811700,0,836700
48,density,er_d256,5000,1279610,2026,1666,binary,3,8,7034600,0,0
48,density,er_d256,5000,1279610,2026,1666,mean_degree,3,9,9804300,0.1972537984796347,1712200
48,density,er_d256,5000,1279610,2026,1666,max_maxdegree,4,0,9978900,0.3215433383678868,2104200
48,density,er_d256,5000,1279610,2026,1666,mean_ring,4,1,12300600,50.48158661450507,1712200
48,density,er_d256,5000,1279610,2026,1666,mean_map,4,2,13074600,50.48158661450507,1712200
48,density,er_d256,5000,1279610,2026,1666,degree4,4,3,7015500,0,836700
48,density,er_d256,5000,1279610,2026,1666,std_binary,4,4,7857800,0,0
48,density,er_d256,5000,1279610,2026,1666,mean_degree,4,5,9672500,0.1972537984796347,1712200
48,density,er_d256,5000,1279610,2026,1666,selected_grid,4,6,9637000,1.5775495817032834,844829000
48,density,er_d256,5000,1279610,2026,1666,binary,4,7,6530200,0,0
48,density,er_d256,5000,1279610,2026,1666,fourary,4,8,7183500,0,0
48,density,er_d256,5000,1279610,2026,1666,caliber,4,9,6793700,0,3028100
48,density,er_d256,5000,1279610,2026,1666,caliber,5,0,7064500,0,3028100
48,density,er_d256,5000,1279610,2026,1666,fourary,5,1,7059500,0,0
48,density,er_d256,5000,1279610,2026,1666,binary,5,2,9493300,0,0
48,density,er_d256,5000,1279610,2026,1666,selected_grid,5,3,11450300,1.5775495817032834,844829000
48,density,er_d256,5000,1279610,2026,1666,mean_degree,5,4,9939600,0.1972537984796347,1712200
48,density,er_d256,5000,1279610,2026,1666,std_binary,5,5,8274100,0,0
48,density,er_d256,5000,1279610,2026,1666,degree4,5,6,7475400,0,836700
48,density,er_d256,5000,1279610,2026,1666,mean_map,5,7,12544900,50.48158661450507,1712200
48,density,er_d256,5000,1279610,2026,1666,mean_ring,5,8,12289000,50.48158661450507,1712200
48,density,er_d256,5000,1279610,2026,1666,max_maxdegree,5,9,10039800,0.3215433383678868,2104200
48,density,er_d256,5000,1279610,2026,1666,selected_grid,6,0,9344400,1.5775495817032834,844829000
48,density,er_d256,5000,1279610,2026,1666,mean_ring,6,1,11924200,50.48158661450507,1712200
48,density,er_d256,5000,1279610,2026,1666,fourary,6,2,7128400,0,0
48,density,er_d256,5000,1279610,2026,1666,caliber,6,3,6879100,0,3028100
48,density,er_d256,5000,1279610,2026,1666,binary,6,4,6540800,0,0
48,density,er_d256,5000,1279610,2026,1666,std_binary,6,5,8400000,0,0
48,density,er_d256,5000,1279610,2026,1666,degree4,6,6,7526300,0,836700
48,density,er_d256,5000,1279610,2026,1666,mean_map,6,7,14377500,50.48158661450507,1712200
48,density,er_d256,5000,1279610,2026,1666,max_maxdegree,6,8,12452000,0.3215433383678868,2104200
48,density,er_d256,5000,1279610,2026,1666,mean_degree,6,9,10678600,0.1972537984796347,1712200
48,density,er_d256,5000,1279610,2026,1666,mean_degree,7,0,9939400,0.1972537984796347,1712200
48,density,er_d256,5000,1279610,2026,1666,max_maxdegree,7,1,9656100,0.3215433383678868,2104200
48,density,er_d256,5000,1279610,2026,1666,mean_map,7,2,12886000,50.48158661450507,1712200
48,density,er_d256,5000,1279610,2026,1666,degree4,7,3,6724100,0,836700
48,density,er_d256,5000,1279610,2026,1666,std_binary,7,4,7715100,0,0
48,density,er_d256,5000,1279610,2026,1666,binary,7,5,9334600,0,0
48,density,er_d256,5000,1279610,2026,1666,caliber,7,6,7083900,0,3028100
48,density,er_d256,5000,1279610,2026,1666,fourary,7,7,7618400,0,0
48,density,er_d256,5000,1279610,2026,1666,mean_ring,7,8,12318500,50.48158661450507,1712200
48,density,er_d256,5000,1279610,2026,1666,selected_grid,7,9,9881400,1.5775495817032834,844829000
48,density,er_d256,5000,1279610,2026,3333,fourary,0,0,6691200,0,0
48,density,er_d256,5000,1279610,2026,3333,mean_ring,0,1,12751000,50.48158661450507,1712200
48,density,er_d256,5000,1279610,2026,3333,std_binary,0,2,7541000,0,0
48,density,er_d256,5000,1279610,2026,3333,mean_degree,0,3,10152800,0.1972537984796347,1712200
48,density,er_d256,5000,1279610,2026,3333,binary,0,4,6416100,0,0
48,density,er_d256,5000,1279610,2026,3333,mean_map,0,5,12738700,50.48158661450507,1712200
48,density,er_d256,5000,1279610,2026,3333,selected_grid,0,6,9175700,1.5775495817032834,844829000
48,density,er_d256,5000,1279610,2026,3333,caliber,0,7,6553600,0,3028100
48,density,er_d256,5000,1279610,2026,3333,max_maxdegree,0,8,10757000,0.3215433383678868,2104200
48,density,er_d256,5000,1279610,2026,3333,degree4,0,9,6520400,0,836700
48,density,er_d256,5000,1279610,2026,3333,degree4,1,0,7122400,0,836700
48,density,er_d256,5000,1279610,2026,3333,max_maxdegree,1,1,11096300,0.3215433383678868,2104200
48,density,er_d256,5000,1279610,2026,3333,caliber,1,2,6743800,0,3028100
48,density,er_d256,5000,1279610,2026,3333,selected_grid,1,3,9297600,1.5775495817032834,844829000
48,density,er_d256,5000,1279610,2026,3333,mean_map,1,4,12907400,50.48158661450507,1712200
48,density,er_d256,5000,1279610,2026,3333,binary,1,5,7508100,0,0
48,density,er_d256,5000,1279610,2026,3333,mean_degree,1,6,9496300,0.1972537984796347,1712200
48,density,er_d256,5000,1279610,2026,3333,std_binary,1,7,8000600,0,0
48,density,er_d256,5000,1279610,2026,3333,mean_ring,1,8,13240300,50.48158661450507,1712200
48,density,er_d256,5000,1279610,2026,3333,fourary,1,9,6627500,0,0
48,density,er_d256,5000,1279610,2026,3333,degree4,2,0,6785400,0,836700
48,density,er_d256,5000,1279610,2026,3333,max_maxdegree,2,1,10011000,0.3215433383678868,2104200
48,density,er_d256,5000,1279610,2026,3333,selected_grid,2,2,9368900,1.5775495817032834,844829000
48,density,er_d256,5000,1279610,2026,3333,binary,2,3,6518200,0,0
48,density,er_d256,5000,1279610,2026,3333,fourary,2,4,7256900,0,0
48,density,er_d256,5000,1279610,2026,3333,std_binary,2,5,7933100,0,0
48,density,er_d256,5000,1279610,2026,3333,mean_degree,2,6,9673000,0.1972537984796347,1712200
48,density,er_d256,5000,1279610,2026,3333,caliber,2,7,6448800,0,3028100
48,density,er_d256,5000,1279610,2026,3333,mean_ring,2,8,14434900,50.48158661450507,1712200
48,density,er_d256,5000,1279610,2026,3333,mean_map,2,9,12070100,50.48158661450507,1712200
48,density,er_d256,5000,1279610,2026,3333,mean_map,3,0,12393500,50.48158661450507,1712200
48,density,er_d256,5000,1279610,2026,3333,mean_ring,3,1,13222000,50.48158661450507,1712200
48,density,er_d256,5000,1279610,2026,3333,caliber,3,2,6557300,0,3028100
48,density,er_d256,5000,1279610,2026,3333,mean_degree,3,3,9675000,0.1972537984796347,1712200
48,density,er_d256,5000,1279610,2026,3333,std_binary,3,4,8251300,0,0
48,density,er_d256,5000,1279610,2026,3333,fourary,3,5,6754900,0,0
48,density,er_d256,5000,1279610,2026,3333,binary,3,6,7129500,0,0
48,density,er_d256,5000,1279610,2026,3333,selected_grid,3,7,10151500,1.5775495817032834,844829000
48,density,er_d256,5000,1279610,2026,3333,max_maxdegree,3,8,9975100,0.3215433383678868,2104200
48,density,er_d256,5000,1279610,2026,3333,degree4,3,9,6742000,0,836700
48,density,er_d256,5000,1279610,2026,3333,std_binary,4,0,7925300,0,0
48,density,er_d256,5000,1279610,2026,3333,mean_degree,4,1,10469900,0.1972537984796347,1712200
48,density,er_d256,5000,1279610,2026,3333,mean_map,4,2,12401800,50.48158661450507,1712200
48,density,er_d256,5000,1279610,2026,3333,mean_ring,4,3,12071700,50.48158661450507,1712200
48,density,er_d256,5000,1279610,2026,3333,fourary,4,4,7220700,0,0
48,density,er_d256,5000,1279610,2026,3333,caliber,4,5,7645000,0,3028100
48,density,er_d256,5000,1279610,2026,3333,binary,4,6,6574200,0,0
48,density,er_d256,5000,1279610,2026,3333,selected_grid,4,7,9260100,1.5775495817032834,844829000
48,density,er_d256,5000,1279610,2026,3333,max_maxdegree,4,8,9725300,0.3215433383678868,2104200
48,density,er_d256,5000,1279610,2026,3333,degree4,4,9,6889800,0,836700
48,density,er_d256,5000,1279610,2026,3333,degree4,5,0,6706200,0,836700
48,density,er_d256,5000,1279610,2026,3333,max_maxdegree,5,1,9755400,0.3215433383678868,2104200
48,density,er_d256,5000,1279610,2026,3333,selected_grid,5,2,9085400,1.5775495817032834,844829000
48,density,er_d256,5000,1279610,2026,3333,binary,5,3,6387700,0,0
48,density,er_d256,5000,1279610,2026,3333,caliber,5,4,6564500,0,3028100
48,density,er_d256,5000,1279610,2026,3333,fourary,5,5,7362900,0,0
48,density,er_d256,5000,1279610,2026,3333,mean_ring,5,6,12353400,50.48158661450507,1712200
48,density,er_d256,5000,1279610,2026,3333,mean_map,5,7,12445800,50.48158661450507,1712200
48,density,er_d256,5000,1279610,2026,3333,mean_degree,5,8,10910400,0.1972537984796347,1712200
48,density,er_d256,5000,1279610,2026,3333,std_binary,5,9,8213900,0,0
48,density,er_d256,5000,1279610,2026,3333,fourary,6,0,6960300,0,0
48,density,er_d256,5000,1279610,2026,3333,binary,6,1,8540100,0,0
48,density,er_d256,5000,1279610,2026,3333,degree4,6,2,6821400,0,836700
48,density,er_d256,5000,1279610,2026,3333,mean_ring,6,3,12924000,50.48158661450507,1712200
48,density,er_d256,5000,1279610,2026,3333,std_binary,6,4,7546600,0,0
48,density,er_d256,5000,1279610,2026,3333,selected_grid,6,5,10743100,1.5775495817032834,844829000
48,density,er_d256,5000,1279610,2026,3333,mean_degree,6,6,10177000,0.1972537984796347,1712200
48,density,er_d256,5000,1279610,2026,3333,max_maxdegree,6,7,9254700,0.3215433383678868,2104200
48,density,er_d256,5000,1279610,2026,3333,caliber,6,8,8048500,0,3028100
48,density,er_d256,5000,1279610,2026,3333,mean_map,6,9,13289500,50.48158661450507,1712200
48,density,er_d256,5000,1279610,2026,3333,mean_map,7,0,12565700,50.48158661450507,1712200
48,density,er_d256,5000,1279610,2026,3333,caliber,7,1,7142700,0,3028100
48,density,er_d256,5000,1279610,2026,3333,max_maxdegree,7,2,9290600,0.3215433383678868,2104200
48,density,er_d256,5000,1279610,2026,3333,mean_degree,7,3,9828600,0.1972537984796347,1712200
48,density,er_d256,5000,1279610,2026,3333,selected_grid,7,4,10059200,1.5775495817032834,844829000
48,density,er_d256,5000,1279610,2026,3333,std_binary,7,5,7762800,0,0
48,density,er_d256,5000,1279610,2026,3333,mean_ring,7,6,12488700,50.48158661450507,1712200
48,density,er_d256,5000,1279610,2026,3333,degree4,7,7,6600700,0,836700
48,density,er_d256,5000,1279610,2026,3333,binary,7,8,7770800,0,0
48,density,er_d256,5000,1279610,2026,3333,fourary,7,9,7218600,0,0
