key,panel,family,n,seed,source,round,binary,degree4,ratio,margin_ms
core:1,core,sparse,1000,42,333,0,217100.0,242100.0,0.8967368855844692,-0.025
core:1,core,sparse,1000,42,333,1,237000.0,252100.0,0.9401031336771123,-0.0151
core:1,core,sparse,1000,42,333,2,230700.0,246100.0,0.9374238114587566,-0.0154
core:1,core,sparse,1000,42,333,3,221500.0,270700.0,0.8182489841152567,-0.0492
core:1,core,sparse,1000,42,333,4,257900.0,249300.0,1.0344965904532692,0.0086
core:1,core,sparse,1000,42,333,5,232800.0,262300.0,0.8875333587495234,-0.0295
core:1,core,sparse,1000,42,333,6,287600.0,331300.0,0.8680953818291579,-0.0437
core:1,core,sparse,1000,42,333,7,312900.0,258200.0,1.2118512780790085,0.0547
core:1,core,sparse,1000,42,333,8,239500.0,251900.0,0.9507741167129813,-0.0124
core:1,core,sparse,1000,42,333,9,368900.0,325600.0,1.132985257985258,0.0433
core:1,core,sparse,1000,42,333,10,236400.0,276200.0,0.8559015206372194,-0.0398
core:1,core,sparse,1000,42,333,11,232500.0,267900.0,0.8678611422172452,-0.0354
core:1,core,sparse,1000,42,666,0,266900.0,251100.0,1.0629231381919555,0.0158
core:1,core,sparse,1000,42,666,1,230100.0,248200.0,0.9270749395648671,-0.0181
core:1,core,sparse,1000,42,666,2,262500.0,321200.0,0.8172478206724783,-0.0587
core:1,core,sparse,1000,42,666,3,228100.0,293000.0,0.7784982935153584,-0.0649
core:1,core,sparse,1000,42,666,4,247200.0,288000.0,0.8583333333333333,-0.0408
core:1,core,sparse,1000,42,666,5,225500.0,258900.0,0.8709926612591734,-0.0334
core:1,core,sparse,1000,42,666,6,242800.0,302500.0,0.8026446280991736,-0.0597
core:1,core,sparse,1000,42,666,7,222000.0,292700.0,0.7584557567475231,-0.0707
core:1,core,sparse,1000,42,666,8,260000.0,405600.0,0.6410256410256411,-0.1456
core:1,core,sparse,1000,42,666,9,263100.0,244500.0,1.0760736196319018,0.0186
core:1,core,sparse,1000,42,666,10,231200.0,277000.0,0.8346570397111913,-0.0458
core:1,core,sparse,1000,42,666,11,226800.0,274600.0,0.8259286234522942,-0.0478
core:10,core,dense,2000,42,666,0,1852700.0,1793700.0,1.032892902938061,0.059
core:10,core,dense,2000,42,666,1,2219800.0,2134500.0,1.0399625204966034,0.0853
core:10,core,dense,2000,42,666,2,2264600.0,1986200.0,1.1401671533581714,0.2784
core:10,core,dense,2000,42,666,3,1878700.0,1889700.0,0.9941789702069112,-0.011
core:10,core,dense,2000,42,666,4,2363200.0,1783600.0,1.3249607535321821,0.5796
core:10,core,dense,2000,42,666,5,1877400.0,1827600.0,1.0272488509520683,0.0498
core:10,core,dense,2000,42,666,6,1940400.0,2606800.0,0.7443609022556391,-0.6664
core:10,core,dense,2000,42,666,7,1938400.0,1894000.0,1.023442449841605,0.0444
core:10,core,dense,2000,42,666,8,1810500.0,2680700.0,0.6753832954079159,-0.8702
core:10,core,dense,2000,42,666,9,1842500.0,1993700.0,0.924161107488589,-0.1512
core:10,core,dense,2000,42,666,10,1843500.0,1968600.0,0.936452301127705,-0.1251
core:10,core,dense,2000,42,666,11,1795100.0,2026900.0,0.885638166658444,-0.2318
core:10,core,dense,2000,42,1333,0,2367500.0,2153000.0,1.0996284254528566,0.2145
core:10,core,dense,2000,42,1333,1,2085300.0,2118000.0,0.9845609065155807,-0.0327
core:10,core,dense,2000,42,1333,2,2008200.0,2262100.0,0.8877591618407674,-0.2539
core:10,core,dense,2000,42,1333,3,1838600.0,2006700.0,0.9162306273982159,-0.1681
core:10,core,dense,2000,42,1333,4,2177200.0,2090100.0,1.0416726472417588,0.0871
core:10,core,dense,2000,42,1333,5,1956500.0,2363100.0,0.8279378782108248,-0.4066
core:10,core,dense,2000,42,1333,6,1833800.0,2390700.0,0.7670556740703559,-0.5569
core:10,core,dense,2000,42,1333,7,2107700.0,2065700.0,1.0203320908166724,0.042
core:10,core,dense,2000,42,1333,8,1882400.0,2031100.0,0.9267884397617054,-0.1487
core:10,core,dense,2000,42,1333,9,1943600.0,2055200.0,0.9456987154534838,-0.1116
core:10,core,dense,2000,42,1333,10,1957000.0,2639800.0,0.7413440412152436,-0.6828
core:10,core,dense,2000,42,1333,11,1773600.0,2019000.0,0.8784546805349183,-0.2454
core:11,core,dense,5000,42,1666,0,9894900.0,10045700.0,0.9849886020884557,-0.1508
core:11,core,dense,5000,42,1666,1,9470400.0,8537900.0,1.1092188945759496,0.9325
core:11,core,dense,5000,42,1666,2,9934900.0,9513100.0,1.0443388590469984,0.4218
core:11,core,dense,5000,42,1666,3,8868700.0,8468400.0,1.0472698502668745,0.4003
core:11,core,dense,5000,42,1666,4,9140500.0,8955400.0,1.0206690935078278,0.1851
core:11,core,dense,5000,42,1666,5,8580500.0,9360600.0,0.9166613251287311,-0.7801
core:11,core,dense,5000,42,1666,6,9270500.0,9919400.0,0.9345827368590842,-0.6489
core:11,core,dense,5000,42,1666,7,10228600.0,8705300.0,1.1749853537500143,1.5233
core:11,core,dense,5000,42,1666,8,9549200.0,9965000.0,0.958273958855996,-0.4158
core:11,core,dense,5000,42,1666,9,8536900.0,9395900.0,0.9085771453506316,-0.859
core:11,core,dense,5000,42,1666,10,9741800.0,9277900.0,1.0500005389150562,0.4639
core:11,core,dense,5000,42,1666,11,9544900.0,10681700.0,0.8935749927446006,-1.1368
core:11,core,dense,5000,42,3333,0,9921100.0,8990300.0,1.1035338086604451,0.9308
core:11,core,dense,5000,42,3333,1,8759500.0,9198700.0,0.9522541228651875,-0.4392
core:11,core,dense,5000,42,3333,2,8935900.0,8572800.0,1.0423548898842852,0.3631
core:11,core,dense,5000,42,3333,3,9071000.0,9030400.0,1.0044959248759744,0.0406
core:11,core,dense,5000,42,3333,4,8927700.0,11321000.0,0.7885964137443688,-2.3933
core:11,core,dense,5000,42,3333,5,10136800.0,9389400.0,1.0796004004515731,0.7474
core:11,core,dense,5000,42,3333,6,8585300.0,8524500.0,1.0071323831309755,0.0608
core:11,core,dense,5000,42,3333,7,10229500.0,9137600.0,1.1194952722815619,1.0919
core:11,core,dense,5000,42,3333,8,8335700.0,8647000.0,0.9639990748236382,-0.3113
core:11,core,dense,5000,42,3333,9,8639700.0,8818900.0,0.9796800054428557,-0.1792
core:11,core,dense,5000,42,3333,10,8645900.0,9730400.0,0.888545177998849,-1.0845
core:11,core,dense,5000,42,3333,11,9781900.0,8857100.0,1.1044134084519763,0.9248
core:12,core,grid,1000,42,333,0,128600.0,169700.0,0.7578078962875663,-0.0411
core:12,core,grid,1000,42,333,1,147800.0,338700.0,0.43637437260112194,-0.1909
core:12,core,grid,1000,42,333,2,128900.0,168700.0,0.7640782454060462,-0.0398
core:12,core,grid,1000,42,333,3,127000.0,178600.0,0.7110862262038073,-0.0516
core:12,core,grid,1000,42,333,4,128000.0,272700.0,0.4693802713604694,-0.1447
core:12,core,grid,1000,42,333,5,128400.0,171500.0,0.7486880466472303,-0.0431
core:12,core,grid,1000,42,333,6,128500.0,164700.0,0.7802064359441409,-0.0362
core:12,core,grid,1000,42,333,7,127600.0,176500.0,0.7229461756373937,-0.0489
core:12,core,grid,1000,42,333,8,130800.0,172200.0,0.759581881533101,-0.0414
core:12,core,grid,1000,42,333,9,120000.0,154200.0,0.7782101167315175,-0.0342
core:12,core,grid,1000,42,333,10,122900.0,164800.0,0.745752427184466,-0.0419
core:12,core,grid,1000,42,333,11,124500.0,170200.0,0.7314923619271445,-0.0457
core:12,core,grid,1000,42,666,0,120900.0,227700.0,0.530961791831357,-0.1068
core:12,core,grid,1000,42,666,1,125300.0,191000.0,0.6560209424083769,-0.0657
core:12,core,grid,1000,42,666,2,138600.0,170300.0,0.8138578978273635,-0.0317
core:12,core,grid,1000,42,666,3,127500.0,175700.0,0.7256687535571997,-0.0482
core:12,core,grid,1000,42,666,4,139500.0,228900.0,0.6094364351245085,-0.0894
core:12,core,grid,1000,42,666,5,124900.0,156000.0,0.8006410256410257,-0.0311
core:12,core,grid,1000,42,666,6,128400.0,171800.0,0.7473806752037253,-0.0434
core:12,core,grid,1000,42,666,7,124000.0,161000.0,0.7701863354037267,-0.037
core:12,core,grid,1000,42,666,8,127100.0,190300.0,0.6678928008407777,-0.0632
core:12,core,grid,1000,42,666,9,120000.0,157900.0,0.759974667511083,-0.0379
core:12,core,grid,1000,42,666,10,122400.0,163600.0,0.7481662591687042,-0.0412
core:12,core,grid,1000,42,666,11,122300.0,155400.0,0.787001287001287,-0.0331
core:13,core,grid,2000,42,666,0,297200.0,338100.0,0.8790298728186927,-0.0409
core:13,core,grid,2000,42,666,1,258600.0,316900.0,0.816030293467971,-0.0583
core:13,core,grid,2000,42,666,2,271300.0,354000.0,0.7663841807909605,-0.0827
core:13,core,grid,2000,42,666,3,412000.0,325100.0,1.2673023685019993,0.0869
core:13,core,grid,2000,42,666,4,259400.0,335400.0,0.7734048896839595,-0.076
core:13,core,grid,2000,42,666,5,290400.0,354800.0,0.818489289740699,-0.0644
core:13,core,grid,2000,42,666,6,257900.0,461000.0,0.5594360086767896,-0.2031
core:13,core,grid,2000,42,666,7,264100.0,422500.0,0.6250887573964498,-0.1584
core:13,core,grid,2000,42,666,8,257900.0,390600.0,0.6602662570404506,-0.1327
core:13,core,grid,2000,42,666,9,264900.0,345800.0,0.7660497397339503,-0.0809
core:13,core,grid,2000,42,666,10,274200.0,357500.0,0.766993006993007,-0.0833
core:13,core,grid,2000,42,666,11,266400.0,748400.0,0.3559593800106895,-0.482
core:13,core,grid,2000,42,1333,0,276400.0,333700.0,0.8282888822295476,-0.0573
core:13,core,grid,2000,42,1333,1,255200.0,333400.0,0.7654469106178764,-0.0782
core:13,core,grid,2000,42,1333,2,272500.0,723600.0,0.37658927584300717,-0.4511
core:13,core,grid,2000,42,1333,3,295200.0,336400.0,0.8775267538644471,-0.0412
core:13,core,grid,2000,42,1333,4,253300.0,347800.0,0.7282921219091432,-0.0945
core:13,core,grid,2000,42,1333,5,276900.0,390800.0,0.7085465711361311,-0.1139
core:13,core,grid,2000,42,1333,6,263700.0,348200.0,0.757323377369328,-0.0845
core:13,core,grid,2000,42,1333,7,257600.0,329500.0,0.7817905918057663,-0.0719
core:13,core,grid,2000,42,1333,8,266600.0,344700.0,0.7734261676820423,-0.0781
core:13,core,grid,2000,42,1333,9,305700.0,494200.0,0.6185754755159855,-0.1885
core:13,core,grid,2000,42,1333,10,263900.0,351600.0,0.7505688282138794,-0.0877
core:13,core,grid,2000,42,1333,11,261000.0,338000.0,0.772189349112426,-0.077
core:14,core,grid,5000,42,1666,0,694100.0,925300.0,0.7501350913217335,-0.2312
core:14,core,grid,5000,42,1666,1,736500.0,1121300.0,0.6568268973512886,-0.3848
core:14,core,grid,5000,42,1666,2,851100.0,931600.0,0.9135895234006011,-0.0805
core:14,core,grid,5000,42,1666,3,756100.0,960800.0,0.7869483763530392,-0.2047
core:14,core,grid,5000,42,1666,4,795800.0,939700.0,0.8468660210705544,-0.1439
core:14,core,grid,5000,42,1666,5,684800.0,1071400.0,0.6391637110322942,-0.3866
core:14,core,grid,5000,42,1666,6,702200.0,1081600.0,0.6492233727810651,-0.3794
core:14,core,grid,5000,42,1666,7,679200.0,916500.0,0.7410801963993453,-0.2373
core:14,core,grid,5000,42,1666,8,750000.0,977900.0,0.7669495858472236,-0.2279
core:14,core,grid,5000,42,1666,9,701900.0,953700.0,0.7359756736919366,-0.2518
core:14,core,grid,5000,42,1666,10,694000.0,921600.0,0.7530381944444444,-0.2276
core:14,core,grid,5000,42,1666,11,708400.0,889700.0,0.7962234461054288,-0.1813
core:14,core,grid,5000,42,3333,0,696700.0,923100.0,0.7547394648467122,-0.2264
core:14,core,grid,5000,42,3333,1,698300.0,913000.0,0.764841182913472,-0.2147
core:14,core,grid,5000,42,3333,2,721300.0,1098900.0,0.6563836563836564,-0.3776
core:14,core,grid,5000,42,3333,3,694900.0,925700.0,0.7506751647401966,-0.2308
core:14,core,grid,5000,42,3333,4,709400.0,919500.0,0.7715062533985861,-0.2101
core:14,core,grid,5000,42,3333,5,914900.0,945600.0,0.9675338409475466,-0.0307
core:14,core,grid,5000,42,3333,6,710500.0,932800.0,0.7616852487135506,-0.2223
core:14,core,grid,5000,42,3333,7,683800.0,938600.0,0.7285318559556787,-0.2548
core:14,core,grid,5000,42,3333,8,753500.0,934700.0,0.8061410078099925,-0.1812
core:14,core,grid,5000,42,3333,9,717300.0,942100.0,0.7613841418108481,-0.2248
core:14,core,grid,5000,42,3333,10,810600.0,901600.0,0.8990683229813664,-0.091
core:14,core,grid,5000,42,3333,11,725500.0,950500.0,0.7632824829037349,-0.225
core:15,core,grid,10000,42,3333,0,1606200.0,2055800.0,0.7813016830430976,-0.4496
core:15,core,grid,10000,42,3333,1,1512100.0,2024200.0,0.7470111649046537,-0.5121
core:15,core,grid,10000,42,3333,2,1657100.0,2247400.0,0.7373409272937617,-0.5903
core:15,core,grid,10000,42,3333,3,1576600.0,2013000.0,0.7832091405861897,-0.4364
core:15,core,grid,10000,42,3333,4,1506100.0,1948000.0,0.7731519507186858,-0.4419
core:15,core,grid,10000,42,3333,5,1637300.0,1930800.0,0.8479904702713901,-0.2935
core:15,core,grid,10000,42,3333,6,1681200.0,1974700.0,0.8513698283283537,-0.2935
core:15,core,grid,10000,42,3333,7,1878500.0,1933700.0,0.9714536898174484,-0.0552
core:15,core,grid,10000,42,3333,8,1508700.0,2154200.0,0.7003527991829913,-0.6455
core:15,core,grid,10000,42,3333,9,1501900.0,1940800.0,0.7738561417971971,-0.4389
core:15,core,grid,10000,42,3333,10,1443700.0,2095700.0,0.6888867681442955,-0.652
core:15,core,grid,10000,42,3333,11,1504400.0,2001400.0,0.7516738283201759,-0.497
core:15,core,grid,10000,42,6666,0,1449600.0,1972400.0,0.7349422023930238,-0.5228
core:15,core,grid,10000,42,6666,1,1442400.0,1889300.0,0.7634573651617002,-0.4469
core:15,core,grid,10000,42,6666,2,1524800.0,1873900.0,0.8137040397032926,-0.3491
core:15,core,grid,10000,42,6666,3,1867400.0,1859700.0,1.0041404527611981,0.0077
core:15,core,grid,10000,42,6666,4,1453500.0,2114600.0,0.6873640404804692,-0.6611
core:15,core,grid,10000,42,6666,5,1532700.0,1894200.0,0.8091542603737726,-0.3615
core:15,core,grid,10000,42,6666,6,1469100.0,1952100.0,0.7525741509143998,-0.483
core:15,core,grid,10000,42,6666,7,1446600.0,1896400.0,0.7628137523729172,-0.4498
core:15,core,grid,10000,42,6666,8,1539500.0,1872000.0,0.8223824786324786,-0.3325
core:15,core,grid,10000,42,6666,9,1450700.0,2094800.0,0.6925243459996181,-0.6441
core:15,core,grid,10000,42,6666,10,1484200.0,1842700.0,0.8054485266185488,-0.3585
core:15,core,grid,10000,42,6666,11,1901800.0,1898600.0,1.001685452438639,0.0032
core:16,core,roadlike,1000,42,333,0,140100.0,138800.0,1.0093659942363113,0.0013
core:16,core,roadlike,1000,42,333,1,129500.0,133200.0,0.9722222222222222,-0.0037
core:16,core,roadlike,1000,42,333,2,134300.0,140000.0,0.9592857142857143,-0.0057
core:16,core,roadlike,1000,42,333,3,138200.0,142700.0,0.9684653118430273,-0.0045
core:16,core,roadlike,1000,42,333,4,127800.0,138100.0,0.9254163649529327,-0.0103
core:16,core,roadlike,1000,42,333,5,152100.0,160600.0,0.9470734744707348,-0.0085
core:16,core,roadlike,1000,42,333,6,146000.0,166800.0,0.8752997601918465,-0.0208
core:16,core,roadlike,1000,42,333,7,137600.0,180900.0,0.7606412382531785,-0.0433
core:16,core,roadlike,1000,42,333,8,132600.0,143600.0,0.9233983286908078,-0.011
core:16,core,roadlike,1000,42,333,9,128100.0,133100.0,0.9624342599549212,-0.005
core:16,core,roadlike,1000,42,333,10,133200.0,139400.0,0.9555236728837877,-0.0062
core:16,core,roadlike,1000,42,333,11,133200.0,128800.0,1.0341614906832297,0.0044
core:16,core,roadlike,1000,42,666,0,127600.0,135000.0,0.9451851851851852,-0.0074
core:16,core,roadlike,1000,42,666,1,126400.0,119700.0,1.0559732664995822,0.0067
core:16,core,roadlike,1000,42,666,2,183400.0,163800.0,1.1196581196581197,0.0196
core:16,core,roadlike,1000,42,666,3,129800.0,134800.0,0.9629080118694362,-0.005
core:16,core,roadlike,1000,42,666,4,129400.0,130300.0,0.9930928626247122,-0.0009
core:16,core,roadlike,1000,42,666,5,126500.0,131900.0,0.959059893858984,-0.0054
core:16,core,roadlike,1000,42,666,6,130300.0,126900.0,1.0267927501970056,0.0034
core:16,core,roadlike,1000,42,666,7,127200.0,132800.0,0.9578313253012049,-0.0056
core:16,core,roadlike,1000,42,666,8,126000.0,130500.0,0.9655172413793104,-0.0045
core:16,core,roadlike,1000,42,666,9,126200.0,124100.0,1.016921837228042,0.0021
core:16,core,roadlike,1000,42,666,10,134500.0,131100.0,1.0259344012204423,0.0034
core:16,core,roadlike,1000,42,666,11,132900.0,125400.0,1.0598086124401913,0.0075
core:17,core,roadlike,2000,42,666,0,293700.0,288200.0,1.0190839694656488,0.0055
core:17,core,roadlike,2000,42,666,1,279300.0,272700.0,1.0242024202420241,0.0066
core:17,core,roadlike,2000,42,666,2,279700.0,310100.0,0.9019671073847146,-0.0304
core:17,core,roadlike,2000,42,666,3,279400.0,297600.0,0.9388440860215054,-0.0182
core:17,core,roadlike,2000,42,666,4,286500.0,288000.0,0.9947916666666666,-0.0015
core:17,core,roadlike,2000,42,666,5,271100.0,285000.0,0.9512280701754386,-0.0139
core:17,core,roadlike,2000,42,666,6,291500.0,382500.0,0.7620915032679738,-0.091
core:17,core,roadlike,2000,42,666,7,286500.0,286300.0,1.0006985679357316,0.0002
core:17,core,roadlike,2000,42,666,8,364500.0,364600.0,0.9997257268239166,-0.0001
core:17,core,roadlike,2000,42,666,9,279200.0,296700.0,0.9410178631614425,-0.0175
core:17,core,roadlike,2000,42,666,10,278800.0,282400.0,0.9872521246458924,-0.0036
core:17,core,roadlike,2000,42,666,11,275500.0,274700.0,1.0029122679286495,0.0008
core:17,core,roadlike,2000,42,1333,0,287400.0,276400.0,1.039797395079595,0.011
core:17,core,roadlike,2000,42,1333,1,431500.0,292300.0,1.4762230585015395,0.1392
core:17,core,roadlike,2000,42,1333,2,278900.0,277500.0,1.005045045045045,0.0014
core:17,core,roadlike,2000,42,1333,3,273600.0,278900.0,0.9809967730369308,-0.0053
core:17,core,roadlike,2000,42,1333,4,260200.0,298600.0,0.8713998660415271,-0.0384
core:17,core,roadlike,2000,42,1333,5,352500.0,288400.0,1.222260748959778,0.0641
core:17,core,roadlike,2000,42,1333,6,283100.0,307400.0,0.9209499024072869,-0.0243
core:17,core,roadlike,2000,42,1333,7,277500.0,275500.0,1.0072595281306715,0.002
core:17,core,roadlike,2000,42,1333,8,357800.0,365100.0,0.9800054779512463,-0.0073
core:17,core,roadlike,2000,42,1333,9,299000.0,324400.0,0.9217016029593095,-0.0254
core:17,core,roadlike,2000,42,1333,10,294400.0,292300.0,1.007184399589463,0.0021
core:17,core,roadlike,2000,42,1333,11,279400.0,674200.0,0.4144170869178285,-0.3948
core:18,core,roadlike,5000,42,1666,0,796400.0,956900.0,0.8322708746995506,-0.1605
core:18,core,roadlike,5000,42,1666,1,851700.0,828100.0,1.0284989735539185,0.0236
core:18,core,roadlike,5000,42,1666,2,1096000.0,903100.0,1.2135976082382904,0.1929
core:18,core,roadlike,5000,42,1666,3,724800.0,835000.0,0.8680239520958084,-0.1102
core:18,core,roadlike,5000,42,1666,4,931000.0,836500.0,1.112970711297071,0.0945
core:18,core,roadlike,5000,42,1666,5,769700.0,1131300.0,0.6803677185538761,-0.3616
core:18,core,roadlike,5000,42,1666,6,868100.0,822000.0,1.0560827250608273,0.0461
core:18,core,roadlike,5000,42,1666,7,804500.0,823100.0,0.9774025027335682,-0.0186
core:18,core,roadlike,5000,42,1666,8,802600.0,1297300.0,0.6186695444384491,-0.4947
core:18,core,roadlike,5000,42,1666,9,831100.0,785300.0,1.0583216605119063,0.0458
core:18,core,roadlike,5000,42,1666,10,772400.0,872400.0,0.8853736817973407,-0.1
core:18,core,roadlike,5000,42,1666,11,776300.0,1230700.0,0.6307792313317624,-0.4544
core:18,core,roadlike,5000,42,3333,0,868600.0,880000.0,0.9870454545454546,-0.0114
core:18,core,roadlike,5000,42,3333,1,930400.0,834100.0,1.1154537825200814,0.0963
core:18,core,roadlike,5000,42,3333,2,863400.0,834600.0,1.03450754852624,0.0288
core:18,core,roadlike,5000,42,3333,3,1860200.0,857000.0,2.1705950991831973,1.0032
core:18,core,roadlike,5000,42,3333,4,803400.0,841800.0,0.9543834640057021,-0.0384
core:18,core,roadlike,5000,42,3333,5,799800.0,916200.0,0.8729535036018337,-0.1164
core:18,core,roadlike,5000,42,3333,6,974200.0,819700.0,1.188483591557887,0.1545
core:18,core,roadlike,5000,42,3333,7,1054400.0,1007800.0,1.046239333201032,0.0466
core:18,core,roadlike,5000,42,3333,8,791500.0,1096500.0,0.7218422252621979,-0.305
core:18,core,roadlike,5000,42,3333,9,776500.0,832900.0,0.9322847880898067,-0.0564
core:18,core,roadlike,5000,42,3333,10,782800.0,804700.0,0.9727848887784267,-0.0219
core:18,core,roadlike,5000,42,3333,11,903400.0,906700.0,0.9963604279254439,-0.0033
core:19,core,sparse,1000,1729,333,0,184900.0,218500.0,0.8462242562929062,-0.0336
core:19,core,sparse,1000,1729,333,1,182900.0,206200.0,0.8870029097963142,-0.0233
core:19,core,sparse,1000,1729,333,2,185600.0,352200.0,0.5269733106189665,-0.1666
core:19,core,sparse,1000,1729,333,3,181300.0,215300.0,0.8420808174640038,-0.034
core:19,core,sparse,1000,1729,333,4,183300.0,345300.0,0.5308427454387489,-0.162
core:19,core,sparse,1000,1729,333,5,190900.0,201500.0,0.9473945409429281,-0.0106
core:19,core,sparse,1000,1729,333,6,184000.0,211500.0,0.8699763593380615,-0.0275
core:19,core,sparse,1000,1729,333,7,220300.0,232700.0,0.9467125053717232,-0.0124
core:19,core,sparse,1000,1729,333,8,185300.0,205900.0,0.8999514327343371,-0.0206
core:19,core,sparse,1000,1729,333,9,186100.0,204000.0,0.9122549019607843,-0.0179
core:19,core,sparse,1000,1729,333,10,227400.0,205600.0,1.1060311284046693,0.0218
core:19,core,sparse,1000,1729,333,11,181900.0,206400.0,0.8812984496124031,-0.0245
core:19,core,sparse,1000,1729,666,0,248400.0,222900.0,1.1144010767160162,0.0255
core:19,core,sparse,1000,1729,666,1,203900.0,218400.0,0.9336080586080586,-0.0145
core:19,core,sparse,1000,1729,666,2,187600.0,203100.0,0.9236829148202855,-0.0155
core:19,core,sparse,1000,1729,666,3,177900.0,196200.0,0.9067278287461774,-0.0183
core:19,core,sparse,1000,1729,666,4,200900.0,217900.0,0.9219825608077099,-0.017
core:19,core,sparse,1000,1729,666,5,210300.0,207700.0,1.012518054886856,0.0026
core:19,core,sparse,1000,1729,666,6,180900.0,236600.0,0.76458157227388,-0.0557
core:19,core,sparse,1000,1729,666,7,180300.0,206200.0,0.8743937924345296,-0.0259
core:19,core,sparse,1000,1729,666,8,235600.0,185300.0,1.2714516999460335,0.0503
core:19,core,sparse,1000,1729,666,9,211600.0,213000.0,0.9934272300469483,-0.0014
core:19,core,sparse,1000,1729,666,10,222400.0,212600.0,1.046095954844779,0.0098
core:19,core,sparse,1000,1729,666,11,192300.0,207200.0,0.928088803088803,-0.0149
core:2,core,sparse,2000,42,666,0,521100.0,459600.0,1.1338120104438643,0.0615
core:2,core,sparse,2000,42,666,1,402500.0,447700.0,0.8990395354031717,-0.0452
core:2,core,sparse,2000,42,666,2,409000.0,520800.0,0.7853302611367128,-0.1118
core:2,core,sparse,2000,42,666,3,499200.0,500700.0,0.9970041941282205,-0.0015
core:2,core,sparse,2000,42,666,4,451300.0,529600.0,0.8521525679758308,-0.0783
core:2,core,sparse,2000,42,666,5,440600.0,512300.0,0.8600429435877416,-0.0717
core:2,core,sparse,2000,42,666,6,567400.0,544400.0,1.0422483468038206,0.023
core:2,core,sparse,2000,42,666,7,462900.0,666700.0,0.6943152842357883,-0.2038
core:2,core,sparse,2000,42,666,8,565900.0,530600.0,1.0665284583490389,0.0353
core:2,core,sparse,2000,42,666,9,577300.0,654100.0,0.8825867604341844,-0.0768
core:2,core,sparse,2000,42,666,10,1306600.0,604500.0,2.1614557485525228,0.7021
core:2,core,sparse,2000,42,666,11,499100.0,535600.0,0.9318521284540702,-0.0365
core:2,core,sparse,2000,42,1333,0,483100.0,767600.0,0.6293642522146952,-0.2845
core:2,core,sparse,2000,42,1333,1,820400.0,577300.0,1.4210982158323229,0.2431
core:2,core,sparse,2000,42,1333,2,445900.0,505100.0,0.8827954860423678,-0.0592
core:2,core,sparse,2000,42,1333,3,490400.0,489400.0,1.0020433183489987,0.001
core:2,core,sparse,2000,42,1333,4,470000.0,525000.0,0.8952380952380953,-0.055
core:2,core,sparse,2000,42,1333,5,434900.0,497100.0,0.8748742707704688,-0.0622
core:2,core,sparse,2000,42,1333,6,439400.0,548500.0,0.8010938924339107,-0.1091
core:2,core,sparse,2000,42,1333,7,449200.0,482600.0,0.9307915457936179,-0.0334
core:2,core,sparse,2000,42,1333,8,432900.0,486200.0,0.8903743315508021,-0.0533
core:2,core,sparse,2000,42,1333,9,430900.0,450100.0,0.957342812708287,-0.0192
core:2,core,sparse,2000,42,1333,10,518200.0,635400.0,0.8155492603084671,-0.1172
core:2,core,sparse,2000,42,1333,11,541600.0,643800.0,0.8412550481515999,-0.1022
core:20,core,sparse,2000,1729,666,0,416000.0,479700.0,0.8672086720867209,-0.0637
core:20,core,sparse,2000,1729,666,1,405300.0,449100.0,0.9024716098864396,-0.0438
core:20,core,sparse,2000,1729,666,2,398800.0,518500.0,0.7691417550626808,-0.1197
core:20,core,sparse,2000,1729,666,3,438600.0,443500.0,0.9889515219842164,-0.0049
core:20,core,sparse,2000,1729,666,4,475700.0,931300.0,0.5107913669064749,-0.4556
core:20,core,sparse,2000,1729,666,5,424500.0,574600.0,0.7387747998607727,-0.1501
core:20,core,sparse,2000,1729,666,6,402700.0,514400.0,0.7828538102643857,-0.1117
core:20,core,sparse,2000,1729,666,7,394100.0,471700.0,0.8354886580453679,-0.0776
core:20,core,sparse,2000,1729,666,8,395000.0,467900.0,0.8441974780936098,-0.0729
core:20,core,sparse,2000,1729,666,9,409400.0,464700.0,0.8809984936518184,-0.0553
core:20,core,sparse,2000,1729,666,10,398100.0,872900.0,0.45606598694008477,-0.4748
core:20,core,sparse,2000,1729,666,11,452600.0,447500.0,1.0113966480446928,0.0051
core:20,core,sparse,2000,1729,1333,0,398500.0,450800.0,0.8839840283939663,-0.0523
core:20,core,sparse,2000,1729,1333,1,495600.0,512500.0,0.9670243902439024,-0.0169
core:20,core,sparse,2000,1729,1333,2,423700.0,623100.0,0.6799871609693469,-0.1994
core:20,core,sparse,2000,1729,1333,3,420300.0,452100.0,0.9296615792966157,-0.0318
core:20,core,sparse,2000,1729,1333,4,405300.0,444600.0,0.9116059379217274,-0.0393
core:20,core,sparse,2000,1729,1333,5,393000.0,425300.0,0.9240536092170233,-0.0323
core:20,core,sparse,2000,1729,1333,6,411100.0,581400.0,0.7070863433092536,-0.1703
core:20,core,sparse,2000,1729,1333,7,404000.0,497200.0,0.8125502815768303,-0.0932
core:20,core,sparse,2000,1729,1333,8,432100.0,472400.0,0.9146909398814564,-0.0403
core:20,core,sparse,2000,1729,1333,9,487600.0,448100.0,1.0881499665253291,0.0395
core:20,core,sparse,2000,1729,1333,10,402100.0,461300.0,0.8716670279644483,-0.0592
core:20,core,sparse,2000,1729,1333,11,403300.0,462800.0,0.8714347450302506,-0.0595
core:21,core,sparse,5000,1729,1666,0,1099500.0,1242100.0,0.8851944287899525,-0.1426
core:21,core,sparse,5000,1729,1666,1,1066200.0,1206300.0,0.8838597363839841,-0.1401
core:21,core,sparse,5000,1729,1666,2,1081600.0,1262900.0,0.8564415234777101,-0.1813
core:21,core,sparse,5000,1729,1666,3,1118700.0,1294500.0,0.8641946697566628,-0.1758
core:21,core,sparse,5000,1729,1666,4,1057500.0,1218200.0,0.8680840584468889,-0.1607
core:21,core,sparse,5000,1729,1666,5,1071800.0,1391000.0,0.7705248023005032,-0.3192
core:21,core,sparse,5000,1729,1666,6,1187200.0,1591900.0,0.745775488410076,-0.4047
core:21,core,sparse,5000,1729,1666,7,1044600.0,1315200.0,0.7942518248175182,-0.2706
core:21,core,sparse,5000,1729,1666,8,1391300.0,1284500.0,1.0831451926819775,0.1068
core:21,core,sparse,5000,1729,1666,9,1637700.0,1556700.0,1.0520331470418192,0.081
core:21,core,sparse,5000,1729,1666,10,1046300.0,1318800.0,0.7933727631179861,-0.2725
core:21,core,sparse,5000,1729,1666,11,1138300.0,1333900.0,0.8533623210135692,-0.1956
core:21,core,sparse,5000,1729,3333,0,1207200.0,1582800.0,0.7626990144048522,-0.3756
core:21,core,sparse,5000,1729,3333,1,1113300.0,1306200.0,0.8523197060174552,-0.1929
core:21,core,sparse,5000,1729,3333,2,1073200.0,1236400.0,0.8680038822387577,-0.1632
core:21,core,sparse,5000,1729,3333,3,1151000.0,1274000.0,0.9034536891679749,-0.123
core:21,core,sparse,5000,1729,3333,4,1047400.0,1226500.0,0.8539747248267427,-0.1791
core:21,core,sparse,5000,1729,3333,5,1054300.0,1237200.0,0.8521661817006143,-0.1829
core:21,core,sparse,5000,1729,3333,6,1060300.0,1196200.0,0.8863902357465306,-0.1359
core:21,core,sparse,5000,1729,3333,7,1048500.0,1526400.0,0.6869103773584906,-0.4779
core:21,core,sparse,5000,1729,3333,8,1138400.0,1334200.0,0.8532453904961775,-0.1958
core:21,core,sparse,5000,1729,3333,9,1093500.0,1235200.0,0.8852817357512953,-0.1417
core:21,core,sparse,5000,1729,3333,10,1148900.0,1475400.0,0.7787040802494238,-0.3265
core:21,core,sparse,5000,1729,3333,11,1265300.0,1304400.0,0.9700245323520392,-0.0391
core:22,core,sparse,10000,1729,3333,0,3057800.0,2729400.0,1.1203194841357076,0.3284
core:22,core,sparse,10000,1729,3333,1,2433300.0,2744900.0,0.8864803817989726,-0.3116
core:22,core,sparse,10000,1729,3333,2,2356100.0,2821100.0,0.8351706781042856,-0.465
core:22,core,sparse,10000,1729,3333,3,2389800.0,2699300.0,0.8853406438706332,-0.3095
core:22,core,sparse,10000,1729,3333,4,2346200.0,2813900.0,0.8337894026084793,-0.4677
core:22,core,sparse,10000,1729,3333,5,3031400.0,2723500.0,1.1130530567284744,0.3079
core:22,core,sparse,10000,1729,3333,6,2519400.0,2672900.0,0.9425717385611134,-0.1535
core:22,core,sparse,10000,1729,3333,7,2371500.0,2774200.0,0.8548410352534064,-0.4027
core:22,core,sparse,10000,1729,3333,8,2523100.0,3716900.0,0.6788183701471656,-1.1938
core:22,core,sparse,10000,1729,3333,9,2573900.0,3223000.0,0.7986037852932051,-0.6491
core:22,core,sparse,10000,1729,3333,10,2762800.0,2778700.0,0.9942778997372872,-0.0159
core:22,core,sparse,10000,1729,3333,11,2495600.0,2777800.0,0.8984088127294981,-0.2822
core:22,core,sparse,10000,1729,6666,0,2660700.0,2851300.0,0.9331532984954232,-0.1906
core:22,core,sparse,10000,1729,6666,1,2535800.0,2949000.0,0.8598847066802305,-0.4132
core:22,core,sparse,10000,1729,6666,2,3001600.0,2954100.0,1.016079347347754,0.0475
core:22,core,sparse,10000,1729,6666,3,2499900.0,2902000.0,0.8614403859407306,-0.4021
core:22,core,sparse,10000,1729,6666,4,2508000.0,2805200.0,0.8940538999001854,-0.2972
core:22,core,sparse,10000,1729,6666,5,2573800.0,3062500.0,0.8404244897959183,-0.4887
core:22,core,sparse,10000,1729,6666,6,2437800.0,2855800.0,0.8536312066671335,-0.418
core:22,core,sparse,10000,1729,6666,7,2793100.0,4948500.0,0.5644336667677073,-2.1554
core:22,core,sparse,10000,1729,6666,8,2713700.0,3097600.0,0.8760653409090909,-0.3839
core:22,core,sparse,10000,1729,6666,9,2423900.0,2991200.0,0.8103436747793528,-0.5673
core:22,core,sparse,10000,1729,6666,10,2422700.0,2873900.0,0.8430008003062042,-0.4512
core:22,core,sparse,10000,1729,6666,11,2504100.0,3325000.0,0.7531127819548872,-0.8209
core:23,core,clustered,1000,1729,333,0,330500.0,335500.0,0.9850968703427719,-0.005
core:23,core,clustered,1000,1729,333,1,321800.0,341400.0,0.942589338019918,-0.0196
core:23,core,clustered,1000,1729,333,2,326500.0,333000.0,0.9804804804804805,-0.0065
core:23,core,clustered,1000,1729,333,3,420000.0,350700.0,1.1976047904191616,0.0693
core:23,core,clustered,1000,1729,333,4,342800.0,328800.0,1.0425790754257906,0.014
core:23,core,clustered,1000,1729,333,5,324800.0,343100.0,0.9466627805304576,-0.0183
core:23,core,clustered,1000,1729,333,6,325100.0,343700.0,0.9458830375327321,-0.0186
core:23,core,clustered,1000,1729,333,7,323900.0,341200.0,0.9492966002344666,-0.0173
core:23,core,clustered,1000,1729,333,8,335000.0,351300.0,0.9536009109023627,-0.0163
core:23,core,clustered,1000,1729,333,9,323400.0,334000.0,0.9682634730538923,-0.0106
core:23,core,clustered,1000,1729,333,10,333200.0,358300.0,0.9299469718113312,-0.0251
core:23,core,clustered,1000,1729,333,11,329900.0,403500.0,0.8175960346964064,-0.0736
core:23,core,clustered,1000,1729,666,0,316400.0,345900.0,0.9147152356172304,-0.0295
core:23,core,clustered,1000,1729,666,1,326000.0,330500.0,0.9863842662632375,-0.0045
core:23,core,clustered,1000,1729,666,2,320800.0,336100.0,0.9544778339779827,-0.0153
core:23,core,clustered,1000,1729,666,3,311900.0,314300.0,0.9923639834552975,-0.0024
core:23,core,clustered,1000,1729,666,4,317300.0,335600.0,0.9454707985697258,-0.0183
core:23,core,clustered,1000,1729,666,5,307500.0,305600.0,1.006217277486911,0.0019
core:23,core,clustered,1000,1729,666,6,318300.0,350600.0,0.9078722190530519,-0.0323
core:23,core,clustered,1000,1729,666,7,327000.0,438300.0,0.7460643394934976,-0.1113
core:23,core,clustered,1000,1729,666,8,315900.0,353600.0,0.8933823529411765,-0.0377
core:23,core,clustered,1000,1729,666,9,317500.0,347600.0,0.9134062140391255,-0.0301
core:23,core,clustered,1000,1729,666,10,324800.0,340800.0,0.9530516431924883,-0.016
core:23,core,clustered,1000,1729,666,11,323200.0,322100.0,1.003415088481838,0.0011
core:24,core,clustered,2000,1729,666,0,805600.0,844400.0,0.9540502131691142,-0.0388
core:24,core,clustered,2000,1729,666,1,776700.0,804500.0,0.9654443753884401,-0.0278
core:24,core,clustered,2000,1729,666,2,794000.0,793400.0,1.000756238971515,0.0006
core:24,core,clustered,2000,1729,666,3,766500.0,816000.0,0.9393382352941176,-0.0495
core:24,core,clustered,2000,1729,666,4,767000.0,825900.0,0.9286838600314808,-0.0589
core:24,core,clustered,2000,1729,666,5,760500.0,779100.0,0.9761262995764344,-0.0186
core:24,core,clustered,2000,1729,666,6,767600.0,850300.0,0.9027402093378808,-0.0827
core:24,core,clustered,2000,1729,666,7,795700.0,811400.0,0.9806507271382795,-0.0157
core:24,core,clustered,2000,1729,666,8,785300.0,794900.0,0.9879230091835451,-0.0096
core:24,core,clustered,2000,1729,666,9,786900.0,859000.0,0.9160651920838184,-0.0721
core:24,core,clustered,2000,1729,666,10,779100.0,935100.0,0.8331729226820661,-0.156
core:24,core,clustered,2000,1729,666,11,863400.0,786200.0,1.0981938438056473,0.0772
core:24,core,clustered,2000,1729,1333,0,793600.0,814000.0,0.9749385749385749,-0.0204
core:24,core,clustered,2000,1729,1333,1,785000.0,992200.0,0.7911711348518444,-0.2072
core:24,core,clustered,2000,1729,1333,2,806000.0,800100.0,1.00737407824022,0.0059
core:24,core,clustered,2000,1729,1333,3,753300.0,776800.0,0.9697476828012358,-0.0235
core:24,core,clustered,2000,1729,1333,4,802900.0,1028600.0,0.7805755395683454,-0.2257
core:24,core,clustered,2000,1729,1333,5,803200.0,831300.0,0.9661975219535667,-0.0281
core:24,core,clustered,2000,1729,1333,6,773500.0,824000.0,0.9387135922330098,-0.0505
core:24,core,clustered,2000,1729,1333,7,765000.0,836100.0,0.9149623250807319,-0.0711
core:24,core,clustered,2000,1729,1333,8,826800.0,790500.0,1.045920303605313,0.0363
core:24,core,clustered,2000,1729,1333,9,768100.0,769900.0,0.9976620340303936,-0.0018
core:24,core,clustered,2000,1729,1333,10,869000.0,822500.0,1.0565349544072948,0.0465
core:24,core,clustered,2000,1729,1333,11,764900.0,796000.0,0.9609296482412061,-0.0311
core:25,core,clustered,5000,1729,1666,0,2565200.0,2630900.0,0.9750275571097343,-0.0657
core:25,core,clustered,5000,1729,1666,1,2543500.0,2613900.0,0.9730670645395769,-0.0704
core:25,core,clustered,5000,1729,1666,2,2526700.0,2796300.0,0.9035868826663805,-0.2696
core:25,core,clustered,5000,1729,1666,3,2555900.0,2669500.0,0.9574452144596366,-0.1136
core:25,core,clustered,5000,1729,1666,4,2507700.0,2938500.0,0.8533945890760593,-0.4308
core:25,core,clustered,5000,1729,1666,5,2477300.0,3550900.0,0.6976541158579515,-1.0736
core:25,core,clustered,5000,1729,1666,6,3435100.0,3733900.0,0.9199764321486917,-0.2988
core:25,core,clustered,5000,1729,1666,7,2538000.0,2745100.0,0.9245564824596554,-0.2071
core:25,core,clustered,5000,1729,1666,8,2395200.0,2654700.0,0.9022488416770257,-0.2595
core:25,core,clustered,5000,1729,1666,9,2427300.0,2615900.0,0.9279024427539279,-0.1886
core:25,core,clustered,5000,1729,1666,10,2441200.0,2495200.0,0.9783584482205835,-0.054
core:25,core,clustered,5000,1729,1666,11,3155400.0,2494000.0,1.265196471531676,0.6614
core:25,core,clustered,5000,1729,3333,0,2740500.0,2566100.0,1.0679630567787692,0.1744
core:25,core,clustered,5000,1729,3333,1,2483800.0,2604000.0,0.9538402457757297,-0.1202
core:25,core,clustered,5000,1729,3333,2,3097900.0,2537600.0,1.2207991803278688,0.5603
core:25,core,clustered,5000,1729,3333,3,2797300.0,2650600.0,1.0553459594054175,0.1467
core:25,core,clustered,5000,1729,3333,4,2504200.0,3026700.0,0.8273697426239799,-0.5225
core:25,core,clustered,5000,1729,3333,5,2609000.0,2666100.0,0.9785829488766363,-0.0571
core:25,core,clustered,5000,1729,3333,6,2409700.0,2736500.0,0.8805773798647908,-0.3268
core:25,core,clustered,5000,1729,3333,7,2867700.0,2623500.0,1.0930817610062893,0.2442
core:25,core,clustered,5000,1729,3333,8,2548600.0,2716400.0,0.9382270652333972,-0.1678
core:25,core,clustered,5000,1729,3333,9,2462200.0,2947800.0,0.8352669787638238,-0.4856
core:25,core,clustered,5000,1729,3333,10,2435600.0,2777800.0,0.8768089855281158,-0.3422
core:25,core,clustered,5000,1729,3333,11,2709400.0,2554800.0,1.0605135431344919,0.1546
core:26,core,clustered,10000,1729,3333,0,7190700.0,6932000.0,1.0373196768609347,0.2587
core:26,core,clustered,10000,1729,3333,1,6733000.0,7890400.0,0.8533154212714185,-1.1574
core:26,core,clustered,10000,1729,3333,2,7471400.0,6860300.0,1.0890777371251985,0.6111
core:26,core,clustered,10000,1729,3333,3,6632900.0,8277200.0,0.8013458657517035,-1.6443
core:26,core,clustered,10000,1729,3333,4,7788700.0,6959500.0,1.1191464904087938,0.8292
core:26,core,clustered,10000,1729,3333,5,7843600.0,7341200.0,1.0684356780907753,0.5024
core:26,core,clustered,10000,1729,3333,6,8303400.0,7141900.0,1.1626317926602165,1.1615
core:26,core,clustered,10000,1729,3333,7,11658100.0,10675800.0,1.0920118398621181,0.9823
core:26,core,clustered,10000,1729,3333,8,9307300.0,8769500.0,1.061326187353897,0.5378
core:26,core,clustered,10000,1729,3333,9,8391700.0,8921600.0,0.9406048242467718,-0.5299
core:26,core,clustered,10000,1729,3333,10,8910000.0,8853700.0,1.0063589233879622,0.0563
core:26,core,clustered,10000,1729,3333,11,8060600.0,8576700.0,0.9398253407487729,-0.5161
core:26,core,clustered,10000,1729,6666,0,7584800.0,7895900.0,0.9605998049620689,-0.3111
core:26,core,clustered,10000,1729,6666,1,7449600.0,7666700.0,0.9716827318142095,-0.2171
core:26,core,clustered,10000,1729,6666,2,7664100.0,7590000.0,1.0097628458498025,0.0741
core:26,core,clustered,10000,1729,6666,3,8273400.0,7592900.0,1.0896232006216333,0.6805
core:26,core,clustered,10000,1729,6666,4,8118400.0,7951700.0,1.0209640705761032,0.1667
core:26,core,clustered,10000,1729,6666,5,8382700.0,7675800.0,1.0920946350868965,0.7069
core:26,core,clustered,10000,1729,6666,6,7060200.0,7551300.0,0.9349648404910412,-0.4911
core:26,core,clustered,10000,1729,6666,7,7845900.0,7761500.0,1.010874186690717,0.0844
core:26,core,clustered,10000,1729,6666,8,7413600.0,7563000.0,0.9802459341531139,-0.1494
core:26,core,clustered,10000,1729,6666,9,8126100.0,8036900.0,1.0110988067538478,0.0892
core:26,core,clustered,10000,1729,6666,10,7117800.0,7360200.0,0.9670661123339039,-0.2424
core:26,core,clustered,10000,1729,6666,11,7343400.0,7167600.0,1.0245270383391931,0.1758
core:27,core,dense,1000,1729,333,0,920000.0,775500.0,1.1863313990973565,0.1445
core:27,core,dense,1000,1729,333,1,773500.0,732500.0,1.0559726962457339,0.041
core:27,core,dense,1000,1729,333,2,696800.0,902900.0,0.7717355188835973,-0.2061
core:27,core,dense,1000,1729,333,3,742500.0,710100.0,1.0456273764258555,0.0324
core:27,core,dense,1000,1729,333,4,703500.0,711600.0,0.9886172006745363,-0.0081
core:27,core,dense,1000,1729,333,5,700300.0,719200.0,0.9737208008898777,-0.0189
core:27,core,dense,1000,1729,333,6,682500.0,767900.0,0.8887876025524157,-0.0854
core:27,core,dense,1000,1729,333,7,666500.0,780700.0,0.8537210195977969,-0.1142
core:27,core,dense,1000,1729,333,8,683700.0,934100.0,0.7319344823894658,-0.2504
core:27,core,dense,1000,1729,333,9,823100.0,816500.0,1.0080832823025108,0.0066
core:27,core,dense,1000,1729,333,10,679000.0,1417600.0,0.4789785553047404,-0.7386
core:27,core,dense,1000,1729,333,11,686300.0,860200.0,0.7978377121599628,-0.1739
core:27,core,dense,1000,1729,666,0,685400.0,697100.0,0.9832161813226223,-0.0117
core:27,core,dense,1000,1729,666,1,701700.0,804000.0,0.8727611940298508,-0.1023
core:27,core,dense,1000,1729,666,2,657600.0,683100.0,0.9626701800614844,-0.0255
core:27,core,dense,1000,1729,666,3,702000.0,694100.0,1.011381645296067,0.0079
core:27,core,dense,1000,1729,666,4,667900.0,689100.0,0.9692352343636628,-0.0212
core:27,core,dense,1000,1729,666,5,644000.0,652900.0,0.9863685097258386,-0.0089
core:27,core,dense,1000,1729,666,6,675900.0,698600.0,0.9675064414543373,-0.0227
core:27,core,dense,1000,1729,666,7,895000.0,791800.0,1.1303359434200555,0.1032
core:27,core,dense,1000,1729,666,8,670800.0,691700.0,0.9697845886945208,-0.0209
core:27,core,dense,1000,1729,666,9,657200.0,819600.0,0.8018545632015618,-0.1624
core:27,core,dense,1000,1729,666,10,661300.0,688200.0,0.9609125254286545,-0.0269
core:27,core,dense,1000,1729,666,11,655100.0,673000.0,0.9734026745913819,-0.0179
core:28,core,dense,2000,1729,666,0,1870800.0,2100600.0,0.890602684947158,-0.2298
core:28,core,dense,2000,1729,666,1,2187900.0,2311000.0,0.9467330160103851,-0.1231
core:28,core,dense,2000,1729,666,2,1937400.0,2458900.0,0.7879132945626093,-0.5215
core:28,core,dense,2000,1729,666,3,2111700.0,3401200.0,0.6208691050217571,-1.2895
core:28,core,dense,2000,1729,666,4,2432400.0,2447200.0,0.9939522719843086,-0.0148
core:28,core,dense,2000,1729,666,5,2099900.0,2184800.0,0.9611406078359576,-0.0849
core:28,core,dense,2000,1729,666,6,1913400.0,1985200.0,0.963832359460004,-0.0718
core:28,core,dense,2000,1729,666,7,2395400.0,3111800.0,0.7697795488141912,-0.7164
core:28,core,dense,2000,1729,666,8,2040900.0,2300400.0,0.8871935315597287,-0.2595
core:28,core,dense,2000,1729,666,9,1853800.0,2021000.0,0.9172686788718456,-0.1672
core:28,core,dense,2000,1729,666,10,1866000.0,1901200.0,0.9814853776562171,-0.0352
core:28,core,dense,2000,1729,666,11,1959600.0,1915000.0,1.0232898172323759,0.0446
core:28,core,dense,2000,1729,1333,0,1867800.0,2071700.0,0.9015784138630111,-0.2039
core:28,core,dense,2000,1729,1333,1,1974200.0,1931000.0,1.0223718280683585,0.0432
core:28,core,dense,2000,1729,1333,2,2308700.0,2138500.0,1.0795884966097733,0.1702
core:28,core,dense,2000,1729,1333,3,1860000.0,2032900.0,0.914949087510453,-0.1729
core:28,core,dense,2000,1729,1333,4,2457300.0,2123800.0,1.1570298521518034,0.3335
core:28,core,dense,2000,1729,1333,5,2120300.0,2481000.0,0.8546150745667069,-0.3607
core:28,core,dense,2000,1729,1333,6,1934300.0,2235600.0,0.8652263374485597,-0.3013
core:28,core,dense,2000,1729,1333,7,2280300.0,2772200.0,0.8225596998773538,-0.4919
core:28,core,dense,2000,1729,1333,8,2267900.0,2502900.0,0.9061089136601542,-0.235
core:28,core,dense,2000,1729,1333,9,2220900.0,2249700.0,0.9871982931057475,-0.0288
core:28,core,dense,2000,1729,1333,10,2325500.0,2121500.0,1.0961583785057742,0.204
core:28,core,dense,2000,1729,1333,11,2594300.0,2393600.0,1.0838485962566844,0.2007
core:29,core,dense,5000,1729,1666,0,6836900.0,8048300.0,0.8494837419082291,-1.2114
core:29,core,dense,5000,1729,1666,1,6805100.0,6945600.0,0.9797713660446902,-0.1405
core:29,core,dense,5000,1729,1666,2,7075200.0,7410500.0,0.9547533904594832,-0.3353
core:29,core,dense,5000,1729,1666,3,6751200.0,6853500.0,0.985073320201357,-0.1023
core:29,core,dense,5000,1729,1666,4,6740800.0,7075400.0,0.9527093874551262,-0.3346
core:29,core,dense,5000,1729,1666,5,6582000.0,6764900.0,0.9729633845289657,-0.1829
core:29,core,dense,5000,1729,1666,6,6866200.0,6895300.0,0.9957797340217249,-0.0291
core:29,core,dense,5000,1729,1666,7,7661000.0,7133500.0,1.0739468704002242,0.5275
core:29,core,dense,5000,1729,1666,8,7697700.0,8579500.0,0.897220117722478,-0.8818
core:29,core,dense,5000,1729,1666,9,6869100.0,7176100.0,0.9572191022979055,-0.307
core:29,core,dense,5000,1729,1666,10,7064000.0,6979500.0,1.01210688444731,0.0845
core:29,core,dense,5000,1729,1666,11,9455300.0,8755300.0,1.0799515721905588,0.7
core:29,core,dense,5000,1729,3333,0,7762000.0,7220800.0,1.0749501440283624,0.5412
core:29,core,dense,5000,1729,3333,1,7559600.0,7264300.0,1.0406508541772779,0.2953
core:29,core,dense,5000,1729,3333,2,8010200.0,6969900.0,1.1492560868879036,1.0403
core:29,core,dense,5000,1729,3333,3,7145400.0,7065500.0,1.0113084707380935,0.0799
core:29,core,dense,5000,1729,3333,4,6899400.0,7366900.0,0.9365404715687738,-0.4675
core:29,core,dense,5000,1729,3333,5,6699400.0,7520300.0,0.8908421206600801,-0.8209
core:29,core,dense,5000,1729,3333,6,7150800.0,7244200.0,0.987106926920847,-0.0934
core:29,core,dense,5000,1729,3333,7,7290200.0,8658700.0,0.8419508702230127,-1.3685
core:29,core,dense,5000,1729,3333,8,6882300.0,7425100.0,0.9268966074530983,-0.5428
core:29,core,dense,5000,1729,3333,9,6839300.0,7084400.0,0.9654028569815369,-0.2451
core:29,core,dense,5000,1729,3333,10,6861600.0,7239700.0,0.9477740790364242,-0.3781
core:29,core,dense,5000,1729,3333,11,6779600.0,7924000.0,0.8555779909136799,-1.1444
core:3,core,sparse,5000,42,1666,0,1321800.0,1649400.0,0.8013823208439432,-0.3276
core:3,core,sparse,5000,42,1666,1,1359100.0,1634800.0,0.8313555174944948,-0.2757
core:3,core,sparse,5000,42,1666,2,1646900.0,1957000.0,0.841543178334185,-0.3101
core:3,core,sparse,5000,42,1666,3,1426400.0,1615200.0,0.8831104507181773,-0.1888
core:3,core,sparse,5000,42,1666,4,1315100.0,1439500.0,0.913581104550191,-0.1244
core:3,core,sparse,5000,42,1666,5,1213200.0,1399100.0,0.8671288685583589,-0.1859
core:3,core,sparse,5000,42,1666,6,1246000.0,1427800.0,0.8726712424709343,-0.1818
core:3,core,sparse,5000,42,1666,7,1365900.0,1577100.0,0.8660833174814533,-0.2112
core:3,core,sparse,5000,42,1666,8,1293200.0,1414800.0,0.9140514560361889,-0.1216
core:3,core,sparse,5000,42,1666,9,1954500.0,1360200.0,1.4369210410233788,0.5943
core:3,core,sparse,5000,42,1666,10,1557000.0,1417500.0,1.0984126984126985,0.1395
core:3,core,sparse,5000,42,1666,11,1246200.0,1733400.0,0.7189338871581862,-0.4872
core:3,core,sparse,5000,42,3333,0,1211200.0,1499200.0,0.807897545357524,-0.288
core:3,core,sparse,5000,42,3333,1,1600000.0,1568500.0,1.020082881734141,0.0315
core:3,core,sparse,5000,42,3333,2,1237100.0,1310800.0,0.9437747940189197,-0.0737
core:3,core,sparse,5000,42,3333,3,1379900.0,1512600.0,0.9122702631230993,-0.1327
core:3,core,sparse,5000,42,3333,4,1135600.0,1363400.0,0.8329177057356608,-0.2278
core:3,core,sparse,5000,42,3333,5,1498100.0,1392900.0,1.0755258812549358,0.1052
core:3,core,sparse,5000,42,3333,6,2147600.0,1392900.0,1.5418192260750951,0.7547
core:3,core,sparse,5000,42,3333,7,1120600.0,1300300.0,0.8618011228178113,-0.1797
core:3,core,sparse,5000,42,3333,8,1211400.0,1470100.0,0.8240255764913952,-0.2587
core:3,core,sparse,5000,42,3333,9,1124400.0,1295500.0,0.867927441142416,-0.1711
core:3,core,sparse,5000,42,3333,10,1161500.0,1414500.0,0.8211382113821138,-0.253
core:3,core,sparse,5000,42,3333,11,1183300.0,1276200.0,0.9272057671211409,-0.0929
core:30,core,grid,1000,1729,333,0,96900.0,135000.0,0.7177777777777777,-0.0381
core:30,core,grid,1000,1729,333,1,93300.0,130200.0,0.716589861751152,-0.0369
core:30,core,grid,1000,1729,333,2,98100.0,131500.0,0.7460076045627376,-0.0334
core:30,core,grid,1000,1729,333,3,99200.0,130100.0,0.7624903920061491,-0.0309
core:30,core,grid,1000,1729,333,4,96200.0,129700.0,0.7417116422513492,-0.0335
core:30,core,grid,1000,1729,333,5,86000.0,122700.0,0.7008964955175224,-0.0367
core:30,core,grid,1000,1729,333,6,95500.0,132000.0,0.7234848484848485,-0.0365
core:30,core,grid,1000,1729,333,7,102000.0,132400.0,0.770392749244713,-0.0304
core:30,core,grid,1000,1729,333,8,97900.0,132200.0,0.7405446293494705,-0.0343
core:30,core,grid,1000,1729,333,9,104800.0,134000.0,0.7820895522388059,-0.0292
core:30,core,grid,1000,1729,333,10,95900.0,130300.0,0.735993860322333,-0.0344
core:30,core,grid,1000,1729,333,11,91700.0,162500.0,0.5643076923076923,-0.0708
core:30,core,grid,1000,1729,666,0,98400.0,130200.0,0.7557603686635944,-0.0318
core:30,core,grid,1000,1729,666,1,101500.0,127100.0,0.7985837922895358,-0.0256
core:30,core,grid,1000,1729,666,2,98800.0,123200.0,0.801948051948052,-0.0244
core:30,core,grid,1000,1729,666,3,98700.0,118100.0,0.8357324301439458,-0.0194
core:30,core,grid,1000,1729,666,4,100800.0,128600.0,0.7838258164852255,-0.0278
core:30,core,grid,1000,1729,666,5,99400.0,119700.0,0.8304093567251462,-0.0203
core:30,core,grid,1000,1729,666,6,96500.0,127200.0,0.7586477987421384,-0.0307
core:30,core,grid,1000,1729,666,7,101800.0,124600.0,0.8170144462279294,-0.0228
core:30,core,grid,1000,1729,666,8,98400.0,130700.0,0.7528691660290742,-0.0323
core:30,core,grid,1000,1729,666,9,132100.0,113000.0,1.1690265486725664,0.0191
core:30,core,grid,1000,1729,666,10,99300.0,133200.0,0.7454954954954955,-0.0339
core:30,core,grid,1000,1729,666,11,101300.0,135500.0,0.7476014760147601,-0.0342
core:31,core,grid,2000,1729,666,0,209300.0,277100.0,0.7553229880909419,-0.0678
core:31,core,grid,2000,1729,666,1,215800.0,265600.0,0.8125,-0.0498
core:31,core,grid,2000,1729,666,2,249900.0,284000.0,0.8799295774647887,-0.0341
core:31,core,grid,2000,1729,666,3,212800.0,257300.0,0.8270501360279829,-0.0445
core:31,core,grid,2000,1729,666,4,210700.0,276300.0,0.7625769091567137,-0.0656
core:31,core,grid,2000,1729,666,5,217000.0,257600.0,0.842391304347826,-0.0406
core:31,core,grid,2000,1729,666,6,215700.0,263800.0,0.8176648976497346,-0.0481
core:31,core,grid,2000,1729,666,7,212400.0,267300.0,0.7946127946127947,-0.0549
core:31,core,grid,2000,1729,666,8,215300.0,272500.0,0.7900917431192661,-0.0572
core:31,core,grid,2000,1729,666,9,211000.0,264900.0,0.7965269913174783,-0.0539
core:31,core,grid,2000,1729,666,10,215800.0,267900.0,0.8055244494214259,-0.0521
core:31,core,grid,2000,1729,666,11,211600.0,280100.0,0.7554444841128168,-0.0685
core:31,core,grid,2000,1729,1333,0,213200.0,281800.0,0.7565649396735273,-0.0686
core:31,core,grid,2000,1729,1333,1,216300.0,281100.0,0.7694770544290288,-0.0648
core:31,core,grid,2000,1729,1333,2,210300.0,270700.0,0.7768747691171038,-0.0604
core:31,core,grid,2000,1729,1333,3,207200.0,270400.0,0.7662721893491125,-0.0632
core:31,core,grid,2000,1729,1333,4,215400.0,272900.0,0.7893001099303775,-0.0575
core:31,core,grid,2000,1729,1333,5,212800.0,277300.0,0.7673999278759466,-0.0645
core:31,core,grid,2000,1729,1333,6,224200.0,276200.0,0.8117306299782766,-0.052
core:31,core,grid,2000,1729,1333,7,211100.0,267200.0,0.7900449101796407,-0.0561
core:31,core,grid,2000,1729,1333,8,216500.0,276400.0,0.7832850940665702,-0.0599
core:31,core,grid,2000,1729,1333,9,213200.0,269800.0,0.7902149740548554,-0.0566
core:31,core,grid,2000,1729,1333,10,215200.0,277800.0,0.7746580273578114,-0.0626
core:31,core,grid,2000,1729,1333,11,211700.0,275900.0,0.7673069952881478,-0.0642
core:32,core,grid,5000,1729,1666,0,557100.0,743200.0,0.7495963401506996,-0.1861
core:32,core,grid,5000,1729,1666,1,582300.0,755700.0,0.7705438666137356,-0.1734
core:32,core,grid,5000,1729,1666,2,571500.0,757600.0,0.7543558606124604,-0.1861
core:32,core,grid,5000,1729,1666,3,558200.0,778600.0,0.7169278191625995,-0.2204
core:32,core,grid,5000,1729,1666,4,578300.0,741000.0,0.7804318488529015,-0.1627
core:32,core,grid,5000,1729,1666,5,589800.0,762000.0,0.7740157480314961,-0.1722
core:32,core,grid,5000,1729,1666,6,583400.0,752700.0,0.7750763916567025,-0.1693
core:32,core,grid,5000,1729,1666,7,590000.0,750700.0,0.7859331290795257,-0.1607
core:32,core,grid,5000,1729,1666,8,581300.0,732800.0,0.7932587336244541,-0.1515
core:32,core,grid,5000,1729,1666,9,565700.0,775700.0,0.7292767822611834,-0.21
core:32,core,grid,5000,1729,1666,10,561300.0,734000.0,0.7647138964577657,-0.1727
core:32,core,grid,5000,1729,1666,11,589000.0,1087300.0,0.5417088200128759,-0.4983
core:32,core,grid,5000,1729,3333,0,579100.0,729500.0,0.7938313913639479,-0.1504
core:32,core,grid,5000,1729,3333,1,572800.0,738600.0,0.7755212564310858,-0.1658
core:32,core,grid,5000,1729,3333,2,564600.0,757100.0,0.7457403249240523,-0.1925
core:32,core,grid,5000,1729,3333,3,572800.0,748300.0,0.7654683950287318,-0.1755
core:32,core,grid,5000,1729,3333,4,566600.0,720400.0,0.7865074958356468,-0.1538
core:32,core,grid,5000,1729,3333,5,568500.0,741900.0,0.7662757784067934,-0.1734
core:32,core,grid,5000,1729,3333,6,571500.0,734900.0,0.7776568240576949,-0.1634
core:32,core,grid,5000,1729,3333,7,562400.0,1162000.0,0.48399311531841654,-0.5996
core:32,core,grid,5000,1729,3333,8,560200.0,721300.0,0.7766532649383059,-0.1611
core:32,core,grid,5000,1729,3333,9,574700.0,717300.0,0.8011989404712115,-0.1426
core:32,core,grid,5000,1729,3333,10,571300.0,726700.0,0.7861565983211779,-0.1554
core:32,core,grid,5000,1729,3333,11,573000.0,740800.0,0.7734881209503239,-0.1678
core:33,core,grid,10000,1729,3333,0,1316200.0,1503800.0,0.8752493682670568,-0.1876
core:33,core,grid,10000,1729,3333,1,1196300.0,1522900.0,0.7855407446319522,-0.3266
core:33,core,grid,10000,1729,3333,2,1189300.0,1685800.0,0.7054810772333611,-0.4965
core:33,core,grid,10000,1729,3333,3,1275000.0,2018300.0,0.6317197641579547,-0.7433
core:33,core,grid,10000,1729,3333,4,1192200.0,1528700.0,0.7798783279911036,-0.3365
core:33,core,grid,10000,1729,3333,5,1183400.0,1632000.0,0.7251225490196078,-0.4486
core:33,core,grid,10000,1729,3333,6,1183900.0,1606000.0,0.737173100871731,-0.4221
core:33,core,grid,10000,1729,3333,7,1232600.0,1455800.0,0.8466822365709575,-0.2232
core:33,core,grid,10000,1729,3333,8,1182400.0,1514500.0,0.7807197094750743,-0.3321
core:33,core,grid,10000,1729,3333,9,1349600.0,1576000.0,0.8563451776649746,-0.2264
core:33,core,grid,10000,1729,3333,10,1163400.0,1511600.0,0.7696480550410162,-0.3482
core:33,core,grid,10000,1729,3333,11,1185300.0,1599700.0,0.7409514283928237,-0.4144
core:33,core,grid,10000,1729,6666,0,1343700.0,1603700.0,0.837874914260772,-0.26
core:33,core,grid,10000,1729,6666,1,1225900.0,1547000.0,0.7924369747899159,-0.3211
core:33,core,grid,10000,1729,6666,2,1180100.0,1660100.0,0.7108607915185832,-0.48
core:33,core,grid,10000,1729,6666,3,1359600.0,2001100.0,0.6794263155264605,-0.6415
core:33,core,grid,10000,1729,6666,4,1231800.0,1650100.0,0.746500212108357,-0.4183
core:33,core,grid,10000,1729,6666,5,1231400.0,2071000.0,0.5945919845485272,-0.8396
core:33,core,grid,10000,1729,6666,6,1222400.0,1616300.0,0.756295242219885,-0.3939
core:33,core,grid,10000,1729,6666,7,1230000.0,1588300.0,0.7744128942894919,-0.3583
core:33,core,grid,10000,1729,6666,8,1220700.0,1573700.0,0.7756878693524815,-0.353
core:33,core,grid,10000,1729,6666,9,1280700.0,1540200.0,0.8315153876119984,-0.2595
core:33,core,grid,10000,1729,6666,10,1185200.0,1567000.0,0.7563497128270581,-0.3818
core:33,core,grid,10000,1729,6666,11,1308700.0,1575600.0,0.8306042142675806,-0.2669
core:34,core,roadlike,1000,1729,333,0,107800.0,112200.0,0.9607843137254902,-0.0044
core:34,core,roadlike,1000,1729,333,1,103600.0,105000.0,0.9866666666666667,-0.0014
core:34,core,roadlike,1000,1729,333,2,108600.0,111800.0,0.9713774597495528,-0.0032
core:34,core,roadlike,1000,1729,333,3,130400.0,113700.0,1.1468777484608619,0.0167
core:34,core,roadlike,1000,1729,333,4,108700.0,112800.0,0.9636524822695035,-0.0041
core:34,core,roadlike,1000,1729,333,5,103600.0,117600.0,0.8809523809523809,-0.014
core:34,core,roadlike,1000,1729,333,6,112000.0,115700.0,0.9680207433016422,-0.0037
core:34,core,roadlike,1000,1729,333,7,119900.0,114100.0,1.0508326029798423,0.0058
core:34,core,roadlike,1000,1729,333,8,107500.0,110000.0,0.9772727272727273,-0.0025
core:34,core,roadlike,1000,1729,333,9,106300.0,108000.0,0.9842592592592593,-0.0017
core:34,core,roadlike,1000,1729,333,10,107300.0,108700.0,0.9871205151793928,-0.0014
core:34,core,roadlike,1000,1729,333,11,105300.0,110300.0,0.9546690843155031,-0.005
core:34,core,roadlike,1000,1729,666,0,104900.0,109700.0,0.9562443026435734,-0.0048
core:34,core,roadlike,1000,1729,666,1,108200.0,111000.0,0.9747747747747748,-0.0028
core:34,core,roadlike,1000,1729,666,2,111100.0,110600.0,1.0045207956600362,0.0005
core:34,core,roadlike,1000,1729,666,3,104600.0,107000.0,0.9775700934579439,-0.0024
core:34,core,roadlike,1000,1729,666,4,113200.0,111300.0,1.0170709793351302,0.0019
core:34,core,roadlike,1000,1729,666,5,114000.0,102200.0,1.1154598825831703,0.0118
core:34,core,roadlike,1000,1729,666,6,107400.0,107300.0,1.0009319664492078,0.0001
core:34,core,roadlike,1000,1729,666,7,118300.0,115500.0,1.0242424242424242,0.0028
core:34,core,roadlike,1000,1729,666,8,112900.0,109400.0,1.0319926873857403,0.0035
core:34,core,roadlike,1000,1729,666,9,113200.0,98200.0,1.1527494908350306,0.015
core:34,core,roadlike,1000,1729,666,10,114600.0,116500.0,0.9836909871244636,-0.0019
core:34,core,roadlike,1000,1729,666,11,113300.0,117200.0,0.9667235494880546,-0.0039
core:35,core,roadlike,2000,1729,666,0,223000.0,246100.0,0.9061357171881349,-0.0231
core:35,core,roadlike,2000,1729,666,1,240500.0,232000.0,1.0366379310344827,0.0085
core:35,core,roadlike,2000,1729,666,2,229000.0,232600.0,0.9845227858985383,-0.0036
core:35,core,roadlike,2000,1729,666,3,222700.0,227500.0,0.9789010989010989,-0.0048
core:35,core,roadlike,2000,1729,666,4,233000.0,237400.0,0.9814658803706824,-0.0044
core:35,core,roadlike,2000,1729,666,5,224700.0,232700.0,0.9656209712075634,-0.008
core:35,core,roadlike,2000,1729,666,6,230400.0,233400.0,0.987146529562982,-0.003
core:35,core,roadlike,2000,1729,666,7,220100.0,228700.0,0.9623961521644075,-0.0086
core:35,core,roadlike,2000,1729,666,8,225100.0,248400.0,0.9061996779388084,-0.0233
core:35,core,roadlike,2000,1729,666,9,225600.0,247200.0,0.912621359223301,-0.0216
core:35,core,roadlike,2000,1729,666,10,224300.0,225100.0,0.9964460239893381,-0.0008
core:35,core,roadlike,2000,1729,666,11,225200.0,227500.0,0.9898901098901098,-0.0023
core:35,core,roadlike,2000,1729,1333,0,224800.0,233200.0,0.9639794168096055,-0.0084
core:35,core,roadlike,2000,1729,1333,1,230700.0,235900.0,0.9779567613395507,-0.0052
core:35,core,roadlike,2000,1729,1333,2,236500.0,232800.0,1.015893470790378,0.0037
core:35,core,roadlike,2000,1729,1333,3,230600.0,230400.0,1.0008680555555556,0.0002
core:35,core,roadlike,2000,1729,1333,4,223500.0,238200.0,0.9382871536523929,-0.0147
core:35,core,roadlike,2000,1729,1333,5,222700.0,252600.0,0.881631037212985,-0.0299
core:35,core,roadlike,2000,1729,1333,6,239000.0,231600.0,1.031951640759931,0.0074
core:35,core,roadlike,2000,1729,1333,7,214400.0,221700.0,0.9670726206585476,-0.0073
core:35,core,roadlike,2000,1729,1333,8,228400.0,229100.0,0.9969445656918376,-0.0007
core:35,core,roadlike,2000,1729,1333,9,236600.0,241900.0,0.9780901198842497,-0.0053
core:35,core,roadlike,2000,1729,1333,10,234600.0,251300.0,0.9335455630720255,-0.0167
core:35,core,roadlike,2000,1729,1333,11,227500.0,243900.0,0.932759327593276,-0.0164
core:36,core,roadlike,5000,1729,1666,0,590100.0,615900.0,0.9581100828056502,-0.0258
core:36,core,roadlike,5000,1729,1666,1,585800.0,615200.0,0.9522106631989596,-0.0294
core:36,core,roadlike,5000,1729,1666,2,757600.0,671300.0,1.1285565321018918,0.0863
core:36,core,roadlike,5000,1729,1666,3,562300.0,631500.0,0.8904196357878068,-0.0692
core:36,core,roadlike,5000,1729,1666,4,597600.0,601600.0,0.9933510638297872,-0.004
core:36,core,roadlike,5000,1729,1666,5,596000.0,705100.0,0.8452701744433414,-0.1091
core:36,core,roadlike,5000,1729,1666,6,790400.0,624800.0,1.265044814340589,0.1656
core:36,core,roadlike,5000,1729,1666,7,604300.0,619000.0,0.9762520193861066,-0.0147
core:36,core,roadlike,5000,1729,1666,8,1094500.0,623500.0,1.7554129911788292,0.471
core:36,core,roadlike,5000,1729,1666,9,583200.0,652700.0,0.8935192278228895,-0.0695
core:36,core,roadlike,5000,1729,1666,10,590200.0,616200.0,0.9578059071729957,-0.026
core:36,core,roadlike,5000,1729,1666,11,765500.0,610600.0,1.253684900098264,0.1549
core:36,core,roadlike,5000,1729,3333,0,667100.0,646400.0,1.0320235148514851,0.0207
core:36,core,roadlike,5000,1729,3333,1,749000.0,660700.0,1.1336461328893597,0.0883
core:36,core,roadlike,5000,1729,3333,2,610900.0,634100.0,0.9634127109288756,-0.0232
core:36,core,roadlike,5000,1729,3333,3,627100.0,637400.0,0.9838406024474428,-0.0103
core:36,core,roadlike,5000,1729,3333,4,584200.0,686300.0,0.8512312399825149,-0.1021
core:36,core,roadlike,5000,1729,3333,5,652000.0,628700.0,1.0370606012406554,0.0233
core:36,core,roadlike,5000,1729,3333,6,690200.0,1194400.0,0.5778633623576691,-0.5042
core:36,core,roadlike,5000,1729,3333,7,763700.0,591400.0,1.2913425769360838,0.1723
core:36,core,roadlike,5000,1729,3333,8,596800.0,725900.0,0.8221518115442898,-0.1291
core:36,core,roadlike,5000,1729,3333,9,660000.0,779600.0,0.8465879938429964,-0.1196
core:36,core,roadlike,5000,1729,3333,10,617800.0,657400.0,0.9397627015515668,-0.0396
core:36,core,roadlike,5000,1729,3333,11,611900.0,677300.0,0.9034401299276539,-0.0654
core:37,core,sparse,1000,2026,333,0,144400.0,167900.0,0.8600357355568791,-0.0235
core:37,core,sparse,1000,2026,333,1,144400.0,161000.0,0.8968944099378882,-0.0166
core:37,core,sparse,1000,2026,333,2,141700.0,155500.0,0.9112540192926045,-0.0138
core:37,core,sparse,1000,2026,333,3,141900.0,157500.0,0.900952380952381,-0.0156
core:37,core,sparse,1000,2026,333,4,140100.0,167200.0,0.8379186602870813,-0.0271
core:37,core,sparse,1000,2026,333,5,142000.0,158400.0,0.8964646464646465,-0.0164
core:37,core,sparse,1000,2026,333,6,141800.0,155900.0,0.9095574085952534,-0.0141
core:37,core,sparse,1000,2026,333,7,137000.0,153300.0,0.8936725375081539,-0.0163
core:37,core,sparse,1000,2026,333,8,140700.0,154400.0,0.9112694300518135,-0.0137
core:37,core,sparse,1000,2026,333,9,140000.0,155700.0,0.899165061014772,-0.0157
core:37,core,sparse,1000,2026,333,10,138700.0,155000.0,0.8948387096774194,-0.0163
core:37,core,sparse,1000,2026,333,11,140400.0,156300.0,0.8982725527831094,-0.0159
core:37,core,sparse,1000,2026,666,0,145300.0,160800.0,0.9036069651741293,-0.0155
core:37,core,sparse,1000,2026,666,1,140700.0,154300.0,0.9118600129617628,-0.0136
core:37,core,sparse,1000,2026,666,2,143500.0,155400.0,0.9234234234234234,-0.0119
core:37,core,sparse,1000,2026,666,3,140800.0,154800.0,0.9095607235142119,-0.014
core:37,core,sparse,1000,2026,666,4,138000.0,149600.0,0.9224598930481284,-0.0116
core:37,core,sparse,1000,2026,666,5,141600.0,157700.0,0.8979074191502854,-0.0161
core:37,core,sparse,1000,2026,666,6,143500.0,162600.0,0.8825338253382534,-0.0191
core:37,core,sparse,1000,2026,666,7,140800.0,154200.0,0.9130998702983139,-0.0134
core:37,core,sparse,1000,2026,666,8,143900.0,150300.0,0.957418496340652,-0.0064
core:37,core,sparse,1000,2026,666,9,141100.0,154300.0,0.9144523655217109,-0.0132
core:37,core,sparse,1000,2026,666,10,142400.0,156200.0,0.911651728553137,-0.0138
core:37,core,sparse,1000,2026,666,11,142900.0,150700.0,0.9482415394824154,-0.0078
core:38,core,sparse,2000,2026,666,0,312200.0,351800.0,0.8874360432063673,-0.0396
core:38,core,sparse,2000,2026,666,1,302900.0,340100.0,0.8906204057630108,-0.0372
core:38,core,sparse,2000,2026,666,2,312800.0,365600.0,0.8555798687089715,-0.0528
core:38,core,sparse,2000,2026,666,3,299700.0,357700.0,0.8378529493989376,-0.058
core:38,core,sparse,2000,2026,666,4,295900.0,333700.0,0.8867246029367696,-0.0378
core:38,core,sparse,2000,2026,666,5,309800.0,332700.0,0.9311692215208897,-0.0229
core:38,core,sparse,2000,2026,666,6,314800.0,336600.0,0.9352346999405823,-0.0218
core:38,core,sparse,2000,2026,666,7,310900.0,353600.0,0.8792420814479638,-0.0427
core:38,core,sparse,2000,2026,666,8,317100.0,350700.0,0.9041916167664671,-0.0336
core:38,core,sparse,2000,2026,666,9,308700.0,333400.0,0.9259148170365927,-0.0247
core:38,core,sparse,2000,2026,666,10,362100.0,337400.0,1.0732068761114404,0.0247
core:38,core,sparse,2000,2026,666,11,391200.0,326100.0,1.1996320147194113,0.0651
core:38,core,sparse,2000,2026,1333,0,326100.0,363400.0,0.8973582828838745,-0.0373
core:38,core,sparse,2000,2026,1333,1,302800.0,424600.0,0.7131417804992934,-0.1218
core:38,core,sparse,2000,2026,1333,2,306300.0,346900.0,0.882963390025944,-0.0406
core:38,core,sparse,2000,2026,1333,3,304800.0,343600.0,0.8870779976717112,-0.0388
core:38,core,sparse,2000,2026,1333,4,301700.0,345600.0,0.8729745370370371,-0.0439
core:38,core,sparse,2000,2026,1333,5,295500.0,346700.0,0.8523218921257572,-0.0512
core:38,core,sparse,2000,2026,1333,6,304000.0,343800.0,0.8842350203606748,-0.0398
core:38,core,sparse,2000,2026,1333,7,306200.0,355900.0,0.8603540320314695,-0.0497
core:38,core,sparse,2000,2026,1333,8,299900.0,343600.0,0.8728172293364377,-0.0437
core:38,core,sparse,2000,2026,1333,9,299100.0,351500.0,0.8509246088193456,-0.0524
core:38,core,sparse,2000,2026,1333,10,312900.0,373800.0,0.8370786516853933,-0.0609
core:38,core,sparse,2000,2026,1333,11,311000.0,376100.0,0.8269077373039085,-0.0651
core:39,core,sparse,5000,2026,1666,0,856600.0,1121100.0,0.764071001694764,-0.2645
core:39,core,sparse,5000,2026,1666,1,830600.0,945400.0,0.8785699174952402,-0.1148
core:39,core,sparse,5000,2026,1666,2,820900.0,953400.0,0.8610237046360394,-0.1325
core:39,core,sparse,5000,2026,1666,3,820200.0,939000.0,0.873482428115016,-0.1188
core:39,core,sparse,5000,2026,1666,4,837100.0,963200.0,0.8690822259136213,-0.1261
core:39,core,sparse,5000,2026,1666,5,843100.0,938700.0,0.8981570256738042,-0.0956
core:39,core,sparse,5000,2026,1666,6,850800.0,962400.0,0.8840399002493765,-0.1116
core:39,core,sparse,5000,2026,1666,7,831300.0,979200.0,0.8489583333333334,-0.1479
core:39,core,sparse,5000,2026,1666,8,844900.0,944200.0,0.8948316034738403,-0.0993
core:39,core,sparse,5000,2026,1666,9,851500.0,1399700.0,0.6083446452811316,-0.5482
core:39,core,sparse,5000,2026,1666,10,845200.0,1004400.0,0.8414974113898845,-0.1592
core:39,core,sparse,5000,2026,1666,11,840100.0,1038700.0,0.8087994608645422,-0.1986
core:39,core,sparse,5000,2026,3333,0,879000.0,1023200.0,0.8590695856137608,-0.1442
core:39,core,sparse,5000,2026,3333,1,898100.0,972900.0,0.923116455956419,-0.0748
core:39,core,sparse,5000,2026,3333,2,831700.0,958100.0,0.8680722262811815,-0.1264
core:39,core,sparse,5000,2026,3333,3,856900.0,999100.0,0.8576719047142428,-0.1422
core:39,core,sparse,5000,2026,3333,4,844400.0,992800.0,0.8505237711522965,-0.1484
core:39,core,sparse,5000,2026,3333,5,861100.0,989500.0,0.8702374936836786,-0.1284
core:39,core,sparse,5000,2026,3333,6,831100.0,931400.0,0.8923126476272278,-0.1003
core:39,core,sparse,5000,2026,3333,7,947900.0,1005200.0,0.9429964186231595,-0.0573
core:39,core,sparse,5000,2026,3333,8,871500.0,1358600.0,0.6414691594288238,-0.4871
core:39,core,sparse,5000,2026,3333,9,863600.0,972300.0,0.8882032294559292,-0.1087
core:39,core,sparse,5000,2026,3333,10,888100.0,993200.0,0.89418042690294,-0.1051
core:39,core,sparse,5000,2026,3333,11,881900.0,1015500.0,0.868439192516002,-0.1336
core:4,core,sparse,10000,42,3333,0,2377800.0,2792300.0,0.8515560648927407,-0.4145
core:4,core,sparse,10000,42,3333,1,2412500.0,2745300.0,0.8787746330091429,-0.3328
core:4,core,sparse,10000,42,3333,2,2418000.0,2755200.0,0.8776132404181185,-0.3372
core:4,core,sparse,10000,42,3333,3,2668200.0,3056500.0,0.8729592671356127,-0.3883
core:4,core,sparse,10000,42,3333,4,2578500.0,2869200.0,0.8986825595984943,-0.2907
core:4,core,sparse,10000,42,3333,5,2882200.0,2941000.0,0.9800068004080245,-0.0588
core:4,core,sparse,10000,42,3333,6,2657800.0,3087700.0,0.8607701525407261,-0.4299
core:4,core,sparse,10000,42,3333,7,2566800.0,3137100.0,0.8182078990150139,-0.5703
core:4,core,sparse,10000,42,3333,8,2905700.0,3005500.0,0.9667942106138746,-0.0998
core:4,core,sparse,10000,42,3333,9,2665800.0,3038800.0,0.8772541792812952,-0.373
core:4,core,sparse,10000,42,3333,10,2846600.0,3764300.0,0.7562096538533061,-0.9177
core:4,core,sparse,10000,42,3333,11,2614600.0,3272600.0,0.7989366253132066,-0.658
core:4,core,sparse,10000,42,6666,0,2681300.0,3255000.0,0.8237480798771122,-0.5737
core:4,core,sparse,10000,42,6666,1,2524600.0,2948900.0,0.8561158398046729,-0.4243
core:4,core,sparse,10000,42,6666,2,3142200.0,3545900.0,0.8861502016413323,-0.4037
core:4,core,sparse,10000,42,6666,3,2480200.0,2994000.0,0.8283901135604542,-0.5138
core:4,core,sparse,10000,42,6666,4,2548200.0,2950300.0,0.863708775378775,-0.4021
core:4,core,sparse,10000,42,6666,5,2550200.0,3137900.0,0.8127091366837694,-0.5877
core:4,core,sparse,10000,42,6666,6,2481300.0,2941000.0,0.8436926215572934,-0.4597
core:4,core,sparse,10000,42,6666,7,2486700.0,3184300.0,0.7809251640862984,-0.6976
core:4,core,sparse,10000,42,6666,8,2460100.0,3133300.0,0.7851466504962819,-0.6732
core:4,core,sparse,10000,42,6666,9,2615100.0,3243100.0,0.8063581141500417,-0.628
core:4,core,sparse,10000,42,6666,10,2587900.0,3502800.0,0.7388089528377298,-0.9149
core:4,core,sparse,10000,42,6666,11,2645200.0,2998400.0,0.8822038420490929,-0.3532
core:40,core,sparse,10000,2026,3333,0,1940900.0,2265300.0,0.8567960093585838,-0.3244
core:40,core,sparse,10000,2026,3333,1,1972300.0,2303800.0,0.856107300980988,-0.3315
core:40,core,sparse,10000,2026,3333,2,1919300.0,2159400.0,0.8888117069556358,-0.2401
core:40,core,sparse,10000,2026,3333,3,2941200.0,2203700.0,1.334664428007442,0.7375
core:40,core,sparse,10000,2026,3333,4,2014600.0,2333400.0,0.8633753321333676,-0.3188
core:40,core,sparse,10000,2026,3333,5,1934600.0,2274600.0,0.8505231689088192,-0.34
core:40,core,sparse,10000,2026,3333,6,1887100.0,2157000.0,0.8748725081131201,-0.2699
core:40,core,sparse,10000,2026,3333,7,1865800.0,2188700.0,0.8524695024443734,-0.3229
core:40,core,sparse,10000,2026,3333,8,1879100.0,2246400.0,0.8364939458689459,-0.3673
core:40,core,sparse,10000,2026,3333,9,1939900.0,2166300.0,0.8954900060010156,-0.2264
core:40,core,sparse,10000,2026,3333,10,2334500.0,2452400.0,0.9519246452454738,-0.1179
core:40,core,sparse,10000,2026,3333,11,1951400.0,2244100.0,0.86956909228644,-0.2927
core:40,core,sparse,10000,2026,6666,0,1956700.0,2717900.0,0.7199308289488208,-0.7612
core:40,core,sparse,10000,2026,6666,1,1917200.0,2296600.0,0.8347992684838457,-0.3794
core:40,core,sparse,10000,2026,6666,2,1930400.0,2257700.0,0.855029454754839,-0.3273
core:40,core,sparse,10000,2026,6666,3,1904900.0,2152800.0,0.8848476402824229,-0.2479
core:40,core,sparse,10000,2026,6666,4,1920500.0,2317500.0,0.8286947141316073,-0.397
core:40,core,sparse,10000,2026,6666,5,1853600.0,2186100.0,0.8479026577009285,-0.3325
core:40,core,sparse,10000,2026,6666,6,1944100.0,2145400.0,0.9061713433392374,-0.2013
core:40,core,sparse,10000,2026,6666,7,1861400.0,2110200.0,0.8820964837456166,-0.2488
core:40,core,sparse,10000,2026,6666,8,1965600.0,2736600.0,0.718263538697654,-0.771
core:40,core,sparse,10000,2026,6666,9,1868000.0,2169200.0,0.8611469666236401,-0.3012
core:40,core,sparse,10000,2026,6666,10,1963400.0,2472300.0,0.7941592848764308,-0.5089
core:40,core,sparse,10000,2026,6666,11,1930300.0,2263300.0,0.8528697035302435,-0.333
core:41,core,clustered,1000,2026,333,0,264100.0,258700.0,1.020873598763046,0.0054
core:41,core,clustered,1000,2026,333,1,248000.0,262500.0,0.9447619047619048,-0.0145
core:41,core,clustered,1000,2026,333,2,246800.0,258400.0,0.955108359133127,-0.0116
core:41,core,clustered,1000,2026,333,3,252400.0,266900.0,0.9456725365305357,-0.0145
core:41,core,clustered,1000,2026,333,4,250100.0,256000.0,0.976953125,-0.0059
core:41,core,clustered,1000,2026,333,5,266700.0,253500.0,1.0520710059171599,0.0132
core:41,core,clustered,1000,2026,333,6,245700.0,262500.0,0.936,-0.0168
core:41,core,clustered,1000,2026,333,7,247400.0,249800.0,0.9903923138510808,-0.0024
core:41,core,clustered,1000,2026,333,8,268000.0,257200.0,1.04199066874028,0.0108
core:41,core,clustered,1000,2026,333,9,254600.0,255100.0,0.9980399843198745,-0.0005
core:41,core,clustered,1000,2026,333,10,253300.0,275400.0,0.9197530864197531,-0.0221
core:41,core,clustered,1000,2026,333,11,253600.0,261700.0,0.9690485288498281,-0.0081
core:41,core,clustered,1000,2026,666,0,251100.0,281700.0,0.8913738019169329,-0.0306
core:41,core,clustered,1000,2026,666,1,593500.0,262400.0,2.261814024390244,0.3311
core:41,core,clustered,1000,2026,666,2,247100.0,263800.0,0.9366944655041698,-0.0167
core:41,core,clustered,1000,2026,666,3,251700.0,259200.0,0.9710648148148148,-0.0075
core:41,core,clustered,1000,2026,666,4,243700.0,259200.0,0.9402006172839507,-0.0155
core:41,core,clustered,1000,2026,666,5,243800.0,259000.0,0.9413127413127413,-0.0152
core:41,core,clustered,1000,2026,666,6,245300.0,247300.0,0.9919126566922766,-0.002
core:41,core,clustered,1000,2026,666,7,246200.0,248900.0,0.9891522699879469,-0.0027
core:41,core,clustered,1000,2026,666,8,242400.0,247400.0,0.9797898140662894,-0.005
core:41,core,clustered,1000,2026,666,9,244500.0,246200.0,0.9930950446791227,-0.0017
core:41,core,clustered,1000,2026,666,10,250900.0,247900.0,1.0121016538926986,0.003
core:41,core,clustered,1000,2026,666,11,245200.0,244000.0,1.0049180327868852,0.0012
core:42,core,clustered,2000,2026,666,0,568400.0,596300.0,0.9532114707362066,-0.0279
core:42,core,clustered,2000,2026,666,1,596600.0,589600.0,1.0118724559023067,0.007
core:42,core,clustered,2000,2026,666,2,574400.0,597300.0,0.9616608069646744,-0.0229
core:42,core,clustered,2000,2026,666,3,576400.0,706700.0,0.8156219046271402,-0.1303
core:42,core,clustered,2000,2026,666,4,569500.0,621100.0,0.9169215907261311,-0.0516
core:42,core,clustered,2000,2026,666,5,579700.0,593600.0,0.9765835579514824,-0.0139
core:42,core,clustered,2000,2026,666,6,573700.0,628700.0,0.9125178940671226,-0.055
core:42,core,clustered,2000,2026,666,7,604200.0,601400.0,1.0046558031260393,0.0028
core:42,core,clustered,2000,2026,666,8,1090100.0,706000.0,1.5440509915014164,0.3841
core:42,core,clustered,2000,2026,666,9,586800.0,590700.0,0.9933976637887253,-0.0039
core:42,core,clustered,2000,2026,666,10,586600.0,731100.0,0.8023526193407194,-0.1445
core:42,core,clustered,2000,2026,666,11,574700.0,649700.0,0.8845621055871941,-0.075
core:42,core,clustered,2000,2026,1333,0,569200.0,611300.0,0.9311303778831997,-0.0421
core:42,core,clustered,2000,2026,1333,1,576200.0,601800.0,0.9574609504818876,-0.0256
core:42,core,clustered,2000,2026,1333,2,580800.0,599900.0,0.9681613602267044,-0.0191
core:42,core,clustered,2000,2026,1333,3,745500.0,607400.0,1.227362528811327,0.1381
core:42,core,clustered,2000,2026,1333,4,578800.0,622100.0,0.9303970422761614,-0.0433
core:42,core,clustered,2000,2026,1333,5,574700.0,631500.0,0.910055423594616,-0.0568
core:42,core,clustered,2000,2026,1333,6,593100.0,621300.0,0.9546112988894254,-0.0282
core:42,core,clustered,2000,2026,1333,7,573600.0,587400.0,0.9765066394279878,-0.0138
core:42,core,clustered,2000,2026,1333,8,574500.0,628200.0,0.9145176695319962,-0.0537
core:42,core,clustered,2000,2026,1333,9,590300.0,599100.0,0.985311300283759,-0.0088
core:42,core,clustered,2000,2026,1333,10,586900.0,591800.0,0.9917201757350457,-0.0049
core:42,core,clustered,2000,2026,1333,11,591900.0,571300.0,1.036058113075442,0.0206
core:43,core,clustered,5000,2026,1666,0,1861300.0,2045400.0,0.9099931553730322,-0.1841
core:43,core,clustered,5000,2026,1666,1,2076100.0,1973800.0,1.051828959367717,0.1023
core:43,core,clustered,5000,2026,1666,2,1971200.0,1986500.0,0.9922980115781526,-0.0153
core:43,core,clustered,5000,2026,1666,3,1864100.0,2244400.0,0.8305560506148637,-0.3803
core:43,core,clustered,5000,2026,1666,4,1872700.0,1980800.0,0.9454260904684976,-0.1081
core:43,core,clustered,5000,2026,1666,5,1879300.0,1963200.0,0.9572636511817441,-0.0839
core:43,core,clustered,5000,2026,1666,6,1872100.0,2007300.0,0.932645842674239,-0.1352
core:43,core,clustered,5000,2026,1666,7,1875900.0,1965200.0,0.9545593323834725,-0.0893
core:43,core,clustered,5000,2026,1666,8,1873600.0,2050600.0,0.9136837998634546,-0.177
core:43,core,clustered,5000,2026,1666,9,1855100.0,2008300.0,0.9237165762087337,-0.1532
core:43,core,clustered,5000,2026,1666,10,1856300.0,2005100.0,0.9257892374445165,-0.1488
core:43,core,clustered,5000,2026,1666,11,1859200.0,1963700.0,0.9467841319957223,-0.1045
core:43,core,clustered,5000,2026,3333,0,1918500.0,1982400.0,0.9677663438256658,-0.0639
core:43,core,clustered,5000,2026,3333,1,1945200.0,1984400.0,0.980245918161661,-0.0392
core:43,core,clustered,5000,2026,3333,2,1895000.0,1997800.0,0.9485433977375113,-0.1028
core:43,core,clustered,5000,2026,3333,3,4391300.0,2184400.0,2.010300311298297,2.2069
core:43,core,clustered,5000,2026,3333,4,1953300.0,2063000.0,0.9468250121182744,-0.1097
core:43,core,clustered,5000,2026,3333,5,1940600.0,2032400.0,0.9548317260381814,-0.0918
core:43,core,clustered,5000,2026,3333,6,1899000.0,2008100.0,0.9456700363527712,-0.1091
core:43,core,clustered,5000,2026,3333,7,1948500.0,2038300.0,0.9559436785556591,-0.0898
core:43,core,clustered,5000,2026,3333,8,1936600.0,2009200.0,0.9638662154091181,-0.0726
core:43,core,clustered,5000,2026,3333,9,1907900.0,1991100.0,0.9582140525337753,-0.0832
core:43,core,clustered,5000,2026,3333,10,1934300.0,2019500.0,0.9578113394404556,-0.0852
core:43,core,clustered,5000,2026,3333,11,2112300.0,1986300.0,1.06343452650657,0.126
core:44,core,clustered,10000,2026,3333,0,7133300.0,5581400.0,1.2780485182929013,1.5519
core:44,core,clustered,10000,2026,3333,1,5407100.0,5799500.0,0.932338994740926,-0.3924
core:44,core,clustered,10000,2026,3333,2,5095500.0,5919300.0,0.8608281384623182,-0.8238
core:44,core,clustered,10000,2026,3333,3,5166900.0,5331100.0,0.9691996023334771,-0.1642
core:44,core,clustered,10000,2026,3333,4,5192400.0,5547400.0,0.9360060568915167,-0.355
core:44,core,clustered,10000,2026,3333,5,6181600.0,5835900.0,1.0592367929539575,0.3457
core:44,core,clustered,10000,2026,3333,6,6153800.0,5684200.0,1.082614967805496,0.4696
core:44,core,clustered,10000,2026,3333,7,5137400.0,5594600.0,0.918278339827691,-0.4572
core:44,core,clustered,10000,2026,3333,8,5165300.0,5536500.0,0.932954032330895,-0.3712
core:44,core,clustered,10000,2026,3333,9,4995300.0,5519800.0,0.9049784412478713,-0.5245
core:44,core,clustered,10000,2026,3333,10,5467600.0,5351200.0,1.021752130363283,0.1164
core:44,core,clustered,10000,2026,3333,11,5485400.0,6590500.0,0.8323192474015628,-1.1051
core:44,core,clustered,10000,2026,6666,0,5098300.0,5819400.0,0.8760868818091212,-0.7211
core:44,core,clustered,10000,2026,6666,1,5614200.0,5392300.0,1.041151271257163,0.2219
core:44,core,clustered,10000,2026,6666,2,6604000.0,6529400.0,1.0114252458112538,0.0746
core:44,core,clustered,10000,2026,6666,3,5155500.0,5448300.0,0.9462584659435053,-0.2928
core:44,core,clustered,10000,2026,6666,4,5087400.0,5298500.0,0.960158535434557,-0.2111
core:44,core,clustered,10000,2026,6666,5,4966700.0,5794900.0,0.8570812265957998,-0.8282
core:44,core,clustered,10000,2026,6666,6,5083300.0,5225700.0,0.9727500621926249,-0.1424
core:44,core,clustered,10000,2026,6666,7,4936800.0,5235300.0,0.9429832101312245,-0.2985
core:44,core,clustered,10000,2026,6666,8,5653800.0,5290500.0,1.0686702580096399,0.3633
core:44,core,clustered,10000,2026,6666,9,5043100.0,5551300.0,0.9084538756687622,-0.5082
core:44,core,clustered,10000,2026,6666,10,5642800.0,5308800.0,1.0629144062688367,0.334
core:44,core,clustered,10000,2026,6666,11,5140400.0,5455100.0,0.942310865062052,-0.3147
core:45,core,dense,1000,2026,333,0,551200.0,534200.0,1.0318232871583677,0.017
core:45,core,dense,1000,2026,333,1,515500.0,541900.0,0.9512825244510057,-0.0264
core:45,core,dense,1000,2026,333,2,496900.0,543800.0,0.9137550570062523,-0.0469
core:45,core,dense,1000,2026,333,3,502100.0,535300.0,0.9379787035307304,-0.0332
core:45,core,dense,1000,2026,333,4,538200.0,531800.0,1.0120345994734863,0.0064
core:45,core,dense,1000,2026,333,5,982700.0,527100.0,1.8643521153481313,0.4556
core:45,core,dense,1000,2026,333,6,497400.0,520600.0,0.955436035343834,-0.0232
core:45,core,dense,1000,2026,333,7,505100.0,516300.0,0.9783071857447221,-0.0112
core:45,core,dense,1000,2026,333,8,508000.0,609400.0,0.8336068263866098,-0.1014
core:45,core,dense,1000,2026,333,9,498600.0,519100.0,0.9605085725293778,-0.0205
core:45,core,dense,1000,2026,333,10,494900.0,513400.0,0.9639657187378262,-0.0185
core:45,core,dense,1000,2026,333,11,575600.0,522700.0,1.1012052802754926,0.0529
core:45,core,dense,1000,2026,666,0,512800.0,527800.0,0.9715801439939371,-0.015
core:45,core,dense,1000,2026,666,1,530300.0,588800.0,0.9006453804347826,-0.0585
core:45,core,dense,1000,2026,666,2,536700.0,534300.0,1.004491858506457,0.0024
core:45,core,dense,1000,2026,666,3,507400.0,534000.0,0.9501872659176029,-0.0266
core:45,core,dense,1000,2026,666,4,503800.0,531600.0,0.9477050413844996,-0.0278
core:45,core,dense,1000,2026,666,5,503700.0,541700.0,0.9298504707402622,-0.038
core:45,core,dense,1000,2026,666,6,512900.0,585400.0,0.8761530577382985,-0.0725
core:45,core,dense,1000,2026,666,7,515600.0,541100.0,0.9528737756422103,-0.0255
core:45,core,dense,1000,2026,666,8,504000.0,531800.0,0.947724708537044,-0.0278
core:45,core,dense,1000,2026,666,9,575200.0,718700.0,0.8003339362738278,-0.1435
core:45,core,dense,1000,2026,666,10,521400.0,526100.0,0.9910663371982513,-0.0047
core:45,core,dense,1000,2026,666,11,488000.0,506300.0,0.963855421686747,-0.0183
core:46,core,dense,2000,2026,666,0,1405000.0,1464500.0,0.9593717992488904,-0.0595
core:46,core,dense,2000,2026,666,1,1427400.0,1623700.0,0.8791032826261009,-0.1963
core:46,core,dense,2000,2026,666,2,1526800.0,1635600.0,0.9334800684764001,-0.1088
core:46,core,dense,2000,2026,666,3,1656200.0,1542000.0,1.074059662775616,0.1142
core:46,core,dense,2000,2026,666,4,2560900.0,1595500.0,1.6050767784393607,0.9654
core:46,core,dense,2000,2026,666,5,1489200.0,1620800.0,0.9188055281342546,-0.1316
core:46,core,dense,2000,2026,666,6,1608900.0,1504100.0,1.0696762183365467,0.1048
core:46,core,dense,2000,2026,666,7,1532900.0,1492200.0,1.0272751641871063,0.0407
core:46,core,dense,2000,2026,666,8,1562100.0,1597000.0,0.978146524733876,-0.0349
core:46,core,dense,2000,2026,666,9,1515100.0,1623700.0,0.933115723347909,-0.1086
core:46,core,dense,2000,2026,666,10,1553500.0,1433700.0,1.0835600195298878,0.1198
core:46,core,dense,2000,2026,666,11,1575900.0,1405700.0,1.1210784662445756,0.1702
core:46,core,dense,2000,2026,1333,0,1479600.0,1608800.0,0.9196916956737942,-0.1292
core:46,core,dense,2000,2026,1333,1,1426600.0,1461800.0,0.9759200985086879,-0.0352
core:46,core,dense,2000,2026,1333,2,1542500.0,1442100.0,1.0696206920463214,0.1004
core:46,core,dense,2000,2026,1333,3,1416600.0,1784800.0,0.7937023756163155,-0.3682
core:46,core,dense,2000,2026,1333,4,1409300.0,1486500.0,0.9480659266733938,-0.0772
core:46,core,dense,2000,2026,1333,5,1377900.0,1603900.0,0.8590934596920008,-0.226
core:46,core,dense,2000,2026,1333,6,1435400.0,1527900.0,0.9394593887034491,-0.0925
core:46,core,dense,2000,2026,1333,7,1675800.0,1483100.0,1.129930550873171,0.1927
core:46,core,dense,2000,2026,1333,8,1402200.0,1647200.0,0.8512627489072365,-0.245
core:46,core,dense,2000,2026,1333,9,1601700.0,1469200.0,1.0901851347672202,0.1325
core:46,core,dense,2000,2026,1333,10,1388900.0,1734900.0,0.8005648740561415,-0.346
core:46,core,dense,2000,2026,1333,11,1391900.0,1598500.0,0.8707538317172349,-0.2066
core:47,core,dense,5000,2026,1666,0,6719900.0,7136000.0,0.9416900224215247,-0.4161
core:47,core,dense,5000,2026,1666,1,7081100.0,7800500.0,0.9077751426190629,-0.7194
core:47,core,dense,5000,2026,1666,2,6641400.0,6970300.0,0.9528140826076352,-0.3289
core:47,core,dense,5000,2026,1666,3,7935800.0,7639200.0,1.038826055084302,0.2966
core:47,core,dense,5000,2026,1666,4,6825300.0,6769800.0,1.0081981742444386,0.0555
core:47,core,dense,5000,2026,1666,5,6742200.0,7082800.0,0.9519116733495228,-0.3406
core:47,core,dense,5000,2026,1666,6,7015400.0,7238500.0,0.9691786972439042,-0.2231
core:47,core,dense,5000,2026,1666,7,7734900.0,7586800.0,1.0195207465598144,0.1481
core:47,core,dense,5000,2026,1666,8,7437500.0,8447800.0,0.8804067331139468,-1.0103
core:47,core,dense,5000,2026,1666,9,7584900.0,7924600.0,0.9571334830780103,-0.3397
core:47,core,dense,5000,2026,1666,10,6784300.0,8018500.0,0.8460809378312651,-1.2342
core:47,core,dense,5000,2026,1666,11,7420700.0,7117800.0,1.0425552839360477,0.3029
core:47,core,dense,5000,2026,3333,0,9612700.0,8222400.0,1.1690868846079003,1.3903
core:47,core,dense,5000,2026,3333,1,9071000.0,9561300.0,0.9487203622938304,-0.4903
core:47,core,dense,5000,2026,3333,2,8949300.0,8066800.0,1.1093990181980462,0.8825
core:47,core,dense,5000,2026,3333,3,9584800.0,8468600.0,1.13180454856765,1.1162
core:47,core,dense,5000,2026,3333,4,8754700.0,8791000.0,0.9958707769309522,-0.0363
core:47,core,dense,5000,2026,3333,5,7174700.0,7832100.0,0.9160633801917749,-0.6574
core:47,core,dense,5000,2026,3333,6,7577400.0,7366700.0,1.0286016805353821,0.2107
core:47,core,dense,5000,2026,3333,7,7753200.0,7570100.0,1.0241872630480442,0.1831
core:47,core,dense,5000,2026,3333,8,7356800.0,8033500.0,0.9157652330864505,-0.6767
core:47,core,dense,5000,2026,3333,9,7425400.0,8503100.0,0.8732579882631041,-1.0777
core:47,core,dense,5000,2026,3333,10,7594200.0,7693500.0,0.9870930005849093,-0.0993
core:47,core,dense,5000,2026,3333,11,7631700.0,7389100.0,1.0328321446454913,0.2426
core:48,core,grid,1000,2026,333,0,127900.0,141100.0,0.9064493267186393,-0.0132
core:48,core,grid,1000,2026,333,1,106000.0,136700.0,0.77542062911485,-0.0307
core:48,core,grid,1000,2026,333,2,103800.0,133400.0,0.7781109445277361,-0.0296
core:48,core,grid,1000,2026,333,3,106400.0,128500.0,0.8280155642023346,-0.0221
core:48,core,grid,1000,2026,333,4,102900.0,124800.0,0.8245192307692307,-0.0219
core:48,core,grid,1000,2026,333,5,120200.0,138900.0,0.865370770338373,-0.0187
core:48,core,grid,1000,2026,333,6,106900.0,137400.0,0.7780203784570596,-0.0305
core:48,core,grid,1000,2026,333,7,100800.0,126200.0,0.7987321711568938,-0.0254
core:48,core,grid,1000,2026,333,8,106000.0,136500.0,0.7765567765567766,-0.0305
core:48,core,grid,1000,2026,333,9,113000.0,135600.0,0.8333333333333334,-0.0226
core:48,core,grid,1000,2026,333,10,102100.0,132000.0,0.7734848484848484,-0.0299
core:48,core,grid,1000,2026,333,11,101300.0,125300.0,0.8084596967278531,-0.024
core:48,core,grid,1000,2026,666,0,104000.0,135800.0,0.7658321060382917,-0.0318
core:48,core,grid,1000,2026,666,1,91500.0,132400.0,0.6910876132930514,-0.0409
core:48,core,grid,1000,2026,666,2,148600.0,135100.0,1.0999259807549964,0.0135
core:48,core,grid,1000,2026,666,3,95700.0,133900.0,0.7147124719940254,-0.0382
core:48,core,grid,1000,2026,666,4,107400.0,136800.0,0.7850877192982456,-0.0294
core:48,core,grid,1000,2026,666,5,100100.0,122800.0,0.8151465798045603,-0.0227
core:48,core,grid,1000,2026,666,6,115600.0,142100.0,0.8135116115411682,-0.0265
core:48,core,grid,1000,2026,666,7,105100.0,138900.0,0.7566594672426206,-0.0338
core:48,core,grid,1000,2026,666,8,112800.0,140100.0,0.8051391862955032,-0.0273
core:48,core,grid,1000,2026,666,9,113300.0,146600.0,0.7728512960436562,-0.0333
core:48,core,grid,1000,2026,666,10,106500.0,139000.0,0.7661870503597122,-0.0325
core:48,core,grid,1000,2026,666,11,110500.0,135700.0,0.8142962417096536,-0.0252
core:49,core,grid,2000,2026,666,0,225000.0,288600.0,0.7796257796257796,-0.0636
core:49,core,grid,2000,2026,666,1,222400.0,281600.0,0.7897727272727273,-0.0592
core:49,core,grid,2000,2026,666,2,220300.0,297300.0,0.7410023545240498,-0.077
core:49,core,grid,2000,2026,666,3,212900.0,285800.0,0.7449265220433869,-0.0729
core:49,core,grid,2000,2026,666,4,217000.0,280600.0,0.7733428367783322,-0.0636
core:49,core,grid,2000,2026,666,5,219300.0,272600.0,0.8044754218635363,-0.0533
core:49,core,grid,2000,2026,666,6,213500.0,271400.0,0.7866617538688283,-0.0579
core:49,core,grid,2000,2026,666,7,205900.0,285200.0,0.7219495091164095,-0.0793
core:49,core,grid,2000,2026,666,8,221900.0,277900.0,0.7984886649874056,-0.056
core:49,core,grid,2000,2026,666,9,222000.0,278000.0,0.7985611510791367,-0.056
core:49,core,grid,2000,2026,666,10,213200.0,270600.0,0.7878787878787878,-0.0574
core:49,core,grid,2000,2026,666,11,212100.0,276500.0,0.7670886075949367,-0.0644
core:49,core,grid,2000,2026,1333,0,217800.0,282700.0,0.7704280155642024,-0.0649
core:49,core,grid,2000,2026,1333,1,214500.0,276800.0,0.7749277456647399,-0.0623
core:49,core,grid,2000,2026,1333,2,212500.0,275700.0,0.7707653246282191,-0.0632
core:49,core,grid,2000,2026,1333,3,214100.0,281800.0,0.7597586941092974,-0.0677
core:49,core,grid,2000,2026,1333,4,205700.0,288300.0,0.7134928893513701,-0.0826
core:49,core,grid,2000,2026,1333,5,215600.0,297700.0,0.7242190124286194,-0.0821
core:49,core,grid,2000,2026,1333,6,218100.0,271900.0,0.8021331371827878,-0.0538
core:49,core,grid,2000,2026,1333,7,218900.0,278200.0,0.7868439971243709,-0.0593
core:49,core,grid,2000,2026,1333,8,264900.0,278100.0,0.9525350593311759,-0.0132
core:49,core,grid,2000,2026,1333,9,213900.0,267700.0,0.7990287635412775,-0.0538
core:49,core,grid,2000,2026,1333,10,213800.0,274100.0,0.7800072966070777,-0.0603
core:49,core,grid,2000,2026,1333,11,214600.0,269600.0,0.7959940652818991,-0.055
core:5,core,clustered,1000,42,333,0,332400.0,353700.0,0.9397794741306191,-0.0213
core:5,core,clustered,1000,42,333,1,387100.0,354100.0,1.0931940129906805,0.033
core:5,core,clustered,1000,42,333,2,408800.0,758700.0,0.538816396467642,-0.3499
core:5,core,clustered,1000,42,333,3,339100.0,346500.0,0.9786435786435786,-0.0074
core:5,core,clustered,1000,42,333,4,334200.0,343200.0,0.9737762237762237,-0.009
core:5,core,clustered,1000,42,333,5,330900.0,341500.0,0.9689604685212299,-0.0106
core:5,core,clustered,1000,42,333,6,331900.0,341900.0,0.9707516817782977,-0.01
core:5,core,clustered,1000,42,333,7,410300.0,408500.0,1.004406364749082,0.0018
core:5,core,clustered,1000,42,333,8,341700.0,350700.0,0.9743370402053037,-0.009
core:5,core,clustered,1000,42,333,9,338900.0,352100.0,0.9625106503834138,-0.0132
core:5,core,clustered,1000,42,333,10,369200.0,339700.0,1.0868413305858111,0.0295
core:5,core,clustered,1000,42,333,11,1414800.0,484300.0,2.9213297542845345,0.9305
core:5,core,clustered,1000,42,666,0,379100.0,342300.0,1.107508033888402,0.0368
core:5,core,clustered,1000,42,666,1,319900.0,345700.0,0.92536881689326,-0.0258
core:5,core,clustered,1000,42,666,2,330400.0,339800.0,0.972336668628605,-0.0094
core:5,core,clustered,1000,42,666,3,343700.0,339400.0,1.0126694166175605,0.0043
core:5,core,clustered,1000,42,666,4,337900.0,332600.0,1.0159350571256764,0.0053
core:5,core,clustered,1000,42,666,5,349100.0,404500.0,0.8630407911001237,-0.0554
core:5,core,clustered,1000,42,666,6,345800.0,346600.0,0.9976918638199653,-0.0008
core:5,core,clustered,1000,42,666,7,331400.0,344200.0,0.9628123184195235,-0.0128
core:5,core,clustered,1000,42,666,8,330000.0,351400.0,0.9391007398975526,-0.0214
core:5,core,clustered,1000,42,666,9,327000.0,340500.0,0.960352422907489,-0.0135
core:5,core,clustered,1000,42,666,10,341100.0,369800.0,0.9223904813412656,-0.0287
core:5,core,clustered,1000,42,666,11,419600.0,576500.0,0.7278404163052905,-0.1569
core:50,core,grid,5000,2026,1666,0,599500.0,765700.0,0.7829437116364111,-0.1662
core:50,core,grid,5000,2026,1666,1,594400.0,755900.0,0.7863474004497949,-0.1615
core:50,core,grid,5000,2026,1666,2,580800.0,764400.0,0.7598116169544741,-0.1836
core:50,core,grid,5000,2026,1666,3,972400.0,781800.0,1.2437963673573804,0.1906
core:50,core,grid,5000,2026,1666,4,579900.0,783800.0,0.739857106404695,-0.2039
core:50,core,grid,5000,2026,1666,5,593900.0,778400.0,0.7629753340184995,-0.1845
core:50,core,grid,5000,2026,1666,6,582500.0,765100.0,0.7613383871389361,-0.1826
core:50,core,grid,5000,2026,1666,7,588200.0,779700.0,0.7543927151468514,-0.1915
core:50,core,grid,5000,2026,1666,8,587700.0,760400.0,0.7728826933193056,-0.1727
core:50,core,grid,5000,2026,1666,9,575300.0,756600.0,0.7603753634681469,-0.1813
core:50,core,grid,5000,2026,1666,10,669300.0,783000.0,0.8547892720306514,-0.1137
core:50,core,grid,5000,2026,1666,11,593800.0,747200.0,0.7947002141327623,-0.1534
core:50,core,grid,5000,2026,3333,0,569700.0,770100.0,0.7397740553174912,-0.2004
core:50,core,grid,5000,2026,3333,1,571100.0,761600.0,0.7498686974789915,-0.1905
core:50,core,grid,5000,2026,3333,2,581500.0,755000.0,0.7701986754966887,-0.1735
core:50,core,grid,5000,2026,3333,3,570500.0,769200.0,0.7416796671866874,-0.1987
core:50,core,grid,5000,2026,3333,4,719300.0,1102400.0,0.6524854862119013,-0.3831
core:50,core,grid,5000,2026,3333,5,576000.0,761200.0,0.7566999474513926,-0.1852
core:50,core,grid,5000,2026,3333,6,573500.0,746200.0,0.7685607075850979,-0.1727
core:50,core,grid,5000,2026,3333,7,585500.0,790300.0,0.7408579020625079,-0.2048
core:50,core,grid,5000,2026,3333,8,584700.0,764800.0,0.7645135983263598,-0.1801
core:50,core,grid,5000,2026,3333,9,585600.0,763300.0,0.7671950740206996,-0.1777
core:50,core,grid,5000,2026,3333,10,716700.0,722400.0,0.992109634551495,-0.0057
core:50,core,grid,5000,2026,3333,11,682500.0,759200.0,0.898972602739726,-0.0767
core:51,core,grid,10000,2026,3333,0,1260300.0,1649900.0,0.7638644766349476,-0.3896
core:51,core,grid,10000,2026,3333,1,1272300.0,1897500.0,0.6705138339920949,-0.6252
core:51,core,grid,10000,2026,3333,2,1271900.0,1639200.0,0.7759272816007808,-0.3673
core:51,core,grid,10000,2026,3333,3,1419100.0,1647000.0,0.8616272009714633,-0.2279
core:51,core,grid,10000,2026,3333,4,1273300.0,1845400.0,0.689985910913623,-0.5721
core:51,core,grid,10000,2026,3333,5,1256700.0,1614300.0,0.7784798364616242,-0.3576
core:51,core,grid,10000,2026,3333,6,1240200.0,1577000.0,0.786429930247305,-0.3368
core:51,core,grid,10000,2026,3333,7,1271100.0,1631700.0,0.7790034932892076,-0.3606
core:51,core,grid,10000,2026,3333,8,1266400.0,1614000.0,0.784634448574969,-0.3476
core:51,core,grid,10000,2026,3333,9,1262900.0,1670200.0,0.756136989582086,-0.4073
core:51,core,grid,10000,2026,3333,10,1360800.0,2155100.0,0.631432416129182,-0.7943
core:51,core,grid,10000,2026,3333,11,1236100.0,1595300.0,0.7748385883532878,-0.3592
core:51,core,grid,10000,2026,6666,0,1213300.0,1563900.0,0.7758168680861948,-0.3506
core:51,core,grid,10000,2026,6666,1,1212000.0,1556600.0,0.7786200693819864,-0.3446
core:51,core,grid,10000,2026,6666,2,1210600.0,1568100.0,0.7720170907467636,-0.3575
core:51,core,grid,10000,2026,6666,3,1210400.0,1559900.0,0.7759471761010321,-0.3495
core:51,core,grid,10000,2026,6666,4,1217200.0,1544900.0,0.7878827108550716,-0.3277
core:51,core,grid,10000,2026,6666,5,1903100.0,1572000.0,1.2106234096692112,0.3311
core:51,core,grid,10000,2026,6666,6,1381700.0,1610600.0,0.8578790512852353,-0.2289
core:51,core,grid,10000,2026,6666,7,1226600.0,1602100.0,0.7656201235877911,-0.3755
core:51,core,grid,10000,2026,6666,8,1597800.0,1539500.0,1.0378694381292628,0.0583
core:51,core,grid,10000,2026,6666,9,1223700.0,1582800.0,0.7731235784685367,-0.3591
core:51,core,grid,10000,2026,6666,10,1176800.0,1719500.0,0.6843849956382669,-0.5427
core:51,core,grid,10000,2026,6666,11,1318600.0,1598500.0,0.8248983421958086,-0.2799
core:52,core,roadlike,1000,2026,333,0,107700.0,111100.0,0.9693969396939695,-0.0034
core:52,core,roadlike,1000,2026,333,1,107400.0,111000.0,0.9675675675675676,-0.0036
core:52,core,roadlike,1000,2026,333,2,102600.0,107000.0,0.9588785046728971,-0.0044
core:52,core,roadlike,1000,2026,333,3,106600.0,108300.0,0.984302862419206,-0.0017
core:52,core,roadlike,1000,2026,333,4,100600.0,102400.0,0.982421875,-0.0018
core:52,core,roadlike,1000,2026,333,5,104800.0,109500.0,0.9570776255707762,-0.0047
core:52,core,roadlike,1000,2026,333,6,114900.0,113600.0,1.011443661971831,0.0013
core:52,core,roadlike,1000,2026,333,7,107300.0,104200.0,1.0297504798464492,0.0031
core:52,core,roadlike,1000,2026,333,8,102900.0,110100.0,0.9346049046321526,-0.0072
core:52,core,roadlike,1000,2026,333,9,113300.0,105300.0,1.0759734093067426,0.008
core:52,core,roadlike,1000,2026,333,10,110100.0,107000.0,1.0289719626168223,0.0031
core:52,core,roadlike,1000,2026,333,11,99100.0,101800.0,0.9734774066797642,-0.0027
core:52,core,roadlike,1000,2026,666,0,108900.0,112900.0,0.9645704162976085,-0.004
core:52,core,roadlike,1000,2026,666,1,100100.0,111200.0,0.9001798561151079,-0.0111
core:52,core,roadlike,1000,2026,666,2,102500.0,105600.0,0.9706439393939394,-0.0031
core:52,core,roadlike,1000,2026,666,3,93200.0,98600.0,0.9452332657200812,-0.0054
core:52,core,roadlike,1000,2026,666,4,107000.0,105600.0,1.0132575757575757,0.0014
core:52,core,roadlike,1000,2026,666,5,97700.0,95900.0,1.018769551616267,0.0018
core:52,core,roadlike,1000,2026,666,6,108800.0,113200.0,0.9611307420494699,-0.0044
core:52,core,roadlike,1000,2026,666,7,108300.0,110500.0,0.9800904977375565,-0.0022
core:52,core,roadlike,1000,2026,666,8,113500.0,111900.0,1.0142984807864164,0.0016
core:52,core,roadlike,1000,2026,666,9,421900.0,115400.0,3.6559792027729636,0.3065
core:52,core,roadlike,1000,2026,666,10,109700.0,185800.0,0.5904198062432723,-0.0761
core:52,core,roadlike,1000,2026,666,11,108500.0,118500.0,0.9156118143459916,-0.01
core:53,core,roadlike,2000,2026,666,0,233400.0,226500.0,1.0304635761589405,0.0069
core:53,core,roadlike,2000,2026,666,1,225700.0,224900.0,1.0035571365051135,0.0008
core:53,core,roadlike,2000,2026,666,2,218800.0,225200.0,0.9715808170515098,-0.0064
core:53,core,roadlike,2000,2026,666,3,214500.0,219000.0,0.9794520547945206,-0.0045
core:53,core,roadlike,2000,2026,666,4,227600.0,216400.0,1.0517560073937153,0.0112
core:53,core,roadlike,2000,2026,666,5,203500.0,203000.0,1.0024630541871922,0.0005
core:53,core,roadlike,2000,2026,666,6,225100.0,229100.0,0.9825403753819293,-0.004
core:53,core,roadlike,2000,2026,666,7,208400.0,214200.0,0.972922502334267,-0.0058
core:53,core,roadlike,2000,2026,666,8,211100.0,210200.0,1.0042816365366318,0.0009
core:53,core,roadlike,2000,2026,666,9,243300.0,238300.0,1.0209819555182542,0.005
core:53,core,roadlike,2000,2026,666,10,232900.0,281900.0,0.8261794962752749,-0.049
core:53,core,roadlike,2000,2026,666,11,216800.0,219900.0,0.9859026830377444,-0.0031
core:53,core,roadlike,2000,2026,1333,0,235600.0,248400.0,0.9484702093397746,-0.0128
core:53,core,roadlike,2000,2026,1333,1,230200.0,232200.0,0.9913867355727821,-0.002
core:53,core,roadlike,2000,2026,1333,2,230700.0,233300.0,0.9888555507929704,-0.0026
core:53,core,roadlike,2000,2026,1333,3,239900.0,233800.0,1.0260906757912747,0.0061
core:53,core,roadlike,2000,2026,1333,4,230700.0,228100.0,1.0113985094256905,0.0026
core:53,core,roadlike,2000,2026,1333,5,221900.0,226600.0,0.9792586054721977,-0.0047
core:53,core,roadlike,2000,2026,1333,6,223300.0,232200.0,0.9616709732988803,-0.0089
core:53,core,roadlike,2000,2026,1333,7,219300.0,220500.0,0.9945578231292517,-0.0012
core:53,core,roadlike,2000,2026,1333,8,243300.0,231500.0,1.0509719222462204,0.0118
core:53,core,roadlike,2000,2026,1333,9,221200.0,230300.0,0.9604863221884499,-0.0091
core:53,core,roadlike,2000,2026,1333,10,261100.0,221300.0,1.1798463624039766,0.0398
core:53,core,roadlike,2000,2026,1333,11,227000.0,247900.0,0.9156918112141993,-0.0209
core:54,core,roadlike,5000,2026,1666,0,605400.0,1474100.0,0.4106912692490333,-0.8687
core:54,core,roadlike,5000,2026,1666,1,595400.0,609200.0,0.9773473407747866,-0.0138
core:54,core,roadlike,5000,2026,1666,2,647900.0,637900.0,1.0156764383132153,0.01
core:54,core,roadlike,5000,2026,1666,3,587300.0,669900.0,0.8766980146290491,-0.0826
core:54,core,roadlike,5000,2026,1666,4,602300.0,629100.0,0.9573994595453823,-0.0268
core:54,core,roadlike,5000,2026,1666,5,927100.0,656700.0,1.4117557484391656,0.2704
core:54,core,roadlike,5000,2026,1666,6,1497400.0,643800.0,2.3258776017396707,0.8536
core:54,core,roadlike,5000,2026,1666,7,603600.0,659500.0,0.9152388172858226,-0.0559
core:54,core,roadlike,5000,2026,1666,8,662000.0,622000.0,1.0643086816720257,0.04
core:54,core,roadlike,5000,2026,1666,9,632500.0,588500.0,1.074766355140187,0.044
core:54,core,roadlike,5000,2026,1666,10,637600.0,654800.0,0.9737324373854612,-0.0172
core:54,core,roadlike,5000,2026,1666,11,609700.0,638200.0,0.9553431526167345,-0.0285
core:54,core,roadlike,5000,2026,3333,0,605800.0,669900.0,0.9043140767278698,-0.0641
core:54,core,roadlike,5000,2026,3333,1,602300.0,618600.0,0.9736501778208859,-0.0163
core:54,core,roadlike,5000,2026,3333,2,810600.0,638900.0,1.2687431522930035,0.1717
core:54,core,roadlike,5000,2026,3333,3,619700.0,636900.0,0.972994190610771,-0.0172
core:54,core,roadlike,5000,2026,3333,4,638100.0,652100.0,0.9785309001686858,-0.014
core:54,core,roadlike,5000,2026,3333,5,689800.0,642900.0,1.0729506921760772,0.0469
core:54,core,roadlike,5000,2026,3333,6,596300.0,629400.0,0.9474102319669526,-0.0331
core:54,core,roadlike,5000,2026,3333,7,727300.0,656200.0,1.1083511124657117,0.0711
core:54,core,roadlike,5000,2026,3333,8,605100.0,607000.0,0.9968698517298188,-0.0019
core:54,core,roadlike,5000,2026,3333,9,607800.0,649100.0,0.9363734401478971,-0.0413
core:54,core,roadlike,5000,2026,3333,10,590500.0,632500.0,0.9335968379446641,-0.042
core:54,core,roadlike,5000,2026,3333,11,588300.0,611700.0,0.9617459538989701,-0.0234
core:6,core,clustered,2000,42,666,0,876200.0,823400.0,1.0641243623998058,0.0528
core:6,core,clustered,2000,42,666,1,801800.0,825100.0,0.9717609986668283,-0.0233
core:6,core,clustered,2000,42,666,2,827200.0,832100.0,0.994111284701358,-0.0049
core:6,core,clustered,2000,42,666,3,813000.0,1132200.0,0.7180710121886592,-0.3192
core:6,core,clustered,2000,42,666,4,854300.0,1002900.0,0.8518296938877256,-0.1486
core:6,core,clustered,2000,42,666,5,812000.0,906100.0,0.8961483279991171,-0.0941
core:6,core,clustered,2000,42,666,6,827200.0,825000.0,1.0026666666666666,0.0022
core:6,core,clustered,2000,42,666,7,844000.0,878600.0,0.9606191668563624,-0.0346
core:6,core,clustered,2000,42,666,8,1109600.0,840300.0,1.320480780673569,0.2693
core:6,core,clustered,2000,42,666,9,820700.0,907500.0,0.9043526170798898,-0.0868
core:6,core,clustered,2000,42,666,10,814900.0,830400.0,0.9813342967244701,-0.0155
core:6,core,clustered,2000,42,666,11,835100.0,909400.0,0.9182977787552232,-0.0743
core:6,core,clustered,2000,42,1333,0,832600.0,817100.0,1.0189695263737608,0.0155
core:6,core,clustered,2000,42,1333,1,1103700.0,963100.0,1.145986917246392,0.1406
core:6,core,clustered,2000,42,1333,2,801700.0,829800.0,0.9661364184140757,-0.0281
core:6,core,clustered,2000,42,1333,3,1005900.0,819300.0,1.2277554009520322,0.1866
core:6,core,clustered,2000,42,1333,4,810600.0,834200.0,0.971709422200911,-0.0236
core:6,core,clustered,2000,42,1333,5,799500.0,811900.0,0.9847271831506343,-0.0124
core:6,core,clustered,2000,42,1333,6,783500.0,830700.0,0.9431804502227037,-0.0472
core:6,core,clustered,2000,42,1333,7,793400.0,834600.0,0.9506350347471842,-0.0412
core:6,core,clustered,2000,42,1333,8,874800.0,812900.0,1.0761471275679666,0.0619
core:6,core,clustered,2000,42,1333,9,946300.0,923600.0,1.024577739281074,0.0227
core:6,core,clustered,2000,42,1333,10,798600.0,803500.0,0.9939016801493467,-0.0049
core:6,core,clustered,2000,42,1333,11,779200.0,819500.0,0.950823672971324,-0.0403
core:7,core,clustered,5000,42,1666,0,3229400.0,3089500.0,1.0452824081566596,0.1399
core:7,core,clustered,5000,42,1666,1,2685500.0,2736200.0,0.9814706527300636,-0.0507
core:7,core,clustered,5000,42,1666,2,2527200.0,2729400.0,0.9259177841283799,-0.2022
core:7,core,clustered,5000,42,1666,3,2912700.0,2620800.0,1.111378205128205,0.2919
core:7,core,clustered,5000,42,1666,4,2637700.0,2731800.0,0.9655538472801816,-0.0941
core:7,core,clustered,5000,42,1666,5,2531800.0,2696500.0,0.9389208232894493,-0.1647
core:7,core,clustered,5000,42,1666,6,2730000.0,3228600.0,0.8455677383385988,-0.4986
core:7,core,clustered,5000,42,1666,7,3278300.0,2647300.0,1.2383560608922297,0.631
core:7,core,clustered,5000,42,1666,8,2992100.0,2696300.0,1.1097058932611357,0.2958
core:7,core,clustered,5000,42,1666,9,2837800.0,2731900.0,1.0387642300230608,0.1059
core:7,core,clustered,5000,42,1666,10,2559800.0,2627000.0,0.9744194899124476,-0.0672
core:7,core,clustered,5000,42,1666,11,2608600.0,2747900.0,0.9493067433312712,-0.1393
core:7,core,clustered,5000,42,3333,0,2889500.0,2728200.0,1.0591232314346455,0.1613
core:7,core,clustered,5000,42,3333,1,2809500.0,3083600.0,0.9111103904527176,-0.2741
core:7,core,clustered,5000,42,3333,2,2514400.0,2620700.0,0.9594383180066395,-0.1063
core:7,core,clustered,5000,42,3333,3,2516900.0,3374600.0,0.7458365435903515,-0.8577
core:7,core,clustered,5000,42,3333,4,2488000.0,2665400.0,0.9334433856081639,-0.1774
core:7,core,clustered,5000,42,3333,5,3045100.0,2709500.0,1.1238604908654732,0.3356
core:7,core,clustered,5000,42,3333,6,2520100.0,2672300.0,0.9430453167683269,-0.1522
core:7,core,clustered,5000,42,3333,7,2539100.0,2871600.0,0.884210892882017,-0.3325
core:7,core,clustered,5000,42,3333,8,2461700.0,2741300.0,0.8980045963593916,-0.2796
core:7,core,clustered,5000,42,3333,9,2490500.0,2787400.0,0.8934849680706034,-0.2969
core:7,core,clustered,5000,42,3333,10,2708500.0,2754000.0,0.9834785766158315,-0.0455
core:7,core,clustered,5000,42,3333,11,2498500.0,2638800.0,0.9468318932848264,-0.1403
core:8,core,clustered,10000,42,3333,0,7974100.0,7266200.0,1.0974236877597643,0.7079
core:8,core,clustered,10000,42,3333,1,7397600.0,7333900.0,1.0086856924692182,0.0637
core:8,core,clustered,10000,42,3333,2,7521000.0,6970900.0,1.0789137701014215,0.5501
core:8,core,clustered,10000,42,3333,3,6601900.0,7051000.0,0.9363069068217275,-0.4491
core:8,core,clustered,10000,42,3333,4,7435300.0,7438500.0,0.9995698057404047,-0.0032
core:8,core,clustered,10000,42,3333,5,6929900.0,6823900.0,1.0155336391213237,0.106
core:8,core,clustered,10000,42,3333,6,6923600.0,7187900.0,0.9632298724244912,-0.2643
core:8,core,clustered,10000,42,3333,7,7430200.0,7113700.0,1.0444916147714973,0.3165
core:8,core,clustered,10000,42,3333,8,6706200.0,6971000.0,0.9620140582412853,-0.2648
core:8,core,clustered,10000,42,3333,9,9328800.0,7421600.0,1.2569796270346016,1.9072
core:8,core,clustered,10000,42,3333,10,7419000.0,7101000.0,1.044782425010562,0.318
core:8,core,clustered,10000,42,3333,11,7002200.0,7438000.0,0.9414089809088465,-0.4358
core:8,core,clustered,10000,42,6666,0,7613200.0,7697800.0,0.989009846969264,-0.0846
core:8,core,clustered,10000,42,6666,1,7073200.0,8621100.0,0.8204521464778276,-1.5479
core:8,core,clustered,10000,42,6666,2,8100200.0,7730500.0,1.0478235560442404,0.3697
core:8,core,clustered,10000,42,6666,3,8243000.0,7532600.0,1.0943100655816054,0.7104
core:8,core,clustered,10000,42,6666,4,7300800.0,7724000.0,0.9452097358881408,-0.4232
core:8,core,clustered,10000,42,6666,5,7348100.0,6820300.0,1.0773866252217645,0.5278
core:8,core,clustered,10000,42,6666,6,6928400.0,7045400.0,0.9833934198200244,-0.117
core:8,core,clustered,10000,42,6666,7,7939800.0,7451200.0,1.06557333047026,0.4886
core:8,core,clustered,10000,42,6666,8,6689000.0,7944200.0,0.8419979356008157,-1.2552
core:8,core,clustered,10000,42,6666,9,6615400.0,7139400.0,0.9266044765666582,-0.524
core:8,core,clustered,10000,42,6666,10,6606900.0,7571600.0,0.8725896772148555,-0.9647
core:8,core,clustered,10000,42,6666,11,6854500.0,7648400.0,0.8962005125254955,-0.7939
core:9,core,dense,1000,42,333,0,684200.0,726600.0,0.941646022570878,-0.0424
core:9,core,dense,1000,42,333,1,677900.0,714700.0,0.9485098642787183,-0.0368
core:9,core,dense,1000,42,333,2,653200.0,728400.0,0.8967600219659527,-0.0752
core:9,core,dense,1000,42,333,3,675000.0,687600.0,0.981675392670157,-0.0126
core:9,core,dense,1000,42,333,4,741900.0,1086400.0,0.6828976435935199,-0.3445
core:9,core,dense,1000,42,333,5,649000.0,949000.0,0.6838777660695469,-0.3
core:9,core,dense,1000,42,333,6,637200.0,678100.0,0.9396844123285651,-0.0409
core:9,core,dense,1000,42,333,7,678100.0,686400.0,0.9879079254079254,-0.0083
core:9,core,dense,1000,42,333,8,705700.0,700900.0,1.006848337851334,0.0048
core:9,core,dense,1000,42,333,9,684500.0,755000.0,0.9066225165562913,-0.0705
core:9,core,dense,1000,42,333,10,682900.0,746000.0,0.9154155495978552,-0.0631
core:9,core,dense,1000,42,333,11,703800.0,667800.0,1.0539083557951483,0.036
core:9,core,dense,1000,42,666,0,911400.0,664300.0,1.3719704952581664,0.2471
core:9,core,dense,1000,42,666,1,712300.0,764800.0,0.9313546025104602,-0.0525
core:9,core,dense,1000,42,666,2,661800.0,692800.0,0.9552540415704388,-0.031
core:9,core,dense,1000,42,666,3,635400.0,663400.0,0.9577931866144106,-0.028
core:9,core,dense,1000,42,666,4,646700.0,831600.0,0.7776575276575276,-0.1849
core:9,core,dense,1000,42,666,5,651800.0,677700.0,0.9617824996311052,-0.0259
core:9,core,dense,1000,42,666,6,643300.0,680300.0,0.9456122298985742,-0.037
core:9,core,dense,1000,42,666,7,715200.0,660000.0,1.0836363636363637,0.0552
core:9,core,dense,1000,42,666,8,639700.0,815400.0,0.784522933529556,-0.1757
core:9,core,dense,1000,42,666,9,634900.0,864400.0,0.7344979176307265,-0.2295
core:9,core,dense,1000,42,666,10,639200.0,686400.0,0.9312354312354313,-0.0472
core:9,core,dense,1000,42,666,11,794300.0,856900.0,0.9269459680242735,-0.0626
density:1,density,er_d2,1000,42,333,0,74200.0,85800.0,0.8648018648018648,-0.0116
density:1,density,er_d2,1000,42,333,1,73600.0,85100.0,0.8648648648648649,-0.0115
density:1,density,er_d2,1000,42,333,2,69900.0,87900.0,0.7952218430034129,-0.018
density:1,density,er_d2,1000,42,333,3,79400.0,89900.0,0.8832035595105673,-0.0105
density:1,density,er_d2,1000,42,333,4,72400.0,90800.0,0.7973568281938326,-0.0184
density:1,density,er_d2,1000,42,333,5,73000.0,88200.0,0.8276643990929705,-0.0152
density:1,density,er_d2,1000,42,333,6,71000.0,84100.0,0.8442330558858502,-0.0131
density:1,density,er_d2,1000,42,333,7,73800.0,89400.0,0.825503355704698,-0.0156
density:1,density,er_d2,1000,42,666,0,72200.0,86300.0,0.8366164542294322,-0.0141
density:1,density,er_d2,1000,42,666,1,77100.0,88900.0,0.8672665916760405,-0.0118
density:1,density,er_d2,1000,42,666,2,93600.0,131700.0,0.7107061503416856,-0.0381
density:1,density,er_d2,1000,42,666,3,74900.0,105600.0,0.709280303030303,-0.0307
density:1,density,er_d2,1000,42,666,4,74000.0,89100.0,0.8305274971941639,-0.0151
density:1,density,er_d2,1000,42,666,5,74500.0,88200.0,0.844671201814059,-0.0137
density:1,density,er_d2,1000,42,666,6,72400.0,89600.0,0.8080357142857143,-0.0172
density:1,density,er_d2,1000,42,666,7,82600.0,88900.0,0.9291338582677166,-0.0063
density:10,density,er_d4,5000,42,1666,0,1965900.0,2407600.0,0.8165392922412361,-0.4417
density:10,density,er_d4,5000,42,1666,1,1911900.0,2195400.0,0.8708663569281224,-0.2835
density:10,density,er_d4,5000,42,1666,2,1974100.0,2324400.0,0.8492944415763207,-0.3503
density:10,density,er_d4,5000,42,1666,3,2210100.0,2495500.0,0.8856341414546183,-0.2854
density:10,density,er_d4,5000,42,1666,4,1901600.0,2702400.0,0.7036708111308466,-0.8008
density:10,density,er_d4,5000,42,1666,5,1960000.0,2498200.0,0.7845648867184373,-0.5382
density:10,density,er_d4,5000,42,1666,6,2147500.0,2425100.0,0.8855304935878933,-0.2776
density:10,density,er_d4,5000,42,1666,7,1927600.0,2435700.0,0.7913946709364864,-0.5081
density:10,density,er_d4,5000,42,3333,0,1908700.0,2150800.0,0.8874372326576158,-0.2421
density:10,density,er_d4,5000,42,3333,1,1535900.0,3338100.0,0.46011203978311016,-1.8022
density:10,density,er_d4,5000,42,3333,2,1483900.0,2085800.0,0.7114296672739476,-0.6019
density:10,density,er_d4,5000,42,3333,3,2156800.0,1814800.0,1.188450517963412,0.342
density:10,density,er_d4,5000,42,3333,4,1358600.0,1624200.0,0.836473340721586,-0.2656
density:10,density,er_d4,5000,42,3333,5,1649700.0,1779400.0,0.927110261886029,-0.1297
density:10,density,er_d4,5000,42,3333,6,1323300.0,2555400.0,0.5178445644517492,-1.2321
density:10,density,er_d4,5000,42,3333,7,1434700.0,1703600.0,0.8421577835172576,-0.2689
density:11,density,er_d8,5000,42,1666,0,2417100.0,2407000.0,1.0041960947237225,0.0101
density:11,density,er_d8,5000,42,1666,1,2030400.0,2466200.0,0.8232908928716244,-0.4358
density:11,density,er_d8,5000,42,1666,2,1999600.0,2654900.0,0.7531733775283438,-0.6553
density:11,density,er_d8,5000,42,1666,3,1982600.0,2146400.0,0.9236861721953038,-0.1638
density:11,density,er_d8,5000,42,1666,4,1973300.0,2702600.0,0.7301487456523348,-0.7293
density:11,density,er_d8,5000,42,1666,5,1914300.0,1991000.0,0.9614766449020593,-0.0767
density:11,density,er_d8,5000,42,1666,6,2118900.0,2097200.0,1.010347129506008,0.0217
density:11,density,er_d8,5000,42,1666,7,2005600.0,1926100.0,1.041275115518405,0.0795
density:11,density,er_d8,5000,42,3333,0,3122100.0,2108200.0,1.4809316004174178,1.0139
density:11,density,er_d8,5000,42,3333,1,2237700.0,2853000.0,0.7843322818086225,-0.6153
density:11,density,er_d8,5000,42,3333,2,2842400.0,2140800.0,1.3277279521674141,0.7016
density:11,density,er_d8,5000,42,3333,3,2425000.0,2283900.0,1.0617802881036822,0.1411
density:11,density,er_d8,5000,42,3333,4,2579200.0,2533500.0,1.0180382869548057,0.0457
density:11,density,er_d8,5000,42,3333,5,2332300.0,2619000.0,0.8905307369224895,-0.2867
density:11,density,er_d8,5000,42,3333,6,3180800.0,3030600.0,1.0495611430079852,0.1502
density:11,density,er_d8,5000,42,3333,7,2522600.0,2406200.0,1.0483750311694788,0.1164
density:12,density,er_d16,5000,42,1666,0,2503600.0,2486600.0,1.0068366444140593,0.017
density:12,density,er_d16,5000,42,1666,1,2743300.0,2880000.0,0.9525347222222222,-0.1367
density:12,density,er_d16,5000,42,1666,2,2363600.0,2722400.0,0.8682045254187482,-0.3588
density:12,density,er_d16,5000,42,1666,3,2366700.0,2704800.0,0.875,-0.3381
density:12,density,er_d16,5000,42,1666,4,2448100.0,2595300.0,0.9432820868493045,-0.1472
density:12,density,er_d16,5000,42,1666,5,2389500.0,2686700.0,0.889381025049317,-0.2972
density:12,density,er_d16,5000,42,1666,6,2406000.0,2873400.0,0.8373355606598455,-0.4674
density:12,density,er_d16,5000,42,1666,7,2706000.0,2547400.0,1.0622595587658004,0.1586
density:12,density,er_d16,5000,42,3333,0,2557500.0,2862000.0,0.8936058700209644,-0.3045
density:12,density,er_d16,5000,42,3333,1,2722500.0,2767800.0,0.9836332104920876,-0.0453
density:12,density,er_d16,5000,42,3333,2,2896100.0,2591800.0,1.1174087506752064,0.3043
density:12,density,er_d16,5000,42,3333,3,2680100.0,2605000.0,1.0288291746641074,0.0751
density:12,density,er_d16,5000,42,3333,4,2363200.0,2458300.0,0.9613147296912501,-0.0951
density:12,density,er_d16,5000,42,3333,5,2362200.0,2347300.0,1.0063477186554766,0.0149
density:12,density,er_d16,5000,42,3333,6,2368500.0,2375300.0,0.9971372037216352,-0.0068
density:12,density,er_d16,5000,42,3333,7,2418800.0,2595500.0,0.9319206318628396,-0.1767
density:13,density,er_d32,5000,42,1666,0,2824300.0,2736500.0,1.0320847798282478,0.0878
density:13,density,er_d32,5000,42,1666,1,2843000.0,3220600.0,0.8827547661926349,-0.3776
density:13,density,er_d32,5000,42,1666,2,2814800.0,2845500.0,0.9892110349674925,-0.0307
density:13,density,er_d32,5000,42,1666,3,2899300.0,2815500.0,1.0297638074942284,0.0838
density:13,density,er_d32,5000,42,1666,4,2826000.0,2893600.0,0.976638097871164,-0.0676
density:13,density,er_d32,5000,42,1666,5,2964200.0,2951900.0,1.004166807818693,0.0123
density:13,density,er_d32,5000,42,1666,6,2982700.0,3367800.0,0.8856523546528892,-0.3851
density:13,density,er_d32,5000,42,1666,7,2860100.0,3493400.0,0.8187152916929066,-0.6333
density:13,density,er_d32,5000,42,3333,0,3046500.0,3124700.0,0.9749735974653567,-0.0782
density:13,density,er_d32,5000,42,3333,1,2687800.0,2952000.0,0.9105013550135501,-0.2642
density:13,density,er_d32,5000,42,3333,2,2775900.0,2906700.0,0.9550005160491278,-0.1308
density:13,density,er_d32,5000,42,3333,3,2735300.0,2764700.0,0.9893659348211379,-0.0294
density:13,density,er_d32,5000,42,3333,4,2930900.0,2851700.0,1.0277729073885753,0.0792
density:13,density,er_d32,5000,42,3333,5,2703700.0,3150600.0,0.8581540024122389,-0.4469
density:13,density,er_d32,5000,42,3333,6,2692900.0,3453900.0,0.7796693592750225,-0.761
density:13,density,er_d32,5000,42,3333,7,2635600.0,3013900.0,0.8744815687315438,-0.3783
density:14,density,er_d64,5000,42,1666,0,3615500.0,3620000.0,0.998756906077348,-0.0045
density:14,density,er_d64,5000,42,1666,1,3551200.0,3692100.0,0.9618374366891471,-0.1409
density:14,density,er_d64,5000,42,1666,2,4017700.0,4172400.0,0.962923017927332,-0.1547
density:14,density,er_d64,5000,42,1666,3,5698400.0,4241700.0,1.3434236273192353,1.4567
density:14,density,er_d64,5000,42,1666,4,4308300.0,3975600.0,1.0836854814367642,0.3327
density:14,density,er_d64,5000,42,1666,5,4129100.0,3555300.0,1.1613928501111017,0.5738
density:14,density,er_d64,5000,42,1666,6,4797400.0,3548000.0,1.352142051860203,1.2494
density:14,density,er_d64,5000,42,1666,7,3947700.0,4207500.0,0.93825311942959,-0.2598
density:14,density,er_d64,5000,42,3333,0,3661900.0,4468100.0,0.8195653633535507,-0.8062
density:14,density,er_d64,5000,42,3333,1,3605100.0,3788100.0,0.9516908212560387,-0.183
density:14,density,er_d64,5000,42,3333,2,3445800.0,3728900.0,0.9240794872482502,-0.2831
density:14,density,er_d64,5000,42,3333,3,3744100.0,3473700.0,1.0778420704148315,0.2704
density:14,density,er_d64,5000,42,3333,4,3600300.0,3881300.0,0.9276015767912813,-0.281
density:14,density,er_d64,5000,42,3333,5,4348700.0,4029900.0,1.0791086627459738,0.3188
density:14,density,er_d64,5000,42,3333,6,3998200.0,4098300.0,0.97557523851353,-0.1001
density:14,density,er_d64,5000,42,3333,7,3702000.0,3888500.0,0.952038060948952,-0.1865
density:15,density,er_d128,5000,42,1666,0,4739700.0,5166800.0,0.9173376170937524,-0.4271
density:15,density,er_d128,5000,42,1666,1,4856800.0,7224500.0,0.6722679770226313,-2.3677
density:15,density,er_d128,5000,42,1666,2,5193800.0,4820700.0,1.0773953990084428,0.3731
density:15,density,er_d128,5000,42,1666,3,4965900.0,5184000.0,0.9579282407407408,-0.2181
density:15,density,er_d128,5000,42,1666,4,5226600.0,5950800.0,0.8783020770316596,-0.7242
density:15,density,er_d128,5000,42,1666,5,4929000.0,5046600.0,0.9766971822613244,-0.1176
density:15,density,er_d128,5000,42,1666,6,5563800.0,4976500.0,1.118014668944037,0.5873
density:15,density,er_d128,5000,42,1666,7,5481800.0,4934700.0,1.1108679352341582,0.5471
density:15,density,er_d128,5000,42,3333,0,5025400.0,5815000.0,0.864213241616509,-0.7896
density:15,density,er_d128,5000,42,3333,1,5336700.0,5978100.0,0.8927083856074672,-0.6414
density:15,density,er_d128,5000,42,3333,2,5464600.0,5268300.0,1.0372605963973198,0.1963
density:15,density,er_d128,5000,42,3333,3,5058700.0,5624600.0,0.8993884009529567,-0.5659
density:15,density,er_d128,5000,42,3333,4,4925200.0,5184500.0,0.949985533802681,-0.2593
density:15,density,er_d128,5000,42,3333,5,5293600.0,5983800.0,0.8846552358033357,-0.6902
density:15,density,er_d128,5000,42,3333,6,5367900.0,5415600.0,0.9911921116773764,-0.0477
density:15,density,er_d128,5000,42,3333,7,5764800.0,6042700.0,0.9540106243897596,-0.2779
density:16,density,er_d256,5000,42,1666,0,6445500.0,6862000.0,0.9393034100845234,-0.4165
density:16,density,er_d256,5000,42,1666,1,7848000.0,6881000.0,1.1405318994332219,0.967
density:16,density,er_d256,5000,42,1666,2,6819000.0,6848800.0,0.9956488727952342,-0.0298
density:16,density,er_d256,5000,42,1666,3,6508500.0,7274300.0,0.8947252656613007,-0.7658
density:16,density,er_d256,5000,42,1666,4,6670900.0,7968300.0,0.8371798250567876,-1.2974
density:16,density,er_d256,5000,42,1666,5,7762500.0,6470500.0,1.1996754501197744,1.292
density:16,density,er_d256,5000,42,1666,6,6360900.0,6590600.0,0.9651473310472491,-0.2297
density:16,density,er_d256,5000,42,1666,7,6420900.0,7592600.0,0.8456786871427443,-1.1717
density:16,density,er_d256,5000,42,3333,0,6517300.0,6767500.0,0.9630291835980791,-0.2502
density:16,density,er_d256,5000,42,3333,1,6666700.0,7121500.0,0.9361370497788387,-0.4548
density:16,density,er_d256,5000,42,3333,2,6229900.0,7212000.0,0.8638241819190239,-0.9821
density:16,density,er_d256,5000,42,3333,3,6192600.0,6503600.0,0.9521803308936589,-0.311
density:16,density,er_d256,5000,42,3333,4,6294800.0,6516600.0,0.9659638461774545,-0.2218
density:16,density,er_d256,5000,42,3333,5,6893600.0,6335100.0,1.0881596186326972,0.5585
density:16,density,er_d256,5000,42,3333,6,6580600.0,7404200.0,0.8887658356068178,-0.8236
density:16,density,er_d256,5000,42,3333,7,6468500.0,6651100.0,0.9725458946640405,-0.1826
density:17,density,er_d2,1000,1729,333,0,500.0,500.0,1.0,0.0
density:17,density,er_d2,1000,1729,333,1,400.0,500.0,0.8,-0.0001
density:17,density,er_d2,1000,1729,333,2,500.0,400.0,1.25,0.0001
density:17,density,er_d2,1000,1729,333,3,600.0,900.0,0.6666666666666666,-0.0003
density:17,density,er_d2,1000,1729,333,4,500.0,500.0,1.0,0.0
density:17,density,er_d2,1000,1729,333,5,600.0,400.0,1.5,0.0002
density:17,density,er_d2,1000,1729,333,6,500.0,600.0,0.8333333333333334,-0.0001
density:17,density,er_d2,1000,1729,333,7,500.0,500.0,1.0,0.0
density:17,density,er_d2,1000,1729,666,0,90600.0,105800.0,0.8563327032136105,-0.0152
density:17,density,er_d2,1000,1729,666,1,91300.0,108800.0,0.8391544117647058,-0.0175
density:17,density,er_d2,1000,1729,666,2,89200.0,108300.0,0.8236380424746076,-0.0191
density:17,density,er_d2,1000,1729,666,3,89400.0,108800.0,0.8216911764705882,-0.0194
density:17,density,er_d2,1000,1729,666,4,88100.0,105100.0,0.8382492863939106,-0.017
density:17,density,er_d2,1000,1729,666,5,83600.0,105300.0,0.7939221272554606,-0.0217
density:17,density,er_d2,1000,1729,666,6,89500.0,109400.0,0.8180987202925045,-0.0199
density:17,density,er_d2,1000,1729,666,7,88400.0,108300.0,0.8162511542012927,-0.0199
density:18,density,er_d4,1000,1729,333,0,169100.0,195400.0,0.8654042988741044,-0.0263
density:18,density,er_d4,1000,1729,333,1,164200.0,199400.0,0.8234704112337011,-0.0352
density:18,density,er_d4,1000,1729,333,2,166400.0,193000.0,0.8621761658031089,-0.0266
density:18,density,er_d4,1000,1729,333,3,169500.0,199900.0,0.8479239619809905,-0.0304
density:18,density,er_d4,1000,1729,333,4,170800.0,198000.0,0.8626262626262626,-0.0272
density:18,density,er_d4,1000,1729,333,5,166800.0,202300.0,0.8245180425111222,-0.0355
density:18,density,er_d4,1000,1729,333,6,166400.0,196900.0,0.8450990350431691,-0.0305
density:18,density,er_d4,1000,1729,333,7,163200.0,190900.0,0.85489785227868,-0.0277
density:18,density,er_d4,1000,1729,666,0,233100.0,195100.0,1.194771911840082,0.038
density:18,density,er_d4,1000,1729,666,1,206200.0,195400.0,1.0552712384851586,0.0108
density:18,density,er_d4,1000,1729,666,2,162300.0,196600.0,0.8255340793489319,-0.0343
density:18,density,er_d4,1000,1729,666,3,187500.0,201300.0,0.9314456035767511,-0.0138
density:18,density,er_d4,1000,1729,666,4,173900.0,217300.0,0.8002761159687068,-0.0434
density:18,density,er_d4,1000,1729,666,5,167800.0,197000.0,0.8517766497461929,-0.0292
density:18,density,er_d4,1000,1729,666,6,163500.0,191100.0,0.8555729984301413,-0.0276
density:18,density,er_d4,1000,1729,666,7,164900.0,196700.0,0.8383324860193188,-0.0318
density:19,density,er_d8,1000,1729,333,0,243800.0,247300.0,0.985847149211484,-0.0035
density:19,density,er_d8,1000,1729,333,1,244600.0,250000.0,0.9784,-0.0054
density:19,density,er_d8,1000,1729,333,2,251100.0,251100.0,1.0,0.0
density:19,density,er_d8,1000,1729,333,3,248700.0,250200.0,0.9940047961630696,-0.0015
density:19,density,er_d8,1000,1729,333,4,243800.0,244400.0,0.997545008183306,-0.0006
density:19,density,er_d8,1000,1729,333,5,243100.0,250700.0,0.9696848823294775,-0.0076
density:19,density,er_d8,1000,1729,333,6,248900.0,313500.0,0.793939393939394,-0.0646
density:19,density,er_d8,1000,1729,333,7,303700.0,248300.0,1.2231171969391865,0.0554
density:19,density,er_d8,1000,1729,666,0,285000.0,254700.0,1.1189634864546525,0.0303
density:19,density,er_d8,1000,1729,666,1,247900.0,250700.0,0.988831272437176,-0.0028
density:19,density,er_d8,1000,1729,666,2,250200.0,369600.0,0.676948051948052,-0.1194
density:19,density,er_d8,1000,1729,666,3,251800.0,264900.0,0.9505473763684409,-0.0131
density:19,density,er_d8,1000,1729,666,4,249600.0,254600.0,0.9803613511390417,-0.005
density:19,density,er_d8,1000,1729,666,5,245300.0,250400.0,0.979632587859425,-0.0051
density:19,density,er_d8,1000,1729,666,6,251400.0,249100.0,1.009233239662786,0.0023
density:19,density,er_d8,1000,1729,666,7,244900.0,259900.0,0.9422854944209311,-0.015
density:2,density,er_d4,1000,42,333,0,141800.0,165900.0,0.8547317661241712,-0.0241
density:2,density,er_d4,1000,42,333,1,141300.0,160100.0,0.8825733916302311,-0.0188
density:2,density,er_d4,1000,42,333,2,137300.0,178000.0,0.7713483146067416,-0.0407
density:2,density,er_d4,1000,42,333,3,140300.0,169500.0,0.8277286135693215,-0.0292
density:2,density,er_d4,1000,42,333,4,179900.0,218900.0,0.8218364550022842,-0.039
density:2,density,er_d4,1000,42,333,5,139500.0,157300.0,0.8868404322949778,-0.0178
density:2,density,er_d4,1000,42,333,6,141600.0,172100.0,0.8227774549680419,-0.0305
density:2,density,er_d4,1000,42,333,7,138700.0,160200.0,0.865792759051186,-0.0215
density:2,density,er_d4,1000,42,666,0,140000.0,159100.0,0.8799497171590195,-0.0191
density:2,density,er_d4,1000,42,666,1,142600.0,267900.0,0.5322881672265771,-0.1253
density:2,density,er_d4,1000,42,666,2,186100.0,170600.0,1.0908558030480657,0.0155
density:2,density,er_d4,1000,42,666,3,139900.0,165200.0,0.8468523002421308,-0.0253
density:2,density,er_d4,1000,42,666,4,166600.0,222700.0,0.7480916030534351,-0.0561
density:2,density,er_d4,1000,42,666,5,208900.0,265400.0,0.7871137905048983,-0.0565
density:2,density,er_d4,1000,42,666,6,208200.0,225800.0,0.9220549158547388,-0.0176
density:2,density,er_d4,1000,42,666,7,152400.0,200700.0,0.7593423019431988,-0.0483
density:20,density,er_d16,1000,1729,333,0,347100.0,356200.0,0.9744525547445255,-0.0091
density:20,density,er_d16,1000,1729,333,1,341800.0,348900.0,0.9796503296073373,-0.0071
density:20,density,er_d16,1000,1729,333,2,427200.0,343200.0,1.2447552447552448,0.084
density:20,density,er_d16,1000,1729,333,3,359000.0,345200.0,1.0399768250289687,0.0138
density:20,density,er_d16,1000,1729,333,4,341000.0,360300.0,0.9464335276158756,-0.0193
density:20,density,er_d16,1000,1729,333,5,416500.0,396700.0,1.04991177211999,0.0198
density:20,density,er_d16,1000,1729,333,6,396700.0,353300.0,1.1228417775261816,0.0434
density:20,density,er_d16,1000,1729,333,7,357400.0,344600.0,1.0371445153801508,0.0128
density:20,density,er_d16,1000,1729,666,0,348100.0,371200.0,0.9377693965517241,-0.0231
density:20,density,er_d16,1000,1729,666,1,333500.0,343100.0,0.9720198192946663,-0.0096
density:20,density,er_d16,1000,1729,666,2,323500.0,339100.0,0.9539958714243586,-0.0156
density:20,density,er_d16,1000,1729,666,3,342400.0,346700.0,0.9875973464089991,-0.0043
density:20,density,er_d16,1000,1729,666,4,327500.0,346500.0,0.9451659451659452,-0.019
density:20,density,er_d16,1000,1729,666,5,320800.0,319400.0,1.0043832185347528,0.0014
density:20,density,er_d16,1000,1729,666,6,346100.0,354000.0,0.977683615819209,-0.0079
density:20,density,er_d16,1000,1729,666,7,333000.0,343300.0,0.9699970870958345,-0.0103
density:21,density,er_d32,1000,1729,333,0,437300.0,478800.0,0.9133249791144528,-0.0415
density:21,density,er_d32,1000,1729,333,1,440000.0,441400.0,0.9968282736746715,-0.0014
density:21,density,er_d32,1000,1729,333,2,418700.0,448300.0,0.9339727860807495,-0.0296
density:21,density,er_d32,1000,1729,333,3,559900.0,500700.0,1.1182344717395647,0.0592
density:21,density,er_d32,1000,1729,333,4,435900.0,523600.0,0.832505729564553,-0.0877
density:21,density,er_d32,1000,1729,333,5,434300.0,450200.0,0.9646823633940471,-0.0159
density:21,density,er_d32,1000,1729,333,6,441400.0,443500.0,0.9952649379932357,-0.0021
density:21,density,er_d32,1000,1729,333,7,429700.0,428200.0,1.0035030359645025,0.0015
density:21,density,er_d32,1000,1729,666,0,420900.0,418500.0,1.0057347670250896,0.0024
density:21,density,er_d32,1000,1729,666,1,470300.0,603300.0,0.7795458312613956,-0.133
density:21,density,er_d32,1000,1729,666,2,530400.0,444300.0,1.1937879810938554,0.0861
density:21,density,er_d32,1000,1729,666,3,457700.0,470200.0,0.9734155678434708,-0.0125
density:21,density,er_d32,1000,1729,666,4,441700.0,429100.0,1.0293637846655792,0.0126
density:21,density,er_d32,1000,1729,666,5,439400.0,439900.0,0.9988633780404638,-0.0005
density:21,density,er_d32,1000,1729,666,6,451100.0,449200.0,1.0042297417631345,0.0019
density:21,density,er_d32,1000,1729,666,7,433400.0,455000.0,0.9525274725274725,-0.0216
density:22,density,er_d64,1000,1729,333,0,584800.0,588300.0,0.9940506544280129,-0.0035
density:22,density,er_d64,1000,1729,333,1,719700.0,576500.0,1.248395490026019,0.1432
density:22,density,er_d64,1000,1729,333,2,544400.0,620300.0,0.8776398516846687,-0.0759
density:22,density,er_d64,1000,1729,333,3,587200.0,583800.0,1.0058239122987325,0.0034
density:22,density,er_d64,1000,1729,333,4,619800.0,601800.0,1.0299102691924227,0.018
density:22,density,er_d64,1000,1729,333,5,558200.0,768100.0,0.7267282905871632,-0.2099
density:22,density,er_d64,1000,1729,333,6,799600.0,716700.0,1.115669038649365,0.0829
density:22,density,er_d64,1000,1729,333,7,625300.0,600900.0,1.0406057580296222,0.0244
density:22,density,er_d64,1000,1729,666,0,836600.0,794300.0,1.0532544378698225,0.0423
density:22,density,er_d64,1000,1729,666,1,583400.0,622600.0,0.937038226790877,-0.0392
density:22,density,er_d64,1000,1729,666,2,596300.0,609700.0,0.978021978021978,-0.0134
density:22,density,er_d64,1000,1729,666,3,652500.0,612900.0,1.064610866372981,0.0396
density:22,density,er_d64,1000,1729,666,4,729200.0,709800.0,1.0273316427162582,0.0194
density:22,density,er_d64,1000,1729,666,5,1607500.0,1251600.0,1.2843560242889103,0.3559
density:22,density,er_d64,1000,1729,666,6,583900.0,605100.0,0.9649644686828623,-0.0212
density:22,density,er_d64,1000,1729,666,7,607400.0,743100.0,0.8173866236038219,-0.1357
density:23,density,er_d128,1000,1729,333,0,1024900.0,837800.0,1.2233229887801385,0.1871
density:23,density,er_d128,1000,1729,333,1,790800.0,819500.0,0.9649786455155582,-0.0287
density:23,density,er_d128,1000,1729,333,2,1166600.0,886600.0,1.3158132190390255,0.28
density:23,density,er_d128,1000,1729,333,3,833900.0,833500.0,1.000479904019196,0.0004
density:23,density,er_d128,1000,1729,333,4,754600.0,802000.0,0.9408977556109726,-0.0474
density:23,density,er_d128,1000,1729,333,5,887600.0,808100.0,1.0983789135008044,0.0795
density:23,density,er_d128,1000,1729,333,6,792000.0,825600.0,0.9593023255813954,-0.0336
density:23,density,er_d128,1000,1729,333,7,810500.0,776700.0,1.043517445603193,0.0338
density:23,density,er_d128,1000,1729,666,0,779700.0,776400.0,1.0042503863987635,0.0033
density:23,density,er_d128,1000,1729,666,1,776300.0,773100.0,1.0041391799249773,0.0032
density:23,density,er_d128,1000,1729,666,2,772300.0,776900.0,0.9940790320504569,-0.0046
density:23,density,er_d128,1000,1729,666,3,745800.0,939100.0,0.7941646257054626,-0.1933
density:23,density,er_d128,1000,1729,666,4,739000.0,762700.0,0.9689261832961846,-0.0237
density:23,density,er_d128,1000,1729,666,5,732800.0,760100.0,0.9640836732008946,-0.0273
density:23,density,er_d128,1000,1729,666,6,742800.0,765300.0,0.9705997647981184,-0.0225
density:23,density,er_d128,1000,1729,666,7,777400.0,789400.0,0.9847985812009121,-0.012
density:24,density,er_d256,1000,1729,333,0,961700.0,950000.0,1.0123157894736843,0.0117
density:24,density,er_d256,1000,1729,333,1,913000.0,981800.0,0.9299246282338561,-0.0688
density:24,density,er_d256,1000,1729,333,2,904700.0,989200.0,0.9145774363121715,-0.0845
density:24,density,er_d256,1000,1729,333,3,924700.0,1034500.0,0.8938617689705172,-0.1098
density:24,density,er_d256,1000,1729,333,4,1045300.0,965000.0,1.0832124352331607,0.0803
density:24,density,er_d256,1000,1729,333,5,909900.0,1125800.0,0.8082252620358856,-0.2159
density:24,density,er_d256,1000,1729,333,6,987200.0,964200.0,1.0238539722049367,0.023
density:24,density,er_d256,1000,1729,333,7,944700.0,926200.0,1.0199740876700496,0.0185
density:24,density,er_d256,1000,1729,666,0,946100.0,1045100.0,0.9052722227538035,-0.099
density:24,density,er_d256,1000,1729,666,1,1084800.0,1138000.0,0.9532513181019332,-0.0532
density:24,density,er_d256,1000,1729,666,2,926400.0,960500.0,0.9644976574700677,-0.0341
density:24,density,er_d256,1000,1729,666,3,917200.0,957700.0,0.9577111830427065,-0.0405
density:24,density,er_d256,1000,1729,666,4,1092900.0,1344900.0,0.8126254740129377,-0.252
density:24,density,er_d256,1000,1729,666,5,1001500.0,978200.0,1.0238192598650582,0.0233
density:24,density,er_d256,1000,1729,666,6,1288900.0,961100.0,1.3410675267922172,0.3278
density:24,density,er_d256,1000,1729,666,7,929100.0,1000400.0,0.9287285085965614,-0.0713
density:25,density,er_d2,5000,1729,1666,0,593800.0,734100.0,0.8088816237569814,-0.1403
density:25,density,er_d2,5000,1729,1666,1,669800.0,754700.0,0.8875049688617994,-0.0849
density:25,density,er_d2,5000,1729,1666,2,857500.0,705200.0,1.2159671015314804,0.1523
density:25,density,er_d2,5000,1729,1666,3,580900.0,787400.0,0.737744475488951,-0.2065
density:25,density,er_d2,5000,1729,1666,4,608300.0,846900.0,0.7182666194355887,-0.2386
density:25,density,er_d2,5000,1729,1666,5,584800.0,700000.0,0.8354285714285714,-0.1152
density:25,density,er_d2,5000,1729,1666,6,586800.0,752800.0,0.779489904357067,-0.166
density:25,density,er_d2,5000,1729,1666,7,640800.0,742400.0,0.8631465517241379,-0.1016
density:25,density,er_d2,5000,1729,3333,0,1026600.0,726500.0,1.4130763936682726,0.3001
density:25,density,er_d2,5000,1729,3333,1,580900.0,683000.0,0.8505124450951683,-0.1021
density:25,density,er_d2,5000,1729,3333,2,583400.0,750400.0,0.777452025586354,-0.167
density:25,density,er_d2,5000,1729,3333,3,614600.0,716200.0,0.8581401843060598,-0.1016
density:25,density,er_d2,5000,1729,3333,4,580500.0,713300.0,0.8138230758446656,-0.1328
density:25,density,er_d2,5000,1729,3333,5,592500.0,769700.0,0.7697804339352995,-0.1772
density:25,density,er_d2,5000,1729,3333,6,591200.0,721300.0,0.8196312214057951,-0.1301
density:25,density,er_d2,5000,1729,3333,7,591300.0,698700.0,0.8462859596393302,-0.1074
density:26,density,er_d4,5000,1729,1666,0,1393200.0,1265300.0,1.1010827471745832,0.1279
density:26,density,er_d4,5000,1729,1666,1,1106800.0,1260900.0,0.8777857086208264,-0.1541
density:26,density,er_d4,5000,1729,1666,2,1233600.0,1470000.0,0.8391836734693877,-0.2364
density:26,density,er_d4,5000,1729,1666,3,1071400.0,1272900.0,0.8417000549925368,-0.2015
density:26,density,er_d4,5000,1729,1666,4,1058600.0,1351900.0,0.7830460832901842,-0.2933
density:26,density,er_d4,5000,1729,1666,5,1033200.0,1301500.0,0.793853246254322,-0.2683
density:26,density,er_d4,5000,1729,1666,6,1246300.0,1255100.0,0.992988606485539,-0.0088
density:26,density,er_d4,5000,1729,1666,7,1087400.0,1313800.0,0.8276754452732532,-0.2264
density:26,density,er_d4,5000,1729,3333,0,1030600.0,1309700.0,0.7868977628464534,-0.2791
density:26,density,er_d4,5000,1729,3333,1,1328200.0,1274400.0,1.0422159447583177,0.0538
density:26,density,er_d4,5000,1729,3333,2,1035000.0,1522000.0,0.6800262812089356,-0.487
density:26,density,er_d4,5000,1729,3333,3,1899000.0,1445000.0,1.3141868512110726,0.454
density:26,density,er_d4,5000,1729,3333,4,1353500.0,1808200.0,0.7485344541533017,-0.4547
density:26,density,er_d4,5000,1729,3333,5,1051800.0,1245300.0,0.8446157552397012,-0.1935
density:26,density,er_d4,5000,1729,3333,6,1071300.0,1245500.0,0.8601364913689281,-0.1742
density:26,density,er_d4,5000,1729,3333,7,1378000.0,1228600.0,1.1216018232134137,0.1494
density:27,density,er_d8,5000,1729,1666,0,1475100.0,1543100.0,0.9559328624198042,-0.068
density:27,density,er_d8,5000,1729,1666,1,1759400.0,1528800.0,1.1508372579801152,0.2306
density:27,density,er_d8,5000,1729,1666,2,1585200.0,1658400.0,0.9558610709117221,-0.0732
density:27,density,er_d8,5000,1729,1666,3,1452800.0,1588800.0,0.9144008056394763,-0.136
density:27,density,er_d8,5000,1729,1666,4,1736900.0,1628500.0,1.0665643229966226,0.1084
density:27,density,er_d8,5000,1729,1666,5,1505300.0,1566900.0,0.9606867062352415,-0.0616
density:27,density,er_d8,5000,1729,1666,6,1577300.0,1587500.0,0.9935748031496063,-0.0102
density:27,density,er_d8,5000,1729,1666,7,1599100.0,1687600.0,0.9475586631903294,-0.0885
density:27,density,er_d8,5000,1729,3333,0,1462700.0,1545600.0,0.9463638716356108,-0.0829
density:27,density,er_d8,5000,1729,3333,1,1572200.0,1464300.0,1.073687085979649,0.1079
density:27,density,er_d8,5000,1729,3333,2,1554300.0,1512400.0,1.0277043110288284,0.0419
density:27,density,er_d8,5000,1729,3333,3,1500800.0,1685500.0,0.8904182735093444,-0.1847
density:27,density,er_d8,5000,1729,3333,4,1441400.0,1536400.0,0.9381671439729237,-0.095
density:27,density,er_d8,5000,1729,3333,5,1431700.0,1546300.0,0.9258876026644247,-0.1146
density:27,density,er_d8,5000,1729,3333,6,1546700.0,1534700.0,1.0078191177428812,0.012
density:27,density,er_d8,5000,1729,3333,7,1658400.0,1483000.0,1.118273769386379,0.1754
density:28,density,er_d16,5000,1729,1666,0,2219300.0,2119800.0,1.04693839041419,0.0995
density:28,density,er_d16,5000,1729,1666,1,2550700.0,2112500.0,1.207431952662722,0.4382
density:28,density,er_d16,5000,1729,1666,2,2045300.0,2161300.0,0.9463285985286634,-0.116
density:28,density,er_d16,5000,1729,1666,3,2219500.0,2167100.0,1.0241797794287297,0.0524
density:28,density,er_d16,5000,1729,1666,4,2066300.0,2249300.0,0.9186413550882496,-0.183
density:28,density,er_d16,5000,1729,1666,5,2372200.0,2913800.0,0.814125883725719,-0.5416
density:28,density,er_d16,5000,1729,1666,6,2771200.0,2150800.0,1.2884508090013018,0.6204
density:28,density,er_d16,5000,1729,1666,7,2124600.0,2425800.0,0.8758347761563195,-0.3012
density:28,density,er_d16,5000,1729,3333,0,2136400.0,3252800.0,0.6567879980324643,-1.1164
density:28,density,er_d16,5000,1729,3333,1,2157000.0,2227200.0,0.9684806034482759,-0.0702
density:28,density,er_d16,5000,1729,3333,2,2531200.0,2250700.0,1.1246278935442307,0.2805
density:28,density,er_d16,5000,1729,3333,3,2060800.0,2236500.0,0.9214397496087637,-0.1757
density:28,density,er_d16,5000,1729,3333,4,1998100.0,2107800.0,0.9479552139671695,-0.1097
density:28,density,er_d16,5000,1729,3333,5,2078800.0,2333700.0,0.8907743068946309,-0.2549
density:28,density,er_d16,5000,1729,3333,6,2092700.0,2128000.0,0.9834116541353384,-0.0353
density:28,density,er_d16,5000,1729,3333,7,2265300.0,2677100.0,0.8461768331403384,-0.4118
density:29,density,er_d32,5000,1729,1666,0,2562800.0,2752300.0,0.9311484939868474,-0.1895
density:29,density,er_d32,5000,1729,1666,1,2677300.0,2721400.0,0.9837951054604248,-0.0441
density:29,density,er_d32,5000,1729,1666,2,2805300.0,2883900.0,0.9727452408197232,-0.0786
density:29,density,er_d32,5000,1729,1666,3,2743500.0,2781000.0,0.9865156418554477,-0.0375
density:29,density,er_d32,5000,1729,1666,4,2674300.0,3206000.0,0.8341547099189021,-0.5317
density:29,density,er_d32,5000,1729,1666,5,4491600.0,2830000.0,1.5871378091872792,1.6616
density:29,density,er_d32,5000,1729,1666,6,2709100.0,2821100.0,0.9602991740810323,-0.112
density:29,density,er_d32,5000,1729,1666,7,2639300.0,2750000.0,0.9597454545454546,-0.1107
density:29,density,er_d32,5000,1729,3333,0,2822000.0,2864700.0,0.9850944252452264,-0.0427
density:29,density,er_d32,5000,1729,3333,1,2862200.0,3366000.0,0.8503267973856209,-0.5038
density:29,density,er_d32,5000,1729,3333,2,2776200.0,2770400.0,1.0020935604966792,0.0058
density:29,density,er_d32,5000,1729,3333,3,2700600.0,3219100.0,0.8389301357522289,-0.5185
density:29,density,er_d32,5000,1729,3333,4,2676300.0,2741100.0,0.9763598555324505,-0.0648
density:29,density,er_d32,5000,1729,3333,5,2729500.0,2950300.0,0.9251601532047589,-0.2208
density:29,density,er_d32,5000,1729,3333,6,2726500.0,3088400.0,0.8828195829555757,-0.3619
density:29,density,er_d32,5000,1729,3333,7,3235900.0,2836600.0,1.1407671155608827,0.3993
density:3,density,er_d8,1000,42,333,0,202400.0,212000.0,0.9547169811320755,-0.0096
density:3,density,er_d8,1000,42,333,1,205300.0,208800.0,0.9832375478927203,-0.0035
density:3,density,er_d8,1000,42,333,2,204200.0,210100.0,0.9719181342217992,-0.0059
density:3,density,er_d8,1000,42,333,3,204600.0,212100.0,0.9646393210749646,-0.0075
density:3,density,er_d8,1000,42,333,4,206000.0,209000.0,0.9856459330143541,-0.003
density:3,density,er_d8,1000,42,333,5,204700.0,206100.0,0.9932071809801067,-0.0014
density:3,density,er_d8,1000,42,333,6,203600.0,211100.0,0.9644718143060161,-0.0075
density:3,density,er_d8,1000,42,333,7,209100.0,231300.0,0.9040207522697795,-0.0222
density:3,density,er_d8,1000,42,666,0,231900.0,308100.0,0.7526777020447907,-0.0762
density:3,density,er_d8,1000,42,666,1,210000.0,213300.0,0.9845288326300985,-0.0033
density:3,density,er_d8,1000,42,666,2,203300.0,203700.0,0.9980363279332352,-0.0004
density:3,density,er_d8,1000,42,666,3,201500.0,212500.0,0.9482352941176471,-0.011
density:3,density,er_d8,1000,42,666,4,204100.0,205800.0,0.9917395529640428,-0.0017
density:3,density,er_d8,1000,42,666,5,205700.0,204500.0,1.0058679706601468,0.0012
density:3,density,er_d8,1000,42,666,6,205100.0,526300.0,0.38970169105073155,-0.3212
density:3,density,er_d8,1000,42,666,7,218600.0,210800.0,1.037001897533207,0.0078
density:30,density,er_d64,5000,1729,1666,0,4763200.0,3790200.0,1.2567146852408844,0.973
density:30,density,er_d64,5000,1729,1666,1,3962900.0,3730900.0,1.0621833873864215,0.232
density:30,density,er_d64,5000,1729,1666,2,3491000.0,3674700.0,0.9500095245870411,-0.1837
density:30,density,er_d64,5000,1729,1666,3,3568600.0,3656300.0,0.9760140032273062,-0.0877
density:30,density,er_d64,5000,1729,1666,4,3399700.0,3905900.0,0.87040118794644,-0.5062
density:30,density,er_d64,5000,1729,1666,5,3687300.0,3742100.0,0.9853558162529061,-0.0548
density:30,density,er_d64,5000,1729,1666,6,3431200.0,3810200.0,0.9005301558973282,-0.379
density:30,density,er_d64,5000,1729,1666,7,3885100.0,3620600.0,1.073054189913274,0.2645
density:30,density,er_d64,5000,1729,3333,0,3727900.0,3880300.0,0.9607246862356004,-0.1524
density:30,density,er_d64,5000,1729,3333,1,4287100.0,3932100.0,1.0902825462221204,0.355
density:30,density,er_d64,5000,1729,3333,2,3695000.0,4098500.0,0.901549347322191,-0.4035
density:30,density,er_d64,5000,1729,3333,3,4161500.0,4258700.0,0.977176133561885,-0.0972
density:30,density,er_d64,5000,1729,3333,4,4348400.0,3743500.0,1.1615867503673034,0.6049
density:30,density,er_d64,5000,1729,3333,5,3834000.0,4696000.0,0.8164395229982965,-0.862
density:30,density,er_d64,5000,1729,3333,6,3999800.0,4118100.0,0.9712731599524053,-0.1183
density:30,density,er_d64,5000,1729,3333,7,3705500.0,3862700.0,0.9593030781577653,-0.1572
density:31,density,er_d128,5000,1729,1666,0,5350300.0,5234200.0,1.0221810400825342,0.1161
density:31,density,er_d128,5000,1729,1666,1,5274600.0,5608800.0,0.9404150620453573,-0.3342
density:31,density,er_d128,5000,1729,1666,2,6267500.0,5111600.0,1.2261327177400423,1.1559
density:31,density,er_d128,5000,1729,1666,3,6114100.0,5460200.0,1.1197575180396322,0.6539
density:31,density,er_d128,5000,1729,1666,4,6042000.0,5476500.0,1.1032593809915092,0.5655
density:31,density,er_d128,5000,1729,1666,5,5400800.0,5837300.0,0.9252222774227811,-0.4365
density:31,density,er_d128,5000,1729,1666,6,5768900.0,5536200.0,1.0420324410245294,0.2327
density:31,density,er_d128,5000,1729,1666,7,5437200.0,5455500.0,0.9966455870222711,-0.0183
density:31,density,er_d128,5000,1729,3333,0,5580800.0,5258000.0,1.0613921643210347,0.3228
density:31,density,er_d128,5000,1729,3333,1,5772600.0,5382500.0,1.0724756154203436,0.3901
density:31,density,er_d128,5000,1729,3333,2,5146500.0,6924900.0,0.7431876272581553,-1.7784
density:31,density,er_d128,5000,1729,3333,3,5298700.0,7380000.0,0.7179810298102981,-2.0813
density:31,density,er_d128,5000,1729,3333,4,6157400.0,5654700.0,1.0888994995313632,0.5027
density:31,density,er_d128,5000,1729,3333,5,6127200.0,5257500.0,1.1654208273894437,0.8697
density:31,density,er_d128,5000,1729,3333,6,6111100.0,5262500.0,1.1612541567695962,0.8486
density:31,density,er_d128,5000,1729,3333,7,4976400.0,5925200.0,0.839870384122055,-0.9488
density:32,density,er_d256,5000,1729,1666,0,6498400.0,7701100.0,0.8438275051616003,-1.2027
density:32,density,er_d256,5000,1729,1666,1,7017600.0,6912200.0,1.015248401377275,0.1054
density:32,density,er_d256,5000,1729,1666,2,6739800.0,7269900.0,0.9270829034787273,-0.5301
density:32,density,er_d256,5000,1729,1666,3,7660700.0,6913500.0,1.1080783973385406,0.7472
density:32,density,er_d256,5000,1729,1666,4,6932700.0,6755900.0,1.026169718320283,0.1768
density:32,density,er_d256,5000,1729,1666,5,7121600.0,7113400.0,1.00115275395732,0.0082
density:32,density,er_d256,5000,1729,1666,6,7392400.0,7485100.0,0.9876153959198942,-0.0927
density:32,density,er_d256,5000,1729,1666,7,6606200.0,7086500.0,0.9322232413744443,-0.4803
density:32,density,er_d256,5000,1729,3333,0,6516200.0,6553400.0,0.9943235572374646,-0.0372
density:32,density,er_d256,5000,1729,3333,1,8228200.0,6582000.0,1.2501063506532968,1.6462
density:32,density,er_d256,5000,1729,3333,2,7029700.0,6494400.0,1.0824248583394924,0.5353
density:32,density,er_d256,5000,1729,3333,3,6481200.0,6545700.0,0.9901462028507264,-0.0645
density:32,density,er_d256,5000,1729,3333,4,7735500.0,8297400.0,0.932279991322583,-0.5619
density:32,density,er_d256,5000,1729,3333,5,6622900.0,6584000.0,1.005908262454435,0.0389
density:32,density,er_d256,5000,1729,3333,6,7415600.0,6496600.0,1.1414586091186159,0.919
density:32,density,er_d256,5000,1729,3333,7,6347400.0,6861500.0,0.9250746921227136,-0.5141
density:33,density,er_d2,1000,2026,333,0,497100.0,204900.0,2.4260614934114204,0.2922
density:33,density,er_d2,1000,2026,333,1,97000.0,114100.0,0.8501314636283961,-0.0171
density:33,density,er_d2,1000,2026,333,2,92000.0,109000.0,0.8440366972477065,-0.017
density:33,density,er_d2,1000,2026,333,3,91300.0,112300.0,0.8130008904719501,-0.021
density:33,density,er_d2,1000,2026,333,4,92200.0,110200.0,0.8366606170598911,-0.018
density:33,density,er_d2,1000,2026,333,5,94700.0,121400.0,0.7800658978583196,-0.0267
density:33,density,er_d2,1000,2026,333,6,97600.0,108900.0,0.8962350780532599,-0.0113
density:33,density,er_d2,1000,2026,333,7,94400.0,111700.0,0.8451208594449419,-0.0173
density:33,density,er_d2,1000,2026,666,0,96900.0,108900.0,0.8898071625344353,-0.012
density:33,density,er_d2,1000,2026,666,1,93800.0,123900.0,0.7570621468926554,-0.0301
density:33,density,er_d2,1000,2026,666,2,94400.0,106100.0,0.8897266729500471,-0.0117
density:33,density,er_d2,1000,2026,666,3,94200.0,109900.0,0.8571428571428571,-0.0157
density:33,density,er_d2,1000,2026,666,4,90200.0,110700.0,0.8148148148148148,-0.0205
density:33,density,er_d2,1000,2026,666,5,94000.0,110200.0,0.852994555353902,-0.0162
density:33,density,er_d2,1000,2026,666,6,94100.0,105300.0,0.8936372269705603,-0.0112
density:33,density,er_d2,1000,2026,666,7,94100.0,113600.0,0.8283450704225352,-0.0195
density:34,density,er_d4,1000,2026,333,0,168200.0,198500.0,0.8473551637279597,-0.0303
density:34,density,er_d4,1000,2026,333,1,172300.0,223900.0,0.7695399732023225,-0.0516
density:34,density,er_d4,1000,2026,333,2,171600.0,196600.0,0.8728382502543235,-0.025
density:34,density,er_d4,1000,2026,333,3,196600.0,339400.0,0.5792575132586918,-0.1428
density:34,density,er_d4,1000,2026,333,4,281600.0,202100.0,1.3933696190004947,0.0795
density:34,density,er_d4,1000,2026,333,5,183400.0,195000.0,0.9405128205128205,-0.0116
density:34,density,er_d4,1000,2026,333,6,172100.0,202200.0,0.8511374876360039,-0.0301
density:34,density,er_d4,1000,2026,333,7,167400.0,214800.0,0.7793296089385475,-0.0474
density:34,density,er_d4,1000,2026,666,0,174800.0,193100.0,0.9052304505437597,-0.0183
density:34,density,er_d4,1000,2026,666,1,207400.0,205200.0,1.010721247563353,0.0022
density:34,density,er_d4,1000,2026,666,2,172300.0,193800.0,0.8890608875128999,-0.0215
density:34,density,er_d4,1000,2026,666,3,172500.0,198400.0,0.8694556451612904,-0.0259
density:34,density,er_d4,1000,2026,666,4,173500.0,189600.0,0.915084388185654,-0.0161
density:34,density,er_d4,1000,2026,666,5,303400.0,217100.0,1.3975126669737448,0.0863
density:34,density,er_d4,1000,2026,666,6,173300.0,195700.0,0.885539090444558,-0.0224
density:34,density,er_d4,1000,2026,666,7,171600.0,197800.0,0.8675429726996967,-0.0262
density:35,density,er_d8,1000,2026,333,0,245800.0,258900.0,0.9494013132483584,-0.0131
density:35,density,er_d8,1000,2026,333,1,244700.0,253000.0,0.967193675889328,-0.0083
density:35,density,er_d8,1000,2026,333,2,250700.0,254500.0,0.9850687622789784,-0.0038
density:35,density,er_d8,1000,2026,333,3,250100.0,250300.0,0.9992009588493808,-0.0002
density:35,density,er_d8,1000,2026,333,4,322200.0,290200.0,1.1102687801516196,0.032
density:35,density,er_d8,1000,2026,333,5,296000.0,333500.0,0.8875562218890555,-0.0375
density:35,density,er_d8,1000,2026,333,6,247900.0,259200.0,0.9564043209876543,-0.0113
density:35,density,er_d8,1000,2026,333,7,263300.0,251300.0,1.0477516912057303,0.012
density:35,density,er_d8,1000,2026,666,0,264900.0,266100.0,0.9954904171364148,-0.0012
density:35,density,er_d8,1000,2026,666,1,267800.0,284400.0,0.9416315049226441,-0.0166
density:35,density,er_d8,1000,2026,666,2,249600.0,258900.0,0.9640787949015064,-0.0093
density:35,density,er_d8,1000,2026,666,3,316300.0,266100.0,1.188650883126644,0.0502
density:35,density,er_d8,1000,2026,666,4,257200.0,269100.0,0.9557785209959123,-0.0119
density:35,density,er_d8,1000,2026,666,5,255200.0,270100.0,0.9448352462051092,-0.0149
density:35,density,er_d8,1000,2026,666,6,329700.0,272500.0,1.209908256880734,0.0572
density:35,density,er_d8,1000,2026,666,7,250400.0,255000.0,0.9819607843137255,-0.0046
density:36,density,er_d16,1000,2026,333,0,337700.0,352000.0,0.959375,-0.0143
density:36,density,er_d16,1000,2026,333,1,351100.0,343200.0,1.023018648018648,0.0079
density:36,density,er_d16,1000,2026,333,2,328700.0,370100.0,0.8881383409889219,-0.0414
density:36,density,er_d16,1000,2026,333,3,343200.0,398200.0,0.861878453038674,-0.055
density:36,density,er_d16,1000,2026,333,4,363100.0,356700.0,1.0179422483880012,0.0064
density:36,density,er_d16,1000,2026,333,5,348200.0,344000.0,1.0122093023255814,0.0042
density:36,density,er_d16,1000,2026,333,6,335700.0,343200.0,0.9781468531468531,-0.0075
density:36,density,er_d16,1000,2026,333,7,333400.0,338400.0,0.985224586288416,-0.005
density:36,density,er_d16,1000,2026,666,0,332800.0,337000.0,0.9875370919881306,-0.0042
density:36,density,er_d16,1000,2026,666,1,324200.0,463100.0,0.7000647808248759,-0.1389
density:36,density,er_d16,1000,2026,666,2,338200.0,331500.0,1.020211161387632,0.0067
density:36,density,er_d16,1000,2026,666,3,332500.0,330700.0,1.005442999697611,0.0018
density:36,density,er_d16,1000,2026,666,4,324700.0,328500.0,0.9884322678843227,-0.0038
density:36,density,er_d16,1000,2026,666,5,329900.0,354000.0,0.9319209039548022,-0.0241
density:36,density,er_d16,1000,2026,666,6,326900.0,336600.0,0.9711824123588829,-0.0097
density:36,density,er_d16,1000,2026,666,7,333000.0,343700.0,0.9688681990107652,-0.0107
density:37,density,er_d32,1000,2026,333,0,449700.0,439800.0,1.0225102319236017,0.0099
density:37,density,er_d32,1000,2026,333,1,430900.0,440800.0,0.9775408348457351,-0.0099
density:37,density,er_d32,1000,2026,333,2,476500.0,510200.0,0.9339474715797726,-0.0337
density:37,density,er_d32,1000,2026,333,3,429500.0,447800.0,0.9591335417597141,-0.0183
density:37,density,er_d32,1000,2026,333,4,430800.0,438400.0,0.9826642335766423,-0.0076
density:37,density,er_d32,1000,2026,333,5,424900.0,476500.0,0.891710388247639,-0.0516
density:37,density,er_d32,1000,2026,333,6,451800.0,450500.0,1.0028856825749168,0.0013
density:37,density,er_d32,1000,2026,333,7,433600.0,537900.0,0.8060977876928798,-0.1043
density:37,density,er_d32,1000,2026,666,0,430900.0,426200.0,1.0110276865321446,0.0047
density:37,density,er_d32,1000,2026,666,1,429800.0,581400.0,0.739250085999312,-0.1516
density:37,density,er_d32,1000,2026,666,2,443800.0,828000.0,0.5359903381642512,-0.3842
density:37,density,er_d32,1000,2026,666,3,450300.0,499500.0,0.9015015015015015,-0.0492
density:37,density,er_d32,1000,2026,666,4,425200.0,496500.0,0.8563947633434038,-0.0713
density:37,density,er_d32,1000,2026,666,5,444700.0,444600.0,1.000224921277553,0.0001
density:37,density,er_d32,1000,2026,666,6,476400.0,540500.0,0.8814061054579093,-0.0641
density:37,density,er_d32,1000,2026,666,7,425900.0,436800.0,0.9750457875457875,-0.0109
density:38,density,er_d64,1000,2026,333,0,638400.0,577900.0,1.1046893926284824,0.0605
density:38,density,er_d64,1000,2026,333,1,564000.0,628800.0,0.8969465648854962,-0.0648
density:38,density,er_d64,1000,2026,333,2,620900.0,586600.0,1.058472553699284,0.0343
density:38,density,er_d64,1000,2026,333,3,566300.0,590000.0,0.9598305084745763,-0.0237
density:38,density,er_d64,1000,2026,333,4,587700.0,589100.0,0.997623493464607,-0.0014
density:38,density,er_d64,1000,2026,333,5,559300.0,628100.0,0.890463302021971,-0.0688
density:38,density,er_d64,1000,2026,333,6,616900.0,615300.0,1.002600357549163,0.0016
density:38,density,er_d64,1000,2026,333,7,570700.0,582000.0,0.9805841924398625,-0.0113
density:38,density,er_d64,1000,2026,666,0,795700.0,599900.0,1.3263877312885481,0.1958
density:38,density,er_d64,1000,2026,666,1,694600.0,598600.0,1.1603742064817908,0.096
density:38,density,er_d64,1000,2026,666,2,605400.0,642200.0,0.9426969791342261,-0.0368
density:38,density,er_d64,1000,2026,666,3,610600.0,600300.0,1.0171580876228552,0.0103
density:38,density,er_d64,1000,2026,666,4,590600.0,734300.0,0.8043034182214354,-0.1437
density:38,density,er_d64,1000,2026,666,5,767700.0,792200.0,0.9690734662963898,-0.0245
density:38,density,er_d64,1000,2026,666,6,584300.0,616600.0,0.9476159584819981,-0.0323
density:38,density,er_d64,1000,2026,666,7,590900.0,615800.0,0.9595647937642091,-0.0249
density:39,density,er_d128,1000,2026,333,0,812600.0,757100.0,1.0733060361907278,0.0555
density:39,density,er_d128,1000,2026,333,1,701500.0,759100.0,0.9241206692135423,-0.0576
density:39,density,er_d128,1000,2026,333,2,702500.0,726000.0,0.9676308539944903,-0.0235
density:39,density,er_d128,1000,2026,333,3,705300.0,721900.0,0.9770051253636237,-0.0166
density:39,density,er_d128,1000,2026,333,4,704100.0,835700.0,0.8425272226875673,-0.1316
density:39,density,er_d128,1000,2026,333,5,687800.0,783100.0,0.8783041757119142,-0.0953
density:39,density,er_d128,1000,2026,333,6,717200.0,808000.0,0.8876237623762376,-0.0908
density:39,density,er_d128,1000,2026,333,7,734500.0,987500.0,0.7437974683544304,-0.253
density:39,density,er_d128,1000,2026,666,0,702900.0,724800.0,0.9697847682119205,-0.0219
density:39,density,er_d128,1000,2026,666,1,784800.0,739400.0,1.0614011360562619,0.0454
density:39,density,er_d128,1000,2026,666,2,690500.0,733800.0,0.940992095938948,-0.0433
density:39,density,er_d128,1000,2026,666,3,905400.0,718300.0,1.2604761241820965,0.1871
density:39,density,er_d128,1000,2026,666,4,890300.0,1055700.0,0.843326702661741,-0.1654
density:39,density,er_d128,1000,2026,666,5,759100.0,717200.0,1.0584216397099833,0.0419
density:39,density,er_d128,1000,2026,666,6,690100.0,683900.0,1.0090656528732271,0.0062
density:39,density,er_d128,1000,2026,666,7,716000.0,759900.0,0.9422292406895644,-0.0439
density:4,density,er_d16,1000,42,333,0,301100.0,556100.0,0.5414493796079842,-0.255
density:4,density,er_d16,1000,42,333,1,274800.0,275200.0,0.998546511627907,-0.0004
density:4,density,er_d16,1000,42,333,2,280700.0,277500.0,1.0115315315315316,0.0032
density:4,density,er_d16,1000,42,333,3,277600.0,278400.0,0.9971264367816092,-0.0008
density:4,density,er_d16,1000,42,333,4,273600.0,307600.0,0.8894668400520156,-0.034
density:4,density,er_d16,1000,42,333,5,278800.0,278500.0,1.0010771992818672,0.0003
density:4,density,er_d16,1000,42,333,6,279200.0,281300.0,0.9925346605047991,-0.0021
density:4,density,er_d16,1000,42,333,7,272600.0,274600.0,0.9927166788055353,-0.002
density:4,density,er_d16,1000,42,666,0,286400.0,300300.0,0.9537129537129537,-0.0139
density:4,density,er_d16,1000,42,666,1,281800.0,283400.0,0.9943542695836274,-0.0016
density:4,density,er_d16,1000,42,666,2,308700.0,308300.0,1.0012974375608175,0.0004
density:4,density,er_d16,1000,42,666,3,280400.0,282100.0,0.9939737681673165,-0.0017
density:4,density,er_d16,1000,42,666,4,297300.0,292700.0,1.0157157499145884,0.0046
density:4,density,er_d16,1000,42,666,5,293000.0,296300.0,0.9888626392170098,-0.0033
density:4,density,er_d16,1000,42,666,6,306100.0,283300.0,1.0804800564772326,0.0228
density:4,density,er_d16,1000,42,666,7,463600.0,286900.0,1.6158940397350994,0.1767
density:40,density,er_d256,1000,2026,333,0,873800.0,925900.0,0.9437304244518846,-0.0521
density:40,density,er_d256,1000,2026,333,1,1078500.0,984500.0,1.095479939055358,0.094
density:40,density,er_d256,1000,2026,333,2,869900.0,913500.0,0.9522714833059661,-0.0436
density:40,density,er_d256,1000,2026,333,3,962700.0,911800.0,1.055823645536302,0.0509
density:40,density,er_d256,1000,2026,333,4,873800.0,971100.0,0.8998043455874781,-0.0973
density:40,density,er_d256,1000,2026,333,5,1010000.0,955700.0,1.0568169927801612,0.0543
density:40,density,er_d256,1000,2026,333,6,929800.0,902500.0,1.0302493074792243,0.0273
density:40,density,er_d256,1000,2026,333,7,865200.0,929100.0,0.9312237649338069,-0.0639
density:40,density,er_d256,1000,2026,666,0,950500.0,1014800.0,0.936637761135199,-0.0643
density:40,density,er_d256,1000,2026,666,1,942100.0,916300.0,1.0281567172323476,0.0258
density:40,density,er_d256,1000,2026,666,2,955700.0,919300.0,1.039595344283694,0.0364
density:40,density,er_d256,1000,2026,666,3,859500.0,928300.0,0.9258860282236346,-0.0688
density:40,density,er_d256,1000,2026,666,4,1011100.0,905700.0,1.1163740753008722,0.1054
density:40,density,er_d256,1000,2026,666,5,960200.0,913000.0,1.051697699890471,0.0472
density:40,density,er_d256,1000,2026,666,6,902200.0,982500.0,0.9182697201017812,-0.0803
density:40,density,er_d256,1000,2026,666,7,868000.0,866100.0,1.0021937420621176,0.0019
density:41,density,er_d2,5000,2026,1666,0,566500.0,685500.0,0.8264040846097739,-0.119
density:41,density,er_d2,5000,2026,1666,1,542300.0,694100.0,0.7812995245641838,-0.1518
density:41,density,er_d2,5000,2026,1666,2,555800.0,776000.0,0.7162371134020619,-0.2202
density:41,density,er_d2,5000,2026,1666,3,540300.0,682800.0,0.7913005272407733,-0.1425
density:41,density,er_d2,5000,2026,1666,4,560900.0,720500.0,0.7784871616932686,-0.1596
density:41,density,er_d2,5000,2026,1666,5,557500.0,689600.0,0.8084396751740139,-0.1321
density:41,density,er_d2,5000,2026,1666,6,546100.0,670900.0,0.8139812192577135,-0.1248
density:41,density,er_d2,5000,2026,1666,7,544600.0,679800.0,0.8011179758752575,-0.1352
density:41,density,er_d2,5000,2026,3333,0,569800.0,700400.0,0.8135351227869788,-0.1306
density:41,density,er_d2,5000,2026,3333,1,589600.0,662900.0,0.8894252526776286,-0.0733
density:41,density,er_d2,5000,2026,3333,2,574700.0,671600.0,0.8557176891006552,-0.0969
density:41,density,er_d2,5000,2026,3333,3,546800.0,715200.0,0.7645413870246085,-0.1684
density:41,density,er_d2,5000,2026,3333,4,560500.0,724600.0,0.7735302235716257,-0.1641
density:41,density,er_d2,5000,2026,3333,5,631100.0,993700.0,0.6351011371641341,-0.3626
density:41,density,er_d2,5000,2026,3333,6,685100.0,730500.0,0.9378507871321013,-0.0454
density:41,density,er_d2,5000,2026,3333,7,575900.0,731700.0,0.7870712040453738,-0.1558
density:42,density,er_d4,5000,2026,1666,0,1032700.0,1845800.0,0.559486401560299,-0.8131
density:42,density,er_d4,5000,2026,1666,1,1026000.0,1238300.0,0.8285552773964306,-0.2123
density:42,density,er_d4,5000,2026,1666,2,999400.0,1214100.0,0.8231611893583725,-0.2147
density:42,density,er_d4,5000,2026,1666,3,1078900.0,1239500.0,0.8704316256555062,-0.1606
density:42,density,er_d4,5000,2026,1666,4,1008000.0,1174600.0,0.8581644815256257,-0.1666
density:42,density,er_d4,5000,2026,1666,5,973600.0,1231200.0,0.7907732293697206,-0.2576
density:42,density,er_d4,5000,2026,1666,6,985100.0,1200900.0,0.820301440586227,-0.2158
density:42,density,er_d4,5000,2026,1666,7,1190700.0,1669700.0,0.7131221177457028,-0.479
density:42,density,er_d4,5000,2026,3333,0,1013400.0,1392900.0,0.7275468447124703,-0.3795
density:42,density,er_d4,5000,2026,3333,1,991600.0,1998200.0,0.49624662195976377,-1.0066
density:42,density,er_d4,5000,2026,3333,2,1035900.0,1227000.0,0.8442542787286064,-0.1911
density:42,density,er_d4,5000,2026,3333,3,1126800.0,1218500.0,0.9247435371358227,-0.0917
density:42,density,er_d4,5000,2026,3333,4,997200.0,1849100.0,0.5392893840246606,-0.8519
density:42,density,er_d4,5000,2026,3333,5,1029000.0,1424500.0,0.7223587223587223,-0.3955
density:42,density,er_d4,5000,2026,3333,6,987300.0,1221000.0,0.8085995085995086,-0.2337
density:42,density,er_d4,5000,2026,3333,7,989500.0,1194500.0,0.8283800753453328,-0.205
density:43,density,er_d8,5000,2026,1666,0,1601700.0,1579100.0,1.0143119498448483,0.0226
density:43,density,er_d8,5000,2026,1666,1,1982000.0,1539800.0,1.287180153266658,0.4422
density:43,density,er_d8,5000,2026,1666,2,1467500.0,1647000.0,0.8910139647844566,-0.1795
density:43,density,er_d8,5000,2026,1666,3,1543100.0,1751700.0,0.8809156819090027,-0.2086
density:43,density,er_d8,5000,2026,1666,4,1636700.0,1725600.0,0.9484816875289754,-0.0889
density:43,density,er_d8,5000,2026,1666,5,1648800.0,1619900.0,1.017840607444904,0.0289
density:43,density,er_d8,5000,2026,1666,6,1503200.0,1700000.0,0.884235294117647,-0.1968
density:43,density,er_d8,5000,2026,1666,7,1630500.0,1577600.0,1.0335319472616633,0.0529
density:43,density,er_d8,5000,2026,3333,0,1527800.0,1732100.0,0.8820506899139773,-0.2043
density:43,density,er_d8,5000,2026,3333,1,1493900.0,1535400.0,0.9729712127132994,-0.0415
density:43,density,er_d8,5000,2026,3333,2,1736300.0,1720600.0,1.0091247239335115,0.0157
density:43,density,er_d8,5000,2026,3333,3,1504800.0,1632100.0,0.9220023282887078,-0.1273
density:43,density,er_d8,5000,2026,3333,4,1646700.0,2343000.0,0.7028169014084507,-0.6963
density:43,density,er_d8,5000,2026,3333,5,1661200.0,1713800.0,0.9693079705916676,-0.0526
density:43,density,er_d8,5000,2026,3333,6,1505400.0,1621800.0,0.9282278949315576,-0.1164
density:43,density,er_d8,5000,2026,3333,7,1491400.0,1600300.0,0.9319502593263763,-0.1089
density:44,density,er_d16,5000,2026,1666,0,2238900.0,2351900.0,0.9519537395297419,-0.113
density:44,density,er_d16,5000,2026,1666,1,2261300.0,2665100.0,0.8484859855164909,-0.4038
density:44,density,er_d16,5000,2026,1666,2,2426200.0,2372100.0,1.0228067956662872,0.0541
density:44,density,er_d16,5000,2026,1666,3,2556600.0,2758700.0,0.9267408562003843,-0.2021
density:44,density,er_d16,5000,2026,1666,4,2097200.0,2306800.0,0.9091382001040402,-0.2096
density:44,density,er_d16,5000,2026,1666,5,2136600.0,2397600.0,0.8911411411411412,-0.261
density:44,density,er_d16,5000,2026,1666,6,2161500.0,2201500.0,0.9818305700658642,-0.04
density:44,density,er_d16,5000,2026,1666,7,2264900.0,2893400.0,0.7827815027303519,-0.6285
density:44,density,er_d16,5000,2026,3333,0,2121200.0,2391300.0,0.8870488855434283,-0.2701
density:44,density,er_d16,5000,2026,3333,1,2552200.0,2339400.0,1.0909634949132256,0.2128
density:44,density,er_d16,5000,2026,3333,2,1988200.0,2132800.0,0.9322018004501126,-0.1446
density:44,density,er_d16,5000,2026,3333,3,2212500.0,2074700.0,1.066419241336097,0.1378
density:44,density,er_d16,5000,2026,3333,4,2312000.0,2429100.0,0.9517928450866576,-0.1171
density:44,density,er_d16,5000,2026,3333,5,2120600.0,2112300.0,1.0039293660938313,0.0083
density:44,density,er_d16,5000,2026,3333,6,2201100.0,2370200.0,0.9286558096363177,-0.1691
density:44,density,er_d16,5000,2026,3333,7,2299800.0,2591200.0,0.8875424513738809,-0.2914
density:45,density,er_d32,5000,2026,1666,0,2827600.0,2919900.0,0.9683893284016576,-0.0923
density:45,density,er_d32,5000,2026,1666,1,2918800.0,2787000.0,1.0472909939002513,0.1318
density:45,density,er_d32,5000,2026,1666,2,2656800.0,2932000.0,0.9061391541609822,-0.2752
density:45,density,er_d32,5000,2026,1666,3,2722900.0,3862200.0,0.7050126870695459,-1.1393
density:45,density,er_d32,5000,2026,1666,4,2732000.0,2816100.0,0.9701360036930506,-0.0841
density:45,density,er_d32,5000,2026,1666,5,2824200.0,3189400.0,0.8854957045212266,-0.3652
density:45,density,er_d32,5000,2026,1666,6,2699200.0,3499300.0,0.7713542708541709,-0.8001
density:45,density,er_d32,5000,2026,1666,7,2692500.0,4060200.0,0.6631446726762229,-1.3677
density:45,density,er_d32,5000,2026,3333,0,2680400.0,2729400.0,0.9820473364109328,-0.049
density:45,density,er_d32,5000,2026,3333,1,2907700.0,2719400.0,1.0692432154151652,0.1883
density:45,density,er_d32,5000,2026,3333,2,2813300.0,3495600.0,0.8048117633596521,-0.6823
density:45,density,er_d32,5000,2026,3333,3,2783300.0,2914700.0,0.9549181733969191,-0.1314
density:45,density,er_d32,5000,2026,3333,4,2987000.0,2919500.0,1.0231203973283096,0.0675
density:45,density,er_d32,5000,2026,3333,5,3070600.0,2794000.0,1.0989978525411597,0.2766
density:45,density,er_d32,5000,2026,3333,6,3343700.0,2948200.0,1.1341496506342854,0.3955
density:45,density,er_d32,5000,2026,3333,7,2677100.0,2729800.0,0.9806945563777566,-0.0527
density:46,density,er_d64,5000,2026,1666,0,4005500.0,3769300.0,1.0626641551481708,0.2362
density:46,density,er_d64,5000,2026,1666,1,3753400.0,3953400.0,0.9494106338847574,-0.2
density:46,density,er_d64,5000,2026,1666,2,3636400.0,3739000.0,0.9725595078898102,-0.1026
density:46,density,er_d64,5000,2026,1666,3,3670700.0,3818100.0,0.9613944108326131,-0.1474
density:46,density,er_d64,5000,2026,1666,4,3775700.0,3735700.0,1.0107074979254222,0.04
density:46,density,er_d64,5000,2026,1666,5,4689200.0,3904300.0,1.20103475655047,0.7849
density:46,density,er_d64,5000,2026,1666,6,3685900.0,4067300.0,0.9062277186339832,-0.3814
density:46,density,er_d64,5000,2026,1666,7,3663100.0,3744300.0,0.9783137034959806,-0.0812
density:46,density,er_d64,5000,2026,3333,0,3510000.0,3630600.0,0.9667823500247893,-0.1206
density:46,density,er_d64,5000,2026,3333,1,3358300.0,3671400.0,0.9147191806940131,-0.3131
density:46,density,er_d64,5000,2026,3333,2,3580600.0,3823400.0,0.9364963121828739,-0.2428
density:46,density,er_d64,5000,2026,3333,3,3497900.0,3564600.0,0.9812882230825338,-0.0667
density:46,density,er_d64,5000,2026,3333,4,3783800.0,3822300.0,0.9899275305444366,-0.0385
density:46,density,er_d64,5000,2026,3333,5,3690300.0,4066400.0,0.9075103285461342,-0.3761
density:46,density,er_d64,5000,2026,3333,6,4763500.0,4611600.0,1.0329386763812993,0.1519
density:46,density,er_d64,5000,2026,3333,7,4183700.0,4707100.0,0.8888062713772811,-0.5234
density:47,density,er_d128,5000,2026,1666,0,8726200.0,8584400.0,1.0165183355854805,0.1418
density:47,density,er_d128,5000,2026,1666,1,8382000.0,10548600.0,0.7946078152551049,-2.1666
density:47,density,er_d128,5000,2026,1666,2,8516300.0,7731700.0,1.1014783294747597,0.7846
density:47,density,er_d128,5000,2026,1666,3,6450700.0,6992300.0,0.9225433691346195,-0.5416
density:47,density,er_d128,5000,2026,1666,4,8724200.0,7061200.0,1.235512377499575,1.663
density:47,density,er_d128,5000,2026,1666,5,7933300.0,7915100.0,1.0022994024080556,0.0182
density:47,density,er_d128,5000,2026,1666,6,8963500.0,7353800.0,1.2188936332236395,1.6097
density:47,density,er_d128,5000,2026,1666,7,6415700.0,6641500.0,0.9660016562523527,-0.2258
density:47,density,er_d128,5000,2026,3333,0,5898000.0,7196800.0,0.8195309026233881,-1.2988
density:47,density,er_d128,5000,2026,3333,1,5511600.0,6397500.0,0.8615240328253224,-0.8859
density:47,density,er_d128,5000,2026,3333,2,5429100.0,6753800.0,0.8038585685095798,-1.3247
density:47,density,er_d128,5000,2026,3333,3,5796300.0,5566300.0,1.041320086951835,0.23
density:47,density,er_d128,5000,2026,3333,4,5593500.0,5482200.0,1.020302068512641,0.1113
density:47,density,er_d128,5000,2026,3333,5,5520300.0,5873600.0,0.9398494960501226,-0.3533
density:47,density,er_d128,5000,2026,3333,6,6531000.0,5946900.0,1.0982192402764466,0.5841
density:47,density,er_d128,5000,2026,3333,7,6334200.0,5680600.0,1.1150582684927648,0.6536
density:48,density,er_d256,5000,2026,1666,0,7278000.0,6757800.0,1.0769777146408595,0.5202
density:48,density,er_d256,5000,2026,1666,1,6847700.0,6929800.0,0.9881526162371208,-0.0821
density:48,density,er_d256,5000,2026,1666,2,6673800.0,7925600.0,0.842056121933986,-1.2518
density:48,density,er_d256,5000,2026,1666,3,7034600.0,6811700.0,1.032723108768736,0.2229
density:48,density,er_d256,5000,2026,1666,4,6530200.0,7015500.0,0.9308246026655264,-0.4853
density:48,density,er_d256,5000,2026,1666,5,9493300.0,7475400.0,1.2699387323755251,2.0179
density:48,density,er_d256,5000,2026,1666,6,6540800.0,7526300.0,0.8690591658583899,-0.9855
density:48,density,er_d256,5000,2026,1666,7,9334600.0,6724100.0,1.3882303951458188,2.6105
density:48,density,er_d256,5000,2026,3333,0,6416100.0,6520400.0,0.9840040488313601,-0.1043
density:48,density,er_d256,5000,2026,3333,1,7508100.0,7122400.0,1.0541530944625408,0.3857
density:48,density,er_d256,5000,2026,3333,2,6518200.0,6785400.0,0.9606213340407345,-0.2672
density:48,density,er_d256,5000,2026,3333,3,7129500.0,6742000.0,1.0574755265499851,0.3875
density:48,density,er_d256,5000,2026,3333,4,6574200.0,6889800.0,0.9541931550988417,-0.3156
density:48,density,er_d256,5000,2026,3333,5,6387700.0,6706200.0,0.952506635650592,-0.3185
density:48,density,er_d256,5000,2026,3333,6,8540100.0,6821400.0,1.2519570762600052,1.7187
density:48,density,er_d256,5000,2026,3333,7,7770800.0,6600700.0,1.177269077522081,1.1701
density:5,density,er_d32,1000,42,333,0,367100.0,376300.0,0.975551421737975,-0.0092
density:5,density,er_d32,1000,42,333,1,393900.0,383500.0,1.0271186440677966,0.0104
density:5,density,er_d32,1000,42,333,2,629000.0,395400.0,1.5907941325240262,0.2336
density:5,density,er_d32,1000,42,333,3,384600.0,386500.0,0.9950840879689521,-0.0019
density:5,density,er_d32,1000,42,333,4,356800.0,364100.0,0.979950563032134,-0.0073
density:5,density,er_d32,1000,42,333,5,355300.0,378600.0,0.9384574749075542,-0.0233
density:5,density,er_d32,1000,42,333,6,358900.0,378000.0,0.9494708994708995,-0.0191
density:5,density,er_d32,1000,42,333,7,361300.0,371100.0,0.9735920237132848,-0.0098
density:5,density,er_d32,1000,42,666,0,492500.0,367100.0,1.3415962952873877,0.1254
density:5,density,er_d32,1000,42,666,1,385700.0,367900.0,1.0483827126936667,0.0178
density:5,density,er_d32,1000,42,666,2,374800.0,380800.0,0.9842436974789915,-0.006
density:5,density,er_d32,1000,42,666,3,362300.0,371700.0,0.9747107882701103,-0.0094
density:5,density,er_d32,1000,42,666,4,378200.0,384200.0,0.9843831337844873,-0.006
density:5,density,er_d32,1000,42,666,5,387100.0,370500.0,1.044804318488529,0.0166
density:5,density,er_d32,1000,42,666,6,377400.0,405300.0,0.9311621021465581,-0.0279
density:5,density,er_d32,1000,42,666,7,377300.0,400900.0,0.9411324519830382,-0.0236
density:6,density,er_d64,1000,42,333,0,478800.0,489200.0,0.9787408013082584,-0.0104
density:6,density,er_d64,1000,42,333,1,477400.0,487100.0,0.9800862245945391,-0.0097
density:6,density,er_d64,1000,42,333,2,511000.0,484200.0,1.0553490293267245,0.0268
density:6,density,er_d64,1000,42,333,3,481800.0,493900.0,0.9755011135857461,-0.0121
density:6,density,er_d64,1000,42,333,4,476800.0,503200.0,0.9475357710651828,-0.0264
density:6,density,er_d64,1000,42,333,5,485100.0,491000.0,0.9879837067209776,-0.0059
density:6,density,er_d64,1000,42,333,6,482600.0,514400.0,0.9381804043545878,-0.0318
density:6,density,er_d64,1000,42,333,7,484400.0,512300.0,0.9455397228186609,-0.0279
density:6,density,er_d64,1000,42,666,0,493900.0,511800.0,0.9650254005470887,-0.0179
density:6,density,er_d64,1000,42,666,1,494900.0,516400.0,0.9583656080557708,-0.0215
density:6,density,er_d64,1000,42,666,2,491200.0,507800.0,0.9673099645529736,-0.0166
density:6,density,er_d64,1000,42,666,3,488100.0,554300.0,0.8805700883997835,-0.0662
density:6,density,er_d64,1000,42,666,4,607800.0,532700.0,1.1409799136474563,0.0751
density:6,density,er_d64,1000,42,666,5,508200.0,645200.0,0.7876627402355859,-0.137
density:6,density,er_d64,1000,42,666,6,495900.0,507300.0,0.9775280898876404,-0.0114
density:6,density,er_d64,1000,42,666,7,493400.0,511200.0,0.9651799687010955,-0.0178
density:7,density,er_d128,1000,42,333,0,604300.0,615300.0,0.9821225418495043,-0.011
density:7,density,er_d128,1000,42,333,1,597400.0,603500.0,0.9898922949461475,-0.0061
density:7,density,er_d128,1000,42,333,2,600500.0,1063800.0,0.5644858056025569,-0.4633
density:7,density,er_d128,1000,42,333,3,595000.0,613300.0,0.9701614218164031,-0.0183
density:7,density,er_d128,1000,42,333,4,598700.0,624600.0,0.9585334614153058,-0.0259
density:7,density,er_d128,1000,42,333,5,596400.0,617200.0,0.966299416720674,-0.0208
density:7,density,er_d128,1000,42,333,6,609500.0,607100.0,1.0039532202273103,0.0024
density:7,density,er_d128,1000,42,333,7,571900.0,614800.0,0.9302212101496422,-0.0429
density:7,density,er_d128,1000,42,666,0,555900.0,567600.0,0.9793868921775899,-0.0117
density:7,density,er_d128,1000,42,666,1,558500.0,569600.0,0.9805126404494382,-0.0111
density:7,density,er_d128,1000,42,666,2,913400.0,580700.0,1.572929223351128,0.3327
density:7,density,er_d128,1000,42,666,3,561400.0,933400.0,0.6014570387829441,-0.372
density:7,density,er_d128,1000,42,666,4,565500.0,580900.0,0.9734894129798588,-0.0154
density:7,density,er_d128,1000,42,666,5,564500.0,580300.0,0.97277270377391,-0.0158
density:7,density,er_d128,1000,42,666,6,575400.0,1009200.0,0.570154577883472,-0.4338
density:7,density,er_d128,1000,42,666,7,570300.0,596400.0,0.9562374245472837,-0.0261
density:8,density,er_d256,1000,42,333,0,731300.0,776400.0,0.9419113858835652,-0.0451
density:8,density,er_d256,1000,42,333,1,738800.0,811500.0,0.9104128157732594,-0.0727
density:8,density,er_d256,1000,42,333,2,773100.0,805300.0,0.9600149012790264,-0.0322
density:8,density,er_d256,1000,42,333,3,749900.0,868200.0,0.863741073485372,-0.1183
density:8,density,er_d256,1000,42,333,4,881800.0,799100.0,1.1034914278563384,0.0827
density:8,density,er_d256,1000,42,333,5,736000.0,802900.0,0.9166770457093038,-0.0669
density:8,density,er_d256,1000,42,333,6,728800.0,756600.0,0.9632566745968808,-0.0278
density:8,density,er_d256,1000,42,333,7,726900.0,753100.0,0.9652104634178728,-0.0262
density:8,density,er_d256,1000,42,666,0,800900.0,817600.0,0.9795743639921722,-0.0167
density:8,density,er_d256,1000,42,666,1,764400.0,799900.0,0.955619452431554,-0.0355
density:8,density,er_d256,1000,42,666,2,821400.0,894500.0,0.918278367803242,-0.0731
density:8,density,er_d256,1000,42,666,3,915500.0,931300.0,0.9830344679480296,-0.0158
density:8,density,er_d256,1000,42,666,4,755100.0,813100.0,0.9286680605091625,-0.058
density:8,density,er_d256,1000,42,666,5,759000.0,818500.0,0.9273060476481368,-0.0595
density:8,density,er_d256,1000,42,666,6,879600.0,800000.0,1.0995,0.0796
density:8,density,er_d256,1000,42,666,7,776800.0,824600.0,0.9420325006063546,-0.0478
density:9,density,er_d2,5000,42,1666,0,3300.0,4000.0,0.825,-0.0007
density:9,density,er_d2,5000,42,1666,1,3800.0,2900.0,1.3103448275862069,0.0009
density:9,density,er_d2,5000,42,1666,2,3900.0,9800.0,0.3979591836734694,-0.0059
density:9,density,er_d2,5000,42,1666,3,41700.0,42300.0,0.9858156028368794,-0.0006
density:9,density,er_d2,5000,42,1666,4,3700.0,40600.0,0.09113300492610837,-0.0369
density:9,density,er_d2,5000,42,1666,5,4800.0,3800.0,1.263157894736842,0.001
density:9,density,er_d2,5000,42,1666,6,3400.0,9100.0,0.37362637362637363,-0.0057
density:9,density,er_d2,5000,42,1666,7,39000.0,41400.0,0.9420289855072463,-0.0024
density:9,density,er_d2,5000,42,3333,0,25400.0,4500.0,5.644444444444445,0.0209
density:9,density,er_d2,5000,42,3333,1,10300.0,5100.0,2.019607843137255,0.0052
density:9,density,er_d2,5000,42,3333,2,3700.0,4100.0,0.9024390243902439,-0.0004
density:9,density,er_d2,5000,42,3333,3,44900.0,3600.0,12.472222222222221,0.0413
density:9,density,er_d2,5000,42,3333,4,4100.0,3700.0,1.1081081081081081,0.0004
density:9,density,er_d2,5000,42,3333,5,3000.0,10400.0,0.28846153846153844,-0.0074
density:9,density,er_d2,5000,42,3333,6,3700.0,4000.0,0.925,-0.0003
density:9,density,er_d2,5000,42,3333,7,4500.0,75000.0,0.06,-0.0705
laws:1,laws,sparse_uniform,2000,42,667,0,412100.0,446900.0,0.9221302304766167,-0.0348
laws:1,laws,sparse_uniform,2000,42,667,1,406200.0,451700.0,0.8992694266105823,-0.0455
laws:1,laws,sparse_uniform,2000,42,667,2,402000.0,442400.0,0.9086799276672695,-0.0404
laws:1,laws,sparse_uniform,2000,42,667,3,406000.0,471900.0,0.8603517694426785,-0.0659
laws:1,laws,sparse_uniform,2000,42,667,4,409100.0,491400.0,0.8325193325193325,-0.0823
laws:1,laws,sparse_uniform,2000,42,667,5,408600.0,437000.0,0.9350114416475973,-0.0284
laws:1,laws,sparse_uniform,2000,42,667,6,401400.0,476400.0,0.8425692695214105,-0.075
laws:1,laws,sparse_uniform,2000,42,667,7,411700.0,432100.0,0.952788706317982,-0.0204
laws:1,laws,sparse_uniform,2000,42,1333,0,414500.0,546000.0,0.7591575091575091,-0.1315
laws:1,laws,sparse_uniform,2000,42,1333,1,424900.0,462300.0,0.9191001514168289,-0.0374
laws:1,laws,sparse_uniform,2000,42,1333,2,404700.0,445300.0,0.9088255108915338,-0.0406
laws:1,laws,sparse_uniform,2000,42,1333,3,416500.0,458900.0,0.9076051427326215,-0.0424
laws:1,laws,sparse_uniform,2000,42,1333,4,409500.0,441700.0,0.9270998415213946,-0.0322
laws:1,laws,sparse_uniform,2000,42,1333,5,419600.0,464600.0,0.9031424881618597,-0.045
laws:1,laws,sparse_uniform,2000,42,1333,6,429900.0,504300.0,0.8524687685901249,-0.0744
laws:1,laws,sparse_uniform,2000,42,1333,7,406900.0,465800.0,0.8735508802060971,-0.0589
laws:10,laws,clustered_near,2000,42,667,0,392000.0,400500.0,0.978776529338327,-0.0085
laws:10,laws,clustered_near,2000,42,667,1,419200.0,494600.0,0.8475535786494137,-0.0754
laws:10,laws,clustered_near,2000,42,667,2,488900.0,642600.0,0.7608154372860255,-0.1537
laws:10,laws,clustered_near,2000,42,667,3,396100.0,424900.0,0.9322193457284067,-0.0288
laws:10,laws,clustered_near,2000,42,667,4,523500.0,492900.0,1.0620815581253804,0.0306
laws:10,laws,clustered_near,2000,42,667,5,1086700.0,538000.0,2.019888475836431,0.5487
laws:10,laws,clustered_near,2000,42,667,6,408300.0,414300.0,0.9855177407675597,-0.006
laws:10,laws,clustered_near,2000,42,667,7,406800.0,394000.0,1.03248730964467,0.0128
laws:10,laws,clustered_near,2000,42,1333,0,411300.0,419300.0,0.9809205819222514,-0.008
laws:10,laws,clustered_near,2000,42,1333,1,415800.0,443700.0,0.9371196754563894,-0.0279
laws:10,laws,clustered_near,2000,42,1333,2,764200.0,419100.0,1.8234311620138393,0.3451
laws:10,laws,clustered_near,2000,42,1333,3,419000.0,419000.0,1.0,0.0
laws:10,laws,clustered_near,2000,42,1333,4,442200.0,427400.0,1.0346279831539542,0.0148
laws:10,laws,clustered_near,2000,42,1333,5,418900.0,422600.0,0.9912446758163749,-0.0037
laws:10,laws,clustered_near,2000,42,1333,6,441800.0,405300.0,1.0900567480878363,0.0365
laws:10,laws,clustered_near,2000,42,1333,7,413500.0,449200.0,0.9205253784505788,-0.0357
laws:11,laws,clustered_skew,2000,42,667,0,567500.0,584200.0,0.9714138993495378,-0.0167
laws:11,laws,clustered_skew,2000,42,667,1,584800.0,578700.0,1.0105408674615517,0.0061
laws:11,laws,clustered_skew,2000,42,667,2,564100.0,570600.0,0.9886084822993341,-0.0065
laws:11,laws,clustered_skew,2000,42,667,3,560600.0,583500.0,0.9607540702656384,-0.0229
laws:11,laws,clustered_skew,2000,42,667,4,778000.0,629300.0,1.236294295248689,0.1487
laws:11,laws,clustered_skew,2000,42,667,5,773300.0,577900.0,1.3381207821422392,0.1954
laws:11,laws,clustered_skew,2000,42,667,6,560500.0,587700.0,0.9537178832737792,-0.0272
laws:11,laws,clustered_skew,2000,42,667,7,551000.0,558800.0,0.9860415175375805,-0.0078
laws:11,laws,clustered_skew,2000,42,1333,0,541100.0,567400.0,0.9536482199506521,-0.0263
laws:11,laws,clustered_skew,2000,42,1333,1,546200.0,562700.0,0.9706770925893016,-0.0165
laws:11,laws,clustered_skew,2000,42,1333,2,535100.0,558800.0,0.9575876879026486,-0.0237
laws:11,laws,clustered_skew,2000,42,1333,3,548400.0,558200.0,0.9824435686134002,-0.0098
laws:11,laws,clustered_skew,2000,42,1333,4,550200.0,575900.0,0.9553741969091856,-0.0257
laws:11,laws,clustered_skew,2000,42,1333,5,548000.0,630700.0,0.8688758522276835,-0.0827
laws:11,laws,clustered_skew,2000,42,1333,6,1268000.0,635900.0,1.9940242176442837,0.6321
laws:11,laws,clustered_skew,2000,42,1333,7,551900.0,560000.0,0.9855357142857143,-0.0081
laws:12,laws,clustered_bimodal,2000,42,667,0,493200.0,402800.0,1.224428997020854,0.0904
laws:12,laws,clustered_bimodal,2000,42,667,1,390300.0,419800.0,0.929728442115293,-0.0295
laws:12,laws,clustered_bimodal,2000,42,667,2,382800.0,396500.0,0.9654476670870114,-0.0137
laws:12,laws,clustered_bimodal,2000,42,667,3,386300.0,404500.0,0.9550061804697157,-0.0182
laws:12,laws,clustered_bimodal,2000,42,667,4,399600.0,430000.0,0.9293023255813954,-0.0304
laws:12,laws,clustered_bimodal,2000,42,667,5,405200.0,388200.0,1.0437918598660485,0.017
laws:12,laws,clustered_bimodal,2000,42,667,6,386200.0,406700.0,0.9495942955495451,-0.0205
laws:12,laws,clustered_bimodal,2000,42,667,7,374800.0,425900.0,0.8800187837520544,-0.0511
laws:12,laws,clustered_bimodal,2000,42,1333,0,384500.0,386400.0,0.9950828157349897,-0.0019
laws:12,laws,clustered_bimodal,2000,42,1333,1,377000.0,396500.0,0.9508196721311475,-0.0195
laws:12,laws,clustered_bimodal,2000,42,1333,2,489500.0,388700.0,1.2593259583226137,0.1008
laws:12,laws,clustered_bimodal,2000,42,1333,3,396000.0,405400.0,0.9768130241736557,-0.0094
laws:12,laws,clustered_bimodal,2000,42,1333,4,380500.0,388200.0,0.9801648634724369,-0.0077
laws:12,laws,clustered_bimodal,2000,42,1333,5,404800.0,383400.0,1.0558163797600417,0.0214
laws:12,laws,clustered_bimodal,2000,42,1333,6,378500.0,433900.0,0.872320811246831,-0.0554
laws:12,laws,clustered_bimodal,2000,42,1333,7,383900.0,400200.0,0.9592703648175912,-0.0163
laws:13,laws,clustered_zero,2000,42,667,0,1648100.0,835500.0,1.972591262716936,0.8126
laws:13,laws,clustered_zero,2000,42,667,1,797700.0,786100.0,1.0147563923164993,0.0116
laws:13,laws,clustered_zero,2000,42,667,2,796700.0,881600.0,0.9036978221415608,-0.0849
laws:13,laws,clustered_zero,2000,42,667,3,904500.0,873900.0,1.035015447991761,0.0306
laws:13,laws,clustered_zero,2000,42,667,4,857900.0,833100.0,1.0297683351338374,0.0248
laws:13,laws,clustered_zero,2000,42,667,5,789600.0,777600.0,1.0154320987654322,0.012
laws:13,laws,clustered_zero,2000,42,667,6,801900.0,1012600.0,0.7919217855026665,-0.2107
laws:13,laws,clustered_zero,2000,42,667,7,799400.0,944000.0,0.8468220338983051,-0.1446
laws:13,laws,clustered_zero,2000,42,1333,0,937200.0,808500.0,1.1591836734693877,0.1287
laws:13,laws,clustered_zero,2000,42,1333,1,855000.0,866900.0,0.9862729265197832,-0.0119
laws:13,laws,clustered_zero,2000,42,1333,2,937900.0,855900.0,1.0958055847645753,0.082
laws:13,laws,clustered_zero,2000,42,1333,3,805700.0,879900.0,0.9156722354813047,-0.0742
laws:13,laws,clustered_zero,2000,42,1333,4,833200.0,811300.0,1.0269937137926783,0.0219
laws:13,laws,clustered_zero,2000,42,1333,5,811400.0,836600.0,0.9698780779344968,-0.0252
laws:13,laws,clustered_zero,2000,42,1333,6,860300.0,798900.0,1.0768556765552635,0.0614
laws:13,laws,clustered_zero,2000,42,1333,7,989100.0,852300.0,1.160506863780359,0.1368
laws:14,laws,clustered_integer,2000,42,667,0,1025600.0,1054300.0,0.9727781466375794,-0.0287
laws:14,laws,clustered_integer,2000,42,667,1,1033300.0,1015400.0,1.0176285207799882,0.0179
laws:14,laws,clustered_integer,2000,42,667,2,1405300.0,1294000.0,1.0860123647604327,0.1113
laws:14,laws,clustered_integer,2000,42,667,3,968200.0,1019800.0,0.9494018434987253,-0.0516
laws:14,laws,clustered_integer,2000,42,667,4,972400.0,1069600.0,0.9091249065071054,-0.0972
laws:14,laws,clustered_integer,2000,42,667,5,1145300.0,1002900.0,1.141988234121049,0.1424
laws:14,laws,clustered_integer,2000,42,667,6,998900.0,1035500.0,0.9646547561564461,-0.0366
laws:14,laws,clustered_integer,2000,42,667,7,961900.0,1044700.0,0.9207427969752082,-0.0828
laws:14,laws,clustered_integer,2000,42,1333,0,1001800.0,1020500.0,0.9816756491915728,-0.0187
laws:14,laws,clustered_integer,2000,42,1333,1,1233600.0,1038800.0,1.1875240662302657,0.1948
laws:14,laws,clustered_integer,2000,42,1333,2,1096600.0,1036600.0,1.057881535790083,0.06
laws:14,laws,clustered_integer,2000,42,1333,3,984600.0,1115200.0,0.8828909612625538,-0.1306
laws:14,laws,clustered_integer,2000,42,1333,4,1149400.0,1082500.0,1.0618013856812933,0.0669
laws:14,laws,clustered_integer,2000,42,1333,5,1081900.0,1120900.0,0.9652065304665893,-0.039
laws:14,laws,clustered_integer,2000,42,1333,6,1074000.0,1097700.0,0.978409401475813,-0.0237
laws:14,laws,clustered_integer,2000,42,1333,7,1073300.0,1238900.0,0.8663330373718622,-0.1656
laws:15,laws,clustered_shuffle,2000,42,667,0,710400.0,729000.0,0.974485596707819,-0.0186
laws:15,laws,clustered_shuffle,2000,42,667,1,706600.0,722100.0,0.9785348289710566,-0.0155
laws:15,laws,clustered_shuffle,2000,42,667,2,713900.0,779700.0,0.9156085673977171,-0.0658
laws:15,laws,clustered_shuffle,2000,42,667,3,1103200.0,765700.0,1.4407731487527753,0.3375
laws:15,laws,clustered_shuffle,2000,42,667,4,710300.0,744600.0,0.953934998656997,-0.0343
laws:15,laws,clustered_shuffle,2000,42,667,5,699300.0,731300.0,0.9562423082182415,-0.032
laws:15,laws,clustered_shuffle,2000,42,667,6,700800.0,730800.0,0.9589490968801314,-0.03
laws:15,laws,clustered_shuffle,2000,42,667,7,706200.0,738400.0,0.9563921993499458,-0.0322
laws:15,laws,clustered_shuffle,2000,42,1333,0,701000.0,715000.0,0.9804195804195804,-0.014
laws:15,laws,clustered_shuffle,2000,42,1333,1,1105100.0,738000.0,1.4974254742547426,0.3671
laws:15,laws,clustered_shuffle,2000,42,1333,2,715800.0,765000.0,0.9356862745098039,-0.0492
laws:15,laws,clustered_shuffle,2000,42,1333,3,726300.0,740000.0,0.9814864864864865,-0.0137
laws:15,laws,clustered_shuffle,2000,42,1333,4,736300.0,739700.0,0.995403541976477,-0.0034
laws:15,laws,clustered_shuffle,2000,42,1333,5,725900.0,767400.0,0.9459212926765702,-0.0415
laws:15,laws,clustered_shuffle,2000,42,1333,6,697600.0,733400.0,0.9511862557949278,-0.0358
laws:15,laws,clustered_shuffle,2000,42,1333,7,720400.0,826500.0,0.8716273442226256,-0.1061
laws:16,laws,clustered_scale,2000,42,667,0,802900.0,851700.0,0.942702829634848,-0.0488
laws:16,laws,clustered_scale,2000,42,667,1,790600.0,822600.0,0.9610989545344031,-0.032
laws:16,laws,clustered_scale,2000,42,667,2,795600.0,814700.0,0.9765557874064072,-0.0191
laws:16,laws,clustered_scale,2000,42,667,3,960800.0,1061200.0,0.9053901243874859,-0.1004
laws:16,laws,clustered_scale,2000,42,667,4,810700.0,820200.0,0.9884174591563033,-0.0095
laws:16,laws,clustered_scale,2000,42,667,5,795900.0,820100.0,0.9704914034873796,-0.0242
laws:16,laws,clustered_scale,2000,42,667,6,780900.0,813300.0,0.9601623017336776,-0.0324
laws:16,laws,clustered_scale,2000,42,667,7,840700.0,791000.0,1.0628318584070797,0.0497
laws:16,laws,clustered_scale,2000,42,1333,0,806900.0,829100.0,0.9732239778072609,-0.0222
laws:16,laws,clustered_scale,2000,42,1333,1,949700.0,841100.0,1.1291166329806206,0.1086
laws:16,laws,clustered_scale,2000,42,1333,2,797300.0,830300.0,0.9602553293990124,-0.033
laws:16,laws,clustered_scale,2000,42,1333,3,824800.0,820600.0,1.0051182061905923,0.0042
laws:16,laws,clustered_scale,2000,42,1333,4,839200.0,795000.0,1.0555974842767295,0.0442
laws:16,laws,clustered_scale,2000,42,1333,5,834200.0,1168700.0,0.713784546932489,-0.3345
laws:16,laws,clustered_scale,2000,42,1333,6,1056700.0,898600.0,1.1759403516581348,0.1581
laws:16,laws,clustered_scale,2000,42,1333,7,810200.0,983000.0,0.8242115971515768,-0.1728
laws:17,laws,sparse_uniform,2000,1729,667,0,421600.0,455700.0,0.9251700680272109,-0.0341
laws:17,laws,sparse_uniform,2000,1729,667,1,507300.0,473900.0,1.0704790040092846,0.0334
laws:17,laws,sparse_uniform,2000,1729,667,2,423700.0,485500.0,0.8727085478887745,-0.0618
laws:17,laws,sparse_uniform,2000,1729,667,3,412500.0,459500.0,0.8977149075081611,-0.047
laws:17,laws,sparse_uniform,2000,1729,667,4,411900.0,452700.0,0.9098740888005301,-0.0408
laws:17,laws,sparse_uniform,2000,1729,667,5,399800.0,451300.0,0.8858852204741857,-0.0515
laws:17,laws,sparse_uniform,2000,1729,667,6,409700.0,455400.0,0.8996486605182258,-0.0457
laws:17,laws,sparse_uniform,2000,1729,667,7,403800.0,455500.0,0.8864983534577388,-0.0517
laws:17,laws,sparse_uniform,2000,1729,1333,0,419200.0,475400.0,0.8817837610433319,-0.0562
laws:17,laws,sparse_uniform,2000,1729,1333,1,427700.0,470300.0,0.9094195194556666,-0.0426
laws:17,laws,sparse_uniform,2000,1729,1333,2,434200.0,484800.0,0.8956270627062707,-0.0506
laws:17,laws,sparse_uniform,2000,1729,1333,3,414800.0,465400.0,0.8912763214439192,-0.0506
laws:17,laws,sparse_uniform,2000,1729,1333,4,579400.0,524400.0,1.104881769641495,0.055
laws:17,laws,sparse_uniform,2000,1729,1333,5,429400.0,481600.0,0.8916112956810631,-0.0522
laws:17,laws,sparse_uniform,2000,1729,1333,6,436400.0,567400.0,0.7691223123017272,-0.131
laws:17,laws,sparse_uniform,2000,1729,1333,7,436300.0,477800.0,0.913143574717455,-0.0415
laws:18,laws,sparse_near,2000,1729,667,0,300200.0,403200.0,0.7445436507936508,-0.103
laws:18,laws,sparse_near,2000,1729,667,1,322200.0,345300.0,0.9331016507384883,-0.0231
laws:18,laws,sparse_near,2000,1729,667,2,333000.0,327900.0,1.0155535224153704,0.0051
laws:18,laws,sparse_near,2000,1729,667,3,326100.0,340100.0,0.9588356365774772,-0.014
laws:18,laws,sparse_near,2000,1729,667,4,356000.0,410100.0,0.8680809558644234,-0.0541
laws:18,laws,sparse_near,2000,1729,667,5,296200.0,333100.0,0.8892224557190033,-0.0369
laws:18,laws,sparse_near,2000,1729,667,6,297200.0,348500.0,0.8527977044476327,-0.0513
laws:18,laws,sparse_near,2000,1729,667,7,294200.0,344100.0,0.8549840162743388,-0.0499
laws:18,laws,sparse_near,2000,1729,1333,0,290300.0,339300.0,0.8555850279988211,-0.049
laws:18,laws,sparse_near,2000,1729,1333,1,289000.0,338500.0,0.8537666174298375,-0.0495
laws:18,laws,sparse_near,2000,1729,1333,2,295800.0,336300.0,0.8795718108831401,-0.0405
laws:18,laws,sparse_near,2000,1729,1333,3,294000.0,329600.0,0.8919902912621359,-0.0356
laws:18,laws,sparse_near,2000,1729,1333,4,287200.0,384900.0,0.7461678358015069,-0.0977
laws:18,laws,sparse_near,2000,1729,1333,5,358600.0,405400.0,0.8845584607794771,-0.0468
laws:18,laws,sparse_near,2000,1729,1333,6,396900.0,571100.0,0.6949746104009805,-0.1742
laws:18,laws,sparse_near,2000,1729,1333,7,290900.0,334400.0,0.8699162679425837,-0.0435
laws:19,laws,sparse_skew,2000,1729,667,0,419800.0,457100.0,0.9183985998687377,-0.0373
laws:19,laws,sparse_skew,2000,1729,667,1,419800.0,468400.0,0.8962425277540563,-0.0486
laws:19,laws,sparse_skew,2000,1729,667,2,409600.0,447700.0,0.914898369443824,-0.0381
laws:19,laws,sparse_skew,2000,1729,667,3,407600.0,465500.0,0.8756176154672395,-0.0579
laws:19,laws,sparse_skew,2000,1729,667,4,409600.0,455900.0,0.8984426409300286,-0.0463
laws:19,laws,sparse_skew,2000,1729,667,5,410100.0,451200.0,0.9089095744680851,-0.0411
laws:19,laws,sparse_skew,2000,1729,667,6,408300.0,455000.0,0.8973626373626373,-0.0467
laws:19,laws,sparse_skew,2000,1729,667,7,1784800.0,595700.0,2.996138996138996,1.1891
laws:19,laws,sparse_skew,2000,1729,1333,0,409700.0,452900.0,0.9046147052329433,-0.0432
laws:19,laws,sparse_skew,2000,1729,1333,1,475100.0,450500.0,1.0546059933407326,0.0246
laws:19,laws,sparse_skew,2000,1729,1333,2,407500.0,463300.0,0.8795596805525577,-0.0558
laws:19,laws,sparse_skew,2000,1729,1333,3,407800.0,459200.0,0.8880662020905923,-0.0514
laws:19,laws,sparse_skew,2000,1729,1333,4,401500.0,509000.0,0.7888015717092338,-0.1075
laws:19,laws,sparse_skew,2000,1729,1333,5,427600.0,454300.0,0.9412282632621616,-0.0267
laws:19,laws,sparse_skew,2000,1729,1333,6,509600.0,475500.0,1.0717139852786541,0.0341
laws:19,laws,sparse_skew,2000,1729,1333,7,403000.0,471500.0,0.8547189819724285,-0.0685
laws:2,laws,sparse_near,2000,42,667,0,294200.0,362800.0,0.8109151047409041,-0.0686
laws:2,laws,sparse_near,2000,42,667,1,293700.0,337400.0,0.8704801422643746,-0.0437
laws:2,laws,sparse_near,2000,42,667,2,289700.0,342900.0,0.8448527267424906,-0.0532
laws:2,laws,sparse_near,2000,42,667,3,288600.0,330800.0,0.8724304715840387,-0.0422
laws:2,laws,sparse_near,2000,42,667,4,386900.0,446200.0,0.8670999551770506,-0.0593
laws:2,laws,sparse_near,2000,42,667,5,374200.0,545700.0,0.6857247571925966,-0.1715
laws:2,laws,sparse_near,2000,42,667,6,310500.0,366500.0,0.8472032742155525,-0.056
laws:2,laws,sparse_near,2000,42,667,7,494700.0,328400.0,1.506394640682095,0.1663
laws:2,laws,sparse_near,2000,42,1333,0,335900.0,336200.0,0.9991076740035693,-0.0003
laws:2,laws,sparse_near,2000,42,1333,1,295700.0,350300.0,0.8441335997716243,-0.0546
laws:2,laws,sparse_near,2000,42,1333,2,298000.0,335900.0,0.8871688002381661,-0.0379
laws:2,laws,sparse_near,2000,42,1333,3,292600.0,347200.0,0.842741935483871,-0.0546
laws:2,laws,sparse_near,2000,42,1333,4,314900.0,335500.0,0.9385991058122206,-0.0206
laws:2,laws,sparse_near,2000,42,1333,5,292700.0,342400.0,0.8548481308411215,-0.0497
laws:2,laws,sparse_near,2000,42,1333,6,387500.0,396800.0,0.9765625,-0.0093
laws:2,laws,sparse_near,2000,42,1333,7,416600.0,349700.0,1.191306834429511,0.0669
laws:20,laws,sparse_bimodal,2000,1729,667,0,395100.0,545700.0,0.7240241891148983,-0.1506
laws:20,laws,sparse_bimodal,2000,1729,667,1,409700.0,438600.0,0.9341085271317829,-0.0289
laws:20,laws,sparse_bimodal,2000,1729,667,2,390800.0,440600.0,0.8869723104857014,-0.0498
laws:20,laws,sparse_bimodal,2000,1729,667,3,400300.0,438900.0,0.9120528594212804,-0.0386
laws:20,laws,sparse_bimodal,2000,1729,667,4,403300.0,442800.0,0.9107949412827462,-0.0395
laws:20,laws,sparse_bimodal,2000,1729,667,5,403800.0,434800.0,0.9287028518859246,-0.031
laws:20,laws,sparse_bimodal,2000,1729,667,6,392500.0,594200.0,0.6605520026926961,-0.2017
laws:20,laws,sparse_bimodal,2000,1729,667,7,387600.0,469100.0,0.8262630569175016,-0.0815
laws:20,laws,sparse_bimodal,2000,1729,1333,0,391700.0,455800.0,0.8593681439227732,-0.0641
laws:20,laws,sparse_bimodal,2000,1729,1333,1,392000.0,559200.0,0.7010014306151645,-0.1672
laws:20,laws,sparse_bimodal,2000,1729,1333,2,397500.0,441100.0,0.9011562004080708,-0.0436
laws:20,laws,sparse_bimodal,2000,1729,1333,3,381700.0,422900.0,0.9025774414755261,-0.0412
laws:20,laws,sparse_bimodal,2000,1729,1333,4,383800.0,438900.0,0.8744588744588745,-0.0551
laws:20,laws,sparse_bimodal,2000,1729,1333,5,422000.0,427700.0,0.9866729015665185,-0.0057
laws:20,laws,sparse_bimodal,2000,1729,1333,6,402100.0,434700.0,0.9250057510927077,-0.0326
laws:20,laws,sparse_bimodal,2000,1729,1333,7,380300.0,428300.0,0.8879290217137521,-0.048
laws:21,laws,sparse_zero,2000,1729,667,0,538500.0,731100.0,0.7365613459171112,-0.1926
laws:21,laws,sparse_zero,2000,1729,667,1,623900.0,647300.0,0.9638498377877337,-0.0234
laws:21,laws,sparse_zero,2000,1729,667,2,753100.0,779000.0,0.9667522464698332,-0.0259
laws:21,laws,sparse_zero,2000,1729,667,3,513000.0,585000.0,0.8769230769230769,-0.072
laws:21,laws,sparse_zero,2000,1729,667,4,520400.0,629400.0,0.8268191928821099,-0.109
laws:21,laws,sparse_zero,2000,1729,667,5,536600.0,580300.0,0.9246941237291056,-0.0437
laws:21,laws,sparse_zero,2000,1729,667,6,524100.0,584700.0,0.896357106208312,-0.0606
laws:21,laws,sparse_zero,2000,1729,667,7,514900.0,610300.0,0.8436834343765361,-0.0954
laws:21,laws,sparse_zero,2000,1729,1333,0,674600.0,611100.0,1.10391098019964,0.0635
laws:21,laws,sparse_zero,2000,1729,1333,1,604900.0,579900.0,1.0431108811864114,0.025
laws:21,laws,sparse_zero,2000,1729,1333,2,533700.0,615400.0,0.8672408189795255,-0.0817
laws:21,laws,sparse_zero,2000,1729,1333,3,534000.0,594800.0,0.8977807666442502,-0.0608
laws:21,laws,sparse_zero,2000,1729,1333,4,548600.0,610900.0,0.8980193157636275,-0.0623
laws:21,laws,sparse_zero,2000,1729,1333,5,546600.0,620300.0,0.8811865226503305,-0.0737
laws:21,laws,sparse_zero,2000,1729,1333,6,568700.0,625600.0,0.9090473145780051,-0.0569
laws:21,laws,sparse_zero,2000,1729,1333,7,553100.0,619300.0,0.8931051186823833,-0.0662
laws:22,laws,sparse_integer,2000,1729,667,0,467000.0,525600.0,0.8885083713850838,-0.0586
laws:22,laws,sparse_integer,2000,1729,667,1,572900.0,634100.0,0.903485254691689,-0.0612
laws:22,laws,sparse_integer,2000,1729,667,2,477800.0,503700.0,0.9485805042684138,-0.0259
laws:22,laws,sparse_integer,2000,1729,667,3,465500.0,528100.0,0.8814618443476614,-0.0626
laws:22,laws,sparse_integer,2000,1729,667,4,518600.0,510100.0,1.016663399333464,0.0085
laws:22,laws,sparse_integer,2000,1729,667,5,464500.0,501300.0,0.9265908637542389,-0.0368
laws:22,laws,sparse_integer,2000,1729,667,6,529700.0,502900.0,1.0532909127063035,0.0268
laws:22,laws,sparse_integer,2000,1729,667,7,490000.0,519300.0,0.943577893317928,-0.0293
laws:22,laws,sparse_integer,2000,1729,1333,0,493700.0,531900.0,0.9281819890956947,-0.0382
laws:22,laws,sparse_integer,2000,1729,1333,1,710500.0,662500.0,1.0724528301886793,0.048
laws:22,laws,sparse_integer,2000,1729,1333,2,577000.0,668500.0,0.8631264023934181,-0.0915
laws:22,laws,sparse_integer,2000,1729,1333,3,601400.0,674600.0,0.8914912540764898,-0.0732
laws:22,laws,sparse_integer,2000,1729,1333,4,475500.0,529300.0,0.8983563196674853,-0.0538
laws:22,laws,sparse_integer,2000,1729,1333,5,500900.0,546200.0,0.9170633467594288,-0.0453
laws:22,laws,sparse_integer,2000,1729,1333,6,549700.0,526600.0,1.0438663121914167,0.0231
laws:22,laws,sparse_integer,2000,1729,1333,7,466000.0,522800.0,0.891354246365723,-0.0568
laws:23,laws,sparse_shuffle,2000,1729,667,0,505400.0,601400.0,0.8403724642500832,-0.096
laws:23,laws,sparse_shuffle,2000,1729,667,1,437000.0,459400.0,0.9512407488027862,-0.0224
laws:23,laws,sparse_shuffle,2000,1729,667,2,407600.0,471600.0,0.8642917726887193,-0.064
laws:23,laws,sparse_shuffle,2000,1729,667,3,399100.0,440100.0,0.9068393546921154,-0.041
laws:23,laws,sparse_shuffle,2000,1729,667,4,607000.0,717400.0,0.8461109562308335,-0.1104
laws:23,laws,sparse_shuffle,2000,1729,667,5,476100.0,851400.0,0.5591966173361522,-0.3753
laws:23,laws,sparse_shuffle,2000,1729,667,6,444700.0,504000.0,0.8823412698412698,-0.0593
laws:23,laws,sparse_shuffle,2000,1729,667,7,464600.0,552200.0,0.8413618254255705,-0.0876
laws:23,laws,sparse_shuffle,2000,1729,1333,0,427300.0,462900.0,0.9230935407215382,-0.0356
laws:23,laws,sparse_shuffle,2000,1729,1333,1,408100.0,438900.0,0.9298245614035088,-0.0308
laws:23,laws,sparse_shuffle,2000,1729,1333,2,418400.0,458800.0,0.911944202266783,-0.0404
laws:23,laws,sparse_shuffle,2000,1729,1333,3,405300.0,441300.0,0.9184228416043508,-0.036
laws:23,laws,sparse_shuffle,2000,1729,1333,4,408200.0,454500.0,0.8981298129812981,-0.0463
laws:23,laws,sparse_shuffle,2000,1729,1333,5,420600.0,439800.0,0.956343792633015,-0.0192
laws:23,laws,sparse_shuffle,2000,1729,1333,6,406600.0,515200.0,0.7892080745341615,-0.1086
laws:23,laws,sparse_shuffle,2000,1729,1333,7,416600.0,521000.0,0.799616122840691,-0.1044
laws:24,laws,sparse_scale,2000,1729,667,0,411800.0,466100.0,0.8835013945505257,-0.0543
laws:24,laws,sparse_scale,2000,1729,667,1,410700.0,462400.0,0.8881920415224913,-0.0517
laws:24,laws,sparse_scale,2000,1729,667,2,405500.0,445200.0,0.910826594788859,-0.0397
laws:24,laws,sparse_scale,2000,1729,667,3,419400.0,458800.0,0.9141238012205755,-0.0394
laws:24,laws,sparse_scale,2000,1729,667,4,394800.0,462500.0,0.8536216216216216,-0.0677
laws:24,laws,sparse_scale,2000,1729,667,5,388000.0,432200.0,0.8977325312355391,-0.0442
laws:24,laws,sparse_scale,2000,1729,667,6,414500.0,433400.0,0.956391324411629,-0.0189
laws:24,laws,sparse_scale,2000,1729,667,7,487200.0,483100.0,1.0084868557234528,0.0041
laws:24,laws,sparse_scale,2000,1729,1333,0,399000.0,445300.0,0.8960251515832023,-0.0463
laws:24,laws,sparse_scale,2000,1729,1333,1,402400.0,448200.0,0.8978134761267291,-0.0458
laws:24,laws,sparse_scale,2000,1729,1333,2,396800.0,447500.0,0.8867039106145251,-0.0507
laws:24,laws,sparse_scale,2000,1729,1333,3,408600.0,471600.0,0.8664122137404581,-0.063
laws:24,laws,sparse_scale,2000,1729,1333,4,400300.0,446100.0,0.8973324366733916,-0.0458
laws:24,laws,sparse_scale,2000,1729,1333,5,403300.0,475600.0,0.8479814970563498,-0.0723
laws:24,laws,sparse_scale,2000,1729,1333,6,534800.0,464600.0,1.1510977184674989,0.0702
laws:24,laws,sparse_scale,2000,1729,1333,7,430000.0,441000.0,0.9750566893424036,-0.011
laws:25,laws,clustered_uniform,2000,1729,667,0,773700.0,782700.0,0.9885013415101571,-0.009
laws:25,laws,clustered_uniform,2000,1729,667,1,774500.0,1632800.0,0.4743385595296423,-0.8583
laws:25,laws,clustered_uniform,2000,1729,667,2,786700.0,814200.0,0.9662245148612134,-0.0275
laws:25,laws,clustered_uniform,2000,1729,667,3,775800.0,806500.0,0.9619342839429634,-0.0307
laws:25,laws,clustered_uniform,2000,1729,667,4,778400.0,816000.0,0.953921568627451,-0.0376
laws:25,laws,clustered_uniform,2000,1729,667,5,761000.0,791400.0,0.9615870609047258,-0.0304
laws:25,laws,clustered_uniform,2000,1729,667,6,781900.0,810000.0,0.9653086419753086,-0.0281
laws:25,laws,clustered_uniform,2000,1729,667,7,839900.0,823600.0,1.0197911607576493,0.0163
laws:25,laws,clustered_uniform,2000,1729,1333,0,759900.0,841300.0,0.9032449780102223,-0.0814
laws:25,laws,clustered_uniform,2000,1729,1333,1,756900.0,813900.0,0.9299668263914486,-0.057
laws:25,laws,clustered_uniform,2000,1729,1333,2,762800.0,808100.0,0.9439425813636926,-0.0453
laws:25,laws,clustered_uniform,2000,1729,1333,3,763700.0,829500.0,0.920675105485232,-0.0658
laws:25,laws,clustered_uniform,2000,1729,1333,4,755500.0,783700.0,0.9640168431797882,-0.0282
laws:25,laws,clustered_uniform,2000,1729,1333,5,766300.0,851100.0,0.9003642345200329,-0.0848
laws:25,laws,clustered_uniform,2000,1729,1333,6,811900.0,1288300.0,0.6302103547310409,-0.4764
laws:25,laws,clustered_uniform,2000,1729,1333,7,756600.0,773400.0,0.978277734678045,-0.0168
laws:26,laws,clustered_near,2000,1729,667,0,529600.0,424500.0,1.247585394581861,0.1051
laws:26,laws,clustered_near,2000,1729,667,1,426300.0,591500.0,0.7207100591715976,-0.1652
laws:26,laws,clustered_near,2000,1729,667,2,426800.0,433300.0,0.9849988460650819,-0.0065
laws:26,laws,clustered_near,2000,1729,667,3,424500.0,431500.0,0.9837775202780996,-0.007
laws:26,laws,clustered_near,2000,1729,667,4,556700.0,567900.0,0.9802782179961261,-0.0112
laws:26,laws,clustered_near,2000,1729,667,5,540200.0,596800.0,0.9051608579088471,-0.0566
laws:26,laws,clustered_near,2000,1729,667,6,425000.0,523900.0,0.8112235159381561,-0.0989
laws:26,laws,clustered_near,2000,1729,667,7,433300.0,451900.0,0.9588404514273069,-0.0186
laws:26,laws,clustered_near,2000,1729,1333,0,429300.0,427600.0,1.0039756782039289,0.0017
laws:26,laws,clustered_near,2000,1729,1333,1,547400.0,549600.0,0.9959970887918487,-0.0022
laws:26,laws,clustered_near,2000,1729,1333,2,429400.0,422800.0,1.0156102175969726,0.0066
laws:26,laws,clustered_near,2000,1729,1333,3,525000.0,462300.0,1.1356262167423752,0.0627
laws:26,laws,clustered_near,2000,1729,1333,4,426800.0,439800.0,0.9704411095952705,-0.013
laws:26,laws,clustered_near,2000,1729,1333,5,427300.0,435900.0,0.9802707042899748,-0.0086
laws:26,laws,clustered_near,2000,1729,1333,6,418700.0,432400.0,0.9683163737280296,-0.0137
laws:26,laws,clustered_near,2000,1729,1333,7,412900.0,463200.0,0.8914075993091537,-0.0503
laws:27,laws,clustered_skew,2000,1729,667,0,560600.0,559400.0,1.0021451555237755,0.0012
laws:27,laws,clustered_skew,2000,1729,667,1,580700.0,568900.0,1.0207417823870628,0.0118
laws:27,laws,clustered_skew,2000,1729,667,2,682600.0,562800.0,1.212864250177683,0.1198
laws:27,laws,clustered_skew,2000,1729,667,3,554100.0,568200.0,0.9751847940865892,-0.0141
laws:27,laws,clustered_skew,2000,1729,667,4,544600.0,582600.0,0.9347751458976999,-0.038
laws:27,laws,clustered_skew,2000,1729,667,5,544000.0,568400.0,0.9570724841660803,-0.0244
laws:27,laws,clustered_skew,2000,1729,667,6,565300.0,606200.0,0.9325305179808644,-0.0409
laws:27,laws,clustered_skew,2000,1729,667,7,547600.0,632100.0,0.8663186204714444,-0.0845
laws:27,laws,clustered_skew,2000,1729,1333,0,582800.0,684800.0,0.8510514018691588,-0.102
laws:27,laws,clustered_skew,2000,1729,1333,1,698500.0,644200.0,1.0842905929835456,0.0543
laws:27,laws,clustered_skew,2000,1729,1333,2,581700.0,703200.0,0.8272184300341296,-0.1215
laws:27,laws,clustered_skew,2000,1729,1333,3,580900.0,611400.0,0.9501144913313706,-0.0305
laws:27,laws,clustered_skew,2000,1729,1333,4,627400.0,629300.0,0.9969807722866677,-0.0019
laws:27,laws,clustered_skew,2000,1729,1333,5,641600.0,604500.0,1.061373035566584,0.0371
laws:27,laws,clustered_skew,2000,1729,1333,6,594700.0,879300.0,0.6763334470601615,-0.2846
laws:27,laws,clustered_skew,2000,1729,1333,7,609700.0,815900.0,0.7472729501164358,-0.2062
laws:28,laws,clustered_bimodal,2000,1729,667,0,458100.0,629600.0,0.7276048284625158,-0.1715
laws:28,laws,clustered_bimodal,2000,1729,667,1,460400.0,472800.0,0.9737732656514383,-0.0124
laws:28,laws,clustered_bimodal,2000,1729,667,2,485900.0,620300.0,0.7833306464613896,-0.1344
laws:28,laws,clustered_bimodal,2000,1729,667,3,552600.0,556300.0,0.9933489124573072,-0.0037
laws:28,laws,clustered_bimodal,2000,1729,667,4,542400.0,536200.0,1.011562849682954,0.0062
laws:28,laws,clustered_bimodal,2000,1729,667,5,572500.0,576300.0,0.993406212042339,-0.0038
laws:28,laws,clustered_bimodal,2000,1729,667,6,473600.0,638100.0,0.7422034163924149,-0.1645
laws:28,laws,clustered_bimodal,2000,1729,667,7,459700.0,838600.0,0.5481755306463153,-0.3789
laws:28,laws,clustered_bimodal,2000,1729,1333,0,461300.0,479400.0,0.962244472256988,-0.0181
laws:28,laws,clustered_bimodal,2000,1729,1333,1,598600.0,475600.0,1.2586206896551724,0.123
laws:28,laws,clustered_bimodal,2000,1729,1333,2,522500.0,482000.0,1.08402489626556,0.0405
laws:28,laws,clustered_bimodal,2000,1729,1333,3,471100.0,469500.0,1.0034078807241746,0.0016
laws:28,laws,clustered_bimodal,2000,1729,1333,4,463600.0,475300.0,0.9753839680201978,-0.0117
laws:28,laws,clustered_bimodal,2000,1729,1333,5,668600.0,494100.0,1.3531673750252986,0.1745
laws:28,laws,clustered_bimodal,2000,1729,1333,6,574700.0,535500.0,1.073202614379085,0.0392
laws:28,laws,clustered_bimodal,2000,1729,1333,7,478500.0,477700.0,1.0016746912288046,0.0008
laws:29,laws,clustered_zero,2000,1729,667,0,907900.0,1427400.0,0.6360515622810705,-0.5195
laws:29,laws,clustered_zero,2000,1729,667,1,1201000.0,925500.0,1.2976769313884386,0.2755
laws:29,laws,clustered_zero,2000,1729,667,2,1122300.0,1169400.0,0.9597229348383787,-0.0471
laws:29,laws,clustered_zero,2000,1729,667,3,909400.0,919300.0,0.9892309365821821,-0.0099
laws:29,laws,clustered_zero,2000,1729,667,4,1272100.0,1208100.0,1.0529757470408079,0.064
laws:29,laws,clustered_zero,2000,1729,667,5,916400.0,927700.0,0.9878193381481082,-0.0113
laws:29,laws,clustered_zero,2000,1729,667,6,1103800.0,1118300.0,0.9870338907269963,-0.0145
laws:29,laws,clustered_zero,2000,1729,667,7,933700.0,945000.0,0.988042328042328,-0.0113
laws:29,laws,clustered_zero,2000,1729,1333,0,951200.0,966000.0,0.9846790890269151,-0.0148
laws:29,laws,clustered_zero,2000,1729,1333,1,943400.0,922800.0,1.0223233636757694,0.0206
laws:29,laws,clustered_zero,2000,1729,1333,2,964500.0,930200.0,1.0368737905826704,0.0343
laws:29,laws,clustered_zero,2000,1729,1333,3,1123400.0,901200.0,1.2465601420328452,0.2222
laws:29,laws,clustered_zero,2000,1729,1333,4,1041700.0,911700.0,1.1425907645058682,0.13
laws:29,laws,clustered_zero,2000,1729,1333,5,1018500.0,952900.0,1.068842480847938,0.0656
laws:29,laws,clustered_zero,2000,1729,1333,6,955600.0,964700.0,0.9905670156525345,-0.0091
laws:29,laws,clustered_zero,2000,1729,1333,7,924500.0,928000.0,0.9962284482758621,-0.0035
laws:3,laws,sparse_skew,2000,42,667,0,427500.0,483200.0,0.8847268211920529,-0.0557
laws:3,laws,sparse_skew,2000,42,667,1,412300.0,473200.0,0.871301775147929,-0.0609
laws:3,laws,sparse_skew,2000,42,667,2,405000.0,465500.0,0.8700322234156821,-0.0605
laws:3,laws,sparse_skew,2000,42,667,3,410900.0,447300.0,0.918622848200313,-0.0364
laws:3,laws,sparse_skew,2000,42,667,4,507700.0,602300.0,0.8429354142453926,-0.0946
laws:3,laws,sparse_skew,2000,42,667,5,517200.0,566300.0,0.9132968391312025,-0.0491
laws:3,laws,sparse_skew,2000,42,667,6,513100.0,502800.0,1.0204852824184567,0.0103
laws:3,laws,sparse_skew,2000,42,667,7,414600.0,456800.0,0.9076182136602452,-0.0422
laws:3,laws,sparse_skew,2000,42,1333,0,412200.0,443000.0,0.9304740406320542,-0.0308
laws:3,laws,sparse_skew,2000,42,1333,1,424800.0,880300.0,0.48256276269453596,-0.4555
laws:3,laws,sparse_skew,2000,42,1333,2,417400.0,563700.0,0.7404647862338123,-0.1463
laws:3,laws,sparse_skew,2000,42,1333,3,416300.0,455400.0,0.9141414141414141,-0.0391
laws:3,laws,sparse_skew,2000,42,1333,4,411300.0,456600.0,0.9007884362680684,-0.0453
laws:3,laws,sparse_skew,2000,42,1333,5,410100.0,511600.0,0.8016028146989835,-0.1015
laws:3,laws,sparse_skew,2000,42,1333,6,413900.0,458600.0,0.9025294374182294,-0.0447
laws:3,laws,sparse_skew,2000,42,1333,7,417700.0,468800.0,0.8909982935153583,-0.0511
laws:30,laws,clustered_integer,2000,1729,667,0,1135500.0,1245400.0,0.9117552593544243,-0.1099
laws:30,laws,clustered_integer,2000,1729,667,1,1312900.0,1362300.0,0.9637377963737797,-0.0494
laws:30,laws,clustered_integer,2000,1729,667,2,1173400.0,1202100.0,0.9761251143831629,-0.0287
laws:30,laws,clustered_integer,2000,1729,667,3,1317200.0,1218400.0,1.0810899540380827,0.0988
laws:30,laws,clustered_integer,2000,1729,667,4,1201200.0,1183800.0,1.0146984287886467,0.0174
laws:30,laws,clustered_integer,2000,1729,667,5,1200800.0,1146100.0,1.0477270744263154,0.0547
laws:30,laws,clustered_integer,2000,1729,667,6,1139800.0,1506400.0,0.7566383430695698,-0.3666
laws:30,laws,clustered_integer,2000,1729,667,7,1203100.0,1300200.0,0.9253191816643593,-0.0971
laws:30,laws,clustered_integer,2000,1729,1333,0,1135600.0,1408800.0,0.806076093128904,-0.2732
laws:30,laws,clustered_integer,2000,1729,1333,1,1080100.0,1089900.0,0.9910083493898523,-0.0098
laws:30,laws,clustered_integer,2000,1729,1333,2,1161500.0,1202200.0,0.966145400099817,-0.0407
laws:30,laws,clustered_integer,2000,1729,1333,3,1069300.0,1086100.0,0.9845318110671208,-0.0168
laws:30,laws,clustered_integer,2000,1729,1333,4,1125700.0,1106800.0,1.0170762558727864,0.0189
laws:30,laws,clustered_integer,2000,1729,1333,5,1091100.0,1111700.0,0.9814698209948727,-0.0206
laws:30,laws,clustered_integer,2000,1729,1333,6,1291500.0,1332400.0,0.9693035124587212,-0.0409
laws:30,laws,clustered_integer,2000,1729,1333,7,1104400.0,1149600.0,0.9606819763395964,-0.0452
laws:31,laws,clustered_shuffle,2000,1729,667,0,776800.0,829900.0,0.9360163875165682,-0.0531
laws:31,laws,clustered_shuffle,2000,1729,667,1,756300.0,1382100.0,0.5472107662253093,-0.6258
laws:31,laws,clustered_shuffle,2000,1729,667,2,775100.0,794600.0,0.9754593506166624,-0.0195
laws:31,laws,clustered_shuffle,2000,1729,667,3,771000.0,792200.0,0.9732390810401413,-0.0212
laws:31,laws,clustered_shuffle,2000,1729,667,4,780000.0,868600.0,0.8979967764218282,-0.0886
laws:31,laws,clustered_shuffle,2000,1729,667,5,764400.0,783700.0,0.9753732295521246,-0.0193
laws:31,laws,clustered_shuffle,2000,1729,667,6,819200.0,832600.0,0.9839058371366802,-0.0134
laws:31,laws,clustered_shuffle,2000,1729,667,7,753600.0,801900.0,0.939768050879162,-0.0483
laws:31,laws,clustered_shuffle,2000,1729,1333,0,754600.0,787800.0,0.9578573241939579,-0.0332
laws:31,laws,clustered_shuffle,2000,1729,1333,1,796600.0,791500.0,1.0064434617814277,0.0051
laws:31,laws,clustered_shuffle,2000,1729,1333,2,752400.0,804000.0,0.935820895522388,-0.0516
laws:31,laws,clustered_shuffle,2000,1729,1333,3,785900.0,809900.0,0.9703667119397457,-0.024
laws:31,laws,clustered_shuffle,2000,1729,1333,4,1044100.0,802800.0,1.3005729945191828,0.2413
laws:31,laws,clustered_shuffle,2000,1729,1333,5,755500.0,844800.0,0.8942945075757576,-0.0893
laws:31,laws,clustered_shuffle,2000,1729,1333,6,781500.0,929500.0,0.8407746100053792,-0.148
laws:31,laws,clustered_shuffle,2000,1729,1333,7,791500.0,826700.0,0.9574210717309786,-0.0352
laws:32,laws,clustered_scale,2000,1729,667,0,899000.0,841500.0,1.0683303624480096,0.0575
laws:32,laws,clustered_scale,2000,1729,667,1,883000.0,991800.0,0.8903004638031862,-0.1088
laws:32,laws,clustered_scale,2000,1729,667,2,812100.0,837900.0,0.9692087361260293,-0.0258
laws:32,laws,clustered_scale,2000,1729,667,3,819900.0,853500.0,0.9606326889279437,-0.0336
laws:32,laws,clustered_scale,2000,1729,667,4,1266200.0,873900.0,1.448907197619865,0.3923
laws:32,laws,clustered_scale,2000,1729,667,5,801900.0,839000.0,0.9557806912991657,-0.0371
laws:32,laws,clustered_scale,2000,1729,667,6,801900.0,860100.0,0.9323334495988839,-0.0582
laws:32,laws,clustered_scale,2000,1729,667,7,806900.0,880200.0,0.9167234719381958,-0.0733
laws:32,laws,clustered_scale,2000,1729,1333,0,899600.0,845700.0,1.0637341846990658,0.0539
laws:32,laws,clustered_scale,2000,1729,1333,1,1067000.0,1007500.0,1.0590570719602979,0.0595
laws:32,laws,clustered_scale,2000,1729,1333,2,840300.0,1507000.0,0.5575978765759788,-0.6667
laws:32,laws,clustered_scale,2000,1729,1333,3,1224100.0,996900.0,1.227906510181563,0.2272
laws:32,laws,clustered_scale,2000,1729,1333,4,893700.0,1092700.0,0.8178823098746225,-0.199
laws:32,laws,clustered_scale,2000,1729,1333,5,1013200.0,868900.0,1.1660720451145126,0.1443
laws:32,laws,clustered_scale,2000,1729,1333,6,978500.0,866400.0,1.1293859649122806,0.1121
laws:32,laws,clustered_scale,2000,1729,1333,7,837000.0,1103300.0,0.7586331913350857,-0.2663
laws:33,laws,sparse_uniform,2000,2026,667,0,483200.0,565300.0,0.8547673801521316,-0.0821
laws:33,laws,sparse_uniform,2000,2026,667,1,451800.0,487600.0,0.9265791632485644,-0.0358
laws:33,laws,sparse_uniform,2000,2026,667,2,445900.0,512700.0,0.8697093817047006,-0.0668
laws:33,laws,sparse_uniform,2000,2026,667,3,437500.0,486200.0,0.8998354586589881,-0.0487
laws:33,laws,sparse_uniform,2000,2026,667,4,428900.0,487800.0,0.8792537925379253,-0.0589
laws:33,laws,sparse_uniform,2000,2026,667,5,437600.0,665200.0,0.6578472639807577,-0.2276
laws:33,laws,sparse_uniform,2000,2026,667,6,442000.0,534500.0,0.8269410664172123,-0.0925
laws:33,laws,sparse_uniform,2000,2026,667,7,490300.0,578800.0,0.8470974429854872,-0.0885
laws:33,laws,sparse_uniform,2000,2026,1333,0,456500.0,531800.0,0.858405415569763,-0.0753
laws:33,laws,sparse_uniform,2000,2026,1333,1,443100.0,507900.0,0.8724158298877732,-0.0648
laws:33,laws,sparse_uniform,2000,2026,1333,2,448000.0,496600.0,0.9021345146999598,-0.0486
laws:33,laws,sparse_uniform,2000,2026,1333,3,451500.0,810900.0,0.5567887532371439,-0.3594
laws:33,laws,sparse_uniform,2000,2026,1333,4,454500.0,505400.0,0.8992876929165018,-0.0509
laws:33,laws,sparse_uniform,2000,2026,1333,5,450400.0,534100.0,0.8432877738251264,-0.0837
laws:33,laws,sparse_uniform,2000,2026,1333,6,502200.0,525900.0,0.9549343981745579,-0.0237
laws:33,laws,sparse_uniform,2000,2026,1333,7,463400.0,576000.0,0.8045138888888889,-0.1126
laws:34,laws,sparse_near,2000,2026,667,0,323600.0,371000.0,0.8722371967654986,-0.0474
laws:34,laws,sparse_near,2000,2026,667,1,321600.0,365600.0,0.8796498905908097,-0.044
laws:34,laws,sparse_near,2000,2026,667,2,315300.0,392300.0,0.8037216416008157,-0.077
laws:34,laws,sparse_near,2000,2026,667,3,323100.0,365300.0,0.8844785108130304,-0.0422
laws:34,laws,sparse_near,2000,2026,667,4,320300.0,367000.0,0.8727520435967302,-0.0467
laws:34,laws,sparse_near,2000,2026,667,5,342300.0,380200.0,0.9003156233561284,-0.0379
laws:34,laws,sparse_near,2000,2026,667,6,325200.0,374200.0,0.8690539818278995,-0.049
laws:34,laws,sparse_near,2000,2026,667,7,325200.0,370300.0,0.8782068593032676,-0.0451
laws:34,laws,sparse_near,2000,2026,1333,0,405600.0,517900.0,0.7831627727360494,-0.1123
laws:34,laws,sparse_near,2000,2026,1333,1,408000.0,495900.0,0.822746521476104,-0.0879
laws:34,laws,sparse_near,2000,2026,1333,2,380600.0,494600.0,0.7695107157298827,-0.114
laws:34,laws,sparse_near,2000,2026,1333,3,386200.0,374700.0,1.0306912196423805,0.0115
laws:34,laws,sparse_near,2000,2026,1333,4,314700.0,369200.0,0.8523835319609967,-0.0545
laws:34,laws,sparse_near,2000,2026,1333,5,318000.0,380000.0,0.8368421052631579,-0.062
laws:34,laws,sparse_near,2000,2026,1333,6,318200.0,364600.0,0.8727372462973121,-0.0464
laws:34,laws,sparse_near,2000,2026,1333,7,316600.0,367200.0,0.8622004357298475,-0.0506
laws:35,laws,sparse_skew,2000,2026,667,0,1269500.0,530800.0,2.3916729464958553,0.7387
laws:35,laws,sparse_skew,2000,2026,667,1,459200.0,584600.0,0.7854943551146083,-0.1254
laws:35,laws,sparse_skew,2000,2026,667,2,453600.0,518300.0,0.8751688211460544,-0.0647
laws:35,laws,sparse_skew,2000,2026,667,3,454900.0,581500.0,0.7822871883061049,-0.1266
laws:35,laws,sparse_skew,2000,2026,667,4,503900.0,659900.0,0.7636005455372026,-0.156
laws:35,laws,sparse_skew,2000,2026,667,5,455200.0,512900.0,0.8875024371222461,-0.0577
laws:35,laws,sparse_skew,2000,2026,667,6,453200.0,675600.0,0.6708111308466548,-0.2224
laws:35,laws,sparse_skew,2000,2026,667,7,904200.0,520600.0,1.736842105263158,0.3836
laws:35,laws,sparse_skew,2000,2026,1333,0,451900.0,507200.0,0.8909700315457413,-0.0553
laws:35,laws,sparse_skew,2000,2026,1333,1,437700.0,552900.0,0.7916440586001086,-0.1152
laws:35,laws,sparse_skew,2000,2026,1333,2,447500.0,489400.0,0.9143849611769513,-0.0419
laws:35,laws,sparse_skew,2000,2026,1333,3,433600.0,500900.0,0.8656418446795767,-0.0673
laws:35,laws,sparse_skew,2000,2026,1333,4,447700.0,510600.0,0.8768115942028986,-0.0629
laws:35,laws,sparse_skew,2000,2026,1333,5,444000.0,529400.0,0.8386853041178692,-0.0854
laws:35,laws,sparse_skew,2000,2026,1333,6,450700.0,504400.0,0.8935368754956384,-0.0537
laws:35,laws,sparse_skew,2000,2026,1333,7,519800.0,962000.0,0.5403326403326403,-0.4422
laws:36,laws,sparse_bimodal,2000,2026,667,0,452800.0,490500.0,0.9231396534148828,-0.0377
laws:36,laws,sparse_bimodal,2000,2026,667,1,435700.0,468600.0,0.9297908664105847,-0.0329
laws:36,laws,sparse_bimodal,2000,2026,667,2,413400.0,508000.0,0.8137795275590551,-0.0946
laws:36,laws,sparse_bimodal,2000,2026,667,3,418700.0,468800.0,0.8931313993174061,-0.0501
laws:36,laws,sparse_bimodal,2000,2026,667,4,419700.0,458300.0,0.9157756927776566,-0.0386
laws:36,laws,sparse_bimodal,2000,2026,667,5,407200.0,463300.0,0.8789121519533779,-0.0561
laws:36,laws,sparse_bimodal,2000,2026,667,6,416500.0,454100.0,0.9171988548777802,-0.0376
laws:36,laws,sparse_bimodal,2000,2026,667,7,435300.0,465200.0,0.9357265692175408,-0.0299
laws:36,laws,sparse_bimodal,2000,2026,1333,0,432000.0,465800.0,0.927436668097896,-0.0338
laws:36,laws,sparse_bimodal,2000,2026,1333,1,426700.0,464600.0,0.9184244511407662,-0.0379
laws:36,laws,sparse_bimodal,2000,2026,1333,2,499700.0,471700.0,1.0593597625609497,0.028
laws:36,laws,sparse_bimodal,2000,2026,1333,3,393100.0,482300.0,0.8150528716566452,-0.0892
laws:36,laws,sparse_bimodal,2000,2026,1333,4,408500.0,455300.0,0.897210630353613,-0.0468
laws:36,laws,sparse_bimodal,2000,2026,1333,5,454500.0,924100.0,0.49182988854020127,-0.4696
laws:36,laws,sparse_bimodal,2000,2026,1333,6,401900.0,912700.0,0.4403418428837515,-0.5108
laws:36,laws,sparse_bimodal,2000,2026,1333,7,396200.0,463700.0,0.8544317446624973,-0.0675
laws:37,laws,sparse_zero,2000,2026,667,0,597600.0,672000.0,0.8892857142857142,-0.0744
laws:37,laws,sparse_zero,2000,2026,667,1,606200.0,642700.0,0.9432083398163995,-0.0365
laws:37,laws,sparse_zero,2000,2026,667,2,766700.0,717200.0,1.0690184049079754,0.0495
laws:37,laws,sparse_zero,2000,2026,667,3,585500.0,674800.0,0.8676644931831654,-0.0893
laws:37,laws,sparse_zero,2000,2026,667,4,589200.0,675900.0,0.8717265867731913,-0.0867
laws:37,laws,sparse_zero,2000,2026,667,5,584100.0,680300.0,0.8585917977362928,-0.0962
laws:37,laws,sparse_zero,2000,2026,667,6,569800.0,675800.0,0.8431488606096478,-0.106
laws:37,laws,sparse_zero,2000,2026,667,7,606600.0,652600.0,0.9295127183573398,-0.046
laws:37,laws,sparse_zero,2000,2026,1333,0,645200.0,734400.0,0.8785403050108932,-0.0892
laws:37,laws,sparse_zero,2000,2026,1333,1,587500.0,664100.0,0.884655925312453,-0.0766
laws:37,laws,sparse_zero,2000,2026,1333,2,615800.0,786900.0,0.782564493582412,-0.1711
laws:37,laws,sparse_zero,2000,2026,1333,3,588200.0,1073600.0,0.547876304023845,-0.4854
laws:37,laws,sparse_zero,2000,2026,1333,4,608200.0,695800.0,0.8741017533774073,-0.0876
laws:37,laws,sparse_zero,2000,2026,1333,5,593200.0,667200.0,0.8890887290167866,-0.074
laws:37,laws,sparse_zero,2000,2026,1333,6,600300.0,671300.0,0.8942350662892894,-0.071
laws:37,laws,sparse_zero,2000,2026,1333,7,652400.0,677100.0,0.9635208979471275,-0.0247
laws:38,laws,sparse_integer,2000,2026,667,0,492800.0,563300.0,0.8748446653648145,-0.0705
laws:38,laws,sparse_integer,2000,2026,667,1,529600.0,589300.0,0.8986933650093331,-0.0597
laws:38,laws,sparse_integer,2000,2026,667,2,495900.0,581900.0,0.8522082832101736,-0.086
laws:38,laws,sparse_integer,2000,2026,667,3,557100.0,567700.0,0.9813281662850097,-0.0106
laws:38,laws,sparse_integer,2000,2026,667,4,524200.0,541600.0,0.9678729689807977,-0.0174
laws:38,laws,sparse_integer,2000,2026,667,5,501200.0,585600.0,0.8558743169398907,-0.0844
laws:38,laws,sparse_integer,2000,2026,667,6,515200.0,557300.0,0.9244572043782523,-0.0421
laws:38,laws,sparse_integer,2000,2026,667,7,589800.0,585800.0,1.0068282690338,0.004
laws:38,laws,sparse_integer,2000,2026,1333,0,495300.0,581300.0,0.8520557371408911,-0.086
laws:38,laws,sparse_integer,2000,2026,1333,1,507200.0,589100.0,0.8609743676795111,-0.0819
laws:38,laws,sparse_integer,2000,2026,1333,2,500900.0,558500.0,0.8968666069829901,-0.0576
laws:38,laws,sparse_integer,2000,2026,1333,3,489800.0,553700.0,0.884594545782915,-0.0639
laws:38,laws,sparse_integer,2000,2026,1333,4,513100.0,565300.0,0.907659649743499,-0.0522
laws:38,laws,sparse_integer,2000,2026,1333,5,492600.0,545000.0,0.9038532110091743,-0.0524
laws:38,laws,sparse_integer,2000,2026,1333,6,475800.0,527200.0,0.9025037936267072,-0.0514
laws:38,laws,sparse_integer,2000,2026,1333,7,780900.0,598400.0,1.3049799465240641,0.1825
laws:39,laws,sparse_shuffle,2000,2026,667,0,442200.0,503800.0,0.8777292576419214,-0.0616
laws:39,laws,sparse_shuffle,2000,2026,667,1,437800.0,570600.0,0.7672625306694707,-0.1328
laws:39,laws,sparse_shuffle,2000,2026,667,2,493700.0,485200.0,1.0175185490519374,0.0085
laws:39,laws,sparse_shuffle,2000,2026,667,3,426300.0,454900.0,0.9371290393493076,-0.0286
laws:39,laws,sparse_shuffle,2000,2026,667,4,422600.0,512900.0,0.8239422889452135,-0.0903
laws:39,laws,sparse_shuffle,2000,2026,667,5,435100.0,488000.0,0.8915983606557377,-0.0529
laws:39,laws,sparse_shuffle,2000,2026,667,6,426000.0,481800.0,0.8841843088418431,-0.0558
laws:39,laws,sparse_shuffle,2000,2026,667,7,431800.0,453400.0,0.9523599470666079,-0.0216
laws:39,laws,sparse_shuffle,2000,2026,1333,0,532400.0,497400.0,1.0703659026940089,0.035
laws:39,laws,sparse_shuffle,2000,2026,1333,1,418500.0,472800.0,0.8851522842639594,-0.0543
laws:39,laws,sparse_shuffle,2000,2026,1333,2,458200.0,464100.0,0.9872872225813403,-0.0059
laws:39,laws,sparse_shuffle,2000,2026,1333,3,430500.0,497200.0,0.8658487530168946,-0.0667
laws:39,laws,sparse_shuffle,2000,2026,1333,4,437500.0,487300.0,0.8978042273753335,-0.0498
laws:39,laws,sparse_shuffle,2000,2026,1333,5,447100.0,504000.0,0.8871031746031746,-0.0569
laws:39,laws,sparse_shuffle,2000,2026,1333,6,586800.0,1215400.0,0.48280401513904886,-0.6286
laws:39,laws,sparse_shuffle,2000,2026,1333,7,418700.0,648400.0,0.6457433682911783,-0.2297
laws:4,laws,sparse_bimodal,2000,42,667,0,400300.0,434400.0,0.9215009208103131,-0.0341
laws:4,laws,sparse_bimodal,2000,42,667,1,395800.0,426400.0,0.9282363977485929,-0.0306
laws:4,laws,sparse_bimodal,2000,42,667,2,384200.0,428400.0,0.8968253968253969,-0.0442
laws:4,laws,sparse_bimodal,2000,42,667,3,391300.0,424200.0,0.9224422442244224,-0.0329
laws:4,laws,sparse_bimodal,2000,42,667,4,483500.0,527100.0,0.9172832479605388,-0.0436
laws:4,laws,sparse_bimodal,2000,42,667,5,377700.0,428400.0,0.8816526610644257,-0.0507
laws:4,laws,sparse_bimodal,2000,42,667,6,409800.0,420400.0,0.9747859181731684,-0.0106
laws:4,laws,sparse_bimodal,2000,42,667,7,380600.0,424700.0,0.8961619967035555,-0.0441
laws:4,laws,sparse_bimodal,2000,42,1333,0,381800.0,414100.0,0.9219995170248733,-0.0323
laws:4,laws,sparse_bimodal,2000,42,1333,1,399700.0,431200.0,0.926948051948052,-0.0315
laws:4,laws,sparse_bimodal,2000,42,1333,2,434900.0,433100.0,1.0041560840452552,0.0018
laws:4,laws,sparse_bimodal,2000,42,1333,3,392300.0,446300.0,0.8790051534842035,-0.054
laws:4,laws,sparse_bimodal,2000,42,1333,4,391800.0,437000.0,0.8965675057208238,-0.0452
laws:4,laws,sparse_bimodal,2000,42,1333,5,410700.0,495300.0,0.8291944276196245,-0.0846
laws:4,laws,sparse_bimodal,2000,42,1333,6,391600.0,520800.0,0.7519201228878648,-0.1292
laws:4,laws,sparse_bimodal,2000,42,1333,7,388500.0,439600.0,0.8837579617834395,-0.0511
laws:40,laws,sparse_scale,2000,2026,667,0,426900.0,470900.0,0.9065619027394352,-0.044
laws:40,laws,sparse_scale,2000,2026,667,1,457800.0,467100.0,0.9800899165061014,-0.0093
laws:40,laws,sparse_scale,2000,2026,667,2,431900.0,476200.0,0.9069718605627888,-0.0443
laws:40,laws,sparse_scale,2000,2026,667,3,439400.0,450900.0,0.9744954535373697,-0.0115
laws:40,laws,sparse_scale,2000,2026,667,4,427200.0,488900.0,0.8737983227653917,-0.0617
laws:40,laws,sparse_scale,2000,2026,667,5,452000.0,486100.0,0.9298498251388603,-0.0341
laws:40,laws,sparse_scale,2000,2026,667,6,426200.0,1672300.0,0.2548585780063386,-1.2461
laws:40,laws,sparse_scale,2000,2026,667,7,494300.0,521500.0,0.9478427612655801,-0.0272
laws:40,laws,sparse_scale,2000,2026,1333,0,425800.0,495000.0,0.8602020202020202,-0.0692
laws:40,laws,sparse_scale,2000,2026,1333,1,430200.0,488800.0,0.880114566284779,-0.0586
laws:40,laws,sparse_scale,2000,2026,1333,2,552700.0,728400.0,0.7587863811092806,-0.1757
laws:40,laws,sparse_scale,2000,2026,1333,3,511000.0,512700.0,0.9966842207918861,-0.0017
laws:40,laws,sparse_scale,2000,2026,1333,4,553400.0,482300.0,1.1474186191167324,0.0711
laws:40,laws,sparse_scale,2000,2026,1333,5,456200.0,493400.0,0.9246047831374139,-0.0372
laws:40,laws,sparse_scale,2000,2026,1333,6,507600.0,500700.0,1.0137807070101856,0.0069
laws:40,laws,sparse_scale,2000,2026,1333,7,459500.0,500700.0,0.9177151987217895,-0.0412
laws:41,laws,clustered_uniform,2000,2026,667,0,1122600.0,884500.0,1.2691916336913511,0.2381
laws:41,laws,clustered_uniform,2000,2026,667,1,880200.0,960000.0,0.916875,-0.0798
laws:41,laws,clustered_uniform,2000,2026,667,2,905700.0,914600.0,0.9902689700415482,-0.0089
laws:41,laws,clustered_uniform,2000,2026,667,3,846100.0,874200.0,0.9678563257835735,-0.0281
laws:41,laws,clustered_uniform,2000,2026,667,4,862300.0,921600.0,0.9356553819444444,-0.0593
laws:41,laws,clustered_uniform,2000,2026,667,5,928000.0,1246400.0,0.7445442875481386,-0.3184
laws:41,laws,clustered_uniform,2000,2026,667,6,868800.0,932400.0,0.9317889317889317,-0.0636
laws:41,laws,clustered_uniform,2000,2026,667,7,1011800.0,875300.0,1.1559465326173883,0.1365
laws:41,laws,clustered_uniform,2000,2026,1333,0,902900.0,884400.0,1.0209181365897784,0.0185
laws:41,laws,clustered_uniform,2000,2026,1333,1,859900.0,1159000.0,0.741932700603969,-0.2991
laws:41,laws,clustered_uniform,2000,2026,1333,2,889800.0,951000.0,0.9356466876971609,-0.0612
laws:41,laws,clustered_uniform,2000,2026,1333,3,831200.0,914700.0,0.9087132393134361,-0.0835
laws:41,laws,clustered_uniform,2000,2026,1333,4,891200.0,874400.0,1.019213174748399,0.0168
laws:41,laws,clustered_uniform,2000,2026,1333,5,858600.0,973000.0,0.8824254881808838,-0.1144
laws:41,laws,clustered_uniform,2000,2026,1333,6,938500.0,948500.0,0.9894570374275171,-0.01
laws:41,laws,clustered_uniform,2000,2026,1333,7,859200.0,893200.0,0.9619346171070309,-0.034
laws:42,laws,clustered_near,2000,2026,667,0,453300.0,454200.0,0.9980184940554822,-0.0009
laws:42,laws,clustered_near,2000,2026,667,1,489200.0,471400.0,1.037759864234196,0.0178
laws:42,laws,clustered_near,2000,2026,667,2,461000.0,501800.0,0.9186927062574731,-0.0408
laws:42,laws,clustered_near,2000,2026,667,3,682200.0,956500.0,0.7132253005750131,-0.2743
laws:42,laws,clustered_near,2000,2026,667,4,482500.0,473700.0,1.0185771585391599,0.0088
laws:42,laws,clustered_near,2000,2026,667,5,468500.0,462300.0,1.0134112048453385,0.0062
laws:42,laws,clustered_near,2000,2026,667,6,454500.0,526600.0,0.8630839346752753,-0.0721
laws:42,laws,clustered_near,2000,2026,667,7,474400.0,469100.0,1.0112982306544447,0.0053
laws:42,laws,clustered_near,2000,2026,1333,0,486100.0,501400.0,0.9694854407658556,-0.0153
laws:42,laws,clustered_near,2000,2026,1333,1,465500.0,487600.0,0.95467596390484,-0.0221
laws:42,laws,clustered_near,2000,2026,1333,2,464800.0,480700.0,0.9669232369461203,-0.0159
laws:42,laws,clustered_near,2000,2026,1333,3,467100.0,480600.0,0.9719101123595506,-0.0135
laws:42,laws,clustered_near,2000,2026,1333,4,518700.0,482300.0,1.0754716981132075,0.0364
laws:42,laws,clustered_near,2000,2026,1333,5,473800.0,491900.0,0.9632039032323643,-0.0181
laws:42,laws,clustered_near,2000,2026,1333,6,464300.0,483100.0,0.9610846615607535,-0.0188
laws:42,laws,clustered_near,2000,2026,1333,7,472800.0,486500.0,0.9718396711202466,-0.0137
laws:43,laws,clustered_skew,2000,2026,667,0,621300.0,624600.0,0.994716618635927,-0.0033
laws:43,laws,clustered_skew,2000,2026,667,1,614400.0,623900.0,0.9847732008334669,-0.0095
laws:43,laws,clustered_skew,2000,2026,667,2,806400.0,641300.0,1.257445813191954,0.1651
laws:43,laws,clustered_skew,2000,2026,667,3,603200.0,610100.0,0.9886903786264547,-0.0069
laws:43,laws,clustered_skew,2000,2026,667,4,639900.0,666600.0,0.95994599459946,-0.0267
laws:43,laws,clustered_skew,2000,2026,667,5,618300.0,646300.0,0.9566764660374439,-0.028
laws:43,laws,clustered_skew,2000,2026,667,6,679400.0,625300.0,1.0865184711338558,0.0541
laws:43,laws,clustered_skew,2000,2026,667,7,608800.0,640000.0,0.95125,-0.0312
laws:43,laws,clustered_skew,2000,2026,1333,0,604500.0,869800.0,0.6949873534145781,-0.2653
laws:43,laws,clustered_skew,2000,2026,1333,1,612400.0,606500.0,1.0097279472382523,0.0059
laws:43,laws,clustered_skew,2000,2026,1333,2,590500.0,658200.0,0.8971437253114555,-0.0677
laws:43,laws,clustered_skew,2000,2026,1333,3,584500.0,633300.0,0.9229433128059371,-0.0488
laws:43,laws,clustered_skew,2000,2026,1333,4,609000.0,616200.0,0.9883154819863681,-0.0072
laws:43,laws,clustered_skew,2000,2026,1333,5,613800.0,616200.0,0.9961051606621227,-0.0024
laws:43,laws,clustered_skew,2000,2026,1333,6,651800.0,632400.0,1.0306767868437698,0.0194
laws:43,laws,clustered_skew,2000,2026,1333,7,600600.0,629900.0,0.9534846801079536,-0.0293
laws:44,laws,clustered_bimodal,2000,2026,667,0,472900.0,436300.0,1.0838872335548935,0.0366
laws:44,laws,clustered_bimodal,2000,2026,667,1,471600.0,426700.0,1.1052261542067026,0.0449
laws:44,laws,clustered_bimodal,2000,2026,667,2,417500.0,427100.0,0.9775228283774292,-0.0096
laws:44,laws,clustered_bimodal,2000,2026,667,3,431100.0,438800.0,0.9824521422060164,-0.0077
laws:44,laws,clustered_bimodal,2000,2026,667,4,426600.0,433300.0,0.9845372720978537,-0.0067
laws:44,laws,clustered_bimodal,2000,2026,667,5,436900.0,533900.0,0.8183180370855966,-0.097
laws:44,laws,clustered_bimodal,2000,2026,667,6,507500.0,457000.0,1.1105032822757113,0.0505
laws:44,laws,clustered_bimodal,2000,2026,667,7,470600.0,440600.0,1.068088969586927,0.03
laws:44,laws,clustered_bimodal,2000,2026,1333,0,434400.0,501500.0,0.8662013958125623,-0.0671
laws:44,laws,clustered_bimodal,2000,2026,1333,1,615300.0,507100.0,1.2133701439558273,0.1082
laws:44,laws,clustered_bimodal,2000,2026,1333,2,489300.0,887100.0,0.5515725397362191,-0.3978
laws:44,laws,clustered_bimodal,2000,2026,1333,3,411400.0,425800.0,0.9661813057773603,-0.0144
laws:44,laws,clustered_bimodal,2000,2026,1333,4,430600.0,433900.0,0.9923945609587462,-0.0033
laws:44,laws,clustered_bimodal,2000,2026,1333,5,416200.0,433400.0,0.9603137978772497,-0.0172
laws:44,laws,clustered_bimodal,2000,2026,1333,6,432500.0,434400.0,0.9956261510128913,-0.0019
laws:44,laws,clustered_bimodal,2000,2026,1333,7,417500.0,433200.0,0.9637580794090489,-0.0157
laws:45,laws,clustered_zero,2000,2026,667,0,1012800.0,854400.0,1.1853932584269662,0.1584
laws:45,laws,clustered_zero,2000,2026,667,1,930200.0,942200.0,0.9872638505625133,-0.012
laws:45,laws,clustered_zero,2000,2026,667,2,1090300.0,1093300.0,0.9972560139028629,-0.003
laws:45,laws,clustered_zero,2000,2026,667,3,1021800.0,823700.0,1.2405001821051354,0.1981
laws:45,laws,clustered_zero,2000,2026,667,4,881200.0,892800.0,0.9870071684587813,-0.0116
laws:45,laws,clustered_zero,2000,2026,667,5,915300.0,1014400.0,0.9023067823343849,-0.0991
laws:45,laws,clustered_zero,2000,2026,667,6,885000.0,917500.0,0.9645776566757494,-0.0325
laws:45,laws,clustered_zero,2000,2026,667,7,928200.0,971600.0,0.9553314121037464,-0.0434
laws:45,laws,clustered_zero,2000,2026,1333,0,1157500.0,913800.0,1.2666885532939374,0.2437
laws:45,laws,clustered_zero,2000,2026,1333,1,884100.0,896200.0,0.9864985494309306,-0.0121
laws:45,laws,clustered_zero,2000,2026,1333,2,913100.0,871800.0,1.0473732507455837,0.0413
laws:45,laws,clustered_zero,2000,2026,1333,3,932000.0,932700.0,0.9992494907258497,-0.0007
laws:45,laws,clustered_zero,2000,2026,1333,4,854900.0,1073300.0,0.7965154197335321,-0.2184
laws:45,laws,clustered_zero,2000,2026,1333,5,1475800.0,894100.0,1.6505983670730344,0.5817
laws:45,laws,clustered_zero,2000,2026,1333,6,917200.0,882800.0,1.0389669234254644,0.0344
laws:45,laws,clustered_zero,2000,2026,1333,7,1049700.0,881300.0,1.1910813570861227,0.1684
laws:46,laws,clustered_integer,2000,2026,667,0,1325400.0,1251500.0,1.059049141030763,0.0739
laws:46,laws,clustered_integer,2000,2026,667,1,1107300.0,1140200.0,0.9711454130854236,-0.0329
laws:46,laws,clustered_integer,2000,2026,667,2,1077200.0,1108900.0,0.9714131120930652,-0.0317
laws:46,laws,clustered_integer,2000,2026,667,3,1140900.0,1209800.0,0.9430484377583072,-0.0689
laws:46,laws,clustered_integer,2000,2026,667,4,1167300.0,1167500.0,0.9998286937901499,-0.0002
laws:46,laws,clustered_integer,2000,2026,667,5,1116700.0,1582100.0,0.7058340180772391,-0.4654
laws:46,laws,clustered_integer,2000,2026,667,6,1217000.0,1150800.0,1.0575251998609663,0.0662
laws:46,laws,clustered_integer,2000,2026,667,7,1073800.0,1103000.0,0.9735267452402538,-0.0292
laws:46,laws,clustered_integer,2000,2026,1333,0,1166200.0,1256500.0,0.928133704735376,-0.0903
laws:46,laws,clustered_integer,2000,2026,1333,1,1278300.0,1341100.0,0.9531727686227723,-0.0628
laws:46,laws,clustered_integer,2000,2026,1333,2,1224600.0,1128300.0,1.0853496410529115,0.0963
laws:46,laws,clustered_integer,2000,2026,1333,3,1127000.0,1110100.0,1.0152238537068732,0.0169
laws:46,laws,clustered_integer,2000,2026,1333,4,1205800.0,1551300.0,0.7772835686198672,-0.3455
laws:46,laws,clustered_integer,2000,2026,1333,5,1088500.0,1160600.0,0.9378769601930036,-0.0721
laws:46,laws,clustered_integer,2000,2026,1333,6,1060700.0,1158800.0,0.9153434587504314,-0.0981
laws:46,laws,clustered_integer,2000,2026,1333,7,1208200.0,1152600.0,1.0482387645323616,0.0556
laws:47,laws,clustered_shuffle,2000,2026,667,0,758800.0,799600.0,0.9489744872436218,-0.0408
laws:47,laws,clustered_shuffle,2000,2026,667,1,741200.0,765400.0,0.9683825450744709,-0.0242
laws:47,laws,clustered_shuffle,2000,2026,667,2,752800.0,869500.0,0.8657849338700403,-0.1167
laws:47,laws,clustered_shuffle,2000,2026,667,3,847500.0,805300.0,1.052402831243015,0.0422
laws:47,laws,clustered_shuffle,2000,2026,667,4,758900.0,776800.0,0.976956745623069,-0.0179
laws:47,laws,clustered_shuffle,2000,2026,667,5,729400.0,779500.0,0.9357280307889673,-0.0501
laws:47,laws,clustered_shuffle,2000,2026,667,6,735700.0,777100.0,0.9467250032170892,-0.0414
laws:47,laws,clustered_shuffle,2000,2026,667,7,805400.0,786800.0,1.023640061006609,0.0186
laws:47,laws,clustered_shuffle,2000,2026,1333,0,712100.0,737500.0,0.9655593220338983,-0.0254
laws:47,laws,clustered_shuffle,2000,2026,1333,1,709600.0,782500.0,0.9068370607028754,-0.0729
laws:47,laws,clustered_shuffle,2000,2026,1333,2,721100.0,748300.0,0.9636509421355072,-0.0272
laws:47,laws,clustered_shuffle,2000,2026,1333,3,710500.0,950300.0,0.7476586341155425,-0.2398
laws:47,laws,clustered_shuffle,2000,2026,1333,4,724300.0,788900.0,0.9181138293826847,-0.0646
laws:47,laws,clustered_shuffle,2000,2026,1333,5,712600.0,754400.0,0.944591728525981,-0.0418
laws:47,laws,clustered_shuffle,2000,2026,1333,6,733200.0,752400.0,0.9744816586921851,-0.0192
laws:47,laws,clustered_shuffle,2000,2026,1333,7,712800.0,756000.0,0.9428571428571428,-0.0432
laws:48,laws,clustered_scale,2000,2026,667,0,790900.0,820900.0,0.9634547447923011,-0.03
laws:48,laws,clustered_scale,2000,2026,667,1,806400.0,840200.0,0.9597714829802428,-0.0338
laws:48,laws,clustered_scale,2000,2026,667,2,783000.0,826400.0,0.9474830590513069,-0.0434
laws:48,laws,clustered_scale,2000,2026,667,3,791600.0,799100.0,0.9906144412464022,-0.0075
laws:48,laws,clustered_scale,2000,2026,667,4,776100.0,829600.0,0.9355110896817743,-0.0535
laws:48,laws,clustered_scale,2000,2026,667,5,791400.0,827000.0,0.9569528415961306,-0.0356
laws:48,laws,clustered_scale,2000,2026,667,6,781500.0,926600.0,0.8434060004316858,-0.1451
laws:48,laws,clustered_scale,2000,2026,667,7,802700.0,829100.0,0.9681582438789048,-0.0264
laws:48,laws,clustered_scale,2000,2026,1333,0,983000.0,848700.0,1.1582420172027807,0.1343
laws:48,laws,clustered_scale,2000,2026,1333,1,805800.0,828600.0,0.9724837074583635,-0.0228
laws:48,laws,clustered_scale,2000,2026,1333,2,968200.0,808900.0,1.1969341080479663,0.1593
laws:48,laws,clustered_scale,2000,2026,1333,3,835700.0,810800.0,1.0307104094721262,0.0249
laws:48,laws,clustered_scale,2000,2026,1333,4,800400.0,808600.0,0.9898590155824882,-0.0082
laws:48,laws,clustered_scale,2000,2026,1333,5,832600.0,963100.0,0.8645000519156889,-0.1305
laws:48,laws,clustered_scale,2000,2026,1333,6,791700.0,814500.0,0.9720073664825046,-0.0228
laws:48,laws,clustered_scale,2000,2026,1333,7,800600.0,802000.0,0.9982543640897755,-0.0014
laws:5,laws,sparse_zero,2000,42,667,0,556500.0,716700.0,0.776475512766848,-0.1602
laws:5,laws,sparse_zero,2000,42,667,1,576000.0,595700.0,0.9669296625818365,-0.0197
laws:5,laws,sparse_zero,2000,42,667,2,550500.0,591500.0,0.9306846999154691,-0.041
laws:5,laws,sparse_zero,2000,42,667,3,574700.0,643600.0,0.8929459291485394,-0.0689
laws:5,laws,sparse_zero,2000,42,667,4,559600.0,630500.0,0.8875495638382236,-0.0709
laws:5,laws,sparse_zero,2000,42,667,5,543000.0,789300.0,0.6879513492968453,-0.2463
laws:5,laws,sparse_zero,2000,42,667,6,559600.0,760500.0,0.7358316896778435,-0.2009
laws:5,laws,sparse_zero,2000,42,667,7,563700.0,655000.0,0.8606106870229008,-0.0913
laws:5,laws,sparse_zero,2000,42,1333,0,518400.0,630200.0,0.8225960012694383,-0.1118
laws:5,laws,sparse_zero,2000,42,1333,1,550400.0,650500.0,0.8461183704842429,-0.1001
laws:5,laws,sparse_zero,2000,42,1333,2,578900.0,591900.0,0.9780368305457003,-0.013
laws:5,laws,sparse_zero,2000,42,1333,3,753000.0,649900.0,1.1586397907370365,0.1031
laws:5,laws,sparse_zero,2000,42,1333,4,554900.0,585500.0,0.9477369769427839,-0.0306
laws:5,laws,sparse_zero,2000,42,1333,5,533600.0,573800.0,0.9299407459044964,-0.0402
laws:5,laws,sparse_zero,2000,42,1333,6,539700.0,553000.0,0.9759493670886076,-0.0133
laws:5,laws,sparse_zero,2000,42,1333,7,502700.0,613900.0,0.8188630070043981,-0.1112
laws:6,laws,sparse_integer,2000,42,667,0,462700.0,508800.0,0.9093946540880503,-0.0461
laws:6,laws,sparse_integer,2000,42,667,1,447600.0,496000.0,0.9024193548387097,-0.0484
laws:6,laws,sparse_integer,2000,42,667,2,436500.0,491600.0,0.8879170056956875,-0.0551
laws:6,laws,sparse_integer,2000,42,667,3,555600.0,493200.0,1.1265206812652069,0.0624
laws:6,laws,sparse_integer,2000,42,667,4,546300.0,632100.0,0.8642619838633128,-0.0858
laws:6,laws,sparse_integer,2000,42,667,5,460500.0,507300.0,0.9077468953282082,-0.0468
laws:6,laws,sparse_integer,2000,42,667,6,446100.0,535100.0,0.8336759484208559,-0.089
laws:6,laws,sparse_integer,2000,42,667,7,435600.0,509100.0,0.8556275780789628,-0.0735
laws:6,laws,sparse_integer,2000,42,1333,0,481800.0,516100.0,0.9335400116256539,-0.0343
laws:6,laws,sparse_integer,2000,42,1333,1,469600.0,634700.0,0.739877107294785,-0.1651
laws:6,laws,sparse_integer,2000,42,1333,2,449900.0,525500.0,0.8561370123691722,-0.0756
laws:6,laws,sparse_integer,2000,42,1333,3,456000.0,506200.0,0.900829711576452,-0.0502
laws:6,laws,sparse_integer,2000,42,1333,4,503700.0,510800.0,0.9861002349256069,-0.0071
laws:6,laws,sparse_integer,2000,42,1333,5,477400.0,485000.0,0.9843298969072165,-0.0076
laws:6,laws,sparse_integer,2000,42,1333,6,463300.0,515800.0,0.8982163629313688,-0.0525
laws:6,laws,sparse_integer,2000,42,1333,7,472000.0,509500.0,0.9263984298331698,-0.0375
laws:7,laws,sparse_shuffle,2000,42,667,0,395100.0,438200.0,0.9016430853491556,-0.0431
laws:7,laws,sparse_shuffle,2000,42,667,1,385700.0,439700.0,0.8771889924948829,-0.054
laws:7,laws,sparse_shuffle,2000,42,667,2,402800.0,430400.0,0.9358736059479554,-0.0276
laws:7,laws,sparse_shuffle,2000,42,667,3,394300.0,442400.0,0.8912748643761302,-0.0481
laws:7,laws,sparse_shuffle,2000,42,667,4,399500.0,433900.0,0.9207190596911731,-0.0344
laws:7,laws,sparse_shuffle,2000,42,667,5,392400.0,422600.0,0.9285376242309512,-0.0302
laws:7,laws,sparse_shuffle,2000,42,667,6,383400.0,439300.0,0.8727521056225814,-0.0559
laws:7,laws,sparse_shuffle,2000,42,667,7,408500.0,408900.0,0.9990217657128883,-0.0004
laws:7,laws,sparse_shuffle,2000,42,1333,0,408400.0,452600.0,0.9023420238621299,-0.0442
laws:7,laws,sparse_shuffle,2000,42,1333,1,426800.0,444600.0,0.9599640125955915,-0.0178
laws:7,laws,sparse_shuffle,2000,42,1333,2,510900.0,413600.0,1.2352514506769825,0.0973
laws:7,laws,sparse_shuffle,2000,42,1333,3,408200.0,473800.0,0.861544955677501,-0.0656
laws:7,laws,sparse_shuffle,2000,42,1333,4,425800.0,432500.0,0.9845086705202312,-0.0067
laws:7,laws,sparse_shuffle,2000,42,1333,5,392000.0,457000.0,0.8577680525164114,-0.065
laws:7,laws,sparse_shuffle,2000,42,1333,6,406000.0,426200.0,0.9526044110746129,-0.0202
laws:7,laws,sparse_shuffle,2000,42,1333,7,400600.0,439200.0,0.9121129326047359,-0.0386
laws:8,laws,sparse_scale,2000,42,667,0,461700.0,549900.0,0.839607201309329,-0.0882
laws:8,laws,sparse_scale,2000,42,667,1,389800.0,436600.0,0.8928080622995878,-0.0468
laws:8,laws,sparse_scale,2000,42,667,2,406700.0,444100.0,0.9157847331682054,-0.0374
laws:8,laws,sparse_scale,2000,42,667,3,391400.0,520200.0,0.752402921953095,-0.1288
laws:8,laws,sparse_scale,2000,42,667,4,384900.0,443000.0,0.8688487584650113,-0.0581
laws:8,laws,sparse_scale,2000,42,667,5,382500.0,541800.0,0.7059800664451827,-0.1593
laws:8,laws,sparse_scale,2000,42,667,6,400600.0,454100.0,0.8821845408500331,-0.0535
laws:8,laws,sparse_scale,2000,42,667,7,385500.0,430500.0,0.8954703832752613,-0.045
laws:8,laws,sparse_scale,2000,42,1333,0,446500.0,432500.0,1.0323699421965318,0.014
laws:8,laws,sparse_scale,2000,42,1333,1,397500.0,472700.0,0.8409138988787814,-0.0752
laws:8,laws,sparse_scale,2000,42,1333,2,740000.0,454600.0,1.627804663440387,0.2854
laws:8,laws,sparse_scale,2000,42,1333,3,394400.0,460600.0,0.8562744246634825,-0.0662
laws:8,laws,sparse_scale,2000,42,1333,4,415300.0,456100.0,0.9105459329094496,-0.0408
laws:8,laws,sparse_scale,2000,42,1333,5,405300.0,476800.0,0.8500419463087249,-0.0715
laws:8,laws,sparse_scale,2000,42,1333,6,407500.0,429700.0,0.9483360484058646,-0.0222
laws:8,laws,sparse_scale,2000,42,1333,7,406800.0,453000.0,0.8980132450331125,-0.0462
laws:9,laws,clustered_uniform,2000,42,667,0,791800.0,869600.0,0.9105335786568537,-0.0778
laws:9,laws,clustered_uniform,2000,42,667,1,1003300.0,819200.0,1.2247314453125,0.1841
laws:9,laws,clustered_uniform,2000,42,667,2,806000.0,804100.0,1.0023628901877877,0.0019
laws:9,laws,clustered_uniform,2000,42,667,3,930400.0,818400.0,1.1368523949169111,0.112
laws:9,laws,clustered_uniform,2000,42,667,4,832700.0,843100.0,0.9876645712252402,-0.0104
laws:9,laws,clustered_uniform,2000,42,667,5,762600.0,920300.0,0.8286428338585244,-0.1577
laws:9,laws,clustered_uniform,2000,42,667,6,784300.0,825100.0,0.9505514483092958,-0.0408
laws:9,laws,clustered_uniform,2000,42,667,7,777900.0,876700.0,0.8873046652218547,-0.0988
laws:9,laws,clustered_uniform,2000,42,1333,0,751500.0,1171000.0,0.6417591801878736,-0.4195
laws:9,laws,clustered_uniform,2000,42,1333,1,754000.0,779000.0,0.9679075738125802,-0.025
laws:9,laws,clustered_uniform,2000,42,1333,2,755700.0,791400.0,0.9548900682335102,-0.0357
laws:9,laws,clustered_uniform,2000,42,1333,3,761100.0,827600.0,0.9196471725471242,-0.0665
laws:9,laws,clustered_uniform,2000,42,1333,4,883000.0,788200.0,1.1202740421212891,0.0948
laws:9,laws,clustered_uniform,2000,42,1333,5,811100.0,863600.0,0.9392079666512274,-0.0525
laws:9,laws,clustered_uniform,2000,42,1333,6,766000.0,817000.0,0.9375764993880049,-0.051
laws:9,laws,clustered_uniform,2000,42,1333,7,764900.0,789700.0,0.9685956692414841,-0.0248
layout:1,layout,weight,5000,42,1666,0,1118800.0,1221500.0,0.9159230454359394,-0.1027
layout:1,layout,weight,5000,42,1666,1,1065400.0,1212400.0,0.8787528868360277,-0.147
layout:1,layout,weight,5000,42,1666,2,1114500.0,1239800.0,0.8989353121471205,-0.1253
layout:1,layout,weight,5000,42,1666,3,1100800.0,1639900.0,0.6712604427099214,-0.5391
layout:1,layout,weight,5000,42,1666,4,1172900.0,1311400.0,0.8943876772914443,-0.1385
layout:1,layout,weight,5000,42,1666,5,1081100.0,1204300.0,0.8976999086606328,-0.1232
layout:1,layout,weight,5000,42,1666,6,1086000.0,1346200.0,0.8067151983360571,-0.2602
layout:1,layout,weight,5000,42,1666,7,1306700.0,1231600.0,1.0609775901266645,0.0751
layout:1,layout,weight,5000,42,3333,0,1180800.0,1240700.0,0.9517208027726284,-0.0599
layout:1,layout,weight,5000,42,3333,1,1102000.0,1178100.0,0.9354044648162295,-0.0761
layout:1,layout,weight,5000,42,3333,2,1089700.0,1225000.0,0.8895510204081633,-0.1353
layout:1,layout,weight,5000,42,3333,3,1158400.0,1218300.0,0.9508331281293606,-0.0599
layout:1,layout,weight,5000,42,3333,4,1071400.0,1250800.0,0.8565717940518068,-0.1794
layout:1,layout,weight,5000,42,3333,5,1062500.0,1290300.0,0.8234519104084321,-0.2278
layout:1,layout,weight,5000,42,3333,6,1083000.0,1419600.0,0.7628909551986475,-0.3366
layout:1,layout,weight,5000,42,3333,7,1070600.0,1202000.0,0.8906821963394342,-0.1314
layout:10,layout,rcm,100000,42,77462,0,56464100.0,71407100.0,0.7907350949695479,-14.943
layout:10,layout,rcm,100000,42,77462,1,55269600.0,66680800.0,0.828868279924656,-11.4112
layout:10,layout,rcm,100000,42,77462,2,51271000.0,58665500.0,0.8739548797845411,-7.3945
layout:10,layout,rcm,100000,42,77462,3,51587600.0,62020900.0,0.8317776749450588,-10.4333
layout:10,layout,rcm,100000,42,77462,4,53383600.0,65801100.0,0.8112873492996318,-12.4175
layout:10,layout,rcm,100000,42,77462,5,50877400.0,65448800.0,0.7773618462065004,-14.5714
layout:10,layout,rcm,100000,42,77462,6,50614000.0,60500800.0,0.8365839790548224,-9.8868
layout:10,layout,rcm,100000,42,77462,7,52672400.0,60515400.0,0.8703966263133021,-7.843
layout:10,layout,rcm,100000,42,96072,0,53288700.0,71426200.0,0.7460665694101044,-18.1375
layout:10,layout,rcm,100000,42,96072,1,54672300.0,65840000.0,0.830381227217497,-11.1677
layout:10,layout,rcm,100000,42,96072,2,48944600.0,60745800.0,0.8057281326445614,-11.8012
layout:10,layout,rcm,100000,42,96072,3,50373200.0,59254800.0,0.8501117209069983,-8.8816
layout:10,layout,rcm,100000,42,96072,4,48896900.0,60202500.0,0.812207134255222,-11.3056
layout:10,layout,rcm,100000,42,96072,5,51250700.0,60304900.0,0.8498596299803167,-9.0542
layout:10,layout,rcm,100000,42,96072,6,50461500.0,61336800.0,0.822695347654263,-10.8753
layout:10,layout,rcm,100000,42,96072,7,53321000.0,62390800.0,0.854629208152484,-9.0698
layout:11,layout,weight,5000,1729,1666,0,1093500.0,1277500.0,0.8559686888454012,-0.184
layout:11,layout,weight,5000,1729,1666,1,1107000.0,1318400.0,0.8396541262135923,-0.2114
layout:11,layout,weight,5000,1729,1666,2,1533700.0,1331100.0,1.152204943279994,0.2026
layout:11,layout,weight,5000,1729,1666,3,1086100.0,1397400.0,0.777229139831115,-0.3113
layout:11,layout,weight,5000,1729,1666,4,1643500.0,1397300.0,1.1761969512631503,0.2462
layout:11,layout,weight,5000,1729,1666,5,1188000.0,1287400.0,0.9227901196209415,-0.0994
layout:11,layout,weight,5000,1729,1666,6,1116900.0,1290400.0,0.865545567265964,-0.1735
layout:11,layout,weight,5000,1729,1666,7,1120400.0,1405900.0,0.7969272352229888,-0.2855
layout:11,layout,weight,5000,1729,3333,0,1151500.0,1272700.0,0.9047693879154554,-0.1212
layout:11,layout,weight,5000,1729,3333,1,1318500.0,1502600.0,0.8774790363370158,-0.1841
layout:11,layout,weight,5000,1729,3333,2,1209100.0,1253200.0,0.9648100861793808,-0.0441
layout:11,layout,weight,5000,1729,3333,3,1087100.0,1238900.0,0.8774719509242069,-0.1518
layout:11,layout,weight,5000,1729,3333,4,1125400.0,1305700.0,0.8619131500344642,-0.1803
layout:11,layout,weight,5000,1729,3333,5,1229400.0,1360400.0,0.9037047927080271,-0.131
layout:11,layout,weight,5000,1729,3333,6,1248700.0,1237000.0,1.0094583670169766,0.0117
layout:11,layout,weight,5000,1729,3333,7,1371000.0,1795900.0,0.7634055348293335,-0.4249
layout:12,layout,destination,5000,1729,1666,0,1091300.0,1331600.0,0.8195404025232803,-0.2403
layout:12,layout,destination,5000,1729,1666,1,1193000.0,1272400.0,0.9375982395473121,-0.0794
layout:12,layout,destination,5000,1729,1666,2,1255200.0,1249800.0,1.0043206913106097,0.0054
layout:12,layout,destination,5000,1729,1666,3,1113900.0,1361500.0,0.8181417554168197,-0.2476
layout:12,layout,destination,5000,1729,1666,4,1200500.0,1283800.0,0.9351145038167938,-0.0833
layout:12,layout,destination,5000,1729,1666,5,1134700.0,1333100.0,0.8511739554422024,-0.1984
layout:12,layout,destination,5000,1729,1666,6,1344800.0,1336600.0,1.0061349693251533,0.0082
layout:12,layout,destination,5000,1729,1666,7,1110600.0,1396200.0,0.7954447786850022,-0.2856
layout:12,layout,destination,5000,1729,3333,0,1170100.0,1284600.0,0.9108671960143235,-0.1145
layout:12,layout,destination,5000,1729,3333,1,1168500.0,1311100.0,0.8912363664098848,-0.1426
layout:12,layout,destination,5000,1729,3333,2,1132600.0,1273400.0,0.8894298727815297,-0.1408
layout:12,layout,destination,5000,1729,3333,3,1126500.0,1301500.0,0.8655397618132924,-0.175
layout:12,layout,destination,5000,1729,3333,4,1104700.0,1275900.0,0.8658202053452465,-0.1712
layout:12,layout,destination,5000,1729,3333,5,1091000.0,1274700.0,0.8558876598415314,-0.1837
layout:12,layout,destination,5000,1729,3333,6,1257000.0,1420300.0,0.885024290642822,-0.1633
layout:12,layout,destination,5000,1729,3333,7,1206800.0,1391600.0,0.8672032193158954,-0.1848
layout:13,layout,random,5000,1729,1666,0,1137600.0,1239300.0,0.9179375453885258,-0.1017
layout:13,layout,random,5000,1729,1666,1,1126500.0,1431000.0,0.7872117400419287,-0.3045
layout:13,layout,random,5000,1729,1666,2,1224700.0,1643600.0,0.7451326356777804,-0.4189
layout:13,layout,random,5000,1729,1666,3,1334400.0,1429700.0,0.9333426592991537,-0.0953
layout:13,layout,random,5000,1729,1666,4,1112900.0,1251500.0,0.8892528965241709,-0.1386
layout:13,layout,random,5000,1729,1666,5,1084700.0,1279400.0,0.8478192902923245,-0.1947
layout:13,layout,random,5000,1729,1666,6,1125000.0,1649400.0,0.682066205893052,-0.5244
layout:13,layout,random,5000,1729,1666,7,1227300.0,1270900.0,0.9656936029585333,-0.0436
layout:13,layout,random,5000,1729,3333,0,1147400.0,1293700.0,0.8869135039035325,-0.1463
layout:13,layout,random,5000,1729,3333,1,1250800.0,1702900.0,0.7345117153091785,-0.4521
layout:13,layout,random,5000,1729,3333,2,1116600.0,1240500.0,0.9001209189842805,-0.1239
layout:13,layout,random,5000,1729,3333,3,1075300.0,1263100.0,0.8513181854168316,-0.1878
layout:13,layout,random,5000,1729,3333,4,1134300.0,1347300.0,0.8419060342908038,-0.213
layout:13,layout,random,5000,1729,3333,5,1432800.0,1344400.0,1.0657542398095805,0.0884
layout:13,layout,random,5000,1729,3333,6,1355400.0,1342700.0,1.0094585536605347,0.0127
layout:13,layout,random,5000,1729,3333,7,1095600.0,1267900.0,0.8641060020506349,-0.1723
layout:14,layout,bfs,5000,1729,1989,0,1063700.0,3368300.0,0.31579728646498234,-2.3046
layout:14,layout,bfs,5000,1729,1989,1,1098900.0,1242500.0,0.8844265593561368,-0.1436
layout:14,layout,bfs,5000,1729,1989,2,1122700.0,1223100.0,0.91791349848745,-0.1004
layout:14,layout,bfs,5000,1729,1989,3,1161600.0,1273200.0,0.9123468426013195,-0.1116
layout:14,layout,bfs,5000,1729,1989,4,1110600.0,1257900.0,0.8829000715478178,-0.1473
layout:14,layout,bfs,5000,1729,1989,5,1204800.0,1390700.0,0.8663263104911196,-0.1859
layout:14,layout,bfs,5000,1729,1989,6,1085000.0,1247100.0,0.8700184427872665,-0.1621
layout:14,layout,bfs,5000,1729,1989,7,1122500.0,1316200.0,0.8528339158182647,-0.1937
layout:14,layout,bfs,5000,1729,2419,0,1071600.0,1409400.0,0.7603235419327373,-0.3378
layout:14,layout,bfs,5000,1729,2419,1,1169600.0,1241000.0,0.9424657534246575,-0.0714
layout:14,layout,bfs,5000,1729,2419,2,1117200.0,1253400.0,0.8913355672570608,-0.1362
layout:14,layout,bfs,5000,1729,2419,3,1080600.0,1206600.0,0.895574341123819,-0.126
layout:14,layout,bfs,5000,1729,2419,4,1049600.0,1285000.0,0.8168093385214008,-0.2354
layout:14,layout,bfs,5000,1729,2419,5,1063300.0,1496100.0,0.7107145244301851,-0.4328
layout:14,layout,bfs,5000,1729,2419,6,1127000.0,1491300.0,0.7557164889693556,-0.3643
layout:14,layout,bfs,5000,1729,2419,7,1091700.0,1322100.0,0.8257317903335603,-0.2304
layout:15,layout,rcm,5000,1729,2580,0,1122300.0,1324100.0,0.8475945925534325,-0.2018
layout:15,layout,rcm,5000,1729,2580,1,1153800.0,1271800.0,0.9072181160559837,-0.118
layout:15,layout,rcm,5000,1729,2580,2,1092100.0,1275700.0,0.8560790154425022,-0.1836
layout:15,layout,rcm,5000,1729,2580,3,1323100.0,2636700.0,0.5018014942921075,-1.3136
layout:15,layout,rcm,5000,1729,2580,4,1164500.0,1420900.0,0.8195509888099092,-0.2564
layout:15,layout,rcm,5000,1729,2580,5,1078800.0,1238300.0,0.8711943793911007,-0.1595
layout:15,layout,rcm,5000,1729,2580,6,1307700.0,1253200.0,1.0434886690073413,0.0545
layout:15,layout,rcm,5000,1729,2580,7,1135000.0,1368700.0,0.8292540366771389,-0.2337
layout:15,layout,rcm,5000,1729,3010,0,1099800.0,1283700.0,0.8567422294928722,-0.1839
layout:15,layout,rcm,5000,1729,3010,1,1247500.0,1445700.0,0.8629037836342256,-0.1982
layout:15,layout,rcm,5000,1729,3010,2,1248300.0,1260500.0,0.9903213010710036,-0.0122
layout:15,layout,rcm,5000,1729,3010,3,1091300.0,1209300.0,0.9024228892747871,-0.118
layout:15,layout,rcm,5000,1729,3010,4,1127800.0,1257400.0,0.8969301733736281,-0.1296
layout:15,layout,rcm,5000,1729,3010,5,1125800.0,1339400.0,0.8405256084814096,-0.2136
layout:15,layout,rcm,5000,1729,3010,6,1114400.0,1311300.0,0.8498436665904064,-0.1969
layout:15,layout,rcm,5000,1729,3010,7,1161300.0,1260800.0,0.9210818527918782,-0.0995
layout:16,layout,weight,100000,1729,33333,0,51242400.0,63428700.0,0.807874038093166,-12.1863
layout:16,layout,weight,100000,1729,33333,1,49785500.0,61195900.0,0.813543064159527,-11.4104
layout:16,layout,weight,100000,1729,33333,2,52357800.0,61985700.0,0.8446754654702617,-9.6279
layout:16,layout,weight,100000,1729,33333,3,50447400.0,63562200.0,0.7936698226304313,-13.1148
layout:16,layout,weight,100000,1729,33333,4,49031500.0,59311600.0,0.8266764005691972,-10.2801
layout:16,layout,weight,100000,1729,33333,5,50385000.0,61236600.0,0.8227922516926152,-10.8516
layout:16,layout,weight,100000,1729,33333,6,52047900.0,59973200.0,0.8678526408462447,-7.9253
layout:16,layout,weight,100000,1729,33333,7,49367400.0,55728300.0,0.8858587109242522,-6.3609
layout:16,layout,weight,100000,1729,66666,0,49364700.0,57631100.0,0.8565635568295591,-8.2664
layout:16,layout,weight,100000,1729,66666,1,49772900.0,62093200.0,0.8015837483009411,-12.3203
layout:16,layout,weight,100000,1729,66666,2,52316600.0,62394000.0,0.8384876750969644,-10.0774
layout:16,layout,weight,100000,1729,66666,3,50794200.0,64854500.0,0.7832023992167082,-14.0603
layout:16,layout,weight,100000,1729,66666,4,50756700.0,63400100.0,0.8005776016126157,-12.6434
layout:16,layout,weight,100000,1729,66666,5,48444600.0,60421600.0,0.8017761859997087,-11.977
layout:16,layout,weight,100000,1729,66666,6,50583500.0,60018600.0,0.842797066242798,-9.4351
layout:16,layout,weight,100000,1729,66666,7,46838700.0,59459100.0,0.7877465350131435,-12.6204
layout:17,layout,destination,100000,1729,33333,0,49678700.0,58264500.0,0.8526409734915772,-8.5858
layout:17,layout,destination,100000,1729,33333,1,56507700.0,95630600.0,0.5908955919967039,-39.1229
layout:17,layout,destination,100000,1729,33333,2,59682900.0,67005700.0,0.8907137750967455,-7.3228
layout:17,layout,destination,100000,1729,33333,3,52183300.0,69932000.0,0.7462005948635818,-17.7487
layout:17,layout,destination,100000,1729,33333,4,52206000.0,62380500.0,0.8368961454300623,-10.1745
layout:17,layout,destination,100000,1729,33333,5,49383500.0,61289700.0,0.8057389740853683,-11.9062
layout:17,layout,destination,100000,1729,33333,6,50147100.0,61619200.0,0.8138226396967179,-11.4721
layout:17,layout,destination,100000,1729,33333,7,50739200.0,67498600.0,0.7517074428210363,-16.7594
layout:17,layout,destination,100000,1729,66666,0,52120800.0,62379300.0,0.8355464072216264,-10.2585
layout:17,layout,destination,100000,1729,66666,1,51733700.0,62796600.0,0.8238296340884698,-11.0629
layout:17,layout,destination,100000,1729,66666,2,50079400.0,63474100.0,0.7889737704039915,-13.3947
layout:17,layout,destination,100000,1729,66666,3,54348000.0,63493000.0,0.8559683744664767,-9.145
layout:17,layout,destination,100000,1729,66666,4,52086300.0,58083700.0,0.8967455585646231,-5.9974
layout:17,layout,destination,100000,1729,66666,5,49521500.0,58517900.0,0.8462624256851322,-8.9964
layout:17,layout,destination,100000,1729,66666,6,47810500.0,60118500.0,0.7952710064289694,-12.308
layout:17,layout,destination,100000,1729,66666,7,47283700.0,56603400.0,0.8353508799824746,-9.3197
layout:18,layout,random,100000,1729,33333,0,45168800.0,56978900.0,0.7927285363529306,-11.8101
layout:18,layout,random,100000,1729,33333,1,47746400.0,57788900.0,0.8262209524666502,-10.0425
layout:18,layout,random,100000,1729,33333,2,47421200.0,57337000.0,0.8270610600484852,-9.9158
layout:18,layout,random,100000,1729,33333,3,50608600.0,61933500.0,0.8171441949833289,-11.3249
layout:18,layout,random,100000,1729,33333,4,50506800.0,58845100.0,0.8583008610742441,-8.3383
layout:18,layout,random,100000,1729,33333,5,48479000.0,58056900.0,0.8350256386407128,-9.5779
layout:18,layout,random,100000,1729,33333,6,51828200.0,59254200.0,0.8746755504251176,-7.426
layout:18,layout,random,100000,1729,33333,7,48724800.0,60336400.0,0.8075523233073236,-11.6116
layout:18,layout,random,100000,1729,66666,0,45728700.0,64113900.0,0.7132415903571613,-18.3852
layout:18,layout,random,100000,1729,66666,1,46010000.0,54802000.0,0.839567898981789,-8.792
layout:18,layout,random,100000,1729,66666,2,46521800.0,57005200.0,0.816097478826493,-10.4834
layout:18,layout,random,100000,1729,66666,3,48235500.0,56993900.0,0.8463274139864091,-8.7584
layout:18,layout,random,100000,1729,66666,4,51723600.0,61349600.0,0.8430959615058615,-9.626
layout:18,layout,random,100000,1729,66666,5,48107600.0,60395100.0,0.7965480643297221,-12.2875
layout:18,layout,random,100000,1729,66666,6,48551900.0,60196500.0,0.8065568596180841,-11.6446
layout:18,layout,random,100000,1729,66666,7,45553100.0,57837900.0,0.7875994806173806,-12.2848
layout:19,layout,bfs,100000,1729,30541,0,46157500.0,57070900.0,0.8087746995403963,-10.9134
layout:19,layout,bfs,100000,1729,30541,1,47104900.0,58802700.0,0.8010669578097604,-11.6978
layout:19,layout,bfs,100000,1729,30541,2,46724700.0,57694300.0,0.8098668325987143,-10.9696
layout:19,layout,bfs,100000,1729,30541,3,48150600.0,57452000.0,0.8381013715797535,-9.3014
layout:19,layout,bfs,100000,1729,30541,4,48136000.0,58928400.0,0.8168557096408523,-10.7924
layout:19,layout,bfs,100000,1729,30541,5,49129800.0,68199700.0,0.7203814679536713,-19.0699
layout:19,layout,bfs,100000,1729,30541,6,50136500.0,59578400.0,0.8415214238717388,-9.4419
layout:19,layout,bfs,100000,1729,30541,7,47053900.0,57611100.0,0.8167505914658807,-10.5572
layout:19,layout,bfs,100000,1729,97704,0,46439800.0,59124700.0,0.7854551481867984,-12.6849
layout:19,layout,bfs,100000,1729,97704,1,48048500.0,59627400.0,0.8058124285144078,-11.5789
layout:19,layout,bfs,100000,1729,97704,2,48911500.0,54132400.0,0.9035531400787699,-5.2209
layout:19,layout,bfs,100000,1729,97704,3,48291500.0,62811100.0,0.7688370367657946,-14.5196
layout:19,layout,bfs,100000,1729,97704,4,50606700.0,62619700.0,0.8081594130920461,-12.013
layout:19,layout,bfs,100000,1729,97704,5,49888400.0,60620700.0,0.8229598140569145,-10.7323
layout:19,layout,bfs,100000,1729,97704,6,46154800.0,58682700.0,0.7865145945909101,-12.5279
layout:19,layout,bfs,100000,1729,97704,7,47556700.0,59982100.0,0.7928481997129143,-12.4254
layout:2,layout,destination,5000,42,1666,0,1205300.0,1364100.0,0.8835862473425702,-0.1588
layout:2,layout,destination,5000,42,1666,1,1093900.0,1275200.0,0.8578262233375157,-0.1813
layout:2,layout,destination,5000,42,1666,2,1336400.0,1400000.0,0.9545714285714286,-0.0636
layout:2,layout,destination,5000,42,1666,3,1155000.0,1309800.0,0.8818140174072377,-0.1548
layout:2,layout,destination,5000,42,1666,4,1114800.0,1262100.0,0.8832897551699548,-0.1473
layout:2,layout,destination,5000,42,1666,5,1101100.0,2403100.0,0.4581998252257501,-1.302
layout:2,layout,destination,5000,42,1666,6,1123200.0,1212700.0,0.9261977405788736,-0.0895
layout:2,layout,destination,5000,42,1666,7,1051500.0,1202900.0,0.8741375010391553,-0.1514
layout:2,layout,destination,5000,42,3333,0,1166900.0,1203600.0,0.9695081422399469,-0.0367
layout:2,layout,destination,5000,42,3333,1,1060700.0,1166600.0,0.9092233841933824,-0.1059
layout:2,layout,destination,5000,42,3333,2,1091500.0,1891400.0,0.5770857565824257,-0.7999
layout:2,layout,destination,5000,42,3333,3,1146000.0,1252500.0,0.9149700598802395,-0.1065
layout:2,layout,destination,5000,42,3333,4,1064500.0,1275300.0,0.8347055594762017,-0.2108
layout:2,layout,destination,5000,42,3333,5,1041900.0,1215000.0,0.8575308641975309,-0.1731
layout:2,layout,destination,5000,42,3333,6,1105100.0,1221500.0,0.9047073270568973,-0.1164
layout:2,layout,destination,5000,42,3333,7,1130200.0,1425500.0,0.7928446159242372,-0.2953
layout:20,layout,rcm,100000,1729,2295,0,47091400.0,58245300.0,0.8085012867991065,-11.1539
layout:20,layout,rcm,100000,1729,2295,1,47644500.0,61808800.0,0.7708368387672953,-14.1643
layout:20,layout,rcm,100000,1729,2295,2,50135000.0,61333800.0,0.8174122588197699,-11.1988
layout:20,layout,rcm,100000,1729,2295,3,49683300.0,61916700.0,0.802421640688215,-12.2334
layout:20,layout,rcm,100000,1729,2295,4,53252100.0,57900600.0,0.9197158578667578,-4.6485
layout:20,layout,rcm,100000,1729,2295,5,47402000.0,57729900.0,0.821099638142453,-10.3279
layout:20,layout,rcm,100000,1729,2295,6,47979300.0,55673400.0,0.8617993512162002,-7.6941
layout:20,layout,rcm,100000,1729,2295,7,47253500.0,59210100.0,0.7980648571780828,-11.9566
layout:20,layout,rcm,100000,1729,69458,0,46564500.0,58097500.0,0.8014888764576789,-11.533
layout:20,layout,rcm,100000,1729,69458,1,45509500.0,58351900.0,0.7799146214604837,-12.8424
layout:20,layout,rcm,100000,1729,69458,2,48826500.0,56311000.0,0.867086359681057,-7.4845
layout:20,layout,rcm,100000,1729,69458,3,48589400.0,62187200.0,0.7813408547096509,-13.5978
layout:20,layout,rcm,100000,1729,69458,4,50453200.0,59722100.0,0.844799496333853,-9.2689
layout:20,layout,rcm,100000,1729,69458,5,49327300.0,58996800.0,0.8361012800694275,-9.6695
layout:20,layout,rcm,100000,1729,69458,6,46328700.0,58024300.0,0.7984361724312056,-11.6956
layout:20,layout,rcm,100000,1729,69458,7,46886900.0,56002100.0,0.8372346751282541,-9.1152
layout:21,layout,weight,5000,2026,1666,0,1145400.0,1625600.0,0.7046013779527559,-0.4802
layout:21,layout,weight,5000,2026,1666,1,1090100.0,1231900.0,0.8848932543225911,-0.1418
layout:21,layout,weight,5000,2026,1666,2,1113700.0,1255800.0,0.8868450390189521,-0.1421
layout:21,layout,weight,5000,2026,1666,3,1108300.0,1200300.0,0.923352495209531,-0.092
layout:21,layout,weight,5000,2026,1666,4,1127300.0,1446100.0,0.7795449830578798,-0.3188
layout:21,layout,weight,5000,2026,1666,5,1084600.0,1300900.0,0.8337304942731955,-0.2163
layout:21,layout,weight,5000,2026,1666,6,1755600.0,1255200.0,1.398661567877629,0.5004
layout:21,layout,weight,5000,2026,1666,7,1314100.0,1184000.0,1.1098817567567567,0.1301
layout:21,layout,weight,5000,2026,3333,0,1127600.0,1290000.0,0.874108527131783,-0.1624
layout:21,layout,weight,5000,2026,3333,1,1136700.0,1253400.0,0.9068932503590235,-0.1167
layout:21,layout,weight,5000,2026,3333,2,1129300.0,1564100.0,0.722012659037146,-0.4348
layout:21,layout,weight,5000,2026,3333,3,1310000.0,1305400.0,1.0035238241152138,0.0046
layout:21,layout,weight,5000,2026,3333,4,1440300.0,1591100.0,0.9052228018352083,-0.1508
layout:21,layout,weight,5000,2026,3333,5,1844000.0,1609000.0,1.1460534493474208,0.235
layout:21,layout,weight,5000,2026,3333,6,1091900.0,1324600.0,0.8243243243243243,-0.2327
layout:21,layout,weight,5000,2026,3333,7,1089900.0,1298800.0,0.8391592238989837,-0.2089
layout:22,layout,destination,5000,2026,1666,0,1668600.0,1245600.0,1.3395953757225434,0.423
layout:22,layout,destination,5000,2026,1666,1,1327500.0,1664900.0,0.7973451858970508,-0.3374
layout:22,layout,destination,5000,2026,1666,2,1631000.0,1454900.0,1.1210392466836208,0.1761
layout:22,layout,destination,5000,2026,1666,3,1091000.0,1210200.0,0.9015038836555941,-0.1192
layout:22,layout,destination,5000,2026,1666,4,1147300.0,1311000.0,0.8751334858886346,-0.1637
layout:22,layout,destination,5000,2026,1666,5,1100800.0,1263600.0,0.8711617600506489,-0.1628
layout:22,layout,destination,5000,2026,1666,6,1109300.0,1244300.0,0.8915052640038575,-0.135
layout:22,layout,destination,5000,2026,1666,7,1109800.0,1227600.0,0.9040404040404041,-0.1178
layout:22,layout,destination,5000,2026,3333,0,1136100.0,1479400.0,0.7679464647830201,-0.3433
layout:22,layout,destination,5000,2026,3333,1,1129600.0,1274500.0,0.8863083562181248,-0.1449
layout:22,layout,destination,5000,2026,3333,2,1196400.0,1324500.0,0.9032842582106455,-0.1281
layout:22,layout,destination,5000,2026,3333,3,1115500.0,1273500.0,0.8759324695720455,-0.158
layout:22,layout,destination,5000,2026,3333,4,1296700.0,1345300.0,0.9638742287965509,-0.0486
layout:22,layout,destination,5000,2026,3333,5,1135200.0,1347800.0,0.8422614631250928,-0.2126
layout:22,layout,destination,5000,2026,3333,6,1162200.0,1287800.0,0.9024693275353316,-0.1256
layout:22,layout,destination,5000,2026,3333,7,1111100.0,1287200.0,0.8631914232442511,-0.1761
layout:23,layout,random,5000,2026,1666,0,1176100.0,1308700.0,0.8986780774814702,-0.1326
layout:23,layout,random,5000,2026,1666,1,1274500.0,1282000.0,0.9941497659906396,-0.0075
layout:23,layout,random,5000,2026,1666,2,1095000.0,1948800.0,0.561884236453202,-0.8538
layout:23,layout,random,5000,2026,1666,3,1563800.0,1911900.0,0.8179298080443538,-0.3481
layout:23,layout,random,5000,2026,1666,4,1110000.0,1471300.0,0.754434853530891,-0.3613
layout:23,layout,random,5000,2026,1666,5,1108700.0,1270700.0,0.8725112142913355,-0.162
layout:23,layout,random,5000,2026,1666,6,1113800.0,1695000.0,0.6571091445427729,-0.5812
layout:23,layout,random,5000,2026,1666,7,1318100.0,1231500.0,1.0703207470564353,0.0866
layout:23,layout,random,5000,2026,3333,0,1166300.0,1250800.0,0.9324432363287496,-0.0845
layout:23,layout,random,5000,2026,3333,1,1260400.0,1246900.0,1.0108268505894618,0.0135
layout:23,layout,random,5000,2026,3333,2,1101600.0,1269300.0,0.8678799338217915,-0.1677
layout:23,layout,random,5000,2026,3333,3,1187100.0,1711100.0,0.6937642452223716,-0.524
layout:23,layout,random,5000,2026,3333,4,1188800.0,1310600.0,0.9070654661986877,-0.1218
layout:23,layout,random,5000,2026,3333,5,1120300.0,1332700.0,0.8406242965408569,-0.2124
layout:23,layout,random,5000,2026,3333,6,1247200.0,1252100.0,0.996086574554748,-0.0049
layout:23,layout,random,5000,2026,3333,7,1104000.0,1306300.0,0.84513511444538,-0.2023
layout:24,layout,bfs,5000,2026,289,0,1114200.0,1269700.0,0.8775301252264315,-0.1555
layout:24,layout,bfs,5000,2026,289,1,1090400.0,1249300.0,0.8728087729128312,-0.1589
layout:24,layout,bfs,5000,2026,289,2,1153500.0,1255800.0,0.9185379837553751,-0.1023
layout:24,layout,bfs,5000,2026,289,3,1105400.0,1355300.0,0.8156127794584225,-0.2499
layout:24,layout,bfs,5000,2026,289,4,1324700.0,1409900.0,0.9395701822824314,-0.0852
layout:24,layout,bfs,5000,2026,289,5,1146300.0,1251400.0,0.9160140642480422,-0.1051
layout:24,layout,bfs,5000,2026,289,6,1057000.0,1196000.0,0.8837792642140468,-0.139
layout:24,layout,bfs,5000,2026,289,7,1048700.0,1190600.0,0.8808163950949102,-0.1419
layout:24,layout,bfs,5000,2026,4813,0,1075500.0,1202200.0,0.8946098818832141,-0.1267
layout:24,layout,bfs,5000,2026,4813,1,1277100.0,1292000.0,0.9884674922600619,-0.0149
layout:24,layout,bfs,5000,2026,4813,2,1063700.0,1314900.0,0.8089588561867823,-0.2512
layout:24,layout,bfs,5000,2026,4813,3,1060900.0,1247300.0,0.8505572035596889,-0.1864
layout:24,layout,bfs,5000,2026,4813,4,1055400.0,1212600.0,0.8703612073231074,-0.1572
layout:24,layout,bfs,5000,2026,4813,5,1055300.0,1280500.0,0.8241311987504881,-0.2252
layout:24,layout,bfs,5000,2026,4813,6,1167800.0,1685100.0,0.6930152513203964,-0.5173
layout:24,layout,bfs,5000,2026,4813,7,1121400.0,1271900.0,0.8816730875068794,-0.1505
layout:25,layout,rcm,5000,2026,186,0,1179900.0,1205100.0,0.9790888722927558,-0.0252
layout:25,layout,rcm,5000,2026,186,1,1128000.0,1261600.0,0.8941027266962587,-0.1336
layout:25,layout,rcm,5000,2026,186,2,1184800.0,1264500.0,0.9369711348359036,-0.0797
layout:25,layout,rcm,5000,2026,186,3,1099400.0,1239200.0,0.8871852808263396,-0.1398
layout:25,layout,rcm,5000,2026,186,4,1104100.0,1270100.0,0.8693016297929297,-0.166
layout:25,layout,rcm,5000,2026,186,5,1279700.0,1261200.0,1.0146685696162385,0.0185
layout:25,layout,rcm,5000,2026,186,6,1165600.0,1248700.0,0.9334507888203731,-0.0831
layout:25,layout,rcm,5000,2026,186,7,1111100.0,1471400.0,0.7551311675954873,-0.3603
layout:25,layout,rcm,5000,2026,4710,0,1098000.0,1479500.0,0.7421426157485637,-0.3815
layout:25,layout,rcm,5000,2026,4710,1,1093300.0,1226800.0,0.8911803064884252,-0.1335
layout:25,layout,rcm,5000,2026,4710,2,1251800.0,1256300.0,0.9964180530128154,-0.0045
layout:25,layout,rcm,5000,2026,4710,3,1340100.0,1174300.0,1.1411904964659798,0.1658
layout:25,layout,rcm,5000,2026,4710,4,1076200.0,1227100.0,0.8770271371526362,-0.1509
layout:25,layout,rcm,5000,2026,4710,5,1093800.0,1277900.0,0.8559355192112059,-0.1841
layout:25,layout,rcm,5000,2026,4710,6,1092100.0,1494300.0,0.7308438733855317,-0.4022
layout:25,layout,rcm,5000,2026,4710,7,1126100.0,1248300.0,0.9021068653368581,-0.1222
layout:26,layout,weight,100000,2026,33333,0,50964400.0,55389300.0,0.9201127293538643,-4.4249
layout:26,layout,weight,100000,2026,33333,1,45643400.0,57514100.0,0.7936036554514458,-11.8707
layout:26,layout,weight,100000,2026,33333,2,46332000.0,54253900.0,0.8539846905015124,-7.9219
layout:26,layout,weight,100000,2026,33333,3,45349300.0,57804200.0,0.7845329578127541,-12.4549
layout:26,layout,weight,100000,2026,33333,4,44276200.0,57287700.0,0.7728744564714589,-13.0115
layout:26,layout,weight,100000,2026,33333,5,48648800.0,55499900.0,0.8765565343360979,-6.8511
layout:26,layout,weight,100000,2026,33333,6,43722300.0,58837200.0,0.7431064020721584,-15.1149
layout:26,layout,weight,100000,2026,33333,7,45214100.0,56797300.0,0.7960607282388423,-11.5832
layout:26,layout,weight,100000,2026,66666,0,50112600.0,58340100.0,0.8589735019309189,-8.2275
layout:26,layout,weight,100000,2026,66666,1,48745400.0,56734400.0,0.8591859612510223,-7.989
layout:26,layout,weight,100000,2026,66666,2,45168100.0,57047500.0,0.7917630045137823,-11.8794
layout:26,layout,weight,100000,2026,66666,3,45744500.0,55762500.0,0.8203452140775611,-10.018
layout:26,layout,weight,100000,2026,66666,4,44921600.0,54893300.0,0.8183439509011118,-9.9717
layout:26,layout,weight,100000,2026,66666,5,46869000.0,55539900.0,0.8438798053291418,-8.6709
layout:26,layout,weight,100000,2026,66666,6,44190400.0,54055900.0,0.8174944825634205,-9.8655
layout:26,layout,weight,100000,2026,66666,7,45524500.0,60667000.0,0.7503997230784446,-15.1425
layout:27,layout,destination,100000,2026,33333,0,53445000.0,64892300.0,0.8235954034608112,-11.4473
layout:27,layout,destination,100000,2026,33333,1,52225800.0,65704900.0,0.7948539606635121,-13.4791
layout:27,layout,destination,100000,2026,33333,2,49760100.0,61940000.0,0.8033597029383274,-12.1799
layout:27,layout,destination,100000,2026,33333,3,49546800.0,59682200.0,0.830177171753052,-10.1354
layout:27,layout,destination,100000,2026,33333,4,49946300.0,60885000.0,0.8203383427773672,-10.9387
layout:27,layout,destination,100000,2026,33333,5,53367800.0,59095100.0,0.9030833351665366,-5.7273
layout:27,layout,destination,100000,2026,33333,6,50418900.0,58180900.0,0.866588519600075,-7.762
layout:27,layout,destination,100000,2026,33333,7,53067700.0,58278700.0,0.9105848277329454,-5.211
layout:27,layout,destination,100000,2026,66666,0,51693400.0,64703500.0,0.798927415054827,-13.0101
layout:27,layout,destination,100000,2026,66666,1,49309600.0,62828200.0,0.7848322886856539,-13.5186
layout:27,layout,destination,100000,2026,66666,2,54661500.0,66571100.0,0.821099546199477,-11.9096
layout:27,layout,destination,100000,2026,66666,3,51355400.0,61578000.0,0.8339894118029166,-10.2226
layout:27,layout,destination,100000,2026,66666,4,53510000.0,59766100.0,0.8953236031797289,-6.2561
layout:27,layout,destination,100000,2026,66666,5,50089800.0,73357000.0,0.6828223618741225,-23.2672
layout:27,layout,destination,100000,2026,66666,6,70567600.0,114081000.0,0.6185745216118372,-43.5134
layout:27,layout,destination,100000,2026,66666,7,72542900.0,85283700.0,0.8506068568788643,-12.7408
layout:28,layout,random,100000,2026,33333,0,61862900.0,75038000.0,0.8244209600469096,-13.1751
layout:28,layout,random,100000,2026,33333,1,58866100.0,69829200.0,0.8430012086634244,-10.9631
layout:28,layout,random,100000,2026,33333,2,52787500.0,64361700.0,0.8201694486006429,-11.5742
layout:28,layout,random,100000,2026,33333,3,49097000.0,57618500.0,0.8521047927315012,-8.5215
layout:28,layout,random,100000,2026,33333,4,46737400.0,62189800.0,0.751528385683826,-15.4524
layout:28,layout,random,100000,2026,33333,5,50163000.0,62396000.0,0.8039457657542151,-12.233
layout:28,layout,random,100000,2026,33333,6,46202600.0,61700300.0,0.7488229392725805,-15.4977
layout:28,layout,random,100000,2026,33333,7,43492300.0,55820600.0,0.7791442585712085,-12.3283
layout:28,layout,random,100000,2026,66666,0,45951100.0,53787300.0,0.8543113337163234,-7.8362
layout:28,layout,random,100000,2026,66666,1,46562500.0,58196400.0,0.8000924455808263,-11.6339
layout:28,layout,random,100000,2026,66666,2,49622700.0,59625300.0,0.8322423534975925,-10.0026
layout:28,layout,random,100000,2026,66666,3,49535400.0,58469900.0,0.8471948814689267,-8.9345
layout:28,layout,random,100000,2026,66666,4,49833100.0,60947200.0,0.8176437965977108,-11.1141
layout:28,layout,random,100000,2026,66666,5,49935400.0,68721900.0,0.7266300844417863,-18.7865
layout:28,layout,random,100000,2026,66666,6,48645800.0,56432200.0,0.8620220370639458,-7.7864
layout:28,layout,random,100000,2026,66666,7,51805500.0,59609300.0,0.8690841865279411,-7.8038
layout:29,layout,bfs,100000,2026,12031,0,46153400.0,53375000.0,0.8647007025761124,-7.2216
layout:29,layout,bfs,100000,2026,12031,1,45825100.0,56087600.0,0.8170272930202042,-10.2625
layout:29,layout,bfs,100000,2026,12031,2,45555300.0,54535800.0,0.835328353118502,-8.9805
layout:29,layout,bfs,100000,2026,12031,3,52135200.0,61423500.0,0.8487826320545069,-9.2883
layout:29,layout,bfs,100000,2026,12031,4,50574300.0,64523600.0,0.7838108846995518,-13.9493
layout:29,layout,bfs,100000,2026,12031,5,58776700.0,67299300.0,0.8733627244265542,-8.5226
layout:29,layout,bfs,100000,2026,12031,6,56341100.0,70080800.0,0.8039448750585039,-13.7397
layout:29,layout,bfs,100000,2026,12031,7,59483000.0,68403400.0,0.8695912776265508,-8.9204
layout:29,layout,bfs,100000,2026,93579,0,49752900.0,59048200.0,0.8425811455726,-9.2953
layout:29,layout,bfs,100000,2026,93579,1,49806400.0,60413900.0,0.8244195458329954,-10.6075
layout:29,layout,bfs,100000,2026,93579,2,56737500.0,65847900.0,0.8616447904944576,-9.1104
layout:29,layout,bfs,100000,2026,93579,3,58312900.0,76193000.0,0.7653314608953579,-17.8801
layout:29,layout,bfs,100000,2026,93579,4,72431000.0,83525300.0,0.8671743771049012,-11.0943
layout:29,layout,bfs,100000,2026,93579,5,80973500.0,95132900.0,0.8511619008776143,-14.1594
layout:29,layout,bfs,100000,2026,93579,6,72349700.0,89221700.0,0.8108980214454555,-16.872
layout:29,layout,bfs,100000,2026,93579,7,60651200.0,76195700.0,0.7959924247693767,-15.5445
layout:3,layout,random,5000,42,1666,0,1083700.0,1388100.0,0.7807074418269577,-0.3044
layout:3,layout,random,5000,42,1666,1,1058400.0,1204200.0,0.8789237668161435,-0.1458
layout:3,layout,random,5000,42,1666,2,1066500.0,1473400.0,0.7238360255192072,-0.4069
layout:3,layout,random,5000,42,1666,3,1143600.0,1221200.0,0.9364559449721586,-0.0776
layout:3,layout,random,5000,42,1666,4,1057100.0,1197200.0,0.8829769462078182,-0.1401
layout:3,layout,random,5000,42,1666,5,1067600.0,1199600.0,0.8899633211070357,-0.132
layout:3,layout,random,5000,42,1666,6,1147000.0,1226500.0,0.9351814105177334,-0.0795
layout:3,layout,random,5000,42,1666,7,1054200.0,1289000.0,0.8178432893716059,-0.2348
layout:3,layout,random,5000,42,3333,0,1074900.0,1255300.0,0.856289333227117,-0.1804
layout:3,layout,random,5000,42,3333,1,1179400.0,1335400.0,0.883181069342519,-0.156
layout:3,layout,random,5000,42,3333,2,1195400.0,1213900.0,0.9847598648982618,-0.0185
layout:3,layout,random,5000,42,3333,3,1234100.0,1719300.0,0.7177921247019136,-0.4852
layout:3,layout,random,5000,42,3333,4,1083800.0,1334700.0,0.812017681876077,-0.2509
layout:3,layout,random,5000,42,3333,5,1121200.0,1207700.0,0.9283762523805581,-0.0865
layout:3,layout,random,5000,42,3333,6,1070900.0,1320400.0,0.8110421084519842,-0.2495
layout:3,layout,random,5000,42,3333,7,1345300.0,1196500.0,1.124362724613456,0.1488
layout:30,layout,rcm,100000,2026,6420,0,51767500.0,64972700.0,0.7967577151634456,-13.2052
layout:30,layout,rcm,100000,2026,6420,1,54809500.0,65414200.0,0.8378838233900284,-10.6047
layout:30,layout,rcm,100000,2026,6420,2,52297000.0,64390700.0,0.8121825046163499,-12.0937
layout:30,layout,rcm,100000,2026,6420,3,52352400.0,64867800.0,0.8070629804001369,-12.5154
layout:30,layout,rcm,100000,2026,6420,4,52521900.0,60697400.0,0.8653072454503817,-8.1755
layout:30,layout,rcm,100000,2026,6420,5,51459300.0,61138400.0,0.8416854219279536,-9.6791
layout:30,layout,rcm,100000,2026,6420,6,51089400.0,64239700.0,0.795293253237484,-13.1503
layout:30,layout,rcm,100000,2026,6420,7,49566400.0,60947700.0,0.8132612059191733,-11.3813
layout:30,layout,rcm,100000,2026,87968,0,67339100.0,80747900.0,0.8339424307009842,-13.4088
layout:30,layout,rcm,100000,2026,87968,1,60699600.0,78701400.0,0.7712645518377056,-18.0018
layout:30,layout,rcm,100000,2026,87968,2,57608100.0,68845700.0,0.8367712144694586,-11.2376
layout:30,layout,rcm,100000,2026,87968,3,51423400.0,64251700.0,0.8003430259432824,-12.8283
layout:30,layout,rcm,100000,2026,87968,4,48489200.0,60415500.0,0.8025953604621331,-11.9263
layout:30,layout,rcm,100000,2026,87968,5,49885400.0,62628100.0,0.7965338242737685,-12.7427
layout:30,layout,rcm,100000,2026,87968,6,54306700.0,61450500.0,0.8837470809838813,-7.1438
layout:30,layout,rcm,100000,2026,87968,7,52960700.0,65491400.0,0.8086664814006114,-12.5307
layout:4,layout,bfs,5000,42,623,0,1071600.0,1313900.0,0.8155871831950681,-0.2423
layout:4,layout,bfs,5000,42,623,1,1083700.0,1235900.0,0.876850877902743,-0.1522
layout:4,layout,bfs,5000,42,623,2,1056500.0,1235600.0,0.8550501780511492,-0.1791
layout:4,layout,bfs,5000,42,623,3,1047200.0,1203600.0,0.8700564971751412,-0.1564
layout:4,layout,bfs,5000,42,623,4,1072300.0,1207300.0,0.8881802368922389,-0.135
layout:4,layout,bfs,5000,42,623,5,1074500.0,1258800.0,0.8535907213218938,-0.1843
layout:4,layout,bfs,5000,42,623,6,1238400.0,1216100.0,1.0183373077871885,0.0223
layout:4,layout,bfs,5000,42,623,7,1089800.0,1481800.0,0.7354568767714942,-0.392
layout:4,layout,bfs,5000,42,4621,0,1065500.0,1233400.0,0.8638722231230744,-0.1679
layout:4,layout,bfs,5000,42,4621,1,1052600.0,1248800.0,0.8428891736066624,-0.1962
layout:4,layout,bfs,5000,42,4621,2,1062400.0,1218800.0,0.8716770594026911,-0.1564
layout:4,layout,bfs,5000,42,4621,3,1186200.0,1478800.0,0.8021368677305923,-0.2926
layout:4,layout,bfs,5000,42,4621,4,1098300.0,1387900.0,0.7913394336767778,-0.2896
layout:4,layout,bfs,5000,42,4621,5,1479900.0,1970200.0,0.7511420160389808,-0.4903
layout:4,layout,bfs,5000,42,4621,6,1073900.0,1276100.0,0.8415484679884022,-0.2022
layout:4,layout,bfs,5000,42,4621,7,1067300.0,1217100.0,0.8769205488456167,-0.1498
layout:5,layout,rcm,5000,42,378,0,1092400.0,1257400.0,0.868776841100684,-0.165
layout:5,layout,rcm,5000,42,378,1,1058100.0,1318800.0,0.8023202911737943,-0.2607
layout:5,layout,rcm,5000,42,378,2,1042900.0,1209000.0,0.8626137303556658,-0.1661
layout:5,layout,rcm,5000,42,378,3,1153400.0,1213700.0,0.9503172118315893,-0.0603
layout:5,layout,rcm,5000,42,378,4,1098800.0,1276700.0,0.8606563797289888,-0.1779
layout:5,layout,rcm,5000,42,378,5,1232400.0,1275800.0,0.965982128860323,-0.0434
layout:5,layout,rcm,5000,42,378,6,1044700.0,1293000.0,0.8079659706109822,-0.2483
layout:5,layout,rcm,5000,42,378,7,1185800.0,1427900.0,0.8304503116464739,-0.2421
layout:5,layout,rcm,5000,42,4376,0,1299800.0,1309100.0,0.9928958826674815,-0.0093
layout:5,layout,rcm,5000,42,4376,1,1097000.0,1349900.0,0.8126527890954885,-0.2529
layout:5,layout,rcm,5000,42,4376,2,1216300.0,1316900.0,0.9236084744475662,-0.1006
layout:5,layout,rcm,5000,42,4376,3,1315300.0,1350800.0,0.9737192774652058,-0.0355
layout:5,layout,rcm,5000,42,4376,4,1104100.0,1300300.0,0.8491117434438207,-0.1962
layout:5,layout,rcm,5000,42,4376,5,1533600.0,1304500.0,1.175622844001533,0.2291
layout:5,layout,rcm,5000,42,4376,6,1378500.0,1310800.0,1.0516478486420506,0.0677
layout:5,layout,rcm,5000,42,4376,7,1255500.0,1324500.0,0.9479048697621744,-0.069
layout:6,layout,weight,100000,42,33333,0,49456000.0,57574900.0,0.858985425940818,-8.1189
layout:6,layout,weight,100000,42,33333,1,45281000.0,60973300.0,0.742636531071797,-15.6923
layout:6,layout,weight,100000,42,33333,2,47019400.0,57374900.0,0.8195116679941926,-10.3555
layout:6,layout,weight,100000,42,33333,3,45993800.0,56940000.0,0.8077590446083597,-10.9462
layout:6,layout,weight,100000,42,33333,4,48378500.0,61057000.0,0.7923497715249684,-12.6785
layout:6,layout,weight,100000,42,33333,5,46675100.0,58822100.0,0.7934959819523615,-12.147
layout:6,layout,weight,100000,42,33333,6,43351400.0,56427800.0,0.7682631610659993,-13.0764
layout:6,layout,weight,100000,42,33333,7,45236400.0,55377200.0,0.8168777041815043,-10.1408
layout:6,layout,weight,100000,42,66666,0,48624800.0,56195600.0,0.8652777085750486,-7.5708
layout:6,layout,weight,100000,42,66666,1,48463300.0,54932600.0,0.8822320443598155,-6.4693
layout:6,layout,weight,100000,42,66666,2,48537500.0,57277000.0,0.8474169387363165,-8.7395
layout:6,layout,weight,100000,42,66666,3,48185700.0,56279900.0,0.8561795596651736,-8.0942
layout:6,layout,weight,100000,42,66666,4,46380900.0,53769300.0,0.8625907348617148,-7.3884
layout:6,layout,weight,100000,42,66666,5,47199000.0,58656200.0,0.8046719698855364,-11.4572
layout:6,layout,weight,100000,42,66666,6,44110600.0,53525100.0,0.8241105574767725,-9.4145
layout:6,layout,weight,100000,42,66666,7,47332100.0,58098300.0,0.81468993068644,-10.7662
layout:7,layout,destination,100000,42,33333,0,48518800.0,58911800.0,0.8235837302543803,-10.393
layout:7,layout,destination,100000,42,33333,1,47992900.0,57610100.0,0.8330639939871655,-9.6172
layout:7,layout,destination,100000,42,33333,2,45438600.0,58562500.0,0.7758992529348986,-13.1239
layout:7,layout,destination,100000,42,33333,3,48808300.0,57569800.0,0.8478108313733936,-8.7615
layout:7,layout,destination,100000,42,33333,4,49869700.0,62950700.0,0.7922024695515697,-13.081
layout:7,layout,destination,100000,42,33333,5,48857200.0,56922700.0,0.8583078455519503,-8.0655
layout:7,layout,destination,100000,42,33333,6,48791200.0,62012400.0,0.7867974792138347,-13.2212
layout:7,layout,destination,100000,42,33333,7,49133400.0,58901800.0,0.8341578695387917,-9.7684
layout:7,layout,destination,100000,42,66666,0,45167900.0,62584400.0,0.7217118003847605,-17.4165
layout:7,layout,destination,100000,42,66666,1,46215300.0,53877300.0,0.8577879737848778,-7.662
layout:7,layout,destination,100000,42,66666,2,48327800.0,56314200.0,0.8581814178306715,-7.9864
layout:7,layout,destination,100000,42,66666,3,45217300.0,57857100.0,0.7815341591611056,-12.6398
layout:7,layout,destination,100000,42,66666,4,46744000.0,57291700.0,0.8158947980248448,-10.5477
layout:7,layout,destination,100000,42,66666,5,47246000.0,59073600.0,0.799781966902305,-11.8276
layout:7,layout,destination,100000,42,66666,6,48325200.0,57066200.0,0.8468270184452443,-8.741
layout:7,layout,destination,100000,42,66666,7,70067400.0,80945100.0,0.8656163251388904,-10.8777
layout:8,layout,random,100000,42,33333,0,46840700.0,58523600.0,0.8003728410419044,-11.6829
layout:8,layout,random,100000,42,33333,1,49314700.0,56280700.0,0.8762275522514823,-6.966
layout:8,layout,random,100000,42,33333,2,47499800.0,56661300.0,0.838311157703759,-9.1615
layout:8,layout,random,100000,42,33333,3,45742300.0,59824600.0,0.7646068674090591,-14.0823
layout:8,layout,random,100000,42,33333,4,48167300.0,58837400.0,0.8186510620795616,-10.6701
layout:8,layout,random,100000,42,33333,5,51528300.0,58391100.0,0.8824683898744843,-6.8628
layout:8,layout,random,100000,42,33333,6,49927700.0,60318200.0,0.827738559837661,-10.3905
layout:8,layout,random,100000,42,33333,7,45728600.0,60476700.0,0.7561358341311613,-14.7481
layout:8,layout,random,100000,42,66666,0,56999400.0,67540800.0,0.8439254495060763,-10.5414
layout:8,layout,random,100000,42,66666,1,54569200.0,62517000.0,0.8728697794199978,-7.9478
layout:8,layout,random,100000,42,66666,2,53820100.0,61073600.0,0.8812334625763014,-7.2535
layout:8,layout,random,100000,42,66666,3,51774400.0,59358800.0,0.8722278752265882,-7.5844
layout:8,layout,random,100000,42,66666,4,56659300.0,58969400.0,0.9608254450613369,-2.3101
layout:8,layout,random,100000,42,66666,5,51433100.0,62403100.0,0.8242074512323907,-10.97
layout:8,layout,random,100000,42,66666,6,50853400.0,59070200.0,0.8608977115364431,-8.2168
layout:8,layout,random,100000,42,66666,7,50371300.0,62236600.0,0.809351731939084,-11.8653
layout:9,layout,bfs,100000,42,3927,0,47150700.0,56413600.0,0.8358037778124424,-9.2629
layout:9,layout,bfs,100000,42,3927,1,47099000.0,58721300.0,0.8020769294957707,-11.6223
layout:9,layout,bfs,100000,42,3927,2,48887300.0,58458700.0,0.8362707347238306,-9.5714
layout:9,layout,bfs,100000,42,3927,3,47309600.0,57507300.0,0.8226712086987217,-10.1977
layout:9,layout,bfs,100000,42,3927,4,51494200.0,60184500.0,0.855605679203117,-8.6903
layout:9,layout,bfs,100000,42,3927,5,50120300.0,61436000.0,0.8158132039846344,-11.3157
layout:9,layout,bfs,100000,42,3927,6,49457400.0,57114600.0,0.8659327037219905,-7.6572
layout:9,layout,bfs,100000,42,3927,7,48877400.0,60030800.0,0.8142053745743851,-11.1534
layout:9,layout,bfs,100000,42,22537,0,49927300.0,58007500.0,0.8607042192819894,-8.0802
layout:9,layout,bfs,100000,42,22537,1,47351000.0,59133800.0,0.8007433988683291,-11.7828
layout:9,layout,bfs,100000,42,22537,2,50166900.0,59746700.0,0.8396597636354811,-9.5798
layout:9,layout,bfs,100000,42,22537,3,50644700.0,60613800.0,0.835530852710109,-9.9691
layout:9,layout,bfs,100000,42,22537,4,51833400.0,60277000.0,0.8599200358345638,-8.4436
layout:9,layout,bfs,100000,42,22537,5,51369000.0,56849600.0,0.9035947482480088,-5.4806
layout:9,layout,bfs,100000,42,22537,6,49426500.0,57388900.0,0.8612553995633302,-7.9624
layout:9,layout,bfs,100000,42,22537,7,49329300.0,58706700.0,0.8402669541977321,-9.3774
roads:1,roads,NY,264346,0,37763,0,59229000.0,77483200.0,0.7644108658393045,-18.2542
roads:1,roads,NY,264346,0,37763,1,57203700.0,70039100.0,0.8167395069325563,-12.8354
roads:1,roads,NY,264346,0,37763,2,63714300.0,75785700.0,0.8407166523499816,-12.0714
roads:1,roads,NY,264346,0,37763,3,64546800.0,74364400.0,0.8679798398158258,-9.8176
roads:1,roads,NY,264346,0,37763,4,63833200.0,69801500.0,0.9144961068171887,-5.9683
roads:1,roads,NY,264346,0,37763,5,60381000.0,71144700.0,0.8487069310855201,-10.7637
roads:1,roads,NY,264346,0,37763,6,56484700.0,70412700.0,0.8021947745222098,-13.928
roads:1,roads,NY,264346,0,37763,7,52391400.0,63495400.0,0.8251211898814718,-11.104
roads:1,roads,NY,264346,0,75527,0,48594000.0,58897300.0,0.8250632881303557,-10.3033
roads:1,roads,NY,264346,0,75527,1,46542300.0,60605000.0,0.7679613893243131,-14.0627
roads:1,roads,NY,264346,0,75527,2,48398300.0,60210800.0,0.803814265879211,-11.8125
roads:1,roads,NY,264346,0,75527,3,52761600.0,61129100.0,0.8631175659383175,-8.3675
roads:1,roads,NY,264346,0,75527,4,48960200.0,61408200.0,0.7972909155454809,-12.448
roads:1,roads,NY,264346,0,75527,5,47757800.0,62999200.0,0.7580699437453174,-15.2414
roads:1,roads,NY,264346,0,75527,6,47239400.0,59319300.0,0.7963580150136633,-12.0799
roads:1,roads,NY,264346,0,75527,7,51197900.0,66950800.0,0.7647093089253602,-15.7529
roads:1,roads,NY,264346,0,113291,0,55818300.0,67386500.0,0.8283306003427986,-11.5682
roads:1,roads,NY,264346,0,113291,1,53171700.0,63921100.0,0.8318333069987844,-10.7494
roads:1,roads,NY,264346,0,113291,2,51562700.0,64677600.0,0.7972265513871881,-13.1149
roads:1,roads,NY,264346,0,113291,3,53338700.0,61400400.0,0.8687028097536824,-8.0617
roads:1,roads,NY,264346,0,113291,4,54453200.0,65758500.0,0.8280784993574976,-11.3053
roads:1,roads,NY,264346,0,113291,5,53110500.0,64957500.0,0.8176192125620598,-11.847
roads:1,roads,NY,264346,0,113291,6,55466100.0,65888700.0,0.8418150608526196,-10.4226
roads:1,roads,NY,264346,0,113291,7,55793700.0,64406900.0,0.8662689867079459,-8.6132
roads:1,roads,NY,264346,0,151054,0,54200800.0,66023000.0,0.8209381579146661,-11.8222
roads:1,roads,NY,264346,0,151054,1,51755000.0,66170900.0,0.7821413944800509,-14.4159
roads:1,roads,NY,264346,0,151054,2,53781500.0,64717400.0,0.8310207146764239,-10.9359
roads:1,roads,NY,264346,0,151054,3,52954800.0,65022000.0,0.8144135830949525,-12.0672
roads:1,roads,NY,264346,0,151054,4,52912700.0,65715600.0,0.8051771573264187,-12.8029
roads:1,roads,NY,264346,0,151054,5,50619600.0,62143800.0,0.8145559170826374,-11.5242
roads:1,roads,NY,264346,0,151054,6,52364300.0,65179800.0,0.8033823362452784,-12.8155
roads:1,roads,NY,264346,0,151054,7,54272500.0,64855600.0,0.8368205675377299,-10.5831
roads:1,roads,NY,264346,0,188818,0,52150300.0,66224500.0,0.7874774441483137,-14.0742
roads:1,roads,NY,264346,0,188818,1,53180200.0,61804700.0,0.8604555964190426,-8.6245
roads:1,roads,NY,264346,0,188818,2,53206600.0,63495800.0,0.8379546363696496,-10.2892
roads:1,roads,NY,264346,0,188818,3,53695100.0,63766600.0,0.8420568134415195,-10.0715
roads:1,roads,NY,264346,0,188818,4,52035400.0,67528500.0,0.770569463263659,-15.4931
roads:1,roads,NY,264346,0,188818,5,56388700.0,65014600.0,0.8673236473038364,-8.6259
roads:1,roads,NY,264346,0,188818,6,58443200.0,74733000.0,0.7820266816533527,-16.2898
roads:1,roads,NY,264346,0,188818,7,59563900.0,71068300.0,0.8381219193367507,-11.5044
roads:1,roads,NY,264346,0,226582,0,49023000.0,60342300.0,0.8124151714468955,-11.3193
roads:1,roads,NY,264346,0,226582,1,51977800.0,63083800.0,0.8239484622042426,-11.106
roads:1,roads,NY,264346,0,226582,2,49540400.0,61005600.0,0.8120631548579147,-11.4652
roads:1,roads,NY,264346,0,226582,3,50263000.0,62333200.0,0.8063600136043072,-12.0702
roads:1,roads,NY,264346,0,226582,4,51135100.0,60735300.0,0.8419337683357125,-9.6002
roads:1,roads,NY,264346,0,226582,5,48595300.0,61279500.0,0.7930107132075164,-12.6842
roads:1,roads,NY,264346,0,226582,6,48298900.0,59489300.0,0.8118922226349948,-11.1904
roads:1,roads,NY,264346,0,226582,7,48391000.0,60169300.0,0.8042473487309973,-11.7783
roads:2,roads,BAY,321270,0,45895,0,56606700.0,68663200.0,0.8244110382271727,-12.0565
roads:2,roads,BAY,321270,0,45895,1,61221200.0,70386100.0,0.8697910524947398,-9.1649
roads:2,roads,BAY,321270,0,45895,2,61079000.0,70135000.0,0.870877593213089,-9.056
roads:2,roads,BAY,321270,0,45895,3,57402200.0,69397300.0,0.8271532177764841,-11.9951
roads:2,roads,BAY,321270,0,45895,4,57644900.0,69296900.0,0.8318539501767034,-11.652
roads:2,roads,BAY,321270,0,45895,5,58337000.0,70164300.0,0.8314342193964737,-11.8273
roads:2,roads,BAY,321270,0,45895,6,57907300.0,71092100.0,0.81453916820575,-13.1848
roads:2,roads,BAY,321270,0,45895,7,58617500.0,70446900.0,0.8320806167482174,-11.8294
roads:2,roads,BAY,321270,0,91791,0,59627300.0,72309800.0,0.8246088358701034,-12.6825
roads:2,roads,BAY,321270,0,91791,1,58490100.0,67104800.0,0.8716231923796808,-8.6147
roads:2,roads,BAY,321270,0,91791,2,59387300.0,71388100.0,0.831893550885932,-12.0008
roads:2,roads,BAY,321270,0,91791,3,55539100.0,69237500.0,0.8021534573027622,-13.6984
roads:2,roads,BAY,321270,0,91791,4,56875500.0,68292300.0,0.8328244911944684,-11.4168
roads:2,roads,BAY,321270,0,91791,5,57267300.0,67958900.0,0.8426754994562891,-10.6916
roads:2,roads,BAY,321270,0,91791,6,55390700.0,70602000.0,0.7845485963570437,-15.2113
roads:2,roads,BAY,321270,0,91791,7,58913700.0,68801600.0,0.8562838654915002,-9.8879
roads:2,roads,BAY,321270,0,137687,0,61041400.0,71185800.0,0.8574940507797904,-10.1444
roads:2,roads,BAY,321270,0,137687,1,57943700.0,68680700.0,0.8436678717601889,-10.737
roads:2,roads,BAY,321270,0,137687,2,58119700.0,72720300.0,0.7992225004572313,-14.6006
roads:2,roads,BAY,321270,0,137687,3,58486700.0,68359100.0,0.8555803104487918,-9.8724
roads:2,roads,BAY,321270,0,137687,4,58186600.0,67237800.0,0.865385244609431,-9.0512
roads:2,roads,BAY,321270,0,137687,5,56015100.0,68311000.0,0.8200011711144618,-12.2959
roads:2,roads,BAY,321270,0,137687,6,57906100.0,69612700.0,0.8318324098907239,-11.7066
roads:2,roads,BAY,321270,0,137687,7,55672500.0,69597100.0,0.7999255716114608,-13.9246
roads:2,roads,BAY,321270,0,183582,0,60259900.0,73584900.0,0.8189166527371784,-13.325
roads:2,roads,BAY,321270,0,183582,1,60814100.0,75061000.0,0.8101957074912405,-14.2469
roads:2,roads,BAY,321270,0,183582,2,60959600.0,74437100.0,0.818941092546593,-13.4775
roads:2,roads,BAY,321270,0,183582,3,57577600.0,72839200.0,0.7904754582697229,-15.2616
roads:2,roads,BAY,321270,0,183582,4,58618000.0,76034600.0,0.7709384937909847,-17.4166
roads:2,roads,BAY,321270,0,183582,5,55434900.0,72748100.0,0.7620116539126108,-17.3132
roads:2,roads,BAY,321270,0,183582,6,57389100.0,70562700.0,0.8133064636132121,-13.1736
roads:2,roads,BAY,321270,0,183582,7,57023200.0,66850000.0,0.853002243829469,-9.8268
roads:2,roads,BAY,321270,0,229478,0,58048000.0,67594900.0,0.8587630131859061,-9.5469
roads:2,roads,BAY,321270,0,229478,1,54003500.0,68449300.0,0.788956205541912,-14.4458
roads:2,roads,BAY,321270,0,229478,2,53042900.0,67926300.0,0.7808889929232123,-14.8834
roads:2,roads,BAY,321270,0,229478,3,53258400.0,66164300.0,0.804941637710971,-12.9059
roads:2,roads,BAY,321270,0,229478,4,58691900.0,69785400.0,0.8410340844933181,-11.0935
roads:2,roads,BAY,321270,0,229478,5,57973500.0,66741600.0,0.8686261641914488,-8.7681
roads:2,roads,BAY,321270,0,229478,6,58638100.0,71917600.0,0.8153511796834154,-13.2795
roads:2,roads,BAY,321270,0,229478,7,55051600.0,68527000.0,0.8033563412961314,-13.4754
roads:2,roads,BAY,321270,0,275374,0,61545600.0,71533400.0,0.8603757126041821,-9.9878
roads:2,roads,BAY,321270,0,275374,1,58698300.0,70374700.0,0.8340824188238103,-11.6764
roads:2,roads,BAY,321270,0,275374,2,57543400.0,71721600.0,0.8023161781109178,-14.1782
roads:2,roads,BAY,321270,0,275374,3,59191500.0,69639600.0,0.8499689831647511,-10.4481
roads:2,roads,BAY,321270,0,275374,4,58790800.0,71723400.0,0.8196878564039072,-12.9326
roads:2,roads,BAY,321270,0,275374,5,58568200.0,70665500.0,0.8288089661857625,-12.0973
roads:2,roads,BAY,321270,0,275374,6,58877900.0,72596500.0,0.8110294573429848,-13.7186
roads:2,roads,BAY,321270,0,275374,7,61602000.0,70326300.0,0.875945414446658,-8.7243
roads:3,roads,COL,435666,0,62238,0,81221600.0,93691300.0,0.8669065324101598,-12.4697
roads:3,roads,COL,435666,0,62238,1,78463800.0,92162200.0,0.8513663953334447,-13.6984
roads:3,roads,COL,435666,0,62238,2,81119500.0,95086500.0,0.8531126921276942,-13.967
roads:3,roads,COL,435666,0,62238,3,77705500.0,98462600.0,0.7891879759421344,-20.7571
roads:3,roads,COL,435666,0,62238,4,77974200.0,96798900.0,0.8055277487657401,-18.8247
roads:3,roads,COL,435666,0,62238,5,75569600.0,97500600.0,0.7750680508632768,-21.931
roads:3,roads,COL,435666,0,62238,6,78032700.0,95481800.0,0.8172520836431655,-17.4491
roads:3,roads,COL,435666,0,62238,7,80448200.0,92087900.0,0.87360228651104,-11.6397
roads:3,roads,COL,435666,0,124476,0,84570500.0,92263900.0,0.9166152742296825,-7.6934
roads:3,roads,COL,435666,0,124476,1,79890600.0,97218300.0,0.8217650380638213,-17.3277
roads:3,roads,COL,435666,0,124476,2,81461800.0,92984800.0,0.8760765200333818,-11.523
roads:3,roads,COL,435666,0,124476,3,77796700.0,98452200.0,0.7901976796861827,-20.6555
roads:3,roads,COL,435666,0,124476,4,82733400.0,95207100.0,0.868983510683552,-12.4737
roads:3,roads,COL,435666,0,124476,5,76420400.0,95178500.0,0.8029166250781427,-18.7581
roads:3,roads,COL,435666,0,124476,6,77184300.0,95749900.0,0.8061031917526806,-18.5656
roads:3,roads,COL,435666,0,124476,7,81072000.0,95383200.0,0.8499609994212818,-14.3112
roads:3,roads,COL,435666,0,186714,0,77243400.0,102995000.0,0.749972328753823,-25.7516
roads:3,roads,COL,435666,0,186714,1,79237100.0,97225600.0,0.8149818566303525,-17.9885
roads:3,roads,COL,435666,0,186714,2,83387100.0,95974000.0,0.8688509387959239,-12.5869
roads:3,roads,COL,435666,0,186714,3,78715700.0,95370500.0,0.8253673829957902,-16.6548
roads:3,roads,COL,435666,0,186714,4,80263200.0,96601200.0,0.8308716661904821,-16.338
roads:3,roads,COL,435666,0,186714,5,78514500.0,90615700.0,0.866455812844794,-12.1012
roads:3,roads,COL,435666,0,186714,6,78319300.0,96667800.0,0.8101901563912699,-18.3485
roads:3,roads,COL,435666,0,186714,7,80682500.0,95657600.0,0.8434510169604924,-14.9751
roads:3,roads,COL,435666,0,248952,0,78787600.0,92768400.0,0.8492935094277793,-13.9808
roads:3,roads,COL,435666,0,248952,1,75540100.0,90721700.0,0.8326574568157342,-15.1816
roads:3,roads,COL,435666,0,248952,2,74490200.0,92614700.0,0.8043021248246769,-18.1245
roads:3,roads,COL,435666,0,248952,3,76237600.0,93168400.0,0.8182774417077034,-16.9308
roads:3,roads,COL,435666,0,248952,4,79730100.0,99462200.0,0.8016120697109053,-19.7321
roads:3,roads,COL,435666,0,248952,5,79634900.0,92653100.0,0.8594952570394299,-13.0182
roads:3,roads,COL,435666,0,248952,6,78459700.0,95047100.0,0.8254823135056198,-16.5874
roads:3,roads,COL,435666,0,248952,7,75473800.0,94252100.0,0.8007651818898465,-18.7783
roads:3,roads,COL,435666,0,311190,0,80176000.0,110306600.0,0.7268468069906968,-30.1306
roads:3,roads,COL,435666,0,311190,1,83363500.0,101354200.0,0.8224967490247074,-17.9907
roads:3,roads,COL,435666,0,311190,2,84615900.0,96601900.0,0.8759237654745922,-11.986
roads:3,roads,COL,435666,0,311190,3,76703200.0,92543400.0,0.8288349034074823,-15.8402
roads:3,roads,COL,435666,0,311190,4,79656000.0,93122900.0,0.8553857321883231,-13.4669
roads:3,roads,COL,435666,0,311190,5,77019000.0,94162000.0,0.8179414201057752,-17.143
roads:3,roads,COL,435666,0,311190,6,80639200.0,95729800.0,0.8423625663064166,-15.0906
roads:3,roads,COL,435666,0,311190,7,82630800.0,94289800.0,0.8763492975910437,-11.659
roads:3,roads,COL,435666,0,373428,0,82150100.0,105330900.0,0.779924029890564,-23.1808
roads:3,roads,COL,435666,0,373428,1,82563500.0,101425000.0,0.8140350012324378,-18.8615
roads:3,roads,COL,435666,0,373428,2,78049000.0,105560000.0,0.7393804471390678,-27.511
roads:3,roads,COL,435666,0,373428,3,83113900.0,102242500.0,0.8129095043646233,-19.1286
roads:3,roads,COL,435666,0,373428,4,81474500.0,97507900.0,0.835568194987278,-16.0334
roads:3,roads,COL,435666,0,373428,5,77009500.0,98196300.0,0.784240343067916,-21.1868
roads:3,roads,COL,435666,0,373428,6,81490900.0,94308800.0,0.8640858541302614,-12.8179
roads:3,roads,COL,435666,0,373428,7,84992100.0,96555200.0,0.8802436326577957,-11.5631
scale:1,scale,sparse_fast,10000,42,3333,0,3499500.0,3434200.0,1.0190146176693262,0.0653
scale:1,scale,sparse_fast,10000,42,3333,1,2805200.0,3616200.0,0.7757314307836956,-0.811
scale:1,scale,sparse_fast,10000,42,3333,2,2931000.0,3611200.0,0.8116415595923793,-0.6802
scale:1,scale,sparse_fast,10000,42,3333,3,2824400.0,4276500.0,0.6604466269145329,-1.4521
scale:1,scale,sparse_fast,10000,42,3333,4,2902300.0,4432300.0,0.6548067594702525,-1.53
scale:1,scale,sparse_fast,10000,42,3333,5,2996400.0,4019200.0,0.7455214968152867,-1.0228
scale:1,scale,sparse_fast,10000,42,6666,0,3000600.0,3948500.0,0.7599341522096998,-0.9479
scale:1,scale,sparse_fast,10000,42,6666,1,3013200.0,3106900.0,0.9698413209308314,-0.0937
scale:1,scale,sparse_fast,10000,42,6666,2,2808700.0,4286500.0,0.655243205412341,-1.4778
scale:1,scale,sparse_fast,10000,42,6666,3,2792900.0,4376800.0,0.6381146042770974,-1.5839
scale:1,scale,sparse_fast,10000,42,6666,4,3131000.0,3858100.0,0.8115393587517171,-0.7271
scale:1,scale,sparse_fast,10000,42,6666,5,4053100.0,3716800.0,1.0904810589754628,0.3363
scale:2,scale,sparse_fast,100000,42,33333,0,57024600.0,66242200.0,0.8608500321547291,-9.2176
scale:2,scale,sparse_fast,100000,42,33333,1,52838200.0,61217400.0,0.8631238830789939,-8.3792
scale:2,scale,sparse_fast,100000,42,33333,2,50800800.0,60673300.0,0.8372842749611443,-9.8725
scale:2,scale,sparse_fast,100000,42,33333,3,52549500.0,59940100.0,0.8767002390720069,-7.3906
scale:2,scale,sparse_fast,100000,42,33333,4,50679500.0,65038700.0,0.779220679380123,-14.3592
scale:2,scale,sparse_fast,100000,42,33333,5,54510300.0,64991600.0,0.8387283895149527,-10.4813
scale:2,scale,sparse_fast,100000,42,66666,0,51382900.0,65253400.0,0.7874363634691832,-13.8705
scale:2,scale,sparse_fast,100000,42,66666,1,51922700.0,64617200.0,0.8035430195056424,-12.6945
scale:2,scale,sparse_fast,100000,42,66666,2,53806100.0,61699800.0,0.8720627943688635,-7.8937
scale:2,scale,sparse_fast,100000,42,66666,3,48660800.0,60344400.0,0.8063846852400555,-11.6836
scale:2,scale,sparse_fast,100000,42,66666,4,50270100.0,60114300.0,0.8362419590679755,-9.8442
scale:2,scale,sparse_fast,100000,42,66666,5,52341100.0,61511100.0,0.8509212158455953,-9.17
scale:3,scale,sparse_fast,1000000,42,333333,0,840495900.0,981729300.0,0.8561381431724611,-141.2334
scale:3,scale,sparse_fast,1000000,42,333333,1,829359900.0,1029952600.0,0.8052408431222952,-200.5927
scale:3,scale,sparse_fast,1000000,42,333333,2,925871600.0,993474000.0,0.931953528728482,-67.6024
scale:3,scale,sparse_fast,1000000,42,333333,3,789613400.0,989123800.0,0.7982958250524353,-199.5104
scale:3,scale,sparse_fast,1000000,42,333333,4,823851400.0,994961700.0,0.8280232294368718,-171.1103
scale:3,scale,sparse_fast,1000000,42,333333,5,797373100.0,1028967100.0,0.7749257483548307,-231.594
scale:3,scale,sparse_fast,1000000,42,666666,0,980551800.0,1176801400.0,0.833234732725505,-196.2496
scale:3,scale,sparse_fast,1000000,42,666666,1,947818800.0,1194867300.0,0.7932418938906437,-247.0485
scale:3,scale,sparse_fast,1000000,42,666666,2,965870800.0,1095760000.0,0.8814619989778784,-129.8892
scale:3,scale,sparse_fast,1000000,42,666666,3,902862600.0,1064215600.0,0.8483831659674975,-161.353
scale:3,scale,sparse_fast,1000000,42,666666,4,880622000.0,1125981800.0,0.7820925702351494,-245.3598
scale:3,scale,sparse_fast,1000000,42,666666,5,862268100.0,1025283800.0,0.8410043150979271,-163.0157
scale:4,scale,sparse_fast,10000,1729,3333,0,2689600.0,3259900.0,0.8250559833123715,-0.5703
scale:4,scale,sparse_fast,10000,1729,3333,1,3792000.0,3330200.0,1.1386703501291213,0.4618
scale:4,scale,sparse_fast,10000,1729,3333,2,3069300.0,3459800.0,0.8871322041736517,-0.3905
scale:4,scale,sparse_fast,10000,1729,3333,3,3753800.0,3230100.0,1.1621312033683169,0.5237
scale:4,scale,sparse_fast,10000,1729,3333,4,2863600.0,3090000.0,0.9267313915857606,-0.2264
scale:4,scale,sparse_fast,10000,1729,3333,5,2459900.0,4493000.0,0.5474961050523036,-2.0331
scale:4,scale,sparse_fast,10000,1729,6666,0,2957200.0,3344800.0,0.8841186319062425,-0.3876
scale:4,scale,sparse_fast,10000,1729,6666,1,2839400.0,3629500.0,0.7823116131698581,-0.7901
scale:4,scale,sparse_fast,10000,1729,6666,2,2883000.0,4305400.0,0.6696241928740652,-1.4224
scale:4,scale,sparse_fast,10000,1729,6666,3,3003400.0,4919000.0,0.6105712543199837,-1.9156
scale:4,scale,sparse_fast,10000,1729,6666,4,2816200.0,3383900.0,0.8322349951239694,-0.5677
scale:4,scale,sparse_fast,10000,1729,6666,5,2631900.0,2897600.0,0.9083034235229155,-0.2657
scale:5,scale,sparse_fast,100000,1729,33333,0,56360800.0,65849100.0,0.8559084330689409,-9.4883
scale:5,scale,sparse_fast,100000,1729,33333,1,52905900.0,63669800.0,0.8309418279938056,-10.7639
scale:5,scale,sparse_fast,100000,1729,33333,2,50934400.0,63273000.0,0.804994231346704,-12.3386
scale:5,scale,sparse_fast,100000,1729,33333,3,48372800.0,67375200.0,0.717961505123547,-19.0024
scale:5,scale,sparse_fast,100000,1729,33333,4,49304500.0,66960600.0,0.7363210604445002,-17.6561
scale:5,scale,sparse_fast,100000,1729,33333,5,52264900.0,66301000.0,0.7882973107494607,-14.0361
scale:5,scale,sparse_fast,100000,1729,66666,0,55222600.0,71388400.0,0.7735514453328552,-16.1658
scale:5,scale,sparse_fast,100000,1729,66666,1,58191500.0,61419200.0,0.9474480292807461,-3.2277
scale:5,scale,sparse_fast,100000,1729,66666,2,51217600.0,67020900.0,0.7642034052064356,-15.8033
scale:5,scale,sparse_fast,100000,1729,66666,3,52901500.0,62797800.0,0.8424100844297093,-9.8963
scale:5,scale,sparse_fast,100000,1729,66666,4,54863400.0,64033800.0,0.8567881337668544,-9.1704
scale:5,scale,sparse_fast,100000,1729,66666,5,50183500.0,62910800.0,0.797692923949465,-12.7273
scale:6,scale,sparse_fast,1000000,1729,333333,0,960542000.0,914909700.0,1.0498762883375266,45.6323
scale:6,scale,sparse_fast,1000000,1729,333333,1,790261900.0,912844300.0,0.86571379149763,-122.5824
scale:6,scale,sparse_fast,1000000,1729,333333,2,794196100.0,962220600.0,0.825378400753424,-168.0245
scale:6,scale,sparse_fast,1000000,1729,333333,3,829749700.0,1056231700.0,0.7855754565972599,-226.482
scale:6,scale,sparse_fast,1000000,1729,333333,4,854192100.0,977819300.0,0.8735684599393774,-123.6272
scale:6,scale,sparse_fast,1000000,1729,333333,5,790795200.0,833946000.0,0.9482570813937593,-43.1508
scale:6,scale,sparse_fast,1000000,1729,666666,0,1126998000.0,999071200.0,1.1280457288729773,127.9268
scale:6,scale,sparse_fast,1000000,1729,666666,1,824311300.0,980132700.0,0.8410200986050155,-155.8214
scale:6,scale,sparse_fast,1000000,1729,666666,2,771243900.0,921680200.0,0.8367803713261932,-150.4363
scale:6,scale,sparse_fast,1000000,1729,666666,3,807099400.0,932783800.0,0.8652588091688557,-125.6844
scale:6,scale,sparse_fast,1000000,1729,666666,4,844589900.0,943979200.0,0.8947124046801032,-99.3893
scale:6,scale,sparse_fast,1000000,1729,666666,5,845955700.0,1006023800.0,0.840890344741347,-160.0681
scale:7,scale,sparse_fast,10000,2026,3333,0,2970500.0,4160600.0,0.7139595250684997,-1.1901
scale:7,scale,sparse_fast,10000,2026,3333,1,2902200.0,3429200.0,0.8463198413624169,-0.527
scale:7,scale,sparse_fast,10000,2026,3333,2,2884700.0,3404900.0,0.8472201826779053,-0.5202
scale:7,scale,sparse_fast,10000,2026,3333,3,2953500.0,3628600.0,0.8139502838560326,-0.6751
scale:7,scale,sparse_fast,10000,2026,3333,4,3438500.0,3488400.0,0.9856954477697512,-0.0499
scale:7,scale,sparse_fast,10000,2026,3333,5,3000500.0,3320600.0,0.903601758718304,-0.3201
scale:7,scale,sparse_fast,10000,2026,6666,0,3313400.0,3210500.0,1.0320510823859212,0.1029
scale:7,scale,sparse_fast,10000,2026,6666,1,2991100.0,3405900.0,0.8782113391467747,-0.4148
scale:7,scale,sparse_fast,10000,2026,6666,2,3030300.0,3252400.0,0.9317119665477801,-0.2221
scale:7,scale,sparse_fast,10000,2026,6666,3,3549800.0,3372900.0,1.0524474487829465,0.1769
scale:7,scale,sparse_fast,10000,2026,6666,4,3421700.0,3418900.0,1.0008189768639035,0.0028
scale:7,scale,sparse_fast,10000,2026,6666,5,2793100.0,3364100.0,0.8302666389227431,-0.571
scale:8,scale,sparse_fast,100000,2026,33333,0,48981900.0,53431000.0,0.9167318597817746,-4.4491
scale:8,scale,sparse_fast,100000,2026,33333,1,54954300.0,60196700.0,0.9129121696039816,-5.2424
scale:8,scale,sparse_fast,100000,2026,33333,2,50602700.0,63096400.0,0.8019902878769629,-12.4937
scale:8,scale,sparse_fast,100000,2026,33333,3,45195500.0,54209800.0,0.8337145682146032,-9.0143
scale:8,scale,sparse_fast,100000,2026,33333,4,43523400.0,53772800.0,0.8093943406331826,-10.2494
scale:8,scale,sparse_fast,100000,2026,33333,5,46518700.0,54769500.0,0.849354111321082,-8.2508
scale:8,scale,sparse_fast,100000,2026,66666,0,45462500.0,57600700.0,0.7892699220669194,-12.1382
scale:8,scale,sparse_fast,100000,2026,66666,1,44971300.0,57434700.0,0.782998779483483,-12.4634
scale:8,scale,sparse_fast,100000,2026,66666,2,43238300.0,54861900.0,0.7881298314495123,-11.6236
scale:8,scale,sparse_fast,100000,2026,66666,3,43054100.0,55746700.0,0.7723165676174554,-12.6926
scale:8,scale,sparse_fast,100000,2026,66666,4,44956400.0,50814900.0,0.8847090125140461,-5.8585
scale:8,scale,sparse_fast,100000,2026,66666,5,45538500.0,53587000.0,0.8498049900162353,-8.0485
scale:9,scale,sparse_fast,1000000,2026,333333,0,881043900.0,1056694600.0,0.8337734478817248,-175.6507
scale:9,scale,sparse_fast,1000000,2026,333333,1,916644500.0,1199439500.0,0.7642273745361896,-282.795
scale:9,scale,sparse_fast,1000000,2026,333333,2,859777600.0,1054185200.0,0.8155849655259816,-194.4076
scale:9,scale,sparse_fast,1000000,2026,333333,3,819471200.0,983626200.0,0.8331124160783843,-164.155
scale:9,scale,sparse_fast,1000000,2026,333333,4,784959500.0,930871600.0,0.8432521735543334,-145.9121
scale:9,scale,sparse_fast,1000000,2026,333333,5,804601600.0,958079100.0,0.8398070681220371,-153.4775
scale:9,scale,sparse_fast,1000000,2026,666666,0,812582800.0,957644300.0,0.8485225673039561,-145.0615
scale:9,scale,sparse_fast,1000000,2026,666666,1,783759800.0,1116947100.0,0.7016982272481839,-333.1873
scale:9,scale,sparse_fast,1000000,2026,666666,2,778289000.0,1022125000.0,0.7614420936773878,-243.836
scale:9,scale,sparse_fast,1000000,2026,666666,3,789718700.0,929744800.0,0.8493929732115738,-140.0261
scale:9,scale,sparse_fast,1000000,2026,666666,4,688559900.0,1248476500.0,0.5515201127133751,-559.9166
scale:9,scale,sparse_fast,1000000,2026,666666,5,692218800.0,1049554400.0,0.659535894471025,-357.3356
