key,panel,family,n,m,seed,source,arm,ns,prep_ns
core:1,core,sparse,1000,4571,42,333,binary,236700.0,0.0
core:1,core,sparse,1000,4571,42,333,caliber,215600.0,21600.0
core:1,core,sparse,1000,4571,42,333,degree4,260250.0,89300.0
core:1,core,sparse,1000,4571,42,333,fourary,253750.0,0.0
core:1,core,sparse,1000,4571,42,333,heavy_only,199800.0,6300.0
core:1,core,sparse,1000,4571,42,333,list_both,236200.0,6300.0
core:1,core,sparse,1000,4571,42,333,max_maxdegree,195300.0,16900.0
core:1,core,sparse,1000,4571,42,333,mean_degree,190950.0,6300.0
core:1,core,sparse,1000,4571,42,333,mean_map,171150.0,6300.0
core:1,core,sparse,1000,4571,42,333,mean_ring,165900.0,6300.0
core:1,core,sparse,1000,4571,42,333,mean_sqrtdegree,194600.0,6300.0
core:1,core,sparse,1000,4571,42,333,median,174500.0,187900.0
core:1,core,sparse,1000,4571,42,333,original_mean,178400.0,0.0
core:1,core,sparse,1000,4571,42,333,sd,196200.0,176200.0
core:1,core,sparse,1000,4571,42,333,selected_grid,152050.0,13315500.0
core:1,core,sparse,1000,4571,42,333,skip_only,180050.0,6300.0
core:1,core,sparse,1000,4571,42,333,std_binary,245650.0,0.0
core:1,core,sparse,1000,4571,42,666,binary,237000.0,0.0
core:1,core,sparse,1000,4571,42,666,caliber,204650.0,21600.0
core:1,core,sparse,1000,4571,42,666,degree4,282500.0,89300.0
core:1,core,sparse,1000,4571,42,666,fourary,252650.0,0.0
core:1,core,sparse,1000,4571,42,666,heavy_only,183450.0,6300.0
core:1,core,sparse,1000,4571,42,666,list_both,178600.0,6300.0
core:1,core,sparse,1000,4571,42,666,max_maxdegree,188050.0,16900.0
core:1,core,sparse,1000,4571,42,666,mean_degree,212600.0,6300.0
core:1,core,sparse,1000,4571,42,666,mean_map,159750.0,6300.0
core:1,core,sparse,1000,4571,42,666,mean_ring,160000.0,6300.0
core:1,core,sparse,1000,4571,42,666,mean_sqrtdegree,187600.0,6300.0
core:1,core,sparse,1000,4571,42,666,median,164600.0,187900.0
core:1,core,sparse,1000,4571,42,666,original_mean,175000.0,0.0
core:1,core,sparse,1000,4571,42,666,sd,179500.0,176200.0
core:1,core,sparse,1000,4571,42,666,selected_grid,156700.0,13315500.0
core:1,core,sparse,1000,4571,42,666,skip_only,150400.0,6300.0
core:1,core,sparse,1000,4571,42,666,std_binary,223050.0,0.0
core:10,core,dense,2000,399506,42,666,binary,1878050.0,0.0
core:10,core,dense,2000,399506,42,666,caliber,1824200.0,704100.0
core:10,core,dense,2000,399506,42,666,degree4,1977400.0,355400.0
core:10,core,dense,2000,399506,42,666,fourary,2066350.0,0.0
core:10,core,dense,2000,399506,42,666,heavy_only,6549650.0,349000.0
core:10,core,dense,2000,399506,42,666,list_both,20837750.0,349000.0
core:10,core,dense,2000,399506,42,666,max_maxdegree,2826850.0,454200.0
core:10,core,dense,2000,399506,42,666,mean_degree,2844000.0,349000.0
core:10,core,dense,2000,399506,42,666,mean_map,3097250.0,349000.0
core:10,core,dense,2000,399506,42,666,mean_ring,3164650.0,349000.0
core:10,core,dense,2000,399506,42,666,mean_sqrtdegree,2543700.0,349000.0
core:10,core,dense,2000,399506,42,666,median,3107600.0,18994300.0
core:10,core,dense,2000,399506,42,666,original_mean,21645700.0,0.0
core:10,core,dense,2000,399506,42,666,sd,3291700.0,19650700.0
core:10,core,dense,2000,399506,42,666,selected_grid,2459600.0,227442200.0
core:10,core,dense,2000,399506,42,666,skip_only,8393050.0,349000.0
core:10,core,dense,2000,399506,42,666,std_binary,2412250.0,0.0
core:10,core,dense,2000,399506,42,1333,binary,1956750.0,0.0
core:10,core,dense,2000,399506,42,1333,caliber,1919050.0,704100.0
core:10,core,dense,2000,399506,42,1333,degree4,2104050.0,355400.0
core:10,core,dense,2000,399506,42,1333,fourary,2119750.0,0.0
core:10,core,dense,2000,399506,42,1333,heavy_only,7028200.0,349000.0
core:10,core,dense,2000,399506,42,1333,list_both,21862750.0,349000.0
core:10,core,dense,2000,399506,42,1333,max_maxdegree,2818350.0,454200.0
core:10,core,dense,2000,399506,42,1333,mean_degree,3073800.0,349000.0
core:10,core,dense,2000,399506,42,1333,mean_map,3606300.0,349000.0
core:10,core,dense,2000,399506,42,1333,mean_ring,3604800.0,349000.0
core:10,core,dense,2000,399506,42,1333,mean_sqrtdegree,2534050.0,349000.0
core:10,core,dense,2000,399506,42,1333,median,3330500.0,18994300.0
core:10,core,dense,2000,399506,42,1333,original_mean,22875150.0,0.0
core:10,core,dense,2000,399506,42,1333,sd,3160050.0,19650700.0
core:10,core,dense,2000,399506,42,1333,selected_grid,2664450.0,227442200.0
core:10,core,dense,2000,399506,42,1333,skip_only,9122100.0,349000.0
core:10,core,dense,2000,399506,42,1333,std_binary,2542800.0,0.0
core:11,core,dense,5000,2499352,42,1666,binary,9507650.0,0.0
core:11,core,dense,5000,2499352,42,1666,caliber,8847250.0,4143200.0
core:11,core,dense,5000,2499352,42,1666,degree4,9378250.0,1090300.0
core:11,core,dense,5000,2499352,42,1666,fourary,9203150.0,0.0
core:11,core,dense,5000,2499352,42,1666,heavy_only,50586300.0,2910400.0
core:11,core,dense,5000,2499352,42,1666,list_both,173907050.0,2910400.0
core:11,core,dense,5000,2499352,42,1666,max_maxdegree,16351700.0,3610700.0
core:11,core,dense,5000,2499352,42,1666,mean_degree,16910650.0,2910400.0
core:11,core,dense,5000,2499352,42,1666,mean_map,19940400.0,2910400.0
core:11,core,dense,5000,2499352,42,1666,mean_ring,20757950.0,2910400.0
core:11,core,dense,5000,2499352,42,1666,mean_sqrtdegree,15390400.0,2910400.0
core:11,core,dense,5000,2499352,42,1666,median,20827450.0,135937100.0
core:11,core,dense,5000,2499352,42,1666,original_mean,176904050.0,0.0
core:11,core,dense,5000,2499352,42,1666,sd,19393350.0,148865700.0
core:11,core,dense,5000,2499352,42,1666,selected_grid,15801900.0,1333188500.0
core:11,core,dense,5000,2499352,42,1666,skip_only,46215700.0,2910400.0
core:11,core,dense,5000,2499352,42,1666,std_binary,11125450.0,0.0
core:11,core,dense,5000,2499352,42,3333,binary,8931800.0,0.0
core:11,core,dense,5000,2499352,42,3333,caliber,8704350.0,4143200.0
core:11,core,dense,5000,2499352,42,3333,degree4,9010350.0,1090300.0
core:11,core,dense,5000,2499352,42,3333,fourary,9590300.0,0.0
core:11,core,dense,5000,2499352,42,3333,heavy_only,48421000.0,2910400.0
core:11,core,dense,5000,2499352,42,3333,list_both,169269100.0,2910400.0
core:11,core,dense,5000,2499352,42,3333,max_maxdegree,16776350.0,3610700.0
core:11,core,dense,5000,2499352,42,3333,mean_degree,16860500.0,2910400.0
core:11,core,dense,5000,2499352,42,3333,mean_map,19142900.0,2910400.0
core:11,core,dense,5000,2499352,42,3333,mean_ring,19658650.0,2910400.0
core:11,core,dense,5000,2499352,42,3333,mean_sqrtdegree,16024700.0,2910400.0
core:11,core,dense,5000,2499352,42,3333,median,19325250.0,135937100.0
core:11,core,dense,5000,2499352,42,3333,original_mean,173696200.0,0.0
core:11,core,dense,5000,2499352,42,3333,sd,18778400.0,148865700.0
core:11,core,dense,5000,2499352,42,3333,selected_grid,15815250.0,1333188500.0
core:11,core,dense,5000,2499352,42,3333,skip_only,44801450.0,2910400.0
core:11,core,dense,5000,2499352,42,3333,std_binary,11277500.0,0.0
core:12,core,grid,1000,3870,42,333,binary,128200.0,0.0
core:12,core,grid,1000,3870,42,333,caliber,115600.0,5600.0
core:12,core,grid,1000,3870,42,333,degree4,170850.0,67900.0
core:12,core,grid,1000,3870,42,333,fourary,136100.0,0.0
core:12,core,grid,1000,3870,42,333,heavy_only,135050.0,3100.0
core:12,core,grid,1000,3870,42,333,list_both,139600.0,3100.0
core:12,core,grid,1000,3870,42,333,max_maxdegree,149350.0,11000.0
core:12,core,grid,1000,3870,42,333,mean_degree,150400.0,3100.0
core:12,core,grid,1000,3870,42,333,mean_map,129650.0,3100.0
core:12,core,grid,1000,3870,42,333,mean_ring,126050.0,3100.0
core:12,core,grid,1000,3870,42,333,mean_sqrtdegree,148350.0,3100.0
core:12,core,grid,1000,3870,42,333,median,131150.0,74800.0
core:12,core,grid,1000,3870,42,333,original_mean,125050.0,0.0
core:12,core,grid,1000,3870,42,333,sd,149650.0,105000.0
core:12,core,grid,1000,3870,42,333,skip_only,134200.0,3100.0
core:12,core,grid,1000,3870,42,333,std_binary,123300.0,0.0
core:12,core,grid,1000,3870,42,666,binary,125100.0,0.0
core:12,core,grid,1000,3870,42,666,caliber,113900.0,5600.0
core:12,core,grid,1000,3870,42,666,degree4,171050.0,67900.0
core:12,core,grid,1000,3870,42,666,fourary,132000.0,0.0
core:12,core,grid,1000,3870,42,666,heavy_only,129350.0,3100.0
core:12,core,grid,1000,3870,42,666,list_both,142100.0,3100.0
core:12,core,grid,1000,3870,42,666,max_maxdegree,149500.0,11000.0
core:12,core,grid,1000,3870,42,666,mean_degree,144200.0,3100.0
core:12,core,grid,1000,3870,42,666,mean_map,126400.0,3100.0
core:12,core,grid,1000,3870,42,666,mean_ring,122750.0,3100.0
core:12,core,grid,1000,3870,42,666,mean_sqrtdegree,143650.0,3100.0
core:12,core,grid,1000,3870,42,666,median,129150.0,74800.0
core:12,core,grid,1000,3870,42,666,original_mean,120650.0,0.0
core:12,core,grid,1000,3870,42,666,sd,156150.0,105000.0
core:12,core,grid,1000,3870,42,666,skip_only,131650.0,3100.0
core:12,core,grid,1000,3870,42,666,std_binary,118100.0,0.0
core:13,core,grid,2000,7820,42,666,binary,265650.0,0.0
core:13,core,grid,2000,7820,42,666,caliber,243100.0,10400.0
core:13,core,grid,2000,7820,42,666,degree4,354400.0,91600.0
core:13,core,grid,2000,7820,42,666,fourary,267600.0,0.0
core:13,core,grid,2000,7820,42,666,heavy_only,237950.0,6100.0
core:13,core,grid,2000,7820,42,666,list_both,248100.0,6100.0
core:13,core,grid,2000,7820,42,666,max_maxdegree,271950.0,22200.0
core:13,core,grid,2000,7820,42,666,mean_degree,282500.0,6100.0
core:13,core,grid,2000,7820,42,666,mean_map,248250.0,6100.0
core:13,core,grid,2000,7820,42,666,mean_ring,223450.0,6100.0
core:13,core,grid,2000,7820,42,666,mean_sqrtdegree,264250.0,6100.0
core:13,core,grid,2000,7820,42,666,median,237700.0,218500.0
core:13,core,grid,2000,7820,42,666,original_mean,211000.0,0.0
core:13,core,grid,2000,7820,42,666,sd,269000.0,197800.0
core:13,core,grid,2000,7820,42,666,skip_only,242600.0,6100.0
core:13,core,grid,2000,7820,42,666,std_binary,257050.0,0.0
core:13,core,grid,2000,7820,42,1333,binary,265250.0,0.0
core:13,core,grid,2000,7820,42,1333,caliber,242200.0,10400.0
core:13,core,grid,2000,7820,42,1333,degree4,346250.0,91600.0
core:13,core,grid,2000,7820,42,1333,fourary,277550.0,0.0
core:13,core,grid,2000,7820,42,1333,heavy_only,234800.0,6100.0
core:13,core,grid,2000,7820,42,1333,list_both,237700.0,6100.0
core:13,core,grid,2000,7820,42,1333,max_maxdegree,260800.0,22200.0
core:13,core,grid,2000,7820,42,1333,mean_degree,286050.0,6100.0
core:13,core,grid,2000,7820,42,1333,mean_map,230100.0,6100.0
core:13,core,grid,2000,7820,42,1333,mean_ring,219300.0,6100.0
core:13,core,grid,2000,7820,42,1333,mean_sqrtdegree,261700.0,6100.0
core:13,core,grid,2000,7820,42,1333,median,238000.0,218500.0
core:13,core,grid,2000,7820,42,1333,original_mean,211000.0,0.0
core:13,core,grid,2000,7820,42,1333,sd,260850.0,197800.0
core:13,core,grid,2000,7820,42,1333,skip_only,236550.0,6100.0
core:13,core,grid,2000,7820,42,1333,std_binary,260050.0,0.0
core:14,core,grid,5000,19700,42,1666,binary,705300.0,0.0
core:14,core,grid,5000,19700,42,1666,caliber,664700.0,28800.0
core:14,core,grid,5000,19700,42,1666,degree4,946700.0,230100.0
core:14,core,grid,5000,19700,42,1666,fourary,753800.0,0.0
core:14,core,grid,5000,19700,42,1666,heavy_only,587150.0,19100.0
core:14,core,grid,5000,19700,42,1666,list_both,579000.0,19100.0
core:14,core,grid,5000,19700,42,1666,max_maxdegree,668700.0,55900.0
core:14,core,grid,5000,19700,42,1666,mean_degree,660950.0,19100.0
core:14,core,grid,5000,19700,42,1666,mean_map,575150.0,19100.0
core:14,core,grid,5000,19700,42,1666,mean_ring,534600.0,19100.0
core:14,core,grid,5000,19700,42,1666,mean_sqrtdegree,635050.0,19100.0
core:14,core,grid,5000,19700,42,1666,median,566850.0,567800.0
core:14,core,grid,5000,19700,42,1666,original_mean,504200.0,0.0
core:14,core,grid,5000,19700,42,1666,sd,647250.0,617600.0
core:14,core,grid,5000,19700,42,1666,skip_only,571400.0,19100.0
core:14,core,grid,5000,19700,42,1666,std_binary,675650.0,0.0
core:14,core,grid,5000,19700,42,3333,binary,713900.0,0.0
core:14,core,grid,5000,19700,42,3333,caliber,660450.0,28800.0
core:14,core,grid,5000,19700,42,3333,degree4,933750.0,230100.0
core:14,core,grid,5000,19700,42,3333,fourary,734400.0,0.0
core:14,core,grid,5000,19700,42,3333,heavy_only,605600.0,19100.0
core:14,core,grid,5000,19700,42,3333,list_both,628350.0,19100.0
core:14,core,grid,5000,19700,42,3333,max_maxdegree,671400.0,55900.0
core:14,core,grid,5000,19700,42,3333,mean_degree,695900.0,19100.0
core:14,core,grid,5000,19700,42,3333,mean_map,600300.0,19100.0
core:14,core,grid,5000,19700,42,3333,mean_ring,544650.0,19100.0
core:14,core,grid,5000,19700,42,3333,mean_sqrtdegree,665250.0,19100.0
core:14,core,grid,5000,19700,42,3333,median,584650.0,567800.0
core:14,core,grid,5000,19700,42,3333,original_mean,504350.0,0.0
core:14,core,grid,5000,19700,42,3333,sd,654400.0,617600.0
core:14,core,grid,5000,19700,42,3333,skip_only,584150.0,19100.0
core:14,core,grid,5000,19700,42,3333,std_binary,698400.0,0.0
core:15,core,grid,10000,39600,42,3333,binary,1544350.0,0.0
core:15,core,grid,10000,39600,42,3333,caliber,1404300.0,74200.0
core:15,core,grid,10000,39600,42,3333,degree4,2007200.0,490300.0
core:15,core,grid,10000,39600,42,3333,fourary,1683750.0,0.0
core:15,core,grid,10000,39600,42,3333,heavy_only,1096600.0,37800.0
core:15,core,grid,10000,39600,42,3333,list_both,1046550.0,37800.0
core:15,core,grid,10000,39600,42,3333,max_maxdegree,1161900.0,129400.0
core:15,core,grid,10000,39600,42,3333,mean_degree,1210750.0,37800.0
core:15,core,grid,10000,39600,42,3333,mean_map,1060700.0,37800.0
core:15,core,grid,10000,39600,42,3333,mean_ring,1014050.0,37800.0
core:15,core,grid,10000,39600,42,3333,mean_sqrtdegree,1162800.0,37800.0
core:15,core,grid,10000,39600,42,3333,median,1092100.0,1180400.0
core:15,core,grid,10000,39600,42,3333,original_mean,945000.0,0.0
core:15,core,grid,10000,39600,42,3333,sd,1166250.0,1315500.0
core:15,core,grid,10000,39600,42,3333,skip_only,1008900.0,37800.0
core:15,core,grid,10000,39600,42,3333,std_binary,1453600.0,0.0
core:15,core,grid,10000,39600,42,6666,binary,1476650.0,0.0
core:15,core,grid,10000,39600,42,6666,caliber,1324800.0,74200.0
core:15,core,grid,10000,39600,42,6666,degree4,1895300.0,490300.0
core:15,core,grid,10000,39600,42,6666,fourary,1503200.0,0.0
core:15,core,grid,10000,39600,42,6666,heavy_only,1055650.0,37800.0
core:15,core,grid,10000,39600,42,6666,list_both,990600.0,37800.0
core:15,core,grid,10000,39600,42,6666,max_maxdegree,1093400.0,129400.0
core:15,core,grid,10000,39600,42,6666,mean_degree,1169300.0,37800.0
core:15,core,grid,10000,39600,42,6666,mean_map,1025700.0,37800.0
core:15,core,grid,10000,39600,42,6666,mean_ring,969750.0,37800.0
core:15,core,grid,10000,39600,42,6666,mean_sqrtdegree,1103300.0,37800.0
core:15,core,grid,10000,39600,42,6666,median,1058850.0,1180400.0
core:15,core,grid,10000,39600,42,6666,original_mean,885650.0,0.0
core:15,core,grid,10000,39600,42,6666,sd,1089750.0,1315500.0
core:15,core,grid,10000,39600,42,6666,skip_only,965850.0,37800.0
core:15,core,grid,10000,39600,42,6666,std_binary,1450450.0,0.0
core:16,core,roadlike,1000,6000,42,333,binary,133750.0,0.0
core:16,core,roadlike,1000,6000,42,333,caliber,128400.0,14000.0
core:16,core,roadlike,1000,6000,42,333,degree4,139700.0,74500.0
core:16,core,roadlike,1000,6000,42,333,fourary,144150.0,0.0
core:16,core,roadlike,1000,6000,42,333,heavy_only,165300.0,4500.0
core:16,core,roadlike,1000,6000,42,333,list_both,180650.0,4500.0
core:16,core,roadlike,1000,6000,42,333,max_maxdegree,169350.0,16700.0
core:16,core,roadlike,1000,6000,42,333,mean_degree,185650.0,4500.0
core:16,core,roadlike,1000,6000,42,333,mean_map,153850.0,4500.0
core:16,core,roadlike,1000,6000,42,333,mean_ring,152250.0,4500.0
core:16,core,roadlike,1000,6000,42,333,mean_sqrtdegree,168000.0,4500.0
core:16,core,roadlike,1000,6000,42,333,median,159800.0,139100.0
core:16,core,roadlike,1000,6000,42,333,original_mean,152900.0,0.0
core:16,core,roadlike,1000,6000,42,333,sd,178100.0,147300.0
core:16,core,roadlike,1000,6000,42,333,skip_only,168600.0,4500.0
core:16,core,roadlike,1000,6000,42,333,std_binary,129500.0,0.0
core:16,core,roadlike,1000,6000,42,666,binary,128500.0,0.0
core:16,core,roadlike,1000,6000,42,666,caliber,126250.0,14000.0
core:16,core,roadlike,1000,6000,42,666,degree4,130800.0,74500.0
core:16,core,roadlike,1000,6000,42,666,fourary,131300.0,0.0
core:16,core,roadlike,1000,6000,42,666,heavy_only,159250.0,4500.0
core:16,core,roadlike,1000,6000,42,666,list_both,176900.0,4500.0
core:16,core,roadlike,1000,6000,42,666,max_maxdegree,179900.0,16700.0
core:16,core,roadlike,1000,6000,42,666,mean_degree,178900.0,4500.0
core:16,core,roadlike,1000,6000,42,666,mean_map,152200.0,4500.0
core:16,core,roadlike,1000,6000,42,666,mean_ring,150950.0,4500.0
core:16,core,roadlike,1000,6000,42,666,mean_sqrtdegree,164900.0,4500.0
core:16,core,roadlike,1000,6000,42,666,median,156200.0,139100.0
core:16,core,roadlike,1000,6000,42,666,original_mean,155450.0,0.0
core:16,core,roadlike,1000,6000,42,666,sd,166400.0,147300.0
core:16,core,roadlike,1000,6000,42,666,skip_only,163250.0,4500.0
core:16,core,roadlike,1000,6000,42,666,std_binary,126150.0,0.0
core:17,core,roadlike,2000,12000,42,666,binary,279550.0,0.0
core:17,core,roadlike,2000,12000,42,666,caliber,270650.0,14500.0
core:17,core,roadlike,2000,12000,42,666,degree4,288100.0,70900.0
core:17,core,roadlike,2000,12000,42,666,fourary,294400.0,0.0
core:17,core,roadlike,2000,12000,42,666,heavy_only,305500.0,9200.0
core:17,core,roadlike,2000,12000,42,666,list_both,331450.0,9200.0
core:17,core,roadlike,2000,12000,42,666,max_maxdegree,325800.0,33300.0
core:17,core,roadlike,2000,12000,42,666,mean_degree,347000.0,9200.0
core:17,core,roadlike,2000,12000,42,666,mean_map,298350.0,9200.0
core:17,core,roadlike,2000,12000,42,666,mean_ring,279300.0,9200.0
core:17,core,roadlike,2000,12000,42,666,mean_sqrtdegree,329550.0,9200.0
core:17,core,roadlike,2000,12000,42,666,median,294500.0,309400.0
core:17,core,roadlike,2000,12000,42,666,original_mean,297000.0,0.0
core:17,core,roadlike,2000,12000,42,666,sd,318800.0,330300.0
core:17,core,roadlike,2000,12000,42,666,skip_only,313800.0,9200.0
core:17,core,roadlike,2000,12000,42,666,std_binary,275950.0,0.0
core:17,core,roadlike,2000,12000,42,1333,binary,285250.0,0.0
core:17,core,roadlike,2000,12000,42,1333,caliber,265650.0,14500.0
core:17,core,roadlike,2000,12000,42,1333,degree4,292300.0,70900.0
core:17,core,roadlike,2000,12000,42,1333,fourary,296750.0,0.0
core:17,core,roadlike,2000,12000,42,1333,heavy_only,300150.0,9200.0
core:17,core,roadlike,2000,12000,42,1333,list_both,312950.0,9200.0
core:17,core,roadlike,2000,12000,42,1333,max_maxdegree,322600.0,33300.0
core:17,core,roadlike,2000,12000,42,1333,mean_degree,340000.0,9200.0
core:17,core,roadlike,2000,12000,42,1333,mean_map,291150.0,9200.0
core:17,core,roadlike,2000,12000,42,1333,mean_ring,278300.0,9200.0
core:17,core,roadlike,2000,12000,42,1333,mean_sqrtdegree,324800.0,9200.0
core:17,core,roadlike,2000,12000,42,1333,median,290950.0,309400.0
core:17,core,roadlike,2000,12000,42,1333,original_mean,276200.0,0.0
core:17,core,roadlike,2000,12000,42,1333,sd,315600.0,330300.0
core:17,core,roadlike,2000,12000,42,1333,skip_only,296950.0,9200.0
core:17,core,roadlike,2000,12000,42,1333,std_binary,278050.0,0.0
core:18,core,roadlike,5000,30000,42,1666,binary,803550.0,0.0
core:18,core,roadlike,5000,30000,42,1666,caliber,753100.0,138900.0
core:18,core,roadlike,5000,30000,42,1666,degree4,854450.0,677300.0
core:18,core,roadlike,5000,30000,42,1666,fourary,818650.0,0.0
core:18,core,roadlike,5000,30000,42,1666,heavy_only,756900.0,22400.0
core:18,core,roadlike,5000,30000,42,1666,list_both,797550.0,22400.0
core:18,core,roadlike,5000,30000,42,1666,max_maxdegree,793100.0,83500.0
core:18,core,roadlike,5000,30000,42,1666,mean_degree,859850.0,22400.0
core:18,core,roadlike,5000,30000,42,1666,mean_map,752500.0,22400.0
core:18,core,roadlike,5000,30000,42,1666,mean_ring,692150.0,22400.0
core:18,core,roadlike,5000,30000,42,1666,mean_sqrtdegree,774200.0,22400.0
core:18,core,roadlike,5000,30000,42,1666,median,752550.0,994500.0
core:18,core,roadlike,5000,30000,42,1666,original_mean,678750.0,0.0
core:18,core,roadlike,5000,30000,42,1666,sd,759400.0,1007900.0
core:18,core,roadlike,5000,30000,42,1666,skip_only,733000.0,22400.0
core:18,core,roadlike,5000,30000,42,1666,std_binary,742100.0,0.0
core:18,core,roadlike,5000,30000,42,3333,binary,866000.0,0.0
core:18,core,roadlike,5000,30000,42,3333,caliber,755250.0,138900.0
core:18,core,roadlike,5000,30000,42,3333,degree4,849400.0,677300.0
core:18,core,roadlike,5000,30000,42,3333,fourary,835550.0,0.0
core:18,core,roadlike,5000,30000,42,3333,heavy_only,757250.0,22400.0
core:18,core,roadlike,5000,30000,42,3333,list_both,797100.0,22400.0
core:18,core,roadlike,5000,30000,42,3333,max_maxdegree,811200.0,83500.0
core:18,core,roadlike,5000,30000,42,3333,mean_degree,869250.0,22400.0
core:18,core,roadlike,5000,30000,42,3333,mean_map,737200.0,22400.0
core:18,core,roadlike,5000,30000,42,3333,mean_ring,715000.0,22400.0
core:18,core,roadlike,5000,30000,42,3333,mean_sqrtdegree,784600.0,22400.0
core:18,core,roadlike,5000,30000,42,3333,median,768650.0,994500.0
core:18,core,roadlike,5000,30000,42,3333,original_mean,690650.0,0.0
core:18,core,roadlike,5000,30000,42,3333,sd,782250.0,1007900.0
core:18,core,roadlike,5000,30000,42,3333,skip_only,719500.0,22400.0
core:18,core,roadlike,5000,30000,42,3333,std_binary,778350.0,0.0
core:19,core,sparse,1000,4493,1729,333,binary,185100.0,0.0
core:19,core,sparse,1000,4493,1729,333,caliber,159700.0,15100.0
core:19,core,sparse,1000,4493,1729,333,degree4,208950.0,76600.0
core:19,core,sparse,1000,4493,1729,333,fourary,190900.0,0.0
core:19,core,sparse,1000,4493,1729,333,heavy_only,130350.0,4200.0
core:19,core,sparse,1000,4493,1729,333,list_both,121300.0,4200.0
core:19,core,sparse,1000,4493,1729,333,max_maxdegree,154950.0,12600.0
core:19,core,sparse,1000,4493,1729,333,mean_degree,154500.0,4200.0
core:19,core,sparse,1000,4493,1729,333,mean_map,126650.0,4200.0
core:19,core,sparse,1000,4493,1729,333,mean_ring,119350.0,4200.0
core:19,core,sparse,1000,4493,1729,333,mean_sqrtdegree,140350.0,4200.0
core:19,core,sparse,1000,4493,1729,333,median,127600.0,126700.0
core:19,core,sparse,1000,4493,1729,333,original_mean,120650.0,0.0
core:19,core,sparse,1000,4493,1729,333,sd,138300.0,108700.0
core:19,core,sparse,1000,4493,1729,333,selected_grid,112350.0,11990200.0
core:19,core,sparse,1000,4493,1729,333,skip_only,114000.0,4200.0
core:19,core,sparse,1000,4493,1729,333,std_binary,180800.0,0.0
core:19,core,sparse,1000,4493,1729,666,binary,202400.0,0.0
core:19,core,sparse,1000,4493,1729,666,caliber,163900.0,15100.0
core:19,core,sparse,1000,4493,1729,666,degree4,210150.0,76600.0
core:19,core,sparse,1000,4493,1729,666,fourary,195700.0,0.0
core:19,core,sparse,1000,4493,1729,666,heavy_only,125900.0,4200.0
core:19,core,sparse,1000,4493,1729,666,list_both,120950.0,4200.0
core:19,core,sparse,1000,4493,1729,666,max_maxdegree,152900.0,12600.0
core:19,core,sparse,1000,4493,1729,666,mean_degree,155100.0,4200.0
core:19,core,sparse,1000,4493,1729,666,mean_map,131850.0,4200.0
core:19,core,sparse,1000,4493,1729,666,mean_ring,119650.0,4200.0
core:19,core,sparse,1000,4493,1729,666,mean_sqrtdegree,141750.0,4200.0
core:19,core,sparse,1000,4493,1729,666,median,128200.0,126700.0
core:19,core,sparse,1000,4493,1729,666,original_mean,126150.0,0.0
core:19,core,sparse,1000,4493,1729,666,sd,136750.0,108700.0
core:19,core,sparse,1000,4493,1729,666,selected_grid,116550.0,11990200.0
core:19,core,sparse,1000,4493,1729,666,skip_only,114700.0,4200.0
core:19,core,sparse,1000,4493,1729,666,std_binary,176150.0,0.0
core:2,core,sparse,2000,9049,42,666,binary,499150.0,0.0
core:2,core,sparse,2000,9049,42,666,caliber,398850.0,42300.0
core:2,core,sparse,2000,9049,42,666,degree4,530100.0,163500.0
core:2,core,sparse,2000,9049,42,666,fourary,490050.0,0.0
core:2,core,sparse,2000,9049,42,666,heavy_only,308550.0,8700.0
core:2,core,sparse,2000,9049,42,666,list_both,361250.0,8700.0
core:2,core,sparse,2000,9049,42,666,max_maxdegree,350750.0,32900.0
core:2,core,sparse,2000,9049,42,666,mean_degree,369900.0,8700.0
core:2,core,sparse,2000,9049,42,666,mean_map,290550.0,8700.0
core:2,core,sparse,2000,9049,42,666,mean_ring,264450.0,8700.0
core:2,core,sparse,2000,9049,42,666,mean_sqrtdegree,324900.0,8700.0
core:2,core,sparse,2000,9049,42,666,median,298300.0,340600.0
core:2,core,sparse,2000,9049,42,666,original_mean,314550.0,0.0
core:2,core,sparse,2000,9049,42,666,sd,296050.0,391600.0
core:2,core,sparse,2000,9049,42,666,selected_grid,254700.0,22449900.0
core:2,core,sparse,2000,9049,42,666,skip_only,288150.0,8700.0
core:2,core,sparse,2000,9049,42,666,std_binary,448050.0,0.0
core:2,core,sparse,2000,9049,42,1333,binary,459600.0,0.0
core:2,core,sparse,2000,9049,42,1333,caliber,390700.0,42300.0
core:2,core,sparse,2000,9049,42,1333,degree4,515050.0,163500.0
core:2,core,sparse,2000,9049,42,1333,fourary,465600.0,0.0
core:2,core,sparse,2000,9049,42,1333,heavy_only,281300.0,8700.0
core:2,core,sparse,2000,9049,42,1333,list_both,247700.0,8700.0
core:2,core,sparse,2000,9049,42,1333,max_maxdegree,339750.0,32900.0
core:2,core,sparse,2000,9049,42,1333,mean_degree,353000.0,8700.0
core:2,core,sparse,2000,9049,42,1333,mean_map,278200.0,8700.0
core:2,core,sparse,2000,9049,42,1333,mean_ring,269800.0,8700.0
core:2,core,sparse,2000,9049,42,1333,mean_sqrtdegree,304800.0,8700.0
core:2,core,sparse,2000,9049,42,1333,median,274950.0,340600.0
core:2,core,sparse,2000,9049,42,1333,original_mean,312700.0,0.0
core:2,core,sparse,2000,9049,42,1333,sd,308800.0,391600.0
core:2,core,sparse,2000,9049,42,1333,selected_grid,239200.0,22449900.0
core:2,core,sparse,2000,9049,42,1333,skip_only,226450.0,8700.0
core:2,core,sparse,2000,9049,42,1333,std_binary,435800.0,0.0
core:20,core,sparse,2000,9015,1729,666,binary,407350.0,0.0
core:20,core,sparse,2000,9015,1729,666,caliber,364550.0,28900.0
core:20,core,sparse,2000,9015,1729,666,degree4,475700.0,110600.0
core:20,core,sparse,2000,9015,1729,666,fourary,415900.0,0.0
core:20,core,sparse,2000,9015,1729,666,heavy_only,257450.0,9200.0
core:20,core,sparse,2000,9015,1729,666,list_both,224600.0,9200.0
core:20,core,sparse,2000,9015,1729,666,max_maxdegree,284900.0,33800.0
core:20,core,sparse,2000,9015,1729,666,mean_degree,296550.0,9200.0
core:20,core,sparse,2000,9015,1729,666,mean_map,237450.0,9200.0
core:20,core,sparse,2000,9015,1729,666,mean_ring,224350.0,9200.0
core:20,core,sparse,2000,9015,1729,666,mean_sqrtdegree,278150.0,9200.0
core:20,core,sparse,2000,9015,1729,666,median,242200.0,243500.0
core:20,core,sparse,2000,9015,1729,666,original_mean,226650.0,0.0
core:20,core,sparse,2000,9015,1729,666,sd,256850.0,265100.0
core:20,core,sparse,2000,9015,1729,666,selected_grid,246900.0,20671100.0
core:20,core,sparse,2000,9015,1729,666,skip_only,203550.0,9200.0
core:20,core,sparse,2000,9015,1729,666,std_binary,393850.0,0.0
core:20,core,sparse,2000,9015,1729,1333,binary,408200.0,0.0
core:20,core,sparse,2000,9015,1729,1333,caliber,369050.0,28900.0
core:20,core,sparse,2000,9015,1729,1333,degree4,462050.0,110600.0
core:20,core,sparse,2000,9015,1729,1333,fourary,414100.0,0.0
core:20,core,sparse,2000,9015,1729,1333,heavy_only,254600.0,9200.0
core:20,core,sparse,2000,9015,1729,1333,list_both,217600.0,9200.0
core:20,core,sparse,2000,9015,1729,1333,max_maxdegree,296400.0,33800.0
core:20,core,sparse,2000,9015,1729,1333,mean_degree,299300.0,9200.0
core:20,core,sparse,2000,9015,1729,1333,mean_map,239550.0,9200.0
core:20,core,sparse,2000,9015,1729,1333,mean_ring,228450.0,9200.0
core:20,core,sparse,2000,9015,1729,1333,mean_sqrtdegree,269200.0,9200.0
core:20,core,sparse,2000,9015,1729,1333,median,244050.0,243500.0
core:20,core,sparse,2000,9015,1729,1333,original_mean,231600.0,0.0
core:20,core,sparse,2000,9015,1729,1333,sd,261000.0,265100.0
core:20,core,sparse,2000,9015,1729,1333,selected_grid,222200.0,20671100.0
core:20,core,sparse,2000,9015,1729,1333,skip_only,199550.0,9200.0
core:20,core,sparse,2000,9015,1729,1333,std_binary,395100.0,0.0
core:21,core,sparse,5000,22422,1729,1666,binary,1090550.0,0.0
core:21,core,sparse,5000,22422,1729,1666,caliber,939550.0,77200.0
core:21,core,sparse,5000,22422,1729,1666,degree4,1304850.0,293600.0
core:21,core,sparse,5000,22422,1729,1666,fourary,1095000.0,0.0
core:21,core,sparse,5000,22422,1729,1666,heavy_only,623100.0,47200.0
core:21,core,sparse,5000,22422,1729,1666,list_both,507250.0,47200.0
core:21,core,sparse,5000,22422,1729,1666,max_maxdegree,693250.0,85400.0
core:21,core,sparse,5000,22422,1729,1666,mean_degree,683750.0,47200.0
core:21,core,sparse,5000,22422,1729,1666,mean_map,590050.0,47200.0
core:21,core,sparse,5000,22422,1729,1666,mean_ring,566500.0,47200.0
core:21,core,sparse,5000,22422,1729,1666,mean_sqrtdegree,639450.0,47200.0
core:21,core,sparse,5000,22422,1729,1666,median,600350.0,670800.0
core:21,core,sparse,5000,22422,1729,1666,original_mean,530700.0,0.0
core:21,core,sparse,5000,22422,1729,1666,sd,626350.0,756200.0
core:21,core,sparse,5000,22422,1729,1666,selected_grid,556300.0,51212000.0
core:21,core,sparse,5000,22422,1729,1666,skip_only,489300.0,47200.0
core:21,core,sparse,5000,22422,1729,1666,std_binary,1028300.0,0.0
core:21,core,sparse,5000,22422,1729,3333,binary,1103400.0,0.0
core:21,core,sparse,5000,22422,1729,3333,caliber,943950.0,77200.0
core:21,core,sparse,5000,22422,1729,3333,degree4,1289200.0,293600.0
core:21,core,sparse,5000,22422,1729,3333,fourary,1111300.0,0.0
core:21,core,sparse,5000,22422,1729,3333,heavy_only,626950.0,47200.0
core:21,core,sparse,5000,22422,1729,3333,list_both,541950.0,47200.0
core:21,core,sparse,5000,22422,1729,3333,max_maxdegree,691550.0,85400.0
core:21,core,sparse,5000,22422,1729,3333,mean_degree,712050.0,47200.0
core:21,core,sparse,5000,22422,1729,3333,mean_map,594050.0,47200.0
core:21,core,sparse,5000,22422,1729,3333,mean_ring,575950.0,47200.0
core:21,core,sparse,5000,22422,1729,3333,mean_sqrtdegree,631300.0,47200.0
core:21,core,sparse,5000,22422,1729,3333,median,607550.0,670800.0
core:21,core,sparse,5000,22422,1729,3333,original_mean,555800.0,0.0
core:21,core,sparse,5000,22422,1729,3333,sd,643100.0,756200.0
core:21,core,sparse,5000,22422,1729,3333,selected_grid,586900.0,51212000.0
core:21,core,sparse,5000,22422,1729,3333,skip_only,495050.0,47200.0
core:21,core,sparse,5000,22422,1729,3333,std_binary,1066300.0,0.0
core:22,core,sparse,10000,44726,1729,3333,binary,2507500.0,0.0
core:22,core,sparse,10000,44726,1729,3333,caliber,2132300.0,162300.0
core:22,core,sparse,10000,44726,1729,3333,degree4,2776000.0,528200.0
core:22,core,sparse,10000,44726,1729,3333,fourary,2469500.0,0.0
core:22,core,sparse,10000,44726,1729,3333,heavy_only,1339850.0,131700.0
core:22,core,sparse,10000,44726,1729,3333,list_both,1095450.0,131700.0
core:22,core,sparse,10000,44726,1729,3333,max_maxdegree,1384200.0,194900.0
core:22,core,sparse,10000,44726,1729,3333,mean_degree,1422550.0,131700.0
core:22,core,sparse,10000,44726,1729,3333,mean_map,1307050.0,131700.0
core:22,core,sparse,10000,44726,1729,3333,mean_ring,1233250.0,131700.0
core:22,core,sparse,10000,44726,1729,3333,mean_sqrtdegree,1362850.0,131700.0
core:22,core,sparse,10000,44726,1729,3333,median,1285200.0,1409500.0
core:22,core,sparse,10000,44726,1729,3333,original_mean,1154300.0,0.0
core:22,core,sparse,10000,44726,1729,3333,sd,1368050.0,1549200.0
core:22,core,sparse,10000,44726,1729,3333,selected_grid,1143100.0,103685600.0
core:22,core,sparse,10000,44726,1729,3333,skip_only,1051850.0,131700.0
core:22,core,sparse,10000,44726,1729,3333,std_binary,2314750.0,0.0
core:22,core,sparse,10000,44726,1729,6666,binary,2521900.0,0.0
core:22,core,sparse,10000,44726,1729,6666,caliber,2247400.0,162300.0
core:22,core,sparse,10000,44726,1729,6666,degree4,2951550.0,528200.0
core:22,core,sparse,10000,44726,1729,6666,fourary,2525500.0,0.0
core:22,core,sparse,10000,44726,1729,6666,heavy_only,1410900.0,131700.0
core:22,core,sparse,10000,44726,1729,6666,list_both,1234350.0,131700.0
core:22,core,sparse,10000,44726,1729,6666,max_maxdegree,1455800.0,194900.0
core:22,core,sparse,10000,44726,1729,6666,mean_degree,1435300.0,131700.0
core:22,core,sparse,10000,44726,1729,6666,mean_map,1370700.0,131700.0
core:22,core,sparse,10000,44726,1729,6666,mean_ring,1320700.0,131700.0
core:22,core,sparse,10000,44726,1729,6666,mean_sqrtdegree,1499450.0,131700.0
core:22,core,sparse,10000,44726,1729,6666,median,1376650.0,1409500.0
core:22,core,sparse,10000,44726,1729,6666,original_mean,1273000.0,0.0
core:22,core,sparse,10000,44726,1729,6666,sd,1397100.0,1549200.0
core:22,core,sparse,10000,44726,1729,6666,selected_grid,1215950.0,103685600.0
core:22,core,sparse,10000,44726,1729,6666,skip_only,1159950.0,131700.0
core:22,core,sparse,10000,44726,1729,6666,std_binary,2652700.0,0.0
core:23,core,clustered,1000,25303,1729,333,binary,328200.0,0.0
core:23,core,clustered,1000,25303,1729,333,caliber,323500.0,36700.0
core:23,core,clustered,1000,25303,1729,333,degree4,342250.0,50700.0
core:23,core,clustered,1000,25303,1729,333,fourary,322250.0,0.0
core:23,core,clustered,1000,25303,1729,333,heavy_only,333000.0,19600.0
core:23,core,clustered,1000,25303,1729,333,list_both,313500.0,19600.0
core:23,core,clustered,1000,25303,1729,333,max_maxdegree,291600.0,32200.0
core:23,core,clustered,1000,25303,1729,333,mean_degree,426400.0,19600.0
core:23,core,clustered,1000,25303,1729,333,mean_map,268750.0,19600.0
core:23,core,clustered,1000,25303,1729,333,mean_ring,248300.0,19600.0
core:23,core,clustered,1000,25303,1729,333,mean_sqrtdegree,316850.0,19600.0
core:23,core,clustered,1000,25303,1729,333,median,269250.0,855200.0
core:23,core,clustered,1000,25303,1729,333,original_mean,326400.0,0.0
core:23,core,clustered,1000,25303,1729,333,sd,246000.0,833800.0
core:23,core,clustered,1000,25303,1729,333,selected_grid,243950.0,21494300.0
core:23,core,clustered,1000,25303,1729,333,skip_only,230550.0,19600.0
core:23,core,clustered,1000,25303,1729,333,std_binary,343050.0,0.0
core:23,core,clustered,1000,25303,1729,666,binary,317900.0,0.0
core:23,core,clustered,1000,25303,1729,666,caliber,307500.0,36700.0
core:23,core,clustered,1000,25303,1729,666,degree4,338450.0,50700.0
core:23,core,clustered,1000,25303,1729,666,fourary,325450.0,0.0
core:23,core,clustered,1000,25303,1729,666,heavy_only,323300.0,19600.0
core:23,core,clustered,1000,25303,1729,666,list_both,311050.0,19600.0
core:23,core,clustered,1000,25303,1729,666,max_maxdegree,294450.0,32200.0
core:23,core,clustered,1000,25303,1729,666,mean_degree,423850.0,19600.0
core:23,core,clustered,1000,25303,1729,666,mean_map,286150.0,19600.0
core:23,core,clustered,1000,25303,1729,666,mean_ring,260700.0,19600.0
core:23,core,clustered,1000,25303,1729,666,mean_sqrtdegree,324900.0,19600.0
core:23,core,clustered,1000,25303,1729,666,median,271650.0,855200.0
core:23,core,clustered,1000,25303,1729,666,original_mean,328350.0,0.0
core:23,core,clustered,1000,25303,1729,666,sd,249700.0,833800.0
core:23,core,clustered,1000,25303,1729,666,selected_grid,257800.0,21494300.0
core:23,core,clustered,1000,25303,1729,666,skip_only,253300.0,19600.0
core:23,core,clustered,1000,25303,1729,666,std_binary,344800.0,0.0
core:24,core,clustered,2000,52192,1729,666,binary,782200.0,0.0
core:24,core,clustered,2000,52192,1729,666,caliber,755400.0,117500.0
core:24,core,clustered,2000,52192,1729,666,degree4,813700.0,128200.0
core:24,core,clustered,2000,52192,1729,666,fourary,786200.0,0.0
core:24,core,clustered,2000,52192,1729,666,heavy_only,685600.0,40400.0
core:24,core,clustered,2000,52192,1729,666,list_both,586750.0,40400.0
core:24,core,clustered,2000,52192,1729,666,max_maxdegree,598950.0,67100.0
core:24,core,clustered,2000,52192,1729,666,mean_degree,842400.0,40400.0
core:24,core,clustered,2000,52192,1729,666,mean_map,537150.0,40400.0
core:24,core,clustered,2000,52192,1729,666,mean_ring,507950.0,40400.0
core:24,core,clustered,2000,52192,1729,666,mean_sqrtdegree,625100.0,40400.0
core:24,core,clustered,2000,52192,1729,666,median,558050.0,1650600.0
core:24,core,clustered,2000,52192,1729,666,original_mean,607050.0,0.0
core:24,core,clustered,2000,52192,1729,666,sd,503200.0,1781200.0
core:24,core,clustered,2000,52192,1729,666,selected_grid,521450.0,46044100.0
core:24,core,clustered,2000,52192,1729,666,skip_only,418100.0,40400.0
core:24,core,clustered,2000,52192,1729,666,std_binary,816800.0,0.0
core:24,core,clustered,2000,52192,1729,1333,binary,789300.0,0.0
core:24,core,clustered,2000,52192,1729,1333,caliber,772550.0,117500.0
core:24,core,clustered,2000,52192,1729,1333,degree4,818250.0,128200.0
core:24,core,clustered,2000,52192,1729,1333,fourary,795800.0,0.0
core:24,core,clustered,2000,52192,1729,1333,heavy_only,686700.0,40400.0
core:24,core,clustered,2000,52192,1729,1333,list_both,612750.0,40400.0
core:24,core,clustered,2000,52192,1729,1333,max_maxdegree,615950.0,67100.0
core:24,core,clustered,2000,52192,1729,1333,mean_degree,830150.0,40400.0
core:24,core,clustered,2000,52192,1729,1333,mean_map,532850.0,40400.0
core:24,core,clustered,2000,52192,1729,1333,mean_ring,520900.0,40400.0
core:24,core,clustered,2000,52192,1729,1333,mean_sqrtdegree,635250.0,40400.0
core:24,core,clustered,2000,52192,1729,1333,median,576700.0,1650600.0
core:24,core,clustered,2000,52192,1729,1333,original_mean,623350.0,0.0
core:24,core,clustered,2000,52192,1729,1333,sd,521750.0,1781200.0
core:24,core,clustered,2000,52192,1729,1333,selected_grid,537000.0,46044100.0
core:24,core,clustered,2000,52192,1729,1333,skip_only,435250.0,40400.0
core:24,core,clustered,2000,52192,1729,1333,std_binary,826500.0,0.0
core:25,core,clustered,5000,142297,1729,1666,binary,2532350.0,0.0
core:25,core,clustered,5000,142297,1729,1666,caliber,2488200.0,334900.0
core:25,core,clustered,5000,142297,1729,1666,degree4,2662100.0,266200.0
core:25,core,clustered,5000,142297,1729,1666,fourary,2788050.0,0.0
core:25,core,clustered,5000,142297,1729,1666,heavy_only,1989600.0,125800.0
core:25,core,clustered,5000,142297,1729,1666,list_both,1765800.0,125800.0
core:25,core,clustered,5000,142297,1729,1666,max_maxdegree,1681050.0,202300.0
core:25,core,clustered,5000,142297,1729,1666,mean_degree,1984000.0,125800.0
core:25,core,clustered,5000,142297,1729,1666,mean_map,1544900.0,125800.0
core:25,core,clustered,5000,142297,1729,1666,mean_ring,1437650.0,125800.0
core:25,core,clustered,5000,142297,1729,1666,mean_sqrtdegree,1639600.0,125800.0
core:25,core,clustered,5000,142297,1729,1666,median,1567600.0,6121400.0
core:25,core,clustered,5000,142297,1729,1666,original_mean,1870450.0,0.0
core:25,core,clustered,5000,142297,1729,1666,sd,1545850.0,6207600.0
core:25,core,clustered,5000,142297,1729,1666,selected_grid,1510500.0,121789400.0
core:25,core,clustered,5000,142297,1729,1666,skip_only,1176750.0,125800.0
core:25,core,clustered,5000,142297,1729,1666,std_binary,2780550.0,0.0
core:25,core,clustered,5000,142297,1729,3333,binary,2578800.0,0.0
core:25,core,clustered,5000,142297,1729,3333,caliber,2447350.0,334900.0
core:25,core,clustered,5000,142297,1729,3333,degree4,2658350.0,266200.0
core:25,core,clustered,5000,142297,1729,3333,fourary,2600050.0,0.0
core:25,core,clustered,5000,142297,1729,3333,heavy_only,1895700.0,125800.0
core:25,core,clustered,5000,142297,1729,3333,list_both,1754300.0,125800.0
core:25,core,clustered,5000,142297,1729,3333,max_maxdegree,1736650.0,202300.0
core:25,core,clustered,5000,142297,1729,3333,mean_degree,1959650.0,125800.0
core:25,core,clustered,5000,142297,1729,3333,mean_map,1527450.0,125800.0
core:25,core,clustered,5000,142297,1729,3333,mean_ring,1393550.0,125800.0
core:25,core,clustered,5000,142297,1729,3333,mean_sqrtdegree,1576700.0,125800.0
core:25,core,clustered,5000,142297,1729,3333,median,1549050.0,6121400.0
core:25,core,clustered,5000,142297,1729,3333,original_mean,1763700.0,0.0
core:25,core,clustered,5000,142297,1729,3333,sd,1475400.0,6207600.0
core:25,core,clustered,5000,142297,1729,3333,selected_grid,1424850.0,121789400.0
core:25,core,clustered,5000,142297,1729,3333,skip_only,1233750.0,125800.0
core:25,core,clustered,5000,142297,1729,3333,std_binary,2677450.0,0.0
core:26,core,clustered,10000,325130,1729,3333,binary,7952100.0,0.0
core:26,core,clustered,10000,325130,1729,3333,caliber,7399650.0,1142600.0
core:26,core,clustered,10000,325130,1729,3333,degree4,8083800.0,628100.0
core:26,core,clustered,10000,325130,1729,3333,fourary,8120450.0,0.0
core:26,core,clustered,10000,325130,1729,3333,heavy_only,5737200.0,286000.0
core:26,core,clustered,10000,325130,1729,3333,list_both,7490900.0,286000.0
core:26,core,clustered,10000,325130,1729,3333,max_maxdegree,5224650.0,631100.0
core:26,core,clustered,10000,325130,1729,3333,mean_degree,5384150.0,286000.0
core:26,core,clustered,10000,325130,1729,3333,mean_map,4790600.0,286000.0
core:26,core,clustered,10000,325130,1729,3333,mean_ring,4431700.0,286000.0
core:26,core,clustered,10000,325130,1729,3333,mean_sqrtdegree,4564750.0,286000.0
core:26,core,clustered,10000,325130,1729,3333,median,4993150.0,14365300.0
core:26,core,clustered,10000,325130,1729,3333,original_mean,7309450.0,0.0
core:26,core,clustered,10000,325130,1729,3333,sd,4484750.0,14988500.0
core:26,core,clustered,10000,325130,1729,3333,selected_grid,4659050.0,303236300.0
core:26,core,clustered,10000,325130,1729,3333,skip_only,4060300.0,286000.0
core:26,core,clustered,10000,325130,1729,3333,std_binary,7661200.0,0.0
core:26,core,clustered,10000,325130,1729,6666,binary,7624450.0,0.0
core:26,core,clustered,10000,325130,1729,6666,caliber,7406050.0,1142600.0
core:26,core,clustered,10000,325130,1729,6666,degree4,7629800.0,628100.0
core:26,core,clustered,10000,325130,1729,6666,fourary,7583200.0,0.0
core:26,core,clustered,10000,325130,1729,6666,heavy_only,5632800.0,286000.0
core:26,core,clustered,10000,325130,1729,6666,list_both,6773800.0,286000.0
core:26,core,clustered,10000,325130,1729,6666,max_maxdegree,4609400.0,631100.0
core:26,core,clustered,10000,325130,1729,6666,mean_degree,4796900.0,286000.0
core:26,core,clustered,10000,325130,1729,6666,mean_map,4270950.0,286000.0
core:26,core,clustered,10000,325130,1729,6666,mean_ring,4114650.0,286000.0
core:26,core,clustered,10000,325130,1729,6666,mean_sqrtdegree,4639700.0,286000.0
core:26,core,clustered,10000,325130,1729,6666,median,4332150.0,14365300.0
core:26,core,clustered,10000,325130,1729,6666,original_mean,6680150.0,0.0
core:26,core,clustered,10000,325130,1729,6666,sd,4235550.0,14988500.0
core:26,core,clustered,10000,325130,1729,6666,selected_grid,4127850.0,303236300.0
core:26,core,clustered,10000,325130,1729,6666,skip_only,3830200.0,286000.0
core:26,core,clustered,10000,325130,1729,6666,std_binary,7857350.0,0.0
core:27,core,dense,1000,100295,1729,333,binary,698550.0,0.0
core:27,core,dense,1000,100295,1729,333,caliber,662250.0,187400.0
core:27,core,dense,1000,100295,1729,333,degree4,778100.0,91800.0
core:27,core,dense,1000,100295,1729,333,fourary,709450.0,0.0
core:27,core,dense,1000,100295,1729,333,heavy_only,1628750.0,93600.0
core:27,core,dense,1000,100295,1729,333,list_both,4825000.0,93600.0
core:27,core,dense,1000,100295,1729,333,max_maxdegree,870050.0,105800.0
core:27,core,dense,1000,100295,1729,333,mean_degree,931100.0,93600.0
core:27,core,dense,1000,100295,1729,333,mean_map,978850.0,93600.0
core:27,core,dense,1000,100295,1729,333,mean_ring,958850.0,93600.0
core:27,core,dense,1000,100295,1729,333,mean_sqrtdegree,741450.0,93600.0
core:27,core,dense,1000,100295,1729,333,median,953850.0,3475800.0
core:27,core,dense,1000,100295,1729,333,original_mean,5087500.0,0.0
core:27,core,dense,1000,100295,1729,333,sd,877150.0,3830100.0
core:27,core,dense,1000,100295,1729,333,selected_grid,683450.0,60265200.0
core:27,core,dense,1000,100295,1729,333,skip_only,2155150.0,93600.0
core:27,core,dense,1000,100295,1729,333,std_binary,784200.0,0.0
core:27,core,dense,1000,100295,1729,666,binary,669350.0,0.0
core:27,core,dense,1000,100295,1729,666,caliber,667900.0,187400.0
core:27,core,dense,1000,100295,1729,666,degree4,692900.0,91800.0
core:27,core,dense,1000,100295,1729,666,fourary,689100.0,0.0
core:27,core,dense,1000,100295,1729,666,heavy_only,1610500.0,93600.0
core:27,core,dense,1000,100295,1729,666,list_both,4913450.0,93600.0
core:27,core,dense,1000,100295,1729,666,max_maxdegree,851800.0,105800.0
core:27,core,dense,1000,100295,1729,666,mean_degree,943750.0,93600.0
core:27,core,dense,1000,100295,1729,666,mean_map,985250.0,93600.0
core:27,core,dense,1000,100295,1729,666,mean_ring,955050.0,93600.0
core:27,core,dense,1000,100295,1729,666,mean_sqrtdegree,737300.0,93600.0
core:27,core,dense,1000,100295,1729,666,median,953750.0,3475800.0
core:27,core,dense,1000,100295,1729,666,original_mean,5069600.0,0.0
core:27,core,dense,1000,100295,1729,666,sd,850850.0,3830100.0
core:27,core,dense,1000,100295,1729,666,selected_grid,664300.0,60265200.0
core:27,core,dense,1000,100295,1729,666,skip_only,2112500.0,93600.0
core:27,core,dense,1000,100295,1729,666,std_binary,783750.0,0.0
core:28,core,dense,2000,400547,1729,666,binary,2000250.0,0.0
core:28,core,dense,2000,400547,1729,666,caliber,1865350.0,861700.0
core:28,core,dense,2000,400547,1729,666,degree4,2242600.0,284000.0
core:28,core,dense,2000,400547,1729,666,fourary,1962400.0,0.0
core:28,core,dense,2000,400547,1729,666,heavy_only,6962300.0,360700.0
core:28,core,dense,2000,400547,1729,666,list_both,22459450.0,360700.0
core:28,core,dense,2000,400547,1729,666,max_maxdegree,2959650.0,424400.0
core:28,core,dense,2000,400547,1729,666,mean_degree,3133250.0,360700.0
core:28,core,dense,2000,400547,1729,666,mean_map,3288000.0,360700.0
core:28,core,dense,2000,400547,1729,666,mean_ring,3447900.0,360700.0
core:28,core,dense,2000,400547,1729,666,mean_sqrtdegree,2608700.0,360700.0
core:28,core,dense,2000,400547,1729,666,median,3218800.0,18636000.0
core:28,core,dense,2000,400547,1729,666,original_mean,22875600.0,0.0
core:28,core,dense,2000,400547,1729,666,sd,3227750.0,19779700.0
core:28,core,dense,2000,400547,1729,666,selected_grid,2671150.0,214855600.0
core:28,core,dense,2000,400547,1729,666,skip_only,8894950.0,360700.0
core:28,core,dense,2000,400547,1729,666,std_binary,2342950.0,0.0
core:28,core,dense,2000,400547,1729,1333,binary,2244400.0,0.0
core:28,core,dense,2000,400547,1729,1333,caliber,2060450.0,861700.0
core:28,core,dense,2000,400547,1729,1333,degree4,2187050.0,284000.0
core:28,core,dense,2000,400547,1729,1333,fourary,2177050.0,0.0
core:28,core,dense,2000,400547,1729,1333,heavy_only,8006000.0,360700.0
core:28,core,dense,2000,400547,1729,1333,list_both,31650900.0,360700.0
core:28,core,dense,2000,400547,1729,1333,max_maxdegree,3111750.0,424400.0
core:28,core,dense,2000,400547,1729,1333,mean_degree,3018050.0,360700.0
core:28,core,dense,2000,400547,1729,1333,mean_map,3895300.0,360700.0
core:28,core,dense,2000,400547,1729,1333,mean_ring,3965450.0,360700.0
core:28,core,dense,2000,400547,1729,1333,mean_sqrtdegree,2929700.0,360700.0
core:28,core,dense,2000,400547,1729,1333,median,3927050.0,18636000.0
core:28,core,dense,2000,400547,1729,1333,original_mean,33123300.0,0.0
core:28,core,dense,2000,400547,1729,1333,sd,3669650.0,19779700.0
core:28,core,dense,2000,400547,1729,1333,selected_grid,2935350.0,214855600.0
core:28,core,dense,2000,400547,1729,1333,skip_only,9845850.0,360700.0
core:28,core,dense,2000,400547,1729,1333,std_binary,2455250.0,0.0
core:29,core,dense,5000,2500648,1729,1666,binary,6867650.0,0.0
core:29,core,dense,5000,2500648,1729,1666,caliber,6939100.0,3947800.0
core:29,core,dense,5000,2500648,1729,1666,degree4,7104450.0,1169700.0
core:29,core,dense,5000,2500648,1729,1666,fourary,7320650.0,0.0
core:29,core,dense,5000,2500648,1729,1666,heavy_only,38418150.0,3399800.0
core:29,core,dense,5000,2500648,1729,1666,list_both,132720150.0,3399800.0
core:29,core,dense,5000,2500648,1729,1666,max_maxdegree,12505250.0,4146100.0
core:29,core,dense,5000,2500648,1729,1666,mean_degree,13019300.0,3399800.0
core:29,core,dense,5000,2500648,1729,1666,mean_map,15282250.0,3399800.0
core:29,core,dense,5000,2500648,1729,1666,mean_ring,15406800.0,3399800.0
core:29,core,dense,5000,2500648,1729,1666,mean_sqrtdegree,12482250.0,3399800.0
core:29,core,dense,5000,2500648,1729,1666,median,15575250.0,153791100.0
core:29,core,dense,5000,2500648,1729,1666,original_mean,135607250.0,0.0
core:29,core,dense,5000,2500648,1729,1666,sd,14525350.0,166256000.0
core:29,core,dense,5000,2500648,1729,1666,selected_grid,12840600.0,1156419000.0
core:29,core,dense,5000,2500648,1729,1666,skip_only,34863750.0,3399800.0
core:29,core,dense,5000,2500648,1729,1666,std_binary,8801000.0,0.0
core:29,core,dense,5000,2500648,1729,3333,binary,7022400.0,0.0
core:29,core,dense,5000,2500648,1729,3333,caliber,7051200.0,3947800.0
core:29,core,dense,5000,2500648,1729,3333,degree4,7254250.0,1169700.0
core:29,core,dense,5000,2500648,1729,3333,fourary,7371250.0,0.0
core:29,core,dense,5000,2500648,1729,3333,heavy_only,40183400.0,3399800.0
core:29,core,dense,5000,2500648,1729,3333,list_both,136933150.0,3399800.0
core:29,core,dense,5000,2500648,1729,3333,max_maxdegree,12724000.0,4146100.0
core:29,core,dense,5000,2500648,1729,3333,mean_degree,13022900.0,3399800.0
core:29,core,dense,5000,2500648,1729,3333,mean_map,15831350.0,3399800.0
core:29,core,dense,5000,2500648,1729,3333,mean_ring,16178650.0,3399800.0
core:29,core,dense,5000,2500648,1729,3333,mean_sqrtdegree,12373250.0,3399800.0
core:29,core,dense,5000,2500648,1729,3333,median,15672350.0,153791100.0
core:29,core,dense,5000,2500648,1729,3333,original_mean,140700800.0,0.0
core:29,core,dense,5000,2500648,1729,3333,sd,15191300.0,166256000.0
core:29,core,dense,5000,2500648,1729,3333,selected_grid,13013000.0,1156419000.0
core:29,core,dense,5000,2500648,1729,3333,skip_only,35854300.0,3399800.0
core:29,core,dense,5000,2500648,1729,3333,std_binary,8732100.0,0.0
core:3,core,sparse,5000,22746,42,1666,binary,1340450.0,0.0
core:3,core,sparse,5000,22746,42,1666,caliber,1091250.0,93000.0
core:3,core,sparse,5000,22746,42,1666,degree4,1508300.0,349800.0
core:3,core,sparse,5000,22746,42,1666,fourary,1327850.0,0.0
core:3,core,sparse,5000,22746,42,1666,heavy_only,726700.0,46100.0
core:3,core,sparse,5000,22746,42,1666,list_both,791700.0,46100.0
core:3,core,sparse,5000,22746,42,1666,max_maxdegree,829600.0,109000.0
core:3,core,sparse,5000,22746,42,1666,mean_degree,836000.0,46100.0
core:3,core,sparse,5000,22746,42,1666,mean_map,745600.0,46100.0
core:3,core,sparse,5000,22746,42,1666,mean_ring,696100.0,46100.0
core:3,core,sparse,5000,22746,42,1666,mean_sqrtdegree,793350.0,46100.0
core:3,core,sparse,5000,22746,42,1666,median,719600.0,963800.0
core:3,core,sparse,5000,22746,42,1666,original_mean,903300.0,0.0
core:3,core,sparse,5000,22746,42,1666,sd,735250.0,1570100.0
core:3,core,sparse,5000,22746,42,1666,selected_grid,743100.0,62033900.0
core:3,core,sparse,5000,22746,42,1666,skip_only,721150.0,46100.0
core:3,core,sparse,5000,22746,42,1666,std_binary,1216350.0,0.0
core:3,core,sparse,5000,22746,42,3333,binary,1211300.0,0.0
core:3,core,sparse,5000,22746,42,3333,caliber,1025500.0,93000.0
core:3,core,sparse,5000,22746,42,3333,degree4,1392900.0,349800.0
core:3,core,sparse,5000,22746,42,3333,fourary,1204100.0,0.0
core:3,core,sparse,5000,22746,42,3333,heavy_only,693450.0,46100.0
core:3,core,sparse,5000,22746,42,3333,list_both,732600.0,46100.0
core:3,core,sparse,5000,22746,42,3333,max_maxdegree,747550.0,109000.0
core:3,core,sparse,5000,22746,42,3333,mean_degree,753100.0,46100.0
core:3,core,sparse,5000,22746,42,3333,mean_map,647800.0,46100.0
core:3,core,sparse,5000,22746,42,3333,mean_ring,647000.0,46100.0
core:3,core,sparse,5000,22746,42,3333,mean_sqrtdegree,715550.0,46100.0
core:3,core,sparse,5000,22746,42,3333,median,670450.0,963800.0
core:3,core,sparse,5000,22746,42,3333,original_mean,717500.0,0.0
core:3,core,sparse,5000,22746,42,3333,sd,690450.0,1570100.0
core:3,core,sparse,5000,22746,42,3333,selected_grid,600250.0,62033900.0
core:3,core,sparse,5000,22746,42,3333,skip_only,677050.0,46100.0
core:3,core,sparse,5000,22746,42,3333,std_binary,1142900.0,0.0
core:30,core,grid,1000,3870,1729,333,binary,96550.0,0.0
core:30,core,grid,1000,3870,1729,333,caliber,89450.0,4700.0
core:30,core,grid,1000,3870,1729,333,degree4,131750.0,42000.0
core:30,core,grid,1000,3870,1729,333,fourary,101200.0,0.0
core:30,core,grid,1000,3870,1729,333,heavy_only,103150.0,2500.0
core:30,core,grid,1000,3870,1729,333,list_both,108550.0,2500.0
core:30,core,grid,1000,3870,1729,333,max_maxdegree,119800.0,9000.0
core:30,core,grid,1000,3870,1729,333,mean_degree,114400.0,2500.0
core:30,core,grid,1000,3870,1729,333,mean_map,99950.0,2500.0
core:30,core,grid,1000,3870,1729,333,mean_ring,97200.0,2500.0
core:30,core,grid,1000,3870,1729,333,mean_sqrtdegree,116350.0,2500.0
core:30,core,grid,1000,3870,1729,333,median,101500.0,62700.0
core:30,core,grid,1000,3870,1729,333,original_mean,92350.0,0.0
core:30,core,grid,1000,3870,1729,333,sd,115650.0,68800.0
core:30,core,grid,1000,3870,1729,333,skip_only,105100.0,2500.0
core:30,core,grid,1000,3870,1729,333,std_binary,95950.0,0.0
core:30,core,grid,1000,3870,1729,666,binary,99350.0,0.0
core:30,core,grid,1000,3870,1729,666,caliber,93600.0,4700.0
core:30,core,grid,1000,3870,1729,666,degree4,127150.0,42000.0
core:30,core,grid,1000,3870,1729,666,fourary,105300.0,0.0
core:30,core,grid,1000,3870,1729,666,heavy_only,103000.0,2500.0
core:30,core,grid,1000,3870,1729,666,list_both,110100.0,2500.0
core:30,core,grid,1000,3870,1729,666,max_maxdegree,122000.0,9000.0
core:30,core,grid,1000,3870,1729,666,mean_degree,115950.0,2500.0
core:30,core,grid,1000,3870,1729,666,mean_map,101400.0,2500.0
core:30,core,grid,1000,3870,1729,666,mean_ring,98100.0,2500.0
core:30,core,grid,1000,3870,1729,666,mean_sqrtdegree,115700.0,2500.0
core:30,core,grid,1000,3870,1729,666,median,100100.0,62700.0
core:30,core,grid,1000,3870,1729,666,original_mean,97000.0,0.0
core:30,core,grid,1000,3870,1729,666,sd,115450.0,68800.0
core:30,core,grid,1000,3870,1729,666,skip_only,106800.0,2500.0
core:30,core,grid,1000,3870,1729,666,std_binary,95450.0,0.0
core:31,core,grid,2000,7820,1729,666,binary,214050.0,0.0
core:31,core,grid,2000,7820,1729,666,caliber,197050.0,9000.0
core:31,core,grid,2000,7820,1729,666,degree4,267600.0,81400.0
core:31,core,grid,2000,7820,1729,666,fourary,214450.0,0.0
core:31,core,grid,2000,7820,1729,666,heavy_only,191850.0,5000.0
core:31,core,grid,2000,7820,1729,666,list_both,191000.0,5000.0
core:31,core,grid,2000,7820,1729,666,max_maxdegree,210500.0,18100.0
core:31,core,grid,2000,7820,1729,666,mean_degree,215900.0,5000.0
core:31,core,grid,2000,7820,1729,666,mean_map,187750.0,5000.0
core:31,core,grid,2000,7820,1729,666,mean_ring,176800.0,5000.0
core:31,core,grid,2000,7820,1729,666,mean_sqrtdegree,207150.0,5000.0
core:31,core,grid,2000,7820,1729,666,median,182600.0,162700.0
core:31,core,grid,2000,7820,1729,666,original_mean,169250.0,0.0
core:31,core,grid,2000,7820,1729,666,sd,209250.0,156300.0
core:31,core,grid,2000,7820,1729,666,skip_only,186450.0,5000.0
core:31,core,grid,2000,7820,1729,666,std_binary,205500.0,0.0
core:31,core,grid,2000,7820,1729,1333,binary,213200.0,0.0
core:31,core,grid,2000,7820,1729,1333,caliber,194100.0,9000.0
core:31,core,grid,2000,7820,1729,1333,degree4,276050.0,81400.0
core:31,core,grid,2000,7820,1729,1333,fourary,221450.0,0.0
core:31,core,grid,2000,7820,1729,1333,heavy_only,195950.0,5000.0
core:31,core,grid,2000,7820,1729,1333,list_both,198400.0,5000.0
core:31,core,grid,2000,7820,1729,1333,max_maxdegree,205200.0,18100.0
core:31,core,grid,2000,7820,1729,1333,mean_degree,219950.0,5000.0
core:31,core,grid,2000,7820,1729,1333,mean_map,189800.0,5000.0
core:31,core,grid,2000,7820,1729,1333,mean_ring,181550.0,5000.0
core:31,core,grid,2000,7820,1729,1333,mean_sqrtdegree,211200.0,5000.0
core:31,core,grid,2000,7820,1729,1333,median,189750.0,162700.0
core:31,core,grid,2000,7820,1729,1333,original_mean,174050.0,0.0
core:31,core,grid,2000,7820,1729,1333,sd,213250.0,156300.0
core:31,core,grid,2000,7820,1729,1333,skip_only,191400.0,5000.0
core:31,core,grid,2000,7820,1729,1333,std_binary,206400.0,0.0
core:32,core,grid,5000,19700,1729,1666,binary,579800.0,0.0
core:32,core,grid,5000,19700,1729,1666,caliber,517400.0,33000.0
core:32,core,grid,5000,19700,1729,1666,degree4,754200.0,209900.0
core:32,core,grid,5000,19700,1729,1666,fourary,598700.0,0.0
core:32,core,grid,5000,19700,1729,1666,heavy_only,474350.0,12400.0
core:32,core,grid,5000,19700,1729,1666,list_both,456800.0,12400.0
core:32,core,grid,5000,19700,1729,1666,max_maxdegree,514650.0,46100.0
core:32,core,grid,5000,19700,1729,1666,mean_degree,545850.0,12400.0
core:32,core,grid,5000,19700,1729,1666,mean_map,464150.0,12400.0
core:32,core,grid,5000,19700,1729,1666,mean_ring,432350.0,12400.0
core:32,core,grid,5000,19700,1729,1666,mean_sqrtdegree,519450.0,12400.0
core:32,core,grid,5000,19700,1729,1666,median,463650.0,443400.0
core:32,core,grid,5000,19700,1729,1666,original_mean,403800.0,0.0
core:32,core,grid,5000,19700,1729,1666,sd,505350.0,466800.0
core:32,core,grid,5000,19700,1729,1666,skip_only,446850.0,12400.0
core:32,core,grid,5000,19700,1729,1666,std_binary,558500.0,0.0
core:32,core,grid,5000,19700,1729,3333,binary,571400.0,0.0
core:32,core,grid,5000,19700,1729,3333,caliber,520850.0,33000.0
core:32,core,grid,5000,19700,1729,3333,degree4,736750.0,209900.0
core:32,core,grid,5000,19700,1729,3333,fourary,589400.0,0.0
core:32,core,grid,5000,19700,1729,3333,heavy_only,462300.0,12400.0
core:32,core,grid,5000,19700,1729,3333,list_both,450550.0,12400.0
core:32,core,grid,5000,19700,1729,3333,max_maxdegree,491900.0,46100.0
core:32,core,grid,5000,19700,1729,3333,mean_degree,530250.0,12400.0
core:32,core,grid,5000,19700,1729,3333,mean_map,453300.0,12400.0
core:32,core,grid,5000,19700,1729,3333,mean_ring,423700.0,12400.0
core:32,core,grid,5000,19700,1729,3333,mean_sqrtdegree,500050.0,12400.0
core:32,core,grid,5000,19700,1729,3333,median,452700.0,443400.0
core:32,core,grid,5000,19700,1729,3333,original_mean,400200.0,0.0
core:32,core,grid,5000,19700,1729,3333,sd,489600.0,466800.0
core:32,core,grid,5000,19700,1729,3333,skip_only,439400.0,12400.0
core:32,core,grid,5000,19700,1729,3333,std_binary,542150.0,0.0
core:33,core,grid,10000,39600,1729,3333,binary,1190750.0,0.0
core:33,core,grid,10000,39600,1729,3333,caliber,1083450.0,72900.0
core:33,core,grid,10000,39600,1729,3333,degree4,1552350.0,358400.0
core:33,core,grid,10000,39600,1729,3333,fourary,1212600.0,0.0
core:33,core,grid,10000,39600,1729,3333,heavy_only,865450.0,28900.0
core:33,core,grid,10000,39600,1729,3333,list_both,793700.0,28900.0
core:33,core,grid,10000,39600,1729,3333,max_maxdegree,887700.0,92100.0
core:33,core,grid,10000,39600,1729,3333,mean_degree,948350.0,28900.0
core:33,core,grid,10000,39600,1729,3333,mean_map,827350.0,28900.0
core:33,core,grid,10000,39600,1729,3333,mean_ring,780650.0,28900.0
core:33,core,grid,10000,39600,1729,3333,mean_sqrtdegree,906650.0,28900.0
core:33,core,grid,10000,39600,1729,3333,median,828250.0,943400.0
core:33,core,grid,10000,39600,1729,3333,original_mean,728700.0,0.0
core:33,core,grid,10000,39600,1729,3333,sd,875200.0,1057800.0
core:33,core,grid,10000,39600,1729,3333,skip_only,793350.0,28900.0
core:33,core,grid,10000,39600,1729,3333,std_binary,1168150.0,0.0
core:33,core,grid,10000,39600,1729,6666,binary,1230700.0,0.0
core:33,core,grid,10000,39600,1729,6666,caliber,1108100.0,72900.0
core:33,core,grid,10000,39600,1729,6666,degree4,1596000.0,358400.0
core:33,core,grid,10000,39600,1729,6666,fourary,1250300.0,0.0
core:33,core,grid,10000,39600,1729,6666,heavy_only,899650.0,28900.0
core:33,core,grid,10000,39600,1729,6666,list_both,821900.0,28900.0
core:33,core,grid,10000,39600,1729,6666,max_maxdegree,926700.0,92100.0
core:33,core,grid,10000,39600,1729,6666,mean_degree,964400.0,28900.0
core:33,core,grid,10000,39600,1729,6666,mean_map,852950.0,28900.0
core:33,core,grid,10000,39600,1729,6666,mean_ring,800350.0,28900.0
core:33,core,grid,10000,39600,1729,6666,mean_sqrtdegree,956550.0,28900.0
core:33,core,grid,10000,39600,1729,6666,median,876350.0,943400.0
core:33,core,grid,10000,39600,1729,6666,original_mean,749500.0,0.0
core:33,core,grid,10000,39600,1729,6666,sd,916350.0,1057800.0
core:33,core,grid,10000,39600,1729,6666,skip_only,813750.0,28900.0
core:33,core,grid,10000,39600,1729,6666,std_binary,1168500.0,0.0
core:34,core,roadlike,1000,6000,1729,333,binary,107650.0,0.0
core:34,core,roadlike,1000,6000,1729,333,caliber,106650.0,6000.0
core:34,core,roadlike,1000,6000,1729,333,degree4,112000.0,38100.0
core:34,core,roadlike,1000,6000,1729,333,fourary,116950.0,0.0
core:34,core,roadlike,1000,6000,1729,333,heavy_only,122600.0,3700.0
core:34,core,roadlike,1000,6000,1729,333,list_both,131850.0,3700.0
core:34,core,roadlike,1000,6000,1729,333,max_maxdegree,134550.0,13600.0
core:34,core,roadlike,1000,6000,1729,333,mean_degree,142950.0,3700.0
core:34,core,roadlike,1000,6000,1729,333,mean_map,117550.0,3700.0
core:34,core,roadlike,1000,6000,1729,333,mean_ring,115650.0,3700.0
core:34,core,roadlike,1000,6000,1729,333,mean_sqrtdegree,131950.0,3700.0
core:34,core,roadlike,1000,6000,1729,333,median,119050.0,111600.0
core:34,core,roadlike,1000,6000,1729,333,original_mean,115700.0,0.0
core:34,core,roadlike,1000,6000,1729,333,sd,131800.0,118300.0
core:34,core,roadlike,1000,6000,1729,333,skip_only,121750.0,3700.0
core:34,core,roadlike,1000,6000,1729,333,std_binary,107400.0,0.0
core:34,core,roadlike,1000,6000,1729,666,binary,113050.0,0.0
core:34,core,roadlike,1000,6000,1729,666,caliber,106350.0,6000.0
core:34,core,roadlike,1000,6000,1729,666,degree4,110150.0,38100.0
core:34,core,roadlike,1000,6000,1729,666,fourary,118700.0,0.0
core:34,core,roadlike,1000,6000,1729,666,heavy_only,128050.0,3700.0
core:34,core,roadlike,1000,6000,1729,666,list_both,133750.0,3700.0
core:34,core,roadlike,1000,6000,1729,666,max_maxdegree,134750.0,13600.0
core:34,core,roadlike,1000,6000,1729,666,mean_degree,146500.0,3700.0
core:34,core,roadlike,1000,6000,1729,666,mean_map,118600.0,3700.0
core:34,core,roadlike,1000,6000,1729,666,mean_ring,116800.0,3700.0
core:34,core,roadlike,1000,6000,1729,666,mean_sqrtdegree,129400.0,3700.0
core:34,core,roadlike,1000,6000,1729,666,median,121300.0,111600.0
core:34,core,roadlike,1000,6000,1729,666,original_mean,117050.0,0.0
core:34,core,roadlike,1000,6000,1729,666,sd,131450.0,118300.0
core:34,core,roadlike,1000,6000,1729,666,skip_only,127550.0,3700.0
core:34,core,roadlike,1000,6000,1729,666,std_binary,108150.0,0.0
core:35,core,roadlike,2000,12000,1729,666,binary,225150.0,0.0
core:35,core,roadlike,2000,12000,1729,666,caliber,216400.0,22200.0
core:35,core,roadlike,2000,12000,1729,666,degree4,232650.0,88200.0
core:35,core,roadlike,2000,12000,1729,666,fourary,242350.0,0.0
core:35,core,roadlike,2000,12000,1729,666,heavy_only,238050.0,7400.0
core:35,core,roadlike,2000,12000,1729,666,list_both,249450.0,7400.0
core:35,core,roadlike,2000,12000,1729,666,max_maxdegree,247150.0,27200.0
core:35,core,roadlike,2000,12000,1729,666,mean_degree,272950.0,7400.0
core:35,core,roadlike,2000,12000,1729,666,mean_map,234450.0,7400.0
core:35,core,roadlike,2000,12000,1729,666,mean_ring,225250.0,7400.0
core:35,core,roadlike,2000,12000,1729,666,mean_sqrtdegree,247100.0,7400.0
core:35,core,roadlike,2000,12000,1729,666,median,234100.0,262000.0
core:35,core,roadlike,2000,12000,1729,666,original_mean,217800.0,0.0
core:35,core,roadlike,2000,12000,1729,666,sd,252200.0,269700.0
core:35,core,roadlike,2000,12000,1729,666,skip_only,233700.0,7400.0
core:35,core,roadlike,2000,12000,1729,666,std_binary,219450.0,0.0
core:35,core,roadlike,2000,12000,1729,1333,binary,229500.0,0.0
core:35,core,roadlike,2000,12000,1729,1333,caliber,214550.0,22200.0
core:35,core,roadlike,2000,12000,1729,1333,degree4,234550.0,88200.0
core:35,core,roadlike,2000,12000,1729,1333,fourary,239400.0,0.0
core:35,core,roadlike,2000,12000,1729,1333,heavy_only,232050.0,7400.0
core:35,core,roadlike,2000,12000,1729,1333,list_both,240700.0,7400.0
core:35,core,roadlike,2000,12000,1729,1333,max_maxdegree,240550.0,27200.0
core:35,core,roadlike,2000,12000,1729,1333,mean_degree,267250.0,7400.0
core:35,core,roadlike,2000,12000,1729,1333,mean_map,220800.0,7400.0
core:35,core,roadlike,2000,12000,1729,1333,mean_ring,216350.0,7400.0
core:35,core,roadlike,2000,12000,1729,1333,mean_sqrtdegree,239350.0,7400.0
core:35,core,roadlike,2000,12000,1729,1333,median,227200.0,262000.0
core:35,core,roadlike,2000,12000,1729,1333,original_mean,213800.0,0.0
core:35,core,roadlike,2000,12000,1729,1333,sd,242950.0,269700.0
core:35,core,roadlike,2000,12000,1729,1333,skip_only,225000.0,7400.0
core:35,core,roadlike,2000,12000,1729,1333,std_binary,217350.0,0.0
core:36,core,roadlike,5000,30000,1729,1666,binary,596800.0,0.0
core:36,core,roadlike,5000,30000,1729,1666,caliber,565100.0,49800.0
core:36,core,roadlike,5000,30000,1729,1666,degree4,621250.0,171200.0
core:36,core,roadlike,5000,30000,1729,1666,fourary,597500.0,0.0
core:36,core,roadlike,5000,30000,1729,1666,heavy_only,576150.0,18100.0
core:36,core,roadlike,5000,30000,1729,1666,list_both,572100.0,18100.0
core:36,core,roadlike,5000,30000,1729,1666,max_maxdegree,592950.0,66200.0
core:36,core,roadlike,5000,30000,1729,1666,mean_degree,645150.0,18100.0
core:36,core,roadlike,5000,30000,1729,1666,mean_map,547900.0,18100.0
core:36,core,roadlike,5000,30000,1729,1666,mean_ring,519500.0,18100.0
core:36,core,roadlike,5000,30000,1729,1666,mean_sqrtdegree,581500.0,18100.0
core:36,core,roadlike,5000,30000,1729,1666,median,547600.0,725200.0
core:36,core,roadlike,5000,30000,1729,1666,original_mean,499750.0,0.0
core:36,core,roadlike,5000,30000,1729,1666,sd,579450.0,750800.0
core:36,core,roadlike,5000,30000,1729,1666,skip_only,537750.0,18100.0
core:36,core,roadlike,5000,30000,1729,1666,std_binary,557500.0,0.0
core:36,core,roadlike,5000,30000,1729,3333,binary,639550.0,0.0
core:36,core,roadlike,5000,30000,1729,3333,caliber,584300.0,49800.0
core:36,core,roadlike,5000,30000,1729,3333,degree4,659050.0,171200.0
core:36,core,roadlike,5000,30000,1729,3333,fourary,619150.0,0.0
core:36,core,roadlike,5000,30000,1729,3333,heavy_only,557200.0,18100.0
core:36,core,roadlike,5000,30000,1729,3333,list_both,552900.0,18100.0
core:36,core,roadlike,5000,30000,1729,3333,max_maxdegree,558800.0,66200.0
core:36,core,roadlike,5000,30000,1729,3333,mean_degree,620850.0,18100.0
core:36,core,roadlike,5000,30000,1729,3333,mean_map,531500.0,18100.0
core:36,core,roadlike,5000,30000,1729,3333,mean_ring,506950.0,18100.0
core:36,core,roadlike,5000,30000,1729,3333,mean_sqrtdegree,566300.0,18100.0
core:36,core,roadlike,5000,30000,1729,3333,median,533900.0,725200.0
core:36,core,roadlike,5000,30000,1729,3333,original_mean,487500.0,0.0
core:36,core,roadlike,5000,30000,1729,3333,sd,559200.0,750800.0
core:36,core,roadlike,5000,30000,1729,3333,skip_only,510700.0,18100.0
core:36,core,roadlike,5000,30000,1729,3333,std_binary,588300.0,0.0
core:37,core,sparse,1000,4561,2026,333,binary,141200.0,0.0
core:37,core,sparse,1000,4561,2026,333,caliber,123050.0,11900.0
core:37,core,sparse,1000,4561,2026,333,degree4,156100.0,56300.0
core:37,core,sparse,1000,4561,2026,333,fourary,141300.0,0.0
core:37,core,sparse,1000,4561,2026,333,heavy_only,97000.0,2900.0
core:37,core,sparse,1000,4561,2026,333,list_both,85950.0,2900.0
core:37,core,sparse,1000,4561,2026,333,max_maxdegree,117100.0,9800.0
core:37,core,sparse,1000,4561,2026,333,mean_degree,118750.0,2900.0
core:37,core,sparse,1000,4561,2026,333,mean_map,91350.0,2900.0
core:37,core,sparse,1000,4561,2026,333,mean_ring,88350.0,2900.0
core:37,core,sparse,1000,4561,2026,333,mean_sqrtdegree,108850.0,2900.0
core:37,core,sparse,1000,4561,2026,333,median,92000.0,92600.0
core:37,core,sparse,1000,4561,2026,333,original_mean,91150.0,0.0
core:37,core,sparse,1000,4561,2026,333,sd,107450.0,88500.0
core:37,core,sparse,1000,4561,2026,333,selected_grid,115700.0,8390100.0
core:37,core,sparse,1000,4561,2026,333,skip_only,82600.0,2900.0
core:37,core,sparse,1000,4561,2026,333,std_binary,134500.0,0.0
core:37,core,sparse,1000,4561,2026,666,binary,142000.0,0.0
core:37,core,sparse,1000,4561,2026,666,caliber,126700.0,11900.0
core:37,core,sparse,1000,4561,2026,666,degree4,154550.0,56300.0
core:37,core,sparse,1000,4561,2026,666,fourary,148100.0,0.0
core:37,core,sparse,1000,4561,2026,666,heavy_only,98600.0,2900.0
core:37,core,sparse,1000,4561,2026,666,list_both,86950.0,2900.0
core:37,core,sparse,1000,4561,2026,666,max_maxdegree,117350.0,9800.0
core:37,core,sparse,1000,4561,2026,666,mean_degree,116400.0,2900.0
core:37,core,sparse,1000,4561,2026,666,mean_map,94100.0,2900.0
core:37,core,sparse,1000,4561,2026,666,mean_ring,88150.0,2900.0
core:37,core,sparse,1000,4561,2026,666,mean_sqrtdegree,106500.0,2900.0
core:37,core,sparse,1000,4561,2026,666,median,93100.0,92600.0
core:37,core,sparse,1000,4561,2026,666,original_mean,94800.0,0.0
core:37,core,sparse,1000,4561,2026,666,sd,102650.0,88500.0
core:37,core,sparse,1000,4561,2026,666,selected_grid,95950.0,8390100.0
core:37,core,sparse,1000,4561,2026,666,skip_only,82750.0,2900.0
core:37,core,sparse,1000,4561,2026,666,std_binary,137400.0,0.0
core:38,core,sparse,2000,8953,2026,666,binary,311550.0,0.0
core:38,core,sparse,2000,8953,2026,666,caliber,268850.0,22400.0
core:38,core,sparse,2000,8953,2026,666,degree4,338750.0,90100.0
core:38,core,sparse,2000,8953,2026,666,fourary,321950.0,0.0
core:38,core,sparse,2000,8953,2026,666,heavy_only,191150.0,7600.0
core:38,core,sparse,2000,8953,2026,666,list_both,160100.0,7600.0
core:38,core,sparse,2000,8953,2026,666,max_maxdegree,217250.0,19500.0
core:38,core,sparse,2000,8953,2026,666,mean_degree,218550.0,7600.0
core:38,core,sparse,2000,8953,2026,666,mean_map,181400.0,7600.0
core:38,core,sparse,2000,8953,2026,666,mean_ring,169300.0,7600.0
core:38,core,sparse,2000,8953,2026,666,mean_sqrtdegree,204800.0,7600.0
core:38,core,sparse,2000,8953,2026,666,median,182000.0,188200.0
core:38,core,sparse,2000,8953,2026,666,original_mean,170450.0,0.0
core:38,core,sparse,2000,8953,2026,666,sd,197900.0,204900.0
core:38,core,sparse,2000,8953,2026,666,selected_grid,166850.0,14824000.0
core:38,core,sparse,2000,8953,2026,666,skip_only,156500.0,7600.0
core:38,core,sparse,2000,8953,2026,666,std_binary,298500.0,0.0
core:38,core,sparse,2000,8953,2026,1333,binary,304400.0,0.0
core:38,core,sparse,2000,8953,2026,1333,caliber,265100.0,22400.0
core:38,core,sparse,2000,8953,2026,1333,degree4,349200.0,90100.0
core:38,core,sparse,2000,8953,2026,1333,fourary,314500.0,0.0
core:38,core,sparse,2000,8953,2026,1333,heavy_only,190800.0,7600.0
core:38,core,sparse,2000,8953,2026,1333,list_both,163750.0,7600.0
core:38,core,sparse,2000,8953,2026,1333,max_maxdegree,224400.0,19500.0
core:38,core,sparse,2000,8953,2026,1333,mean_degree,220850.0,7600.0
core:38,core,sparse,2000,8953,2026,1333,mean_map,182450.0,7600.0
core:38,core,sparse,2000,8953,2026,1333,mean_ring,168800.0,7600.0
core:38,core,sparse,2000,8953,2026,1333,mean_sqrtdegree,207000.0,7600.0
core:38,core,sparse,2000,8953,2026,1333,median,182600.0,188200.0
core:38,core,sparse,2000,8953,2026,1333,original_mean,173150.0,0.0
core:38,core,sparse,2000,8953,2026,1333,sd,195050.0,204900.0
core:38,core,sparse,2000,8953,2026,1333,selected_grid,167250.0,14824000.0
core:38,core,sparse,2000,8953,2026,1333,skip_only,154750.0,7600.0
core:38,core,sparse,2000,8953,2026,1333,std_binary,296550.0,0.0
core:39,core,sparse,5000,22339,2026,1666,binary,841600.0,0.0
core:39,core,sparse,5000,22339,2026,1666,caliber,734200.0,57200.0
core:39,core,sparse,5000,22339,2026,1666,degree4,962800.0,216500.0
core:39,core,sparse,5000,22339,2026,1666,fourary,855700.0,0.0
core:39,core,sparse,5000,22339,2026,1666,heavy_only,486200.0,36500.0
core:39,core,sparse,5000,22339,2026,1666,list_both,396600.0,36500.0
core:39,core,sparse,5000,22339,2026,1666,max_maxdegree,522500.0,64200.0
core:39,core,sparse,5000,22339,2026,1666,mean_degree,537800.0,36500.0
core:39,core,sparse,5000,22339,2026,1666,mean_map,463900.0,36500.0
core:39,core,sparse,5000,22339,2026,1666,mean_ring,429700.0,36500.0
core:39,core,sparse,5000,22339,2026,1666,mean_sqrtdegree,500800.0,36500.0
core:39,core,sparse,5000,22339,2026,1666,median,465050.0,526100.0
core:39,core,sparse,5000,22339,2026,1666,original_mean,422650.0,0.0
core:39,core,sparse,5000,22339,2026,1666,sd,490600.0,666900.0
core:39,core,sparse,5000,22339,2026,1666,selected_grid,396950.0,37069500.0
core:39,core,sparse,5000,22339,2026,1666,skip_only,378700.0,36500.0
core:39,core,sparse,5000,22339,2026,1666,std_binary,805450.0,0.0
core:39,core,sparse,5000,22339,2026,3333,binary,867550.0,0.0
core:39,core,sparse,5000,22339,2026,3333,caliber,749250.0,57200.0
core:39,core,sparse,5000,22339,2026,3333,degree4,993000.0,216500.0
core:39,core,sparse,5000,22339,2026,3333,fourary,858500.0,0.0
core:39,core,sparse,5000,22339,2026,3333,heavy_only,472700.0,36500.0
core:39,core,sparse,5000,22339,2026,3333,list_both,392750.0,36500.0
core:39,core,sparse,5000,22339,2026,3333,max_maxdegree,536300.0,64200.0
core:39,core,sparse,5000,22339,2026,3333,mean_degree,547600.0,36500.0
core:39,core,sparse,5000,22339,2026,3333,mean_map,462850.0,36500.0
core:39,core,sparse,5000,22339,2026,3333,mean_ring,431100.0,36500.0
core:39,core,sparse,5000,22339,2026,3333,mean_sqrtdegree,501050.0,36500.0
core:39,core,sparse,5000,22339,2026,3333,median,467700.0,526100.0
core:39,core,sparse,5000,22339,2026,3333,original_mean,419700.0,0.0
core:39,core,sparse,5000,22339,2026,3333,sd,499550.0,666900.0
core:39,core,sparse,5000,22339,2026,3333,selected_grid,438450.0,37069500.0
core:39,core,sparse,5000,22339,2026,3333,skip_only,375600.0,36500.0
core:39,core,sparse,5000,22339,2026,3333,std_binary,821850.0,0.0
core:4,core,sparse,10000,45188,42,3333,binary,2636200.0,0.0
core:4,core,sparse,10000,45188,42,3333,caliber,2324150.0,157200.0
core:4,core,sparse,10000,45188,42,3333,degree4,3022150.0,494500.0
core:4,core,sparse,10000,45188,42,3333,fourary,2589450.0,0.0
core:4,core,sparse,10000,45188,42,3333,heavy_only,1460600.0,116200.0
core:4,core,sparse,10000,45188,42,3333,list_both,1422850.0,116200.0
core:4,core,sparse,10000,45188,42,3333,max_maxdegree,1526500.0,181900.0
core:4,core,sparse,10000,45188,42,3333,mean_degree,1496350.0,116200.0
core:4,core,sparse,10000,45188,42,3333,mean_map,1410600.0,116200.0
core:4,core,sparse,10000,45188,42,3333,mean_ring,1383750.0,116200.0
core:4,core,sparse,10000,45188,42,3333,mean_sqrtdegree,1496950.0,116200.0
core:4,core,sparse,10000,45188,42,3333,median,1482250.0,1429400.0
core:4,core,sparse,10000,45188,42,3333,original_mean,1382750.0,0.0
core:4,core,sparse,10000,45188,42,3333,sd,1485200.0,1568700.0
core:4,core,sparse,10000,45188,42,3333,selected_grid,1260450.0,109734800.0
core:4,core,sparse,10000,45188,42,3333,skip_only,1366050.0,116200.0
core:4,core,sparse,10000,45188,42,3333,std_binary,2441600.0,0.0
core:4,core,sparse,10000,45188,42,6666,binary,2549200.0,0.0
core:4,core,sparse,10000,45188,42,6666,caliber,2267600.0,157200.0
core:4,core,sparse,10000,45188,42,6666,degree4,3135600.0,494500.0
core:4,core,sparse,10000,45188,42,6666,fourary,2626800.0,0.0
core:4,core,sparse,10000,45188,42,6666,heavy_only,1557150.0,116200.0
core:4,core,sparse,10000,45188,42,6666,list_both,1455600.0,116200.0
core:4,core,sparse,10000,45188,42,6666,max_maxdegree,1514700.0,181900.0
core:4,core,sparse,10000,45188,42,6666,mean_degree,1515700.0,116200.0
core:4,core,sparse,10000,45188,42,6666,mean_map,1560200.0,116200.0
core:4,core,sparse,10000,45188,42,6666,mean_ring,1421500.0,116200.0
core:4,core,sparse,10000,45188,42,6666,mean_sqrtdegree,1499600.0,116200.0
core:4,core,sparse,10000,45188,42,6666,median,1450700.0,1429400.0
core:4,core,sparse,10000,45188,42,6666,original_mean,1571600.0,0.0
core:4,core,sparse,10000,45188,42,6666,sd,1605000.0,1568700.0
core:4,core,sparse,10000,45188,42,6666,selected_grid,1247000.0,109734800.0
core:4,core,sparse,10000,45188,42,6666,skip_only,1283750.0,116200.0
core:4,core,sparse,10000,45188,42,6666,std_binary,2603850.0,0.0
core:40,core,sparse,10000,44873,2026,3333,binary,1940400.0,0.0
core:40,core,sparse,10000,44873,2026,3333,caliber,1622350.0,114300.0
core:40,core,sparse,10000,44873,2026,3333,degree4,2245250.0,520700.0
core:40,core,sparse,10000,44873,2026,3333,fourary,1935300.0,0.0
core:40,core,sparse,10000,44873,2026,3333,heavy_only,1104550.0,159600.0
core:40,core,sparse,10000,44873,2026,3333,list_both,896100.0,159600.0
core:40,core,sparse,10000,44873,2026,3333,max_maxdegree,1096600.0,158900.0
core:40,core,sparse,10000,44873,2026,3333,mean_degree,1106850.0,159600.0
core:40,core,sparse,10000,44873,2026,3333,mean_map,1017750.0,159600.0
core:40,core,sparse,10000,44873,2026,3333,mean_ring,945150.0,159600.0
core:40,core,sparse,10000,44873,2026,3333,mean_sqrtdegree,1053250.0,159600.0
core:40,core,sparse,10000,44873,2026,3333,median,1006600.0,1191600.0
core:40,core,sparse,10000,44873,2026,3333,original_mean,894800.0,0.0
core:40,core,sparse,10000,44873,2026,3333,sd,1047750.0,1243900.0
core:40,core,sparse,10000,44873,2026,3333,selected_grid,864500.0,80675300.0
core:40,core,sparse,10000,44873,2026,3333,skip_only,837150.0,159600.0
core:40,core,sparse,10000,44873,2026,3333,std_binary,1865800.0,0.0
core:40,core,sparse,10000,44873,2026,6666,binary,1925400.0,0.0
core:40,core,sparse,10000,44873,2026,6666,caliber,1675050.0,114300.0
core:40,core,sparse,10000,44873,2026,6666,degree4,2260500.0,520700.0
core:40,core,sparse,10000,44873,2026,6666,fourary,1927900.0,0.0
core:40,core,sparse,10000,44873,2026,6666,heavy_only,1046400.0,159600.0
core:40,core,sparse,10000,44873,2026,6666,list_both,862500.0,159600.0
core:40,core,sparse,10000,44873,2026,6666,max_maxdegree,1091600.0,158900.0
core:40,core,sparse,10000,44873,2026,6666,mean_degree,1103950.0,159600.0
core:40,core,sparse,10000,44873,2026,6666,mean_map,1011800.0,159600.0
core:40,core,sparse,10000,44873,2026,6666,mean_ring,967200.0,159600.0
core:40,core,sparse,10000,44873,2026,6666,mean_sqrtdegree,1082000.0,159600.0
core:40,core,sparse,10000,44873,2026,6666,median,1016150.0,1191600.0
core:40,core,sparse,10000,44873,2026,6666,original_mean,900850.0,0.0
core:40,core,sparse,10000,44873,2026,6666,sd,1064850.0,1243900.0
core:40,core,sparse,10000,44873,2026,6666,selected_grid,934200.0,80675300.0
core:40,core,sparse,10000,44873,2026,6666,skip_only,812650.0,159600.0
core:40,core,sparse,10000,44873,2026,6666,std_binary,1871400.0,0.0
core:41,core,clustered,1000,25331,2026,333,binary,252850.0,0.0
core:41,core,clustered,1000,25331,2026,333,caliber,243050.0,28700.0
core:41,core,clustered,1000,25331,2026,333,degree4,258550.0,39800.0
core:41,core,clustered,1000,25331,2026,333,fourary,245000.0,0.0
core:41,core,clustered,1000,25331,2026,333,heavy_only,255100.0,15500.0
core:41,core,clustered,1000,25331,2026,333,list_both,234100.0,15500.0
core:41,core,clustered,1000,25331,2026,333,max_maxdegree,220950.0,25600.0
core:41,core,clustered,1000,25331,2026,333,mean_degree,327250.0,15500.0
core:41,core,clustered,1000,25331,2026,333,mean_map,209050.0,15500.0
core:41,core,clustered,1000,25331,2026,333,mean_ring,195750.0,15500.0
core:41,core,clustered,1000,25331,2026,333,mean_sqrtdegree,240150.0,15500.0
core:41,core,clustered,1000,25331,2026,333,median,206650.0,614600.0
core:41,core,clustered,1000,25331,2026,333,original_mean,245450.0,0.0
core:41,core,clustered,1000,25331,2026,333,sd,191300.0,633900.0
core:41,core,clustered,1000,25331,2026,333,selected_grid,192200.0,16731500.0
core:41,core,clustered,1000,25331,2026,333,skip_only,174800.0,15500.0
core:41,core,clustered,1000,25331,2026,333,std_binary,263800.0,0.0
core:41,core,clustered,1000,25331,2026,666,binary,245750.0,0.0
core:41,core,clustered,1000,25331,2026,666,caliber,241350.0,28700.0
core:41,core,clustered,1000,25331,2026,666,degree4,253950.0,39800.0
core:41,core,clustered,1000,25331,2026,666,fourary,256500.0,0.0
core:41,core,clustered,1000,25331,2026,666,heavy_only,245450.0,15500.0
core:41,core,clustered,1000,25331,2026,666,list_both,230050.0,15500.0
core:41,core,clustered,1000,25331,2026,666,max_maxdegree,211450.0,25600.0
core:41,core,clustered,1000,25331,2026,666,mean_degree,312450.0,15500.0
core:41,core,clustered,1000,25331,2026,666,mean_map,200650.0,15500.0
core:41,core,clustered,1000,25331,2026,666,mean_ring,188450.0,15500.0
core:41,core,clustered,1000,25331,2026,666,mean_sqrtdegree,235850.0,15500.0
core:41,core,clustered,1000,25331,2026,666,median,204400.0,614600.0
core:41,core,clustered,1000,25331,2026,666,original_mean,245400.0,0.0
core:41,core,clustered,1000,25331,2026,666,sd,181800.0,633900.0
core:41,core,clustered,1000,25331,2026,666,selected_grid,179850.0,16731500.0
core:41,core,clustered,1000,25331,2026,666,skip_only,167450.0,15500.0
core:41,core,clustered,1000,25331,2026,666,std_binary,266050.0,0.0
core:42,core,clustered,2000,52301,2026,666,binary,578050.0,0.0
core:42,core,clustered,2000,52301,2026,666,caliber,565950.0,63200.0
core:42,core,clustered,2000,52301,2026,666,degree4,611250.0,86100.0
core:42,core,clustered,2000,52301,2026,666,fourary,609650.0,0.0
core:42,core,clustered,2000,52301,2026,666,heavy_only,510750.0,31000.0
core:42,core,clustered,2000,52301,2026,666,list_both,431600.0,31000.0
core:42,core,clustered,2000,52301,2026,666,max_maxdegree,438500.0,53900.0
core:42,core,clustered,2000,52301,2026,666,mean_degree,608050.0,31000.0
core:42,core,clustered,2000,52301,2026,666,mean_map,400300.0,31000.0
core:42,core,clustered,2000,52301,2026,666,mean_ring,382450.0,31000.0
core:42,core,clustered,2000,52301,2026,666,mean_sqrtdegree,467350.0,31000.0
core:42,core,clustered,2000,52301,2026,666,median,415450.0,1423200.0
core:42,core,clustered,2000,52301,2026,666,original_mean,463100.0,0.0
core:42,core,clustered,2000,52301,2026,666,sd,382250.0,1368700.0
core:42,core,clustered,2000,52301,2026,666,selected_grid,387400.0,32862400.0
core:42,core,clustered,2000,52301,2026,666,skip_only,314350.0,31000.0
core:42,core,clustered,2000,52301,2026,666,std_binary,624750.0,0.0
core:42,core,clustered,2000,52301,2026,1333,binary,579800.0,0.0
core:42,core,clustered,2000,52301,2026,1333,caliber,559250.0,63200.0
core:42,core,clustered,2000,52301,2026,1333,degree4,604600.0,86100.0
core:42,core,clustered,2000,52301,2026,1333,fourary,612750.0,0.0
core:42,core,clustered,2000,52301,2026,1333,heavy_only,513700.0,31000.0
core:42,core,clustered,2000,52301,2026,1333,list_both,444100.0,31000.0
core:42,core,clustered,2000,52301,2026,1333,max_maxdegree,440450.0,53900.0
core:42,core,clustered,2000,52301,2026,1333,mean_degree,606450.0,31000.0
core:42,core,clustered,2000,52301,2026,1333,mean_map,400950.0,31000.0
core:42,core,clustered,2000,52301,2026,1333,mean_ring,384950.0,31000.0
core:42,core,clustered,2000,52301,2026,1333,mean_sqrtdegree,484000.0,31000.0
core:42,core,clustered,2000,52301,2026,1333,median,410300.0,1423200.0
core:42,core,clustered,2000,52301,2026,1333,original_mean,472200.0,0.0
core:42,core,clustered,2000,52301,2026,1333,sd,384600.0,1368700.0
core:42,core,clustered,2000,52301,2026,1333,selected_grid,385550.0,32862400.0
core:42,core,clustered,2000,52301,2026,1333,skip_only,307450.0,31000.0
core:42,core,clustered,2000,52301,2026,1333,std_binary,623850.0,0.0
core:43,core,clustered,5000,142739,2026,1666,binary,1872400.0,0.0
core:43,core,clustered,5000,142739,2026,1666,caliber,1850900.0,285300.0
core:43,core,clustered,5000,142739,2026,1666,degree4,1995800.0,228900.0
core:43,core,clustered,5000,142739,2026,1666,fourary,1965550.0,0.0
core:43,core,clustered,5000,142739,2026,1666,heavy_only,1414550.0,87100.0
core:43,core,clustered,5000,142739,2026,1666,list_both,1270250.0,87100.0
core:43,core,clustered,5000,142739,2026,1666,max_maxdegree,1243050.0,152600.0
core:43,core,clustered,5000,142739,2026,1666,mean_degree,1464550.0,87100.0
core:43,core,clustered,5000,142739,2026,1666,mean_map,1085300.0,87100.0
core:43,core,clustered,5000,142739,2026,1666,mean_ring,1044400.0,87100.0
core:43,core,clustered,5000,142739,2026,1666,mean_sqrtdegree,1181100.0,87100.0
core:43,core,clustered,5000,142739,2026,1666,median,1136100.0,4489400.0
core:43,core,clustered,5000,142739,2026,1666,original_mean,1336700.0,0.0
core:43,core,clustered,5000,142739,2026,1666,sd,1107450.0,5006100.0
core:43,core,clustered,5000,142739,2026,1666,selected_grid,1088100.0,94172000.0
core:43,core,clustered,5000,142739,2026,1666,skip_only,857050.0,87100.0
core:43,core,clustered,5000,142739,2026,1666,std_binary,2028300.0,0.0
core:43,core,clustered,5000,142739,2026,3333,binary,1938600.0,0.0
core:43,core,clustered,5000,142739,2026,3333,caliber,1905100.0,285300.0
core:43,core,clustered,5000,142739,2026,3333,degree4,2008650.0,228900.0
core:43,core,clustered,5000,142739,2026,3333,fourary,2052100.0,0.0
core:43,core,clustered,5000,142739,2026,3333,heavy_only,1446800.0,87100.0
core:43,core,clustered,5000,142739,2026,3333,list_both,1270700.0,87100.0
core:43,core,clustered,5000,142739,2026,3333,max_maxdegree,1255950.0,152600.0
core:43,core,clustered,5000,142739,2026,3333,mean_degree,1502600.0,87100.0
core:43,core,clustered,5000,142739,2026,3333,mean_map,1103700.0,87100.0
core:43,core,clustered,5000,142739,2026,3333,mean_ring,1044100.0,87100.0
core:43,core,clustered,5000,142739,2026,3333,mean_sqrtdegree,1188550.0,87100.0
core:43,core,clustered,5000,142739,2026,3333,median,1130800.0,4489400.0
core:43,core,clustered,5000,142739,2026,3333,original_mean,1378800.0,0.0
core:43,core,clustered,5000,142739,2026,3333,sd,1127400.0,5006100.0
core:43,core,clustered,5000,142739,2026,3333,selected_grid,1098550.0,94172000.0
core:43,core,clustered,5000,142739,2026,3333,skip_only,863400.0,87100.0
core:43,core,clustered,5000,142739,2026,3333,std_binary,2071800.0,0.0
core:44,core,clustered,10000,324846,2026,3333,binary,5299750.0,0.0
core:44,core,clustered,10000,324846,2026,3333,caliber,5288350.0,866700.0
core:44,core,clustered,10000,324846,2026,3333,degree4,5588000.0,506500.0
core:44,core,clustered,10000,324846,2026,3333,fourary,5663850.0,0.0
core:44,core,clustered,10000,324846,2026,3333,heavy_only,3907550.0,222800.0
core:44,core,clustered,10000,324846,2026,3333,list_both,4695000.0,222800.0
core:44,core,clustered,10000,324846,2026,3333,max_maxdegree,3347500.0,370000.0
core:44,core,clustered,10000,324846,2026,3333,mean_degree,3629250.0,222800.0
core:44,core,clustered,10000,324846,2026,3333,mean_map,2947600.0,222800.0
core:44,core,clustered,10000,324846,2026,3333,mean_ring,2910400.0,222800.0
core:44,core,clustered,10000,324846,2026,3333,mean_sqrtdegree,3142250.0,222800.0
core:44,core,clustered,10000,324846,2026,3333,median,3309350.0,11309900.0
core:44,core,clustered,10000,324846,2026,3333,original_mean,5135850.0,0.0
core:44,core,clustered,10000,324846,2026,3333,sd,2946150.0,12396600.0
core:44,core,clustered,10000,324846,2026,3333,selected_grid,2749450.0,226872600.0
core:44,core,clustered,10000,324846,2026,3333,skip_only,2741350.0,222800.0
core:44,core,clustered,10000,324846,2026,3333,std_binary,5536000.0,0.0
core:44,core,clustered,10000,324846,2026,6666,binary,5119350.0,0.0
core:44,core,clustered,10000,324846,2026,6666,caliber,4940150.0,866700.0
core:44,core,clustered,10000,324846,2026,6666,degree4,5420300.0,506500.0
core:44,core,clustered,10000,324846,2026,6666,fourary,5401450.0,0.0
core:44,core,clustered,10000,324846,2026,6666,heavy_only,3812400.0,222800.0
core:44,core,clustered,10000,324846,2026,6666,list_both,4765450.0,222800.0
core:44,core,clustered,10000,324846,2026,6666,max_maxdegree,3255700.0,370000.0
core:44,core,clustered,10000,324846,2026,6666,mean_degree,3444400.0,222800.0
core:44,core,clustered,10000,324846,2026,6666,mean_map,3056550.0,222800.0
core:44,core,clustered,10000,324846,2026,6666,mean_ring,2868150.0,222800.0
core:44,core,clustered,10000,324846,2026,6666,mean_sqrtdegree,2953450.0,222800.0
core:44,core,clustered,10000,324846,2026,6666,median,3082550.0,11309900.0
core:44,core,clustered,10000,324846,2026,6666,original_mean,4809450.0,0.0
core:44,core,clustered,10000,324846,2026,6666,sd,2763450.0,12396600.0
core:44,core,clustered,10000,324846,2026,6666,selected_grid,2720150.0,226872600.0
core:44,core,clustered,10000,324846,2026,6666,skip_only,2609800.0,222800.0
core:44,core,clustered,10000,324846,2026,6666,std_binary,5442850.0,0.0
core:45,core,dense,1000,99880,2026,333,binary,506550.0,0.0
core:45,core,dense,1000,99880,2026,333,caliber,488400.0,135600.0
core:45,core,dense,1000,99880,2026,333,degree4,529450.0,70800.0
core:45,core,dense,1000,99880,2026,333,fourary,515300.0,0.0
core:45,core,dense,1000,99880,2026,333,heavy_only,1127650.0,61700.0
core:45,core,dense,1000,99880,2026,333,list_both,3316800.0,61700.0
core:45,core,dense,1000,99880,2026,333,max_maxdegree,629750.0,78700.0
core:45,core,dense,1000,99880,2026,333,mean_degree,664850.0,61700.0
core:45,core,dense,1000,99880,2026,333,mean_map,644350.0,61700.0
core:45,core,dense,1000,99880,2026,333,mean_ring,642300.0,61700.0
core:45,core,dense,1000,99880,2026,333,mean_sqrtdegree,544450.0,61700.0
core:45,core,dense,1000,99880,2026,333,median,640650.0,2853300.0
core:45,core,dense,1000,99880,2026,333,original_mean,3507450.0,0.0
core:45,core,dense,1000,99880,2026,333,sd,606700.0,3084800.0
core:45,core,dense,1000,99880,2026,333,selected_grid,487300.0,47480500.0
core:45,core,dense,1000,99880,2026,333,skip_only,1470050.0,61700.0
core:45,core,dense,1000,99880,2026,333,std_binary,580750.0,0.0
core:45,core,dense,1000,99880,2026,666,binary,512850.0,0.0
core:45,core,dense,1000,99880,2026,666,caliber,500850.0,135600.0
core:45,core,dense,1000,99880,2026,666,degree4,534150.0,70800.0
core:45,core,dense,1000,99880,2026,666,fourary,520300.0,0.0
core:45,core,dense,1000,99880,2026,666,heavy_only,1154100.0,61700.0
core:45,core,dense,1000,99880,2026,666,list_both,3416100.0,61700.0
core:45,core,dense,1000,99880,2026,666,max_maxdegree,641500.0,78700.0
core:45,core,dense,1000,99880,2026,666,mean_degree,678800.0,61700.0
core:45,core,dense,1000,99880,2026,666,mean_map,668900.0,61700.0
core:45,core,dense,1000,99880,2026,666,mean_ring,674050.0,61700.0
core:45,core,dense,1000,99880,2026,666,mean_sqrtdegree,549450.0,61700.0
core:45,core,dense,1000,99880,2026,666,median,668650.0,2853300.0
core:45,core,dense,1000,99880,2026,666,original_mean,3507150.0,0.0
core:45,core,dense,1000,99880,2026,666,sd,616400.0,3084800.0
core:45,core,dense,1000,99880,2026,666,selected_grid,506450.0,47480500.0
core:45,core,dense,1000,99880,2026,666,skip_only,1520350.0,61700.0
core:45,core,dense,1000,99880,2026,666,std_binary,585500.0,0.0
core:46,core,dense,2000,399842,2026,666,binary,1543200.0,0.0
core:46,core,dense,2000,399842,2026,666,caliber,1480950.0,643800.0
core:46,core,dense,2000,399842,2026,666,degree4,1568750.0,238500.0
core:46,core,dense,2000,399842,2026,666,fourary,1483600.0,0.0
core:46,core,dense,2000,399842,2026,666,heavy_only,5135350.0,251500.0
core:46,core,dense,2000,399842,2026,666,list_both,17525450.0,251500.0
core:46,core,dense,2000,399842,2026,666,max_maxdegree,2183100.0,308400.0
core:46,core,dense,2000,399842,2026,666,mean_degree,2221250.0,251500.0
core:46,core,dense,2000,399842,2026,666,mean_map,2507550.0,251500.0
core:46,core,dense,2000,399842,2026,666,mean_ring,2563850.0,251500.0
core:46,core,dense,2000,399842,2026,666,mean_sqrtdegree,1938250.0,251500.0
core:46,core,dense,2000,399842,2026,666,median,2515850.0,14245700.0
core:46,core,dense,2000,399842,2026,666,original_mean,17403000.0,0.0
core:46,core,dense,2000,399842,2026,666,sd,2468750.0,15361100.0
core:46,core,dense,2000,399842,2026,666,selected_grid,1962700.0,171932100.0
core:46,core,dense,2000,399842,2026,666,skip_only,6888850.0,251500.0
core:46,core,dense,2000,399842,2026,666,std_binary,1741450.0,0.0
core:46,core,dense,2000,399842,2026,1333,binary,1421600.0,0.0
core:46,core,dense,2000,399842,2026,1333,caliber,1479750.0,643800.0
core:46,core,dense,2000,399842,2026,1333,degree4,1563200.0,238500.0
core:46,core,dense,2000,399842,2026,1333,fourary,1582200.0,0.0
core:46,core,dense,2000,399842,2026,1333,heavy_only,5378300.0,251500.0
core:46,core,dense,2000,399842,2026,1333,list_both,23020550.0,251500.0
core:46,core,dense,2000,399842,2026,1333,max_maxdegree,2169750.0,308400.0
core:46,core,dense,2000,399842,2026,1333,mean_degree,2251400.0,251500.0
core:46,core,dense,2000,399842,2026,1333,mean_map,2701950.0,251500.0
core:46,core,dense,2000,399842,2026,1333,mean_ring,2553500.0,251500.0
core:46,core,dense,2000,399842,2026,1333,mean_sqrtdegree,2001900.0,251500.0
core:46,core,dense,2000,399842,2026,1333,median,2589950.0,14245700.0
core:46,core,dense,2000,399842,2026,1333,original_mean,24106500.0,0.0
core:46,core,dense,2000,399842,2026,1333,sd,2481600.0,15361100.0
core:46,core,dense,2000,399842,2026,1333,selected_grid,1879900.0,171932100.0
core:46,core,dense,2000,399842,2026,1333,skip_only,7076950.0,251500.0
core:46,core,dense,2000,399842,2026,1333,std_binary,1760550.0,0.0
core:47,core,dense,5000,2497754,2026,1666,binary,7048250.0,0.0
core:47,core,dense,5000,2497754,2026,1666,caliber,7145650.0,3459900.0
core:47,core,dense,5000,2497754,2026,1666,degree4,7412650.0,1045400.0
core:47,core,dense,5000,2497754,2026,1666,fourary,7449300.0,0.0
core:47,core,dense,5000,2497754,2026,1666,heavy_only,39447850.0,3119100.0
core:47,core,dense,5000,2497754,2026,1666,list_both,137324250.0,3119100.0
core:47,core,dense,5000,2497754,2026,1666,max_maxdegree,12577450.0,4320700.0
core:47,core,dense,5000,2497754,2026,1666,mean_degree,13020900.0,3119100.0
core:47,core,dense,5000,2497754,2026,1666,mean_map,16072150.0,3119100.0
core:47,core,dense,5000,2497754,2026,1666,mean_ring,15726950.0,3119100.0
core:47,core,dense,5000,2497754,2026,1666,mean_sqrtdegree,12266400.0,3119100.0
core:47,core,dense,5000,2497754,2026,1666,median,15568450.0,146996900.0
core:47,core,dense,5000,2497754,2026,1666,original_mean,141368250.0,0.0
core:47,core,dense,5000,2497754,2026,1666,sd,15404250.0,123734400.0
core:47,core,dense,5000,2497754,2026,1666,selected_grid,12434600.0,1113806700.0
core:47,core,dense,5000,2497754,2026,1666,skip_only,36128300.0,3119100.0
core:47,core,dense,5000,2497754,2026,1666,std_binary,8532600.0,0.0
core:47,core,dense,5000,2497754,2026,3333,binary,7692450.0,0.0
core:47,core,dense,5000,2497754,2026,3333,caliber,7954300.0,3459900.0
core:47,core,dense,5000,2497754,2026,3333,degree4,8050150.0,1045400.0
core:47,core,dense,5000,2497754,2026,3333,fourary,8514850.0,0.0
core:47,core,dense,5000,2497754,2026,3333,heavy_only,44062700.0,3119100.0
core:47,core,dense,5000,2497754,2026,3333,list_both,150203650.0,3119100.0
core:47,core,dense,5000,2497754,2026,3333,max_maxdegree,14712800.0,4320700.0
core:47,core,dense,5000,2497754,2026,3333,mean_degree,14690700.0,3119100.0
core:47,core,dense,5000,2497754,2026,3333,mean_map,17178450.0,3119100.0
core:47,core,dense,5000,2497754,2026,3333,mean_ring,17802800.0,3119100.0
core:47,core,dense,5000,2497754,2026,3333,mean_sqrtdegree,13914800.0,3119100.0
core:47,core,dense,5000,2497754,2026,3333,median,17700950.0,146996900.0
core:47,core,dense,5000,2497754,2026,3333,original_mean,151948800.0,0.0
core:47,core,dense,5000,2497754,2026,3333,sd,17251400.0,123734400.0
core:47,core,dense,5000,2497754,2026,3333,selected_grid,14027000.0,1113806700.0
core:47,core,dense,5000,2497754,2026,3333,skip_only,41422800.0,3119100.0
core:47,core,dense,5000,2497754,2026,3333,std_binary,9805600.0,0.0
core:48,core,grid,1000,3870,2026,333,binary,106000.0,0.0
core:48,core,grid,1000,3870,2026,333,caliber,96500.0,4600.0
core:48,core,grid,1000,3870,2026,333,degree4,134500.0,44600.0
core:48,core,grid,1000,3870,2026,333,fourary,109900.0,0.0
core:48,core,grid,1000,3870,2026,333,heavy_only,105950.0,2900.0
core:48,core,grid,1000,3870,2026,333,list_both,112350.0,2900.0
core:48,core,grid,1000,3870,2026,333,max_maxdegree,126600.0,9500.0
core:48,core,grid,1000,3870,2026,333,mean_degree,122450.0,2900.0
core:48,core,grid,1000,3870,2026,333,mean_map,103600.0,2900.0
core:48,core,grid,1000,3870,2026,333,mean_ring,101750.0,2900.0
core:48,core,grid,1000,3870,2026,333,mean_sqrtdegree,125100.0,2900.0
core:48,core,grid,1000,3870,2026,333,median,104350.0,66900.0
core:48,core,grid,1000,3870,2026,333,original_mean,99950.0,0.0
core:48,core,grid,1000,3870,2026,333,sd,124400.0,74900.0
core:48,core,grid,1000,3870,2026,333,skip_only,108500.0,2900.0
core:48,core,grid,1000,3870,2026,333,std_binary,99600.0,0.0
core:48,core,grid,1000,3870,2026,666,binary,106950.0,0.0
core:48,core,grid,1000,3870,2026,666,caliber,96400.0,4600.0
core:48,core,grid,1000,3870,2026,666,degree4,136300.0,44600.0
core:48,core,grid,1000,3870,2026,666,fourary,112400.0,0.0
core:48,core,grid,1000,3870,2026,666,heavy_only,109200.0,2900.0
core:48,core,grid,1000,3870,2026,666,list_both,114800.0,2900.0
core:48,core,grid,1000,3870,2026,666,max_maxdegree,126450.0,9500.0
core:48,core,grid,1000,3870,2026,666,mean_degree,124800.0,2900.0
core:48,core,grid,1000,3870,2026,666,mean_map,102800.0,2900.0
core:48,core,grid,1000,3870,2026,666,mean_ring,102000.0,2900.0
core:48,core,grid,1000,3870,2026,666,mean_sqrtdegree,122050.0,2900.0
core:48,core,grid,1000,3870,2026,666,median,106800.0,66900.0
core:48,core,grid,1000,3870,2026,666,original_mean,102750.0,0.0
core:48,core,grid,1000,3870,2026,666,sd,123600.0,74900.0
core:48,core,grid,1000,3870,2026,666,skip_only,108850.0,2900.0
core:48,core,grid,1000,3870,2026,666,std_binary,102800.0,0.0
core:49,core,grid,2000,7820,2026,666,binary,218150.0,0.0
core:49,core,grid,2000,7820,2026,666,caliber,201350.0,9000.0
core:49,core,grid,2000,7820,2026,666,degree4,279300.0,74200.0
core:49,core,grid,2000,7820,2026,666,fourary,224650.0,0.0
core:49,core,grid,2000,7820,2026,666,heavy_only,200300.0,5300.0
core:49,core,grid,2000,7820,2026,666,list_both,199150.0,5300.0
core:49,core,grid,2000,7820,2026,666,max_maxdegree,222850.0,19200.0
core:49,core,grid,2000,7820,2026,666,mean_degree,234250.0,5300.0
core:49,core,grid,2000,7820,2026,666,mean_map,191900.0,5300.0
core:49,core,grid,2000,7820,2026,666,mean_ring,189450.0,5300.0
core:49,core,grid,2000,7820,2026,666,mean_sqrtdegree,218200.0,5300.0
core:49,core,grid,2000,7820,2026,666,median,197200.0,170800.0
core:49,core,grid,2000,7820,2026,666,original_mean,174800.0,0.0
core:49,core,grid,2000,7820,2026,666,sd,220350.0,169500.0
core:49,core,grid,2000,7820,2026,666,skip_only,195800.0,5300.0
core:49,core,grid,2000,7820,2026,666,std_binary,214300.0,0.0
core:49,core,grid,2000,7820,2026,1333,binary,214550.0,0.0
core:49,core,grid,2000,7820,2026,1333,caliber,198800.0,9000.0
core:49,core,grid,2000,7820,2026,1333,degree4,277450.0,74200.0
core:49,core,grid,2000,7820,2026,1333,fourary,223700.0,0.0
core:49,core,grid,2000,7820,2026,1333,heavy_only,200500.0,5300.0
core:49,core,grid,2000,7820,2026,1333,list_both,202700.0,5300.0
core:49,core,grid,2000,7820,2026,1333,max_maxdegree,223300.0,19200.0
core:49,core,grid,2000,7820,2026,1333,mean_degree,230550.0,5300.0
core:49,core,grid,2000,7820,2026,1333,mean_map,192850.0,5300.0
core:49,core,grid,2000,7820,2026,1333,mean_ring,184350.0,5300.0
core:49,core,grid,2000,7820,2026,1333,mean_sqrtdegree,218500.0,5300.0
core:49,core,grid,2000,7820,2026,1333,median,196250.0,170800.0
core:49,core,grid,2000,7820,2026,1333,original_mean,173200.0,0.0
core:49,core,grid,2000,7820,2026,1333,sd,221550.0,169500.0
core:49,core,grid,2000,7820,2026,1333,skip_only,196200.0,5300.0
core:49,core,grid,2000,7820,2026,1333,std_binary,210800.0,0.0
core:5,core,clustered,1000,25061,42,333,binary,340400.0,0.0
core:5,core,clustered,1000,25061,42,333,caliber,325450.0,56500.0
core:5,core,clustered,1000,25061,42,333,degree4,351400.0,73000.0
core:5,core,clustered,1000,25061,42,333,fourary,341700.0,0.0
core:5,core,clustered,1000,25061,42,333,heavy_only,343100.0,20200.0
core:5,core,clustered,1000,25061,42,333,list_both,314650.0,20200.0
core:5,core,clustered,1000,25061,42,333,max_maxdegree,301550.0,33900.0
core:5,core,clustered,1000,25061,42,333,mean_degree,444600.0,20200.0
core:5,core,clustered,1000,25061,42,333,mean_map,284400.0,20200.0
core:5,core,clustered,1000,25061,42,333,mean_ring,262550.0,20200.0
core:5,core,clustered,1000,25061,42,333,mean_sqrtdegree,337600.0,20200.0
core:5,core,clustered,1000,25061,42,333,median,276650.0,885300.0
core:5,core,clustered,1000,25061,42,333,original_mean,340050.0,0.0
core:5,core,clustered,1000,25061,42,333,sd,261650.0,1114900.0
core:5,core,clustered,1000,25061,42,333,selected_grid,272750.0,23032900.0
core:5,core,clustered,1000,25061,42,333,skip_only,234200.0,20200.0
core:5,core,clustered,1000,25061,42,333,std_binary,367750.0,0.0
core:5,core,clustered,1000,25061,42,666,binary,339500.0,0.0
core:5,core,clustered,1000,25061,42,666,caliber,324350.0,56500.0
core:5,core,clustered,1000,25061,42,666,degree4,344950.0,73000.0
core:5,core,clustered,1000,25061,42,666,fourary,329550.0,0.0
core:5,core,clustered,1000,25061,42,666,heavy_only,344400.0,20200.0
core:5,core,clustered,1000,25061,42,666,list_both,324800.0,20200.0
core:5,core,clustered,1000,25061,42,666,max_maxdegree,297750.0,33900.0
core:5,core,clustered,1000,25061,42,666,mean_degree,456600.0,20200.0
core:5,core,clustered,1000,25061,42,666,mean_map,280950.0,20200.0
core:5,core,clustered,1000,25061,42,666,mean_ring,266600.0,20200.0
core:5,core,clustered,1000,25061,42,666,mean_sqrtdegree,335700.0,20200.0
core:5,core,clustered,1000,25061,42,666,median,298550.0,885300.0
core:5,core,clustered,1000,25061,42,666,original_mean,342950.0,0.0
core:5,core,clustered,1000,25061,42,666,sd,276500.0,1114900.0
core:5,core,clustered,1000,25061,42,666,selected_grid,249300.0,23032900.0
core:5,core,clustered,1000,25061,42,666,skip_only,239750.0,20200.0
core:5,core,clustered,1000,25061,42,666,std_binary,372550.0,0.0
core:50,core,grid,5000,19700,2026,1666,binary,591000.0,0.0
core:50,core,grid,5000,19700,2026,1666,caliber,539550.0,23700.0
core:50,core,grid,5000,19700,2026,1666,degree4,765400.0,161000.0
core:50,core,grid,5000,19700,2026,1666,fourary,614750.0,0.0
core:50,core,grid,5000,19700,2026,1666,heavy_only,477300.0,12900.0
core:50,core,grid,5000,19700,2026,1666,list_both,464150.0,12900.0
core:50,core,grid,5000,19700,2026,1666,max_maxdegree,511550.0,47400.0
core:50,core,grid,5000,19700,2026,1666,mean_degree,541650.0,12900.0
core:50,core,grid,5000,19700,2026,1666,mean_map,474100.0,12900.0
core:50,core,grid,5000,19700,2026,1666,mean_ring,445500.0,12900.0
core:50,core,grid,5000,19700,2026,1666,mean_sqrtdegree,523300.0,12900.0
core:50,core,grid,5000,19700,2026,1666,median,471200.0,452300.0
core:50,core,grid,5000,19700,2026,1666,original_mean,417350.0,0.0
core:50,core,grid,5000,19700,2026,1666,sd,518100.0,493800.0
core:50,core,grid,5000,19700,2026,1666,skip_only,456400.0,12900.0
core:50,core,grid,5000,19700,2026,1666,std_binary,564250.0,0.0
core:50,core,grid,5000,19700,2026,3333,binary,583100.0,0.0
core:50,core,grid,5000,19700,2026,3333,caliber,529600.0,23700.0
core:50,core,grid,5000,19700,2026,3333,degree4,762450.0,161000.0
core:50,core,grid,5000,19700,2026,3333,fourary,594200.0,0.0
core:50,core,grid,5000,19700,2026,3333,heavy_only,486200.0,12900.0
core:50,core,grid,5000,19700,2026,3333,list_both,475550.0,12900.0
core:50,core,grid,5000,19700,2026,3333,max_maxdegree,515300.0,47400.0
core:50,core,grid,5000,19700,2026,3333,mean_degree,546050.0,12900.0
core:50,core,grid,5000,19700,2026,3333,mean_map,476850.0,12900.0
core:50,core,grid,5000,19700,2026,3333,mean_ring,442150.0,12900.0
core:50,core,grid,5000,19700,2026,3333,mean_sqrtdegree,517950.0,12900.0
core:50,core,grid,5000,19700,2026,3333,median,475200.0,452300.0
core:50,core,grid,5000,19700,2026,3333,original_mean,412950.0,0.0
core:50,core,grid,5000,19700,2026,3333,sd,524100.0,493800.0
core:50,core,grid,5000,19700,2026,3333,skip_only,464200.0,12900.0
core:50,core,grid,5000,19700,2026,3333,std_binary,562400.0,0.0
core:51,core,grid,10000,39600,2026,3333,binary,1268750.0,0.0
core:51,core,grid,10000,39600,2026,3333,caliber,1127750.0,87800.0
core:51,core,grid,10000,39600,2026,3333,degree4,1643100.0,407500.0
core:51,core,grid,10000,39600,2026,3333,fourary,1300650.0,0.0
core:51,core,grid,10000,39600,2026,3333,heavy_only,910200.0,25900.0
core:51,core,grid,10000,39600,2026,3333,list_both,849350.0,25900.0
core:51,core,grid,10000,39600,2026,3333,max_maxdegree,928150.0,95300.0
core:51,core,grid,10000,39600,2026,3333,mean_degree,992800.0,25900.0
core:51,core,grid,10000,39600,2026,3333,mean_map,880150.0,25900.0
core:51,core,grid,10000,39600,2026,3333,mean_ring,825800.0,25900.0
core:51,core,grid,10000,39600,2026,3333,mean_sqrtdegree,961200.0,25900.0
core:51,core,grid,10000,39600,2026,3333,median,883800.0,960300.0
core:51,core,grid,10000,39600,2026,3333,original_mean,766800.0,0.0
core:51,core,grid,10000,39600,2026,3333,sd,932500.0,1034500.0
core:51,core,grid,10000,39600,2026,3333,skip_only,824350.0,25900.0
core:51,core,grid,10000,39600,2026,3333,std_binary,1210350.0,0.0
core:51,core,grid,10000,39600,2026,6666,binary,1220450.0,0.0
core:51,core,grid,10000,39600,2026,6666,caliber,1117350.0,87800.0
core:51,core,grid,10000,39600,2026,6666,degree4,1570050.0,407500.0
core:51,core,grid,10000,39600,2026,6666,fourary,1270250.0,0.0
core:51,core,grid,10000,39600,2026,6666,heavy_only,876800.0,25900.0
core:51,core,grid,10000,39600,2026,6666,list_both,839100.0,25900.0
core:51,core,grid,10000,39600,2026,6666,max_maxdegree,915350.0,95300.0
core:51,core,grid,10000,39600,2026,6666,mean_degree,973100.0,25900.0
core:51,core,grid,10000,39600,2026,6666,mean_map,864750.0,25900.0
core:51,core,grid,10000,39600,2026,6666,mean_ring,802950.0,25900.0
core:51,core,grid,10000,39600,2026,6666,mean_sqrtdegree,914950.0,25900.0
core:51,core,grid,10000,39600,2026,6666,median,861150.0,960300.0
core:51,core,grid,10000,39600,2026,6666,original_mean,779650.0,0.0
core:51,core,grid,10000,39600,2026,6666,sd,912550.0,1034500.0
core:51,core,grid,10000,39600,2026,6666,skip_only,800150.0,25900.0
core:51,core,grid,10000,39600,2026,6666,std_binary,1159800.0,0.0
core:52,core,roadlike,1000,6000,2026,333,binary,106950.0,0.0
core:52,core,roadlike,1000,6000,2026,333,caliber,104750.0,5800.0
core:52,core,roadlike,1000,6000,2026,333,degree4,107650.0,40900.0
core:52,core,roadlike,1000,6000,2026,333,fourary,112050.0,0.0
core:52,core,roadlike,1000,6000,2026,333,heavy_only,130150.0,3800.0
core:52,core,roadlike,1000,6000,2026,333,list_both,145900.0,3800.0
core:52,core,roadlike,1000,6000,2026,333,max_maxdegree,130200.0,14100.0
core:52,core,roadlike,1000,6000,2026,333,mean_degree,147200.0,3800.0
core:52,core,roadlike,1000,6000,2026,333,mean_map,124600.0,3800.0
core:52,core,roadlike,1000,6000,2026,333,mean_ring,121200.0,3800.0
core:52,core,roadlike,1000,6000,2026,333,mean_sqrtdegree,134400.0,3800.0
core:52,core,roadlike,1000,6000,2026,333,median,128200.0,112600.0
core:52,core,roadlike,1000,6000,2026,333,original_mean,125050.0,0.0
core:52,core,roadlike,1000,6000,2026,333,sd,138000.0,117400.0
core:52,core,roadlike,1000,6000,2026,333,skip_only,129450.0,3800.0
core:52,core,roadlike,1000,6000,2026,333,std_binary,105950.0,0.0
core:52,core,roadlike,1000,6000,2026,666,binary,108400.0,0.0
core:52,core,roadlike,1000,6000,2026,666,caliber,106550.0,5800.0
core:52,core,roadlike,1000,6000,2026,666,degree4,111550.0,40900.0
core:52,core,roadlike,1000,6000,2026,666,fourary,110900.0,0.0
core:52,core,roadlike,1000,6000,2026,666,heavy_only,135100.0,3800.0
core:52,core,roadlike,1000,6000,2026,666,list_both,144000.0,3800.0
core:52,core,roadlike,1000,6000,2026,666,max_maxdegree,132450.0,14100.0
core:52,core,roadlike,1000,6000,2026,666,mean_degree,148950.0,3800.0
core:52,core,roadlike,1000,6000,2026,666,mean_map,126800.0,3800.0
core:52,core,roadlike,1000,6000,2026,666,mean_ring,129150.0,3800.0
core:52,core,roadlike,1000,6000,2026,666,mean_sqrtdegree,131050.0,3800.0
core:52,core,roadlike,1000,6000,2026,666,median,125050.0,112600.0
core:52,core,roadlike,1000,6000,2026,666,original_mean,128150.0,0.0
core:52,core,roadlike,1000,6000,2026,666,sd,138300.0,117400.0
core:52,core,roadlike,1000,6000,2026,666,skip_only,136100.0,3800.0
core:52,core,roadlike,1000,6000,2026,666,std_binary,104200.0,0.0
core:53,core,roadlike,2000,12000,2026,666,binary,221950.0,0.0
core:53,core,roadlike,2000,12000,2026,666,caliber,210900.0,11600.0
core:53,core,roadlike,2000,12000,2026,666,degree4,222400.0,59000.0
core:53,core,roadlike,2000,12000,2026,666,fourary,228300.0,0.0
core:53,core,roadlike,2000,12000,2026,666,heavy_only,238950.0,7300.0
core:53,core,roadlike,2000,12000,2026,666,list_both,253700.0,7300.0
core:53,core,roadlike,2000,12000,2026,666,max_maxdegree,247100.0,27300.0
core:53,core,roadlike,2000,12000,2026,666,mean_degree,274250.0,7300.0
core:53,core,roadlike,2000,12000,2026,666,mean_map,225750.0,7300.0
core:53,core,roadlike,2000,12000,2026,666,mean_ring,222250.0,7300.0
core:53,core,roadlike,2000,12000,2026,666,mean_sqrtdegree,247300.0,7300.0
core:53,core,roadlike,2000,12000,2026,666,median,231900.0,244200.0
core:53,core,roadlike,2000,12000,2026,666,original_mean,217850.0,0.0
core:53,core,roadlike,2000,12000,2026,666,sd,247850.0,265700.0
core:53,core,roadlike,2000,12000,2026,666,skip_only,236700.0,7300.0
core:53,core,roadlike,2000,12000,2026,666,std_binary,212000.0,0.0
core:53,core,roadlike,2000,12000,2026,1333,binary,230450.0,0.0
core:53,core,roadlike,2000,12000,2026,1333,caliber,220350.0,11600.0
core:53,core,roadlike,2000,12000,2026,1333,degree4,231850.0,59000.0
core:53,core,roadlike,2000,12000,2026,1333,fourary,237500.0,0.0
core:53,core,roadlike,2000,12000,2026,1333,heavy_only,233250.0,7300.0
core:53,core,roadlike,2000,12000,2026,1333,list_both,233900.0,7300.0
core:53,core,roadlike,2000,12000,2026,1333,max_maxdegree,234500.0,27300.0
core:53,core,roadlike,2000,12000,2026,1333,mean_degree,259450.0,7300.0
core:53,core,roadlike,2000,12000,2026,1333,mean_map,219750.0,7300.0
core:53,core,roadlike,2000,12000,2026,1333,mean_ring,212250.0,7300.0
core:53,core,roadlike,2000,12000,2026,1333,mean_sqrtdegree,241300.0,7300.0
core:53,core,roadlike,2000,12000,2026,1333,median,223850.0,244200.0
core:53,core,roadlike,2000,12000,2026,1333,original_mean,208800.0,0.0
core:53,core,roadlike,2000,12000,2026,1333,sd,232600.0,265700.0
core:53,core,roadlike,2000,12000,2026,1333,skip_only,221800.0,7300.0
core:53,core,roadlike,2000,12000,2026,1333,std_binary,216300.0,0.0
core:54,core,roadlike,5000,30000,2026,1666,binary,621100.0,0.0
core:54,core,roadlike,5000,30000,2026,1666,caliber,587000.0,43700.0
core:54,core,roadlike,5000,30000,2026,1666,degree4,641000.0,176600.0
core:54,core,roadlike,5000,30000,2026,1666,fourary,611150.0,0.0
core:54,core,roadlike,5000,30000,2026,1666,heavy_only,565850.0,19600.0
core:54,core,roadlike,5000,30000,2026,1666,list_both,562350.0,19600.0
core:54,core,roadlike,5000,30000,2026,1666,max_maxdegree,570000.0,67300.0
core:54,core,roadlike,5000,30000,2026,1666,mean_degree,637050.0,19600.0
core:54,core,roadlike,5000,30000,2026,1666,mean_map,540250.0,19600.0
core:54,core,roadlike,5000,30000,2026,1666,mean_ring,519700.0,19600.0
core:54,core,roadlike,5000,30000,2026,1666,mean_sqrtdegree,586700.0,19600.0
core:54,core,roadlike,5000,30000,2026,1666,median,556500.0,681300.0
core:54,core,roadlike,5000,30000,2026,1666,original_mean,510650.0,0.0
core:54,core,roadlike,5000,30000,2026,1666,sd,589900.0,730300.0
core:54,core,roadlike,5000,30000,2026,1666,skip_only,535500.0,19600.0
core:54,core,roadlike,5000,30000,2026,1666,std_binary,571650.0,0.0
core:54,core,roadlike,5000,30000,2026,3333,binary,606800.0,0.0
core:54,core,roadlike,5000,30000,2026,3333,caliber,575450.0,43700.0
core:54,core,roadlike,5000,30000,2026,3333,degree4,637900.0,176600.0
core:54,core,roadlike,5000,30000,2026,3333,fourary,615150.0,0.0
core:54,core,roadlike,5000,30000,2026,3333,heavy_only,569850.0,19600.0
core:54,core,roadlike,5000,30000,2026,3333,list_both,570500.0,19600.0
core:54,core,roadlike,5000,30000,2026,3333,max_maxdegree,563500.0,67300.0
core:54,core,roadlike,5000,30000,2026,3333,mean_degree,635700.0,19600.0
core:54,core,roadlike,5000,30000,2026,3333,mean_map,542350.0,19600.0
core:54,core,roadlike,5000,30000,2026,3333,mean_ring,527500.0,19600.0
core:54,core,roadlike,5000,30000,2026,3333,mean_sqrtdegree,573400.0,19600.0
core:54,core,roadlike,5000,30000,2026,3333,median,546100.0,681300.0
core:54,core,roadlike,5000,30000,2026,3333,original_mean,504150.0,0.0
core:54,core,roadlike,5000,30000,2026,3333,sd,564000.0,730300.0
core:54,core,roadlike,5000,30000,2026,3333,skip_only,530700.0,19600.0
core:54,core,roadlike,5000,30000,2026,3333,std_binary,575700.0,0.0
core:6,core,clustered,2000,51918,42,666,binary,827200.0,0.0
core:6,core,clustered,2000,51918,42,666,caliber,781500.0,126800.0
core:6,core,clustered,2000,51918,42,666,degree4,859450.0,118000.0
core:6,core,clustered,2000,51918,42,666,fourary,877200.0,0.0
core:6,core,clustered,2000,51918,42,666,heavy_only,717350.0,43700.0
core:6,core,clustered,2000,51918,42,666,list_both,618250.0,43700.0
core:6,core,clustered,2000,51918,42,666,max_maxdegree,658700.0,71700.0
core:6,core,clustered,2000,51918,42,666,mean_degree,842250.0,43700.0
core:6,core,clustered,2000,51918,42,666,mean_map,556750.0,43700.0
core:6,core,clustered,2000,51918,42,666,mean_ring,528150.0,43700.0
core:6,core,clustered,2000,51918,42,666,mean_sqrtdegree,670950.0,43700.0
core:6,core,clustered,2000,51918,42,666,median,579550.0,1918300.0
core:6,core,clustered,2000,51918,42,666,original_mean,647200.0,0.0
core:6,core,clustered,2000,51918,42,666,sd,535600.0,2036900.0
core:6,core,clustered,2000,51918,42,666,selected_grid,530650.0,47953200.0
core:6,core,clustered,2000,51918,42,666,skip_only,461300.0,43700.0
core:6,core,clustered,2000,51918,42,666,std_binary,891650.0,0.0
core:6,core,clustered,2000,51918,42,1333,binary,806150.0,0.0
core:6,core,clustered,2000,51918,42,1333,caliber,807300.0,126800.0
core:6,core,clustered,2000,51918,42,1333,degree4,824650.0,118000.0
core:6,core,clustered,2000,51918,42,1333,fourary,834300.0,0.0
core:6,core,clustered,2000,51918,42,1333,heavy_only,713300.0,43700.0
core:6,core,clustered,2000,51918,42,1333,list_both,602350.0,43700.0
core:6,core,clustered,2000,51918,42,1333,max_maxdegree,632850.0,71700.0
core:6,core,clustered,2000,51918,42,1333,mean_degree,833150.0,43700.0
core:6,core,clustered,2000,51918,42,1333,mean_map,546050.0,43700.0
core:6,core,clustered,2000,51918,42,1333,mean_ring,544350.0,43700.0
core:6,core,clustered,2000,51918,42,1333,mean_sqrtdegree,655600.0,43700.0
core:6,core,clustered,2000,51918,42,1333,median,590250.0,1918300.0
core:6,core,clustered,2000,51918,42,1333,original_mean,632250.0,0.0
core:6,core,clustered,2000,51918,42,1333,sd,552700.0,2036900.0
core:6,core,clustered,2000,51918,42,1333,selected_grid,547700.0,47953200.0
core:6,core,clustered,2000,51918,42,1333,skip_only,432450.0,43700.0
core:6,core,clustered,2000,51918,42,1333,std_binary,846200.0,0.0
core:7,core,clustered,5000,142318,42,1666,binary,2707750.0,0.0
core:7,core,clustered,5000,142318,42,1666,caliber,2559700.0,499800.0
core:7,core,clustered,5000,142318,42,1666,degree4,2730600.0,276400.0
core:7,core,clustered,5000,142318,42,1666,fourary,2677700.0,0.0
core:7,core,clustered,5000,142318,42,1666,heavy_only,1968550.0,121500.0
core:7,core,clustered,5000,142318,42,1666,list_both,1684400.0,121500.0
core:7,core,clustered,5000,142318,42,1666,max_maxdegree,1730800.0,212900.0
core:7,core,clustered,5000,142318,42,1666,mean_degree,2096350.0,121500.0
core:7,core,clustered,5000,142318,42,1666,mean_map,1594350.0,121500.0
core:7,core,clustered,5000,142318,42,1666,mean_ring,1524750.0,121500.0
core:7,core,clustered,5000,142318,42,1666,mean_sqrtdegree,1660050.0,121500.0
core:7,core,clustered,5000,142318,42,1666,median,1560800.0,6002200.0
core:7,core,clustered,5000,142318,42,1666,original_mean,1925700.0,0.0
core:7,core,clustered,5000,142318,42,1666,sd,1526600.0,6722800.0
core:7,core,clustered,5000,142318,42,1666,selected_grid,1418650.0,129705800.0
core:7,core,clustered,5000,142318,42,1666,skip_only,1205700.0,121500.0
core:7,core,clustered,5000,142318,42,1666,std_binary,2829300.0,0.0
core:7,core,clustered,5000,142318,42,3333,binary,2518500.0,0.0
core:7,core,clustered,5000,142318,42,3333,caliber,2578850.0,499800.0
core:7,core,clustered,5000,142318,42,3333,degree4,2734750.0,276400.0
core:7,core,clustered,5000,142318,42,3333,fourary,2680550.0,0.0
core:7,core,clustered,5000,142318,42,3333,heavy_only,1953600.0,121500.0
core:7,core,clustered,5000,142318,42,3333,list_both,1715750.0,121500.0
core:7,core,clustered,5000,142318,42,3333,max_maxdegree,1668700.0,212900.0
core:7,core,clustered,5000,142318,42,3333,mean_degree,1980450.0,121500.0
core:7,core,clustered,5000,142318,42,3333,mean_map,1493600.0,121500.0
core:7,core,clustered,5000,142318,42,3333,mean_ring,1396900.0,121500.0
core:7,core,clustered,5000,142318,42,3333,mean_sqrtdegree,1672950.0,121500.0
core:7,core,clustered,5000,142318,42,3333,median,1521250.0,6002200.0
core:7,core,clustered,5000,142318,42,3333,original_mean,1835900.0,0.0
core:7,core,clustered,5000,142318,42,3333,sd,1607150.0,6722800.0
core:7,core,clustered,5000,142318,42,3333,selected_grid,1504000.0,129705800.0
core:7,core,clustered,5000,142318,42,3333,skip_only,1205500.0,121500.0
core:7,core,clustered,5000,142318,42,3333,std_binary,2705450.0,0.0
core:8,core,clustered,10000,324486,42,3333,binary,7408300.0,0.0
core:8,core,clustered,10000,324486,42,3333,caliber,6871500.0,1207400.0
core:8,core,clustered,10000,324486,42,3333,degree4,7150800.0,529400.0
core:8,core,clustered,10000,324486,42,3333,fourary,7354050.0,0.0
core:8,core,clustered,10000,324486,42,3333,heavy_only,5259150.0,301300.0
core:8,core,clustered,10000,324486,42,3333,list_both,6841050.0,301300.0
core:8,core,clustered,10000,324486,42,3333,max_maxdegree,4716450.0,519500.0
core:8,core,clustered,10000,324486,42,3333,mean_degree,4686100.0,301300.0
core:8,core,clustered,10000,324486,42,3333,mean_map,3958950.0,301300.0
core:8,core,clustered,10000,324486,42,3333,mean_ring,3883700.0,301300.0
core:8,core,clustered,10000,324486,42,3333,mean_sqrtdegree,4093350.0,301300.0
core:8,core,clustered,10000,324486,42,3333,median,4148150.0,14880300.0
core:8,core,clustered,10000,324486,42,3333,original_mean,6868150.0,0.0
core:8,core,clustered,10000,324486,42,3333,sd,3932200.0,15896600.0
core:8,core,clustered,10000,324486,42,3333,selected_grid,4114100.0,307391100.0
core:8,core,clustered,10000,324486,42,3333,skip_only,3582350.0,301300.0
core:8,core,clustered,10000,324486,42,3333,std_binary,7258800.0,0.0
core:8,core,clustered,10000,324486,42,6666,binary,7187000.0,0.0
core:8,core,clustered,10000,324486,42,6666,caliber,6997250.0,1207400.0
core:8,core,clustered,10000,324486,42,6666,degree4,7610000.0,529400.0
core:8,core,clustered,10000,324486,42,6666,fourary,7517650.0,0.0
core:8,core,clustered,10000,324486,42,6666,heavy_only,5212600.0,301300.0
core:8,core,clustered,10000,324486,42,6666,list_both,6511900.0,301300.0
core:8,core,clustered,10000,324486,42,6666,max_maxdegree,4542550.0,519500.0
core:8,core,clustered,10000,324486,42,6666,mean_degree,4922750.0,301300.0
core:8,core,clustered,10000,324486,42,6666,mean_map,4002250.0,301300.0
core:8,core,clustered,10000,324486,42,6666,mean_ring,3897950.0,301300.0
core:8,core,clustered,10000,324486,42,6666,mean_sqrtdegree,4100950.0,301300.0
core:8,core,clustered,10000,324486,42,6666,median,4300600.0,14880300.0
core:8,core,clustered,10000,324486,42,6666,original_mean,6717450.0,0.0
core:8,core,clustered,10000,324486,42,6666,sd,3930350.0,15896600.0
core:8,core,clustered,10000,324486,42,6666,selected_grid,3781150.0,307391100.0
core:8,core,clustered,10000,324486,42,6666,skip_only,3816500.0,301300.0
core:8,core,clustered,10000,324486,42,6666,std_binary,7259300.0,0.0
core:9,core,dense,1000,99482,42,333,binary,680500.0,0.0
core:9,core,dense,1000,99482,42,333,caliber,664550.0,190400.0
core:9,core,dense,1000,99482,42,333,degree4,720650.0,87800.0
core:9,core,dense,1000,99482,42,333,fourary,684900.0,0.0
core:9,core,dense,1000,99482,42,333,heavy_only,1501150.0,77300.0
core:9,core,dense,1000,99482,42,333,list_both,4632200.0,77300.0
core:9,core,dense,1000,99482,42,333,max_maxdegree,840000.0,110700.0
core:9,core,dense,1000,99482,42,333,mean_degree,879050.0,77300.0
core:9,core,dense,1000,99482,42,333,mean_map,843950.0,77300.0
core:9,core,dense,1000,99482,42,333,mean_ring,893100.0,77300.0
core:9,core,dense,1000,99482,42,333,mean_sqrtdegree,739500.0,77300.0
core:9,core,dense,1000,99482,42,333,median,860500.0,3684400.0
core:9,core,dense,1000,99482,42,333,original_mean,4864950.0,0.0
core:9,core,dense,1000,99482,42,333,sd,775600.0,4190900.0
core:9,core,dense,1000,99482,42,333,selected_grid,649150.0,66879100.0
core:9,core,dense,1000,99482,42,333,skip_only,2003250.0,77300.0
core:9,core,dense,1000,99482,42,333,std_binary,783450.0,0.0
core:9,core,dense,1000,99482,42,666,binary,649250.0,0.0
core:9,core,dense,1000,99482,42,666,caliber,650050.0,190400.0
core:9,core,dense,1000,99482,42,666,degree4,689600.0,87800.0
core:9,core,dense,1000,99482,42,666,fourary,650300.0,0.0
core:9,core,dense,1000,99482,42,666,heavy_only,1498800.0,77300.0
core:9,core,dense,1000,99482,42,666,list_both,4617350.0,77300.0
core:9,core,dense,1000,99482,42,666,max_maxdegree,837450.0,110700.0
core:9,core,dense,1000,99482,42,666,mean_degree,845000.0,77300.0
core:9,core,dense,1000,99482,42,666,mean_map,854450.0,77300.0
core:9,core,dense,1000,99482,42,666,mean_ring,853650.0,77300.0
core:9,core,dense,1000,99482,42,666,mean_sqrtdegree,696700.0,77300.0
core:9,core,dense,1000,99482,42,666,median,867150.0,3684400.0
core:9,core,dense,1000,99482,42,666,original_mean,4777450.0,0.0
core:9,core,dense,1000,99482,42,666,sd,789500.0,4190900.0
core:9,core,dense,1000,99482,42,666,selected_grid,625500.0,66879100.0
core:9,core,dense,1000,99482,42,666,skip_only,1954700.0,77300.0
core:9,core,dense,1000,99482,42,666,std_binary,761000.0,0.0
density:1,density,er_d2,1000,2008,42,333,binary,73300.0,0.0
density:1,density,er_d2,1000,2008,42,333,caliber,58250.0,10300.0
density:1,density,er_d2,1000,2008,42,333,degree4,88050.0,34600.0
density:1,density,er_d2,1000,2008,42,333,fourary,74600.0,0.0
density:1,density,er_d2,1000,2008,42,333,max_maxdegree,81350.0,5100.0
density:1,density,er_d2,1000,2008,42,333,mean_degree,76150.0,2000.0
density:1,density,er_d2,1000,2008,42,333,mean_map,67400.0,2000.0
density:1,density,er_d2,1000,2008,42,333,mean_ring,61250.0,2000.0
density:1,density,er_d2,1000,2008,42,333,selected_grid,51950.0,7270600.0
density:1,density,er_d2,1000,2008,42,333,std_binary,70100.0,0.0
density:1,density,er_d2,1000,2008,42,666,binary,74700.0,0.0
density:1,density,er_d2,1000,2008,42,666,caliber,60950.0,10300.0
density:1,density,er_d2,1000,2008,42,666,degree4,89000.0,34600.0
density:1,density,er_d2,1000,2008,42,666,fourary,75550.0,0.0
density:1,density,er_d2,1000,2008,42,666,max_maxdegree,85300.0,5100.0
density:1,density,er_d2,1000,2008,42,666,mean_degree,78300.0,2000.0
density:1,density,er_d2,1000,2008,42,666,mean_map,68550.0,2000.0
density:1,density,er_d2,1000,2008,42,666,mean_ring,62950.0,2000.0
density:1,density,er_d2,1000,2008,42,666,selected_grid,51700.0,7270600.0
density:1,density,er_d2,1000,2008,42,666,std_binary,71500.0,0.0
density:10,density,er_d4,5000,20233,42,1666,binary,1962950.0,0.0
density:10,density,er_d4,5000,20233,42,1666,caliber,1872950.0,137400.0
density:10,density,er_d4,5000,20233,42,1666,degree4,2430400.0,532300.0
density:10,density,er_d4,5000,20233,42,1666,fourary,1862600.0,0.0
density:10,density,er_d4,5000,20233,42,1666,max_maxdegree,1317050.0,153300.0
density:10,density,er_d4,5000,20233,42,1666,mean_degree,1279250.0,80900.0
density:10,density,er_d4,5000,20233,42,1666,mean_map,1237000.0,80900.0
density:10,density,er_d4,5000,20233,42,1666,mean_ring,1016350.0,80900.0
density:10,density,er_d4,5000,20233,42,1666,selected_grid,1040950.0,104539900.0
density:10,density,er_d4,5000,20233,42,1666,std_binary,1965700.0,0.0
density:10,density,er_d4,5000,20233,42,3333,binary,1509900.0,0.0
density:10,density,er_d4,5000,20233,42,3333,caliber,1411200.0,137400.0
density:10,density,er_d4,5000,20233,42,3333,degree4,1950300.0,532300.0
density:10,density,er_d4,5000,20233,42,3333,fourary,1813100.0,0.0
density:10,density,er_d4,5000,20233,42,3333,max_maxdegree,1105600.0,153300.0
density:10,density,er_d4,5000,20233,42,3333,mean_degree,924450.0,80900.0
density:10,density,er_d4,5000,20233,42,3333,mean_map,1018900.0,80900.0
density:10,density,er_d4,5000,20233,42,3333,mean_ring,788500.0,80900.0
density:10,density,er_d4,5000,20233,42,3333,selected_grid,829200.0,104539900.0
density:10,density,er_d4,5000,20233,42,3333,std_binary,1560500.0,0.0
density:11,density,er_d8,5000,40122,42,1666,binary,2002600.0,0.0
density:11,density,er_d8,5000,40122,42,1666,caliber,1847600.0,192600.0
density:11,density,er_d8,5000,40122,42,1666,degree4,2276700.0,767400.0
density:11,density,er_d8,5000,40122,42,1666,fourary,2234300.0,0.0
density:11,density,er_d8,5000,40122,42,1666,max_maxdegree,1316450.0,185000.0
density:11,density,er_d8,5000,40122,42,1666,mean_degree,1239600.0,91400.0
density:11,density,er_d8,5000,40122,42,1666,mean_map,1297200.0,91400.0
density:11,density,er_d8,5000,40122,42,1666,mean_ring,1106750.0,91400.0
density:11,density,er_d8,5000,40122,42,1666,selected_grid,1201050.0,118667300.0
density:11,density,er_d8,5000,40122,42,1666,std_binary,2032100.0,0.0
density:11,density,er_d8,5000,40122,42,3333,binary,2550900.0,0.0
density:11,density,er_d8,5000,40122,42,3333,caliber,2061650.0,192600.0
density:11,density,er_d8,5000,40122,42,3333,degree4,2469850.0,767400.0
density:11,density,er_d8,5000,40122,42,3333,fourary,2450900.0,0.0
density:11,density,er_d8,5000,40122,42,3333,max_maxdegree,1473500.0,185000.0
density:11,density,er_d8,5000,40122,42,3333,mean_degree,1622800.0,91400.0
density:11,density,er_d8,5000,40122,42,3333,mean_map,1581100.0,91400.0
density:11,density,er_d8,5000,40122,42,3333,mean_ring,1269250.0,91400.0
density:11,density,er_d8,5000,40122,42,3333,selected_grid,1421500.0,118667300.0
density:11,density,er_d8,5000,40122,42,3333,std_binary,2261300.0,0.0
density:12,density,er_d16,5000,80269,42,1666,binary,2427050.0,0.0
density:12,density,er_d16,5000,80269,42,1666,caliber,2417250.0,183700.0
density:12,density,er_d16,5000,80269,42,1666,degree4,2695750.0,363300.0
density:12,density,er_d16,5000,80269,42,1666,fourary,2455050.0,0.0
density:12,density,er_d16,5000,80269,42,1666,max_maxdegree,1558600.0,209500.0
density:12,density,er_d16,5000,80269,42,1666,mean_degree,1676150.0,111100.0
density:12,density,er_d16,5000,80269,42,1666,mean_map,1559350.0,111100.0
density:12,density,er_d16,5000,80269,42,1666,mean_ring,1522400.0,111100.0
density:12,density,er_d16,5000,80269,42,1666,selected_grid,1401550.0,136697100.0
density:12,density,er_d16,5000,80269,42,1666,std_binary,2439450.0,0.0
density:12,density,er_d16,5000,80269,42,3333,binary,2488150.0,0.0
density:12,density,er_d16,5000,80269,42,3333,caliber,2476750.0,183700.0
density:12,density,er_d16,5000,80269,42,3333,degree4,2593650.0,363300.0
density:12,density,er_d16,5000,80269,42,3333,fourary,2522300.0,0.0
density:12,density,er_d16,5000,80269,42,3333,max_maxdegree,1603750.0,209500.0
density:12,density,er_d16,5000,80269,42,3333,mean_degree,1653300.0,111100.0
density:12,density,er_d16,5000,80269,42,3333,mean_map,1521000.0,111100.0
density:12,density,er_d16,5000,80269,42,3333,mean_ring,1387050.0,111100.0
density:12,density,er_d16,5000,80269,42,3333,selected_grid,1510800.0,136697100.0
density:12,density,er_d16,5000,80269,42,3333,std_binary,2624450.0,0.0
density:13,density,er_d32,5000,160515,42,1666,binary,2851550.0,0.0
density:13,density,er_d32,5000,160515,42,1666,caliber,2986900.0,271500.0
density:13,density,er_d32,5000,160515,42,1666,degree4,2922750.0,301900.0
density:13,density,er_d32,5000,160515,42,1666,fourary,2834750.0,0.0
density:13,density,er_d32,5000,160515,42,1666,max_maxdegree,2004700.0,224300.0
density:13,density,er_d32,5000,160515,42,1666,mean_degree,2138800.0,127100.0
density:13,density,er_d32,5000,160515,42,1666,mean_map,2403800.0,127100.0
density:13,density,er_d32,5000,160515,42,1666,mean_ring,2211200.0,127100.0
density:13,density,er_d32,5000,160515,42,1666,selected_grid,1935150.0,169224200.0
density:13,density,er_d32,5000,160515,42,1666,std_binary,2994850.0,0.0
density:13,density,er_d32,5000,160515,42,3333,binary,2719500.0,0.0
density:13,density,er_d32,5000,160515,42,3333,caliber,2603300.0,271500.0
density:13,density,er_d32,5000,160515,42,3333,degree4,2982950.0,301900.0
density:13,density,er_d32,5000,160515,42,3333,fourary,2872700.0,0.0
density:13,density,er_d32,5000,160515,42,3333,max_maxdegree,2084150.0,224300.0
density:13,density,er_d32,5000,160515,42,3333,mean_degree,2250250.0,127100.0
density:13,density,er_d32,5000,160515,42,3333,mean_map,2155150.0,127100.0
density:13,density,er_d32,5000,160515,42,3333,mean_ring,2019350.0,127100.0
density:13,density,er_d32,5000,160515,42,3333,selected_grid,1719300.0,169224200.0
density:13,density,er_d32,5000,160515,42,3333,std_binary,2895500.0,0.0
density:14,density,er_d64,5000,320252,42,1666,binary,4073400.0,0.0
density:14,density,er_d64,5000,320252,42,1666,caliber,3688900.0,410700.0
density:14,density,er_d64,5000,320252,42,1666,degree4,3833850.0,402800.0
density:14,density,er_d64,5000,320252,42,1666,fourary,3798850.0,0.0
density:14,density,er_d64,5000,320252,42,1666,max_maxdegree,3309350.0,356000.0
density:14,density,er_d64,5000,320252,42,1666,mean_degree,3422850.0,249100.0
density:14,density,er_d64,5000,320252,42,1666,mean_map,4512800.0,249100.0
density:14,density,er_d64,5000,320252,42,1666,mean_ring,4168150.0,249100.0
density:14,density,er_d64,5000,320252,42,1666,selected_grid,2817200.0,285940800.0
density:14,density,er_d64,5000,320252,42,1666,std_binary,4044800.0,0.0
density:14,density,er_d64,5000,320252,42,3333,binary,3681950.0,0.0
density:14,density,er_d64,5000,320252,42,3333,caliber,3614400.0,410700.0
density:14,density,er_d64,5000,320252,42,3333,degree4,3884900.0,402800.0
density:14,density,er_d64,5000,320252,42,3333,fourary,3729750.0,0.0
density:14,density,er_d64,5000,320252,42,3333,max_maxdegree,3242000.0,356000.0
density:14,density,er_d64,5000,320252,42,3333,mean_degree,3357250.0,249100.0
density:14,density,er_d64,5000,320252,42,3333,mean_map,4234400.0,249100.0
density:14,density,er_d64,5000,320252,42,3333,mean_ring,4406850.0,249100.0
density:14,density,er_d64,5000,320252,42,3333,selected_grid,3122700.0,285940800.0
density:14,density,er_d64,5000,320252,42,3333,std_binary,3878550.0,0.0
density:15,density,er_d128,5000,640741,42,1666,binary,5079850.0,0.0
density:15,density,er_d128,5000,640741,42,1666,caliber,4870900.0,1223400.0
density:15,density,er_d128,5000,640741,42,1666,degree4,5106700.0,474100.0
density:15,density,er_d128,5000,640741,42,1666,fourary,5006250.0,0.0
density:15,density,er_d128,5000,640741,42,1666,max_maxdegree,5508000.0,825700.0
density:15,density,er_d128,5000,640741,42,1666,mean_degree,5692500.0,731300.0
density:15,density,er_d128,5000,640741,42,1666,mean_map,7133000.0,731300.0
density:15,density,er_d128,5000,640741,42,1666,mean_ring,7231450.0,731300.0
density:15,density,er_d128,5000,640741,42,1666,selected_grid,5315250.0,483987100.0
density:15,density,er_d128,5000,640741,42,1666,std_binary,5533200.0,0.0
density:15,density,er_d128,5000,640741,42,3333,binary,5315150.0,0.0
density:15,density,er_d128,5000,640741,42,3333,caliber,5371100.0,1223400.0
density:15,density,er_d128,5000,640741,42,3333,degree4,5719800.0,474100.0
density:15,density,er_d128,5000,640741,42,3333,fourary,5227900.0,0.0
density:15,density,er_d128,5000,640741,42,3333,max_maxdegree,5966500.0,825700.0
density:15,density,er_d128,5000,640741,42,3333,mean_degree,5820050.0,731300.0
density:15,density,er_d128,5000,640741,42,3333,mean_map,7615450.0,731300.0
density:15,density,er_d128,5000,640741,42,3333,mean_ring,7431850.0,731300.0
density:15,density,er_d128,5000,640741,42,3333,selected_grid,5588750.0,483987100.0
density:15,density,er_d128,5000,640741,42,3333,std_binary,5900750.0,0.0
density:16,density,er_d256,5000,1281541,42,1666,binary,6589700.0,0.0
density:16,density,er_d256,5000,1281541,42,1666,caliber,6392400.0,2540100.0
density:16,density,er_d256,5000,1281541,42,1666,degree4,6871500.0,774200.0
density:16,density,er_d256,5000,1281541,42,1666,fourary,7214750.0,0.0
density:16,density,er_d256,5000,1281541,42,1666,max_maxdegree,9809600.0,2294000.0
density:16,density,er_d256,5000,1281541,42,1666,mean_degree,9765550.0,1617600.0
density:16,density,er_d256,5000,1281541,42,1666,mean_map,13077800.0,1617600.0
density:16,density,er_d256,5000,1281541,42,1666,mean_ring,13025600.0,1617600.0
density:16,density,er_d256,5000,1281541,42,1666,selected_grid,10421800.0,882272200.0
density:16,density,er_d256,5000,1281541,42,1666,std_binary,8047200.0,0.0
density:16,density,er_d256,5000,1281541,42,3333,binary,6492900.0,0.0
density:16,density,er_d256,5000,1281541,42,3333,caliber,6584200.0,2540100.0
density:16,density,er_d256,5000,1281541,42,3333,degree4,6709300.0,774200.0
density:16,density,er_d256,5000,1281541,42,3333,fourary,6682050.0,0.0
density:16,density,er_d256,5000,1281541,42,3333,max_maxdegree,9510550.0,2294000.0
density:16,density,er_d256,5000,1281541,42,3333,mean_degree,9671850.0,1617600.0
density:16,density,er_d256,5000,1281541,42,3333,mean_map,11861250.0,1617600.0
density:16,density,er_d256,5000,1281541,42,3333,mean_ring,12039350.0,1617600.0
density:16,density,er_d256,5000,1281541,42,3333,selected_grid,9443250.0,882272200.0
density:16,density,er_d256,5000,1281541,42,3333,std_binary,7685550.0,0.0
density:17,density,er_d2,1000,1976,1729,333,binary,500.0,0.0
density:17,density,er_d2,1000,1976,1729,333,caliber,500.0,15000.0
density:17,density,er_d2,1000,1976,1729,333,degree4,500.0,75800.0
density:17,density,er_d2,1000,1976,1729,333,fourary,550.0,0.0
density:17,density,er_d2,1000,1976,1729,333,max_maxdegree,1200.0,6200.0
density:17,density,er_d2,1000,1976,1729,333,mean_degree,1200.0,2300.0
density:17,density,er_d2,1000,1976,1729,333,mean_map,1200.0,2300.0
density:17,density,er_d2,1000,1976,1729,333,mean_ring,1200.0,2300.0
density:17,density,er_d2,1000,1976,1729,333,selected_grid,1200.0,6907700.0
density:17,density,er_d2,1000,1976,1729,333,std_binary,500.0,0.0
density:17,density,er_d2,1000,1976,1729,666,binary,89300.0,0.0
density:17,density,er_d2,1000,1976,1729,666,caliber,73450.0,15000.0
density:17,density,er_d2,1000,1976,1729,666,degree4,108300.0,75800.0
density:17,density,er_d2,1000,1976,1729,666,fourary,92600.0,0.0
density:17,density,er_d2,1000,1976,1729,666,max_maxdegree,100750.0,6200.0
density:17,density,er_d2,1000,1976,1729,666,mean_degree,95550.0,2300.0
density:17,density,er_d2,1000,1976,1729,666,mean_map,84850.0,2300.0
density:17,density,er_d2,1000,1976,1729,666,mean_ring,77900.0,2300.0
density:17,density,er_d2,1000,1976,1729,666,selected_grid,65000.0,6907700.0
density:17,density,er_d2,1000,1976,1729,666,std_binary,81900.0,0.0
density:18,density,er_d4,1000,4011,1729,333,binary,166600.0,0.0
density:18,density,er_d4,1000,4011,1729,333,caliber,147000.0,16800.0
density:18,density,er_d4,1000,4011,1729,333,degree4,197450.0,60200.0
density:18,density,er_d4,1000,4011,1729,333,fourary,165050.0,0.0
density:18,density,er_d4,1000,4011,1729,333,max_maxdegree,162500.0,11500.0
density:18,density,er_d4,1000,4011,1729,333,mean_degree,137450.0,3500.0
density:18,density,er_d4,1000,4011,1729,333,mean_map,115900.0,3500.0
density:18,density,er_d4,1000,4011,1729,333,mean_ring,106200.0,3500.0
density:18,density,er_d4,1000,4011,1729,333,selected_grid,95200.0,9578600.0
density:18,density,er_d4,1000,4011,1729,333,std_binary,158250.0,0.0
density:18,density,er_d4,1000,4011,1729,666,binary,170850.0,0.0
density:18,density,er_d4,1000,4011,1729,666,caliber,144000.0,16800.0
density:18,density,er_d4,1000,4011,1729,666,degree4,196650.0,60200.0
density:18,density,er_d4,1000,4011,1729,666,fourary,176800.0,0.0
density:18,density,er_d4,1000,4011,1729,666,max_maxdegree,159000.0,11500.0
density:18,density,er_d4,1000,4011,1729,666,mean_degree,142100.0,3500.0
density:18,density,er_d4,1000,4011,1729,666,mean_map,121550.0,3500.0
density:18,density,er_d4,1000,4011,1729,666,mean_ring,112050.0,3500.0
density:18,density,er_d4,1000,4011,1729,666,selected_grid,106600.0,9578600.0
density:18,density,er_d4,1000,4011,1729,666,std_binary,170500.0,0.0
density:19,density,er_d8,1000,7985,1729,333,binary,246650.0,0.0
density:19,density,er_d8,1000,7985,1729,333,caliber,223250.0,23100.0
density:19,density,er_d8,1000,7985,1729,333,degree4,250100.0,54500.0
density:19,density,er_d8,1000,7985,1729,333,fourary,257950.0,0.0
density:19,density,er_d8,1000,7985,1729,333,max_maxdegree,197850.0,17600.0
density:19,density,er_d8,1000,7985,1729,333,mean_degree,204850.0,6300.0
density:19,density,er_d8,1000,7985,1729,333,mean_map,151250.0,6300.0
density:19,density,er_d8,1000,7985,1729,333,mean_ring,144450.0,6300.0
density:19,density,er_d8,1000,7985,1729,333,selected_grid,144850.0,12593100.0
density:19,density,er_d8,1000,7985,1729,333,std_binary,244050.0,0.0
density:19,density,er_d8,1000,7985,1729,666,binary,249900.0,0.0
density:19,density,er_d8,1000,7985,1729,666,caliber,226450.0,23100.0
density:19,density,er_d8,1000,7985,1729,666,degree4,254650.0,54500.0
density:19,density,er_d8,1000,7985,1729,666,fourary,255250.0,0.0
density:19,density,er_d8,1000,7985,1729,666,max_maxdegree,208550.0,17600.0
density:19,density,er_d8,1000,7985,1729,666,mean_degree,199800.0,6300.0
density:19,density,er_d8,1000,7985,1729,666,mean_map,158950.0,6300.0
density:19,density,er_d8,1000,7985,1729,666,mean_ring,147500.0,6300.0
density:19,density,er_d8,1000,7985,1729,666,selected_grid,146300.0,12593100.0
density:19,density,er_d8,1000,7985,1729,666,std_binary,246450.0,0.0
density:2,density,er_d4,1000,3958,42,333,binary,140800.0,0.0
density:2,density,er_d4,1000,3958,42,333,caliber,122150.0,15900.0
density:2,density,er_d4,1000,3958,42,333,degree4,167700.0,53200.0
density:2,density,er_d4,1000,3958,42,333,fourary,141000.0,0.0
density:2,density,er_d4,1000,3958,42,333,max_maxdegree,136100.0,9000.0
density:2,density,er_d4,1000,3958,42,333,mean_degree,120850.0,2500.0
density:2,density,er_d4,1000,3958,42,333,mean_map,99050.0,2500.0
density:2,density,er_d4,1000,3958,42,333,mean_ring,89500.0,2500.0
density:2,density,er_d4,1000,3958,42,333,selected_grid,85650.0,7892600.0
density:2,density,er_d4,1000,3958,42,333,std_binary,131850.0,0.0
density:2,density,er_d4,1000,3958,42,666,binary,159500.0,0.0
density:2,density,er_d4,1000,3958,42,666,caliber,129600.0,15900.0
density:2,density,er_d4,1000,3958,42,666,degree4,211700.0,53200.0
density:2,density,er_d4,1000,3958,42,666,fourary,153850.0,0.0
density:2,density,er_d4,1000,3958,42,666,max_maxdegree,152550.0,9000.0
density:2,density,er_d4,1000,3958,42,666,mean_degree,128450.0,2500.0
density:2,density,er_d4,1000,3958,42,666,mean_map,105050.0,2500.0
density:2,density,er_d4,1000,3958,42,666,mean_ring,99600.0,2500.0
density:2,density,er_d4,1000,3958,42,666,selected_grid,88650.0,7892600.0
density:2,density,er_d4,1000,3958,42,666,std_binary,140000.0,0.0
density:20,density,er_d16,1000,16166,1729,333,binary,358200.0,0.0
density:20,density,er_d16,1000,16166,1729,333,caliber,329200.0,28000.0
density:20,density,er_d16,1000,16166,1729,333,degree4,351100.0,52100.0
density:20,density,er_d16,1000,16166,1729,333,fourary,357450.0,0.0
density:20,density,er_d16,1000,16166,1729,333,max_maxdegree,275600.0,24500.0
density:20,density,er_d16,1000,16166,1729,333,mean_degree,274500.0,12500.0
density:20,density,er_d16,1000,16166,1729,333,mean_map,222150.0,12500.0
density:20,density,er_d16,1000,16166,1729,333,mean_ring,206000.0,12500.0
density:20,density,er_d16,1000,16166,1729,333,selected_grid,216300.0,19922800.0
density:20,density,er_d16,1000,16166,1729,333,std_binary,355800.0,0.0
density:20,density,er_d16,1000,16166,1729,666,binary,333250.0,0.0
density:20,density,er_d16,1000,16166,1729,666,caliber,310000.0,28000.0
density:20,density,er_d16,1000,16166,1729,666,degree4,344900.0,52100.0
density:20,density,er_d16,1000,16166,1729,666,fourary,333350.0,0.0
density:20,density,er_d16,1000,16166,1729,666,max_maxdegree,272950.0,24500.0
density:20,density,er_d16,1000,16166,1729,666,mean_degree,283350.0,12500.0
density:20,density,er_d16,1000,16166,1729,666,mean_map,220850.0,12500.0
density:20,density,er_d16,1000,16166,1729,666,mean_ring,210800.0,12500.0
density:20,density,er_d16,1000,16166,1729,666,selected_grid,208950.0,19922800.0
density:20,density,er_d16,1000,16166,1729,666,std_binary,343100.0,0.0
density:21,density,er_d32,1000,32240,1729,333,binary,436600.0,0.0
density:21,density,er_d32,1000,32240,1729,333,caliber,418650.0,42700.0
density:21,density,er_d32,1000,32240,1729,333,degree4,449250.0,416000.0
density:21,density,er_d32,1000,32240,1729,333,fourary,445750.0,0.0
density:21,density,er_d32,1000,32240,1729,333,max_maxdegree,387400.0,37900.0
density:21,density,er_d32,1000,32240,1729,333,mean_degree,416600.0,24900.0
density:21,density,er_d32,1000,32240,1729,333,mean_map,363500.0,24900.0
density:21,density,er_d32,1000,32240,1729,333,mean_ring,369250.0,24900.0
density:21,density,er_d32,1000,32240,1729,333,selected_grid,304650.0,29384800.0
density:21,density,er_d32,1000,32240,1729,333,std_binary,445500.0,0.0
density:21,density,er_d32,1000,32240,1729,666,binary,446400.0,0.0
density:21,density,er_d32,1000,32240,1729,666,caliber,431600.0,42700.0
density:21,density,er_d32,1000,32240,1729,666,degree4,446750.0,416000.0
density:21,density,er_d32,1000,32240,1729,666,fourary,439300.0,0.0
density:21,density,er_d32,1000,32240,1729,666,max_maxdegree,390500.0,37900.0
density:21,density,er_d32,1000,32240,1729,666,mean_degree,405800.0,24900.0
density:21,density,er_d32,1000,32240,1729,666,mean_map,373950.0,24900.0
density:21,density,er_d32,1000,32240,1729,666,mean_ring,383250.0,24900.0
density:21,density,er_d32,1000,32240,1729,666,selected_grid,287900.0,29384800.0
density:21,density,er_d32,1000,32240,1729,666,std_binary,460300.0,0.0
density:22,density,er_d64,1000,64155,1729,333,binary,603500.0,0.0
density:22,density,er_d64,1000,64155,1729,333,caliber,632450.0,87500.0
density:22,density,er_d64,1000,64155,1729,333,degree4,601350.0,99900.0
density:22,density,er_d64,1000,64155,1729,333,fourary,613050.0,0.0
density:22,density,er_d64,1000,64155,1729,333,max_maxdegree,673100.0,68400.0
density:22,density,er_d64,1000,64155,1729,333,mean_degree,632300.0,50300.0
density:22,density,er_d64,1000,64155,1729,333,mean_map,666400.0,50300.0
density:22,density,er_d64,1000,64155,1729,333,mean_ring,677300.0,50300.0
density:22,density,er_d64,1000,64155,1729,333,selected_grid,558750.0,43027900.0
density:22,density,er_d64,1000,64155,1729,333,std_binary,642700.0,0.0
density:22,density,er_d64,1000,64155,1729,666,binary,629950.0,0.0
density:22,density,er_d64,1000,64155,1729,666,caliber,632550.0,87500.0
density:22,density,er_d64,1000,64155,1729,666,degree4,666200.0,99900.0
density:22,density,er_d64,1000,64155,1729,666,fourary,622100.0,0.0
density:22,density,er_d64,1000,64155,1729,666,max_maxdegree,657500.0,68400.0
density:22,density,er_d64,1000,64155,1729,666,mean_degree,717050.0,50300.0
density:22,density,er_d64,1000,64155,1729,666,mean_map,696700.0,50300.0
density:22,density,er_d64,1000,64155,1729,666,mean_ring,656400.0,50300.0
density:22,density,er_d64,1000,64155,1729,666,selected_grid,521650.0,43027900.0
density:22,density,er_d64,1000,64155,1729,666,std_binary,672200.0,0.0
density:23,density,er_d128,1000,128619,1729,333,binary,822200.0,0.0
density:23,density,er_d128,1000,128619,1729,333,caliber,745350.0,361400.0
density:23,density,er_d128,1000,128619,1729,333,degree4,822550.0,198200.0
density:23,density,er_d128,1000,128619,1729,333,fourary,787200.0,0.0
density:23,density,er_d128,1000,128619,1729,333,max_maxdegree,1087350.0,176200.0
density:23,density,er_d128,1000,128619,1729,333,mean_degree,1110050.0,114700.0
density:23,density,er_d128,1000,128619,1729,333,mean_map,1165200.0,114700.0
density:23,density,er_d128,1000,128619,1729,333,mean_ring,1176650.0,114700.0
density:23,density,er_d128,1000,128619,1729,333,selected_grid,880550.0,83302400.0
density:23,density,er_d128,1000,128619,1729,333,std_binary,911850.0,0.0
density:23,density,er_d128,1000,128619,1729,666,binary,759050.0,0.0
density:23,density,er_d128,1000,128619,1729,666,caliber,736850.0,361400.0
density:23,density,er_d128,1000,128619,1729,666,degree4,774750.0,198200.0
density:23,density,er_d128,1000,128619,1729,666,fourary,920000.0,0.0
density:23,density,er_d128,1000,128619,1729,666,max_maxdegree,1038100.0,176200.0
density:23,density,er_d128,1000,128619,1729,666,mean_degree,1095250.0,114700.0
density:23,density,er_d128,1000,128619,1729,666,mean_map,1116150.0,114700.0
density:23,density,er_d128,1000,128619,1729,666,mean_ring,1094300.0,114700.0
density:23,density,er_d128,1000,128619,1729,666,selected_grid,854850.0,83302400.0
density:23,density,er_d128,1000,128619,1729,666,std_binary,908750.0,0.0
density:24,density,er_d256,1000,256574,1729,333,binary,934700.0,0.0
density:24,density,er_d256,1000,256574,1729,333,caliber,964850.0,397500.0
density:24,density,er_d256,1000,256574,1729,333,degree4,973400.0,206100.0
density:24,density,er_d256,1000,256574,1729,333,fourary,1062550.0,0.0
density:24,density,er_d256,1000,256574,1729,333,max_maxdegree,1734650.0,262900.0
density:24,density,er_d256,1000,256574,1729,333,mean_degree,1810250.0,222200.0
density:24,density,er_d256,1000,256574,1729,333,mean_map,1873050.0,222200.0
density:24,density,er_d256,1000,256574,1729,333,mean_ring,1898550.0,222200.0
density:24,density,er_d256,1000,256574,1729,333,selected_grid,1579350.0,136346700.0
density:24,density,er_d256,1000,256574,1729,333,std_binary,1184650.0,0.0
density:24,density,er_d256,1000,256574,1729,666,binary,973800.0,0.0
density:24,density,er_d256,1000,256574,1729,666,caliber,991350.0,397500.0
density:24,density,er_d256,1000,256574,1729,666,degree4,989300.0,206100.0
density:24,density,er_d256,1000,256574,1729,666,fourary,984100.0,0.0
density:24,density,er_d256,1000,256574,1729,666,max_maxdegree,1719950.0,262900.0
density:24,density,er_d256,1000,256574,1729,666,mean_degree,1895450.0,222200.0
density:24,density,er_d256,1000,256574,1729,666,mean_map,1906950.0,222200.0
density:24,density,er_d256,1000,256574,1729,666,mean_ring,1944000.0,222200.0
density:24,density,er_d256,1000,256574,1729,666,selected_grid,1528800.0,136346700.0
density:24,density,er_d256,1000,256574,1729,666,std_binary,1261750.0,0.0
density:25,density,er_d2,5000,10169,1729,1666,binary,601050.0,0.0
density:25,density,er_d2,5000,10169,1729,1666,caliber,478100.0,67800.0
density:25,density,er_d2,5000,10169,1729,1666,degree4,747600.0,244300.0
density:25,density,er_d2,5000,10169,1729,1666,fourary,618900.0,0.0
density:25,density,er_d2,5000,10169,1729,1666,max_maxdegree,454950.0,45200.0
density:25,density,er_d2,5000,10169,1729,1666,mean_degree,411050.0,32000.0
density:25,density,er_d2,5000,10169,1729,1666,mean_map,395400.0,32000.0
density:25,density,er_d2,5000,10169,1729,1666,mean_ring,360800.0,32000.0
density:25,density,er_d2,5000,10169,1729,1666,selected_grid,292950.0,32931200.0
density:25,density,er_d2,5000,10169,1729,1666,std_binary,557750.0,0.0
density:25,density,er_d2,5000,10169,1729,3333,binary,591250.0,0.0
density:25,density,er_d2,5000,10169,1729,3333,caliber,478500.0,67800.0
density:25,density,er_d2,5000,10169,1729,3333,degree4,718750.0,244300.0
density:25,density,er_d2,5000,10169,1729,3333,fourary,622700.0,0.0
density:25,density,er_d2,5000,10169,1729,3333,max_maxdegree,459900.0,45200.0
density:25,density,er_d2,5000,10169,1729,3333,mean_degree,427000.0,32000.0
density:25,density,er_d2,5000,10169,1729,3333,mean_map,394200.0,32000.0
density:25,density,er_d2,5000,10169,1729,3333,mean_ring,346150.0,32000.0
density:25,density,er_d2,5000,10169,1729,3333,selected_grid,299050.0,32931200.0
density:25,density,er_d2,5000,10169,1729,3333,std_binary,567300.0,0.0
density:26,density,er_d4,5000,20288,1729,1666,binary,1097100.0,0.0
density:26,density,er_d4,5000,20288,1729,1666,caliber,909350.0,90800.0
density:26,density,er_d4,5000,20288,1729,1666,degree4,1287200.0,342400.0
density:26,density,er_d4,5000,20288,1729,1666,fourary,1047900.0,0.0
density:26,density,er_d4,5000,20288,1729,1666,max_maxdegree,729300.0,78800.0
density:26,density,er_d4,5000,20288,1729,1666,mean_degree,683650.0,41400.0
density:26,density,er_d4,5000,20288,1729,1666,mean_map,594250.0,41400.0
density:26,density,er_d4,5000,20288,1729,1666,mean_ring,559800.0,41400.0
density:26,density,er_d4,5000,20288,1729,1666,selected_grid,517350.0,50874500.0
density:26,density,er_d4,5000,20288,1729,1666,std_binary,1036050.0,0.0
density:26,density,er_d4,5000,20288,1729,3333,binary,1199750.0,0.0
density:26,density,er_d4,5000,20288,1729,3333,caliber,912450.0,90800.0
density:26,density,er_d4,5000,20288,1729,3333,degree4,1292050.0,342400.0
density:26,density,er_d4,5000,20288,1729,3333,fourary,1038200.0,0.0
density:26,density,er_d4,5000,20288,1729,3333,max_maxdegree,757500.0,78800.0
density:26,density,er_d4,5000,20288,1729,3333,mean_degree,704350.0,41400.0
density:26,density,er_d4,5000,20288,1729,3333,mean_map,602900.0,41400.0
density:26,density,er_d4,5000,20288,1729,3333,mean_ring,567350.0,41400.0
density:26,density,er_d4,5000,20288,1729,3333,selected_grid,528000.0,50874500.0
density:26,density,er_d4,5000,20288,1729,3333,std_binary,1001850.0,0.0
density:27,density,er_d8,5000,40355,1729,1666,binary,1581250.0,0.0
density:27,density,er_d8,5000,40355,1729,1666,caliber,1380250.0,129000.0
density:27,density,er_d8,5000,40355,1729,1666,degree4,1588150.0,317100.0
density:27,density,er_d8,5000,40355,1729,1666,fourary,1543800.0,0.0
density:27,density,er_d8,5000,40355,1729,1666,max_maxdegree,993650.0,126200.0
density:27,density,er_d8,5000,40355,1729,1666,mean_degree,1014900.0,77500.0
density:27,density,er_d8,5000,40355,1729,1666,mean_map,859150.0,77500.0
density:27,density,er_d8,5000,40355,1729,1666,mean_ring,932350.0,77500.0
density:27,density,er_d8,5000,40355,1729,1666,selected_grid,765350.0,71498800.0
density:27,density,er_d8,5000,40355,1729,1666,std_binary,1643900.0,0.0
density:27,density,er_d8,5000,40355,1729,3333,binary,1523750.0,0.0
density:27,density,er_d8,5000,40355,1729,3333,caliber,1309600.0,129000.0
density:27,density,er_d8,5000,40355,1729,3333,degree4,1535550.0,317100.0
density:27,density,er_d8,5000,40355,1729,3333,fourary,1658700.0,0.0
density:27,density,er_d8,5000,40355,1729,3333,max_maxdegree,1060200.0,126200.0
density:27,density,er_d8,5000,40355,1729,3333,mean_degree,909150.0,77500.0
density:27,density,er_d8,5000,40355,1729,3333,mean_map,838450.0,77500.0
density:27,density,er_d8,5000,40355,1729,3333,mean_ring,762400.0,77500.0
density:27,density,er_d8,5000,40355,1729,3333,selected_grid,762500.0,71498800.0
density:27,density,er_d8,5000,40355,1729,3333,std_binary,1478600.0,0.0
density:28,density,er_d16,5000,80554,1729,1666,binary,2219400.0,0.0
density:28,density,er_d16,5000,80554,1729,1666,caliber,1900750.0,161400.0
density:28,density,er_d16,5000,80554,1729,1666,degree4,2164200.0,319000.0
density:28,density,er_d16,5000,80554,1729,1666,fourary,2133600.0,0.0
density:28,density,er_d16,5000,80554,1729,1666,max_maxdegree,1409750.0,140600.0
density:28,density,er_d16,5000,80554,1729,1666,mean_degree,1344950.0,75100.0
density:28,density,er_d16,5000,80554,1729,1666,mean_map,1150050.0,75100.0
density:28,density,er_d16,5000,80554,1729,1666,mean_ring,1172400.0,75100.0
density:28,density,er_d16,5000,80554,1729,1666,selected_grid,1156050.0,108369600.0
density:28,density,er_d16,5000,80554,1729,1666,std_binary,2061600.0,0.0
density:28,density,er_d16,5000,80554,1729,3333,binary,2114550.0,0.0
density:28,density,er_d16,5000,80554,1729,3333,caliber,1896050.0,161400.0
density:28,density,er_d16,5000,80554,1729,3333,degree4,2243600.0,319000.0
density:28,density,er_d16,5000,80554,1729,3333,fourary,2051950.0,0.0
density:28,density,er_d16,5000,80554,1729,3333,max_maxdegree,1323200.0,140600.0
density:28,density,er_d16,5000,80554,1729,3333,mean_degree,1295150.0,75100.0
density:28,density,er_d16,5000,80554,1729,3333,mean_map,1166400.0,75100.0
density:28,density,er_d16,5000,80554,1729,3333,mean_ring,1169650.0,75100.0
density:28,density,er_d16,5000,80554,1729,3333,selected_grid,1174700.0,108369600.0
density:28,density,er_d16,5000,80554,1729,3333,std_binary,2072500.0,0.0
density:29,density,er_d32,5000,160837,1729,1666,binary,2693200.0,0.0
density:29,density,er_d32,5000,160837,1729,1666,caliber,2634450.0,293900.0
density:29,density,er_d32,5000,160837,1729,1666,degree4,2801050.0,283500.0
density:29,density,er_d32,5000,160837,1729,1666,fourary,2795150.0,0.0
density:29,density,er_d32,5000,160837,1729,1666,max_maxdegree,2021650.0,221600.0
density:29,density,er_d32,5000,160837,1729,1666,mean_degree,2129250.0,125800.0
density:29,density,er_d32,5000,160837,1729,1666,mean_map,2034400.0,125800.0
density:29,density,er_d32,5000,160837,1729,1666,mean_ring,1983550.0,125800.0
density:29,density,er_d32,5000,160837,1729,1666,selected_grid,1838250.0,160820500.0
density:29,density,er_d32,5000,160837,1729,1666,std_binary,2809500.0,0.0
density:29,density,er_d32,5000,160837,1729,3333,binary,2752850.0,0.0
density:29,density,er_d32,5000,160837,1729,3333,caliber,2619650.0,293900.0
density:29,density,er_d32,5000,160837,1729,3333,degree4,2907500.0,283500.0
density:29,density,er_d32,5000,160837,1729,3333,fourary,2771100.0,0.0
density:29,density,er_d32,5000,160837,1729,3333,max_maxdegree,2002800.0,221600.0
density:29,density,er_d32,5000,160837,1729,3333,mean_degree,2068050.0,125800.0
density:29,density,er_d32,5000,160837,1729,3333,mean_map,2203700.0,125800.0
density:29,density,er_d32,5000,160837,1729,3333,mean_ring,2263550.0,125800.0
density:29,density,er_d32,5000,160837,1729,3333,selected_grid,1749150.0,160820500.0
density:29,density,er_d32,5000,160837,1729,3333,std_binary,2879500.0,0.0
density:3,density,er_d8,1000,8002,42,333,binary,204650.0,0.0
density:3,density,er_d8,1000,8002,42,333,caliber,187800.0,20800.0
density:3,density,er_d8,1000,8002,42,333,degree4,210600.0,55000.0
density:3,density,er_d8,1000,8002,42,333,fourary,204950.0,0.0
density:3,density,er_d8,1000,8002,42,333,max_maxdegree,170000.0,14300.0
density:3,density,er_d8,1000,8002,42,333,mean_degree,162750.0,5100.0
density:3,density,er_d8,1000,8002,42,333,mean_map,132200.0,5100.0
density:3,density,er_d8,1000,8002,42,333,mean_ring,119300.0,5100.0
density:3,density,er_d8,1000,8002,42,333,selected_grid,120450.0,10983700.0
density:3,density,er_d8,1000,8002,42,333,std_binary,202250.0,0.0
density:3,density,er_d8,1000,8002,42,666,binary,205400.0,0.0
density:3,density,er_d8,1000,8002,42,666,caliber,187100.0,20800.0
density:3,density,er_d8,1000,8002,42,666,degree4,211650.0,55000.0
density:3,density,er_d8,1000,8002,42,666,fourary,206200.0,0.0
density:3,density,er_d8,1000,8002,42,666,max_maxdegree,176200.0,14300.0
density:3,density,er_d8,1000,8002,42,666,mean_degree,173650.0,5100.0
density:3,density,er_d8,1000,8002,42,666,mean_map,128650.0,5100.0
density:3,density,er_d8,1000,8002,42,666,mean_ring,122250.0,5100.0
density:3,density,er_d8,1000,8002,42,666,selected_grid,128750.0,10983700.0
density:3,density,er_d8,1000,8002,42,666,std_binary,200500.0,0.0
density:30,density,er_d64,5000,321543,1729,1666,binary,3627950.0,0.0
density:30,density,er_d64,5000,321543,1729,1666,caliber,3563900.0,475900.0
density:30,density,er_d64,5000,321543,1729,1666,degree4,3736500.0,390700.0
density:30,density,er_d64,5000,321543,1729,1666,fourary,3977350.0,0.0
density:30,density,er_d64,5000,321543,1729,1666,max_maxdegree,3271100.0,347600.0
density:30,density,er_d64,5000,321543,1729,1666,mean_degree,3294050.0,243800.0
density:30,density,er_d64,5000,321543,1729,1666,mean_map,3896150.0,243800.0
density:30,density,er_d64,5000,321543,1729,1666,mean_ring,4040300.0,243800.0
density:30,density,er_d64,5000,321543,1729,1666,selected_grid,2782000.0,266975200.0
density:30,density,er_d64,5000,321543,1729,1666,std_binary,4071850.0,0.0
density:30,density,er_d64,5000,321543,1729,3333,binary,3916900.0,0.0
density:30,density,er_d64,5000,321543,1729,3333,caliber,3807400.0,475900.0
density:30,density,er_d64,5000,321543,1729,3333,degree4,4015300.0,390700.0
density:30,density,er_d64,5000,321543,1729,3333,fourary,3854550.0,0.0
density:30,density,er_d64,5000,321543,1729,3333,max_maxdegree,3576350.0,347600.0
density:30,density,er_d64,5000,321543,1729,3333,mean_degree,3367350.0,243800.0
density:30,density,er_d64,5000,321543,1729,3333,mean_map,4058600.0,243800.0
density:30,density,er_d64,5000,321543,1729,3333,mean_ring,4022000.0,243800.0
density:30,density,er_d64,5000,321543,1729,3333,selected_grid,3265950.0,266975200.0
density:30,density,er_d64,5000,321543,1729,3333,std_binary,4128000.0,0.0
density:31,density,er_d128,5000,642281,1729,1666,binary,5603050.0,0.0
density:31,density,er_d128,5000,642281,1729,1666,caliber,5249400.0,1651000.0
density:31,density,er_d128,5000,642281,1729,1666,degree4,5468350.0,528600.0
density:31,density,er_d128,5000,642281,1729,1666,fourary,5554300.0,0.0
density:31,density,er_d128,5000,642281,1729,1666,max_maxdegree,5939250.0,774000.0
density:31,density,er_d128,5000,642281,1729,1666,mean_degree,6076550.0,683300.0
density:31,density,er_d128,5000,642281,1729,1666,mean_map,7551750.0,683300.0
density:31,density,er_d128,5000,642281,1729,1666,mean_ring,7665450.0,683300.0
density:31,density,er_d128,5000,642281,1729,1666,selected_grid,5471550.0,482401900.0
density:31,density,er_d128,5000,642281,1729,1666,std_binary,5920450.0,0.0
density:31,density,er_d128,5000,642281,1729,3333,binary,5676700.0,0.0
density:31,density,er_d128,5000,642281,1729,3333,caliber,5158700.0,1651000.0
density:31,density,er_d128,5000,642281,1729,3333,degree4,5518600.0,528600.0
density:31,density,er_d128,5000,642281,1729,3333,fourary,5482000.0,0.0
density:31,density,er_d128,5000,642281,1729,3333,max_maxdegree,5851950.0,774000.0
density:31,density,er_d128,5000,642281,1729,3333,mean_degree,6220050.0,683300.0
density:31,density,er_d128,5000,642281,1729,3333,mean_map,7580550.0,683300.0
density:31,density,er_d128,5000,642281,1729,3333,mean_ring,7730400.0,683300.0
density:31,density,er_d128,5000,642281,1729,3333,selected_grid,5335050.0,482401900.0
density:31,density,er_d128,5000,642281,1729,3333,std_binary,5850500.0,0.0
density:32,density,er_d256,5000,1282027,1729,1666,binary,6975150.0,0.0
density:32,density,er_d256,5000,1282027,1729,1666,caliber,6863800.0,3170400.0
density:32,density,er_d256,5000,1282027,1729,1666,degree4,7099950.0,1099300.0
density:32,density,er_d256,5000,1282027,1729,1666,fourary,7626050.0,0.0
density:32,density,er_d256,5000,1282027,1729,1666,max_maxdegree,10294900.0,2084200.0
density:32,density,er_d256,5000,1282027,1729,1666,mean_degree,10663800.0,1720500.0
density:32,density,er_d256,5000,1282027,1729,1666,mean_map,12104950.0,1720500.0
density:32,density,er_d256,5000,1282027,1729,1666,mean_ring,12573500.0,1720500.0
density:32,density,er_d256,5000,1282027,1729,1666,selected_grid,10491100.0,854676600.0
density:32,density,er_d256,5000,1282027,1729,1666,std_binary,9120750.0,0.0
density:32,density,er_d256,5000,1282027,1729,3333,binary,6826300.0,0.0
density:32,density,er_d256,5000,1282027,1729,3333,caliber,6756000.0,3170400.0
density:32,density,er_d256,5000,1282027,1729,3333,degree4,6567700.0,1099300.0
density:32,density,er_d256,5000,1282027,1729,3333,fourary,7358650.0,0.0
density:32,density,er_d256,5000,1282027,1729,3333,max_maxdegree,9890500.0,2084200.0
density:32,density,er_d256,5000,1282027,1729,3333,mean_degree,10061000.0,1720500.0
density:32,density,er_d256,5000,1282027,1729,3333,mean_map,13067850.0,1720500.0
density:32,density,er_d256,5000,1282027,1729,3333,mean_ring,12898550.0,1720500.0
density:32,density,er_d256,5000,1282027,1729,3333,selected_grid,9337850.0,854676600.0
density:32,density,er_d256,5000,1282027,1729,3333,std_binary,7996000.0,0.0
density:33,density,er_d2,1000,2014,2026,333,binary,94550.0,0.0
density:33,density,er_d2,1000,2014,2026,333,caliber,78200.0,13600.0
density:33,density,er_d2,1000,2014,2026,333,degree4,112000.0,51800.0
density:33,density,er_d2,1000,2014,2026,333,fourary,94850.0,0.0
density:33,density,er_d2,1000,2014,2026,333,max_maxdegree,100550.0,6300.0
density:33,density,er_d2,1000,2014,2026,333,mean_degree,91750.0,2300.0
density:33,density,er_d2,1000,2014,2026,333,mean_map,84950.0,2300.0
density:33,density,er_d2,1000,2014,2026,333,mean_ring,81300.0,2300.0
density:33,density,er_d2,1000,2014,2026,333,selected_grid,72700.0,7142700.0
density:33,density,er_d2,1000,2014,2026,333,std_binary,86050.0,0.0
density:33,density,er_d2,1000,2014,2026,666,binary,94100.0,0.0
density:33,density,er_d2,1000,2014,2026,666,caliber,76350.0,13600.0
density:33,density,er_d2,1000,2014,2026,666,degree4,110050.0,51800.0
density:33,density,er_d2,1000,2014,2026,666,fourary,94750.0,0.0
density:33,density,er_d2,1000,2014,2026,666,max_maxdegree,103100.0,6300.0
density:33,density,er_d2,1000,2014,2026,666,mean_degree,93050.0,2300.0
density:33,density,er_d2,1000,2014,2026,666,mean_map,84900.0,2300.0
density:33,density,er_d2,1000,2014,2026,666,mean_ring,77750.0,2300.0
density:33,density,er_d2,1000,2014,2026,666,selected_grid,67050.0,7142700.0
density:33,density,er_d2,1000,2014,2026,666,std_binary,88550.0,0.0
density:34,density,er_d4,1000,4062,2026,333,binary,172200.0,0.0
density:34,density,er_d4,1000,4062,2026,333,caliber,145350.0,15200.0
density:34,density,er_d4,1000,4062,2026,333,degree4,202150.0,64800.0
density:34,density,er_d4,1000,4062,2026,333,fourary,170600.0,0.0
density:34,density,er_d4,1000,4062,2026,333,max_maxdegree,155950.0,11600.0
density:34,density,er_d4,1000,4062,2026,333,mean_degree,142600.0,3900.0
density:34,density,er_d4,1000,4062,2026,333,mean_map,118850.0,3900.0
density:34,density,er_d4,1000,4062,2026,333,mean_ring,113000.0,3900.0
density:34,density,er_d4,1000,4062,2026,333,selected_grid,121500.0,10563800.0
density:34,density,er_d4,1000,4062,2026,333,std_binary,163650.0,0.0
density:34,density,er_d4,1000,4062,2026,666,binary,173400.0,0.0
density:34,density,er_d4,1000,4062,2026,666,caliber,149150.0,15200.0
density:34,density,er_d4,1000,4062,2026,666,degree4,196750.0,64800.0
density:34,density,er_d4,1000,4062,2026,666,fourary,180450.0,0.0
density:34,density,er_d4,1000,4062,2026,666,max_maxdegree,156650.0,11600.0
density:34,density,er_d4,1000,4062,2026,666,mean_degree,140550.0,3900.0
density:34,density,er_d4,1000,4062,2026,666,mean_map,131700.0,3900.0
density:34,density,er_d4,1000,4062,2026,666,mean_ring,112550.0,3900.0
density:34,density,er_d4,1000,4062,2026,666,selected_grid,117750.0,10563800.0
density:34,density,er_d4,1000,4062,2026,666,std_binary,167300.0,0.0
density:35,density,er_d8,1000,8079,2026,333,binary,250400.0,0.0
density:35,density,er_d8,1000,8079,2026,333,caliber,226900.0,20900.0
density:35,density,er_d8,1000,8079,2026,333,degree4,256700.0,53800.0
density:35,density,er_d8,1000,8079,2026,333,fourary,254900.0,0.0
density:35,density,er_d8,1000,8079,2026,333,max_maxdegree,209300.0,17800.0
density:35,density,er_d8,1000,8079,2026,333,mean_degree,205850.0,6400.0
density:35,density,er_d8,1000,8079,2026,333,mean_map,161350.0,6400.0
density:35,density,er_d8,1000,8079,2026,333,mean_ring,155750.0,6400.0
density:35,density,er_d8,1000,8079,2026,333,selected_grid,172600.0,14269900.0
density:35,density,er_d8,1000,8079,2026,333,std_binary,240750.0,0.0
density:35,density,er_d8,1000,8079,2026,666,binary,261050.0,0.0
density:35,density,er_d8,1000,8079,2026,666,caliber,241200.0,20900.0
density:35,density,er_d8,1000,8079,2026,666,degree4,267600.0,53800.0
density:35,density,er_d8,1000,8079,2026,666,fourary,258900.0,0.0
density:35,density,er_d8,1000,8079,2026,666,max_maxdegree,218850.0,17800.0
density:35,density,er_d8,1000,8079,2026,666,mean_degree,219050.0,6400.0
density:35,density,er_d8,1000,8079,2026,666,mean_map,171050.0,6400.0
density:35,density,er_d8,1000,8079,2026,666,mean_ring,155450.0,6400.0
density:35,density,er_d8,1000,8079,2026,666,selected_grid,164900.0,14269900.0
density:35,density,er_d8,1000,8079,2026,666,std_binary,253200.0,0.0
density:36,density,er_d16,1000,16075,2026,333,binary,340450.0,0.0
density:36,density,er_d16,1000,16075,2026,333,caliber,311850.0,29600.0
density:36,density,er_d16,1000,16075,2026,333,degree4,348000.0,56600.0
density:36,density,er_d16,1000,16075,2026,333,fourary,340150.0,0.0
density:36,density,er_d16,1000,16075,2026,333,max_maxdegree,281250.0,25700.0
density:36,density,er_d16,1000,16075,2026,333,mean_degree,282300.0,13000.0
density:36,density,er_d16,1000,16075,2026,333,mean_map,208850.0,13000.0
density:36,density,er_d16,1000,16075,2026,333,mean_ring,203600.0,13000.0
density:36,density,er_d16,1000,16075,2026,333,selected_grid,211650.0,18534400.0
density:36,density,er_d16,1000,16075,2026,333,std_binary,340500.0,0.0
density:36,density,er_d16,1000,16075,2026,666,binary,331200.0,0.0
density:36,density,er_d16,1000,16075,2026,666,caliber,313100.0,29600.0
density:36,density,er_d16,1000,16075,2026,666,degree4,336800.0,56600.0
density:36,density,er_d16,1000,16075,2026,666,fourary,337550.0,0.0
density:36,density,er_d16,1000,16075,2026,666,max_maxdegree,274000.0,25700.0
density:36,density,er_d16,1000,16075,2026,666,mean_degree,272950.0,13000.0
density:36,density,er_d16,1000,16075,2026,666,mean_map,207300.0,13000.0
density:36,density,er_d16,1000,16075,2026,666,mean_ring,197450.0,13000.0
density:36,density,er_d16,1000,16075,2026,666,selected_grid,202200.0,18534400.0
density:36,density,er_d16,1000,16075,2026,666,std_binary,335350.0,0.0
density:37,density,er_d32,1000,32044,2026,333,binary,432250.0,0.0
density:37,density,er_d32,1000,32044,2026,333,caliber,419050.0,42900.0
density:37,density,er_d32,1000,32044,2026,333,degree4,449150.0,70200.0
density:37,density,er_d32,1000,32044,2026,333,fourary,429150.0,0.0
density:37,density,er_d32,1000,32044,2026,333,max_maxdegree,399100.0,38400.0
density:37,density,er_d32,1000,32044,2026,333,mean_degree,414900.0,24900.0
density:37,density,er_d32,1000,32044,2026,333,mean_map,342000.0,24900.0
density:37,density,er_d32,1000,32044,2026,333,mean_ring,333900.0,24900.0
density:37,density,er_d32,1000,32044,2026,333,selected_grid,304100.0,27259000.0
density:37,density,er_d32,1000,32044,2026,333,std_binary,446750.0,0.0
density:37,density,er_d32,1000,32044,2026,666,binary,437350.0,0.0
density:37,density,er_d32,1000,32044,2026,666,caliber,433300.0,42900.0
density:37,density,er_d32,1000,32044,2026,666,degree4,498000.0,70200.0
density:37,density,er_d32,1000,32044,2026,666,fourary,432000.0,0.0
density:37,density,er_d32,1000,32044,2026,666,max_maxdegree,391300.0,38400.0
density:37,density,er_d32,1000,32044,2026,666,mean_degree,412550.0,24900.0
density:37,density,er_d32,1000,32044,2026,666,mean_map,413200.0,24900.0
density:37,density,er_d32,1000,32044,2026,666,mean_ring,397950.0,24900.0
density:37,density,er_d32,1000,32044,2026,666,selected_grid,302650.0,27259000.0
density:37,density,er_d32,1000,32044,2026,666,std_binary,461100.0,0.0
density:38,density,er_d64,1000,63889,2026,333,binary,579200.0,0.0
density:38,density,er_d64,1000,63889,2026,333,caliber,550950.0,76600.0
density:38,density,er_d64,1000,63889,2026,333,degree4,589550.0,117500.0
density:38,density,er_d64,1000,63889,2026,333,fourary,591300.0,0.0
density:38,density,er_d64,1000,63889,2026,333,max_maxdegree,624400.0,66000.0
density:38,density,er_d64,1000,63889,2026,333,mean_degree,697700.0,49500.0
density:38,density,er_d64,1000,63889,2026,333,mean_map,675850.0,49500.0
density:38,density,er_d64,1000,63889,2026,333,mean_ring,653100.0,49500.0
density:38,density,er_d64,1000,63889,2026,333,selected_grid,516600.0,44544000.0
density:38,density,er_d64,1000,63889,2026,333,std_binary,617650.0,0.0
density:38,density,er_d64,1000,63889,2026,666,binary,608000.0,0.0
density:38,density,er_d64,1000,63889,2026,666,caliber,589550.0,76600.0
density:38,density,er_d64,1000,63889,2026,666,degree4,616200.0,117500.0
density:38,density,er_d64,1000,63889,2026,666,fourary,650850.0,0.0
density:38,density,er_d64,1000,63889,2026,666,max_maxdegree,627950.0,66000.0
density:38,density,er_d64,1000,63889,2026,666,mean_degree,725400.0,49500.0
density:38,density,er_d64,1000,63889,2026,666,mean_map,690400.0,49500.0
density:38,density,er_d64,1000,63889,2026,666,mean_ring,643100.0,49500.0
density:38,density,er_d64,1000,63889,2026,666,selected_grid,527450.0,44544000.0
density:38,density,er_d64,1000,63889,2026,666,std_binary,677300.0,0.0
density:39,density,er_d128,1000,127918,2026,333,binary,704700.0,0.0
density:39,density,er_d128,1000,127918,2026,333,caliber,705350.0,150300.0
density:39,density,er_d128,1000,127918,2026,333,degree4,771100.0,103500.0
density:39,density,er_d128,1000,127918,2026,333,fourary,719800.0,0.0
density:39,density,er_d128,1000,127918,2026,333,max_maxdegree,963450.0,134500.0
density:39,density,er_d128,1000,127918,2026,333,mean_degree,1050700.0,103800.0
density:39,density,er_d128,1000,127918,2026,333,mean_map,991900.0,103800.0
density:39,density,er_d128,1000,127918,2026,333,mean_ring,989100.0,103800.0
density:39,density,er_d128,1000,127918,2026,333,selected_grid,767950.0,71699700.0
density:39,density,er_d128,1000,127918,2026,333,std_binary,864750.0,0.0
density:39,density,er_d128,1000,127918,2026,666,binary,737550.0,0.0
density:39,density,er_d128,1000,127918,2026,666,caliber,702250.0,150300.0
density:39,density,er_d128,1000,127918,2026,666,degree4,729300.0,103500.0
density:39,density,er_d128,1000,127918,2026,666,fourary,717500.0,0.0
density:39,density,er_d128,1000,127918,2026,666,max_maxdegree,1017000.0,134500.0
density:39,density,er_d128,1000,127918,2026,666,mean_degree,1005750.0,103800.0
density:39,density,er_d128,1000,127918,2026,666,mean_map,1064300.0,103800.0
density:39,density,er_d128,1000,127918,2026,666,mean_ring,1075350.0,103800.0
density:39,density,er_d128,1000,127918,2026,666,selected_grid,792500.0,71699700.0
density:39,density,er_d128,1000,127918,2026,666,std_binary,860750.0,0.0
density:4,density,er_d16,1000,15852,42,333,binary,278200.0,0.0
density:4,density,er_d16,1000,15852,42,333,caliber,252450.0,22800.0
density:4,density,er_d16,1000,15852,42,333,degree4,278450.0,43000.0
density:4,density,er_d16,1000,15852,42,333,fourary,268950.0,0.0
density:4,density,er_d16,1000,15852,42,333,max_maxdegree,222150.0,19800.0
density:4,density,er_d16,1000,15852,42,333,mean_degree,232650.0,10100.0
density:4,density,er_d16,1000,15852,42,333,mean_map,176200.0,10100.0
density:4,density,er_d16,1000,15852,42,333,mean_ring,165700.0,10100.0
density:4,density,er_d16,1000,15852,42,333,selected_grid,170750.0,16075500.0
density:4,density,er_d16,1000,15852,42,333,std_binary,281100.0,0.0
density:4,density,er_d16,1000,15852,42,666,binary,295150.0,0.0
density:4,density,er_d16,1000,15852,42,666,caliber,263800.0,22800.0
density:4,density,er_d16,1000,15852,42,666,degree4,289800.0,43000.0
density:4,density,er_d16,1000,15852,42,666,fourary,283250.0,0.0
density:4,density,er_d16,1000,15852,42,666,max_maxdegree,241600.0,19800.0
density:4,density,er_d16,1000,15852,42,666,mean_degree,245950.0,10100.0
density:4,density,er_d16,1000,15852,42,666,mean_map,177800.0,10100.0
density:4,density,er_d16,1000,15852,42,666,mean_ring,168800.0,10100.0
density:4,density,er_d16,1000,15852,42,666,selected_grid,173550.0,16075500.0
density:4,density,er_d16,1000,15852,42,666,std_binary,290650.0,0.0
density:40,density,er_d256,1000,255736,2026,333,binary,901800.0,0.0
density:40,density,er_d256,1000,255736,2026,333,caliber,882700.0,340800.0
density:40,density,er_d256,1000,255736,2026,333,degree4,927500.0,146700.0
density:40,density,er_d256,1000,255736,2026,333,fourary,922650.0,0.0
density:40,density,er_d256,1000,255736,2026,333,max_maxdegree,1697650.0,299000.0
density:40,density,er_d256,1000,255736,2026,333,mean_degree,1729900.0,207700.0
density:40,density,er_d256,1000,255736,2026,333,mean_map,1705100.0,207700.0
density:40,density,er_d256,1000,255736,2026,333,mean_ring,1754700.0,207700.0
density:40,density,er_d256,1000,255736,2026,333,selected_grid,1604300.0,131137500.0
density:40,density,er_d256,1000,255736,2026,333,std_binary,1148400.0,0.0
density:40,density,er_d256,1000,255736,2026,666,binary,946300.0,0.0
density:40,density,er_d256,1000,255736,2026,666,caliber,894850.0,340800.0
density:40,density,er_d256,1000,255736,2026,666,degree4,917800.0,146700.0
density:40,density,er_d256,1000,255736,2026,666,fourary,952400.0,0.0
density:40,density,er_d256,1000,255736,2026,666,max_maxdegree,1637600.0,299000.0
density:40,density,er_d256,1000,255736,2026,666,mean_degree,1701350.0,207700.0
density:40,density,er_d256,1000,255736,2026,666,mean_map,1720300.0,207700.0
density:40,density,er_d256,1000,255736,2026,666,mean_ring,1836350.0,207700.0
density:40,density,er_d256,1000,255736,2026,666,selected_grid,1423100.0,131137500.0
density:40,density,er_d256,1000,255736,2026,666,std_binary,1167550.0,0.0
density:41,density,er_d2,5000,10073,2026,1666,binary,550950.0,0.0
density:41,density,er_d2,5000,10073,2026,1666,caliber,440150.0,63800.0
density:41,density,er_d2,5000,10073,2026,1666,degree4,687550.0,251600.0
density:41,density,er_d2,5000,10073,2026,1666,fourary,562050.0,0.0
density:41,density,er_d2,5000,10073,2026,1666,max_maxdegree,435300.0,47400.0
density:41,density,er_d2,5000,10073,2026,1666,mean_degree,389600.0,24600.0
density:41,density,er_d2,5000,10073,2026,1666,mean_map,367000.0,24600.0
density:41,density,er_d2,5000,10073,2026,1666,mean_ring,329450.0,24600.0
density:41,density,er_d2,5000,10073,2026,1666,selected_grid,282700.0,29420200.0
density:41,density,er_d2,5000,10073,2026,1666,std_binary,543800.0,0.0
density:41,density,er_d2,5000,10073,2026,3333,binary,575300.0,0.0
density:41,density,er_d2,5000,10073,2026,3333,caliber,465850.0,63800.0
density:41,density,er_d2,5000,10073,2026,3333,degree4,719900.0,251600.0
density:41,density,er_d2,5000,10073,2026,3333,fourary,626450.0,0.0
density:41,density,er_d2,5000,10073,2026,3333,max_maxdegree,438800.0,47400.0
density:41,density,er_d2,5000,10073,2026,3333,mean_degree,398950.0,24600.0
density:41,density,er_d2,5000,10073,2026,3333,mean_map,415550.0,24600.0
density:41,density,er_d2,5000,10073,2026,3333,mean_ring,346500.0,24600.0
density:41,density,er_d2,5000,10073,2026,3333,selected_grid,299750.0,29420200.0
density:41,density,er_d2,5000,10073,2026,3333,std_binary,552750.0,0.0
density:42,density,er_d4,5000,20095,2026,1666,binary,1017000.0,0.0
density:42,density,er_d4,5000,20095,2026,1666,caliber,861700.0,71900.0
density:42,density,er_d4,5000,20095,2026,1666,degree4,1234750.0,269900.0
density:42,density,er_d4,5000,20095,2026,1666,fourary,1004950.0,0.0
density:42,density,er_d4,5000,20095,2026,1666,max_maxdegree,682450.0,77300.0
density:42,density,er_d4,5000,20095,2026,1666,mean_degree,646100.0,39900.0
density:42,density,er_d4,5000,20095,2026,1666,mean_map,566350.0,39900.0
density:42,density,er_d4,5000,20095,2026,1666,mean_ring,516350.0,39900.0
density:42,density,er_d4,5000,20095,2026,1666,selected_grid,474800.0,49097200.0
density:42,density,er_d4,5000,20095,2026,1666,std_binary,961550.0,0.0
density:42,density,er_d4,5000,20095,2026,3333,binary,1005300.0,0.0
density:42,density,er_d4,5000,20095,2026,3333,caliber,880150.0,71900.0
density:42,density,er_d4,5000,20095,2026,3333,degree4,1309950.0,269900.0
density:42,density,er_d4,5000,20095,2026,3333,fourary,1021450.0,0.0
density:42,density,er_d4,5000,20095,2026,3333,max_maxdegree,697300.0,77300.0
density:42,density,er_d4,5000,20095,2026,3333,mean_degree,651350.0,39900.0
density:42,density,er_d4,5000,20095,2026,3333,mean_map,555200.0,39900.0
density:42,density,er_d4,5000,20095,2026,3333,mean_ring,519500.0,39900.0
density:42,density,er_d4,5000,20095,2026,3333,selected_grid,543400.0,49097200.0
density:42,density,er_d4,5000,20095,2026,3333,std_binary,963800.0,0.0
density:43,density,er_d8,5000,39967,2026,1666,binary,1616100.0,0.0
density:43,density,er_d8,5000,39967,2026,1666,caliber,1357650.0,136900.0
density:43,density,er_d8,5000,39967,2026,1666,degree4,1633450.0,279000.0
density:43,density,er_d8,5000,39967,2026,1666,fourary,1570150.0,0.0
density:43,density,er_d8,5000,39967,2026,1666,max_maxdegree,977900.0,107200.0
density:43,density,er_d8,5000,39967,2026,1666,mean_degree,942600.0,81500.0
density:43,density,er_d8,5000,39967,2026,1666,mean_map,944300.0,81500.0
density:43,density,er_d8,5000,39967,2026,1666,mean_ring,767800.0,81500.0
density:43,density,er_d8,5000,39967,2026,1666,selected_grid,895400.0,72813900.0
density:43,density,er_d8,5000,39967,2026,1666,std_binary,1514150.0,0.0
density:43,density,er_d8,5000,39967,2026,3333,binary,1516600.0,0.0
density:43,density,er_d8,5000,39967,2026,3333,caliber,1386600.0,136900.0
density:43,density,er_d8,5000,39967,2026,3333,degree4,1672950.0,279000.0
density:43,density,er_d8,5000,39967,2026,3333,fourary,1562800.0,0.0
density:43,density,er_d8,5000,39967,2026,3333,max_maxdegree,1028900.0,107200.0
density:43,density,er_d8,5000,39967,2026,3333,mean_degree,973550.0,81500.0
density:43,density,er_d8,5000,39967,2026,3333,mean_map,821750.0,81500.0
density:43,density,er_d8,5000,39967,2026,3333,mean_ring,773000.0,81500.0
density:43,density,er_d8,5000,39967,2026,3333,selected_grid,792600.0,72813900.0
density:43,density,er_d8,5000,39967,2026,3333,std_binary,1584050.0,0.0
density:44,density,er_d16,5000,80074,2026,1666,binary,2250100.0,0.0
density:44,density,er_d16,5000,80074,2026,1666,caliber,2021750.0,141600.0
density:44,density,er_d16,5000,80074,2026,1666,degree4,2384850.0,284700.0
density:44,density,er_d16,5000,80074,2026,1666,fourary,2144300.0,0.0
density:44,density,er_d16,5000,80074,2026,1666,max_maxdegree,1413850.0,145800.0
density:44,density,er_d16,5000,80074,2026,1666,mean_degree,1394300.0,75000.0
density:44,density,er_d16,5000,80074,2026,1666,mean_map,1313350.0,75000.0
density:44,density,er_d16,5000,80074,2026,1666,mean_ring,1398950.0,75000.0
density:44,density,er_d16,5000,80074,2026,1666,selected_grid,1232700.0,105463800.0
density:44,density,er_d16,5000,80074,2026,1666,std_binary,2178750.0,0.0
density:44,density,er_d16,5000,80074,2026,3333,binary,2206800.0,0.0
density:44,density,er_d16,5000,80074,2026,3333,caliber,1961400.0,141600.0
density:44,density,er_d16,5000,80074,2026,3333,degree4,2354800.0,284700.0
density:44,density,er_d16,5000,80074,2026,3333,fourary,2153550.0,0.0
density:44,density,er_d16,5000,80074,2026,3333,max_maxdegree,1363250.0,145800.0
density:44,density,er_d16,5000,80074,2026,3333,mean_degree,1370550.0,75000.0
density:44,density,er_d16,5000,80074,2026,3333,mean_map,1288600.0,75000.0
density:44,density,er_d16,5000,80074,2026,3333,mean_ring,1330050.0,75000.0
density:44,density,er_d16,5000,80074,2026,3333,selected_grid,1237300.0,105463800.0
density:44,density,er_d16,5000,80074,2026,3333,std_binary,2111650.0,0.0
density:45,density,er_d32,5000,160149,2026,1666,binary,2727450.0,0.0
density:45,density,er_d32,5000,160149,2026,1666,caliber,2615600.0,260500.0
density:45,density,er_d32,5000,160149,2026,1666,degree4,3060700.0,269800.0
density:45,density,er_d32,5000,160149,2026,1666,fourary,2901150.0,0.0
density:45,density,er_d32,5000,160149,2026,1666,max_maxdegree,2215500.0,221500.0
density:45,density,er_d32,5000,160149,2026,1666,mean_degree,2056150.0,129900.0
density:45,density,er_d32,5000,160149,2026,1666,mean_map,1972250.0,129900.0
density:45,density,er_d32,5000,160149,2026,1666,mean_ring,1870750.0,129900.0
density:45,density,er_d32,5000,160149,2026,1666,selected_grid,1890450.0,164686900.0
density:45,density,er_d32,5000,160149,2026,1666,std_binary,2891800.0,0.0
density:45,density,er_d32,5000,160149,2026,3333,binary,2860500.0,0.0
density:45,density,er_d32,5000,160149,2026,3333,caliber,2645600.0,260500.0
density:45,density,er_d32,5000,160149,2026,3333,degree4,2854350.0,269800.0
density:45,density,er_d32,5000,160149,2026,3333,fourary,2997000.0,0.0
density:45,density,er_d32,5000,160149,2026,3333,max_maxdegree,2036200.0,221500.0
density:45,density,er_d32,5000,160149,2026,3333,mean_degree,1977250.0,129900.0
density:45,density,er_d32,5000,160149,2026,3333,mean_map,1882700.0,129900.0
density:45,density,er_d32,5000,160149,2026,3333,mean_ring,1809300.0,129900.0
density:45,density,er_d32,5000,160149,2026,3333,selected_grid,2011200.0,164686900.0
density:45,density,er_d32,5000,160149,2026,3333,std_binary,2885550.0,0.0
density:46,density,er_d64,5000,320601,2026,1666,binary,3719650.0,0.0
density:46,density,er_d64,5000,320601,2026,1666,caliber,3709800.0,449800.0
density:46,density,er_d64,5000,320601,2026,1666,degree4,3793700.0,450400.0
density:46,density,er_d64,5000,320601,2026,1666,fourary,3812250.0,0.0
density:46,density,er_d64,5000,320601,2026,1666,max_maxdegree,3263900.0,401200.0
density:46,density,er_d64,5000,320601,2026,1666,mean_degree,3407100.0,250600.0
density:46,density,er_d64,5000,320601,2026,1666,mean_map,4079750.0,250600.0
density:46,density,er_d64,5000,320601,2026,1666,mean_ring,4073500.0,250600.0
density:46,density,er_d64,5000,320601,2026,1666,selected_grid,2928600.0,258630200.0
density:46,density,er_d64,5000,320601,2026,1666,std_binary,4069150.0,0.0
density:46,density,er_d64,5000,320601,2026,3333,binary,3635450.0,0.0
density:46,density,er_d64,5000,320601,2026,3333,caliber,3508750.0,449800.0
density:46,density,er_d64,5000,320601,2026,3333,degree4,3822850.0,450400.0
density:46,density,er_d64,5000,320601,2026,3333,fourary,3702450.0,0.0
density:46,density,er_d64,5000,320601,2026,3333,max_maxdegree,3646300.0,401200.0
density:46,density,er_d64,5000,320601,2026,3333,mean_degree,3548150.0,250600.0
density:46,density,er_d64,5000,320601,2026,3333,mean_map,3950700.0,250600.0
density:46,density,er_d64,5000,320601,2026,3333,mean_ring,4048400.0,250600.0
density:46,density,er_d64,5000,320601,2026,3333,selected_grid,3001750.0,258630200.0
density:46,density,er_d64,5000,320601,2026,3333,std_binary,4519650.0,0.0
density:47,density,er_d128,5000,640503,2026,1666,binary,8449150.0,0.0
density:47,density,er_d128,5000,640503,2026,1666,caliber,7239000.0,1129900.0
density:47,density,er_d128,5000,640503,2026,1666,degree4,7542750.0,585300.0
density:47,density,er_d128,5000,640503,2026,1666,fourary,7589750.0,0.0
density:47,density,er_d128,5000,640503,2026,1666,max_maxdegree,8157050.0,1130500.0
density:47,density,er_d128,5000,640503,2026,1666,mean_degree,8536650.0,735200.0
density:47,density,er_d128,5000,640503,2026,1666,mean_map,10101800.0,735200.0
density:47,density,er_d128,5000,640503,2026,1666,mean_ring,9764100.0,735200.0
density:47,density,er_d128,5000,640503,2026,1666,selected_grid,7085700.0,536077500.0
density:47,density,er_d128,5000,640503,2026,1666,std_binary,7783400.0,0.0
density:47,density,er_d128,5000,640503,2026,3333,binary,5694900.0,0.0
density:47,density,er_d128,5000,640503,2026,3333,caliber,5385550.0,1129900.0
density:47,density,er_d128,5000,640503,2026,3333,degree4,5910250.0,585300.0
density:47,density,er_d128,5000,640503,2026,3333,fourary,6053750.0,0.0
density:47,density,er_d128,5000,640503,2026,3333,max_maxdegree,6514100.0,1130500.0
density:47,density,er_d128,5000,640503,2026,3333,mean_degree,6653150.0,735200.0
density:47,density,er_d128,5000,640503,2026,3333,mean_map,8235750.0,735200.0
density:47,density,er_d128,5000,640503,2026,3333,mean_ring,8391150.0,735200.0
density:47,density,er_d128,5000,640503,2026,3333,selected_grid,5908000.0,536077500.0
density:47,density,er_d128,5000,640503,2026,3333,std_binary,6357850.0,0.0
density:48,density,er_d256,5000,1279610,2026,1666,binary,6941150.0,0.0
density:48,density,er_d256,5000,1279610,2026,1666,caliber,6872100.0,3028100.0
density:48,density,er_d256,5000,1279610,2026,1666,degree4,6972650.0,836700.0
density:48,density,er_d256,5000,1279610,2026,1666,fourary,7089800.0,0.0
density:48,density,er_d256,5000,1279610,2026,1666,max_maxdegree,9593100.0,2104200.0
density:48,density,er_d256,5000,1279610,2026,1666,mean_degree,9871850.0,1712200.0
density:48,density,er_d256,5000,1279610,2026,1666,mean_map,12463050.0,1712200.0
density:48,density,er_d256,5000,1279610,2026,1666,mean_ring,12353250.0,1712200.0
density:48,density,er_d256,5000,1279610,2026,1666,selected_grid,9756600.0,844829000.0
density:48,density,er_d256,5000,1279610,2026,1666,std_binary,8309400.0,0.0
density:48,density,er_d256,5000,1279610,2026,3333,binary,6851850.0,0.0
density:48,density,er_d256,5000,1279610,2026,3333,caliber,6654150.0,3028100.0
density:48,density,er_d256,5000,1279610,2026,3333,degree4,6763700.0,836700.0
density:48,density,er_d256,5000,1279610,2026,3333,fourary,7089450.0,0.0
density:48,density,er_d256,5000,1279610,2026,3333,max_maxdegree,9865250.0,2104200.0
density:48,density,er_d256,5000,1279610,2026,3333,mean_degree,9990700.0,1712200.0
density:48,density,er_d256,5000,1279610,2026,3333,mean_map,12505750.0,1712200.0
density:48,density,er_d256,5000,1279610,2026,3333,mean_ring,12837500.0,1712200.0
density:48,density,er_d256,5000,1279610,2026,3333,selected_grid,9333250.0,844829000.0
density:48,density,er_d256,5000,1279610,2026,3333,std_binary,7929200.0,0.0
density:5,density,er_d32,1000,31685,42,333,binary,364200.0,0.0
density:5,density,er_d32,1000,31685,42,333,caliber,350100.0,36200.0
density:5,density,er_d32,1000,31685,42,333,degree4,378300.0,73500.0
density:5,density,er_d32,1000,31685,42,333,fourary,359350.0,0.0
density:5,density,er_d32,1000,31685,42,333,max_maxdegree,327800.0,32200.0
density:5,density,er_d32,1000,31685,42,333,mean_degree,337950.0,20500.0
density:5,density,er_d32,1000,31685,42,333,mean_map,302950.0,20500.0
density:5,density,er_d32,1000,31685,42,333,mean_ring,297950.0,20500.0
density:5,density,er_d32,1000,31685,42,333,selected_grid,249550.0,22735400.0
density:5,density,er_d32,1000,31685,42,333,std_binary,380400.0,0.0
density:5,density,er_d32,1000,31685,42,666,binary,377800.0,0.0
density:5,density,er_d32,1000,31685,42,666,caliber,345600.0,36200.0
density:5,density,er_d32,1000,31685,42,666,degree4,376250.0,73500.0
density:5,density,er_d32,1000,31685,42,666,fourary,377250.0,0.0
density:5,density,er_d32,1000,31685,42,666,max_maxdegree,333650.0,32200.0
density:5,density,er_d32,1000,31685,42,666,mean_degree,337000.0,20500.0
density:5,density,er_d32,1000,31685,42,666,mean_map,311150.0,20500.0
density:5,density,er_d32,1000,31685,42,666,mean_ring,314350.0,20500.0
density:5,density,er_d32,1000,31685,42,666,selected_grid,242900.0,22735400.0
density:5,density,er_d32,1000,31685,42,666,std_binary,384750.0,0.0
density:6,density,er_d64,1000,63664,42,333,binary,482200.0,0.0
density:6,density,er_d64,1000,63664,42,333,caliber,477200.0,68200.0
density:6,density,er_d64,1000,63664,42,333,degree4,492450.0,79300.0
density:6,density,er_d64,1000,63664,42,333,fourary,496000.0,0.0
density:6,density,er_d64,1000,63664,42,333,max_maxdegree,520500.0,69100.0
density:6,density,er_d64,1000,63664,42,333,mean_degree,569700.0,43700.0
density:6,density,er_d64,1000,63664,42,333,mean_map,525650.0,43700.0
density:6,density,er_d64,1000,63664,42,333,mean_ring,517050.0,43700.0
density:6,density,er_d64,1000,63664,42,333,selected_grid,400900.0,38984800.0
density:6,density,er_d64,1000,63664,42,333,std_binary,525650.0,0.0
density:6,density,er_d64,1000,63664,42,666,binary,494400.0,0.0
density:6,density,er_d64,1000,63664,42,666,caliber,475050.0,68200.0
density:6,density,er_d64,1000,63664,42,666,degree4,514100.0,79300.0
density:6,density,er_d64,1000,63664,42,666,fourary,506250.0,0.0
density:6,density,er_d64,1000,63664,42,666,max_maxdegree,537550.0,69100.0
density:6,density,er_d64,1000,63664,42,666,mean_degree,566350.0,43700.0
density:6,density,er_d64,1000,63664,42,666,mean_map,549700.0,43700.0
density:6,density,er_d64,1000,63664,42,666,mean_ring,551500.0,43700.0
density:6,density,er_d64,1000,63664,42,666,selected_grid,424400.0,38984800.0
density:6,density,er_d64,1000,63664,42,666,std_binary,553950.0,0.0
density:7,density,er_d128,1000,127491,42,333,binary,598050.0,0.0
density:7,density,er_d128,1000,127491,42,333,caliber,591300.0,147100.0
density:7,density,er_d128,1000,127491,42,333,degree4,615050.0,97700.0
density:7,density,er_d128,1000,127491,42,333,fourary,602200.0,0.0
density:7,density,er_d128,1000,127491,42,333,max_maxdegree,817450.0,114900.0
density:7,density,er_d128,1000,127491,42,333,mean_degree,851200.0,91400.0
density:7,density,er_d128,1000,127491,42,333,mean_map,903750.0,91400.0
density:7,density,er_d128,1000,127491,42,333,mean_ring,901950.0,91400.0
density:7,density,er_d128,1000,127491,42,333,selected_grid,644700.0,64552800.0
density:7,density,er_d128,1000,127491,42,333,std_binary,693350.0,0.0
density:7,density,er_d128,1000,127491,42,666,binary,565000.0,0.0
density:7,density,er_d128,1000,127491,42,666,caliber,552550.0,147100.0
density:7,density,er_d128,1000,127491,42,666,degree4,580800.0,97700.0
density:7,density,er_d128,1000,127491,42,666,fourary,570850.0,0.0
density:7,density,er_d128,1000,127491,42,666,max_maxdegree,802150.0,114900.0
density:7,density,er_d128,1000,127491,42,666,mean_degree,838400.0,91400.0
density:7,density,er_d128,1000,127491,42,666,mean_map,813100.0,91400.0
density:7,density,er_d128,1000,127491,42,666,mean_ring,814400.0,91400.0
density:7,density,er_d128,1000,127491,42,666,selected_grid,623400.0,64552800.0
density:7,density,er_d128,1000,127491,42,666,std_binary,668250.0,0.0
density:8,density,er_d256,1000,255852,42,333,binary,737400.0,0.0
density:8,density,er_d256,1000,255852,42,333,caliber,723500.0,264400.0
density:8,density,er_d256,1000,255852,42,333,degree4,801000.0,121000.0
density:8,density,er_d256,1000,255852,42,333,fourary,774750.0,0.0
density:8,density,er_d256,1000,255852,42,333,max_maxdegree,1360400.0,280600.0
density:8,density,er_d256,1000,255852,42,333,mean_degree,1438850.0,169300.0
density:8,density,er_d256,1000,255852,42,333,mean_map,1448950.0,169300.0
density:8,density,er_d256,1000,255852,42,333,mean_ring,1480300.0,169300.0
density:8,density,er_d256,1000,255852,42,333,selected_grid,1213650.0,104456100.0
density:8,density,er_d256,1000,255852,42,333,std_binary,1045500.0,0.0
density:8,density,er_d256,1000,255852,42,666,binary,788850.0,0.0
density:8,density,er_d256,1000,255852,42,666,caliber,780550.0,264400.0
density:8,density,er_d256,1000,255852,42,666,degree4,818050.0,121000.0
density:8,density,er_d256,1000,255852,42,666,fourary,791600.0,0.0
density:8,density,er_d256,1000,255852,42,666,max_maxdegree,1422500.0,280600.0
density:8,density,er_d256,1000,255852,42,666,mean_degree,1499150.0,169300.0
density:8,density,er_d256,1000,255852,42,666,mean_map,1528250.0,169300.0
density:8,density,er_d256,1000,255852,42,666,mean_ring,1540050.0,169300.0
density:8,density,er_d256,1000,255852,42,666,selected_grid,1267700.0,104456100.0
density:8,density,er_d256,1000,255852,42,666,std_binary,998850.0,0.0
density:9,density,er_d2,5000,10076,42,1666,binary,3850.0,0.0
density:9,density,er_d2,5000,10076,42,1666,caliber,3650.0,85200.0
density:9,density,er_d2,5000,10076,42,1666,degree4,9450.0,3097500.0
density:9,density,er_d2,5000,10076,42,1666,fourary,6900.0,0.0
density:9,density,er_d2,5000,10076,42,1666,max_maxdegree,8250.0,79200.0
density:9,density,er_d2,5000,10076,42,1666,mean_degree,8350.0,43100.0
density:9,density,er_d2,5000,10076,42,1666,mean_map,66500.0,43100.0
density:9,density,er_d2,5000,10076,42,1666,mean_ring,8350.0,43100.0
density:9,density,er_d2,5000,10076,42,1666,selected_grid,69500.0,78184500.0
density:9,density,er_d2,5000,10076,42,1666,std_binary,6650.0,0.0
density:9,density,er_d2,5000,10076,42,3333,binary,4300.0,0.0
density:9,density,er_d2,5000,10076,42,3333,caliber,4000.0,85200.0
density:9,density,er_d2,5000,10076,42,3333,degree4,4300.0,3097500.0
density:9,density,er_d2,5000,10076,42,3333,fourary,4250.0,0.0
density:9,density,er_d2,5000,10076,42,3333,max_maxdegree,8050.0,79200.0
density:9,density,er_d2,5000,10076,42,3333,mean_degree,7900.0,43100.0
density:9,density,er_d2,5000,10076,42,3333,mean_map,9100.0,43100.0
density:9,density,er_d2,5000,10076,42,3333,mean_ring,67500.0,43100.0
density:9,density,er_d2,5000,10076,42,3333,selected_grid,7900.0,78184500.0
density:9,density,er_d2,5000,10076,42,3333,std_binary,8900.0,0.0
laws:1,laws,sparse_uniform,2000,9049,42,667,binary,407400.0,0.0
laws:1,laws,sparse_uniform,2000,9049,42,667,caliber,357350.0,35600.0
laws:1,laws,sparse_uniform,2000,9049,42,667,degree4,449300.0,129300.0
laws:1,laws,sparse_uniform,2000,9049,42,667,fourary,440300.0,0.0
laws:1,laws,sparse_uniform,2000,9049,42,667,max_maxdegree,284800.0,27000.0
laws:1,laws,sparse_uniform,2000,9049,42,667,mean_degree,291550.0,8200.0
laws:1,laws,sparse_uniform,2000,9049,42,667,mean_map,251900.0,8200.0
laws:1,laws,sparse_uniform,2000,9049,42,667,mean_ring,227950.0,8200.0
laws:1,laws,sparse_uniform,2000,9049,42,667,selected_grid,226200.0,21197600.0
laws:1,laws,sparse_uniform,2000,9049,42,667,std_binary,400550.0,0.0
laws:1,laws,sparse_uniform,2000,9049,42,1333,binary,415500.0,0.0
laws:1,laws,sparse_uniform,2000,9049,42,1333,caliber,366600.0,35600.0
laws:1,laws,sparse_uniform,2000,9049,42,1333,degree4,463450.0,129300.0
laws:1,laws,sparse_uniform,2000,9049,42,1333,fourary,414650.0,0.0
laws:1,laws,sparse_uniform,2000,9049,42,1333,max_maxdegree,295850.0,27000.0
laws:1,laws,sparse_uniform,2000,9049,42,1333,mean_degree,300550.0,8200.0
laws:1,laws,sparse_uniform,2000,9049,42,1333,mean_map,251750.0,8200.0
laws:1,laws,sparse_uniform,2000,9049,42,1333,mean_ring,228500.0,8200.0
laws:1,laws,sparse_uniform,2000,9049,42,1333,selected_grid,227150.0,21197600.0
laws:1,laws,sparse_uniform,2000,9049,42,1333,std_binary,400200.0,0.0
laws:10,laws,clustered_near,2000,51918,42,667,binary,413750.0,0.0
laws:10,laws,clustered_near,2000,51918,42,667,caliber,464850.0,109100.0
laws:10,laws,clustered_near,2000,51918,42,667,degree4,458900.0,182300.0
laws:10,laws,clustered_near,2000,51918,42,667,fourary,408050.0,0.0
laws:10,laws,clustered_near,2000,51918,42,667,max_maxdegree,369000.0,66000.0
laws:10,laws,clustered_near,2000,51918,42,667,mean_degree,372750.0,40200.0
laws:10,laws,clustered_near,2000,51918,42,667,mean_map,427950.0,40200.0
laws:10,laws,clustered_near,2000,51918,42,667,mean_ring,420050.0,40200.0
laws:10,laws,clustered_near,2000,51918,42,667,selected_grid,361500.0,28013700.0
laws:10,laws,clustered_near,2000,51918,42,667,std_binary,445900.0,0.0
laws:10,laws,clustered_near,2000,51918,42,1333,binary,418950.0,0.0
laws:10,laws,clustered_near,2000,51918,42,1333,caliber,461350.0,109100.0
laws:10,laws,clustered_near,2000,51918,42,1333,degree4,420950.0,182300.0
laws:10,laws,clustered_near,2000,51918,42,1333,fourary,420450.0,0.0
laws:10,laws,clustered_near,2000,51918,42,1333,max_maxdegree,369450.0,66000.0
laws:10,laws,clustered_near,2000,51918,42,1333,mean_degree,371500.0,40200.0
laws:10,laws,clustered_near,2000,51918,42,1333,mean_map,420600.0,40200.0
laws:10,laws,clustered_near,2000,51918,42,1333,mean_ring,411900.0,40200.0
laws:10,laws,clustered_near,2000,51918,42,1333,selected_grid,371400.0,28013700.0
laws:10,laws,clustered_near,2000,51918,42,1333,std_binary,442150.0,0.0
laws:11,laws,clustered_skew,2000,51918,42,667,binary,565800.0,0.0
laws:11,laws,clustered_skew,2000,51918,42,667,caliber,600700.0,80000.0
laws:11,laws,clustered_skew,2000,51918,42,667,degree4,581100.0,127700.0
laws:11,laws,clustered_skew,2000,51918,42,667,fourary,559500.0,0.0
laws:11,laws,clustered_skew,2000,51918,42,667,max_maxdegree,447100.0,66600.0
laws:11,laws,clustered_skew,2000,51918,42,667,mean_degree,540300.0,41200.0
laws:11,laws,clustered_skew,2000,51918,42,667,mean_map,455600.0,41200.0
laws:11,laws,clustered_skew,2000,51918,42,667,mean_ring,453200.0,41200.0
laws:11,laws,clustered_skew,2000,51918,42,667,selected_grid,439050.0,35797000.0
laws:11,laws,clustered_skew,2000,51918,42,667,std_binary,588900.0,0.0
laws:11,laws,clustered_skew,2000,51918,42,1333,binary,548200.0,0.0
laws:11,laws,clustered_skew,2000,51918,42,1333,caliber,598200.0,80000.0
laws:11,laws,clustered_skew,2000,51918,42,1333,degree4,565050.0,127700.0
laws:11,laws,clustered_skew,2000,51918,42,1333,fourary,550100.0,0.0
laws:11,laws,clustered_skew,2000,51918,42,1333,max_maxdegree,468950.0,66600.0
laws:11,laws,clustered_skew,2000,51918,42,1333,mean_degree,547050.0,41200.0
laws:11,laws,clustered_skew,2000,51918,42,1333,mean_map,471250.0,41200.0
laws:11,laws,clustered_skew,2000,51918,42,1333,mean_ring,482250.0,41200.0
laws:11,laws,clustered_skew,2000,51918,42,1333,selected_grid,453400.0,35797000.0
laws:11,laws,clustered_skew,2000,51918,42,1333,std_binary,584750.0,0.0
laws:12,laws,clustered_bimodal,2000,51918,42,667,binary,388300.0,0.0
laws:12,laws,clustered_bimodal,2000,51918,42,667,caliber,384500.0,89300.0
laws:12,laws,clustered_bimodal,2000,51918,42,667,degree4,405600.0,127800.0
laws:12,laws,clustered_bimodal,2000,51918,42,667,fourary,456000.0,0.0
laws:12,laws,clustered_bimodal,2000,51918,42,667,max_maxdegree,364500.0,66400.0
laws:12,laws,clustered_bimodal,2000,51918,42,667,mean_degree,352450.0,40200.0
laws:12,laws,clustered_bimodal,2000,51918,42,667,mean_map,377050.0,40200.0
laws:12,laws,clustered_bimodal,2000,51918,42,667,mean_ring,386000.0,40200.0
laws:12,laws,clustered_bimodal,2000,51918,42,667,radix,288450.0,0.0
laws:12,laws,clustered_bimodal,2000,51918,42,667,selected_grid,365700.0,26504200.0
laws:12,laws,clustered_bimodal,2000,51918,42,667,std_binary,368900.0,0.0
laws:12,laws,clustered_bimodal,2000,51918,42,1333,binary,384200.0,0.0
laws:12,laws,clustered_bimodal,2000,51918,42,1333,caliber,381200.0,89300.0
laws:12,laws,clustered_bimodal,2000,51918,42,1333,degree4,392600.0,127800.0
laws:12,laws,clustered_bimodal,2000,51918,42,1333,fourary,429950.0,0.0
laws:12,laws,clustered_bimodal,2000,51918,42,1333,max_maxdegree,382450.0,66400.0
laws:12,laws,clustered_bimodal,2000,51918,42,1333,mean_degree,363800.0,40200.0
laws:12,laws,clustered_bimodal,2000,51918,42,1333,mean_map,366200.0,40200.0
laws:12,laws,clustered_bimodal,2000,51918,42,1333,mean_ring,366000.0,40200.0
laws:12,laws,clustered_bimodal,2000,51918,42,1333,radix,290150.0,0.0
laws:12,laws,clustered_bimodal,2000,51918,42,1333,selected_grid,379100.0,26504200.0
laws:12,laws,clustered_bimodal,2000,51918,42,1333,std_binary,372000.0,0.0
laws:13,laws,clustered_zero,2000,51918,42,667,binary,800650.0,0.0
laws:13,laws,clustered_zero,2000,51918,42,667,caliber,504250.0,94300.0
laws:13,laws,clustered_zero,2000,51918,42,667,degree4,854700.0,128900.0
laws:13,laws,clustered_zero,2000,51918,42,667,fourary,878500.0,0.0
laws:13,laws,clustered_zero,2000,51918,42,667,max_maxdegree,416950.0,65700.0
laws:13,laws,clustered_zero,2000,51918,42,667,mean_degree,441600.0,40100.0
laws:13,laws,clustered_zero,2000,51918,42,667,mean_map,529500.0,40100.0
laws:13,laws,clustered_zero,2000,51918,42,667,mean_ring,533500.0,40100.0
laws:13,laws,clustered_zero,2000,51918,42,667,selected_grid,393250.0,37560200.0
laws:13,laws,clustered_zero,2000,51918,42,667,std_binary,800650.0,0.0
laws:13,laws,clustered_zero,2000,51918,42,1333,binary,857650.0,0.0
laws:13,laws,clustered_zero,2000,51918,42,1333,caliber,509700.0,94300.0
laws:13,laws,clustered_zero,2000,51918,42,1333,degree4,844450.0,128900.0
laws:13,laws,clustered_zero,2000,51918,42,1333,fourary,923500.0,0.0
laws:13,laws,clustered_zero,2000,51918,42,1333,max_maxdegree,412600.0,65700.0
laws:13,laws,clustered_zero,2000,51918,42,1333,mean_degree,414100.0,40100.0
laws:13,laws,clustered_zero,2000,51918,42,1333,mean_map,554300.0,40100.0
laws:13,laws,clustered_zero,2000,51918,42,1333,mean_ring,571250.0,40100.0
laws:13,laws,clustered_zero,2000,51918,42,1333,selected_grid,410650.0,37560200.0
laws:13,laws,clustered_zero,2000,51918,42,1333,std_binary,801200.0,0.0
laws:14,laws,clustered_integer,2000,51918,42,667,binary,1012250.0,0.0
laws:14,laws,clustered_integer,2000,51918,42,667,caliber,969450.0,73600.0
laws:14,laws,clustered_integer,2000,51918,42,667,degree4,1040100.0,126600.0
laws:14,laws,clustered_integer,2000,51918,42,667,fourary,1214250.0,0.0
laws:14,laws,clustered_integer,2000,51918,42,667,max_maxdegree,699450.0,66300.0
laws:14,laws,clustered_integer,2000,51918,42,667,mean_degree,733750.0,40100.0
laws:14,laws,clustered_integer,2000,51918,42,667,mean_map,597650.0,40100.0
laws:14,laws,clustered_integer,2000,51918,42,667,mean_ring,601000.0,40100.0
laws:14,laws,clustered_integer,2000,51918,42,667,radix,541150.0,0.0
laws:14,laws,clustered_integer,2000,51918,42,667,selected_grid,574100.0,51115300.0
laws:14,laws,clustered_integer,2000,51918,42,667,std_binary,993500.0,0.0
laws:14,laws,clustered_integer,2000,51918,42,1333,binary,1077950.0,0.0
laws:14,laws,clustered_integer,2000,51918,42,1333,caliber,1012700.0,73600.0
laws:14,laws,clustered_integer,2000,51918,42,1333,degree4,1090100.0,126600.0
laws:14,laws,clustered_integer,2000,51918,42,1333,fourary,1295900.0,0.0
laws:14,laws,clustered_integer,2000,51918,42,1333,max_maxdegree,705000.0,66300.0
laws:14,laws,clustered_integer,2000,51918,42,1333,mean_degree,744400.0,40100.0
laws:14,laws,clustered_integer,2000,51918,42,1333,mean_map,579200.0,40100.0
laws:14,laws,clustered_integer,2000,51918,42,1333,mean_ring,567650.0,40100.0
laws:14,laws,clustered_integer,2000,51918,42,1333,radix,534000.0,0.0
laws:14,laws,clustered_integer,2000,51918,42,1333,selected_grid,546550.0,51115300.0
laws:14,laws,clustered_integer,2000,51918,42,1333,std_binary,1004150.0,0.0
laws:15,laws,clustered_shuffle,2000,51918,42,667,binary,708450.0,0.0
laws:15,laws,clustered_shuffle,2000,51918,42,667,caliber,694850.0,81200.0
laws:15,laws,clustered_shuffle,2000,51918,42,667,degree4,734850.0,126700.0
laws:15,laws,clustered_shuffle,2000,51918,42,667,fourary,721950.0,0.0
laws:15,laws,clustered_shuffle,2000,51918,42,667,max_maxdegree,524800.0,66300.0
laws:15,laws,clustered_shuffle,2000,51918,42,667,mean_degree,631250.0,40200.0
laws:15,laws,clustered_shuffle,2000,51918,42,667,mean_map,505250.0,40200.0
laws:15,laws,clustered_shuffle,2000,51918,42,667,mean_ring,502650.0,40200.0
laws:15,laws,clustered_shuffle,2000,51918,42,667,selected_grid,511900.0,41148300.0
laws:15,laws,clustered_shuffle,2000,51918,42,667,std_binary,750300.0,0.0
laws:15,laws,clustered_shuffle,2000,51918,42,1333,binary,723150.0,0.0
laws:15,laws,clustered_shuffle,2000,51918,42,1333,caliber,724950.0,81200.0
laws:15,laws,clustered_shuffle,2000,51918,42,1333,degree4,739850.0,126700.0
laws:15,laws,clustered_shuffle,2000,51918,42,1333,fourary,757550.0,0.0
laws:15,laws,clustered_shuffle,2000,51918,42,1333,max_maxdegree,539300.0,66300.0
laws:15,laws,clustered_shuffle,2000,51918,42,1333,mean_degree,657100.0,40200.0
laws:15,laws,clustered_shuffle,2000,51918,42,1333,mean_map,508950.0,40200.0
laws:15,laws,clustered_shuffle,2000,51918,42,1333,mean_ring,490550.0,40200.0
laws:15,laws,clustered_shuffle,2000,51918,42,1333,selected_grid,491150.0,41148300.0
laws:15,laws,clustered_shuffle,2000,51918,42,1333,std_binary,748700.0,0.0
laws:16,laws,clustered_scale,2000,51918,42,667,binary,799400.0,0.0
laws:16,laws,clustered_scale,2000,51918,42,667,caliber,762250.0,74800.0
laws:16,laws,clustered_scale,2000,51918,42,667,degree4,820150.0,126800.0
laws:16,laws,clustered_scale,2000,51918,42,667,fourary,820650.0,0.0
laws:16,laws,clustered_scale,2000,51918,42,667,max_maxdegree,699550.0,66000.0
laws:16,laws,clustered_scale,2000,51918,42,667,mean_degree,843800.0,40100.0
laws:16,laws,clustered_scale,2000,51918,42,667,mean_map,545400.0,40100.0
laws:16,laws,clustered_scale,2000,51918,42,667,mean_ring,518700.0,40100.0
laws:16,laws,clustered_scale,2000,51918,42,667,selected_grid,530100.0,49795400.0
laws:16,laws,clustered_scale,2000,51918,42,667,std_binary,879050.0,0.0
laws:16,laws,clustered_scale,2000,51918,42,1333,binary,829500.0,0.0
laws:16,laws,clustered_scale,2000,51918,42,1333,caliber,876900.0,74800.0
laws:16,laws,clustered_scale,2000,51918,42,1333,degree4,835700.0,126800.0
laws:16,laws,clustered_scale,2000,51918,42,1333,fourary,826800.0,0.0
laws:16,laws,clustered_scale,2000,51918,42,1333,max_maxdegree,608800.0,66000.0
laws:16,laws,clustered_scale,2000,51918,42,1333,mean_degree,828900.0,40100.0
laws:16,laws,clustered_scale,2000,51918,42,1333,mean_map,585850.0,40100.0
laws:16,laws,clustered_scale,2000,51918,42,1333,mean_ring,552500.0,40100.0
laws:16,laws,clustered_scale,2000,51918,42,1333,selected_grid,566100.0,49795400.0
laws:16,laws,clustered_scale,2000,51918,42,1333,std_binary,938850.0,0.0
laws:17,laws,sparse_uniform,2000,9015,1729,667,binary,412200.0,0.0
laws:17,laws,sparse_uniform,2000,9015,1729,667,caliber,365350.0,33400.0
laws:17,laws,sparse_uniform,2000,9015,1729,667,degree4,455600.0,146500.0
laws:17,laws,sparse_uniform,2000,9015,1729,667,fourary,420400.0,0.0
laws:17,laws,sparse_uniform,2000,9015,1729,667,max_maxdegree,317950.0,29000.0
laws:17,laws,sparse_uniform,2000,9015,1729,667,mean_degree,313450.0,10700.0
laws:17,laws,sparse_uniform,2000,9015,1729,667,mean_map,258250.0,10700.0
laws:17,laws,sparse_uniform,2000,9015,1729,667,mean_ring,243250.0,10700.0
laws:17,laws,sparse_uniform,2000,9015,1729,667,selected_grid,248700.0,22391500.0
laws:17,laws,sparse_uniform,2000,9015,1729,667,std_binary,404800.0,0.0
laws:17,laws,sparse_uniform,2000,9015,1729,1333,binary,431800.0,0.0
laws:17,laws,sparse_uniform,2000,9015,1729,1333,caliber,365100.0,33400.0
laws:17,laws,sparse_uniform,2000,9015,1729,1333,degree4,479700.0,146500.0
laws:17,laws,sparse_uniform,2000,9015,1729,1333,fourary,427900.0,0.0
laws:17,laws,sparse_uniform,2000,9015,1729,1333,max_maxdegree,314450.0,29000.0
laws:17,laws,sparse_uniform,2000,9015,1729,1333,mean_degree,312300.0,10700.0
laws:17,laws,sparse_uniform,2000,9015,1729,1333,mean_map,262550.0,10700.0
laws:17,laws,sparse_uniform,2000,9015,1729,1333,mean_ring,244350.0,10700.0
laws:17,laws,sparse_uniform,2000,9015,1729,1333,selected_grid,237100.0,22391500.0
laws:17,laws,sparse_uniform,2000,9015,1729,1333,std_binary,405700.0,0.0
laws:18,laws,sparse_near,2000,9015,1729,667,binary,311200.0,0.0
laws:18,laws,sparse_near,2000,9015,1729,667,caliber,303700.0,43600.0
laws:18,laws,sparse_near,2000,9015,1729,667,degree4,344700.0,277200.0
laws:18,laws,sparse_near,2000,9015,1729,667,fourary,300650.0,0.0
laws:18,laws,sparse_near,2000,9015,1729,667,max_maxdegree,177800.0,37000.0
laws:18,laws,sparse_near,2000,9015,1729,667,mean_degree,182400.0,14200.0
laws:18,laws,sparse_near,2000,9015,1729,667,mean_map,231500.0,14200.0
laws:18,laws,sparse_near,2000,9015,1729,667,mean_ring,218650.0,14200.0
laws:18,laws,sparse_near,2000,9015,1729,667,selected_grid,162200.0,12487400.0
laws:18,laws,sparse_near,2000,9015,1729,667,std_binary,285800.0,0.0
laws:18,laws,sparse_near,2000,9015,1729,1333,binary,292450.0,0.0
laws:18,laws,sparse_near,2000,9015,1729,1333,caliber,304300.0,43600.0
laws:18,laws,sparse_near,2000,9015,1729,1333,degree4,338900.0,277200.0
laws:18,laws,sparse_near,2000,9015,1729,1333,fourary,296100.0,0.0
laws:18,laws,sparse_near,2000,9015,1729,1333,max_maxdegree,178450.0,37000.0
laws:18,laws,sparse_near,2000,9015,1729,1333,mean_degree,190350.0,14200.0
laws:18,laws,sparse_near,2000,9015,1729,1333,mean_map,226050.0,14200.0
laws:18,laws,sparse_near,2000,9015,1729,1333,mean_ring,218000.0,14200.0
laws:18,laws,sparse_near,2000,9015,1729,1333,selected_grid,166750.0,12487400.0
laws:18,laws,sparse_near,2000,9015,1729,1333,std_binary,286050.0,0.0
laws:19,laws,sparse_skew,2000,9015,1729,667,binary,409850.0,0.0
laws:19,laws,sparse_skew,2000,9015,1729,667,caliber,380050.0,40300.0
laws:19,laws,sparse_skew,2000,9015,1729,667,degree4,456500.0,173400.0
laws:19,laws,sparse_skew,2000,9015,1729,667,fourary,414450.0,0.0
laws:19,laws,sparse_skew,2000,9015,1729,667,max_maxdegree,240200.0,35700.0
laws:19,laws,sparse_skew,2000,9015,1729,667,mean_degree,283000.0,9000.0
laws:19,laws,sparse_skew,2000,9015,1729,667,mean_map,245000.0,9000.0
laws:19,laws,sparse_skew,2000,9015,1729,667,mean_ring,233000.0,9000.0
laws:19,laws,sparse_skew,2000,9015,1729,667,selected_grid,280450.0,19742900.0
laws:19,laws,sparse_skew,2000,9015,1729,667,std_binary,413050.0,0.0
laws:19,laws,sparse_skew,2000,9015,1729,1333,binary,408750.0,0.0
laws:19,laws,sparse_skew,2000,9015,1729,1333,caliber,374150.0,40300.0
laws:19,laws,sparse_skew,2000,9015,1729,1333,degree4,461250.0,173400.0
laws:19,laws,sparse_skew,2000,9015,1729,1333,fourary,439000.0,0.0
laws:19,laws,sparse_skew,2000,9015,1729,1333,max_maxdegree,254250.0,35700.0
laws:19,laws,sparse_skew,2000,9015,1729,1333,mean_degree,279550.0,9000.0
laws:19,laws,sparse_skew,2000,9015,1729,1333,mean_map,258500.0,9000.0
laws:19,laws,sparse_skew,2000,9015,1729,1333,mean_ring,244300.0,9000.0
laws:19,laws,sparse_skew,2000,9015,1729,1333,selected_grid,271750.0,19742900.0
laws:19,laws,sparse_skew,2000,9015,1729,1333,std_binary,413850.0,0.0
laws:2,laws,sparse_near,2000,9049,42,667,binary,302350.0,0.0
laws:2,laws,sparse_near,2000,9049,42,667,caliber,304700.0,40400.0
laws:2,laws,sparse_near,2000,9049,42,667,degree4,352850.0,130600.0
laws:2,laws,sparse_near,2000,9049,42,667,fourary,298400.0,0.0
laws:2,laws,sparse_near,2000,9049,42,667,max_maxdegree,168250.0,35700.0
laws:2,laws,sparse_near,2000,9049,42,667,mean_degree,173850.0,9700.0
laws:2,laws,sparse_near,2000,9049,42,667,mean_map,229950.0,9700.0
laws:2,laws,sparse_near,2000,9049,42,667,mean_ring,211600.0,9700.0
laws:2,laws,sparse_near,2000,9049,42,667,selected_grid,166950.0,14108800.0
laws:2,laws,sparse_near,2000,9049,42,667,std_binary,289000.0,0.0
laws:2,laws,sparse_near,2000,9049,42,1333,binary,306450.0,0.0
laws:2,laws,sparse_near,2000,9049,42,1333,caliber,305000.0,40400.0
laws:2,laws,sparse_near,2000,9049,42,1333,degree4,344800.0,130600.0
laws:2,laws,sparse_near,2000,9049,42,1333,fourary,312400.0,0.0
laws:2,laws,sparse_near,2000,9049,42,1333,max_maxdegree,167050.0,35700.0
laws:2,laws,sparse_near,2000,9049,42,1333,mean_degree,166150.0,9700.0
laws:2,laws,sparse_near,2000,9049,42,1333,mean_map,237900.0,9700.0
laws:2,laws,sparse_near,2000,9049,42,1333,mean_ring,236750.0,9700.0
laws:2,laws,sparse_near,2000,9049,42,1333,selected_grid,160150.0,14108800.0
laws:2,laws,sparse_near,2000,9049,42,1333,std_binary,294250.0,0.0
laws:20,laws,sparse_bimodal,2000,9015,1729,667,binary,397700.0,0.0
laws:20,laws,sparse_bimodal,2000,9015,1729,667,caliber,326950.0,32000.0
laws:20,laws,sparse_bimodal,2000,9015,1729,667,degree4,441700.0,137200.0
laws:20,laws,sparse_bimodal,2000,9015,1729,667,fourary,453400.0,0.0
laws:20,laws,sparse_bimodal,2000,9015,1729,667,max_maxdegree,178750.0,27500.0
laws:20,laws,sparse_bimodal,2000,9015,1729,667,mean_degree,191450.0,7900.0
laws:20,laws,sparse_bimodal,2000,9015,1729,667,mean_map,184450.0,7900.0
laws:20,laws,sparse_bimodal,2000,9015,1729,667,mean_ring,191450.0,7900.0
laws:20,laws,sparse_bimodal,2000,9015,1729,667,radix,149050.0,0.0
laws:20,laws,sparse_bimodal,2000,9015,1729,667,selected_grid,173500.0,11705400.0
laws:20,laws,sparse_bimodal,2000,9015,1729,667,std_binary,332400.0,0.0
laws:20,laws,sparse_bimodal,2000,9015,1729,1333,binary,391850.0,0.0
laws:20,laws,sparse_bimodal,2000,9015,1729,1333,caliber,337000.0,32000.0
laws:20,laws,sparse_bimodal,2000,9015,1729,1333,degree4,436800.0,137200.0
laws:20,laws,sparse_bimodal,2000,9015,1729,1333,fourary,463300.0,0.0
laws:20,laws,sparse_bimodal,2000,9015,1729,1333,max_maxdegree,174900.0,27500.0
laws:20,laws,sparse_bimodal,2000,9015,1729,1333,mean_degree,185250.0,7900.0
laws:20,laws,sparse_bimodal,2000,9015,1729,1333,mean_map,182050.0,7900.0
laws:20,laws,sparse_bimodal,2000,9015,1729,1333,mean_ring,188750.0,7900.0
laws:20,laws,sparse_bimodal,2000,9015,1729,1333,radix,151500.0,0.0
laws:20,laws,sparse_bimodal,2000,9015,1729,1333,selected_grid,175650.0,11705400.0
laws:20,laws,sparse_bimodal,2000,9015,1729,1333,std_binary,320100.0,0.0
laws:21,laws,sparse_zero,2000,9015,1729,667,binary,530350.0,0.0
laws:21,laws,sparse_zero,2000,9015,1729,667,caliber,369150.0,36300.0
laws:21,laws,sparse_zero,2000,9015,1729,667,degree4,619850.0,194500.0
laws:21,laws,sparse_zero,2000,9015,1729,667,fourary,536700.0,0.0
laws:21,laws,sparse_zero,2000,9015,1729,667,max_maxdegree,347150.0,30200.0
laws:21,laws,sparse_zero,2000,9015,1729,667,mean_degree,368400.0,9000.0
laws:21,laws,sparse_zero,2000,9015,1729,667,mean_map,424300.0,9000.0
laws:21,laws,sparse_zero,2000,9015,1729,667,mean_ring,359100.0,9000.0
laws:21,laws,sparse_zero,2000,9015,1729,667,selected_grid,347100.0,31487900.0
laws:21,laws,sparse_zero,2000,9015,1729,667,std_binary,513050.0,0.0
laws:21,laws,sparse_zero,2000,9015,1729,1333,binary,550850.0,0.0
laws:21,laws,sparse_zero,2000,9015,1729,1333,caliber,382100.0,36300.0
laws:21,laws,sparse_zero,2000,9015,1729,1333,degree4,613250.0,194500.0
laws:21,laws,sparse_zero,2000,9015,1729,1333,fourary,567050.0,0.0
laws:21,laws,sparse_zero,2000,9015,1729,1333,max_maxdegree,394350.0,30200.0
laws:21,laws,sparse_zero,2000,9015,1729,1333,mean_degree,401250.0,9000.0
laws:21,laws,sparse_zero,2000,9015,1729,1333,mean_map,479700.0,9000.0
laws:21,laws,sparse_zero,2000,9015,1729,1333,mean_ring,478100.0,9000.0
laws:21,laws,sparse_zero,2000,9015,1729,1333,selected_grid,440300.0,31487900.0
laws:21,laws,sparse_zero,2000,9015,1729,1333,std_binary,508450.0,0.0
laws:22,laws,sparse_integer,2000,9015,1729,667,binary,483900.0,0.0
laws:22,laws,sparse_integer,2000,9015,1729,667,caliber,398700.0,36900.0
laws:22,laws,sparse_integer,2000,9015,1729,667,degree4,514700.0,175200.0
laws:22,laws,sparse_integer,2000,9015,1729,667,fourary,563600.0,0.0
laws:22,laws,sparse_integer,2000,9015,1729,667,max_maxdegree,307850.0,32000.0
laws:22,laws,sparse_integer,2000,9015,1729,667,mean_degree,314850.0,9700.0
laws:22,laws,sparse_integer,2000,9015,1729,667,mean_map,264950.0,9700.0
laws:22,laws,sparse_integer,2000,9015,1729,667,mean_ring,253650.0,9700.0
laws:22,laws,sparse_integer,2000,9015,1729,667,radix,314950.0,0.0
laws:22,laws,sparse_integer,2000,9015,1729,667,selected_grid,241350.0,22262700.0
laws:22,laws,sparse_integer,2000,9015,1729,667,std_binary,457200.0,0.0
laws:22,laws,sparse_integer,2000,9015,1729,1333,binary,525300.0,0.0
laws:22,laws,sparse_integer,2000,9015,1729,1333,caliber,426150.0,36900.0
laws:22,laws,sparse_integer,2000,9015,1729,1333,degree4,539050.0,175200.0
laws:22,laws,sparse_integer,2000,9015,1729,1333,fourary,638750.0,0.0
laws:22,laws,sparse_integer,2000,9015,1729,1333,max_maxdegree,328750.0,32000.0
laws:22,laws,sparse_integer,2000,9015,1729,1333,mean_degree,318000.0,9700.0
laws:22,laws,sparse_integer,2000,9015,1729,1333,mean_map,271050.0,9700.0
laws:22,laws,sparse_integer,2000,9015,1729,1333,mean_ring,244700.0,9700.0
laws:22,laws,sparse_integer,2000,9015,1729,1333,radix,334950.0,0.0
laws:22,laws,sparse_integer,2000,9015,1729,1333,selected_grid,248800.0,22262700.0
laws:22,laws,sparse_integer,2000,9015,1729,1333,std_binary,442000.0,0.0
laws:23,laws,sparse_shuffle,2000,9015,1729,667,binary,454650.0,0.0
laws:23,laws,sparse_shuffle,2000,9015,1729,667,caliber,372400.0,31300.0
laws:23,laws,sparse_shuffle,2000,9015,1729,667,degree4,528100.0,132000.0
laws:23,laws,sparse_shuffle,2000,9015,1729,667,fourary,440950.0,0.0
laws:23,laws,sparse_shuffle,2000,9015,1729,667,max_maxdegree,305700.0,31000.0
laws:23,laws,sparse_shuffle,2000,9015,1729,667,mean_degree,362650.0,8400.0
laws:23,laws,sparse_shuffle,2000,9015,1729,667,mean_map,258700.0,8400.0
laws:23,laws,sparse_shuffle,2000,9015,1729,667,mean_ring,248100.0,8400.0
laws:23,laws,sparse_shuffle,2000,9015,1729,667,selected_grid,256600.0,21167600.0
laws:23,laws,sparse_shuffle,2000,9015,1729,667,std_binary,406950.0,0.0
laws:23,laws,sparse_shuffle,2000,9015,1729,1333,binary,412400.0,0.0
laws:23,laws,sparse_shuffle,2000,9015,1729,1333,caliber,366150.0,31300.0
laws:23,laws,sparse_shuffle,2000,9015,1729,1333,degree4,456650.0,132000.0
laws:23,laws,sparse_shuffle,2000,9015,1729,1333,fourary,429000.0,0.0
laws:23,laws,sparse_shuffle,2000,9015,1729,1333,max_maxdegree,304200.0,31000.0
laws:23,laws,sparse_shuffle,2000,9015,1729,1333,mean_degree,316300.0,8400.0
laws:23,laws,sparse_shuffle,2000,9015,1729,1333,mean_map,263350.0,8400.0
laws:23,laws,sparse_shuffle,2000,9015,1729,1333,mean_ring,238200.0,8400.0
laws:23,laws,sparse_shuffle,2000,9015,1729,1333,selected_grid,252250.0,21167600.0
laws:23,laws,sparse_shuffle,2000,9015,1729,1333,std_binary,405500.0,0.0
laws:24,laws,sparse_scale,2000,9015,1729,667,binary,411250.0,0.0
laws:24,laws,sparse_scale,2000,9015,1729,667,caliber,356350.0,31000.0
laws:24,laws,sparse_scale,2000,9015,1729,667,degree4,460600.0,134400.0
laws:24,laws,sparse_scale,2000,9015,1729,667,fourary,414800.0,0.0
laws:24,laws,sparse_scale,2000,9015,1729,667,max_maxdegree,302550.0,28700.0
laws:24,laws,sparse_scale,2000,9015,1729,667,mean_degree,307250.0,8100.0
laws:24,laws,sparse_scale,2000,9015,1729,667,mean_map,258400.0,8100.0
laws:24,laws,sparse_scale,2000,9015,1729,667,mean_ring,248250.0,8100.0
laws:24,laws,sparse_scale,2000,9015,1729,667,selected_grid,238200.0,20714100.0
laws:24,laws,sparse_scale,2000,9015,1729,667,std_binary,395400.0,0.0
laws:24,laws,sparse_scale,2000,9015,1729,1333,binary,402850.0,0.0
laws:24,laws,sparse_scale,2000,9015,1729,1333,caliber,354350.0,31000.0
laws:24,laws,sparse_scale,2000,9015,1729,1333,degree4,447850.0,134400.0
laws:24,laws,sparse_scale,2000,9015,1729,1333,fourary,410000.0,0.0
laws:24,laws,sparse_scale,2000,9015,1729,1333,max_maxdegree,299500.0,28700.0
laws:24,laws,sparse_scale,2000,9015,1729,1333,mean_degree,295900.0,8100.0
laws:24,laws,sparse_scale,2000,9015,1729,1333,mean_map,316500.0,8100.0
laws:24,laws,sparse_scale,2000,9015,1729,1333,mean_ring,245500.0,8100.0
laws:24,laws,sparse_scale,2000,9015,1729,1333,selected_grid,225350.0,20714100.0
laws:24,laws,sparse_scale,2000,9015,1729,1333,std_binary,391650.0,0.0
laws:25,laws,clustered_uniform,2000,52192,1729,667,binary,777100.0,0.0
laws:25,laws,clustered_uniform,2000,52192,1729,667,caliber,756650.0,73400.0
laws:25,laws,clustered_uniform,2000,52192,1729,667,degree4,812100.0,174200.0
laws:25,laws,clustered_uniform,2000,52192,1729,667,fourary,831550.0,0.0
laws:25,laws,clustered_uniform,2000,52192,1729,667,max_maxdegree,612200.0,66100.0
laws:25,laws,clustered_uniform,2000,52192,1729,667,mean_degree,801750.0,40300.0
laws:25,laws,clustered_uniform,2000,52192,1729,667,mean_map,554750.0,40300.0
laws:25,laws,clustered_uniform,2000,52192,1729,667,mean_ring,506300.0,40300.0
laws:25,laws,clustered_uniform,2000,52192,1729,667,selected_grid,511200.0,44399600.0
laws:25,laws,clustered_uniform,2000,52192,1729,667,std_binary,836500.0,0.0
laws:25,laws,clustered_uniform,2000,52192,1729,1333,binary,761350.0,0.0
laws:25,laws,clustered_uniform,2000,52192,1729,1333,caliber,743000.0,73400.0
laws:25,laws,clustered_uniform,2000,52192,1729,1333,degree4,821700.0,174200.0
laws:25,laws,clustered_uniform,2000,52192,1729,1333,fourary,834050.0,0.0
laws:25,laws,clustered_uniform,2000,52192,1729,1333,max_maxdegree,642500.0,66100.0
laws:25,laws,clustered_uniform,2000,52192,1729,1333,mean_degree,817600.0,40300.0
laws:25,laws,clustered_uniform,2000,52192,1729,1333,mean_map,569050.0,40300.0
laws:25,laws,clustered_uniform,2000,52192,1729,1333,mean_ring,520400.0,40300.0
laws:25,laws,clustered_uniform,2000,52192,1729,1333,selected_grid,522100.0,44399600.0
laws:25,laws,clustered_uniform,2000,52192,1729,1333,std_binary,851750.0,0.0
laws:26,laws,clustered_near,2000,52192,1729,667,binary,430050.0,0.0
laws:26,laws,clustered_near,2000,52192,1729,667,caliber,472400.0,84600.0
laws:26,laws,clustered_near,2000,52192,1729,667,degree4,487900.0,132400.0
laws:26,laws,clustered_near,2000,52192,1729,667,fourary,431450.0,0.0
laws:26,laws,clustered_near,2000,52192,1729,667,max_maxdegree,382800.0,66000.0
laws:26,laws,clustered_near,2000,52192,1729,667,mean_degree,430450.0,40300.0
laws:26,laws,clustered_near,2000,52192,1729,667,mean_map,446700.0,40300.0
laws:26,laws,clustered_near,2000,52192,1729,667,mean_ring,445850.0,40300.0
laws:26,laws,clustered_near,2000,52192,1729,667,selected_grid,453700.0,29823800.0
laws:26,laws,clustered_near,2000,52192,1729,667,std_binary,474450.0,0.0
laws:26,laws,clustered_near,2000,52192,1729,1333,binary,428300.0,0.0
laws:26,laws,clustered_near,2000,52192,1729,1333,caliber,494350.0,84600.0
laws:26,laws,clustered_near,2000,52192,1729,1333,degree4,437850.0,132400.0
laws:26,laws,clustered_near,2000,52192,1729,1333,fourary,458400.0,0.0
laws:26,laws,clustered_near,2000,52192,1729,1333,max_maxdegree,387400.0,66000.0
laws:26,laws,clustered_near,2000,52192,1729,1333,mean_degree,377250.0,40300.0
laws:26,laws,clustered_near,2000,52192,1729,1333,mean_map,442350.0,40300.0
laws:26,laws,clustered_near,2000,52192,1729,1333,mean_ring,435950.0,40300.0
laws:26,laws,clustered_near,2000,52192,1729,1333,selected_grid,388750.0,29823800.0
laws:26,laws,clustered_near,2000,52192,1729,1333,std_binary,450300.0,0.0
laws:27,laws,clustered_skew,2000,52192,1729,667,binary,557350.0,0.0
laws:27,laws,clustered_skew,2000,52192,1729,667,caliber,609850.0,112100.0
laws:27,laws,clustered_skew,2000,52192,1729,667,degree4,568650.0,196400.0
laws:27,laws,clustered_skew,2000,52192,1729,667,fourary,561850.0,0.0
laws:27,laws,clustered_skew,2000,52192,1729,667,max_maxdegree,489050.0,91700.0
laws:27,laws,clustered_skew,2000,52192,1729,667,mean_degree,588150.0,42400.0
laws:27,laws,clustered_skew,2000,52192,1729,667,mean_map,491450.0,42400.0
laws:27,laws,clustered_skew,2000,52192,1729,667,mean_ring,471150.0,42400.0
laws:27,laws,clustered_skew,2000,52192,1729,667,selected_grid,459900.0,36716700.0
laws:27,laws,clustered_skew,2000,52192,1729,667,std_binary,594050.0,0.0
laws:27,laws,clustered_skew,2000,52192,1729,1333,binary,602200.0,0.0
laws:27,laws,clustered_skew,2000,52192,1729,1333,caliber,645700.0,112100.0
laws:27,laws,clustered_skew,2000,52192,1729,1333,degree4,664500.0,196400.0
laws:27,laws,clustered_skew,2000,52192,1729,1333,fourary,587650.0,0.0
laws:27,laws,clustered_skew,2000,52192,1729,1333,max_maxdegree,508500.0,91700.0
laws:27,laws,clustered_skew,2000,52192,1729,1333,mean_degree,631650.0,42400.0
laws:27,laws,clustered_skew,2000,52192,1729,1333,mean_map,500050.0,42400.0
laws:27,laws,clustered_skew,2000,52192,1729,1333,mean_ring,488650.0,42400.0
laws:27,laws,clustered_skew,2000,52192,1729,1333,selected_grid,495750.0,36716700.0
laws:27,laws,clustered_skew,2000,52192,1729,1333,std_binary,633400.0,0.0
laws:28,laws,clustered_bimodal,2000,52192,1729,667,binary,479750.0,0.0
laws:28,laws,clustered_bimodal,2000,52192,1729,667,caliber,497050.0,97700.0
laws:28,laws,clustered_bimodal,2000,52192,1729,667,degree4,598300.0,159800.0
laws:28,laws,clustered_bimodal,2000,52192,1729,667,fourary,597750.0,0.0
laws:28,laws,clustered_bimodal,2000,52192,1729,667,max_maxdegree,514500.0,68700.0
laws:28,laws,clustered_bimodal,2000,52192,1729,667,mean_degree,488450.0,41900.0
laws:28,laws,clustered_bimodal,2000,52192,1729,667,mean_map,518000.0,41900.0
laws:28,laws,clustered_bimodal,2000,52192,1729,667,mean_ring,463900.0,41900.0
laws:28,laws,clustered_bimodal,2000,52192,1729,667,radix,390050.0,0.0
laws:28,laws,clustered_bimodal,2000,52192,1729,667,selected_grid,435750.0,31184900.0
laws:28,laws,clustered_bimodal,2000,52192,1729,667,std_binary,520300.0,0.0
laws:28,laws,clustered_bimodal,2000,52192,1729,1333,binary,500500.0,0.0
laws:28,laws,clustered_bimodal,2000,52192,1729,1333,caliber,503750.0,97700.0
laws:28,laws,clustered_bimodal,2000,52192,1729,1333,degree4,478550.0,159800.0
laws:28,laws,clustered_bimodal,2000,52192,1729,1333,fourary,573850.0,0.0
laws:28,laws,clustered_bimodal,2000,52192,1729,1333,max_maxdegree,471500.0,68700.0
laws:28,laws,clustered_bimodal,2000,52192,1729,1333,mean_degree,471300.0,41900.0
laws:28,laws,clustered_bimodal,2000,52192,1729,1333,mean_map,473700.0,41900.0
laws:28,laws,clustered_bimodal,2000,52192,1729,1333,mean_ring,466700.0,41900.0
laws:28,laws,clustered_bimodal,2000,52192,1729,1333,radix,391000.0,0.0
laws:28,laws,clustered_bimodal,2000,52192,1729,1333,selected_grid,431800.0,31184900.0
laws:28,laws,clustered_bimodal,2000,52192,1729,1333,std_binary,485750.0,0.0
laws:29,laws,clustered_zero,2000,52192,1729,667,binary,1018750.0,0.0
laws:29,laws,clustered_zero,2000,52192,1729,667,caliber,588550.0,134400.0
laws:29,laws,clustered_zero,2000,52192,1729,667,degree4,1031650.0,185900.0
laws:29,laws,clustered_zero,2000,52192,1729,667,fourary,1012600.0,0.0
laws:29,laws,clustered_zero,2000,52192,1729,667,max_maxdegree,464550.0,106200.0
laws:29,laws,clustered_zero,2000,52192,1729,667,mean_degree,484450.0,54700.0
laws:29,laws,clustered_zero,2000,52192,1729,667,mean_map,608350.0,54700.0
laws:29,laws,clustered_zero,2000,52192,1729,667,mean_ring,644550.0,54700.0
laws:29,laws,clustered_zero,2000,52192,1729,667,selected_grid,497850.0,45396000.0
laws:29,laws,clustered_zero,2000,52192,1729,667,std_binary,915950.0,0.0
laws:29,laws,clustered_zero,2000,52192,1729,1333,binary,960050.0,0.0
laws:29,laws,clustered_zero,2000,52192,1729,1333,caliber,596750.0,134400.0
laws:29,laws,clustered_zero,2000,52192,1729,1333,degree4,929100.0,185900.0
laws:29,laws,clustered_zero,2000,52192,1729,1333,fourary,1043300.0,0.0
laws:29,laws,clustered_zero,2000,52192,1729,1333,max_maxdegree,475400.0,106200.0
laws:29,laws,clustered_zero,2000,52192,1729,1333,mean_degree,464250.0,54700.0
laws:29,laws,clustered_zero,2000,52192,1729,1333,mean_map,620450.0,54700.0
laws:29,laws,clustered_zero,2000,52192,1729,1333,mean_ring,613100.0,54700.0
laws:29,laws,clustered_zero,2000,52192,1729,1333,selected_grid,485600.0,45396000.0
laws:29,laws,clustered_zero,2000,52192,1729,1333,std_binary,895750.0,0.0
laws:3,laws,sparse_skew,2000,9049,42,667,binary,421050.0,0.0
laws:3,laws,sparse_skew,2000,9049,42,667,caliber,384800.0,55400.0
laws:3,laws,sparse_skew,2000,9049,42,667,degree4,478200.0,229800.0
laws:3,laws,sparse_skew,2000,9049,42,667,fourary,481200.0,0.0
laws:3,laws,sparse_skew,2000,9049,42,667,max_maxdegree,250400.0,44800.0
laws:3,laws,sparse_skew,2000,9049,42,667,mean_degree,305050.0,16000.0
laws:3,laws,sparse_skew,2000,9049,42,667,mean_map,247900.0,16000.0
laws:3,laws,sparse_skew,2000,9049,42,667,mean_ring,250050.0,16000.0
laws:3,laws,sparse_skew,2000,9049,42,667,selected_grid,239950.0,20315200.0
laws:3,laws,sparse_skew,2000,9049,42,667,std_binary,412900.0,0.0
laws:3,laws,sparse_skew,2000,9049,42,1333,binary,415100.0,0.0
laws:3,laws,sparse_skew,2000,9049,42,1333,caliber,384150.0,55400.0
laws:3,laws,sparse_skew,2000,9049,42,1333,degree4,463700.0,229800.0
laws:3,laws,sparse_skew,2000,9049,42,1333,fourary,433850.0,0.0
laws:3,laws,sparse_skew,2000,9049,42,1333,max_maxdegree,229150.0,44800.0
laws:3,laws,sparse_skew,2000,9049,42,1333,mean_degree,285700.0,16000.0
laws:3,laws,sparse_skew,2000,9049,42,1333,mean_map,237050.0,16000.0
laws:3,laws,sparse_skew,2000,9049,42,1333,mean_ring,227400.0,16000.0
laws:3,laws,sparse_skew,2000,9049,42,1333,selected_grid,231750.0,20315200.0
laws:3,laws,sparse_skew,2000,9049,42,1333,std_binary,410650.0,0.0
laws:30,laws,clustered_integer,2000,52192,1729,667,binary,1201000.0,0.0
laws:30,laws,clustered_integer,2000,52192,1729,667,caliber,1080750.0,83100.0
laws:30,laws,clustered_integer,2000,52192,1729,667,degree4,1231900.0,105100.0
laws:30,laws,clustered_integer,2000,52192,1729,667,fourary,1411300.0,0.0
laws:30,laws,clustered_integer,2000,52192,1729,667,max_maxdegree,899450.0,75200.0
laws:30,laws,clustered_integer,2000,52192,1729,667,mean_degree,866650.0,45600.0
laws:30,laws,clustered_integer,2000,52192,1729,667,mean_map,756100.0,45600.0
laws:30,laws,clustered_integer,2000,52192,1729,667,mean_ring,677600.0,45600.0
laws:30,laws,clustered_integer,2000,52192,1729,667,radix,577100.0,0.0
laws:30,laws,clustered_integer,2000,52192,1729,667,selected_grid,644450.0,65075900.0
laws:30,laws,clustered_integer,2000,52192,1729,667,std_binary,1207050.0,0.0
laws:30,laws,clustered_integer,2000,52192,1729,1333,binary,1115050.0,0.0
laws:30,laws,clustered_integer,2000,52192,1729,1333,caliber,1042750.0,83100.0
laws:30,laws,clustered_integer,2000,52192,1729,1333,degree4,1130650.0,105100.0
laws:30,laws,clustered_integer,2000,52192,1729,1333,fourary,1453150.0,0.0
laws:30,laws,clustered_integer,2000,52192,1729,1333,max_maxdegree,801100.0,75200.0
laws:30,laws,clustered_integer,2000,52192,1729,1333,mean_degree,800850.0,45600.0
laws:30,laws,clustered_integer,2000,52192,1729,1333,mean_map,654250.0,45600.0
laws:30,laws,clustered_integer,2000,52192,1729,1333,mean_ring,606350.0,45600.0
laws:30,laws,clustered_integer,2000,52192,1729,1333,radix,568100.0,0.0
laws:30,laws,clustered_integer,2000,52192,1729,1333,selected_grid,719750.0,65075900.0
laws:30,laws,clustered_integer,2000,52192,1729,1333,std_binary,1087450.0,0.0
laws:31,laws,clustered_shuffle,2000,52192,1729,667,binary,773050.0,0.0
laws:31,laws,clustered_shuffle,2000,52192,1729,667,caliber,742800.0,82100.0
laws:31,laws,clustered_shuffle,2000,52192,1729,667,degree4,815900.0,146200.0
laws:31,laws,clustered_shuffle,2000,52192,1729,667,fourary,834250.0,0.0
laws:31,laws,clustered_shuffle,2000,52192,1729,667,max_maxdegree,587800.0,71500.0
laws:31,laws,clustered_shuffle,2000,52192,1729,667,mean_degree,709400.0,43800.0
laws:31,laws,clustered_shuffle,2000,52192,1729,667,mean_map,595150.0,43800.0
laws:31,laws,clustered_shuffle,2000,52192,1729,667,mean_ring,551650.0,43800.0
laws:31,laws,clustered_shuffle,2000,52192,1729,667,selected_grid,558850.0,46401600.0
laws:31,laws,clustered_shuffle,2000,52192,1729,667,std_binary,842750.0,0.0
laws:31,laws,clustered_shuffle,2000,52192,1729,1333,binary,783700.0,0.0
laws:31,laws,clustered_shuffle,2000,52192,1729,1333,caliber,745850.0,82100.0
laws:31,laws,clustered_shuffle,2000,52192,1729,1333,degree4,806950.0,146200.0
laws:31,laws,clustered_shuffle,2000,52192,1729,1333,fourary,779300.0,0.0
laws:31,laws,clustered_shuffle,2000,52192,1729,1333,max_maxdegree,578350.0,71500.0
laws:31,laws,clustered_shuffle,2000,52192,1729,1333,mean_degree,701450.0,43800.0
laws:31,laws,clustered_shuffle,2000,52192,1729,1333,mean_map,555650.0,43800.0
laws:31,laws,clustered_shuffle,2000,52192,1729,1333,mean_ring,573750.0,43800.0
laws:31,laws,clustered_shuffle,2000,52192,1729,1333,selected_grid,549700.0,46401600.0
laws:31,laws,clustered_shuffle,2000,52192,1729,1333,std_binary,814200.0,0.0
laws:32,laws,clustered_scale,2000,52192,1729,667,binary,816000.0,0.0
laws:32,laws,clustered_scale,2000,52192,1729,667,caliber,796700.0,79900.0
laws:32,laws,clustered_scale,2000,52192,1729,667,degree4,856800.0,144600.0
laws:32,laws,clustered_scale,2000,52192,1729,667,fourary,879300.0,0.0
laws:32,laws,clustered_scale,2000,52192,1729,667,max_maxdegree,626900.0,72000.0
laws:32,laws,clustered_scale,2000,52192,1729,667,mean_degree,842250.0,43700.0
laws:32,laws,clustered_scale,2000,52192,1729,667,mean_map,568500.0,43700.0
laws:32,laws,clustered_scale,2000,52192,1729,667,mean_ring,540200.0,43700.0
laws:32,laws,clustered_scale,2000,52192,1729,667,selected_grid,533650.0,46826100.0
laws:32,laws,clustered_scale,2000,52192,1729,667,std_binary,872050.0,0.0
laws:32,laws,clustered_scale,2000,52192,1729,1333,binary,939050.0,0.0
laws:32,laws,clustered_scale,2000,52192,1729,1333,caliber,1009500.0,79900.0
laws:32,laws,clustered_scale,2000,52192,1729,1333,degree4,1002200.0,144600.0
laws:32,laws,clustered_scale,2000,52192,1729,1333,fourary,947550.0,0.0
laws:32,laws,clustered_scale,2000,52192,1729,1333,max_maxdegree,680250.0,72000.0
laws:32,laws,clustered_scale,2000,52192,1729,1333,mean_degree,968450.0,43700.0
laws:32,laws,clustered_scale,2000,52192,1729,1333,mean_map,675150.0,43700.0
laws:32,laws,clustered_scale,2000,52192,1729,1333,mean_ring,634900.0,43700.0
laws:32,laws,clustered_scale,2000,52192,1729,1333,selected_grid,585200.0,46826100.0
laws:32,laws,clustered_scale,2000,52192,1729,1333,std_binary,957250.0,0.0
laws:33,laws,sparse_uniform,2000,8953,2026,667,binary,443950.0,0.0
laws:33,laws,sparse_uniform,2000,8953,2026,667,caliber,391000.0,39500.0
laws:33,laws,sparse_uniform,2000,8953,2026,667,degree4,523600.0,125200.0
laws:33,laws,sparse_uniform,2000,8953,2026,667,fourary,453900.0,0.0
laws:33,laws,sparse_uniform,2000,8953,2026,667,max_maxdegree,314700.0,31600.0
laws:33,laws,sparse_uniform,2000,8953,2026,667,mean_degree,319450.0,10800.0
laws:33,laws,sparse_uniform,2000,8953,2026,667,mean_map,274800.0,10800.0
laws:33,laws,sparse_uniform,2000,8953,2026,667,mean_ring,254850.0,10800.0
laws:33,laws,sparse_uniform,2000,8953,2026,667,selected_grid,235100.0,25873000.0
laws:33,laws,sparse_uniform,2000,8953,2026,667,std_binary,431050.0,0.0
laws:33,laws,sparse_uniform,2000,8953,2026,1333,binary,453000.0,0.0
laws:33,laws,sparse_uniform,2000,8953,2026,1333,caliber,396900.0,39500.0
laws:33,laws,sparse_uniform,2000,8953,2026,1333,degree4,528850.0,125200.0
laws:33,laws,sparse_uniform,2000,8953,2026,1333,fourary,461200.0,0.0
laws:33,laws,sparse_uniform,2000,8953,2026,1333,max_maxdegree,321100.0,31600.0
laws:33,laws,sparse_uniform,2000,8953,2026,1333,mean_degree,326300.0,10800.0
laws:33,laws,sparse_uniform,2000,8953,2026,1333,mean_map,273650.0,10800.0
laws:33,laws,sparse_uniform,2000,8953,2026,1333,mean_ring,254600.0,10800.0
laws:33,laws,sparse_uniform,2000,8953,2026,1333,selected_grid,252700.0,25873000.0
laws:33,laws,sparse_uniform,2000,8953,2026,1333,std_binary,441950.0,0.0
laws:34,laws,sparse_near,2000,8953,2026,667,binary,323350.0,0.0
laws:34,laws,sparse_near,2000,8953,2026,667,caliber,340950.0,46000.0
laws:34,laws,sparse_near,2000,8953,2026,667,degree4,370650.0,202700.0
laws:34,laws,sparse_near,2000,8953,2026,667,fourary,333300.0,0.0
laws:34,laws,sparse_near,2000,8953,2026,667,max_maxdegree,181800.0,41700.0
laws:34,laws,sparse_near,2000,8953,2026,667,mean_degree,178450.0,10300.0
laws:34,laws,sparse_near,2000,8953,2026,667,mean_map,248200.0,10300.0
laws:34,laws,sparse_near,2000,8953,2026,667,mean_ring,230800.0,10300.0
laws:34,laws,sparse_near,2000,8953,2026,667,selected_grid,176550.0,13550200.0
laws:34,laws,sparse_near,2000,8953,2026,667,std_binary,312800.0,0.0
laws:34,laws,sparse_near,2000,8953,2026,1333,binary,349400.0,0.0
laws:34,laws,sparse_near,2000,8953,2026,1333,caliber,351200.0,46000.0
laws:34,laws,sparse_near,2000,8953,2026,1333,degree4,377350.0,202700.0
laws:34,laws,sparse_near,2000,8953,2026,1333,fourary,351450.0,0.0
laws:34,laws,sparse_near,2000,8953,2026,1333,max_maxdegree,198400.0,41700.0
laws:34,laws,sparse_near,2000,8953,2026,1333,mean_degree,185600.0,10300.0
laws:34,laws,sparse_near,2000,8953,2026,1333,mean_map,253900.0,10300.0
laws:34,laws,sparse_near,2000,8953,2026,1333,mean_ring,245300.0,10300.0
laws:34,laws,sparse_near,2000,8953,2026,1333,selected_grid,179350.0,13550200.0
laws:34,laws,sparse_near,2000,8953,2026,1333,std_binary,316550.0,0.0
laws:35,laws,sparse_skew,2000,8953,2026,667,binary,457200.0,0.0
laws:35,laws,sparse_skew,2000,8953,2026,667,caliber,426000.0,33600.0
laws:35,laws,sparse_skew,2000,8953,2026,667,degree4,556150.0,173400.0
laws:35,laws,sparse_skew,2000,8953,2026,667,fourary,531100.0,0.0
laws:35,laws,sparse_skew,2000,8953,2026,667,max_maxdegree,262050.0,30400.0
laws:35,laws,sparse_skew,2000,8953,2026,667,mean_degree,318750.0,7900.0
laws:35,laws,sparse_skew,2000,8953,2026,667,mean_map,255950.0,7900.0
laws:35,laws,sparse_skew,2000,8953,2026,667,mean_ring,246900.0,7900.0
laws:35,laws,sparse_skew,2000,8953,2026,667,selected_grid,279800.0,25017900.0
laws:35,laws,sparse_skew,2000,8953,2026,667,std_binary,465200.0,0.0
laws:35,laws,sparse_skew,2000,8953,2026,1333,binary,447600.0,0.0
laws:35,laws,sparse_skew,2000,8953,2026,1333,caliber,420500.0,33600.0
laws:35,laws,sparse_skew,2000,8953,2026,1333,degree4,508900.0,173400.0
laws:35,laws,sparse_skew,2000,8953,2026,1333,fourary,473300.0,0.0
laws:35,laws,sparse_skew,2000,8953,2026,1333,max_maxdegree,255950.0,30400.0
laws:35,laws,sparse_skew,2000,8953,2026,1333,mean_degree,300000.0,7900.0
laws:35,laws,sparse_skew,2000,8953,2026,1333,mean_map,270000.0,7900.0
laws:35,laws,sparse_skew,2000,8953,2026,1333,mean_ring,248850.0,7900.0
laws:35,laws,sparse_skew,2000,8953,2026,1333,selected_grid,247050.0,25017900.0
laws:35,laws,sparse_skew,2000,8953,2026,1333,std_binary,456850.0,0.0
laws:36,laws,sparse_bimodal,2000,8953,2026,667,binary,419200.0,0.0
laws:36,laws,sparse_bimodal,2000,8953,2026,667,caliber,359050.0,39500.0
laws:36,laws,sparse_bimodal,2000,8953,2026,667,degree4,466900.0,160400.0
laws:36,laws,sparse_bimodal,2000,8953,2026,667,fourary,487800.0,0.0
laws:36,laws,sparse_bimodal,2000,8953,2026,667,max_maxdegree,173050.0,33800.0
laws:36,laws,sparse_bimodal,2000,8953,2026,667,mean_degree,187150.0,15200.0
laws:36,laws,sparse_bimodal,2000,8953,2026,667,mean_map,185550.0,15200.0
laws:36,laws,sparse_bimodal,2000,8953,2026,667,mean_ring,188300.0,15200.0
laws:36,laws,sparse_bimodal,2000,8953,2026,667,radix,152100.0,0.0
laws:36,laws,sparse_bimodal,2000,8953,2026,667,selected_grid,194450.0,13173900.0
laws:36,laws,sparse_bimodal,2000,8953,2026,667,std_binary,356050.0,0.0
laws:36,laws,sparse_bimodal,2000,8953,2026,1333,binary,417600.0,0.0
laws:36,laws,sparse_bimodal,2000,8953,2026,1333,caliber,340100.0,39500.0
laws:36,laws,sparse_bimodal,2000,8953,2026,1333,degree4,468750.0,160400.0
laws:36,laws,sparse_bimodal,2000,8953,2026,1333,fourary,480450.0,0.0
laws:36,laws,sparse_bimodal,2000,8953,2026,1333,max_maxdegree,191950.0,33800.0
laws:36,laws,sparse_bimodal,2000,8953,2026,1333,mean_degree,190550.0,15200.0
laws:36,laws,sparse_bimodal,2000,8953,2026,1333,mean_map,194350.0,15200.0
laws:36,laws,sparse_bimodal,2000,8953,2026,1333,mean_ring,194500.0,15200.0
laws:36,laws,sparse_bimodal,2000,8953,2026,1333,radix,151650.0,0.0
laws:36,laws,sparse_bimodal,2000,8953,2026,1333,selected_grid,201800.0,13173900.0
laws:36,laws,sparse_bimodal,2000,8953,2026,1333,std_binary,350000.0,0.0
laws:37,laws,sparse_zero,2000,8953,2026,667,binary,593400.0,0.0
laws:37,laws,sparse_zero,2000,8953,2026,667,caliber,427800.0,35400.0
laws:37,laws,sparse_zero,2000,8953,2026,667,degree4,675300.0,120000.0
laws:37,laws,sparse_zero,2000,8953,2026,667,fourary,690600.0,0.0
laws:37,laws,sparse_zero,2000,8953,2026,667,max_maxdegree,353850.0,34800.0
laws:37,laws,sparse_zero,2000,8953,2026,667,mean_degree,392850.0,8600.0
laws:37,laws,sparse_zero,2000,8953,2026,667,mean_map,551650.0,8600.0
laws:37,laws,sparse_zero,2000,8953,2026,667,mean_ring,496850.0,8600.0
laws:37,laws,sparse_zero,2000,8953,2026,667,selected_grid,394600.0,44947000.0
laws:37,laws,sparse_zero,2000,8953,2026,667,std_binary,569650.0,0.0
laws:37,laws,sparse_zero,2000,8953,2026,1333,binary,604250.0,0.0
laws:37,laws,sparse_zero,2000,8953,2026,1333,caliber,418850.0,35400.0
laws:37,laws,sparse_zero,2000,8953,2026,1333,degree4,686450.0,120000.0
laws:37,laws,sparse_zero,2000,8953,2026,1333,fourary,623200.0,0.0
laws:37,laws,sparse_zero,2000,8953,2026,1333,max_maxdegree,373850.0,34800.0
laws:37,laws,sparse_zero,2000,8953,2026,1333,mean_degree,392650.0,8600.0
laws:37,laws,sparse_zero,2000,8953,2026,1333,mean_map,521450.0,8600.0
laws:37,laws,sparse_zero,2000,8953,2026,1333,mean_ring,517150.0,8600.0
laws:37,laws,sparse_zero,2000,8953,2026,1333,selected_grid,397900.0,44947000.0
laws:37,laws,sparse_zero,2000,8953,2026,1333,std_binary,559800.0,0.0
laws:38,laws,sparse_integer,2000,8953,2026,667,binary,519700.0,0.0
laws:38,laws,sparse_integer,2000,8953,2026,667,caliber,438200.0,33800.0
laws:38,laws,sparse_integer,2000,8953,2026,667,degree4,574800.0,132600.0
laws:38,laws,sparse_integer,2000,8953,2026,667,fourary,671350.0,0.0
laws:38,laws,sparse_integer,2000,8953,2026,667,max_maxdegree,319150.0,28000.0
laws:38,laws,sparse_integer,2000,8953,2026,667,mean_degree,329850.0,69300.0
laws:38,laws,sparse_integer,2000,8953,2026,667,mean_map,290500.0,69300.0
laws:38,laws,sparse_integer,2000,8953,2026,667,mean_ring,279200.0,69300.0
laws:38,laws,sparse_integer,2000,8953,2026,667,radix,290700.0,0.0
laws:38,laws,sparse_integer,2000,8953,2026,667,selected_grid,237900.0,24369300.0
laws:38,laws,sparse_integer,2000,8953,2026,667,std_binary,483700.0,0.0
laws:38,laws,sparse_integer,2000,8953,2026,1333,binary,498100.0,0.0
laws:38,laws,sparse_integer,2000,8953,2026,1333,caliber,432650.0,33800.0
laws:38,laws,sparse_integer,2000,8953,2026,1333,degree4,561900.0,132600.0
laws:38,laws,sparse_integer,2000,8953,2026,1333,fourary,621550.0,0.0
laws:38,laws,sparse_integer,2000,8953,2026,1333,max_maxdegree,313700.0,28000.0
laws:38,laws,sparse_integer,2000,8953,2026,1333,mean_degree,325950.0,69300.0
laws:38,laws,sparse_integer,2000,8953,2026,1333,mean_map,274650.0,69300.0
laws:38,laws,sparse_integer,2000,8953,2026,1333,mean_ring,257150.0,69300.0
laws:38,laws,sparse_integer,2000,8953,2026,1333,radix,288250.0,0.0
laws:38,laws,sparse_integer,2000,8953,2026,1333,selected_grid,226950.0,24369300.0
laws:38,laws,sparse_integer,2000,8953,2026,1333,std_binary,489600.0,0.0
laws:39,laws,sparse_shuffle,2000,8953,2026,667,binary,433450.0,0.0
laws:39,laws,sparse_shuffle,2000,8953,2026,667,caliber,383200.0,32200.0
laws:39,laws,sparse_shuffle,2000,8953,2026,667,degree4,486600.0,139300.0
laws:39,laws,sparse_shuffle,2000,8953,2026,667,fourary,437650.0,0.0
laws:39,laws,sparse_shuffle,2000,8953,2026,667,max_maxdegree,311550.0,28200.0
laws:39,laws,sparse_shuffle,2000,8953,2026,667,mean_degree,318850.0,9000.0
laws:39,laws,sparse_shuffle,2000,8953,2026,667,mean_map,267100.0,9000.0
laws:39,laws,sparse_shuffle,2000,8953,2026,667,mean_ring,243450.0,9000.0
laws:39,laws,sparse_shuffle,2000,8953,2026,667,selected_grid,237800.0,21472900.0
laws:39,laws,sparse_shuffle,2000,8953,2026,667,std_binary,429200.0,0.0
laws:39,laws,sparse_shuffle,2000,8953,2026,1333,binary,442300.0,0.0
laws:39,laws,sparse_shuffle,2000,8953,2026,1333,caliber,372900.0,32200.0
laws:39,laws,sparse_shuffle,2000,8953,2026,1333,degree4,497300.0,139300.0
laws:39,laws,sparse_shuffle,2000,8953,2026,1333,fourary,449000.0,0.0
laws:39,laws,sparse_shuffle,2000,8953,2026,1333,max_maxdegree,325450.0,28200.0
laws:39,laws,sparse_shuffle,2000,8953,2026,1333,mean_degree,319650.0,9000.0
laws:39,laws,sparse_shuffle,2000,8953,2026,1333,mean_map,258850.0,9000.0
laws:39,laws,sparse_shuffle,2000,8953,2026,1333,mean_ring,252050.0,9000.0
laws:39,laws,sparse_shuffle,2000,8953,2026,1333,selected_grid,252500.0,21472900.0
laws:39,laws,sparse_shuffle,2000,8953,2026,1333,std_binary,411450.0,0.0
laws:4,laws,sparse_bimodal,2000,9049,42,667,binary,393550.0,0.0
laws:4,laws,sparse_bimodal,2000,9049,42,667,caliber,318450.0,40800.0
laws:4,laws,sparse_bimodal,2000,9049,42,667,degree4,427400.0,142700.0
laws:4,laws,sparse_bimodal,2000,9049,42,667,fourary,496500.0,0.0
laws:4,laws,sparse_bimodal,2000,9049,42,667,max_maxdegree,175150.0,32200.0
laws:4,laws,sparse_bimodal,2000,9049,42,667,mean_degree,176100.0,14500.0
laws:4,laws,sparse_bimodal,2000,9049,42,667,mean_map,172300.0,14500.0
laws:4,laws,sparse_bimodal,2000,9049,42,667,mean_ring,186650.0,14500.0
laws:4,laws,sparse_bimodal,2000,9049,42,667,radix,140700.0,0.0
laws:4,laws,sparse_bimodal,2000,9049,42,667,selected_grid,174050.0,12634600.0
laws:4,laws,sparse_bimodal,2000,9049,42,667,std_binary,329700.0,0.0
laws:4,laws,sparse_bimodal,2000,9049,42,1333,binary,392050.0,0.0
laws:4,laws,sparse_bimodal,2000,9049,42,1333,caliber,326400.0,40800.0
laws:4,laws,sparse_bimodal,2000,9049,42,1333,degree4,438300.0,142700.0
laws:4,laws,sparse_bimodal,2000,9049,42,1333,fourary,486250.0,0.0
laws:4,laws,sparse_bimodal,2000,9049,42,1333,max_maxdegree,169500.0,32200.0
laws:4,laws,sparse_bimodal,2000,9049,42,1333,mean_degree,184350.0,14500.0
laws:4,laws,sparse_bimodal,2000,9049,42,1333,mean_map,168850.0,14500.0
laws:4,laws,sparse_bimodal,2000,9049,42,1333,mean_ring,169350.0,14500.0
laws:4,laws,sparse_bimodal,2000,9049,42,1333,radix,142950.0,0.0
laws:4,laws,sparse_bimodal,2000,9049,42,1333,selected_grid,168550.0,12634600.0
laws:4,laws,sparse_bimodal,2000,9049,42,1333,std_binary,327500.0,0.0
laws:40,laws,sparse_scale,2000,8953,2026,667,binary,435650.0,0.0
laws:40,laws,sparse_scale,2000,8953,2026,667,caliber,370400.0,33000.0
laws:40,laws,sparse_scale,2000,8953,2026,667,degree4,481150.0,128600.0
laws:40,laws,sparse_scale,2000,8953,2026,667,fourary,443850.0,0.0
laws:40,laws,sparse_scale,2000,8953,2026,667,max_maxdegree,298550.0,28300.0
laws:40,laws,sparse_scale,2000,8953,2026,667,mean_degree,341750.0,38700.0
laws:40,laws,sparse_scale,2000,8953,2026,667,mean_map,293450.0,38700.0
laws:40,laws,sparse_scale,2000,8953,2026,667,mean_ring,246000.0,38700.0
laws:40,laws,sparse_scale,2000,8953,2026,667,selected_grid,220700.0,22066200.0
laws:40,laws,sparse_scale,2000,8953,2026,667,std_binary,422000.0,0.0
laws:40,laws,sparse_scale,2000,8953,2026,1333,binary,483550.0,0.0
laws:40,laws,sparse_scale,2000,8953,2026,1333,caliber,379650.0,33000.0
laws:40,laws,sparse_scale,2000,8953,2026,1333,degree4,497850.0,128600.0
laws:40,laws,sparse_scale,2000,8953,2026,1333,fourary,471100.0,0.0
laws:40,laws,sparse_scale,2000,8953,2026,1333,max_maxdegree,338350.0,28300.0
laws:40,laws,sparse_scale,2000,8953,2026,1333,mean_degree,319400.0,38700.0
laws:40,laws,sparse_scale,2000,8953,2026,1333,mean_map,279400.0,38700.0
laws:40,laws,sparse_scale,2000,8953,2026,1333,mean_ring,257400.0,38700.0
laws:40,laws,sparse_scale,2000,8953,2026,1333,selected_grid,255600.0,22066200.0
laws:40,laws,sparse_scale,2000,8953,2026,1333,std_binary,428700.0,0.0
laws:41,laws,clustered_uniform,2000,52301,2026,667,binary,892950.0,0.0
laws:41,laws,clustered_uniform,2000,52301,2026,667,caliber,934200.0,79900.0
laws:41,laws,clustered_uniform,2000,52301,2026,667,degree4,918100.0,111900.0
laws:41,laws,clustered_uniform,2000,52301,2026,667,fourary,923250.0,0.0
laws:41,laws,clustered_uniform,2000,52301,2026,667,max_maxdegree,705600.0,72300.0
laws:41,laws,clustered_uniform,2000,52301,2026,667,mean_degree,916100.0,44000.0
laws:41,laws,clustered_uniform,2000,52301,2026,667,mean_map,610650.0,44000.0
laws:41,laws,clustered_uniform,2000,52301,2026,667,mean_ring,611000.0,44000.0
laws:41,laws,clustered_uniform,2000,52301,2026,667,selected_grid,584550.0,49439900.0
laws:41,laws,clustered_uniform,2000,52301,2026,667,std_binary,944500.0,0.0
laws:41,laws,clustered_uniform,2000,52301,2026,1333,binary,874850.0,0.0
laws:41,laws,clustered_uniform,2000,52301,2026,1333,caliber,861000.0,79900.0
laws:41,laws,clustered_uniform,2000,52301,2026,1333,degree4,931600.0,111900.0
laws:41,laws,clustered_uniform,2000,52301,2026,1333,fourary,913550.0,0.0
laws:41,laws,clustered_uniform,2000,52301,2026,1333,max_maxdegree,702850.0,72300.0
laws:41,laws,clustered_uniform,2000,52301,2026,1333,mean_degree,934200.0,44000.0
laws:41,laws,clustered_uniform,2000,52301,2026,1333,mean_map,622200.0,44000.0
laws:41,laws,clustered_uniform,2000,52301,2026,1333,mean_ring,616000.0,44000.0
laws:41,laws,clustered_uniform,2000,52301,2026,1333,selected_grid,578600.0,49439900.0
laws:41,laws,clustered_uniform,2000,52301,2026,1333,std_binary,925950.0,0.0
laws:42,laws,clustered_near,2000,52301,2026,667,binary,471450.0,0.0
laws:42,laws,clustered_near,2000,52301,2026,667,caliber,514150.0,93000.0
laws:42,laws,clustered_near,2000,52301,2026,667,degree4,472550.0,119000.0
laws:42,laws,clustered_near,2000,52301,2026,667,fourary,475500.0,0.0
laws:42,laws,clustered_near,2000,52301,2026,667,max_maxdegree,433650.0,80200.0
laws:42,laws,clustered_near,2000,52301,2026,667,mean_degree,434850.0,45800.0
laws:42,laws,clustered_near,2000,52301,2026,667,mean_map,483450.0,45800.0
laws:42,laws,clustered_near,2000,52301,2026,667,mean_ring,472550.0,45800.0
laws:42,laws,clustered_near,2000,52301,2026,667,selected_grid,443350.0,34074300.0
laws:42,laws,clustered_near,2000,52301,2026,667,std_binary,497950.0,0.0
laws:42,laws,clustered_near,2000,52301,2026,1333,binary,469950.0,0.0
laws:42,laws,clustered_near,2000,52301,2026,1333,caliber,515200.0,93000.0
laws:42,laws,clustered_near,2000,52301,2026,1333,degree4,484800.0,119000.0
laws:42,laws,clustered_near,2000,52301,2026,1333,fourary,482400.0,0.0
laws:42,laws,clustered_near,2000,52301,2026,1333,max_maxdegree,430450.0,80200.0
laws:42,laws,clustered_near,2000,52301,2026,1333,mean_degree,436850.0,45800.0
laws:42,laws,clustered_near,2000,52301,2026,1333,mean_map,510550.0,45800.0
laws:42,laws,clustered_near,2000,52301,2026,1333,mean_ring,492150.0,45800.0
laws:42,laws,clustered_near,2000,52301,2026,1333,selected_grid,440800.0,34074300.0
laws:42,laws,clustered_near,2000,52301,2026,1333,std_binary,513550.0,0.0
laws:43,laws,clustered_skew,2000,52301,2026,667,binary,619800.0,0.0
laws:43,laws,clustered_skew,2000,52301,2026,667,caliber,681700.0,83500.0
laws:43,laws,clustered_skew,2000,52301,2026,667,degree4,632650.0,112500.0
laws:43,laws,clustered_skew,2000,52301,2026,667,fourary,674350.0,0.0
laws:43,laws,clustered_skew,2000,52301,2026,667,max_maxdegree,497750.0,75200.0
laws:43,laws,clustered_skew,2000,52301,2026,667,mean_degree,613900.0,48500.0
laws:43,laws,clustered_skew,2000,52301,2026,667,mean_map,504400.0,48500.0
laws:43,laws,clustered_skew,2000,52301,2026,667,mean_ring,504200.0,48500.0
laws:43,laws,clustered_skew,2000,52301,2026,667,selected_grid,492650.0,41094800.0
laws:43,laws,clustered_skew,2000,52301,2026,667,std_binary,644450.0,0.0
laws:43,laws,clustered_skew,2000,52301,2026,1333,binary,606750.0,0.0
laws:43,laws,clustered_skew,2000,52301,2026,1333,caliber,661200.0,83500.0
laws:43,laws,clustered_skew,2000,52301,2026,1333,degree4,631150.0,112500.0
laws:43,laws,clustered_skew,2000,52301,2026,1333,fourary,611200.0,0.0
laws:43,laws,clustered_skew,2000,52301,2026,1333,max_maxdegree,530100.0,75200.0
laws:43,laws,clustered_skew,2000,52301,2026,1333,mean_degree,622750.0,48500.0
laws:43,laws,clustered_skew,2000,52301,2026,1333,mean_map,536000.0,48500.0
laws:43,laws,clustered_skew,2000,52301,2026,1333,mean_ring,498550.0,48500.0
laws:43,laws,clustered_skew,2000,52301,2026,1333,selected_grid,487950.0,41094800.0
laws:43,laws,clustered_skew,2000,52301,2026,1333,std_binary,639150.0,0.0
laws:44,laws,clustered_bimodal,2000,52301,2026,667,binary,453750.0,0.0
laws:44,laws,clustered_bimodal,2000,52301,2026,667,caliber,416550.0,79300.0
laws:44,laws,clustered_bimodal,2000,52301,2026,667,degree4,437550.0,102400.0
laws:44,laws,clustered_bimodal,2000,52301,2026,667,fourary,513800.0,0.0
laws:44,laws,clustered_bimodal,2000,52301,2026,667,max_maxdegree,410350.0,71900.0
laws:44,laws,clustered_bimodal,2000,52301,2026,667,mean_degree,392500.0,43800.0
laws:44,laws,clustered_bimodal,2000,52301,2026,667,mean_map,409550.0,43800.0
laws:44,laws,clustered_bimodal,2000,52301,2026,667,mean_ring,409500.0,43800.0
laws:44,laws,clustered_bimodal,2000,52301,2026,667,radix,328950.0,0.0
laws:44,laws,clustered_bimodal,2000,52301,2026,667,selected_grid,410650.0,29730100.0
laws:44,laws,clustered_bimodal,2000,52301,2026,667,std_binary,434950.0,0.0
laws:44,laws,clustered_bimodal,2000,52301,2026,1333,binary,431550.0,0.0
laws:44,laws,clustered_bimodal,2000,52301,2026,1333,caliber,432450.0,79300.0
laws:44,laws,clustered_bimodal,2000,52301,2026,1333,degree4,434150.0,102400.0
laws:44,laws,clustered_bimodal,2000,52301,2026,1333,fourary,480950.0,0.0
laws:44,laws,clustered_bimodal,2000,52301,2026,1333,max_maxdegree,431600.0,71900.0
laws:44,laws,clustered_bimodal,2000,52301,2026,1333,mean_degree,424550.0,43800.0
laws:44,laws,clustered_bimodal,2000,52301,2026,1333,mean_map,427250.0,43800.0
laws:44,laws,clustered_bimodal,2000,52301,2026,1333,mean_ring,418150.0,43800.0
laws:44,laws,clustered_bimodal,2000,52301,2026,1333,radix,340050.0,0.0
laws:44,laws,clustered_bimodal,2000,52301,2026,1333,selected_grid,436300.0,29730100.0
laws:44,laws,clustered_bimodal,2000,52301,2026,1333,std_binary,425400.0,0.0
laws:45,laws,clustered_zero,2000,52301,2026,667,binary,929200.0,0.0
laws:45,laws,clustered_zero,2000,52301,2026,667,caliber,539100.0,89200.0
laws:45,laws,clustered_zero,2000,52301,2026,667,degree4,929850.0,110500.0
laws:45,laws,clustered_zero,2000,52301,2026,667,fourary,1014300.0,0.0
laws:45,laws,clustered_zero,2000,52301,2026,667,max_maxdegree,445050.0,69000.0
laws:45,laws,clustered_zero,2000,52301,2026,667,mean_degree,443200.0,42000.0
laws:45,laws,clustered_zero,2000,52301,2026,667,mean_map,586000.0,42000.0
laws:45,laws,clustered_zero,2000,52301,2026,667,mean_ring,590100.0,42000.0
laws:45,laws,clustered_zero,2000,52301,2026,667,selected_grid,486550.0,39636700.0
laws:45,laws,clustered_zero,2000,52301,2026,667,std_binary,870450.0,0.0
laws:45,laws,clustered_zero,2000,52301,2026,1333,binary,924600.0,0.0
laws:45,laws,clustered_zero,2000,52301,2026,1333,caliber,545850.0,89200.0
laws:45,laws,clustered_zero,2000,52301,2026,1333,degree4,895150.0,110500.0
laws:45,laws,clustered_zero,2000,52301,2026,1333,fourary,1041200.0,0.0
laws:45,laws,clustered_zero,2000,52301,2026,1333,max_maxdegree,478600.0,69000.0
laws:45,laws,clustered_zero,2000,52301,2026,1333,mean_degree,447750.0,42000.0
laws:45,laws,clustered_zero,2000,52301,2026,1333,mean_map,589950.0,42000.0
laws:45,laws,clustered_zero,2000,52301,2026,1333,mean_ring,587400.0,42000.0
laws:45,laws,clustered_zero,2000,52301,2026,1333,selected_grid,525450.0,39636700.0
laws:45,laws,clustered_zero,2000,52301,2026,1333,std_binary,912700.0,0.0
laws:46,laws,clustered_integer,2000,52301,2026,667,binary,1128800.0,0.0
laws:46,laws,clustered_integer,2000,52301,2026,667,caliber,1037300.0,79300.0
laws:46,laws,clustered_integer,2000,52301,2026,667,degree4,1159150.0,104000.0
laws:46,laws,clustered_integer,2000,52301,2026,667,fourary,1450850.0,0.0
laws:46,laws,clustered_integer,2000,52301,2026,667,max_maxdegree,781450.0,71400.0
laws:46,laws,clustered_integer,2000,52301,2026,667,mean_degree,858100.0,43800.0
laws:46,laws,clustered_integer,2000,52301,2026,667,mean_map,660250.0,43800.0
laws:46,laws,clustered_integer,2000,52301,2026,667,mean_ring,729550.0,43800.0
laws:46,laws,clustered_integer,2000,52301,2026,667,radix,598100.0,0.0
laws:46,laws,clustered_integer,2000,52301,2026,667,selected_grid,633550.0,59389200.0
laws:46,laws,clustered_integer,2000,52301,2026,667,std_binary,1131700.0,0.0
laws:46,laws,clustered_integer,2000,52301,2026,1333,binary,1186000.0,0.0
laws:46,laws,clustered_integer,2000,52301,2026,1333,caliber,1123300.0,79300.0
laws:46,laws,clustered_integer,2000,52301,2026,1333,degree4,1159700.0,104000.0
laws:46,laws,clustered_integer,2000,52301,2026,1333,fourary,1422250.0,0.0
laws:46,laws,clustered_integer,2000,52301,2026,1333,max_maxdegree,845150.0,71400.0
laws:46,laws,clustered_integer,2000,52301,2026,1333,mean_degree,852250.0,43800.0
laws:46,laws,clustered_integer,2000,52301,2026,1333,mean_map,689700.0,43800.0
laws:46,laws,clustered_integer,2000,52301,2026,1333,mean_ring,632250.0,43800.0
laws:46,laws,clustered_integer,2000,52301,2026,1333,radix,629250.0,0.0
laws:46,laws,clustered_integer,2000,52301,2026,1333,selected_grid,615350.0,59389200.0
laws:46,laws,clustered_integer,2000,52301,2026,1333,std_binary,1129550.0,0.0
laws:47,laws,clustered_shuffle,2000,52301,2026,667,binary,755800.0,0.0
laws:47,laws,clustered_shuffle,2000,52301,2026,667,caliber,725050.0,114000.0
laws:47,laws,clustered_shuffle,2000,52301,2026,667,degree4,783150.0,179900.0
laws:47,laws,clustered_shuffle,2000,52301,2026,667,fourary,758850.0,0.0
laws:47,laws,clustered_shuffle,2000,52301,2026,667,max_maxdegree,569600.0,87200.0
laws:47,laws,clustered_shuffle,2000,52301,2026,667,mean_degree,678450.0,44300.0
laws:47,laws,clustered_shuffle,2000,52301,2026,667,mean_map,547300.0,44300.0
laws:47,laws,clustered_shuffle,2000,52301,2026,667,mean_ring,519200.0,44300.0
laws:47,laws,clustered_shuffle,2000,52301,2026,667,selected_grid,530250.0,44795500.0
laws:47,laws,clustered_shuffle,2000,52301,2026,667,std_binary,773950.0,0.0
laws:47,laws,clustered_shuffle,2000,52301,2026,1333,binary,712700.0,0.0
laws:47,laws,clustered_shuffle,2000,52301,2026,1333,caliber,708850.0,114000.0
laws:47,laws,clustered_shuffle,2000,52301,2026,1333,degree4,755200.0,179900.0
laws:47,laws,clustered_shuffle,2000,52301,2026,1333,fourary,747950.0,0.0
laws:47,laws,clustered_shuffle,2000,52301,2026,1333,max_maxdegree,550500.0,87200.0
laws:47,laws,clustered_shuffle,2000,52301,2026,1333,mean_degree,648750.0,44300.0
laws:47,laws,clustered_shuffle,2000,52301,2026,1333,mean_map,556000.0,44300.0
laws:47,laws,clustered_shuffle,2000,52301,2026,1333,mean_ring,538550.0,44300.0
laws:47,laws,clustered_shuffle,2000,52301,2026,1333,selected_grid,521100.0,44795500.0
laws:47,laws,clustered_shuffle,2000,52301,2026,1333,std_binary,762700.0,0.0
laws:48,laws,clustered_scale,2000,52301,2026,667,binary,791150.0,0.0
laws:48,laws,clustered_scale,2000,52301,2026,667,caliber,781750.0,77500.0
laws:48,laws,clustered_scale,2000,52301,2026,667,degree4,828050.0,137900.0
laws:48,laws,clustered_scale,2000,52301,2026,667,fourary,850100.0,0.0
laws:48,laws,clustered_scale,2000,52301,2026,667,max_maxdegree,625350.0,76600.0
laws:48,laws,clustered_scale,2000,52301,2026,667,mean_degree,873450.0,42000.0
laws:48,laws,clustered_scale,2000,52301,2026,667,mean_map,560100.0,42000.0
laws:48,laws,clustered_scale,2000,52301,2026,667,mean_ring,532450.0,42000.0
laws:48,laws,clustered_scale,2000,52301,2026,667,selected_grid,535750.0,46187500.0
laws:48,laws,clustered_scale,2000,52301,2026,667,std_binary,905700.0,0.0
laws:48,laws,clustered_scale,2000,52301,2026,1333,binary,819200.0,0.0
laws:48,laws,clustered_scale,2000,52301,2026,1333,caliber,798600.0,77500.0
laws:48,laws,clustered_scale,2000,52301,2026,1333,degree4,812650.0,137900.0
laws:48,laws,clustered_scale,2000,52301,2026,1333,fourary,867050.0,0.0
laws:48,laws,clustered_scale,2000,52301,2026,1333,max_maxdegree,634700.0,76600.0
laws:48,laws,clustered_scale,2000,52301,2026,1333,mean_degree,872000.0,42000.0
laws:48,laws,clustered_scale,2000,52301,2026,1333,mean_map,575250.0,42000.0
laws:48,laws,clustered_scale,2000,52301,2026,1333,mean_ring,535550.0,42000.0
laws:48,laws,clustered_scale,2000,52301,2026,1333,selected_grid,545500.0,46187500.0
laws:48,laws,clustered_scale,2000,52301,2026,1333,std_binary,888000.0,0.0
laws:5,laws,sparse_zero,2000,9049,42,667,binary,559600.0,0.0
laws:5,laws,sparse_zero,2000,9049,42,667,caliber,383550.0,30900.0
laws:5,laws,sparse_zero,2000,9049,42,667,degree4,649300.0,144800.0
laws:5,laws,sparse_zero,2000,9049,42,667,fourary,574800.0,0.0
laws:5,laws,sparse_zero,2000,9049,42,667,max_maxdegree,363400.0,31600.0
laws:5,laws,sparse_zero,2000,9049,42,667,mean_degree,340250.0,8400.0
laws:5,laws,sparse_zero,2000,9049,42,667,mean_map,567100.0,8400.0
laws:5,laws,sparse_zero,2000,9049,42,667,mean_ring,526150.0,8400.0
laws:5,laws,sparse_zero,2000,9049,42,667,selected_grid,321300.0,37213000.0
laws:5,laws,sparse_zero,2000,9049,42,667,std_binary,554700.0,0.0
laws:5,laws,sparse_zero,2000,9049,42,1333,binary,545050.0,0.0
laws:5,laws,sparse_zero,2000,9049,42,1333,caliber,393500.0,30900.0
laws:5,laws,sparse_zero,2000,9049,42,1333,degree4,602900.0,144800.0
laws:5,laws,sparse_zero,2000,9049,42,1333,fourary,565200.0,0.0
laws:5,laws,sparse_zero,2000,9049,42,1333,max_maxdegree,350500.0,31600.0
laws:5,laws,sparse_zero,2000,9049,42,1333,mean_degree,345200.0,8400.0
laws:5,laws,sparse_zero,2000,9049,42,1333,mean_map,378450.0,8400.0
laws:5,laws,sparse_zero,2000,9049,42,1333,mean_ring,369700.0,8400.0
laws:5,laws,sparse_zero,2000,9049,42,1333,selected_grid,327450.0,37213000.0
laws:5,laws,sparse_zero,2000,9049,42,1333,std_binary,515050.0,0.0
laws:6,laws,sparse_integer,2000,9049,42,667,binary,454050.0,0.0
laws:6,laws,sparse_integer,2000,9049,42,667,caliber,403500.0,30300.0
laws:6,laws,sparse_integer,2000,9049,42,667,degree4,508050.0,124500.0
laws:6,laws,sparse_integer,2000,9049,42,667,fourary,528950.0,0.0
laws:6,laws,sparse_integer,2000,9049,42,667,max_maxdegree,276450.0,31600.0
laws:6,laws,sparse_integer,2000,9049,42,667,mean_degree,279000.0,8000.0
laws:6,laws,sparse_integer,2000,9049,42,667,mean_map,238550.0,8000.0
laws:6,laws,sparse_integer,2000,9049,42,667,mean_ring,237900.0,8000.0
laws:6,laws,sparse_integer,2000,9049,42,667,radix,255850.0,0.0
laws:6,laws,sparse_integer,2000,9049,42,667,selected_grid,212750.0,19965000.0
laws:6,laws,sparse_integer,2000,9049,42,667,std_binary,430250.0,0.0
laws:6,laws,sparse_integer,2000,9049,42,1333,binary,470800.0,0.0
laws:6,laws,sparse_integer,2000,9049,42,1333,caliber,386550.0,30300.0
laws:6,laws,sparse_integer,2000,9049,42,1333,degree4,513300.0,124500.0
laws:6,laws,sparse_integer,2000,9049,42,1333,fourary,640750.0,0.0
laws:6,laws,sparse_integer,2000,9049,42,1333,max_maxdegree,281250.0,31600.0
laws:6,laws,sparse_integer,2000,9049,42,1333,mean_degree,287700.0,8000.0
laws:6,laws,sparse_integer,2000,9049,42,1333,mean_map,235050.0,8000.0
laws:6,laws,sparse_integer,2000,9049,42,1333,mean_ring,219750.0,8000.0
laws:6,laws,sparse_integer,2000,9049,42,1333,radix,254900.0,0.0
laws:6,laws,sparse_integer,2000,9049,42,1333,selected_grid,227900.0,19965000.0
laws:6,laws,sparse_integer,2000,9049,42,1333,std_binary,452100.0,0.0
laws:7,laws,sparse_shuffle,2000,9049,42,667,binary,394700.0,0.0
laws:7,laws,sparse_shuffle,2000,9049,42,667,caliber,335000.0,29900.0
laws:7,laws,sparse_shuffle,2000,9049,42,667,degree4,436050.0,129900.0
laws:7,laws,sparse_shuffle,2000,9049,42,667,fourary,403750.0,0.0
laws:7,laws,sparse_shuffle,2000,9049,42,667,max_maxdegree,280800.0,25200.0
laws:7,laws,sparse_shuffle,2000,9049,42,667,mean_degree,278300.0,8200.0
laws:7,laws,sparse_shuffle,2000,9049,42,667,mean_map,278850.0,8200.0
laws:7,laws,sparse_shuffle,2000,9049,42,667,mean_ring,225450.0,8200.0
laws:7,laws,sparse_shuffle,2000,9049,42,667,selected_grid,220950.0,20017100.0
laws:7,laws,sparse_shuffle,2000,9049,42,667,std_binary,387700.0,0.0
laws:7,laws,sparse_shuffle,2000,9049,42,1333,binary,408300.0,0.0
laws:7,laws,sparse_shuffle,2000,9049,42,1333,caliber,346950.0,29900.0
laws:7,laws,sparse_shuffle,2000,9049,42,1333,degree4,441900.0,129900.0
laws:7,laws,sparse_shuffle,2000,9049,42,1333,fourary,421700.0,0.0
laws:7,laws,sparse_shuffle,2000,9049,42,1333,max_maxdegree,274300.0,25200.0
laws:7,laws,sparse_shuffle,2000,9049,42,1333,mean_degree,282150.0,8200.0
laws:7,laws,sparse_shuffle,2000,9049,42,1333,mean_map,238100.0,8200.0
laws:7,laws,sparse_shuffle,2000,9049,42,1333,mean_ring,227450.0,8200.0
laws:7,laws,sparse_shuffle,2000,9049,42,1333,selected_grid,214350.0,20017100.0
laws:7,laws,sparse_shuffle,2000,9049,42,1333,std_binary,384300.0,0.0
laws:8,laws,sparse_scale,2000,9049,42,667,binary,390600.0,0.0
laws:8,laws,sparse_scale,2000,9049,42,667,caliber,341600.0,30100.0
laws:8,laws,sparse_scale,2000,9049,42,667,degree4,449100.0,133200.0
laws:8,laws,sparse_scale,2000,9049,42,667,fourary,391850.0,0.0
laws:8,laws,sparse_scale,2000,9049,42,667,max_maxdegree,277050.0,35300.0
laws:8,laws,sparse_scale,2000,9049,42,667,mean_degree,280700.0,8100.0
laws:8,laws,sparse_scale,2000,9049,42,667,mean_map,237250.0,8100.0
laws:8,laws,sparse_scale,2000,9049,42,667,mean_ring,227500.0,8100.0
laws:8,laws,sparse_scale,2000,9049,42,667,selected_grid,225300.0,19907800.0
laws:8,laws,sparse_scale,2000,9049,42,667,std_binary,386500.0,0.0
laws:8,laws,sparse_scale,2000,9049,42,1333,binary,407150.0,0.0
laws:8,laws,sparse_scale,2000,9049,42,1333,caliber,353900.0,30100.0
laws:8,laws,sparse_scale,2000,9049,42,1333,degree4,455350.0,133200.0
laws:8,laws,sparse_scale,2000,9049,42,1333,fourary,426450.0,0.0
laws:8,laws,sparse_scale,2000,9049,42,1333,max_maxdegree,290100.0,35300.0
laws:8,laws,sparse_scale,2000,9049,42,1333,mean_degree,288600.0,8100.0
laws:8,laws,sparse_scale,2000,9049,42,1333,mean_map,252500.0,8100.0
laws:8,laws,sparse_scale,2000,9049,42,1333,mean_ring,226300.0,8100.0
laws:8,laws,sparse_scale,2000,9049,42,1333,selected_grid,223050.0,19907800.0
laws:8,laws,sparse_scale,2000,9049,42,1333,std_binary,416550.0,0.0
laws:9,laws,clustered_uniform,2000,51918,42,667,binary,798900.0,0.0
laws:9,laws,clustered_uniform,2000,51918,42,667,caliber,785050.0,84700.0
laws:9,laws,clustered_uniform,2000,51918,42,667,degree4,834100.0,131100.0
laws:9,laws,clustered_uniform,2000,51918,42,667,fourary,816750.0,0.0
laws:9,laws,clustered_uniform,2000,51918,42,667,max_maxdegree,622350.0,68200.0
laws:9,laws,clustered_uniform,2000,51918,42,667,mean_degree,818350.0,41700.0
laws:9,laws,clustered_uniform,2000,51918,42,667,mean_map,540250.0,41700.0
laws:9,laws,clustered_uniform,2000,51918,42,667,mean_ring,523450.0,41700.0
laws:9,laws,clustered_uniform,2000,51918,42,667,selected_grid,523200.0,45967900.0
laws:9,laws,clustered_uniform,2000,51918,42,667,std_binary,859500.0,0.0
laws:9,laws,clustered_uniform,2000,51918,42,1333,binary,763000.0,0.0
laws:9,laws,clustered_uniform,2000,51918,42,1333,caliber,767850.0,84700.0
laws:9,laws,clustered_uniform,2000,51918,42,1333,degree4,804200.0,131100.0
laws:9,laws,clustered_uniform,2000,51918,42,1333,fourary,874550.0,0.0
laws:9,laws,clustered_uniform,2000,51918,42,1333,max_maxdegree,589300.0,68200.0
laws:9,laws,clustered_uniform,2000,51918,42,1333,mean_degree,788750.0,41700.0
laws:9,laws,clustered_uniform,2000,51918,42,1333,mean_map,527250.0,41700.0
laws:9,laws,clustered_uniform,2000,51918,42,1333,mean_ring,518700.0,41700.0
laws:9,laws,clustered_uniform,2000,51918,42,1333,selected_grid,532400.0,45967900.0
laws:9,laws,clustered_uniform,2000,51918,42,1333,std_binary,811450.0,0.0
layout:1,layout,weight,5000,22662,42,1666,binary,1107650.0,0.0
layout:1,layout,weight,5000,22662,42,1666,caliber,955050.0,119300.0
layout:1,layout,weight,5000,22662,42,1666,degree4,1235700.0,341600.0
layout:1,layout,weight,5000,22662,42,1666,fourary,1103150.0,0.0
layout:1,layout,weight,5000,22662,42,1666,max_maxdegree,668700.0,112600.0
layout:1,layout,weight,5000,22662,42,1666,mean_degree,675450.0,38800.0
layout:1,layout,weight,5000,22662,42,1666,mean_map,633650.0,38800.0
layout:1,layout,weight,5000,22662,42,1666,mean_ring,543050.0,38800.0
layout:1,layout,weight,5000,22662,42,1666,std_binary,1048800.0,0.0
layout:1,layout,weight,5000,22662,42,3333,binary,1086350.0,0.0
layout:1,layout,weight,5000,22662,42,3333,caliber,953300.0,119300.0
layout:1,layout,weight,5000,22662,42,3333,degree4,1232850.0,341600.0
layout:1,layout,weight,5000,22662,42,3333,fourary,1169050.0,0.0
layout:1,layout,weight,5000,22662,42,3333,max_maxdegree,704650.0,112600.0
layout:1,layout,weight,5000,22662,42,3333,mean_degree,692750.0,38800.0
layout:1,layout,weight,5000,22662,42,3333,mean_map,596700.0,38800.0
layout:1,layout,weight,5000,22662,42,3333,mean_ring,555850.0,38800.0
layout:1,layout,weight,5000,22662,42,3333,std_binary,1045150.0,0.0
layout:10,layout,rcm,100000,450557,42,77462,binary,52130000.0,0.0
layout:10,layout,rcm,100000,450557,42,77462,caliber,46629100.0,3108700.0
layout:10,layout,rcm,100000,450557,42,77462,degree4,63734850.0,14086900.0
layout:10,layout,rcm,100000,450557,42,77462,fourary,52922850.0,0.0
layout:10,layout,rcm,100000,450557,42,77462,max_maxdegree,27159350.0,5008800.0
layout:10,layout,rcm,100000,450557,42,77462,mean_degree,27792700.0,1740400.0
layout:10,layout,rcm,100000,450557,42,77462,mean_map,29451950.0,1740400.0
layout:10,layout,rcm,100000,450557,42,77462,mean_ring,28221400.0,1740400.0
layout:10,layout,rcm,100000,450557,42,77462,std_binary,50600250.0,0.0
layout:10,layout,rcm,100000,450557,42,96072,binary,50856100.0,0.0
layout:10,layout,rcm,100000,450557,42,96072,caliber,46417400.0,3108700.0
layout:10,layout,rcm,100000,450557,42,96072,degree4,61041300.0,14086900.0
layout:10,layout,rcm,100000,450557,42,96072,fourary,49836750.0,0.0
layout:10,layout,rcm,100000,450557,42,96072,max_maxdegree,26317500.0,5008800.0
layout:10,layout,rcm,100000,450557,42,96072,mean_degree,25996050.0,1740400.0
layout:10,layout,rcm,100000,450557,42,96072,mean_map,27667900.0,1740400.0
layout:10,layout,rcm,100000,450557,42,96072,mean_ring,28178000.0,1740400.0
layout:10,layout,rcm,100000,450557,42,96072,std_binary,48035700.0,0.0
layout:11,layout,weight,5000,22447,1729,1666,binary,1118650.0,0.0
layout:11,layout,weight,5000,22447,1729,1666,caliber,1010750.0,92800.0
layout:11,layout,weight,5000,22447,1729,1666,degree4,1324750.0,302600.0
layout:11,layout,weight,5000,22447,1729,1666,fourary,1156550.0,0.0
layout:11,layout,weight,5000,22447,1729,1666,max_maxdegree,752600.0,99400.0
layout:11,layout,weight,5000,22447,1729,1666,mean_degree,735650.0,39400.0
layout:11,layout,weight,5000,22447,1729,1666,mean_map,617150.0,39400.0
layout:11,layout,weight,5000,22447,1729,1666,mean_ring,550850.0,39400.0
layout:11,layout,weight,5000,22447,1729,1666,std_binary,1134100.0,0.0
layout:11,layout,weight,5000,22447,1729,3333,binary,1219250.0,0.0
layout:11,layout,weight,5000,22447,1729,3333,caliber,949200.0,92800.0
layout:11,layout,weight,5000,22447,1729,3333,degree4,1289200.0,302600.0
layout:11,layout,weight,5000,22447,1729,3333,fourary,1099950.0,0.0
layout:11,layout,weight,5000,22447,1729,3333,max_maxdegree,669200.0,99400.0
layout:11,layout,weight,5000,22447,1729,3333,mean_degree,693700.0,39400.0
layout:11,layout,weight,5000,22447,1729,3333,mean_map,690100.0,39400.0
layout:11,layout,weight,5000,22447,1729,3333,mean_ring,608900.0,39400.0
layout:11,layout,weight,5000,22447,1729,3333,std_binary,1067850.0,0.0
layout:12,layout,destination,5000,22447,1729,1666,binary,1163850.0,0.0
layout:12,layout,destination,5000,22447,1729,1666,caliber,1010850.0,89900.0
layout:12,layout,destination,5000,22447,1729,1666,degree4,1332350.0,304000.0
layout:12,layout,destination,5000,22447,1729,1666,fourary,1090650.0,0.0
layout:12,layout,destination,5000,22447,1729,1666,max_maxdegree,715050.0,108200.0
layout:12,layout,destination,5000,22447,1729,1666,mean_degree,726500.0,42600.0
layout:12,layout,destination,5000,22447,1729,1666,mean_map,777750.0,42600.0
layout:12,layout,destination,5000,22447,1729,1666,mean_ring,736200.0,42600.0
layout:12,layout,destination,5000,22447,1729,1666,std_binary,1120650.0,0.0
layout:12,layout,destination,5000,22447,1729,3333,binary,1150550.0,0.0
layout:12,layout,destination,5000,22447,1729,3333,caliber,982700.0,89900.0
layout:12,layout,destination,5000,22447,1729,3333,degree4,1293050.0,304000.0
layout:12,layout,destination,5000,22447,1729,3333,fourary,1153850.0,0.0
layout:12,layout,destination,5000,22447,1729,3333,max_maxdegree,689000.0,108200.0
layout:12,layout,destination,5000,22447,1729,3333,mean_degree,714850.0,42600.0
layout:12,layout,destination,5000,22447,1729,3333,mean_map,790500.0,42600.0
layout:12,layout,destination,5000,22447,1729,3333,mean_ring,714050.0,42600.0
layout:12,layout,destination,5000,22447,1729,3333,std_binary,1106550.0,0.0
layout:13,layout,random,5000,22447,1729,1666,binary,1132050.0,0.0
layout:13,layout,random,5000,22447,1729,1666,caliber,1015200.0,96300.0
layout:13,layout,random,5000,22447,1729,1666,degree4,1354550.0,293100.0
layout:13,layout,random,5000,22447,1729,1666,fourary,1103250.0,0.0
layout:13,layout,random,5000,22447,1729,1666,max_maxdegree,708100.0,80600.0
layout:13,layout,random,5000,22447,1729,1666,mean_degree,690000.0,52400.0
layout:13,layout,random,5000,22447,1729,1666,mean_map,778900.0,52400.0
layout:13,layout,random,5000,22447,1729,1666,mean_ring,713300.0,52400.0
layout:13,layout,random,5000,22447,1729,1666,std_binary,1135500.0,0.0
layout:13,layout,random,5000,22447,1729,3333,binary,1140850.0,0.0
layout:13,layout,random,5000,22447,1729,3333,caliber,985700.0,96300.0
layout:13,layout,random,5000,22447,1729,3333,degree4,1318200.0,293100.0
layout:13,layout,random,5000,22447,1729,3333,fourary,1104350.0,0.0
layout:13,layout,random,5000,22447,1729,3333,max_maxdegree,712600.0,80600.0
layout:13,layout,random,5000,22447,1729,3333,mean_degree,701700.0,52400.0
layout:13,layout,random,5000,22447,1729,3333,mean_map,769700.0,52400.0
layout:13,layout,random,5000,22447,1729,3333,mean_ring,697350.0,52400.0
layout:13,layout,random,5000,22447,1729,3333,std_binary,1120700.0,0.0
layout:14,layout,bfs,5000,22447,1729,1989,binary,1116550.0,0.0
layout:14,layout,bfs,5000,22447,1729,1989,caliber,958150.0,89200.0
layout:14,layout,bfs,5000,22447,1729,1989,degree4,1265550.0,299800.0
layout:14,layout,bfs,5000,22447,1729,1989,fourary,1219250.0,0.0
layout:14,layout,bfs,5000,22447,1729,1989,max_maxdegree,693550.0,96300.0
layout:14,layout,bfs,5000,22447,1729,1989,mean_degree,708750.0,35900.0
layout:14,layout,bfs,5000,22447,1729,1989,mean_map,612450.0,35900.0
layout:14,layout,bfs,5000,22447,1729,1989,mean_ring,561950.0,35900.0
layout:14,layout,bfs,5000,22447,1729,1989,std_binary,1076700.0,0.0
layout:14,layout,bfs,5000,22447,1729,2419,binary,1086150.0,0.0
layout:14,layout,bfs,5000,22447,1729,2419,caliber,1020200.0,89200.0
layout:14,layout,bfs,5000,22447,1729,2419,degree4,1303550.0,299800.0
layout:14,layout,bfs,5000,22447,1729,2419,fourary,1143550.0,0.0
layout:14,layout,bfs,5000,22447,1729,2419,max_maxdegree,726600.0,96300.0
layout:14,layout,bfs,5000,22447,1729,2419,mean_degree,767750.0,35900.0
layout:14,layout,bfs,5000,22447,1729,2419,mean_map,628450.0,35900.0
layout:14,layout,bfs,5000,22447,1729,2419,mean_ring,588100.0,35900.0
layout:14,layout,bfs,5000,22447,1729,2419,std_binary,1149950.0,0.0
layout:15,layout,rcm,5000,22447,1729,2580,binary,1144400.0,0.0
layout:15,layout,rcm,5000,22447,1729,2580,caliber,972200.0,91700.0
layout:15,layout,rcm,5000,22447,1729,2580,degree4,1299900.0,280900.0
layout:15,layout,rcm,5000,22447,1729,2580,fourary,1144600.0,0.0
layout:15,layout,rcm,5000,22447,1729,2580,max_maxdegree,768300.0,81300.0
layout:15,layout,rcm,5000,22447,1729,2580,mean_degree,690750.0,43600.0
layout:15,layout,rcm,5000,22447,1729,2580,mean_map,629000.0,43600.0
layout:15,layout,rcm,5000,22447,1729,2580,mean_ring,592400.0,43600.0
layout:15,layout,rcm,5000,22447,1729,2580,std_binary,1047800.0,0.0
layout:15,layout,rcm,5000,22447,1729,3010,binary,1126800.0,0.0
layout:15,layout,rcm,5000,22447,1729,3010,caliber,1023750.0,91700.0
layout:15,layout,rcm,5000,22447,1729,3010,degree4,1272250.0,280900.0
layout:15,layout,rcm,5000,22447,1729,3010,fourary,1132950.0,0.0
layout:15,layout,rcm,5000,22447,1729,3010,max_maxdegree,699250.0,81300.0
layout:15,layout,rcm,5000,22447,1729,3010,mean_degree,692900.0,43600.0
layout:15,layout,rcm,5000,22447,1729,3010,mean_map,630100.0,43600.0
layout:15,layout,rcm,5000,22447,1729,3010,mean_ring,649600.0,43600.0
layout:15,layout,rcm,5000,22447,1729,3010,std_binary,1151750.0,0.0
layout:16,layout,weight,100000,448748,1729,33333,binary,50416200.0,0.0
layout:16,layout,weight,100000,448748,1729,33333,caliber,44939200.0,1903100.0
layout:16,layout,weight,100000,448748,1729,33333,degree4,61216250.0,8854000.0
layout:16,layout,weight,100000,448748,1729,33333,fourary,49274500.0,0.0
layout:16,layout,weight,100000,448748,1729,33333,max_maxdegree,25795950.0,2367100.0
layout:16,layout,weight,100000,448748,1729,33333,mean_degree,26223950.0,1462200.0
layout:16,layout,weight,100000,448748,1729,33333,mean_map,26718850.0,1462200.0
layout:16,layout,weight,100000,448748,1729,33333,mean_ring,26686950.0,1462200.0
layout:16,layout,weight,100000,448748,1729,33333,std_binary,49281100.0,0.0
layout:16,layout,weight,100000,448748,1729,66666,binary,50178200.0,0.0
layout:16,layout,weight,100000,448748,1729,66666,caliber,45430450.0,1903100.0
layout:16,layout,weight,100000,448748,1729,66666,degree4,61257400.0,8854000.0
layout:16,layout,weight,100000,448748,1729,66666,fourary,50691600.0,0.0
layout:16,layout,weight,100000,448748,1729,66666,max_maxdegree,24902300.0,2367100.0
layout:16,layout,weight,100000,448748,1729,66666,mean_degree,26733250.0,1462200.0
layout:16,layout,weight,100000,448748,1729,66666,mean_map,27309300.0,1462200.0
layout:16,layout,weight,100000,448748,1729,66666,mean_ring,26570500.0,1462200.0
layout:16,layout,weight,100000,448748,1729,66666,std_binary,47675400.0,0.0
layout:17,layout,destination,100000,448748,1729,33333,binary,51461250.0,0.0
layout:17,layout,destination,100000,448748,1729,33333,caliber,45290350.0,2137800.0
layout:17,layout,destination,100000,448748,1729,33333,degree4,64693100.0,6942100.0
layout:17,layout,destination,100000,448748,1729,33333,fourary,50950700.0,0.0
layout:17,layout,destination,100000,448748,1729,33333,max_maxdegree,27051250.0,2749100.0
layout:17,layout,destination,100000,448748,1729,33333,mean_degree,27621050.0,1658600.0
layout:17,layout,destination,100000,448748,1729,33333,mean_map,32676650.0,1658600.0
layout:17,layout,destination,100000,448748,1729,33333,mean_ring,31977250.0,1658600.0
layout:17,layout,destination,100000,448748,1729,33333,std_binary,51381500.0,0.0
layout:17,layout,destination,100000,448748,1729,66666,binary,50906550.0,0.0
layout:17,layout,destination,100000,448748,1729,66666,caliber,45590700.0,2137800.0
layout:17,layout,destination,100000,448748,1729,66666,degree4,61248900.0,6942100.0
layout:17,layout,destination,100000,448748,1729,66666,fourary,48750650.0,0.0
layout:17,layout,destination,100000,448748,1729,66666,max_maxdegree,26874650.0,2749100.0
layout:17,layout,destination,100000,448748,1729,66666,mean_degree,26490500.0,1658600.0
layout:17,layout,destination,100000,448748,1729,66666,mean_map,32103700.0,1658600.0
layout:17,layout,destination,100000,448748,1729,66666,mean_ring,29356050.0,1658600.0
layout:17,layout,destination,100000,448748,1729,66666,std_binary,48176950.0,0.0
layout:18,layout,random,100000,448748,1729,33333,binary,48601900.0,0.0
layout:18,layout,random,100000,448748,1729,33333,caliber,43532800.0,1855000.0
layout:18,layout,random,100000,448748,1729,33333,degree4,58451000.0,7208800.0
layout:18,layout,random,100000,448748,1729,33333,fourary,47371800.0,0.0
layout:18,layout,random,100000,448748,1729,33333,max_maxdegree,25137800.0,2611300.0
layout:18,layout,random,100000,448748,1729,33333,mean_degree,25444950.0,1666500.0
layout:18,layout,random,100000,448748,1729,33333,mean_map,32255300.0,1666500.0
layout:18,layout,random,100000,448748,1729,33333,mean_ring,29509300.0,1666500.0
layout:18,layout,random,100000,448748,1729,33333,std_binary,46452100.0,0.0
layout:18,layout,random,100000,448748,1729,66666,binary,47314700.0,0.0
layout:18,layout,random,100000,448748,1729,66666,caliber,43868700.0,1855000.0
layout:18,layout,random,100000,448748,1729,66666,degree4,59017200.0,7208800.0
layout:18,layout,random,100000,448748,1729,66666,fourary,47677700.0,0.0
layout:18,layout,random,100000,448748,1729,66666,max_maxdegree,24820150.0,2611300.0
layout:18,layout,random,100000,448748,1729,66666,mean_degree,24981600.0,1666500.0
layout:18,layout,random,100000,448748,1729,66666,mean_map,29592100.0,1666500.0
layout:18,layout,random,100000,448748,1729,66666,mean_ring,29125300.0,1666500.0
layout:18,layout,random,100000,448748,1729,66666,std_binary,45306400.0,0.0
layout:19,layout,bfs,100000,448748,1729,30541,binary,47620450.0,0.0
layout:19,layout,bfs,100000,448748,1729,30541,caliber,43949900.0,3096200.0
layout:19,layout,bfs,100000,448748,1729,30541,degree4,58248500.0,7983000.0
layout:19,layout,bfs,100000,448748,1729,30541,fourary,48547250.0,0.0
layout:19,layout,bfs,100000,448748,1729,30541,max_maxdegree,25615000.0,4875100.0
layout:19,layout,bfs,100000,448748,1729,30541,mean_degree,26106150.0,1550300.0
layout:19,layout,bfs,100000,448748,1729,30541,mean_map,26083000.0,1550300.0
layout:19,layout,bfs,100000,448748,1729,30541,mean_ring,26063850.0,1550300.0
layout:19,layout,bfs,100000,448748,1729,30541,std_binary,46789750.0,0.0
layout:19,layout,bfs,100000,448748,1729,97704,binary,48170000.0,0.0
layout:19,layout,bfs,100000,448748,1729,97704,caliber,43079000.0,3096200.0
layout:19,layout,bfs,100000,448748,1729,97704,degree4,59804750.0,7983000.0
layout:19,layout,bfs,100000,448748,1729,97704,fourary,48157500.0,0.0
layout:19,layout,bfs,100000,448748,1729,97704,max_maxdegree,26138750.0,4875100.0
layout:19,layout,bfs,100000,448748,1729,97704,mean_degree,25838950.0,1550300.0
layout:19,layout,bfs,100000,448748,1729,97704,mean_map,26279950.0,1550300.0
layout:19,layout,bfs,100000,448748,1729,97704,mean_ring,25482700.0,1550300.0
layout:19,layout,bfs,100000,448748,1729,97704,std_binary,47629950.0,0.0
layout:2,layout,destination,5000,22662,42,1666,binary,1119000.0,0.0
layout:2,layout,destination,5000,22662,42,1666,caliber,974750.0,89400.0
layout:2,layout,destination,5000,22662,42,1666,degree4,1292500.0,308600.0
layout:2,layout,destination,5000,22662,42,1666,fourary,1096950.0,0.0
layout:2,layout,destination,5000,22662,42,1666,max_maxdegree,676200.0,82100.0
layout:2,layout,destination,5000,22662,42,1666,mean_degree,704450.0,35800.0
layout:2,layout,destination,5000,22662,42,1666,mean_map,779700.0,35800.0
layout:2,layout,destination,5000,22662,42,1666,mean_ring,740800.0,35800.0
layout:2,layout,destination,5000,22662,42,1666,std_binary,1096550.0,0.0
layout:2,layout,destination,5000,22662,42,3333,binary,1098300.0,0.0
layout:2,layout,destination,5000,22662,42,3333,caliber,949500.0,89400.0
layout:2,layout,destination,5000,22662,42,3333,degree4,1237000.0,308600.0
layout:2,layout,destination,5000,22662,42,3333,fourary,1077800.0,0.0
layout:2,layout,destination,5000,22662,42,3333,max_maxdegree,669450.0,82100.0
layout:2,layout,destination,5000,22662,42,3333,mean_degree,684200.0,35800.0
layout:2,layout,destination,5000,22662,42,3333,mean_map,736900.0,35800.0
layout:2,layout,destination,5000,22662,42,3333,mean_ring,694050.0,35800.0
layout:2,layout,destination,5000,22662,42,3333,std_binary,1050700.0,0.0
layout:20,layout,rcm,100000,448748,1729,2295,binary,47811900.0,0.0
layout:20,layout,rcm,100000,448748,1729,2295,caliber,46101600.0,3204500.0
layout:20,layout,rcm,100000,448748,1729,2295,degree4,58727700.0,8348400.0
layout:20,layout,rcm,100000,448748,1729,2295,fourary,48088650.0,0.0
layout:20,layout,rcm,100000,448748,1729,2295,max_maxdegree,25863850.0,4058400.0
layout:20,layout,rcm,100000,448748,1729,2295,mean_degree,25533250.0,1510500.0
layout:20,layout,rcm,100000,448748,1729,2295,mean_map,26283400.0,1510500.0
layout:20,layout,rcm,100000,448748,1729,2295,mean_ring,26797200.0,1510500.0
layout:20,layout,rcm,100000,448748,1729,2295,std_binary,48737750.0,0.0
layout:20,layout,rcm,100000,448748,1729,69458,binary,47738150.0,0.0
layout:20,layout,rcm,100000,448748,1729,69458,caliber,43273850.0,3204500.0
layout:20,layout,rcm,100000,448748,1729,69458,degree4,58224700.0,8348400.0
layout:20,layout,rcm,100000,448748,1729,69458,fourary,47943400.0,0.0
layout:20,layout,rcm,100000,448748,1729,69458,max_maxdegree,26576300.0,4058400.0
layout:20,layout,rcm,100000,448748,1729,69458,mean_degree,24217600.0,1510500.0
layout:20,layout,rcm,100000,448748,1729,69458,mean_map,26974900.0,1510500.0
layout:20,layout,rcm,100000,448748,1729,69458,mean_ring,26500800.0,1510500.0
layout:20,layout,rcm,100000,448748,1729,69458,std_binary,47620650.0,0.0
layout:21,layout,weight,5000,22617,2026,1666,binary,1120500.0,0.0
layout:21,layout,weight,5000,22617,2026,1666,caliber,963450.0,71500.0
layout:21,layout,weight,5000,22617,2026,1666,degree4,1255500.0,281300.0
layout:21,layout,weight,5000,22617,2026,1666,fourary,1186700.0,0.0
layout:21,layout,weight,5000,22617,2026,1666,max_maxdegree,683500.0,92800.0
layout:21,layout,weight,5000,22617,2026,1666,mean_degree,687400.0,50000.0
layout:21,layout,weight,5000,22617,2026,1666,mean_map,589100.0,50000.0
layout:21,layout,weight,5000,22617,2026,1666,mean_ring,560950.0,50000.0
layout:21,layout,weight,5000,22617,2026,1666,std_binary,1073250.0,0.0
layout:21,layout,weight,5000,22617,2026,3333,binary,1133000.0,0.0
layout:21,layout,weight,5000,22617,2026,3333,caliber,977100.0,71500.0
layout:21,layout,weight,5000,22617,2026,3333,degree4,1315000.0,281300.0
layout:21,layout,weight,5000,22617,2026,3333,fourary,1170350.0,0.0
layout:21,layout,weight,5000,22617,2026,3333,max_maxdegree,685550.0,92800.0
layout:21,layout,weight,5000,22617,2026,3333,mean_degree,723650.0,50000.0
layout:21,layout,weight,5000,22617,2026,3333,mean_map,599650.0,50000.0
layout:21,layout,weight,5000,22617,2026,3333,mean_ring,556600.0,50000.0
layout:21,layout,weight,5000,22617,2026,3333,std_binary,1100000.0,0.0
layout:22,layout,destination,5000,22617,2026,1666,binary,1128550.0,0.0
layout:22,layout,destination,5000,22617,2026,1666,caliber,1068000.0,72200.0
layout:22,layout,destination,5000,22617,2026,1666,degree4,1254600.0,299400.0
layout:22,layout,destination,5000,22617,2026,1666,fourary,1164600.0,0.0
layout:22,layout,destination,5000,22617,2026,1666,max_maxdegree,715150.0,94400.0
layout:22,layout,destination,5000,22617,2026,1666,mean_degree,695950.0,40700.0
layout:22,layout,destination,5000,22617,2026,1666,mean_map,790650.0,40700.0
layout:22,layout,destination,5000,22617,2026,1666,mean_ring,724150.0,40700.0
layout:22,layout,destination,5000,22617,2026,1666,std_binary,1102950.0,0.0
layout:22,layout,destination,5000,22617,2026,3333,binary,1135650.0,0.0
layout:22,layout,destination,5000,22617,2026,3333,caliber,1048100.0,72200.0
layout:22,layout,destination,5000,22617,2026,3333,degree4,1306150.0,299400.0
layout:22,layout,destination,5000,22617,2026,3333,fourary,1154350.0,0.0
layout:22,layout,destination,5000,22617,2026,3333,max_maxdegree,705100.0,94400.0
layout:22,layout,destination,5000,22617,2026,3333,mean_degree,712550.0,40700.0
layout:22,layout,destination,5000,22617,2026,3333,mean_map,784350.0,40700.0
layout:22,layout,destination,5000,22617,2026,3333,mean_ring,739850.0,40700.0
layout:22,layout,destination,5000,22617,2026,3333,std_binary,1118750.0,0.0
layout:23,layout,random,5000,22617,2026,1666,binary,1144950.0,0.0
layout:23,layout,random,5000,22617,2026,1666,caliber,1002000.0,72100.0
layout:23,layout,random,5000,22617,2026,1666,degree4,1390000.0,276200.0
layout:23,layout,random,5000,22617,2026,1666,fourary,1089050.0,0.0
layout:23,layout,random,5000,22617,2026,1666,max_maxdegree,703600.0,81700.0
layout:23,layout,random,5000,22617,2026,1666,mean_degree,699050.0,53200.0
layout:23,layout,random,5000,22617,2026,1666,mean_map,767450.0,53200.0
layout:23,layout,random,5000,22617,2026,1666,mean_ring,713750.0,53200.0
layout:23,layout,random,5000,22617,2026,1666,std_binary,1127300.0,0.0
layout:23,layout,random,5000,22617,2026,3333,binary,1176700.0,0.0
layout:23,layout,random,5000,22617,2026,3333,caliber,980850.0,72100.0
layout:23,layout,random,5000,22617,2026,3333,degree4,1287800.0,276200.0
layout:23,layout,random,5000,22617,2026,3333,fourary,1164900.0,0.0
layout:23,layout,random,5000,22617,2026,3333,max_maxdegree,707600.0,81700.0
layout:23,layout,random,5000,22617,2026,3333,mean_degree,698750.0,53200.0
layout:23,layout,random,5000,22617,2026,3333,mean_map,778800.0,53200.0
layout:23,layout,random,5000,22617,2026,3333,mean_ring,716250.0,53200.0
layout:23,layout,random,5000,22617,2026,3333,std_binary,1114000.0,0.0
layout:24,layout,bfs,5000,22617,2026,289,binary,1109800.0,0.0
layout:24,layout,bfs,5000,22617,2026,289,caliber,945200.0,80100.0
layout:24,layout,bfs,5000,22617,2026,289,degree4,1253600.0,249500.0
layout:24,layout,bfs,5000,22617,2026,289,fourary,1084200.0,0.0
layout:24,layout,bfs,5000,22617,2026,289,max_maxdegree,710700.0,88300.0
layout:24,layout,bfs,5000,22617,2026,289,mean_degree,695250.0,53700.0
layout:24,layout,bfs,5000,22617,2026,289,mean_map,599400.0,53700.0
layout:24,layout,bfs,5000,22617,2026,289,mean_ring,564850.0,53700.0
layout:24,layout,bfs,5000,22617,2026,289,std_binary,1084550.0,0.0
layout:24,layout,bfs,5000,22617,2026,4813,binary,1069600.0,0.0
layout:24,layout,bfs,5000,22617,2026,4813,caliber,934350.0,80100.0
layout:24,layout,bfs,5000,22617,2026,4813,degree4,1276200.0,249500.0
layout:24,layout,bfs,5000,22617,2026,4813,fourary,1112000.0,0.0
layout:24,layout,bfs,5000,22617,2026,4813,max_maxdegree,684450.0,88300.0
layout:24,layout,bfs,5000,22617,2026,4813,mean_degree,680300.0,53700.0
layout:24,layout,bfs,5000,22617,2026,4813,mean_map,592800.0,53700.0
layout:24,layout,bfs,5000,22617,2026,4813,mean_ring,561850.0,53700.0
layout:24,layout,bfs,5000,22617,2026,4813,std_binary,1044450.0,0.0
layout:25,layout,rcm,5000,22617,2026,186,binary,1146800.0,0.0
layout:25,layout,rcm,5000,22617,2026,186,caliber,984900.0,77900.0
layout:25,layout,rcm,5000,22617,2026,186,degree4,1261400.0,248700.0
layout:25,layout,rcm,5000,22617,2026,186,fourary,1146300.0,0.0
layout:25,layout,rcm,5000,22617,2026,186,max_maxdegree,720900.0,90100.0
layout:25,layout,rcm,5000,22617,2026,186,mean_degree,747550.0,44300.0
layout:25,layout,rcm,5000,22617,2026,186,mean_map,660350.0,44300.0
layout:25,layout,rcm,5000,22617,2026,186,mean_ring,577100.0,44300.0
layout:25,layout,rcm,5000,22617,2026,186,std_binary,1105250.0,0.0
layout:25,layout,rcm,5000,22617,2026,4710,binary,1095900.0,0.0
layout:25,layout,rcm,5000,22617,2026,4710,caliber,968800.0,77900.0
layout:25,layout,rcm,5000,22617,2026,4710,degree4,1252300.0,248700.0
layout:25,layout,rcm,5000,22617,2026,4710,fourary,1143800.0,0.0
layout:25,layout,rcm,5000,22617,2026,4710,max_maxdegree,701100.0,90100.0
layout:25,layout,rcm,5000,22617,2026,4710,mean_degree,711150.0,44300.0
layout:25,layout,rcm,5000,22617,2026,4710,mean_map,610900.0,44300.0
layout:25,layout,rcm,5000,22617,2026,4710,mean_ring,596950.0,44300.0
layout:25,layout,rcm,5000,22617,2026,4710,std_binary,1063850.0,0.0
layout:26,layout,weight,100000,449260,2026,33333,binary,45496350.0,0.0
layout:26,layout,weight,100000,449260,2026,33333,caliber,41474100.0,1729300.0
layout:26,layout,weight,100000,449260,2026,33333,degree4,57042500.0,7020300.0
layout:26,layout,weight,100000,449260,2026,33333,fourary,46065350.0,0.0
layout:26,layout,weight,100000,449260,2026,33333,max_maxdegree,23556000.0,2608500.0
layout:26,layout,weight,100000,449260,2026,33333,mean_degree,23659050.0,1549700.0
layout:26,layout,weight,100000,449260,2026,33333,mean_map,25211550.0,1549700.0
layout:26,layout,weight,100000,449260,2026,33333,mean_ring,24423300.0,1549700.0
layout:26,layout,weight,100000,449260,2026,33333,std_binary,45728600.0,0.0
layout:26,layout,weight,100000,449260,2026,66666,binary,45634500.0,0.0
layout:26,layout,weight,100000,449260,2026,66666,caliber,42336150.0,1729300.0
layout:26,layout,weight,100000,449260,2026,66666,degree4,56248450.0,7020300.0
layout:26,layout,weight,100000,449260,2026,66666,fourary,46986550.0,0.0
layout:26,layout,weight,100000,449260,2026,66666,max_maxdegree,24106900.0,2608500.0
layout:26,layout,weight,100000,449260,2026,66666,mean_degree,24847600.0,1549700.0
layout:26,layout,weight,100000,449260,2026,66666,mean_map,25372750.0,1549700.0
layout:26,layout,weight,100000,449260,2026,66666,mean_ring,24282650.0,1549700.0
layout:26,layout,weight,100000,449260,2026,66666,std_binary,45713800.0,0.0
layout:27,layout,destination,100000,449260,2026,33333,binary,51322350.0,0.0
layout:27,layout,destination,100000,449260,2026,33333,caliber,45380300.0,1895800.0
layout:27,layout,destination,100000,449260,2026,33333,degree4,60283600.0,7144800.0
layout:27,layout,destination,100000,449260,2026,33333,fourary,51427900.0,0.0
layout:27,layout,destination,100000,449260,2026,33333,max_maxdegree,25062150.0,2655100.0
layout:27,layout,destination,100000,449260,2026,33333,mean_degree,25308350.0,1637600.0
layout:27,layout,destination,100000,449260,2026,33333,mean_map,31947900.0,1637600.0
layout:27,layout,destination,100000,449260,2026,33333,mean_ring,30381850.0,1637600.0
layout:27,layout,destination,100000,449260,2026,33333,std_binary,49293800.0,0.0
layout:27,layout,destination,100000,449260,2026,66666,binary,52601700.0,0.0
layout:27,layout,destination,100000,449260,2026,66666,caliber,49619000.0,1895800.0
layout:27,layout,destination,100000,449260,2026,66666,degree4,65637300.0,7144800.0
layout:27,layout,destination,100000,449260,2026,66666,fourary,52993650.0,0.0
layout:27,layout,destination,100000,449260,2026,66666,max_maxdegree,29833800.0,2655100.0
layout:27,layout,destination,100000,449260,2026,66666,mean_degree,27313300.0,1637600.0
layout:27,layout,destination,100000,449260,2026,66666,mean_map,33440650.0,1637600.0
layout:27,layout,destination,100000,449260,2026,66666,mean_ring,31552850.0,1637600.0
layout:27,layout,destination,100000,449260,2026,66666,std_binary,52386450.0,0.0
layout:28,layout,random,100000,449260,2026,33333,binary,49630000.0,0.0
layout:28,layout,random,100000,449260,2026,33333,caliber,43646500.0,2703000.0
layout:28,layout,random,100000,449260,2026,33333,degree4,62292900.0,8072900.0
layout:28,layout,random,100000,449260,2026,33333,fourary,49837400.0,0.0
layout:28,layout,random,100000,449260,2026,33333,max_maxdegree,25669500.0,3071700.0
layout:28,layout,random,100000,449260,2026,33333,mean_degree,25728950.0,2036000.0
layout:28,layout,random,100000,449260,2026,33333,mean_map,31183650.0,2036000.0
layout:28,layout,random,100000,449260,2026,33333,mean_ring,29009600.0,2036000.0
layout:28,layout,random,100000,449260,2026,33333,std_binary,47932750.0,0.0
layout:28,layout,random,100000,449260,2026,66666,binary,49579050.0,0.0
layout:28,layout,random,100000,449260,2026,66666,caliber,43789200.0,2703000.0
layout:28,layout,random,100000,449260,2026,66666,degree4,59039600.0,8072900.0
layout:28,layout,random,100000,449260,2026,66666,fourary,49166800.0,0.0
layout:28,layout,random,100000,449260,2026,66666,max_maxdegree,25197200.0,3071700.0
layout:28,layout,random,100000,449260,2026,66666,mean_degree,26014950.0,2036000.0
layout:28,layout,random,100000,449260,2026,66666,mean_map,29656050.0,2036000.0
layout:28,layout,random,100000,449260,2026,66666,mean_ring,29940650.0,2036000.0
layout:28,layout,random,100000,449260,2026,66666,std_binary,47379300.0,0.0
layout:29,layout,bfs,100000,449260,2026,12031,binary,51354750.0,0.0
layout:29,layout,bfs,100000,449260,2026,12031,caliber,44195750.0,3275100.0
layout:29,layout,bfs,100000,449260,2026,12031,degree4,62973550.0,7310300.0
layout:29,layout,bfs,100000,449260,2026,12031,fourary,47639850.0,0.0
layout:29,layout,bfs,100000,449260,2026,12031,max_maxdegree,26476000.0,4147200.0
layout:29,layout,bfs,100000,449260,2026,12031,mean_degree,26592100.0,1806400.0
layout:29,layout,bfs,100000,449260,2026,12031,mean_map,28508050.0,1806400.0
layout:29,layout,bfs,100000,449260,2026,12031,mean_ring,26080500.0,1806400.0
layout:29,layout,bfs,100000,449260,2026,12031,std_binary,48729450.0,0.0
layout:29,layout,bfs,100000,449260,2026,93579,binary,59482050.0,0.0
layout:29,layout,bfs,100000,449260,2026,93579,caliber,57558000.0,3275100.0
layout:29,layout,bfs,100000,449260,2026,93579,degree4,76194350.0,7310300.0
layout:29,layout,bfs,100000,449260,2026,93579,fourary,65247250.0,0.0
layout:29,layout,bfs,100000,449260,2026,93579,max_maxdegree,34237650.0,4147200.0
layout:29,layout,bfs,100000,449260,2026,93579,mean_degree,33403450.0,1806400.0
layout:29,layout,bfs,100000,449260,2026,93579,mean_map,32389200.0,1806400.0
layout:29,layout,bfs,100000,449260,2026,93579,mean_ring,33123300.0,1806400.0
layout:29,layout,bfs,100000,449260,2026,93579,std_binary,60692550.0,0.0
layout:3,layout,random,5000,22662,42,1666,binary,1067050.0,0.0
layout:3,layout,random,5000,22662,42,1666,caliber,925650.0,90700.0
layout:3,layout,random,5000,22662,42,1666,degree4,1223850.0,296400.0
layout:3,layout,random,5000,22662,42,1666,fourary,1176500.0,0.0
layout:3,layout,random,5000,22662,42,1666,max_maxdegree,660350.0,78700.0
layout:3,layout,random,5000,22662,42,1666,mean_degree,677950.0,43900.0
layout:3,layout,random,5000,22662,42,1666,mean_map,735600.0,43900.0
layout:3,layout,random,5000,22662,42,1666,mean_ring,678000.0,43900.0
layout:3,layout,random,5000,22662,42,1666,std_binary,1027100.0,0.0
layout:3,layout,random,5000,22662,42,3333,binary,1150300.0,0.0
layout:3,layout,random,5000,22662,42,3333,caliber,973050.0,90700.0
layout:3,layout,random,5000,22662,42,3333,degree4,1287850.0,296400.0
layout:3,layout,random,5000,22662,42,3333,fourary,1186500.0,0.0
layout:3,layout,random,5000,22662,42,3333,max_maxdegree,720150.0,78700.0
layout:3,layout,random,5000,22662,42,3333,mean_degree,666400.0,43900.0
layout:3,layout,random,5000,22662,42,3333,mean_map,750950.0,43900.0
layout:3,layout,random,5000,22662,42,3333,mean_ring,679450.0,43900.0
layout:3,layout,random,5000,22662,42,3333,std_binary,1056150.0,0.0
layout:30,layout,rcm,100000,449260,2026,6420,binary,52032250.0,0.0
layout:30,layout,rcm,100000,449260,2026,6420,caliber,46742100.0,24312000.0
layout:30,layout,rcm,100000,449260,2026,6420,degree4,64315200.0,30313700.0
layout:30,layout,rcm,100000,449260,2026,6420,fourary,51983900.0,0.0
layout:30,layout,rcm,100000,449260,2026,6420,max_maxdegree,28024450.0,9545000.0
layout:30,layout,rcm,100000,449260,2026,6420,mean_degree,27939550.0,3643600.0
layout:30,layout,rcm,100000,449260,2026,6420,mean_map,28438000.0,3643600.0
layout:30,layout,rcm,100000,449260,2026,6420,mean_ring,27057750.0,3643600.0
layout:30,layout,rcm,100000,449260,2026,6420,std_binary,50013800.0,0.0
layout:30,layout,rcm,100000,449260,2026,87968,binary,53633700.0,0.0
layout:30,layout,rcm,100000,449260,2026,87968,caliber,45955500.0,24312000.0
layout:30,layout,rcm,100000,449260,2026,87968,degree4,64871550.0,30313700.0
layout:30,layout,rcm,100000,449260,2026,87968,fourary,51237500.0,0.0
layout:30,layout,rcm,100000,449260,2026,87968,max_maxdegree,28714300.0,9545000.0
layout:30,layout,rcm,100000,449260,2026,87968,mean_degree,27816650.0,3643600.0
layout:30,layout,rcm,100000,449260,2026,87968,mean_map,30266700.0,3643600.0
layout:30,layout,rcm,100000,449260,2026,87968,mean_ring,27601000.0,3643600.0
layout:30,layout,rcm,100000,449260,2026,87968,std_binary,50503550.0,0.0
layout:4,layout,bfs,5000,22662,42,623,binary,1073400.0,0.0
layout:4,layout,bfs,5000,22662,42,623,caliber,930950.0,136700.0
layout:4,layout,bfs,5000,22662,42,623,degree4,1235750.0,356700.0
layout:4,layout,bfs,5000,22662,42,623,fourary,1079900.0,0.0
layout:4,layout,bfs,5000,22662,42,623,max_maxdegree,667850.0,79300.0
layout:4,layout,bfs,5000,22662,42,623,mean_degree,695850.0,46300.0
layout:4,layout,bfs,5000,22662,42,623,mean_map,623100.0,46300.0
layout:4,layout,bfs,5000,22662,42,623,mean_ring,563450.0,46300.0
layout:4,layout,bfs,5000,22662,42,623,std_binary,1033450.0,0.0
layout:4,layout,bfs,5000,22662,42,4621,binary,1070600.0,0.0
layout:4,layout,bfs,5000,22662,42,4621,caliber,988300.0,136700.0
layout:4,layout,bfs,5000,22662,42,4621,degree4,1262450.0,356700.0
layout:4,layout,bfs,5000,22662,42,4621,fourary,1116500.0,0.0
layout:4,layout,bfs,5000,22662,42,4621,max_maxdegree,707950.0,79300.0
layout:4,layout,bfs,5000,22662,42,4621,mean_degree,747600.0,46300.0
layout:4,layout,bfs,5000,22662,42,4621,mean_map,703150.0,46300.0
layout:4,layout,bfs,5000,22662,42,4621,mean_ring,557450.0,46300.0
layout:4,layout,bfs,5000,22662,42,4621,std_binary,1037800.0,0.0
layout:5,layout,rcm,5000,22662,42,378,binary,1095600.0,0.0
layout:5,layout,rcm,5000,22662,42,378,caliber,940700.0,115600.0
layout:5,layout,rcm,5000,22662,42,378,degree4,1276250.0,286400.0
layout:5,layout,rcm,5000,22662,42,378,fourary,1066100.0,0.0
layout:5,layout,rcm,5000,22662,42,378,max_maxdegree,698950.0,79900.0
layout:5,layout,rcm,5000,22662,42,378,mean_degree,672100.0,35700.0
layout:5,layout,rcm,5000,22662,42,378,mean_map,596050.0,35700.0
layout:5,layout,rcm,5000,22662,42,378,mean_ring,530850.0,35700.0
layout:5,layout,rcm,5000,22662,42,378,std_binary,1076250.0,0.0
layout:5,layout,rcm,5000,22662,42,4376,binary,1277650.0,0.0
layout:5,layout,rcm,5000,22662,42,4376,caliber,988500.0,115600.0
layout:5,layout,rcm,5000,22662,42,4376,degree4,1313850.0,286400.0
layout:5,layout,rcm,5000,22662,42,4376,fourary,1076050.0,0.0
layout:5,layout,rcm,5000,22662,42,4376,max_maxdegree,715000.0,79900.0
layout:5,layout,rcm,5000,22662,42,4376,mean_degree,727000.0,35700.0
layout:5,layout,rcm,5000,22662,42,4376,mean_map,659050.0,35700.0
layout:5,layout,rcm,5000,22662,42,4376,mean_ring,581650.0,35700.0
layout:5,layout,rcm,5000,22662,42,4376,std_binary,1057550.0,0.0
layout:6,layout,weight,100000,450557,42,33333,binary,46334450.0,0.0
layout:6,layout,weight,100000,450557,42,33333,caliber,41893550.0,1949900.0
layout:6,layout,weight,100000,450557,42,33333,degree4,57474900.0,7634000.0
layout:6,layout,weight,100000,450557,42,33333,fourary,46354200.0,0.0
layout:6,layout,weight,100000,450557,42,33333,max_maxdegree,24085500.0,2534400.0
layout:6,layout,weight,100000,450557,42,33333,mean_degree,23869200.0,1580400.0
layout:6,layout,weight,100000,450557,42,33333,mean_map,24560850.0,1580400.0
layout:6,layout,weight,100000,450557,42,33333,mean_ring,23717950.0,1580400.0
layout:6,layout,weight,100000,450557,42,33333,std_binary,45006250.0,0.0
layout:6,layout,weight,100000,450557,42,66666,binary,47758900.0,0.0
layout:6,layout,weight,100000,450557,42,66666,caliber,40895950.0,1949900.0
layout:6,layout,weight,100000,450557,42,66666,degree4,56237750.0,7634000.0
layout:6,layout,weight,100000,450557,42,66666,fourary,46192150.0,0.0
layout:6,layout,weight,100000,450557,42,66666,max_maxdegree,23663200.0,2534400.0
layout:6,layout,weight,100000,450557,42,66666,mean_degree,23969500.0,1580400.0
layout:6,layout,weight,100000,450557,42,66666,mean_map,25264850.0,1580400.0
layout:6,layout,weight,100000,450557,42,66666,mean_ring,24194050.0,1580400.0
layout:6,layout,weight,100000,450557,42,66666,std_binary,45823800.0,0.0
layout:7,layout,destination,100000,450557,42,33333,binary,48799750.0,0.0
layout:7,layout,destination,100000,450557,42,33333,caliber,43698850.0,2350700.0
layout:7,layout,destination,100000,450557,42,33333,degree4,58732150.0,7461100.0
layout:7,layout,destination,100000,450557,42,33333,fourary,46769850.0,0.0
layout:7,layout,destination,100000,450557,42,33333,max_maxdegree,25130950.0,2637000.0
layout:7,layout,destination,100000,450557,42,33333,mean_degree,24457500.0,1472400.0
layout:7,layout,destination,100000,450557,42,33333,mean_map,31352850.0,1472400.0
layout:7,layout,destination,100000,450557,42,33333,mean_ring,29443400.0,1472400.0
layout:7,layout,destination,100000,450557,42,33333,std_binary,47730500.0,0.0
layout:7,layout,destination,100000,450557,42,66666,binary,46995000.0,0.0
layout:7,layout,destination,100000,450557,42,66666,caliber,42613750.0,2350700.0
layout:7,layout,destination,100000,450557,42,66666,degree4,57574400.0,7461100.0
layout:7,layout,destination,100000,450557,42,66666,fourary,46070150.0,0.0
layout:7,layout,destination,100000,450557,42,66666,max_maxdegree,25546700.0,2637000.0
layout:7,layout,destination,100000,450557,42,66666,mean_degree,24255850.0,1472400.0
layout:7,layout,destination,100000,450557,42,66666,mean_map,29837350.0,1472400.0
layout:7,layout,destination,100000,450557,42,66666,mean_ring,29192450.0,1472400.0
layout:7,layout,destination,100000,450557,42,66666,std_binary,45919750.0,0.0
layout:8,layout,random,100000,450557,42,33333,binary,47833550.0,0.0
layout:8,layout,random,100000,450557,42,33333,caliber,42093950.0,1981200.0
layout:8,layout,random,100000,450557,42,33333,degree4,58680500.0,7321300.0
layout:8,layout,random,100000,450557,42,33333,fourary,47796350.0,0.0
layout:8,layout,random,100000,450557,42,33333,max_maxdegree,24503200.0,2850000.0
layout:8,layout,random,100000,450557,42,33333,mean_degree,24409050.0,1691100.0
layout:8,layout,random,100000,450557,42,33333,mean_map,30558350.0,1691100.0
layout:8,layout,random,100000,450557,42,33333,mean_ring,28723200.0,1691100.0
layout:8,layout,random,100000,450557,42,33333,std_binary,46045100.0,0.0
layout:8,layout,random,100000,450557,42,66666,binary,52797250.0,0.0
layout:8,layout,random,100000,450557,42,66666,caliber,44577550.0,1981200.0
layout:8,layout,random,100000,450557,42,66666,degree4,61655100.0,7321300.0
layout:8,layout,random,100000,450557,42,66666,fourary,49490050.0,0.0
layout:8,layout,random,100000,450557,42,66666,max_maxdegree,25871950.0,2850000.0
layout:8,layout,random,100000,450557,42,66666,mean_degree,26470250.0,1691100.0
layout:8,layout,random,100000,450557,42,66666,mean_map,31637300.0,1691100.0
layout:8,layout,random,100000,450557,42,66666,mean_ring,30311850.0,1691100.0
layout:8,layout,random,100000,450557,42,66666,std_binary,49078150.0,0.0
layout:9,layout,bfs,100000,450557,42,3927,binary,48882350.0,0.0
layout:9,layout,bfs,100000,450557,42,3927,caliber,42472650.0,3773800.0
layout:9,layout,bfs,100000,450557,42,3927,degree4,58590000.0,7836900.0
layout:9,layout,bfs,100000,450557,42,3927,fourary,48386850.0,0.0
layout:9,layout,bfs,100000,450557,42,3927,max_maxdegree,25686450.0,4174500.0
layout:9,layout,bfs,100000,450557,42,3927,mean_degree,25672550.0,1593400.0
layout:9,layout,bfs,100000,450557,42,3927,mean_map,26083650.0,1593400.0
layout:9,layout,bfs,100000,450557,42,3927,mean_ring,25854400.0,1593400.0
layout:9,layout,bfs,100000,450557,42,3927,std_binary,47373950.0,0.0
layout:9,layout,bfs,100000,450557,42,22537,binary,50047100.0,0.0
layout:9,layout,bfs,100000,450557,42,22537,caliber,43403350.0,3773800.0
layout:9,layout,bfs,100000,450557,42,22537,degree4,58920250.0,7836900.0
layout:9,layout,bfs,100000,450557,42,22537,fourary,49472650.0,0.0
layout:9,layout,bfs,100000,450557,42,22537,max_maxdegree,25609700.0,4174500.0
layout:9,layout,bfs,100000,450557,42,22537,mean_degree,26043650.0,1593400.0
layout:9,layout,bfs,100000,450557,42,22537,mean_map,27087250.0,1593400.0
layout:9,layout,bfs,100000,450557,42,22537,mean_ring,25508100.0,1593400.0
layout:9,layout,bfs,100000,450557,42,22537,std_binary,47354300.0,0.0
roads:1,roads,NY,264346,733846,0,37763,binary,59805000.0,0.0
roads:1,roads,NY,264346,733846,0,37763,caliber,46021950.0,5392400.0
roads:1,roads,NY,264346,733846,0,37763,degree4,70778700.0,18725300.0
roads:1,roads,NY,264346,733846,0,37763,fourary,60382500.0,0.0
roads:1,roads,NY,264346,733846,0,37763,max_maxdegree,32990400.0,4718000.0
roads:1,roads,NY,264346,733846,0,37763,mean_degree,40213400.0,3228100.0
roads:1,roads,NY,264346,733846,0,37763,mean_map,38977400.0,3228100.0
roads:1,roads,NY,264346,733846,0,37763,mean_ring,34770450.0,3228100.0
roads:1,roads,NY,264346,733846,0,37763,radix,76361050.0,0.0
roads:1,roads,NY,264346,733846,0,37763,selected_grid,32347600.0,2795695300.0
roads:1,roads,NY,264346,733846,0,37763,std_binary,57206550.0,0.0
roads:1,roads,NY,264346,733846,0,75527,binary,48496150.0,0.0
roads:1,roads,NY,264346,733846,0,75527,caliber,39700300.0,5392400.0
roads:1,roads,NY,264346,733846,0,75527,degree4,60867050.0,18725300.0
roads:1,roads,NY,264346,733846,0,75527,fourary,50871850.0,0.0
roads:1,roads,NY,264346,733846,0,75527,max_maxdegree,29240350.0,4718000.0
roads:1,roads,NY,264346,733846,0,75527,mean_degree,35791950.0,3228100.0
roads:1,roads,NY,264346,733846,0,75527,mean_map,33899850.0,3228100.0
roads:1,roads,NY,264346,733846,0,75527,mean_ring,30612800.0,3228100.0
roads:1,roads,NY,264346,733846,0,75527,radix,65882700.0,0.0
roads:1,roads,NY,264346,733846,0,75527,selected_grid,29278900.0,2795695300.0
roads:1,roads,NY,264346,733846,0,75527,std_binary,48341450.0,0.0
roads:1,roads,NY,264346,733846,0,113291,binary,53895950.0,0.0
roads:1,roads,NY,264346,733846,0,113291,caliber,43274100.0,5392400.0
roads:1,roads,NY,264346,733846,0,113291,degree4,64817550.0,18725300.0
roads:1,roads,NY,264346,733846,0,113291,fourary,54996250.0,0.0
roads:1,roads,NY,264346,733846,0,113291,max_maxdegree,29649950.0,4718000.0
roads:1,roads,NY,264346,733846,0,113291,mean_degree,36538300.0,3228100.0
roads:1,roads,NY,264346,733846,0,113291,mean_map,34389300.0,3228100.0
roads:1,roads,NY,264346,733846,0,113291,mean_ring,31415450.0,3228100.0
roads:1,roads,NY,264346,733846,0,113291,radix,69354200.0,0.0
roads:1,roads,NY,264346,733846,0,113291,selected_grid,29001350.0,2795695300.0
roads:1,roads,NY,264346,733846,0,113291,std_binary,51950700.0,0.0
roads:1,roads,NY,264346,733846,0,151054,binary,52933750.0,0.0
roads:1,roads,NY,264346,733846,0,151054,caliber,42288900.0,5392400.0
roads:1,roads,NY,264346,733846,0,151054,degree4,65100900.0,18725300.0
roads:1,roads,NY,264346,733846,0,151054,fourary,54432850.0,0.0
roads:1,roads,NY,264346,733846,0,151054,max_maxdegree,29713550.0,4718000.0
roads:1,roads,NY,264346,733846,0,151054,mean_degree,34948550.0,3228100.0
roads:1,roads,NY,264346,733846,0,151054,mean_map,33564050.0,3228100.0
roads:1,roads,NY,264346,733846,0,151054,mean_ring,31159900.0,3228100.0
roads:1,roads,NY,264346,733846,0,151054,radix,66312600.0,0.0
roads:1,roads,NY,264346,733846,0,151054,selected_grid,30062650.0,2795695300.0
roads:1,roads,NY,264346,733846,0,151054,std_binary,51292400.0,0.0
roads:1,roads,NY,264346,733846,0,188818,binary,53450850.0,0.0
roads:1,roads,NY,264346,733846,0,188818,caliber,42921450.0,5392400.0
roads:1,roads,NY,264346,733846,0,188818,degree4,65619550.0,18725300.0
roads:1,roads,NY,264346,733846,0,188818,fourary,55205750.0,0.0
roads:1,roads,NY,264346,733846,0,188818,max_maxdegree,30477750.0,4718000.0
roads:1,roads,NY,264346,733846,0,188818,mean_degree,35946650.0,3228100.0
roads:1,roads,NY,264346,733846,0,188818,mean_map,35143750.0,3228100.0
roads:1,roads,NY,264346,733846,0,188818,mean_ring,31587900.0,3228100.0
roads:1,roads,NY,264346,733846,0,188818,radix,67535000.0,0.0
roads:1,roads,NY,264346,733846,0,188818,selected_grid,30153150.0,2795695300.0
roads:1,roads,NY,264346,733846,0,188818,std_binary,52982250.0,0.0
roads:1,roads,NY,264346,733846,0,226582,binary,49281700.0,0.0
roads:1,roads,NY,264346,733846,0,226582,caliber,40018400.0,5392400.0
roads:1,roads,NY,264346,733846,0,226582,degree4,60870450.0,18725300.0
roads:1,roads,NY,264346,733846,0,226582,fourary,52760000.0,0.0
roads:1,roads,NY,264346,733846,0,226582,max_maxdegree,28773600.0,4718000.0
roads:1,roads,NY,264346,733846,0,226582,mean_degree,34292000.0,3228100.0
roads:1,roads,NY,264346,733846,0,226582,mean_map,33586550.0,3228100.0
roads:1,roads,NY,264346,733846,0,226582,mean_ring,30235100.0,3228100.0
roads:1,roads,NY,264346,733846,0,226582,radix,64756600.0,0.0
roads:1,roads,NY,264346,733846,0,226582,selected_grid,29371650.0,2795695300.0
roads:1,roads,NY,264346,733846,0,226582,std_binary,47077700.0,0.0
roads:2,roads,BAY,321270,800172,0,45895,binary,58122150.0,0.0
roads:2,roads,BAY,321270,800172,0,45895,caliber,44048100.0,5444400.0
roads:2,roads,BAY,321270,800172,0,45895,degree4,70149650.0,20254900.0
roads:2,roads,BAY,321270,800172,0,45895,fourary,60046900.0,0.0
roads:2,roads,BAY,321270,800172,0,45895,max_maxdegree,34840800.0,5138300.0
roads:2,roads,BAY,321270,800172,0,45895,mean_degree,45053200.0,3578000.0
roads:2,roads,BAY,321270,800172,0,45895,mean_map,41004550.0,3578000.0
roads:2,roads,BAY,321270,800172,0,45895,mean_ring,36364300.0,3578000.0
roads:2,roads,BAY,321270,800172,0,45895,radix,78493000.0,0.0
roads:2,roads,BAY,321270,800172,0,45895,selected_grid,34904450.0,3210037500.0
roads:2,roads,BAY,321270,800172,0,45895,std_binary,54915650.0,0.0
roads:2,roads,BAY,321270,800172,0,91791,binary,57878700.0,0.0
roads:2,roads,BAY,321270,800172,0,91791,caliber,42740250.0,5444400.0
roads:2,roads,BAY,321270,800172,0,91791,degree4,69019550.0,20254900.0
roads:2,roads,BAY,321270,800172,0,91791,fourary,57661750.0,0.0
roads:2,roads,BAY,321270,800172,0,91791,max_maxdegree,35150950.0,5138300.0
roads:2,roads,BAY,321270,800172,0,91791,mean_degree,44410800.0,3578000.0
roads:2,roads,BAY,321270,800172,0,91791,mean_map,39989150.0,3578000.0
roads:2,roads,BAY,321270,800172,0,91791,mean_ring,36664050.0,3578000.0
roads:2,roads,BAY,321270,800172,0,91791,radix,77705600.0,0.0
roads:2,roads,BAY,321270,800172,0,91791,selected_grid,34124550.0,3210037500.0
roads:2,roads,BAY,321270,800172,0,91791,std_binary,54350250.0,0.0
roads:2,roads,BAY,321270,800172,0,137687,binary,58031700.0,0.0
roads:2,roads,BAY,321270,800172,0,137687,caliber,43229600.0,5444400.0
roads:2,roads,BAY,321270,800172,0,137687,degree4,69138900.0,20254900.0
roads:2,roads,BAY,321270,800172,0,137687,fourary,59289750.0,0.0
roads:2,roads,BAY,321270,800172,0,137687,max_maxdegree,35542600.0,5138300.0
roads:2,roads,BAY,321270,800172,0,137687,mean_degree,43648850.0,3578000.0
roads:2,roads,BAY,321270,800172,0,137687,mean_map,41614000.0,3578000.0
roads:2,roads,BAY,321270,800172,0,137687,mean_ring,36863600.0,3578000.0
roads:2,roads,BAY,321270,800172,0,137687,radix,78934850.0,0.0
roads:2,roads,BAY,321270,800172,0,137687,selected_grid,36055450.0,3210037500.0
roads:2,roads,BAY,321270,800172,0,137687,std_binary,54661550.0,0.0
roads:2,roads,BAY,321270,800172,0,183582,binary,58097800.0,0.0
roads:2,roads,BAY,321270,800172,0,183582,caliber,45867500.0,5444400.0
roads:2,roads,BAY,321270,800172,0,183582,degree4,73212050.0,20254900.0
roads:2,roads,BAY,321270,800172,0,183582,fourary,60600550.0,0.0
roads:2,roads,BAY,321270,800172,0,183582,max_maxdegree,36747900.0,5138300.0
roads:2,roads,BAY,321270,800172,0,183582,mean_degree,43057650.0,3578000.0
roads:2,roads,BAY,321270,800172,0,183582,mean_map,41756250.0,3578000.0
roads:2,roads,BAY,321270,800172,0,183582,mean_ring,37954700.0,3578000.0
roads:2,roads,BAY,321270,800172,0,183582,radix,78512500.0,0.0
roads:2,roads,BAY,321270,800172,0,183582,selected_grid,35130900.0,3210037500.0
roads:2,roads,BAY,321270,800172,0,183582,std_binary,58215650.0,0.0
roads:2,roads,BAY,321270,800172,0,229478,binary,56512550.0,0.0
roads:2,roads,BAY,321270,800172,0,229478,caliber,41954250.0,5444400.0
roads:2,roads,BAY,321270,800172,0,229478,degree4,68187800.0,20254900.0
roads:2,roads,BAY,321270,800172,0,229478,fourary,56055100.0,0.0
roads:2,roads,BAY,321270,800172,0,229478,max_maxdegree,35559450.0,5138300.0
roads:2,roads,BAY,321270,800172,0,229478,mean_degree,44252500.0,3578000.0
roads:2,roads,BAY,321270,800172,0,229478,mean_map,40991650.0,3578000.0
roads:2,roads,BAY,321270,800172,0,229478,mean_ring,36034800.0,3578000.0
roads:2,roads,BAY,321270,800172,0,229478,radix,78893000.0,0.0
roads:2,roads,BAY,321270,800172,0,229478,selected_grid,34366050.0,3210037500.0
roads:2,roads,BAY,321270,800172,0,229478,std_binary,53850600.0,0.0
roads:2,roads,BAY,321270,800172,0,275374,binary,58834350.0,0.0
roads:2,roads,BAY,321270,800172,0,275374,caliber,45341000.0,5444400.0
roads:2,roads,BAY,321270,800172,0,275374,degree4,71099450.0,20254900.0
roads:2,roads,BAY,321270,800172,0,275374,fourary,60902350.0,0.0
roads:2,roads,BAY,321270,800172,0,275374,max_maxdegree,35353900.0,5138300.0
roads:2,roads,BAY,321270,800172,0,275374,mean_degree,42352350.0,3578000.0
roads:2,roads,BAY,321270,800172,0,275374,mean_map,42008400.0,3578000.0
roads:2,roads,BAY,321270,800172,0,275374,mean_ring,35492750.0,3578000.0
roads:2,roads,BAY,321270,800172,0,275374,radix,78041200.0,0.0
roads:2,roads,BAY,321270,800172,0,275374,selected_grid,35137100.0,3210037500.0
roads:2,roads,BAY,321270,800172,0,275374,std_binary,57817800.0,0.0
roads:3,roads,COL,435666,1057066,0,62238,binary,78248250.0,0.0
roads:3,roads,COL,435666,1057066,0,62238,caliber,60313800.0,6350700.0
roads:3,roads,COL,435666,1057066,0,62238,degree4,95284150.0,23777500.0
roads:3,roads,COL,435666,1057066,0,62238,fourary,78886400.0,0.0
roads:3,roads,COL,435666,1057066,0,62238,max_maxdegree,50365700.0,5965100.0
roads:3,roads,COL,435666,1057066,0,62238,mean_degree,61204450.0,4437700.0
roads:3,roads,COL,435666,1057066,0,62238,mean_map,55651500.0,4437700.0
roads:3,roads,COL,435666,1057066,0,62238,mean_ring,48840000.0,4437700.0
roads:3,roads,COL,435666,1057066,0,62238,radix,107199300.0,0.0
roads:3,roads,COL,435666,1057066,0,62238,selected_grid,48253550.0,4625157300.0
roads:3,roads,COL,435666,1057066,0,62238,std_binary,78057300.0,0.0
roads:3,roads,COL,435666,1057066,0,124476,binary,80481300.0,0.0
roads:3,roads,COL,435666,1057066,0,124476,caliber,61366450.0,6350700.0
roads:3,roads,COL,435666,1057066,0,124476,degree4,95295150.0,23777500.0
roads:3,roads,COL,435666,1057066,0,124476,fourary,79354050.0,0.0
roads:3,roads,COL,435666,1057066,0,124476,max_maxdegree,48790100.0,5965100.0
roads:3,roads,COL,435666,1057066,0,124476,mean_degree,62161100.0,4437700.0
roads:3,roads,COL,435666,1057066,0,124476,mean_map,56034450.0,4437700.0
roads:3,roads,COL,435666,1057066,0,124476,mean_ring,48644350.0,4437700.0
roads:3,roads,COL,435666,1057066,0,124476,radix,107273700.0,0.0
roads:3,roads,COL,435666,1057066,0,124476,selected_grid,48702100.0,4625157300.0
roads:3,roads,COL,435666,1057066,0,124476,std_binary,78333150.0,0.0
roads:3,roads,COL,435666,1057066,0,186714,binary,78976400.0,0.0
roads:3,roads,COL,435666,1057066,0,186714,caliber,61806700.0,6350700.0
roads:3,roads,COL,435666,1057066,0,186714,degree4,96287600.0,23777500.0
roads:3,roads,COL,435666,1057066,0,186714,fourary,79551750.0,0.0
roads:3,roads,COL,435666,1057066,0,186714,max_maxdegree,48740250.0,5965100.0
roads:3,roads,COL,435666,1057066,0,186714,mean_degree,62014700.0,4437700.0
roads:3,roads,COL,435666,1057066,0,186714,mean_map,55312500.0,4437700.0
roads:3,roads,COL,435666,1057066,0,186714,mean_ring,48989800.0,4437700.0
roads:3,roads,COL,435666,1057066,0,186714,radix,107080950.0,0.0
roads:3,roads,COL,435666,1057066,0,186714,selected_grid,49291350.0,4625157300.0
roads:3,roads,COL,435666,1057066,0,186714,std_binary,77445300.0,0.0
roads:3,roads,COL,435666,1057066,0,248952,binary,77348650.0,0.0
roads:3,roads,COL,435666,1057066,0,248952,caliber,58649750.0,6350700.0
roads:3,roads,COL,435666,1057066,0,248952,degree4,92968400.0,23777500.0
roads:3,roads,COL,435666,1057066,0,248952,fourary,77985800.0,0.0
roads:3,roads,COL,435666,1057066,0,248952,max_maxdegree,50759850.0,5965100.0
roads:3,roads,COL,435666,1057066,0,248952,mean_degree,63769300.0,4437700.0
roads:3,roads,COL,435666,1057066,0,248952,mean_map,56932000.0,4437700.0
roads:3,roads,COL,435666,1057066,0,248952,mean_ring,48532150.0,4437700.0
roads:3,roads,COL,435666,1057066,0,248952,radix,105198150.0,0.0
roads:3,roads,COL,435666,1057066,0,248952,selected_grid,48940850.0,4625157300.0
roads:3,roads,COL,435666,1057066,0,248952,std_binary,74689800.0,0.0
roads:3,roads,COL,435666,1057066,0,311190,binary,80407600.0,0.0
roads:3,roads,COL,435666,1057066,0,311190,caliber,60512000.0,6350700.0
roads:3,roads,COL,435666,1057066,0,311190,degree4,95009800.0,23777500.0
roads:3,roads,COL,435666,1057066,0,311190,fourary,79888200.0,0.0
roads:3,roads,COL,435666,1057066,0,311190,max_maxdegree,50678750.0,5965100.0
roads:3,roads,COL,435666,1057066,0,311190,mean_degree,62351750.0,4437700.0
roads:3,roads,COL,435666,1057066,0,311190,mean_map,55952250.0,4437700.0
roads:3,roads,COL,435666,1057066,0,311190,mean_ring,50161200.0,4437700.0
roads:3,roads,COL,435666,1057066,0,311190,radix,108661300.0,0.0
roads:3,roads,COL,435666,1057066,0,311190,selected_grid,49464850.0,4625157300.0
roads:3,roads,COL,435666,1057066,0,311190,std_binary,77047550.0,0.0
roads:3,roads,COL,435666,1057066,0,373428,binary,81820500.0,0.0
roads:3,roads,COL,435666,1057066,0,373428,caliber,61152250.0,6350700.0
roads:3,roads,COL,435666,1057066,0,373428,degree4,99810650.0,23777500.0
roads:3,roads,COL,435666,1057066,0,373428,fourary,80918200.0,0.0
roads:3,roads,COL,435666,1057066,0,373428,max_maxdegree,51401950.0,5965100.0
roads:3,roads,COL,435666,1057066,0,373428,mean_degree,64280600.0,4437700.0
roads:3,roads,COL,435666,1057066,0,373428,mean_map,59460950.0,4437700.0
roads:3,roads,COL,435666,1057066,0,373428,mean_ring,49973650.0,4437700.0
roads:3,roads,COL,435666,1057066,0,373428,radix,112630800.0,0.0
roads:3,roads,COL,435666,1057066,0,373428,selected_grid,50976250.0,4625157300.0
roads:3,roads,COL,435666,1057066,0,373428,std_binary,80136150.0,0.0
scale:1,scale,sparse_fast,10000,45135,42,3333,binary,2916650.0,0.0
scale:1,scale,sparse_fast,10000,45135,42,3333,caliber,2659600.0,194000.0
scale:1,scale,sparse_fast,10000,45135,42,3333,degree4,3817700.0,652100.0
scale:1,scale,sparse_fast,10000,45135,42,3333,fourary,3179150.0,0.0
scale:1,scale,sparse_fast,10000,45135,42,3333,max_maxdegree,1860400.0,217800.0
scale:1,scale,sparse_fast,10000,45135,42,3333,mean_degree,1741350.0,136000.0
scale:1,scale,sparse_fast,10000,45135,42,3333,mean_map,2089500.0,136000.0
scale:1,scale,sparse_fast,10000,45135,42,3333,mean_ring,1672250.0,136000.0
scale:1,scale,sparse_fast,10000,45135,42,3333,std_binary,2775100.0,0.0
scale:1,scale,sparse_fast,10000,45135,42,6666,binary,3006900.0,0.0
scale:1,scale,sparse_fast,10000,45135,42,6666,caliber,2620450.0,194000.0
scale:1,scale,sparse_fast,10000,45135,42,6666,degree4,3903300.0,652100.0
scale:1,scale,sparse_fast,10000,45135,42,6666,fourary,3130950.0,0.0
scale:1,scale,sparse_fast,10000,45135,42,6666,max_maxdegree,1766200.0,217800.0
scale:1,scale,sparse_fast,10000,45135,42,6666,mean_degree,1687350.0,136000.0
scale:1,scale,sparse_fast,10000,45135,42,6666,mean_map,1835200.0,136000.0
scale:1,scale,sparse_fast,10000,45135,42,6666,mean_ring,1650100.0,136000.0
scale:1,scale,sparse_fast,10000,45135,42,6666,std_binary,2969350.0,0.0
scale:2,scale,sparse_fast,100000,450557,42,33333,binary,52693850.0,0.0
scale:2,scale,sparse_fast,100000,450557,42,33333,caliber,46065550.0,2244900.0
scale:2,scale,sparse_fast,100000,450557,42,33333,degree4,63104500.0,7337500.0
scale:2,scale,sparse_fast,100000,450557,42,33333,fourary,50720350.0,0.0
scale:2,scale,sparse_fast,100000,450557,42,33333,max_maxdegree,27792800.0,2965500.0
scale:2,scale,sparse_fast,100000,450557,42,33333,mean_degree,26680100.0,1765000.0
scale:2,scale,sparse_fast,100000,450557,42,33333,mean_map,28275400.0,1765000.0
scale:2,scale,sparse_fast,100000,450557,42,33333,mean_ring,27178750.0,1765000.0
scale:2,scale,sparse_fast,100000,450557,42,33333,std_binary,49961550.0,0.0
scale:2,scale,sparse_fast,100000,450557,42,66666,binary,51652800.0,0.0
scale:2,scale,sparse_fast,100000,450557,42,66666,caliber,45733150.0,2244900.0
scale:2,scale,sparse_fast,100000,450557,42,66666,degree4,61605450.0,7337500.0
scale:2,scale,sparse_fast,100000,450557,42,66666,fourary,51580500.0,0.0
scale:2,scale,sparse_fast,100000,450557,42,66666,max_maxdegree,26990300.0,2965500.0
scale:2,scale,sparse_fast,100000,450557,42,66666,mean_degree,27897350.0,1765000.0
scale:2,scale,sparse_fast,100000,450557,42,66666,mean_map,28544250.0,1765000.0
scale:2,scale,sparse_fast,100000,450557,42,66666,mean_ring,28063400.0,1765000.0
scale:2,scale,sparse_fast,100000,450557,42,66666,std_binary,51385600.0,0.0
scale:3,scale,sparse_fast,1000000,4501626,42,333333,binary,826605650.0,0.0
scale:3,scale,sparse_fast,1000000,4501626,42,333333,caliber,777524750.0,36778700.0
scale:3,scale,sparse_fast,1000000,4501626,42,333333,degree4,994217850.0,108376100.0
scale:3,scale,sparse_fast,1000000,4501626,42,333333,fourary,772534150.0,0.0
scale:3,scale,sparse_fast,1000000,4501626,42,333333,max_maxdegree,443012050.0,29525900.0
scale:3,scale,sparse_fast,1000000,4501626,42,333333,mean_degree,464813800.0,18100000.0
scale:3,scale,sparse_fast,1000000,4501626,42,333333,mean_map,455073550.0,18100000.0
scale:3,scale,sparse_fast,1000000,4501626,42,333333,mean_ring,438611250.0,18100000.0
scale:3,scale,sparse_fast,1000000,4501626,42,333333,std_binary,806540150.0,0.0
scale:3,scale,sparse_fast,1000000,4501626,42,666666,binary,925340700.0,0.0
scale:3,scale,sparse_fast,1000000,4501626,42,666666,caliber,818123400.0,36778700.0
scale:3,scale,sparse_fast,1000000,4501626,42,666666,degree4,1110870900.0,108376100.0
scale:3,scale,sparse_fast,1000000,4501626,42,666666,fourary,892353400.0,0.0
scale:3,scale,sparse_fast,1000000,4501626,42,666666,max_maxdegree,545054750.0,29525900.0
scale:3,scale,sparse_fast,1000000,4501626,42,666666,mean_degree,498710850.0,18100000.0
scale:3,scale,sparse_fast,1000000,4501626,42,666666,mean_map,496863500.0,18100000.0
scale:3,scale,sparse_fast,1000000,4501626,42,666666,mean_ring,509092750.0,18100000.0
scale:3,scale,sparse_fast,1000000,4501626,42,666666,std_binary,880301550.0,0.0
scale:4,scale,sparse_fast,10000,44550,1729,3333,binary,2966450.0,0.0
scale:4,scale,sparse_fast,10000,44550,1729,3333,caliber,2622000.0,177800.0
scale:4,scale,sparse_fast,10000,44550,1729,3333,degree4,3295050.0,815300.0
scale:4,scale,sparse_fast,10000,44550,1729,3333,fourary,2985900.0,0.0
scale:4,scale,sparse_fast,10000,44550,1729,3333,max_maxdegree,1629900.0,190100.0
scale:4,scale,sparse_fast,10000,44550,1729,3333,mean_degree,1709300.0,178000.0
scale:4,scale,sparse_fast,10000,44550,1729,3333,mean_map,1944700.0,178000.0
scale:4,scale,sparse_fast,10000,44550,1729,3333,mean_ring,1384500.0,178000.0
scale:4,scale,sparse_fast,10000,44550,1729,3333,std_binary,2936200.0,0.0
scale:4,scale,sparse_fast,10000,44550,1729,6666,binary,2861200.0,0.0
scale:4,scale,sparse_fast,10000,44550,1729,6666,caliber,2372150.0,177800.0
scale:4,scale,sparse_fast,10000,44550,1729,6666,degree4,3506700.0,815300.0
scale:4,scale,sparse_fast,10000,44550,1729,6666,fourary,2759850.0,0.0
scale:4,scale,sparse_fast,10000,44550,1729,6666,max_maxdegree,1883550.0,190100.0
scale:4,scale,sparse_fast,10000,44550,1729,6666,mean_degree,1854500.0,178000.0
scale:4,scale,sparse_fast,10000,44550,1729,6666,mean_map,1792950.0,178000.0
scale:4,scale,sparse_fast,10000,44550,1729,6666,mean_ring,1764750.0,178000.0
scale:4,scale,sparse_fast,10000,44550,1729,6666,std_binary,2813200.0,0.0
scale:5,scale,sparse_fast,100000,448748,1729,33333,binary,51599650.0,0.0
scale:5,scale,sparse_fast,100000,448748,1729,33333,caliber,46876600.0,4184700.0
scale:5,scale,sparse_fast,100000,448748,1729,33333,degree4,66075050.0,10629300.0
scale:5,scale,sparse_fast,100000,448748,1729,33333,fourary,51600450.0,0.0
scale:5,scale,sparse_fast,100000,448748,1729,33333,max_maxdegree,27939350.0,3177000.0
scale:5,scale,sparse_fast,100000,448748,1729,33333,mean_degree,28665850.0,1755000.0
scale:5,scale,sparse_fast,100000,448748,1729,33333,mean_map,29799050.0,1755000.0
scale:5,scale,sparse_fast,100000,448748,1729,33333,mean_ring,29315450.0,1755000.0
scale:5,scale,sparse_fast,100000,448748,1729,33333,std_binary,52213200.0,0.0
scale:5,scale,sparse_fast,100000,448748,1729,66666,binary,53882450.0,0.0
scale:5,scale,sparse_fast,100000,448748,1729,66666,caliber,48556150.0,4184700.0
scale:5,scale,sparse_fast,100000,448748,1729,66666,degree4,63472300.0,10629300.0
scale:5,scale,sparse_fast,100000,448748,1729,66666,fourary,52888850.0,0.0
scale:5,scale,sparse_fast,100000,448748,1729,66666,max_maxdegree,29814600.0,3177000.0
scale:5,scale,sparse_fast,100000,448748,1729,66666,mean_degree,28454450.0,1755000.0
scale:5,scale,sparse_fast,100000,448748,1729,66666,mean_map,29710400.0,1755000.0
scale:5,scale,sparse_fast,100000,448748,1729,66666,mean_ring,29231850.0,1755000.0
scale:5,scale,sparse_fast,100000,448748,1729,66666,std_binary,54298650.0,0.0
scale:6,scale,sparse_fast,1000000,4498706,1729,333333,binary,811972900.0,0.0
scale:6,scale,sparse_fast,1000000,4498706,1729,333333,caliber,740063450.0,48938100.0
scale:6,scale,sparse_fast,1000000,4498706,1729,333333,degree4,938565150.0,136820300.0
scale:6,scale,sparse_fast,1000000,4498706,1729,333333,fourary,764675250.0,0.0
scale:6,scale,sparse_fast,1000000,4498706,1729,333333,max_maxdegree,426217750.0,32413600.0
scale:6,scale,sparse_fast,1000000,4498706,1729,333333,mean_degree,434295950.0,17603200.0
scale:6,scale,sparse_fast,1000000,4498706,1729,333333,mean_map,426888250.0,17603200.0
scale:6,scale,sparse_fast,1000000,4498706,1729,333333,mean_ring,422245200.0,17603200.0
scale:6,scale,sparse_fast,1000000,4498706,1729,333333,std_binary,787346750.0,0.0
scale:6,scale,sparse_fast,1000000,4498706,1729,666666,binary,834450600.0,0.0
scale:6,scale,sparse_fast,1000000,4498706,1729,666666,caliber,731440050.0,48938100.0
scale:6,scale,sparse_fast,1000000,4498706,1729,666666,degree4,962055950.0,136820300.0
scale:6,scale,sparse_fast,1000000,4498706,1729,666666,fourary,829467000.0,0.0
scale:6,scale,sparse_fast,1000000,4498706,1729,666666,max_maxdegree,439191150.0,32413600.0
scale:6,scale,sparse_fast,1000000,4498706,1729,666666,mean_degree,436345450.0,17603200.0
scale:6,scale,sparse_fast,1000000,4498706,1729,666666,mean_map,455914950.0,17603200.0
scale:6,scale,sparse_fast,1000000,4498706,1729,666666,mean_ring,451859200.0,17603200.0
scale:6,scale,sparse_fast,1000000,4498706,1729,666666,std_binary,786894500.0,0.0
scale:7,scale,sparse_fast,10000,44758,2026,3333,binary,2962000.0,0.0
scale:7,scale,sparse_fast,10000,44758,2026,3333,caliber,2672100.0,172100.0
scale:7,scale,sparse_fast,10000,44758,2026,3333,degree4,3458800.0,615700.0
scale:7,scale,sparse_fast,10000,44758,2026,3333,fourary,2942550.0,0.0
scale:7,scale,sparse_fast,10000,44758,2026,3333,max_maxdegree,1741900.0,240700.0
scale:7,scale,sparse_fast,10000,44758,2026,3333,mean_degree,2085500.0,149200.0
scale:7,scale,sparse_fast,10000,44758,2026,3333,mean_map,1582650.0,149200.0
scale:7,scale,sparse_fast,10000,44758,2026,3333,mean_ring,1473650.0,149200.0
scale:7,scale,sparse_fast,10000,44758,2026,3333,std_binary,2879650.0,0.0
scale:7,scale,sparse_fast,10000,44758,2026,6666,binary,3171850.0,0.0
scale:7,scale,sparse_fast,10000,44758,2026,6666,caliber,2426350.0,172100.0
scale:7,scale,sparse_fast,10000,44758,2026,6666,degree4,3368500.0,615700.0
scale:7,scale,sparse_fast,10000,44758,2026,6666,fourary,2888350.0,0.0
scale:7,scale,sparse_fast,10000,44758,2026,6666,max_maxdegree,1869150.0,240700.0
scale:7,scale,sparse_fast,10000,44758,2026,6666,mean_degree,1689100.0,149200.0
scale:7,scale,sparse_fast,10000,44758,2026,6666,mean_map,1578250.0,149200.0
scale:7,scale,sparse_fast,10000,44758,2026,6666,mean_ring,1596600.0,149200.0
scale:7,scale,sparse_fast,10000,44758,2026,6666,std_binary,2710700.0,0.0
scale:8,scale,sparse_fast,100000,449260,2026,33333,binary,47750300.0,0.0
scale:8,scale,sparse_fast,100000,449260,2026,33333,caliber,43008850.0,2368200.0
scale:8,scale,sparse_fast,100000,449260,2026,33333,degree4,54489650.0,8672000.0
scale:8,scale,sparse_fast,100000,449260,2026,33333,fourary,47895450.0,0.0
scale:8,scale,sparse_fast,100000,449260,2026,33333,max_maxdegree,23651700.0,3081700.0
scale:8,scale,sparse_fast,100000,449260,2026,33333,mean_degree,24127250.0,1845100.0
scale:8,scale,sparse_fast,100000,449260,2026,33333,mean_map,25204600.0,1845100.0
scale:8,scale,sparse_fast,100000,449260,2026,33333,mean_ring,25453750.0,1845100.0
scale:8,scale,sparse_fast,100000,449260,2026,33333,std_binary,46415950.0,0.0
scale:8,scale,sparse_fast,100000,449260,2026,66666,binary,44963850.0,0.0
scale:8,scale,sparse_fast,100000,449260,2026,66666,caliber,41039250.0,2368200.0
scale:8,scale,sparse_fast,100000,449260,2026,66666,degree4,55304300.0,8672000.0
scale:8,scale,sparse_fast,100000,449260,2026,66666,fourary,44340600.0,0.0
scale:8,scale,sparse_fast,100000,449260,2026,66666,max_maxdegree,22508650.0,3081700.0
scale:8,scale,sparse_fast,100000,449260,2026,66666,mean_degree,24333250.0,1845100.0
scale:8,scale,sparse_fast,100000,449260,2026,66666,mean_map,24637200.0,1845100.0
scale:8,scale,sparse_fast,100000,449260,2026,66666,mean_ring,24461050.0,1845100.0
scale:8,scale,sparse_fast,100000,449260,2026,66666,std_binary,43300550.0,0.0
scale:9,scale,sparse_fast,1000000,4498579,2026,333333,binary,839624400.0,0.0
scale:9,scale,sparse_fast,1000000,4498579,2026,333333,caliber,858797700.0,28666400.0
scale:9,scale,sparse_fast,1000000,4498579,2026,333333,degree4,1018905700.0,93644300.0
scale:9,scale,sparse_fast,1000000,4498579,2026,333333,fourary,851492950.0,0.0
scale:9,scale,sparse_fast,1000000,4498579,2026,333333,max_maxdegree,457336000.0,26363800.0
scale:9,scale,sparse_fast,1000000,4498579,2026,333333,mean_degree,515711450.0,14857200.0
scale:9,scale,sparse_fast,1000000,4498579,2026,333333,mean_map,443641800.0,14857200.0
scale:9,scale,sparse_fast,1000000,4498579,2026,333333,mean_ring,468930500.0,14857200.0
scale:9,scale,sparse_fast,1000000,4498579,2026,333333,std_binary,837678400.0,0.0
scale:9,scale,sparse_fast,1000000,4498579,2026,666666,binary,781024400.0,0.0
scale:9,scale,sparse_fast,1000000,4498579,2026,666666,caliber,781820000.0,28666400.0
scale:9,scale,sparse_fast,1000000,4498579,2026,666666,degree4,1035839700.0,93644300.0
scale:9,scale,sparse_fast,1000000,4498579,2026,666666,fourary,750786800.0,0.0
scale:9,scale,sparse_fast,1000000,4498579,2026,666666,max_maxdegree,451559500.0,26363800.0
scale:9,scale,sparse_fast,1000000,4498579,2026,666666,mean_degree,424712150.0,14857200.0
scale:9,scale,sparse_fast,1000000,4498579,2026,666666,mean_map,425298200.0,14857200.0
scale:9,scale,sparse_fast,1000000,4498579,2026,666666,mean_ring,424805350.0,14857200.0
scale:9,scale,sparse_fast,1000000,4498579,2026,666666,std_binary,769262950.0,0.0
